[06Aug2026 12:15:00.317] [main/INFO] [cpw.mods.modlauncher.Launcher/MODLAUNCHER]: ModLauncher running: args [--launchTarget, forgeclientdev, --version, 21.1.232, --assetIndex, 17, --assetsDir, /home/tillman/.mcreator/gradle/caches/neoformruntime/assets, --gameDir, ., --fml.fmlVersion, 4.0.42, --fml.mcVersion, 1.21.1, --fml.neoForgeVersion, 21.1.232, --fml.neoFormVersion, 20240808.144430]
[06Aug2026 12:15:00.319] [main/INFO] [cpw.mods.modlauncher.Launcher/MODLAUNCHER]: JVM identified as Eclipse Adoptium OpenJDK 64-Bit Server VM 21.0.12+8-LTS
[06Aug2026 12:15:00.320] [main/INFO] [cpw.mods.modlauncher.Launcher/MODLAUNCHER]: ModLauncher 11.0.5+main.901c6ea8 starting: java version 21.0.12 by Eclipse Adoptium; OS Linux arch amd64 version 7.0.0-29-generic
[06Aug2026 12:15:00.338] [main/DEBUG] [cpw.mods.modlauncher.LaunchServiceHandler/MODLAUNCHER]: Found launch services [minecraft,forgeclient,forgedatauserdev,testharness,forgeserverdev,forgeserveruserdev,forgejunitdev,forgeclientdev,forgeclientuserdev,forgeserver,forgejunituserdev,forgedatadev]
[06Aug2026 12:15:00.359] [main/DEBUG] [cpw.mods.modlauncher.LaunchPluginHandler/MODLAUNCHER]: Found launch plugins: [mixin,slf4jfixer,runtime_enum_extender,accesstransformer,runtimedistcleaner]
[06Aug2026 12:15:00.368] [main/DEBUG] [cpw.mods.modlauncher.TransformationServicesHandler/MODLAUNCHER]: Discovering transformation services
[06Aug2026 12:15:00.373] [main/DEBUG] [net.neoforged.fml.loading.FMLPaths/CORE]: Path GAMEDIR is /home/tillman/Desktop/programmieren/minecraft/MODS/playerTracker/run
[06Aug2026 12:15:00.373] [main/DEBUG] [net.neoforged.fml.loading.FMLPaths/CORE]: Path MODSDIR is /home/tillman/Desktop/programmieren/minecraft/MODS/playerTracker/run/mods
[06Aug2026 12:15:00.373] [main/DEBUG] [net.neoforged.fml.loading.FMLPaths/CORE]: Path CONFIGDIR is /home/tillman/Desktop/programmieren/minecraft/MODS/playerTracker/run/config
[06Aug2026 12:15:00.373] [main/DEBUG] [net.neoforged.fml.loading.FMLPaths/CORE]: Path FMLCONFIG is /home/tillman/Desktop/programmieren/minecraft/MODS/playerTracker/run/config/fml.toml
[06Aug2026 12:15:00.440] [main/DEBUG] [net.neoforged.fml.loading.targets.CommonLaunchHandler/CORE]: Got mod coordinates mcreator%%/home/tillman/Desktop/programmieren/minecraft/MODS/playerTracker/build/classes/java/main:mcreator%%/home/tillman/Desktop/programmieren/minecraft/MODS/playerTracker/build/resources/main from env
[06Aug2026 12:15:00.443] [main/DEBUG] [net.neoforged.fml.loading.targets.CommonLaunchHandler/CORE]: Found supplied mod coordinates [{mcreator=[/home/tillman/Desktop/programmieren/minecraft/MODS/playerTracker/build/classes/java/main, /home/tillman/Desktop/programmieren/minecraft/MODS/playerTracker/build/resources/main]}]
[06Aug2026 12:15:00.445] [main/DEBUG] [cpw.mods.modlauncher.TransformationServicesHandler/MODLAUNCHER]: Found additional transformation services from discovery services: 
[06Aug2026 12:15:00.452] [main/INFO] [net.neoforged.fml.loading.ImmediateWindowHandler/]: Loading ImmediateWindowProvider fmlearlywindow
[06Aug2026 12:15:00.525] [main/INFO] [EARLYDISPLAY/]: Trying GL version 4.6
[06Aug2026 12:15:00.712] [main/INFO] [EARLYDISPLAY/]: Requested GL version 4.6 got version 4.6
[06Aug2026 12:15:00.745] [main/DEBUG] [cpw.mods.modlauncher.TransformationServicesHandler/MODLAUNCHER]: Found transformer services : [mixin,fml]
[06Aug2026 12:15:00.746] [main/DEBUG] [cpw.mods.modlauncher.TransformationServicesHandler/MODLAUNCHER]: Transformation services loading
[06Aug2026 12:15:00.746] [main/DEBUG] [cpw.mods.modlauncher.TransformationServiceDecorator/MODLAUNCHER]: Loading service mixin
[06Aug2026 12:15:00.746] [main/DEBUG] [cpw.mods.modlauncher.TransformationServiceDecorator/MODLAUNCHER]: Loaded service mixin
[06Aug2026 12:15:00.746] [main/DEBUG] [cpw.mods.modlauncher.TransformationServiceDecorator/MODLAUNCHER]: Loading service fml
[06Aug2026 12:15:00.747] [main/DEBUG] [net.neoforged.fml.loading.FMLLoader/CORE]: FML 4.0.42 loading
[06Aug2026 12:15:00.747] [main/DEBUG] [net.neoforged.fml.loading.FMLLoader/CORE]: FML found ModLauncher version : 11.0.5+main.901c6ea8
[06Aug2026 12:15:00.748] [main/DEBUG] [net.neoforged.fml.loading.FMLLoader/CORE]: FML found AccessTransformer version : 10.0.1+139da711
[06Aug2026 12:15:00.748] [main/DEBUG] [net.neoforged.fml.loading.FMLLoader/CORE]: FML found EventBus version : null
[06Aug2026 12:15:00.748] [main/DEBUG] [net.neoforged.fml.loading.FMLLoader/CORE]: Found Runtime Dist Cleaner
[06Aug2026 12:15:00.749] [main/DEBUG] [cpw.mods.modlauncher.TransformationServiceDecorator/MODLAUNCHER]: Loaded service fml
[06Aug2026 12:15:00.750] [main/DEBUG] [cpw.mods.modlauncher.TransformationServicesHandler/MODLAUNCHER]: Configuring option handling for services
[06Aug2026 12:15:00.761] [main/DEBUG] [net.neoforged.fml.loading.FMLServiceProvider/CORE]: Received command line version data  : VersionInfo[neoForgeVersion=21.1.232, fmlVersion=4.0.42, mcVersion=1.21.1, neoFormVersion=20240808.144430]
[06Aug2026 12:15:00.761] [main/DEBUG] [cpw.mods.modlauncher.TransformationServicesHandler/MODLAUNCHER]: Transformation services initializing
[06Aug2026 12:15:00.761] [main/DEBUG] [cpw.mods.modlauncher.TransformationServiceDecorator/MODLAUNCHER]: Initializing transformation service mixin
[06Aug2026 12:15:00.770] [main/DEBUG] [mixin/]: MixinService [ModLauncher] was successfully booted in cpw.mods.cl.ModuleClassLoader@3b0090a4
[06Aug2026 12:15:00.779] [main/INFO] [mixin/]: SpongePowered MIXIN Subsystem Version=0.8.7 Source=union:/home/tillman/.mcreator/gradle/caches/modules-2/files-2.1/net.fabricmc/sponge-mixin/0.15.2+mixin.0.8.7/2af2f021d8e02a0220dc27a7a72b4666d66d44ca/sponge-mixin-0.15.2+mixin.0.8.7.jar%23126!/ Service=ModLauncher Env=CLIENT
[06Aug2026 12:15:00.781] [main/DEBUG] [mixin/]: Initialising Mixin Platform Manager
[06Aug2026 12:15:00.781] [main/DEBUG] [mixin/]: Adding mixin platform agents for container ModLauncher Root Container(ModLauncher:4f56a0a2)
[06Aug2026 12:15:00.782] [main/DEBUG] [mixin/]: Instancing new MixinPlatformAgentMinecraftForge for ModLauncher Root Container(ModLauncher:4f56a0a2)
[06Aug2026 12:15:00.782] [main/DEBUG] [mixin/]: MixinPlatformAgentMinecraftForge rejected container ModLauncher Root Container(ModLauncher:4f56a0a2)
[06Aug2026 12:15:00.782] [main/DEBUG] [mixin/]: Instancing new MixinPlatformAgentDefault for ModLauncher Root Container(ModLauncher:4f56a0a2)
[06Aug2026 12:15:00.783] [main/DEBUG] [mixin/]: MixinPlatformAgentDefault accepted container ModLauncher Root Container(ModLauncher:4f56a0a2)
[06Aug2026 12:15:00.784] [main/DEBUG] [cpw.mods.modlauncher.TransformationServiceDecorator/MODLAUNCHER]: Initialized transformation service mixin
[06Aug2026 12:15:00.784] [main/DEBUG] [cpw.mods.modlauncher.TransformationServiceDecorator/MODLAUNCHER]: Initializing transformation service fml
[06Aug2026 12:15:00.784] [main/DEBUG] [net.neoforged.fml.loading.FMLServiceProvider/CORE]: Setting up basic FML game directories
[06Aug2026 12:15:00.785] [main/DEBUG] [net.neoforged.fml.loading.FMLPaths/CORE]: Path GAMEDIR is /home/tillman/Desktop/programmieren/minecraft/MODS/playerTracker/run
[06Aug2026 12:15:00.785] [main/DEBUG] [net.neoforged.fml.loading.FMLPaths/CORE]: Path MODSDIR is /home/tillman/Desktop/programmieren/minecraft/MODS/playerTracker/run/mods
[06Aug2026 12:15:00.785] [main/DEBUG] [net.neoforged.fml.loading.FMLPaths/CORE]: Path CONFIGDIR is /home/tillman/Desktop/programmieren/minecraft/MODS/playerTracker/run/config
[06Aug2026 12:15:00.785] [main/DEBUG] [net.neoforged.fml.loading.FMLPaths/CORE]: Path FMLCONFIG is /home/tillman/Desktop/programmieren/minecraft/MODS/playerTracker/run/config/fml.toml
[06Aug2026 12:15:00.785] [main/DEBUG] [net.neoforged.fml.loading.FMLServiceProvider/CORE]: Loading configuration
[06Aug2026 12:15:00.788] [main/DEBUG] [net.neoforged.fml.loading.FMLServiceProvider/CORE]: Preparing launch handler
[06Aug2026 12:15:00.788] [main/DEBUG] [net.neoforged.fml.loading.FMLLoader/CORE]: Using forgeclientdev as launch service
[06Aug2026 12:15:00.789] [main/DEBUG] [cpw.mods.modlauncher.TransformationServiceDecorator/MODLAUNCHER]: Initialized transformation service fml
[06Aug2026 12:15:00.789] [main/DEBUG] [cpw.mods.modlauncher.TransformationServicesHandler/MODLAUNCHER]: Transformation services begin scanning
[06Aug2026 12:15:00.790] [main/DEBUG] [cpw.mods.modlauncher.TransformationServiceDecorator/MODLAUNCHER]: Beginning scan trigger - transformation service mixin
[06Aug2026 12:15:00.790] [main/DEBUG] [cpw.mods.modlauncher.TransformationServiceDecorator/MODLAUNCHER]: End scan trigger - transformation service mixin
[06Aug2026 12:15:00.790] [main/DEBUG] [cpw.mods.modlauncher.TransformationServiceDecorator/MODLAUNCHER]: Beginning scan trigger - transformation service fml
[06Aug2026 12:15:00.790] [main/DEBUG] [net.neoforged.fml.loading.FMLServiceProvider/CORE]: Initiating mod scan
[06Aug2026 12:15:00.790] [main/DEBUG] [net.neoforged.fml.loading.targets.CommonLaunchHandler/CORE]: Got mod coordinates mcreator%%/home/tillman/Desktop/programmieren/minecraft/MODS/playerTracker/build/classes/java/main:mcreator%%/home/tillman/Desktop/programmieren/minecraft/MODS/playerTracker/build/resources/main from env
[06Aug2026 12:15:00.791] [main/DEBUG] [net.neoforged.fml.loading.targets.CommonLaunchHandler/CORE]: Found supplied mod coordinates [{mcreator=[/home/tillman/Desktop/programmieren/minecraft/MODS/playerTracker/build/classes/java/main, /home/tillman/Desktop/programmieren/minecraft/MODS/playerTracker/build/resources/main]}]
[06Aug2026 12:15:00.792] [main/DEBUG] [net.neoforged.fml.loading.targets.CommonDevLaunchHandler/]: Launching with NeoForge from /home/tillman/Desktop/programmieren/minecraft/MODS/playerTracker/build/moddev/artifacts/neoforge-21.1.232.jar
[06Aug2026 12:15:00.802] [main/DEBUG] [net.neoforged.fml.util.ServiceLoaderUtil/CORE]: Found 4 implementations of IModFileCandidateLocator:
[06Aug2026 12:15:00.803] [main/DEBUG] [net.neoforged.fml.util.ServiceLoaderUtil/CORE]: 	       0 - [built-in] net.neoforged.fml.loading.moddiscovery.locators.NeoForgeDevProvider from loader-4.0.42.jar
[06Aug2026 12:15:00.803] [main/DEBUG] [net.neoforged.fml.util.ServiceLoaderUtil/CORE]: 	       0 - net.neoforged.fml.loading.moddiscovery.locators.ModsFolderLocator from loader-4.0.42.jar
[06Aug2026 12:15:00.804] [main/DEBUG] [net.neoforged.fml.util.ServiceLoaderUtil/CORE]: 	       0 - net.neoforged.fml.loading.moddiscovery.locators.MavenDirectoryLocator from loader-4.0.42.jar
[06Aug2026 12:15:00.804] [main/DEBUG] [net.neoforged.fml.util.ServiceLoaderUtil/CORE]: 	   -1000 - [built-in] net.neoforged.fml.loading.moddiscovery.locators.UserdevLocator from loader-4.0.42.jar
[06Aug2026 12:15:00.806] [main/DEBUG] [net.neoforged.fml.util.ServiceLoaderUtil/CORE]: Found 2 implementations of IModFileReader:
[06Aug2026 12:15:00.806] [main/DEBUG] [net.neoforged.fml.util.ServiceLoaderUtil/CORE]: 	       0 - net.neoforged.fml.loading.moddiscovery.readers.JarModsDotTomlModFileReader from loader-4.0.42.jar
[06Aug2026 12:15:00.806] [main/DEBUG] [net.neoforged.fml.util.ServiceLoaderUtil/CORE]: 	   -1000 - net.neoforged.fml.loading.moddiscovery.readers.NestedLibraryModReader from loader-4.0.42.jar
[06Aug2026 12:15:00.807] [main/DEBUG] [net.neoforged.fml.util.ServiceLoaderUtil/CORE]: Found 1 implementations of IDependencyLocator:
[06Aug2026 12:15:00.808] [main/DEBUG] [net.neoforged.fml.util.ServiceLoaderUtil/CORE]: 	       0 - net.neoforged.fml.loading.moddiscovery.locators.JarInJarDependencyLocator from loader-4.0.42.jar
[06Aug2026 12:15:00.883] [main/DEBUG] [net.neoforged.fml.loading.moddiscovery.ModFileInfo/LOADING]: Found valid mod file neoforge-21.1.232.jar with {minecraft} mods - versions {1.21.1}
[06Aug2026 12:15:00.892] [main/DEBUG] [net.neoforged.fml.loading.moddiscovery.ModFileParser/LOADING]: Considering mod file candidate /home/tillman/Desktop/programmieren/minecraft/MODS/playerTracker/build/moddev/artifacts/neoforge-21.1.232.jar
[06Aug2026 12:15:00.918] [main/DEBUG] [net.neoforged.fml.loading.moddiscovery.ModFileInfo/LOADING]: Found valid mod file neoforge-21.1.232.jar with {neoforge} mods - versions {21.1.232}
[06Aug2026 12:15:00.930] [pool-2-thread-1/INFO] [EARLYDISPLAY/]: GL info: NVIDIA GeForce RTX 3060/PCIe/SSE2 GL version 4.6.0 NVIDIA 595.84, NVIDIA Corporation
[06Aug2026 12:15:00.931] [main/DEBUG] [net.neoforged.fml.loading.moddiscovery.ModFileParser/LOADING]: Considering mod file candidate /home/tillman/Desktop/programmieren/minecraft/MODS/playerTracker/run/mods/create-1.21.1-6.0.10.jar
[06Aug2026 12:15:00.939] [main/DEBUG] [net.neoforged.fml.loading.moddiscovery.ModFileInfo/LOADING]: Found valid mod file create-1.21.1-6.0.10.jar with {create} mods - versions {6.0.10}
[06Aug2026 12:15:00.940] [main/DEBUG] [net.neoforged.fml.loading.moddiscovery.ModFileParser/LOADING]: Considering mod file candidate /home/tillman/Desktop/programmieren/minecraft/MODS/playerTracker/run/mods/create-aeronautics-bundled-1.21.1-1.3.0.jar
[06Aug2026 12:15:00.943] [main/DEBUG] [net.neoforged.fml.loading.moddiscovery.ModFileInfo/LOADING]: Found valid mod file create-aeronautics-bundled-1.21.1-1.3.0.jar with {aeronautics_bundled} mods - versions {1.3.0}
[06Aug2026 12:15:00.944] [main/DEBUG] [net.neoforged.fml.loading.moddiscovery.ModFileParser/LOADING]: Considering mod file candidate /home/tillman/Desktop/programmieren/minecraft/MODS/playerTracker/run/mods/linearbearing-1.2.6.jar
[06Aug2026 12:15:00.948] [main/DEBUG] [net.neoforged.fml.loading.moddiscovery.ModFileInfo/LOADING]: Found valid mod file linearbearing-1.2.6.jar with {linearbearing} mods - versions {1.2.6}
[06Aug2026 12:15:00.948] [main/DEBUG] [net.neoforged.fml.loading.moddiscovery.ModFileParser/LOADING]: Considering mod file candidate /home/tillman/Desktop/programmieren/minecraft/MODS/playerTracker/run/mods/playertrackingcompass-1.21.1-1.0.0.jar
[06Aug2026 12:15:00.950] [main/DEBUG] [net.neoforged.fml.loading.moddiscovery.ModFileInfo/LOADING]: Found valid mod file playertrackingcompass-1.21.1-1.0.0.jar with {playertrackingcompass} mods - versions {1.0.0}
[06Aug2026 12:15:00.951] [main/DEBUG] [net.neoforged.fml.loading.moddiscovery.ModFileParser/LOADING]: Considering mod file candidate /home/tillman/Desktop/programmieren/minecraft/MODS/playerTracker/run/mods/sable-neoforge-1.21.1-2.0.3.jar
[06Aug2026 12:15:00.954] [main/DEBUG] [net.neoforged.fml.loading.moddiscovery.ModFileInfo/LOADING]: Found valid mod file sable-neoforge-1.21.1-2.0.3.jar with {sable} mods - versions {2.0.3}
[06Aug2026 12:15:00.957] [main/DEBUG] [net.neoforged.fml.loading.moddiscovery.ModListHandler/CORE]: Found mod coordinates from lists: []
[06Aug2026 12:15:00.958] [main/DEBUG] [net.neoforged.fml.loading.moddiscovery.ModFileParser/LOADING]: Considering mod file candidate /home/tillman/Desktop/programmieren/minecraft/MODS/playerTracker/build/classes/java/main
[06Aug2026 12:15:00.959] [main/DEBUG] [net.neoforged.fml.loading.moddiscovery.ModFileInfo/LOADING]: Found valid mod file main with {playertracker} mods - versions {1.0.0}
[06Aug2026 12:15:00.970] [main/DEBUG] [net.neoforged.fml.loading.moddiscovery.ModFileParser/LOADING]: Considering mod file candidate /home/tillman/Desktop/programmieren/minecraft/MODS/playerTracker/build/moddev/artifacts/neoforge-21.1.232.jar
[06Aug2026 12:15:00.971] [main/DEBUG] [net.neoforged.fml.loading.moddiscovery.ModFileInfo/LOADING]: Found valid mod file neoforge-21.1.232.jar with {neoforge} mods - versions {21.1.232}
[06Aug2026 12:15:00.974] [main/DEBUG] [net.neoforged.fml.loading.moddiscovery.ModDiscoverer/]: Skipping /home/tillman/.mcreator/gradle/caches/modules-2/files-2.1/net.neoforged.fancymodloader/earlydisplay/4.0.42/46555dbfff14e9e052f1f693aed14d542a74e111/earlydisplay-4.0.42.jar because it was already located earlier
[06Aug2026 12:15:00.974] [main/DEBUG] [net.neoforged.fml.loading.moddiscovery.ModDiscoverer/]: Skipping /home/tillman/.mcreator/gradle/caches/modules-2/files-2.1/net.neoforged.fancymodloader/loader/4.0.42/76e15f98bf676fb44b36c5e776f52a55581ec43a/loader-4.0.42.jar because it was already located earlier
[06Aug2026 12:15:00.974] [main/DEBUG] [net.neoforged.fml.loading.moddiscovery.ModDiscoverer/]: Skipping /home/tillman/.mcreator/gradle/caches/modules-2/files-2.1/net.neoforged.accesstransformers/at-modlauncher/10.0.1/5aba50202aceead086bc09fbc2751c9f05cb4890/at-modlauncher-10.0.1.jar because it was already located earlier
[06Aug2026 12:15:00.975] [main/DEBUG] [net.neoforged.fml.loading.moddiscovery.ModDiscoverer/]: Skipping /home/tillman/.mcreator/gradle/caches/modules-2/files-2.1/net.neoforged/accesstransformers/10.0.1/fd83b5725f76eae9115e9355fa1c456a6a441400/accesstransformers-10.0.1.jar because it was already located earlier
[06Aug2026 12:15:00.975] [main/DEBUG] [net.neoforged.fml.loading.moddiscovery.ModDiscoverer/]: Skipping /home/tillman/.mcreator/gradle/caches/modules-2/files-2.1/net.neoforged/bus/8.0.5/5b2d33285ab5d1554e9798ad98c40d6ea3868bd5/bus-8.0.5.jar because it was already located earlier
[06Aug2026 12:15:00.975] [main/DEBUG] [net.neoforged.fml.loading.moddiscovery.ModDiscoverer/]: Skipping /home/tillman/.mcreator/gradle/caches/modules-2/files-2.1/net.neoforged/coremods/7.0.3/9147e6f638b4272b3bd5fc8f92ad37802512c6c/coremods-7.0.3.jar because it was already located earlier
[06Aug2026 12:15:00.975] [main/DEBUG] [net.neoforged.fml.loading.moddiscovery.ModDiscoverer/]: Skipping /home/tillman/.mcreator/gradle/caches/modules-2/files-2.1/cpw.mods/modlauncher/11.0.5/b8f0d49294f733fdb6173931b263553e943dc950/modlauncher-11.0.5.jar because it was already located earlier
[06Aug2026 12:15:00.975] [main/DEBUG] [net.neoforged.fml.loading.moddiscovery.ModDiscoverer/]: Skipping /home/tillman/.mcreator/gradle/caches/modules-2/files-2.1/net.neoforged/mergetool/2.0.0/52fe1949be64e3303aabaaa21e315f551db9c9f4/mergetool-2.0.0-api.jar because it was already located earlier
[06Aug2026 12:15:00.975] [main/DEBUG] [net.neoforged.fml.loading.moddiscovery.ModDiscoverer/]: Skipping /home/tillman/.mcreator/gradle/caches/modules-2/files-2.1/com.electronwill.night-config/toml/3.8.3/90b2fd6efcb4a7d5b9810cf78f9d824994d717f2/toml-3.8.3.jar because it was already located earlier
[06Aug2026 12:15:00.975] [main/DEBUG] [net.neoforged.fml.loading.moddiscovery.ModDiscoverer/]: Skipping /home/tillman/.mcreator/gradle/caches/modules-2/files-2.1/com.electronwill.night-config/core/3.8.3/b442a95f09e349927f5a945ecb594455870fcf4f/core-3.8.3.jar because it was already located earlier
[06Aug2026 12:15:00.975] [main/DEBUG] [net.neoforged.fml.loading.moddiscovery.ModDiscoverer/]: Skipping /home/tillman/.mcreator/gradle/caches/modules-2/files-2.1/net.neoforged/JarJarSelector/0.4.1/fb3cc7a58af22ad2880adb98af6d518128c47dae/JarJarSelector-0.4.1.jar because it was already located earlier
[06Aug2026 12:15:00.975] [main/DEBUG] [net.neoforged.fml.loading.moddiscovery.ModDiscoverer/]: Skipping /home/tillman/.mcreator/gradle/caches/modules-2/files-2.1/net.neoforged/JarJarMetadata/0.4.1/f8da03683dc81694556dc3e177c5e3bb77ae6fcb/JarJarMetadata-0.4.1.jar because it was already located earlier
[06Aug2026 12:15:00.976] [main/DEBUG] [net.neoforged.fml.loading.moddiscovery.ModDiscoverer/]: Skipping /home/tillman/.mcreator/gradle/caches/modules-2/files-2.1/org.apache.maven/maven-artifact/3.8.5/4433f50c07debefaed0553bd0068f4f48d449313/maven-artifact-3.8.5.jar because it was already located earlier
[06Aug2026 12:15:00.976] [main/DEBUG] [net.neoforged.fml.loading.moddiscovery.ModDiscoverer/]: Skipping /home/tillman/.mcreator/gradle/caches/modules-2/files-2.1/net.jodah/typetools/0.6.3/a01aaa6ddaea9ec07ec4f209487b7a46a526283a/typetools-0.6.3.jar because it was already located earlier
[06Aug2026 12:15:00.976] [main/DEBUG] [net.neoforged.fml.loading.moddiscovery.ModDiscoverer/]: Skipping /home/tillman/.mcreator/gradle/caches/modules-2/files-2.1/net.minecrell/terminalconsoleappender/1.3.0/b562e9bb61235c9520e26282cdee71f8f802d1fc/terminalconsoleappender-1.3.0.jar because it was already located earlier
[06Aug2026 12:15:00.976] [main/DEBUG] [net.neoforged.fml.loading.moddiscovery.ModDiscoverer/]: Skipping /home/tillman/.mcreator/gradle/caches/modules-2/files-2.1/net.fabricmc/sponge-mixin/0.15.2+mixin.0.8.7/2af2f021d8e02a0220dc27a7a72b4666d66d44ca/sponge-mixin-0.15.2+mixin.0.8.7.jar because it was already located earlier
[06Aug2026 12:15:00.976] [main/DEBUG] [net.neoforged.fml.loading.moddiscovery.ModDiscoverer/]: Skipping /home/tillman/.mcreator/gradle/caches/modules-2/files-2.1/org.openjdk.nashorn/nashorn-core/15.4/f67f5ffaa5f5130cf6fb9b133da00c7df3b532a5/nashorn-core-15.4.jar because it was already located earlier
[06Aug2026 12:15:00.976] [main/DEBUG] [net.neoforged.fml.loading.moddiscovery.ModDiscoverer/]: Skipping /home/tillman/.mcreator/gradle/caches/modules-2/files-2.1/org.apache.commons/commons-lang3/3.14.0/1ed471194b02f2c6cb734a0cd6f6f107c673afae/commons-lang3-3.14.0.jar because it was already located earlier
[06Aug2026 12:15:00.976] [main/DEBUG] [net.neoforged.fml.loading.moddiscovery.ModDiscoverer/]: Skipping /home/tillman/.mcreator/gradle/caches/modules-2/files-2.1/net.sf.jopt-simple/jopt-simple/5.0.4/4fdac2fbe92dfad86aa6e9301736f6b4342a3f5c/jopt-simple-5.0.4.jar because it was already located earlier
[06Aug2026 12:15:00.976] [main/DEBUG] [net.neoforged.fml.loading.moddiscovery.ModDiscoverer/]: Skipping /home/tillman/.mcreator/gradle/caches/modules-2/files-2.1/commons-io/commons-io/2.15.1/f11560da189ab563a5c8e351941415430e9304ea/commons-io-2.15.1.jar because it was already located earlier
[06Aug2026 12:15:00.976] [main/DEBUG] [net.neoforged.fml.loading.moddiscovery.ModDiscoverer/]: Skipping /home/tillman/.mcreator/gradle/caches/modules-2/files-2.1/com.mojang/logging/1.2.7/24cb95ffb0e3433fd6e844c04e68009e504ca1c0/logging-1.2.7.jar because it was already located earlier
[06Aug2026 12:15:00.977] [main/DEBUG] [net.neoforged.fml.loading.moddiscovery.ModDiscoverer/]: Skipping /home/tillman/.mcreator/gradle/caches/modules-2/files-2.1/org.apache.logging.log4j/log4j-slf4j2-impl/2.22.1/d7e6693c2606cb7e7335047d7bb96dec52db5665/log4j-slf4j2-impl-2.22.1.jar because it was already located earlier
[06Aug2026 12:15:00.977] [main/DEBUG] [net.neoforged.fml.loading.moddiscovery.ModDiscoverer/]: Skipping /home/tillman/.mcreator/gradle/caches/modules-2/files-2.1/org.apache.logging.log4j/log4j-core/2.22.1/7183a25510a02ad00cc6a95d3b3d2a7d3c5a8dc4/log4j-core-2.22.1.jar because it was already located earlier
[06Aug2026 12:15:00.977] [main/DEBUG] [net.neoforged.fml.loading.moddiscovery.ModDiscoverer/]: Skipping /home/tillman/.mcreator/gradle/caches/modules-2/files-2.1/org.apache.logging.log4j/log4j-api/2.22.1/bea6fede6328fabafd7e68363161a7ea6605abd1/log4j-api-2.22.1.jar because it was already located earlier
[06Aug2026 12:15:00.977] [main/DEBUG] [net.neoforged.fml.loading.moddiscovery.ModDiscoverer/]: Skipping /home/tillman/.mcreator/gradle/caches/modules-2/files-2.1/com.google.guava/guava/32.1.2-jre/5e64ec7e056456bef3a4bc4c6fdaef71e8ab6318/guava-32.1.2-jre.jar because it was already located earlier
[06Aug2026 12:15:00.977] [main/DEBUG] [net.neoforged.fml.loading.moddiscovery.ModDiscoverer/]: Skipping /home/tillman/.mcreator/gradle/caches/modules-2/files-2.1/com.google.code.gson/gson/2.10.1/b3add478d4382b78ea20b1671390a858002feb6c/gson-2.10.1.jar because it was already located earlier
[06Aug2026 12:15:00.977] [main/DEBUG] [net.neoforged.fml.loading.moddiscovery.ModDiscoverer/]: Skipping /home/tillman/.mcreator/gradle/caches/modules-2/files-2.1/org.slf4j/slf4j-api/2.0.9/7cf2726fdcfbc8610f9a71fb3ed639871f315340/slf4j-api-2.0.9.jar because it was already located earlier
[06Aug2026 12:15:00.978] [main/DEBUG] [net.neoforged.fml.loading.moddiscovery.ModDiscoverer/]: Skipping /home/tillman/.mcreator/gradle/caches/modules-2/files-2.1/org.antlr/antlr4-runtime/4.13.1/17125bae1d965624e265ef49552f6465a2bfa307/antlr4-runtime-4.13.1.jar because it was already located earlier
[06Aug2026 12:15:00.978] [main/DEBUG] [net.neoforged.fml.loading.moddiscovery.ModDiscoverer/]: Skipping /home/tillman/.mcreator/gradle/caches/modules-2/files-2.1/net.minecraftforge/srgutils/0.4.15/ca408b131759478f164e010fae0d73997e125fb5/srgutils-0.4.15.jar because it was already located earlier
[06Aug2026 12:15:00.978] [main/DEBUG] [net.neoforged.fml.loading.moddiscovery.ModDiscoverer/]: Skipping /home/tillman/.mcreator/gradle/caches/modules-2/files-2.1/org.codehaus.plexus/plexus-utils/3.3.0/cf43b5391de623b36fe066a21127baef82c64022/plexus-utils-3.3.0.jar because it was already located earlier
[06Aug2026 12:15:00.978] [main/DEBUG] [net.neoforged.fml.loading.moddiscovery.ModDiscoverer/]: Skipping /home/tillman/.mcreator/gradle/caches/modules-2/files-2.1/org.jline/jline-reader/3.20.0/8f15415b022a25b473e8e16c28ae913186ffb9c4/jline-reader-3.20.0.jar because it was already located earlier
[06Aug2026 12:15:00.978] [main/DEBUG] [net.neoforged.fml.loading.moddiscovery.ModDiscoverer/]: Skipping /home/tillman/.mcreator/gradle/caches/modules-2/files-2.1/com.machinezoo.noexception/noexception/1.7.1/b65330c98e38a1f915fa54a6e5eca496505e3f0a/noexception-1.7.1.jar because it was already located earlier
[06Aug2026 12:15:00.978] [main/DEBUG] [net.neoforged.fml.loading.moddiscovery.ModDiscoverer/]: Skipping /home/tillman/.mcreator/gradle/caches/modules-2/files-2.1/com.google.guava/failureaccess/1.0.1/1dcf1de382a0bf95a3d8b0849546c88bac1292c9/failureaccess-1.0.1.jar because it was already located earlier
[06Aug2026 12:15:00.979] [main/DEBUG] [net.neoforged.fml.loading.moddiscovery.ModDiscoverer/]: Skipping /home/tillman/.mcreator/gradle/caches/modules-2/files-2.1/com.google.guava/listenablefuture/9999.0-empty-to-avoid-conflict-with-guava/b421526c5f297295adef1c886e5246c39d4ac629/listenablefuture-9999.0-empty-to-avoid-conflict-with-guava.jar because it was already located earlier
[06Aug2026 12:15:00.979] [main/DEBUG] [net.neoforged.fml.loading.moddiscovery.ModDiscoverer/]: Skipping /home/tillman/.mcreator/gradle/caches/modules-2/files-2.1/com.google.code.findbugs/jsr305/3.0.2/25ea2e8b0c338a877313bd4672d3fe056ea78f0d/jsr305-3.0.2.jar because it was already located earlier
[06Aug2026 12:15:00.979] [main/DEBUG] [net.neoforged.fml.loading.moddiscovery.ModDiscoverer/]: Skipping /home/tillman/.mcreator/gradle/caches/modules-2/files-2.1/org.checkerframework/checker-qual/3.33.0/de2b60b62da487644fc11f734e73c8b0b431238f/checker-qual-3.33.0.jar because it was already located earlier
[06Aug2026 12:15:00.979] [main/DEBUG] [net.neoforged.fml.loading.moddiscovery.ModDiscoverer/]: Skipping /home/tillman/.mcreator/gradle/caches/modules-2/files-2.1/com.google.errorprone/error_prone_annotations/2.18.0/89b684257096f548fa39a7df9fdaa409d4d4df91/error_prone_annotations-2.18.0.jar because it was already located earlier
[06Aug2026 12:15:00.979] [main/DEBUG] [net.neoforged.fml.loading.moddiscovery.ModDiscoverer/]: Skipping /home/tillman/.mcreator/gradle/caches/modules-2/files-2.1/com.google.j2objc/j2objc-annotations/2.8/c85270e307e7b822f1086b93689124b89768e273/j2objc-annotations-2.8.jar because it was already located earlier
[06Aug2026 12:15:00.979] [main/DEBUG] [net.neoforged.fml.loading.moddiscovery.ModDiscoverer/]: Skipping /home/tillman/.mcreator/gradle/caches/modules-2/files-2.1/org.jline/jline-terminal/3.20.0/d0ddcc708ddf527a3454c941b7b9225cc83a15ff/jline-terminal-3.20.0.jar because it was already located earlier
[06Aug2026 12:15:00.979] [main/DEBUG] [net.neoforged.fml.loading.moddiscovery.ModDiscoverer/]: Skipping /home/tillman/.mcreator/gradle/caches/modules-2/files-2.1/com.github.oshi/oshi-core/6.4.10/b1d8ab82d11d92fd639b56d639f8f46f739dd5fa/oshi-core-6.4.10.jar because it was already located earlier
[06Aug2026 12:15:00.980] [main/DEBUG] [net.neoforged.fml.loading.moddiscovery.ModDiscoverer/]: Skipping /home/tillman/.mcreator/gradle/caches/modules-2/files-2.1/com.ibm.icu/icu4j/73.2/61ad4ef7f9131fcf6d25c34b817f90d6da06c9e9/icu4j-73.2.jar because it was already located earlier
[06Aug2026 12:15:00.980] [main/DEBUG] [net.neoforged.fml.loading.moddiscovery.ModDiscoverer/]: Skipping /home/tillman/.mcreator/gradle/caches/modules-2/files-2.1/com.mojang/authlib/6.0.54/de8bc95660e1b2fe8793fd427a7a10dcec5b3ea7/authlib-6.0.54.jar because it was already located earlier
[06Aug2026 12:15:00.980] [main/DEBUG] [net.neoforged.fml.loading.moddiscovery.ModDiscoverer/]: Skipping /home/tillman/.mcreator/gradle/caches/modules-2/files-2.1/com.mojang/blocklist/1.0.10/5c685c5ffa94c4cd39496c7184c1d122e515ecef/blocklist-1.0.10.jar because it was already located earlier
[06Aug2026 12:15:00.980] [main/DEBUG] [net.neoforged.fml.loading.moddiscovery.ModDiscoverer/]: Skipping /home/tillman/.mcreator/gradle/caches/modules-2/files-2.1/com.mojang/brigadier/1.3.10/d15b53a14cf20fdcaa98f731af5dda654452c010/brigadier-1.3.10.jar because it was already located earlier
[06Aug2026 12:15:00.980] [main/DEBUG] [net.neoforged.fml.loading.moddiscovery.ModDiscoverer/]: Skipping /home/tillman/.mcreator/gradle/caches/modules-2/files-2.1/com.mojang/datafixerupper/8.0.16/67d4de6d7f95d89bcf5862995fb854ebaec02a34/datafixerupper-8.0.16.jar because it was already located earlier
[06Aug2026 12:15:00.980] [main/DEBUG] [net.neoforged.fml.loading.moddiscovery.ModDiscoverer/]: Skipping /home/tillman/.mcreator/gradle/caches/modules-2/files-2.1/com.mojang/patchy/2.2.10/da05971b07cbb379d002cf7eaec6a2048211fefc/patchy-2.2.10.jar because it was already located earlier
[06Aug2026 12:15:00.980] [main/DEBUG] [net.neoforged.fml.loading.moddiscovery.ModDiscoverer/]: Skipping /home/tillman/.mcreator/gradle/caches/modules-2/files-2.1/com.mojang/text2speech/1.17.9/3cad216e3a7f0c19b4b394388bc9ffc446f13b14/text2speech-1.17.9.jar because it was already located earlier
[06Aug2026 12:15:00.980] [main/DEBUG] [net.neoforged.fml.loading.moddiscovery.ModDiscoverer/]: Skipping /home/tillman/.mcreator/gradle/caches/modules-2/files-2.1/commons-codec/commons-codec/1.16.0/4e3eb3d79888d76b54e28b350915b5dc3919c9de/commons-codec-1.16.0.jar because it was already located earlier
[06Aug2026 12:15:00.980] [main/DEBUG] [net.neoforged.fml.loading.moddiscovery.ModDiscoverer/]: Skipping /home/tillman/.mcreator/gradle/caches/modules-2/files-2.1/commons-logging/commons-logging/1.2/4bfc12adfe4842bf07b657f0369c4cb522955686/commons-logging-1.2.jar because it was already located earlier
[06Aug2026 12:15:00.981] [main/DEBUG] [net.neoforged.fml.loading.moddiscovery.ModDiscoverer/]: Skipping /home/tillman/.mcreator/gradle/caches/modules-2/files-2.1/io.netty/netty-buffer/4.1.97.Final/f8f3d8644afa5e6e1a40a3a6aeb9d9aa970ecb4f/netty-buffer-4.1.97.Final.jar because it was already located earlier
[06Aug2026 12:15:00.981] [main/DEBUG] [net.neoforged.fml.loading.moddiscovery.ModDiscoverer/]: Skipping /home/tillman/.mcreator/gradle/caches/modules-2/files-2.1/io.netty/netty-codec/4.1.97.Final/384ba4d75670befbedb45c4d3b497a93639c206d/netty-codec-4.1.97.Final.jar because it was already located earlier
[06Aug2026 12:15:00.981] [main/DEBUG] [net.neoforged.fml.loading.moddiscovery.ModDiscoverer/]: Skipping /home/tillman/.mcreator/gradle/caches/modules-2/files-2.1/io.netty/netty-common/4.1.97.Final/7cceacaf11df8dc63f23d0fb58e9d4640fc88404/netty-common-4.1.97.Final.jar because it was already located earlier
[06Aug2026 12:15:00.981] [main/DEBUG] [net.neoforged.fml.loading.moddiscovery.ModDiscoverer/]: Skipping /home/tillman/.mcreator/gradle/caches/modules-2/files-2.1/io.netty/netty-handler/4.1.97.Final/abb86c6906bf512bf2b797a41cd7d2e8d3cd7c36/netty-handler-4.1.97.Final.jar because it was already located earlier
[06Aug2026 12:15:00.981] [main/DEBUG] [net.neoforged.fml.loading.moddiscovery.ModDiscoverer/]: Skipping /home/tillman/.mcreator/gradle/caches/modules-2/files-2.1/io.netty/netty-resolver/4.1.97.Final/cec8348108dc76c47cf87c669d514be52c922144/netty-resolver-4.1.97.Final.jar because it was already located earlier
[06Aug2026 12:15:00.981] [main/DEBUG] [net.neoforged.fml.loading.moddiscovery.ModDiscoverer/]: Skipping /home/tillman/.mcreator/gradle/caches/modules-2/files-2.1/io.netty/netty-transport-classes-epoll/4.1.97.Final/795da37ded759e862457a82d9d92c4d39ce8ecee/netty-transport-classes-epoll-4.1.97.Final.jar because it was already located earlier
[06Aug2026 12:15:00.981] [main/DEBUG] [net.neoforged.fml.loading.moddiscovery.ModDiscoverer/]: Skipping /home/tillman/.mcreator/gradle/caches/modules-2/files-2.1/io.netty/netty-transport-native-unix-common/4.1.97.Final/d469d84265ab70095b01b40886cabdd433b6e664/netty-transport-native-unix-common-4.1.97.Final.jar because it was already located earlier
[06Aug2026 12:15:00.981] [main/DEBUG] [net.neoforged.fml.loading.moddiscovery.ModDiscoverer/]: Skipping /home/tillman/.mcreator/gradle/caches/modules-2/files-2.1/io.netty/netty-transport/4.1.97.Final/f37380d23c9bb079bc702910833b2fd532c9abd0/netty-transport-4.1.97.Final.jar because it was already located earlier
[06Aug2026 12:15:00.981] [main/DEBUG] [net.neoforged.fml.loading.moddiscovery.ModDiscoverer/]: Skipping /home/tillman/.mcreator/gradle/caches/modules-2/files-2.1/it.unimi.dsi/fastutil/8.5.12/c24946d46824bd528054bface3231d2ecb7e95e8/fastutil-8.5.12.jar because it was already located earlier
[06Aug2026 12:15:00.981] [main/DEBUG] [net.neoforged.fml.loading.moddiscovery.ModDiscoverer/]: Skipping /home/tillman/.mcreator/gradle/caches/modules-2/files-2.1/net.java.dev.jna/jna-platform/5.14.0/28934d48aed814f11e4c584da55c49fa7032b31b/jna-platform-5.14.0.jar because it was already located earlier
[06Aug2026 12:15:00.981] [main/DEBUG] [net.neoforged.fml.loading.moddiscovery.ModDiscoverer/]: Skipping /home/tillman/.mcreator/gradle/caches/modules-2/files-2.1/net.java.dev.jna/jna/5.14.0/67bf3eaea4f0718cb376a181a629e5f88fa1c9dd/jna-5.14.0.jar because it was already located earlier
[06Aug2026 12:15:00.981] [main/DEBUG] [net.neoforged.fml.loading.moddiscovery.ModDiscoverer/]: Skipping /home/tillman/.mcreator/gradle/caches/modules-2/files-2.1/org.apache.commons/commons-compress/1.26.0/659feffdd12280201c8aacb8f7be94f9a883c824/commons-compress-1.26.0.jar because it was already located earlier
[06Aug2026 12:15:00.982] [main/DEBUG] [net.neoforged.fml.loading.moddiscovery.ModDiscoverer/]: Skipping /home/tillman/.mcreator/gradle/caches/modules-2/files-2.1/org.apache.httpcomponents/httpclient/4.5.13/e5f6cae5ca7ecaac1ec2827a9e2d65ae2869cada/httpclient-4.5.13.jar because it was already located earlier
[06Aug2026 12:15:00.982] [main/DEBUG] [net.neoforged.fml.loading.moddiscovery.ModDiscoverer/]: Skipping /home/tillman/.mcreator/gradle/caches/modules-2/files-2.1/org.apache.httpcomponents/httpcore/4.4.16/51cf043c87253c9f58b539c9f7e44c8894223850/httpcore-4.4.16.jar because it was already located earlier
[06Aug2026 12:15:00.982] [main/DEBUG] [net.neoforged.fml.loading.moddiscovery.ModDiscoverer/]: Skipping /home/tillman/.mcreator/gradle/caches/modules-2/files-2.1/org.jcraft/jorbis/0.0.17/8872d22b293e8f5d7d56ff92be966e6dc28ebdc6/jorbis-0.0.17.jar because it was already located earlier
[06Aug2026 12:15:00.982] [main/DEBUG] [net.neoforged.fml.loading.moddiscovery.ModDiscoverer/]: Skipping /home/tillman/.mcreator/gradle/caches/modules-2/files-2.1/org.joml/joml/1.10.5/22566d58af70ad3d72308bab63b8339906deb649/joml-1.10.5.jar because it was already located earlier
[06Aug2026 12:15:00.982] [main/DEBUG] [net.neoforged.fml.loading.moddiscovery.ModDiscoverer/]: Skipping /home/tillman/.mcreator/gradle/caches/modules-2/files-2.1/org.lwjgl/lwjgl-freetype/3.3.3/a0db6c84a8becc8ca05f9dbfa985edc348a824c7/lwjgl-freetype-3.3.3.jar because it was already located earlier
[06Aug2026 12:15:00.982] [main/DEBUG] [net.neoforged.fml.loading.moddiscovery.ModDiscoverer/]: Skipping /home/tillman/.mcreator/gradle/caches/modules-2/files-2.1/org.lwjgl/lwjgl-freetype/3.3.3/149070a5480900347071b7074779531f25a6e3dc/lwjgl-freetype-3.3.3-natives-linux.jar because it was already located earlier
[06Aug2026 12:15:00.982] [main/DEBUG] [net.neoforged.fml.loading.moddiscovery.ModDiscoverer/]: Skipping /home/tillman/.mcreator/gradle/caches/modules-2/files-2.1/org.lwjgl/lwjgl-glfw/3.3.3/efa1eb78c5ccd840e9f329717109b5e892d72f8e/lwjgl-glfw-3.3.3.jar because it was already located earlier
[06Aug2026 12:15:00.982] [main/DEBUG] [net.neoforged.fml.loading.moddiscovery.ModDiscoverer/]: Skipping /home/tillman/.mcreator/gradle/caches/modules-2/files-2.1/org.lwjgl/lwjgl-glfw/3.3.3/a03684c5e4b1b1dbbe0d29dbbdc27b985b6840f2/lwjgl-glfw-3.3.3-natives-linux.jar because it was already located earlier
[06Aug2026 12:15:00.982] [main/DEBUG] [net.neoforged.fml.loading.moddiscovery.ModDiscoverer/]: Skipping /home/tillman/.mcreator/gradle/caches/modules-2/files-2.1/org.lwjgl/lwjgl-jemalloc/3.3.3/b543467b7ff3c6920539a88ee602d34098628be5/lwjgl-jemalloc-3.3.3.jar because it was already located earlier
[06Aug2026 12:15:00.982] [main/DEBUG] [net.neoforged.fml.loading.moddiscovery.ModDiscoverer/]: Skipping /home/tillman/.mcreator/gradle/caches/modules-2/files-2.1/org.lwjgl/lwjgl-jemalloc/3.3.3/4f86728bf449b1dd61251c4e0ac01df1389cb51e/lwjgl-jemalloc-3.3.3-natives-linux.jar because it was already located earlier
[06Aug2026 12:15:00.982] [main/DEBUG] [net.neoforged.fml.loading.moddiscovery.ModDiscoverer/]: Skipping /home/tillman/.mcreator/gradle/caches/modules-2/files-2.1/org.lwjgl/lwjgl-openal/3.3.3/daada81ceb5fc0c291fbfdd4433cb8d9423577f2/lwjgl-openal-3.3.3.jar because it was already located earlier
[06Aug2026 12:15:00.983] [main/DEBUG] [net.neoforged.fml.loading.moddiscovery.ModDiscoverer/]: Skipping /home/tillman/.mcreator/gradle/caches/modules-2/files-2.1/org.lwjgl/lwjgl-openal/3.3.3/3037360cc4595079bea240af250b6d1a527e0905/lwjgl-openal-3.3.3-natives-linux.jar because it was already located earlier
[06Aug2026 12:15:00.983] [main/DEBUG] [net.neoforged.fml.loading.moddiscovery.ModDiscoverer/]: Skipping /home/tillman/.mcreator/gradle/caches/modules-2/files-2.1/org.lwjgl/lwjgl-opengl/3.3.3/2f6b0147078396a58979125a4c947664e98293a/lwjgl-opengl-3.3.3.jar because it was already located earlier
[06Aug2026 12:15:00.983] [main/DEBUG] [net.neoforged.fml.loading.moddiscovery.ModDiscoverer/]: Skipping /home/tillman/.mcreator/gradle/caches/modules-2/files-2.1/org.lwjgl/lwjgl-opengl/3.3.3/62c70a4b00ca5391882b0f4b787c1588d24f1c86/lwjgl-opengl-3.3.3-natives-linux.jar because it was already located earlier
[06Aug2026 12:15:00.983] [main/DEBUG] [net.neoforged.fml.loading.moddiscovery.ModDiscoverer/]: Skipping /home/tillman/.mcreator/gradle/caches/modules-2/files-2.1/org.lwjgl/lwjgl-stb/3.3.3/25dd6161988d7e65f71d5065c99902402ee32746/lwjgl-stb-3.3.3.jar because it was already located earlier
[06Aug2026 12:15:00.983] [main/DEBUG] [net.neoforged.fml.loading.moddiscovery.ModDiscoverer/]: Skipping /home/tillman/.mcreator/gradle/caches/modules-2/files-2.1/org.lwjgl/lwjgl-stb/3.3.3/fd1271ccd9d85eff2fa31f3fd543e02ccfaf5041/lwjgl-stb-3.3.3-natives-linux.jar because it was already located earlier
[06Aug2026 12:15:00.983] [main/DEBUG] [net.neoforged.fml.loading.moddiscovery.ModDiscoverer/]: Skipping /home/tillman/.mcreator/gradle/caches/modules-2/files-2.1/org.lwjgl/lwjgl-tinyfd/3.3.3/82d755ca94b102e9ca77283b9e2dc46d1b15fbe5/lwjgl-tinyfd-3.3.3.jar because it was already located earlier
[06Aug2026 12:15:00.983] [main/DEBUG] [net.neoforged.fml.loading.moddiscovery.ModDiscoverer/]: Skipping /home/tillman/.mcreator/gradle/caches/modules-2/files-2.1/org.lwjgl/lwjgl-tinyfd/3.3.3/d8d58daa0c3e5fd906fee96f5fddbcbc07cc308b/lwjgl-tinyfd-3.3.3-natives-linux.jar because it was already located earlier
[06Aug2026 12:15:00.983] [main/DEBUG] [net.neoforged.fml.loading.moddiscovery.ModDiscoverer/]: Skipping /home/tillman/.mcreator/gradle/caches/modules-2/files-2.1/org.lwjgl/lwjgl/3.3.3/29589b5f87ed335a6c7e7ee6a5775f81f97ecb84/lwjgl-3.3.3.jar because it was already located earlier
[06Aug2026 12:15:00.983] [main/DEBUG] [net.neoforged.fml.loading.moddiscovery.ModDiscoverer/]: Skipping /home/tillman/.mcreator/gradle/caches/modules-2/files-2.1/org.lwjgl/lwjgl/3.3.3/1713758e3660ba66e1e954396fd18126038b33c0/lwjgl-3.3.3-natives-linux.jar because it was already located earlier
[06Aug2026 12:15:00.983] [main/DEBUG] [net.neoforged.fml.loading.moddiscovery.ModDiscoverer/]: Skipping /home/tillman/.mcreator/gradle/caches/modules-2/files-2.1/org.lz4/lz4-java/1.8.0/4b986a99445e49ea5fbf5d149c4b63f6ed6c6780/lz4-java-1.8.0.jar because it was already located earlier
[06Aug2026 12:15:00.983] [main/DEBUG] [net.neoforged.fml.loading.moddiscovery.ModDiscoverer/]: Skipping /home/tillman/.mcreator/gradle/caches/modules-2/files-2.1/io.netty/netty-transport-native-epoll/4.1.97.Final/5514744c588190ffda076b35a9b8c9f24946a960/netty-transport-native-epoll-4.1.97.Final-linux-aarch_64.jar because it was already located earlier
[06Aug2026 12:15:00.983] [main/DEBUG] [net.neoforged.fml.loading.moddiscovery.ModDiscoverer/]: Skipping /home/tillman/.mcreator/gradle/caches/modules-2/files-2.1/io.netty/netty-transport-native-epoll/4.1.97.Final/54188f271e388e7f313aea995e82f58ce2cdb809/netty-transport-native-epoll-4.1.97.Final-linux-x86_64.jar because it was already located earlier
[06Aug2026 12:15:00.985] [main/DEBUG] [net.neoforged.fml.loading.UniqueModListBuilder/]: Found 2 mods for first modid neoforge, selecting most recent based on version data
[06Aug2026 12:15:00.985] [main/DEBUG] [net.neoforged.fml.loading.UniqueModListBuilder/]: Selected file neoforge-21.1.232.jar for modid neoforge with version 21.1.232
[06Aug2026 12:15:01.037] [main/DEBUG] [net.neoforged.fml.loading.moddiscovery.ModFileParser/LOADING]: Considering mod file candidate 
[06Aug2026 12:15:01.039] [main/DEBUG] [net.neoforged.fml.loading.moddiscovery.ModFileInfo/LOADING]: Found valid mod file flywheel-neoforge-1.21.1-1.0.6.jar with {flywheel} mods - versions {1.0.6}
[06Aug2026 12:15:01.050] [main/DEBUG] [net.neoforged.fml.loading.moddiscovery.ModFileParser/LOADING]: Considering mod file candidate 
[06Aug2026 12:15:01.052] [main/DEBUG] [net.neoforged.fml.loading.moddiscovery.ModFileInfo/LOADING]: Found valid mod file ponder-neoforge-1.0.82+mc1.21.1.jar with {ponder} mods - versions {1.0.82+mc1.21.1}
[06Aug2026 12:15:01.064] [main/DEBUG] [net.neoforged.fml.loading.moddiscovery.ModFileParser/LOADING]: Considering mod file candidate 
[06Aug2026 12:15:01.065] [main/DEBUG] [net.neoforged.fml.loading.moddiscovery.ModFileInfo/LOADING]: Found valid mod file sable-companion-common-1.21.1-1.6.0.jar with {sablecompanion} mods - versions {1.6.0}
[06Aug2026 12:15:01.147] [main/DEBUG] [net.neoforged.fml.loading.moddiscovery.ModFileParser/LOADING]: Considering mod file candidate 
[06Aug2026 12:15:01.152] [main/DEBUG] [net.neoforged.fml.loading.moddiscovery.ModFileInfo/LOADING]: Found valid mod file veil-neoforge-1.21.1-4.1.4.jar with {veil} mods - versions {4.1.4}
[06Aug2026 12:15:01.246] [main/DEBUG] [net.neoforged.fml.loading.moddiscovery.ModFileParser/LOADING]: Considering mod file candidate 
[06Aug2026 12:15:01.247] [main/DEBUG] [net.neoforged.fml.loading.moddiscovery.ModFileInfo/LOADING]: Found valid mod file dev.eriksonn.aeronautics.aeronautics-neoforge-1.21.1-1.3.0.jar with {aeronautics} mods - versions {1.3.0}
[06Aug2026 12:15:01.264] [main/DEBUG] [net.neoforged.fml.loading.moddiscovery.ModFileParser/LOADING]: Considering mod file candidate 
[06Aug2026 12:15:01.266] [main/DEBUG] [net.neoforged.fml.loading.moddiscovery.ModFileInfo/LOADING]: Found valid mod file dev.ryanhcode.offroad.offroad-neoforge-1.21.1-1.3.0.jar with {offroad} mods - versions {1.3.0}
[06Aug2026 12:15:01.313] [main/DEBUG] [net.neoforged.fml.loading.moddiscovery.ModFileParser/LOADING]: Considering mod file candidate 
[06Aug2026 12:15:01.315] [main/DEBUG] [net.neoforged.fml.loading.moddiscovery.ModFileInfo/LOADING]: Found valid mod file dev.simulated_team.simulated.simulated-neoforge-1.21.1-1.3.0.jar with {simulated} mods - versions {1.3.0}
[06Aug2026 12:15:01.345] [main/DEBUG] [net.neoforged.fml.loading.moddiscovery.ModFileParser/LOADING]: Considering mod file candidate 
[06Aug2026 12:15:01.347] [main/DEBUG] [net.neoforged.fml.loading.moddiscovery.ModFileInfo/LOADING]: Found valid mod file flywheel-neoforge-1.21.1-1.0.6.jar with {flywheel} mods - versions {1.0.6}
[06Aug2026 12:15:01.350] [main/DEBUG] [net.neoforged.fml.loading.moddiscovery.ModFileParser/LOADING]: Considering mod file candidate 
[06Aug2026 12:15:01.352] [main/DEBUG] [net.neoforged.fml.loading.moddiscovery.ModFileInfo/LOADING]: Found valid mod file sable-companion-common-1.21.1-1.6.0.jar with {sablecompanion} mods - versions {1.6.0}
[06Aug2026 12:15:01.398] [main/DEBUG] [net.neoforged.fml.loading.moddiscovery.ModFileParser/LOADING]: Considering mod file candidate 
[06Aug2026 12:15:01.400] [main/DEBUG] [net.neoforged.fml.loading.moddiscovery.ModFileInfo/LOADING]: Found valid mod file dev.eriksonn.aeronautics.aeronautics-neoforge-1.21.1-1.3.0.jar with {aeronautics} mods - versions {1.3.0}
[06Aug2026 12:15:01.439] [main/DEBUG] [net.neoforged.fml.loading.moddiscovery.ModFileParser/LOADING]: Considering mod file candidate 
[06Aug2026 12:15:01.440] [main/DEBUG] [net.neoforged.fml.loading.moddiscovery.ModFileInfo/LOADING]: Found valid mod file dev.simulated_team.simulated.simulated-neoforge-1.21.1-1.3.0.jar with {simulated} mods - versions {1.3.0}
[06Aug2026 12:15:01.462] [main/DEBUG] [net.neoforged.fml.loading.moddiscovery.ModFileParser/LOADING]: Considering mod file candidate 
[06Aug2026 12:15:01.464] [main/DEBUG] [net.neoforged.fml.loading.moddiscovery.ModFileInfo/LOADING]: Found valid mod file veil-neoforge-1.21.1-4.1.4.jar with {veil} mods - versions {4.1.4}
[06Aug2026 12:15:01.470] [main/DEBUG] [net.neoforged.fml.loading.moddiscovery.ModFileParser/LOADING]: Considering mod file candidate 
[06Aug2026 12:15:01.471] [main/DEBUG] [net.neoforged.fml.loading.moddiscovery.ModFileInfo/LOADING]: Found valid mod file ponder-neoforge-1.0.82+mc1.21.1.jar with {ponder} mods - versions {1.0.82+mc1.21.1}
[06Aug2026 12:15:01.475] [main/DEBUG] [net.neoforged.fml.loading.moddiscovery.ModFileParser/LOADING]: Considering mod file candidate 
[06Aug2026 12:15:01.477] [main/DEBUG] [net.neoforged.fml.loading.moddiscovery.ModFileInfo/LOADING]: Found valid mod file dev.ryanhcode.offroad.offroad-neoforge-1.21.1-1.3.0.jar with {offroad} mods - versions {1.3.0}
[06Aug2026 12:15:01.478] [main/INFO] [net.neoforged.fml.loading.moddiscovery.locators.JarInJarDependencyLocator/]: Found 13 dependencies adding them to mods collection
[06Aug2026 12:15:01.479] [main/INFO] [net.neoforged.fml.loading.moddiscovery.ModDiscoverer/]: 
     Mod List:
		Name Version (Mod Id)

		Create 6.0.10 (create)
		Create Aeronautics 1.3.0 (aeronautics)
		Create Aeronautics 1.3.0 (aeronautics_bundled)
		Create Aeronautics Player Tracker 1.0.0 (playertrackingcompass)
		Create Offroad 1.3.0 (offroad)
		Create Simulated 1.3.0 (simulated)
		Flywheel 1.0.6 (flywheel)
		LinearBearing 1.2.6 (linearbearing)
		Minecraft 1.21.1 (minecraft)
		NeoForge 21.1.232 (neoforge)
		PlayerTrackerBlock 1.0.0 (playertracker)
		Ponder 1.0.82+mc1.21.1 (ponder)
		Sable 2.0.3 (sable)
		Sable Companion 1.6.0 (sablecompanion)
		Veil 4.1.4 (veil)
[06Aug2026 12:15:01.480] [main/DEBUG] [net.neoforged.fml.loading.moddiscovery.ModFileInfo/LOADING]: Found valid mod file neoforge-21.1.232.jar with {minecraft} mods - versions {1.21.1}
[06Aug2026 12:15:01.482] [main/DEBUG] [net.neoforged.fml.loading.moddiscovery.ModFile/LOADING]: Loading mod file /home/tillman/Desktop/programmieren/minecraft/MODS/playerTracker/build/moddev/artifacts/neoforge-21.1.232.jar with languages [LanguageSpec[languageName=minecraft, acceptedVersions=1]]
[06Aug2026 12:15:01.483] [main/DEBUG] [net.neoforged.fml.loading.moddiscovery.ModFileParser/LOADING]: Considering mod file candidate 
[06Aug2026 12:15:01.485] [main/DEBUG] [net.neoforged.fml.loading.moddiscovery.ModFileInfo/LOADING]: Found valid mod file veil-neoforge-1.21.1-4.1.4.jar with {veil} mods - versions {4.1.4}
[06Aug2026 12:15:01.485] [main/DEBUG] [net.neoforged.fml.loading.moddiscovery.ModFile/LOADING]: Loading mod file  with languages [LanguageSpec[languageName=javafml, acceptedVersions=[4,)]]
[06Aug2026 12:15:01.486] [main/DEBUG] [net.neoforged.fml.loading.moddiscovery.ModFile/LOADING]: Found mixin config MixinConfig[config=veil.command.mixins.json, requiredMods=[]]
[06Aug2026 12:15:01.486] [main/DEBUG] [net.neoforged.fml.loading.moddiscovery.ModFile/LOADING]: Found mixin config MixinConfig[config=veil.debug.mixins.json, requiredMods=[]]
[06Aug2026 12:15:01.486] [main/DEBUG] [net.neoforged.fml.loading.moddiscovery.ModFile/LOADING]: Found mixin config MixinConfig[config=veil.dynamicbuffer.mixins.json, requiredMods=[]]
[06Aug2026 12:15:01.486] [main/DEBUG] [net.neoforged.fml.loading.moddiscovery.ModFile/LOADING]: Found mixin config MixinConfig[config=veil.fix.mixins.json, requiredMods=[]]
[06Aug2026 12:15:01.486] [main/DEBUG] [net.neoforged.fml.loading.moddiscovery.ModFile/LOADING]: Found mixin config MixinConfig[config=veil.framebuffer.mixins.json, requiredMods=[]]
[06Aug2026 12:15:01.486] [main/DEBUG] [net.neoforged.fml.loading.moddiscovery.ModFile/LOADING]: Found mixin config MixinConfig[config=veil.necromancer.mixins.json, requiredMods=[]]
[06Aug2026 12:15:01.486] [main/DEBUG] [net.neoforged.fml.loading.moddiscovery.ModFile/LOADING]: Found mixin config MixinConfig[config=veil.network.mixins.json, requiredMods=[]]
[06Aug2026 12:15:01.486] [main/DEBUG] [net.neoforged.fml.loading.moddiscovery.ModFile/LOADING]: Found mixin config MixinConfig[config=veil.performance.mixins.json, requiredMods=[]]
[06Aug2026 12:15:01.486] [main/DEBUG] [net.neoforged.fml.loading.moddiscovery.ModFile/LOADING]: Found mixin config MixinConfig[config=veil.perspective.mixins.json, requiredMods=[]]
[06Aug2026 12:15:01.486] [main/DEBUG] [net.neoforged.fml.loading.moddiscovery.ModFile/LOADING]: Found mixin config MixinConfig[config=veil.pipeline.mixins.json, requiredMods=[]]
[06Aug2026 12:15:01.486] [main/DEBUG] [net.neoforged.fml.loading.moddiscovery.ModFile/LOADING]: Found mixin config MixinConfig[config=veil.quasar.mixins.json, requiredMods=[]]
[06Aug2026 12:15:01.486] [main/DEBUG] [net.neoforged.fml.loading.moddiscovery.ModFile/LOADING]: Found mixin config MixinConfig[config=veil.registry.mixins.json, requiredMods=[]]
[06Aug2026 12:15:01.486] [main/DEBUG] [net.neoforged.fml.loading.moddiscovery.ModFile/LOADING]: Found mixin config MixinConfig[config=veil.rendertype.mixins.json, requiredMods=[]]
[06Aug2026 12:15:01.486] [main/DEBUG] [net.neoforged.fml.loading.moddiscovery.ModFile/LOADING]: Found mixin config MixinConfig[config=veil.resource.mixins.json, requiredMods=[]]
[06Aug2026 12:15:01.486] [main/DEBUG] [net.neoforged.fml.loading.moddiscovery.ModFile/LOADING]: Found mixin config MixinConfig[config=veil.scheduler.mixins.json, requiredMods=[]]
[06Aug2026 12:15:01.487] [main/DEBUG] [net.neoforged.fml.loading.moddiscovery.ModFile/LOADING]: Found mixin config MixinConfig[config=veil.shader.mixins.json, requiredMods=[]]
[06Aug2026 12:15:01.487] [main/DEBUG] [net.neoforged.fml.loading.moddiscovery.ModFile/LOADING]: Found mixin config MixinConfig[config=veil.neoforge.mixins.json, requiredMods=[]]
[06Aug2026 12:15:01.487] [main/DEBUG] [net.neoforged.fml.loading.moddiscovery.ModFileParser/LOADING]: Considering mod file candidate 
[06Aug2026 12:15:01.489] [main/DEBUG] [net.neoforged.fml.loading.moddiscovery.ModFileInfo/LOADING]: Found valid mod file dev.simulated_team.simulated.simulated-neoforge-1.21.1-1.3.0.jar with {simulated} mods - versions {1.3.0}
[06Aug2026 12:15:01.489] [main/DEBUG] [net.neoforged.fml.loading.moddiscovery.ModFile/LOADING]: Loading mod file  with languages [LanguageSpec[languageName=javafml, acceptedVersions=[4,)]]
[06Aug2026 12:15:01.489] [main/DEBUG] [net.neoforged.fml.loading.moddiscovery.ModFile/LOADING]: Found mixin config MixinConfig[config=simulated.mixins.json, requiredMods=[]]
[06Aug2026 12:15:01.489] [main/DEBUG] [net.neoforged.fml.loading.moddiscovery.ModFile/LOADING]: Found mixin config MixinConfig[config=simulated-neoforge.mixins.json, requiredMods=[]]
[06Aug2026 12:15:01.489] [main/DEBUG] [net.neoforged.fml.loading.moddiscovery.ModFileParser/LOADING]: Considering mod file candidate 
[06Aug2026 12:15:01.490] [main/DEBUG] [net.neoforged.fml.loading.moddiscovery.ModFileInfo/LOADING]: Found valid mod file ponder-neoforge-1.0.82+mc1.21.1.jar with {ponder} mods - versions {1.0.82+mc1.21.1}
[06Aug2026 12:15:01.490] [main/DEBUG] [net.neoforged.fml.loading.moddiscovery.ModFile/LOADING]: Loading mod file  with languages [LanguageSpec[languageName=javafml, acceptedVersions=[0,)]]
[06Aug2026 12:15:01.490] [main/DEBUG] [net.neoforged.fml.loading.moddiscovery.ModFile/LOADING]: Found mixin config MixinConfig[config=ponder.mixins.json, requiredMods=[]]
[06Aug2026 12:15:01.490] [main/DEBUG] [net.neoforged.fml.loading.moddiscovery.ModFile/LOADING]: Found mixin config MixinConfig[config=ponder-common.mixins.json, requiredMods=[]]
[06Aug2026 12:15:01.490] [main/DEBUG] [net.neoforged.fml.loading.moddiscovery.ModFileParser/LOADING]: Considering mod file candidate /home/tillman/Desktop/programmieren/minecraft/MODS/playerTracker/run/mods/playertrackingcompass-1.21.1-1.0.0.jar
[06Aug2026 12:15:01.491] [main/DEBUG] [net.neoforged.fml.loading.moddiscovery.ModFileInfo/LOADING]: Found valid mod file playertrackingcompass-1.21.1-1.0.0.jar with {playertrackingcompass} mods - versions {1.0.0}
[06Aug2026 12:15:01.491] [main/DEBUG] [net.neoforged.fml.loading.moddiscovery.ModFile/LOADING]: Loading mod file /home/tillman/Desktop/programmieren/minecraft/MODS/playerTracker/run/mods/playertrackingcompass-1.21.1-1.0.0.jar with languages [LanguageSpec[languageName=javafml, acceptedVersions=[4,)]]
[06Aug2026 12:15:01.491] [main/DEBUG] [net.neoforged.fml.loading.moddiscovery.ModFileParser/LOADING]: Considering mod file candidate /home/tillman/Desktop/programmieren/minecraft/MODS/playerTracker/run/mods/sable-neoforge-1.21.1-2.0.3.jar
[06Aug2026 12:15:01.492] [main/DEBUG] [net.neoforged.fml.loading.moddiscovery.ModFileInfo/LOADING]: Found valid mod file sable-neoforge-1.21.1-2.0.3.jar with {sable} mods - versions {2.0.3}
[06Aug2026 12:15:01.492] [main/DEBUG] [net.neoforged.fml.loading.moddiscovery.ModFile/LOADING]: Loading mod file /home/tillman/Desktop/programmieren/minecraft/MODS/playerTracker/run/mods/sable-neoforge-1.21.1-2.0.3.jar with languages [LanguageSpec[languageName=javafml, acceptedVersions=[4,)]]
[06Aug2026 12:15:01.492] [main/DEBUG] [net.neoforged.fml.loading.moddiscovery.ModFile/LOADING]: Found mixin config MixinConfig[config=sable.mixins.json, requiredMods=[]]
[06Aug2026 12:15:01.492] [main/DEBUG] [net.neoforged.fml.loading.moddiscovery.ModFile/LOADING]: Found mixin config MixinConfig[config=sable-neoforge.mixins.json, requiredMods=[]]
[06Aug2026 12:15:01.492] [main/DEBUG] [net.neoforged.fml.loading.moddiscovery.ModFileParser/LOADING]: Considering mod file candidate 
[06Aug2026 12:15:01.493] [main/DEBUG] [net.neoforged.fml.loading.moddiscovery.ModFileInfo/LOADING]: Found valid mod file dev.eriksonn.aeronautics.aeronautics-neoforge-1.21.1-1.3.0.jar with {aeronautics} mods - versions {1.3.0}
[06Aug2026 12:15:01.493] [main/DEBUG] [net.neoforged.fml.loading.moddiscovery.ModFile/LOADING]: Loading mod file  with languages [LanguageSpec[languageName=javafml, acceptedVersions=[4,)]]
[06Aug2026 12:15:01.493] [main/DEBUG] [net.neoforged.fml.loading.moddiscovery.ModFile/LOADING]: Found mixin config MixinConfig[config=aeronautics.mixins.json, requiredMods=[]]
[06Aug2026 12:15:01.493] [main/DEBUG] [net.neoforged.fml.loading.moddiscovery.ModFile/LOADING]: Found mixin config MixinConfig[config=aeronautics.neoforge.mixins.json, requiredMods=[]]
[06Aug2026 12:15:01.493] [main/DEBUG] [net.neoforged.fml.loading.moddiscovery.ModFileParser/LOADING]: Considering mod file candidate /home/tillman/Desktop/programmieren/minecraft/MODS/playerTracker/run/mods/create-aeronautics-bundled-1.21.1-1.3.0.jar
[06Aug2026 12:15:01.494] [main/DEBUG] [net.neoforged.fml.loading.moddiscovery.ModFileInfo/LOADING]: Found valid mod file create-aeronautics-bundled-1.21.1-1.3.0.jar with {aeronautics_bundled} mods - versions {1.3.0}
[06Aug2026 12:15:01.494] [main/DEBUG] [net.neoforged.fml.loading.moddiscovery.ModFile/LOADING]: Loading mod file /home/tillman/Desktop/programmieren/minecraft/MODS/playerTracker/run/mods/create-aeronautics-bundled-1.21.1-1.3.0.jar with languages [LanguageSpec[languageName=lowcodefml, acceptedVersions=[4,)]]
[06Aug2026 12:15:01.494] [main/DEBUG] [net.neoforged.fml.loading.moddiscovery.ModFileParser/LOADING]: Considering mod file candidate /home/tillman/Desktop/programmieren/minecraft/MODS/playerTracker/run/mods/linearbearing-1.2.6.jar
[06Aug2026 12:15:01.495] [main/DEBUG] [net.neoforged.fml.loading.moddiscovery.ModFileInfo/LOADING]: Found valid mod file linearbearing-1.2.6.jar with {linearbearing} mods - versions {1.2.6}
[06Aug2026 12:15:01.495] [main/DEBUG] [net.neoforged.fml.loading.moddiscovery.ModFile/LOADING]: Loading mod file /home/tillman/Desktop/programmieren/minecraft/MODS/playerTracker/run/mods/linearbearing-1.2.6.jar with languages [LanguageSpec[languageName=javafml, acceptedVersions=[1,)]]
[06Aug2026 12:15:01.496] [main/DEBUG] [net.neoforged.fml.loading.moddiscovery.ModFileParser/LOADING]: Considering mod file candidate 
[06Aug2026 12:15:01.497] [main/DEBUG] [net.neoforged.fml.loading.moddiscovery.ModFileInfo/LOADING]: Found valid mod file flywheel-neoforge-1.21.1-1.0.6.jar with {flywheel} mods - versions {1.0.6}
[06Aug2026 12:15:01.497] [main/DEBUG] [net.neoforged.fml.loading.moddiscovery.ModFile/LOADING]: Loading mod file  with languages [LanguageSpec[languageName=javafml, acceptedVersions=[0,)]]
[06Aug2026 12:15:01.497] [main/DEBUG] [net.neoforged.fml.loading.moddiscovery.ModFile/LOADING]: Found mixin config MixinConfig[config=flywheel.backend.mixins.json, requiredMods=[]]
[06Aug2026 12:15:01.497] [main/DEBUG] [net.neoforged.fml.loading.moddiscovery.ModFile/LOADING]: Found mixin config MixinConfig[config=flywheel.impl.mixins.json, requiredMods=[]]
[06Aug2026 12:15:01.497] [main/DEBUG] [net.neoforged.fml.loading.moddiscovery.ModFile/LOADING]: Found mixin config MixinConfig[config=flywheel.impl.neoforge.mixins.json, requiredMods=[]]
[06Aug2026 12:15:01.497] [main/DEBUG] [net.neoforged.fml.loading.moddiscovery.ModFileParser/LOADING]: Considering mod file candidate 
[06Aug2026 12:15:01.498] [main/DEBUG] [net.neoforged.fml.loading.moddiscovery.ModFileInfo/LOADING]: Found valid mod file sable-companion-common-1.21.1-1.6.0.jar with {sablecompanion} mods - versions {1.6.0}
[06Aug2026 12:15:01.499] [main/DEBUG] [net.neoforged.fml.loading.moddiscovery.ModFile/LOADING]: Loading mod file  with languages [LanguageSpec[languageName=javafml, acceptedVersions=[4,)]]
[06Aug2026 12:15:01.499] [main/DEBUG] [net.neoforged.fml.loading.moddiscovery.ModFileParser/LOADING]: Considering mod file candidate /home/tillman/Desktop/programmieren/minecraft/MODS/playerTracker/run/mods/create-1.21.1-6.0.10.jar
[06Aug2026 12:15:01.500] [main/DEBUG] [net.neoforged.fml.loading.moddiscovery.ModFileInfo/LOADING]: Found valid mod file create-1.21.1-6.0.10.jar with {create} mods - versions {6.0.10}
[06Aug2026 12:15:01.500] [main/DEBUG] [net.neoforged.fml.loading.moddiscovery.ModFile/LOADING]: Loading mod file /home/tillman/Desktop/programmieren/minecraft/MODS/playerTracker/run/mods/create-1.21.1-6.0.10.jar with languages [LanguageSpec[languageName=javafml, acceptedVersions=[0,)]]
[06Aug2026 12:15:01.500] [main/DEBUG] [net.neoforged.fml.loading.moddiscovery.ModFile/LOADING]: Found mixin config MixinConfig[config=create.mixins.json, requiredMods=[]]
[06Aug2026 12:15:01.500] [main/DEBUG] [net.neoforged.fml.loading.moddiscovery.ModFileParser/LOADING]: Considering mod file candidate 
[06Aug2026 12:15:01.501] [main/DEBUG] [net.neoforged.fml.loading.moddiscovery.ModFileInfo/LOADING]: Found valid mod file dev.ryanhcode.offroad.offroad-neoforge-1.21.1-1.3.0.jar with {offroad} mods - versions {1.3.0}
[06Aug2026 12:15:01.501] [main/DEBUG] [net.neoforged.fml.loading.moddiscovery.ModFile/LOADING]: Loading mod file  with languages [LanguageSpec[languageName=javafml, acceptedVersions=[4,)]]
[06Aug2026 12:15:01.501] [main/DEBUG] [net.neoforged.fml.loading.moddiscovery.ModFile/LOADING]: Found mixin config MixinConfig[config=offroad.mixins.json, requiredMods=[]]
[06Aug2026 12:15:01.501] [main/DEBUG] [net.neoforged.fml.loading.moddiscovery.ModFile/LOADING]: Found mixin config MixinConfig[config=offroad.neoforge.mixins.json, requiredMods=[]]
[06Aug2026 12:15:01.501] [main/DEBUG] [net.neoforged.fml.loading.moddiscovery.ModFileParser/LOADING]: Considering mod file candidate /home/tillman/Desktop/programmieren/minecraft/MODS/playerTracker/build/moddev/artifacts/neoforge-21.1.232.jar
[06Aug2026 12:15:01.502] [main/DEBUG] [net.neoforged.fml.loading.moddiscovery.ModFileInfo/LOADING]: Found valid mod file neoforge-21.1.232.jar with {neoforge} mods - versions {21.1.232}
[06Aug2026 12:15:01.502] [main/DEBUG] [net.neoforged.fml.loading.moddiscovery.ModFile/LOADING]: Loading mod file /home/tillman/Desktop/programmieren/minecraft/MODS/playerTracker/build/moddev/artifacts/neoforge-21.1.232.jar with languages [LanguageSpec[languageName=javafml, acceptedVersions=[3,]]]
[06Aug2026 12:15:01.502] [main/DEBUG] [net.neoforged.fml.loading.moddiscovery.ModFile/LOADING]: Found mixin config MixinConfig[config=neoforge.mixins.json, requiredMods=[]]
[06Aug2026 12:15:01.502] [main/DEBUG] [net.neoforged.fml.loading.moddiscovery.ModFileParser/LOADING]: Considering mod file candidate /home/tillman/Desktop/programmieren/minecraft/MODS/playerTracker/build/classes/java/main
[06Aug2026 12:15:01.503] [main/DEBUG] [net.neoforged.fml.loading.moddiscovery.ModFileInfo/LOADING]: Found valid mod file main with {playertracker} mods - versions {1.0.0}
[06Aug2026 12:15:01.503] [main/DEBUG] [net.neoforged.fml.loading.moddiscovery.ModFile/LOADING]: Loading mod file /home/tillman/Desktop/programmieren/minecraft/MODS/playerTracker/build/classes/java/main with languages [LanguageSpec[languageName=javafml, acceptedVersions=[4,)]]
[06Aug2026 12:15:01.503] [main/DEBUG] [net.neoforged.fml.loading.moddiscovery.ModFile/LOADING]: Loading mod file  with languages []
[06Aug2026 12:15:01.503] [main/DEBUG] [net.neoforged.fml.loading.moddiscovery.ModFile/LOADING]: Loading mod file  with languages []
[06Aug2026 12:15:01.503] [main/DEBUG] [net.neoforged.fml.loading.moddiscovery.ModFile/LOADING]: Loading mod file  with languages []
[06Aug2026 12:15:01.504] [main/DEBUG] [cpw.mods.modlauncher.TransformationServiceDecorator/MODLAUNCHER]: End scan trigger - transformation service fml
[06Aug2026 12:15:01.515] [main/DEBUG] [net.neoforged.fml.util.ServiceLoaderUtil/CORE]: Found 3 implementations of IModLanguageLoader:
[06Aug2026 12:15:01.515] [main/DEBUG] [net.neoforged.fml.util.ServiceLoaderUtil/CORE]: 	net.neoforged.fml.javafmlmod.FMLJavaModLanguageProvider from loader-4.0.42.jar
[06Aug2026 12:15:01.515] [main/DEBUG] [net.neoforged.fml.util.ServiceLoaderUtil/CORE]: 	net.neoforged.fml.lowcodemod.LowCodeModLanguageProvider from loader-4.0.42.jar
[06Aug2026 12:15:01.515] [main/DEBUG] [net.neoforged.fml.util.ServiceLoaderUtil/CORE]: 	net.neoforged.fml.mclanguageprovider.MinecraftModLanguageProvider from loader-4.0.42.jar
[06Aug2026 12:15:01.515] [main/DEBUG] [net.neoforged.fml.loading.LanguageProviderLoader/CORE]: Found language provider javafml, version 4.0.42
[06Aug2026 12:15:01.516] [main/DEBUG] [net.neoforged.fml.loading.LanguageProviderLoader/CORE]: Found language provider lowcodefml, version 4.0.42
[06Aug2026 12:15:01.516] [main/DEBUG] [net.neoforged.fml.loading.LanguageProviderLoader/CORE]: Found language provider minecraft, version 4.0.42
[06Aug2026 12:15:01.519] [main/DEBUG] [net.neoforged.fml.loading.ModSorter/]: Configured system mods: [minecraft, neoforge]
[06Aug2026 12:15:01.519] [main/DEBUG] [net.neoforged.fml.loading.ModSorter/]: Found system mod: minecraft
[06Aug2026 12:15:01.519] [main/DEBUG] [net.neoforged.fml.loading.ModSorter/]: Found system mod: neoforge
[06Aug2026 12:15:01.520] [main/DEBUG] [net.neoforged.fml.loading.ModSorter/LOADING]: Found 61 mod requirements (44 mandatory, 17 optional)
[06Aug2026 12:15:01.521] [main/DEBUG] [net.neoforged.fml.loading.ModSorter/LOADING]: Found 0 mod requirements missing (0 mandatory, 0 optional)
[06Aug2026 12:15:01.632] [main/DEBUG] [mixin/]: Adding mixin platform agents for container net.neoforged.fml.loading.mixin.FMLMixinContainerHandle@71cb3139
[06Aug2026 12:15:01.632] [main/DEBUG] [mixin/]: Instancing new MixinPlatformAgentMinecraftForge for net.neoforged.fml.loading.mixin.FMLMixinContainerHandle@71cb3139
[06Aug2026 12:15:01.632] [main/DEBUG] [mixin/]: MixinPlatformAgentMinecraftForge rejected container net.neoforged.fml.loading.mixin.FMLMixinContainerHandle@71cb3139
[06Aug2026 12:15:01.632] [main/DEBUG] [mixin/]: Instancing new MixinPlatformAgentDefault for net.neoforged.fml.loading.mixin.FMLMixinContainerHandle@71cb3139
[06Aug2026 12:15:01.632] [main/DEBUG] [mixin/]: MixinPlatformAgentDefault accepted container net.neoforged.fml.loading.mixin.FMLMixinContainerHandle@71cb3139
[06Aug2026 12:15:01.632] [main/DEBUG] [mixin/]: Instancing new FMLMixinPlatformAgent for net.neoforged.fml.loading.mixin.FMLMixinContainerHandle@71cb3139
[06Aug2026 12:15:01.632] [main/DEBUG] [mixin/]: FMLMixinPlatformAgent accepted container net.neoforged.fml.loading.mixin.FMLMixinContainerHandle@71cb3139
[06Aug2026 12:15:01.651] [main/DEBUG] [cpw.mods.modlauncher.TransformationServicesHandler/MODLAUNCHER]: Transformation services loading transformers
[06Aug2026 12:15:01.653] [main/DEBUG] [cpw.mods.modlauncher.TransformationServiceDecorator/MODLAUNCHER]: Initializing transformers for transformation service mixin
[06Aug2026 12:15:01.653] [main/DEBUG] [cpw.mods.modlauncher.TransformationServiceDecorator/MODLAUNCHER]: Initialized transformers for transformation service mixin
[06Aug2026 12:15:01.653] [main/DEBUG] [cpw.mods.modlauncher.TransformationServiceDecorator/MODLAUNCHER]: Initializing transformers for transformation service fml
[06Aug2026 12:15:01.654] [main/DEBUG] [net.neoforged.fml.loading.FMLServiceProvider/LOADING]: Loading coremod transformers
[06Aug2026 12:15:01.656] [main/DEBUG] [net.neoforged.fml.loading.FMLServiceProvider/CORE]: Not loading coremod script-engine since no mod requested it
[06Aug2026 12:15:01.658] [main/DEBUG] [net.neoforged.fml.util.ServiceLoaderUtil/CORE]: Found 1 implementations of ICoreMod:
[06Aug2026 12:15:01.663] [main/DEBUG] [net.neoforged.fml.util.ServiceLoaderUtil/CORE]: 	net.neoforged.neoforge.coremods.NeoForgeCoreMod from neoforge-21.1.232.jar > net.neoforged.neoforge-coremods-21.1.232.jar
[06Aug2026 12:15:01.668] [main/DEBUG] [net.neoforged.fml.loading.FMLServiceProvider/CORE]: Adding [Target[className=net.minecraft.world.level.biome.Biome, elementName=, elementDescriptor=, targetType=cpw.mods.modlauncher.api.TargetType@29df4d43]] transformer from core-mod net.neoforged.neoforge.coremods.NeoForgeCoreMod@5c20aab9 in neoforge-21.1.232.jar > net.neoforged.neoforge-coremods-21.1.232.jar
[06Aug2026 12:15:01.669] [main/DEBUG] [net.neoforged.fml.loading.FMLServiceProvider/CORE]: Adding [Target[className=net.minecraft.world.level.levelgen.structure.Structure, elementName=, elementDescriptor=, targetType=cpw.mods.modlauncher.api.TargetType@29df4d43]] transformer from core-mod net.neoforged.neoforge.coremods.NeoForgeCoreMod@5c20aab9 in neoforge-21.1.232.jar > net.neoforged.neoforge-coremods-21.1.232.jar
[06Aug2026 12:15:01.669] [main/DEBUG] [net.neoforged.fml.loading.FMLServiceProvider/CORE]: Adding [Target[className=net.minecraft.world.level.block.FlowerPotBlock, elementName=, elementDescriptor=, targetType=cpw.mods.modlauncher.api.TargetType@29df4d43]] transformer from core-mod net.neoforged.neoforge.coremods.NeoForgeCoreMod@5c20aab9 in neoforge-21.1.232.jar > net.neoforged.neoforge-coremods-21.1.232.jar
[06Aug2026 12:15:01.669] [main/DEBUG] [net.neoforged.fml.loading.FMLServiceProvider/CORE]: Adding [Target[className=net/minecraft/world/entity/monster/ZombieVillager, elementName=, elementDescriptor=, targetType=cpw.mods.modlauncher.api.TargetType@29df4d43], Target[className=net/minecraft/world/level/levelgen/PatrolSpawner, elementName=, elementDescriptor=, targetType=cpw.mods.modlauncher.api.TargetType@29df4d43], Target[className=net/minecraft/server/commands/RaidCommand, elementName=, elementDescriptor=, targetType=cpw.mods.modlauncher.api.TargetType@29df4d43], Target[className=net/minecraft/world/entity/animal/frog/Tadpole, elementName=, elementDescriptor=, targetType=cpw.mods.modlauncher.api.TargetType@29df4d43], Target[className=net/minecraft/world/level/NaturalSpawner, elementName=, elementDescriptor=, targetType=cpw.mods.modlauncher.api.TargetType@29df4d43], Target[className=net/minecraft/world/level/levelgen/structure/structures/OceanMonumentPieces$OceanMonumentPiece, elementName=, elementDescriptor=, targetType=cpw.mods.modlauncher.api.TargetType@29df4d43], Target[className=net/minecraft/world/entity/monster/Zombie, elementName=, elementDescriptor=, targetType=cpw.mods.modlauncher.api.TargetType@29df4d43], Target[className=net/minecraft/world/level/levelgen/structure/structures/OceanRuinPieces$OceanRuinPiece, elementName=, elementDescriptor=, targetType=cpw.mods.modlauncher.api.TargetType@29df4d43], Target[className=net/minecraft/world/entity/monster/Spider, elementName=, elementDescriptor=, targetType=cpw.mods.modlauncher.api.TargetType@29df4d43], Target[className=net/minecraft/world/entity/npc/CatSpawner, elementName=, elementDescriptor=, targetType=cpw.mods.modlauncher.api.TargetType@29df4d43], Target[className=net/minecraft/server/commands/SummonCommand, elementName=, elementDescriptor=, targetType=cpw.mods.modlauncher.api.TargetType@29df4d43], Target[className=net/minecraft/world/entity/raid/Raid, elementName=, elementDescriptor=, targetType=cpw.mods.modlauncher.api.TargetType@29df4d43], Target[className=net/minecraft/world/level/levelgen/PhantomSpawner, elementName=, elementDescriptor=, targetType=cpw.mods.modlauncher.api.TargetType@29df4d43], Target[className=net/minecraft/world/level/levelgen/structure/structures/WoodlandMansionPieces$WoodlandMansionPiece, elementName=, elementDescriptor=, targetType=cpw.mods.modlauncher.api.TargetType@29df4d43], Target[className=net/minecraft/world/entity/npc/Villager, elementName=, elementDescriptor=, targetType=cpw.mods.modlauncher.api.TargetType@29df4d43], Target[className=net/minecraft/world/level/levelgen/structure/structures/SwampHutPiece, elementName=, elementDescriptor=, targetType=cpw.mods.modlauncher.api.TargetType@29df4d43], Target[className=net/minecraft/world/entity/animal/horse/SkeletonTrapGoal, elementName=, elementDescriptor=, targetType=cpw.mods.modlauncher.api.TargetType@29df4d43], Target[className=net/minecraft/world/entity/EntityType, elementName=, elementDescriptor=, targetType=cpw.mods.modlauncher.api.TargetType@29df4d43], Target[className=net/minecraft/world/entity/monster/Strider, elementName=, elementDescriptor=, targetType=cpw.mods.modlauncher.api.TargetType@29df4d43], Target[className=net/minecraft/world/level/levelgen/structure/templatesystem/StructureTemplate, elementName=, elementDescriptor=, targetType=cpw.mods.modlauncher.api.TargetType@29df4d43], Target[className=net/minecraft/world/entity/ai/village/VillageSiege, elementName=, elementDescriptor=, targetType=cpw.mods.modlauncher.api.TargetType@29df4d43], Target[className=net/minecraft/world/entity/monster/Evoker$EvokerSummonSpellGoal, elementName=, elementDescriptor=, targetType=cpw.mods.modlauncher.api.TargetType@29df4d43]] transformer from core-mod net.neoforged.neoforge.coremods.NeoForgeCoreMod@5c20aab9 in neoforge-21.1.232.jar > net.neoforged.neoforge-coremods-21.1.232.jar
[06Aug2026 12:15:01.677] [main/DEBUG] [cpw.mods.modlauncher.TransformStore/MODLAUNCHER]: Adding transformer net.neoforged.neoforge.coremods.ReplaceFieldWithGetterAccess@713064e8 to Target : cpw.mods.modlauncher.api.TargetType@29df4d43 {Lnet/minecraft/world/level/biome/Biome;} {} {V}
[06Aug2026 12:15:01.678] [main/DEBUG] [cpw.mods.modlauncher.TransformStore/MODLAUNCHER]: Adding transformer net.neoforged.neoforge.coremods.ReplaceFieldWithGetterAccess@39c1fe0b to Target : cpw.mods.modlauncher.api.TargetType@29df4d43 {Lnet/minecraft/world/level/levelgen/structure/Structure;} {} {V}
[06Aug2026 12:15:01.679] [main/DEBUG] [cpw.mods.modlauncher.TransformStore/MODLAUNCHER]: Adding transformer net.neoforged.neoforge.coremods.ReplaceFieldWithGetterAccess@5ae95707 to Target : cpw.mods.modlauncher.api.TargetType@29df4d43 {Lnet/minecraft/world/level/block/FlowerPotBlock;} {} {V}
[06Aug2026 12:15:01.679] [main/DEBUG] [cpw.mods.modlauncher.TransformStore/MODLAUNCHER]: Adding transformer net.neoforged.neoforge.coremods.MethodRedirector@62891fc8 to Target : cpw.mods.modlauncher.api.TargetType@29df4d43 {Lnet/minecraft/world/entity/monster/ZombieVillager;} {} {V}
[06Aug2026 12:15:01.679] [main/DEBUG] [cpw.mods.modlauncher.TransformStore/MODLAUNCHER]: Adding transformer net.neoforged.neoforge.coremods.MethodRedirector@62891fc8 to Target : cpw.mods.modlauncher.api.TargetType@29df4d43 {Lnet/minecraft/world/level/levelgen/PatrolSpawner;} {} {V}
[06Aug2026 12:15:01.679] [main/DEBUG] [cpw.mods.modlauncher.TransformStore/MODLAUNCHER]: Adding transformer net.neoforged.neoforge.coremods.MethodRedirector@62891fc8 to Target : cpw.mods.modlauncher.api.TargetType@29df4d43 {Lnet/minecraft/server/commands/RaidCommand;} {} {V}
[06Aug2026 12:15:01.680] [main/DEBUG] [cpw.mods.modlauncher.TransformStore/MODLAUNCHER]: Adding transformer net.neoforged.neoforge.coremods.MethodRedirector@62891fc8 to Target : cpw.mods.modlauncher.api.TargetType@29df4d43 {Lnet/minecraft/world/entity/animal/frog/Tadpole;} {} {V}
[06Aug2026 12:15:01.680] [main/DEBUG] [cpw.mods.modlauncher.TransformStore/MODLAUNCHER]: Adding transformer net.neoforged.neoforge.coremods.MethodRedirector@62891fc8 to Target : cpw.mods.modlauncher.api.TargetType@29df4d43 {Lnet/minecraft/world/level/NaturalSpawner;} {} {V}
[06Aug2026 12:15:01.680] [main/DEBUG] [cpw.mods.modlauncher.TransformStore/MODLAUNCHER]: Adding transformer net.neoforged.neoforge.coremods.MethodRedirector@62891fc8 to Target : cpw.mods.modlauncher.api.TargetType@29df4d43 {Lnet/minecraft/world/level/levelgen/structure/structures/OceanMonumentPieces$OceanMonumentPiece;} {} {V}
[06Aug2026 12:15:01.680] [main/DEBUG] [cpw.mods.modlauncher.TransformStore/MODLAUNCHER]: Adding transformer net.neoforged.neoforge.coremods.MethodRedirector@62891fc8 to Target : cpw.mods.modlauncher.api.TargetType@29df4d43 {Lnet/minecraft/world/entity/monster/Zombie;} {} {V}
[06Aug2026 12:15:01.680] [main/DEBUG] [cpw.mods.modlauncher.TransformStore/MODLAUNCHER]: Adding transformer net.neoforged.neoforge.coremods.MethodRedirector@62891fc8 to Target : cpw.mods.modlauncher.api.TargetType@29df4d43 {Lnet/minecraft/world/level/levelgen/structure/structures/OceanRuinPieces$OceanRuinPiece;} {} {V}
[06Aug2026 12:15:01.680] [main/DEBUG] [cpw.mods.modlauncher.TransformStore/MODLAUNCHER]: Adding transformer net.neoforged.neoforge.coremods.MethodRedirector@62891fc8 to Target : cpw.mods.modlauncher.api.TargetType@29df4d43 {Lnet/minecraft/world/entity/monster/Spider;} {} {V}
[06Aug2026 12:15:01.681] [main/DEBUG] [cpw.mods.modlauncher.TransformStore/MODLAUNCHER]: Adding transformer net.neoforged.neoforge.coremods.MethodRedirector@62891fc8 to Target : cpw.mods.modlauncher.api.TargetType@29df4d43 {Lnet/minecraft/world/entity/npc/CatSpawner;} {} {V}
[06Aug2026 12:15:01.681] [main/DEBUG] [cpw.mods.modlauncher.TransformStore/MODLAUNCHER]: Adding transformer net.neoforged.neoforge.coremods.MethodRedirector@62891fc8 to Target : cpw.mods.modlauncher.api.TargetType@29df4d43 {Lnet/minecraft/server/commands/SummonCommand;} {} {V}
[06Aug2026 12:15:01.681] [main/DEBUG] [cpw.mods.modlauncher.TransformStore/MODLAUNCHER]: Adding transformer net.neoforged.neoforge.coremods.MethodRedirector@62891fc8 to Target : cpw.mods.modlauncher.api.TargetType@29df4d43 {Lnet/minecraft/world/entity/raid/Raid;} {} {V}
[06Aug2026 12:15:01.681] [main/DEBUG] [cpw.mods.modlauncher.TransformStore/MODLAUNCHER]: Adding transformer net.neoforged.neoforge.coremods.MethodRedirector@62891fc8 to Target : cpw.mods.modlauncher.api.TargetType@29df4d43 {Lnet/minecraft/world/level/levelgen/PhantomSpawner;} {} {V}
[06Aug2026 12:15:01.681] [main/DEBUG] [cpw.mods.modlauncher.TransformStore/MODLAUNCHER]: Adding transformer net.neoforged.neoforge.coremods.MethodRedirector@62891fc8 to Target : cpw.mods.modlauncher.api.TargetType@29df4d43 {Lnet/minecraft/world/level/levelgen/structure/structures/WoodlandMansionPieces$WoodlandMansionPiece;} {} {V}
[06Aug2026 12:15:01.681] [main/DEBUG] [cpw.mods.modlauncher.TransformStore/MODLAUNCHER]: Adding transformer net.neoforged.neoforge.coremods.MethodRedirector@62891fc8 to Target : cpw.mods.modlauncher.api.TargetType@29df4d43 {Lnet/minecraft/world/entity/npc/Villager;} {} {V}
[06Aug2026 12:15:01.681] [main/DEBUG] [cpw.mods.modlauncher.TransformStore/MODLAUNCHER]: Adding transformer net.neoforged.neoforge.coremods.MethodRedirector@62891fc8 to Target : cpw.mods.modlauncher.api.TargetType@29df4d43 {Lnet/minecraft/world/level/levelgen/structure/structures/SwampHutPiece;} {} {V}
[06Aug2026 12:15:01.681] [main/DEBUG] [cpw.mods.modlauncher.TransformStore/MODLAUNCHER]: Adding transformer net.neoforged.neoforge.coremods.MethodRedirector@62891fc8 to Target : cpw.mods.modlauncher.api.TargetType@29df4d43 {Lnet/minecraft/world/entity/animal/horse/SkeletonTrapGoal;} {} {V}
[06Aug2026 12:15:01.681] [main/DEBUG] [cpw.mods.modlauncher.TransformStore/MODLAUNCHER]: Adding transformer net.neoforged.neoforge.coremods.MethodRedirector@62891fc8 to Target : cpw.mods.modlauncher.api.TargetType@29df4d43 {Lnet/minecraft/world/entity/EntityType;} {} {V}
[06Aug2026 12:15:01.681] [main/DEBUG] [cpw.mods.modlauncher.TransformStore/MODLAUNCHER]: Adding transformer net.neoforged.neoforge.coremods.MethodRedirector@62891fc8 to Target : cpw.mods.modlauncher.api.TargetType@29df4d43 {Lnet/minecraft/world/entity/monster/Strider;} {} {V}
[06Aug2026 12:15:01.681] [main/DEBUG] [cpw.mods.modlauncher.TransformStore/MODLAUNCHER]: Adding transformer net.neoforged.neoforge.coremods.MethodRedirector@62891fc8 to Target : cpw.mods.modlauncher.api.TargetType@29df4d43 {Lnet/minecraft/world/level/levelgen/structure/templatesystem/StructureTemplate;} {} {V}
[06Aug2026 12:15:01.681] [main/DEBUG] [cpw.mods.modlauncher.TransformStore/MODLAUNCHER]: Adding transformer net.neoforged.neoforge.coremods.MethodRedirector@62891fc8 to Target : cpw.mods.modlauncher.api.TargetType@29df4d43 {Lnet/minecraft/world/entity/ai/village/VillageSiege;} {} {V}
[06Aug2026 12:15:01.681] [main/DEBUG] [cpw.mods.modlauncher.TransformStore/MODLAUNCHER]: Adding transformer net.neoforged.neoforge.coremods.MethodRedirector@62891fc8 to Target : cpw.mods.modlauncher.api.TargetType@29df4d43 {Lnet/minecraft/world/entity/monster/Evoker$EvokerSummonSpellGoal;} {} {V}
[06Aug2026 12:15:01.682] [main/DEBUG] [cpw.mods.modlauncher.TransformationServiceDecorator/MODLAUNCHER]: Initialized transformers for transformation service fml
[06Aug2026 12:15:01.995] [main/DEBUG] [mixin/]: Processing prepare() for PlatformAgent[MixinPlatformAgentDefault:ModLauncher Root Container(ModLauncher:4f56a0a2)]
[06Aug2026 12:15:01.995] [main/DEBUG] [mixin/]: Processing prepare() for PlatformAgent[MixinPlatformAgentDefault:net.neoforged.fml.loading.mixin.FMLMixinContainerHandle@71cb3139]
[06Aug2026 12:15:01.996] [main/DEBUG] [mixin/]: Processing prepare() for PlatformAgent[FMLMixinPlatformAgent:null]
[06Aug2026 12:15:02.037] [main/DEBUG] [mixin/]: Compatibility level JAVA_21 specified by veil.command.mixins.json is higher than the maximum level supported by this version of mixin (JAVA_13).
[06Aug2026 12:15:02.041] [main/INFO] [mixin/]: Compatibility level set to JAVA_21
[06Aug2026 12:15:02.055] [main/DEBUG] [mixin/]: Compatibility level JAVA_18 specified by aeronautics.mixins.json is higher than the maximum level supported by this version of mixin (JAVA_13).
[06Aug2026 12:15:02.057] [main/DEBUG] [mixin/]: Compatibility level JAVA_17 specified by flywheel.impl.neoforge.mixins.json is higher than the maximum level supported by this version of mixin (JAVA_13).
[06Aug2026 12:15:02.059] [main/DEBUG] [mixin/]: Compatibility level JAVA_17 specified by ponder.mixins.json is higher than the maximum level supported by this version of mixin (JAVA_13).
[06Aug2026 12:15:02.060] [main/DEBUG] [mixin/]: Compatibility level JAVA_17 specified by ponder-common.mixins.json is higher than the maximum level supported by this version of mixin (JAVA_13).
[06Aug2026 12:15:02.064] [main/DEBUG] [mixin/]: Compatibility level JAVA_18 specified by offroad.mixins.json is higher than the maximum level supported by this version of mixin (JAVA_13).
[06Aug2026 12:15:02.066] [main/DEBUG] [mixin/]: Processing launch tasks for PlatformAgent[MixinPlatformAgentDefault:ModLauncher Root Container(ModLauncher:4f56a0a2)]
[06Aug2026 12:15:02.066] [main/DEBUG] [mixin/]: Adding mixin platform agents for container SecureJarResource(mixin_synthetic)
[06Aug2026 12:15:02.066] [main/DEBUG] [mixin/]: Instancing new MixinPlatformAgentMinecraftForge for SecureJarResource(mixin_synthetic)
[06Aug2026 12:15:02.066] [main/DEBUG] [mixin/]: MixinPlatformAgentMinecraftForge rejected container SecureJarResource(mixin_synthetic)
[06Aug2026 12:15:02.066] [main/DEBUG] [mixin/]: Instancing new MixinPlatformAgentDefault for SecureJarResource(mixin_synthetic)
[06Aug2026 12:15:02.066] [main/DEBUG] [mixin/]: MixinPlatformAgentDefault accepted container SecureJarResource(mixin_synthetic)
[06Aug2026 12:15:02.067] [main/DEBUG] [mixin/]: Instancing new FMLMixinPlatformAgent for SecureJarResource(mixin_synthetic)
[06Aug2026 12:15:02.067] [main/DEBUG] [mixin/]: FMLMixinPlatformAgent rejected container SecureJarResource(mixin_synthetic)
[06Aug2026 12:15:02.067] [main/DEBUG] [mixin/]: Processing prepare() for PlatformAgent[MixinPlatformAgentDefault:SecureJarResource(mixin_synthetic)]
[06Aug2026 12:15:02.067] [main/DEBUG] [mixin/]: Adding mixin platform agents for container SecureJarResource(minecraft)
[06Aug2026 12:15:02.067] [main/DEBUG] [mixin/]: Instancing new MixinPlatformAgentMinecraftForge for SecureJarResource(minecraft)
[06Aug2026 12:15:02.067] [main/DEBUG] [mixin/]: MixinPlatformAgentMinecraftForge rejected container SecureJarResource(minecraft)
[06Aug2026 12:15:02.067] [main/DEBUG] [mixin/]: Instancing new MixinPlatformAgentDefault for SecureJarResource(minecraft)
[06Aug2026 12:15:02.067] [main/DEBUG] [mixin/]: MixinPlatformAgentDefault accepted container SecureJarResource(minecraft)
[06Aug2026 12:15:02.067] [main/DEBUG] [mixin/]: Instancing new FMLMixinPlatformAgent for SecureJarResource(minecraft)
[06Aug2026 12:15:02.067] [main/DEBUG] [mixin/]: FMLMixinPlatformAgent rejected container SecureJarResource(minecraft)
[06Aug2026 12:15:02.067] [main/DEBUG] [mixin/]: Processing prepare() for PlatformAgent[MixinPlatformAgentDefault:SecureJarResource(minecraft)]
[06Aug2026 12:15:02.067] [main/DEBUG] [mixin/]: Adding mixin platform agents for container SecureJarResource(veil)
[06Aug2026 12:15:02.068] [main/DEBUG] [mixin/]: Instancing new MixinPlatformAgentMinecraftForge for SecureJarResource(veil)
[06Aug2026 12:15:02.068] [main/DEBUG] [mixin/]: MixinPlatformAgentMinecraftForge rejected container SecureJarResource(veil)
[06Aug2026 12:15:02.068] [main/DEBUG] [mixin/]: Instancing new MixinPlatformAgentDefault for SecureJarResource(veil)
[06Aug2026 12:15:02.068] [main/DEBUG] [mixin/]: MixinPlatformAgentDefault accepted container SecureJarResource(veil)
[06Aug2026 12:15:02.068] [main/DEBUG] [mixin/]: Instancing new FMLMixinPlatformAgent for SecureJarResource(veil)
[06Aug2026 12:15:02.068] [main/DEBUG] [mixin/]: FMLMixinPlatformAgent rejected container SecureJarResource(veil)
[06Aug2026 12:15:02.069] [main/DEBUG] [mixin/]: Processing prepare() for PlatformAgent[MixinPlatformAgentDefault:SecureJarResource(veil)]
[06Aug2026 12:15:02.069] [main/DEBUG] [mixin/]: Adding mixin platform agents for container SecureJarResource(simulated)
[06Aug2026 12:15:02.069] [main/DEBUG] [mixin/]: Instancing new MixinPlatformAgentMinecraftForge for SecureJarResource(simulated)
[06Aug2026 12:15:02.069] [main/DEBUG] [mixin/]: MixinPlatformAgentMinecraftForge rejected container SecureJarResource(simulated)
[06Aug2026 12:15:02.069] [main/DEBUG] [mixin/]: Instancing new MixinPlatformAgentDefault for SecureJarResource(simulated)
[06Aug2026 12:15:02.069] [main/DEBUG] [mixin/]: MixinPlatformAgentDefault accepted container SecureJarResource(simulated)
[06Aug2026 12:15:02.069] [main/DEBUG] [mixin/]: Instancing new FMLMixinPlatformAgent for SecureJarResource(simulated)
[06Aug2026 12:15:02.069] [main/DEBUG] [mixin/]: FMLMixinPlatformAgent rejected container SecureJarResource(simulated)
[06Aug2026 12:15:02.069] [main/DEBUG] [mixin/]: Processing prepare() for PlatformAgent[MixinPlatformAgentDefault:SecureJarResource(simulated)]
[06Aug2026 12:15:02.070] [main/DEBUG] [mixin/]: Adding mixin platform agents for container SecureJarResource(playertrackingcompass)
[06Aug2026 12:15:02.070] [main/DEBUG] [mixin/]: Instancing new MixinPlatformAgentMinecraftForge for SecureJarResource(playertrackingcompass)
[06Aug2026 12:15:02.070] [main/DEBUG] [mixin/]: MixinPlatformAgentMinecraftForge rejected container SecureJarResource(playertrackingcompass)
[06Aug2026 12:15:02.070] [main/DEBUG] [mixin/]: Instancing new MixinPlatformAgentDefault for SecureJarResource(playertrackingcompass)
[06Aug2026 12:15:02.070] [main/DEBUG] [mixin/]: MixinPlatformAgentDefault accepted container SecureJarResource(playertrackingcompass)
[06Aug2026 12:15:02.071] [main/DEBUG] [mixin/]: Instancing new FMLMixinPlatformAgent for SecureJarResource(playertrackingcompass)
[06Aug2026 12:15:02.071] [main/DEBUG] [mixin/]: FMLMixinPlatformAgent rejected container SecureJarResource(playertrackingcompass)
[06Aug2026 12:15:02.071] [main/DEBUG] [mixin/]: Processing prepare() for PlatformAgent[MixinPlatformAgentDefault:SecureJarResource(playertrackingcompass)]
[06Aug2026 12:15:02.071] [main/DEBUG] [mixin/]: Adding mixin platform agents for container SecureJarResource(aeronautics)
[06Aug2026 12:15:02.071] [main/DEBUG] [mixin/]: Instancing new MixinPlatformAgentMinecraftForge for SecureJarResource(aeronautics)
[06Aug2026 12:15:02.072] [main/DEBUG] [mixin/]: MixinPlatformAgentMinecraftForge rejected container SecureJarResource(aeronautics)
[06Aug2026 12:15:02.072] [main/DEBUG] [mixin/]: Instancing new MixinPlatformAgentDefault for SecureJarResource(aeronautics)
[06Aug2026 12:15:02.072] [main/DEBUG] [mixin/]: MixinPlatformAgentDefault accepted container SecureJarResource(aeronautics)
[06Aug2026 12:15:02.072] [main/DEBUG] [mixin/]: Instancing new FMLMixinPlatformAgent for SecureJarResource(aeronautics)
[06Aug2026 12:15:02.072] [main/DEBUG] [mixin/]: FMLMixinPlatformAgent rejected container SecureJarResource(aeronautics)
[06Aug2026 12:15:02.072] [main/DEBUG] [mixin/]: Processing prepare() for PlatformAgent[MixinPlatformAgentDefault:SecureJarResource(aeronautics)]
[06Aug2026 12:15:02.074] [main/DEBUG] [mixin/]: Adding mixin platform agents for container SecureJarResource(aeronautics_bundled)
[06Aug2026 12:15:02.074] [main/DEBUG] [mixin/]: Instancing new MixinPlatformAgentMinecraftForge for SecureJarResource(aeronautics_bundled)
[06Aug2026 12:15:02.074] [main/DEBUG] [mixin/]: MixinPlatformAgentMinecraftForge rejected container SecureJarResource(aeronautics_bundled)
[06Aug2026 12:15:02.074] [main/DEBUG] [mixin/]: Instancing new MixinPlatformAgentDefault for SecureJarResource(aeronautics_bundled)
[06Aug2026 12:15:02.074] [main/DEBUG] [mixin/]: MixinPlatformAgentDefault accepted container SecureJarResource(aeronautics_bundled)
[06Aug2026 12:15:02.074] [main/DEBUG] [mixin/]: Instancing new FMLMixinPlatformAgent for SecureJarResource(aeronautics_bundled)
[06Aug2026 12:15:02.074] [main/DEBUG] [mixin/]: FMLMixinPlatformAgent rejected container SecureJarResource(aeronautics_bundled)
[06Aug2026 12:15:02.074] [main/DEBUG] [mixin/]: Processing prepare() for PlatformAgent[MixinPlatformAgentDefault:SecureJarResource(aeronautics_bundled)]
[06Aug2026 12:15:02.074] [main/DEBUG] [mixin/]: Adding mixin platform agents for container SecureJarResource(sablecompanion)
[06Aug2026 12:15:02.074] [main/DEBUG] [mixin/]: Instancing new MixinPlatformAgentMinecraftForge for SecureJarResource(sablecompanion)
[06Aug2026 12:15:02.074] [main/DEBUG] [mixin/]: MixinPlatformAgentMinecraftForge rejected container SecureJarResource(sablecompanion)
[06Aug2026 12:15:02.074] [main/DEBUG] [mixin/]: Instancing new MixinPlatformAgentDefault for SecureJarResource(sablecompanion)
[06Aug2026 12:15:02.074] [main/DEBUG] [mixin/]: MixinPlatformAgentDefault accepted container SecureJarResource(sablecompanion)
[06Aug2026 12:15:02.074] [main/DEBUG] [mixin/]: Instancing new FMLMixinPlatformAgent for SecureJarResource(sablecompanion)
[06Aug2026 12:15:02.074] [main/DEBUG] [mixin/]: FMLMixinPlatformAgent rejected container SecureJarResource(sablecompanion)
[06Aug2026 12:15:02.074] [main/DEBUG] [mixin/]: Processing prepare() for PlatformAgent[MixinPlatformAgentDefault:SecureJarResource(sablecompanion)]
[06Aug2026 12:15:02.074] [main/DEBUG] [mixin/]: Adding mixin platform agents for container SecureJarResource(flywheel)
[06Aug2026 12:15:02.075] [main/DEBUG] [mixin/]: Instancing new MixinPlatformAgentMinecraftForge for SecureJarResource(flywheel)
[06Aug2026 12:15:02.075] [main/DEBUG] [mixin/]: MixinPlatformAgentMinecraftForge rejected container SecureJarResource(flywheel)
[06Aug2026 12:15:02.075] [main/DEBUG] [mixin/]: Instancing new MixinPlatformAgentDefault for SecureJarResource(flywheel)
[06Aug2026 12:15:02.075] [main/DEBUG] [mixin/]: MixinPlatformAgentDefault accepted container SecureJarResource(flywheel)
[06Aug2026 12:15:02.075] [main/DEBUG] [mixin/]: Instancing new FMLMixinPlatformAgent for SecureJarResource(flywheel)
[06Aug2026 12:15:02.075] [main/DEBUG] [mixin/]: FMLMixinPlatformAgent rejected container SecureJarResource(flywheel)
[06Aug2026 12:15:02.075] [main/DEBUG] [mixin/]: Processing prepare() for PlatformAgent[MixinPlatformAgentDefault:SecureJarResource(flywheel)]
[06Aug2026 12:15:02.075] [main/DEBUG] [mixin/]: Adding mixin platform agents for container SecureJarResource(ponder)
[06Aug2026 12:15:02.075] [main/DEBUG] [mixin/]: Instancing new MixinPlatformAgentMinecraftForge for SecureJarResource(ponder)
[06Aug2026 12:15:02.075] [main/DEBUG] [mixin/]: MixinPlatformAgentMinecraftForge rejected container SecureJarResource(ponder)
[06Aug2026 12:15:02.075] [main/DEBUG] [mixin/]: Instancing new MixinPlatformAgentDefault for SecureJarResource(ponder)
[06Aug2026 12:15:02.075] [main/DEBUG] [mixin/]: MixinPlatformAgentDefault accepted container SecureJarResource(ponder)
[06Aug2026 12:15:02.075] [main/DEBUG] [mixin/]: Instancing new FMLMixinPlatformAgent for SecureJarResource(ponder)
[06Aug2026 12:15:02.075] [main/DEBUG] [mixin/]: FMLMixinPlatformAgent rejected container SecureJarResource(ponder)
[06Aug2026 12:15:02.075] [main/DEBUG] [mixin/]: Processing prepare() for PlatformAgent[MixinPlatformAgentDefault:SecureJarResource(ponder)]
[06Aug2026 12:15:02.075] [main/DEBUG] [mixin/]: Adding mixin platform agents for container SecureJarResource(create)
[06Aug2026 12:15:02.075] [main/DEBUG] [mixin/]: Instancing new MixinPlatformAgentMinecraftForge for SecureJarResource(create)
[06Aug2026 12:15:02.075] [main/DEBUG] [mixin/]: MixinPlatformAgentMinecraftForge rejected container SecureJarResource(create)
[06Aug2026 12:15:02.075] [main/DEBUG] [mixin/]: Instancing new MixinPlatformAgentDefault for SecureJarResource(create)
[06Aug2026 12:15:02.075] [main/DEBUG] [mixin/]: MixinPlatformAgentDefault accepted container SecureJarResource(create)
[06Aug2026 12:15:02.075] [main/DEBUG] [mixin/]: Instancing new FMLMixinPlatformAgent for SecureJarResource(create)
[06Aug2026 12:15:02.075] [main/DEBUG] [mixin/]: FMLMixinPlatformAgent rejected container SecureJarResource(create)
[06Aug2026 12:15:02.075] [main/DEBUG] [mixin/]: Processing prepare() for PlatformAgent[MixinPlatformAgentDefault:SecureJarResource(create)]
[06Aug2026 12:15:02.075] [main/DEBUG] [mixin/]: Registering mixin config: create.mixins.json source=SecureJarResource(create)
[06Aug2026 12:15:02.075] [main/DEBUG] [mixin/]: Adding mixin platform agents for container SecureJarResource(sable)
[06Aug2026 12:15:02.076] [main/DEBUG] [mixin/]: Instancing new MixinPlatformAgentMinecraftForge for SecureJarResource(sable)
[06Aug2026 12:15:02.076] [main/DEBUG] [mixin/]: MixinPlatformAgentMinecraftForge rejected container SecureJarResource(sable)
[06Aug2026 12:15:02.076] [main/DEBUG] [mixin/]: Instancing new MixinPlatformAgentDefault for SecureJarResource(sable)
[06Aug2026 12:15:02.076] [main/DEBUG] [mixin/]: MixinPlatformAgentDefault accepted container SecureJarResource(sable)
[06Aug2026 12:15:02.076] [main/DEBUG] [mixin/]: Instancing new FMLMixinPlatformAgent for SecureJarResource(sable)
[06Aug2026 12:15:02.077] [main/DEBUG] [mixin/]: FMLMixinPlatformAgent rejected container SecureJarResource(sable)
[06Aug2026 12:15:02.077] [main/DEBUG] [mixin/]: Processing prepare() for PlatformAgent[MixinPlatformAgentDefault:SecureJarResource(sable)]
[06Aug2026 12:15:02.077] [main/DEBUG] [mixin/]: Adding mixin platform agents for container SecureJarResource(linearbearing)
[06Aug2026 12:15:02.077] [main/DEBUG] [mixin/]: Instancing new MixinPlatformAgentMinecraftForge for SecureJarResource(linearbearing)
[06Aug2026 12:15:02.077] [main/DEBUG] [mixin/]: MixinPlatformAgentMinecraftForge rejected container SecureJarResource(linearbearing)
[06Aug2026 12:15:02.078] [main/DEBUG] [mixin/]: Instancing new MixinPlatformAgentDefault for SecureJarResource(linearbearing)
[06Aug2026 12:15:02.078] [main/DEBUG] [mixin/]: MixinPlatformAgentDefault accepted container SecureJarResource(linearbearing)
[06Aug2026 12:15:02.078] [main/DEBUG] [mixin/]: Instancing new FMLMixinPlatformAgent for SecureJarResource(linearbearing)
[06Aug2026 12:15:02.078] [main/DEBUG] [mixin/]: FMLMixinPlatformAgent rejected container SecureJarResource(linearbearing)
[06Aug2026 12:15:02.078] [main/DEBUG] [mixin/]: Processing prepare() for PlatformAgent[MixinPlatformAgentDefault:SecureJarResource(linearbearing)]
[06Aug2026 12:15:02.078] [main/DEBUG] [mixin/]: Adding mixin platform agents for container SecureJarResource(offroad)
[06Aug2026 12:15:02.078] [main/DEBUG] [mixin/]: Instancing new MixinPlatformAgentMinecraftForge for SecureJarResource(offroad)
[06Aug2026 12:15:02.078] [main/DEBUG] [mixin/]: MixinPlatformAgentMinecraftForge rejected container SecureJarResource(offroad)
[06Aug2026 12:15:02.078] [main/DEBUG] [mixin/]: Instancing new MixinPlatformAgentDefault for SecureJarResource(offroad)
[06Aug2026 12:15:02.078] [main/DEBUG] [mixin/]: MixinPlatformAgentDefault accepted container SecureJarResource(offroad)
[06Aug2026 12:15:02.078] [main/DEBUG] [mixin/]: Instancing new FMLMixinPlatformAgent for SecureJarResource(offroad)
[06Aug2026 12:15:02.078] [main/DEBUG] [mixin/]: FMLMixinPlatformAgent rejected container SecureJarResource(offroad)
[06Aug2026 12:15:02.078] [main/DEBUG] [mixin/]: Processing prepare() for PlatformAgent[MixinPlatformAgentDefault:SecureJarResource(offroad)]
[06Aug2026 12:15:02.078] [main/DEBUG] [mixin/]: Adding mixin platform agents for container SecureJarResource(playertracker)
[06Aug2026 12:15:02.078] [main/DEBUG] [mixin/]: Instancing new MixinPlatformAgentMinecraftForge for SecureJarResource(playertracker)
[06Aug2026 12:15:02.078] [main/DEBUG] [mixin/]: MixinPlatformAgentMinecraftForge rejected container SecureJarResource(playertracker)
[06Aug2026 12:15:02.078] [main/DEBUG] [mixin/]: Instancing new MixinPlatformAgentDefault for SecureJarResource(playertracker)
[06Aug2026 12:15:02.078] [main/DEBUG] [mixin/]: MixinPlatformAgentDefault accepted container SecureJarResource(playertracker)
[06Aug2026 12:15:02.078] [main/DEBUG] [mixin/]: Instancing new FMLMixinPlatformAgent for SecureJarResource(playertracker)
[06Aug2026 12:15:02.078] [main/DEBUG] [mixin/]: FMLMixinPlatformAgent rejected container SecureJarResource(playertracker)
[06Aug2026 12:15:02.079] [main/DEBUG] [mixin/]: Processing prepare() for PlatformAgent[MixinPlatformAgentDefault:SecureJarResource(playertracker)]
[06Aug2026 12:15:02.079] [main/DEBUG] [mixin/]: Adding mixin platform agents for container SecureJarResource(Registrate.MC1._21._67)
[06Aug2026 12:15:02.079] [main/DEBUG] [mixin/]: Instancing new MixinPlatformAgentMinecraftForge for SecureJarResource(Registrate.MC1._21._67)
[06Aug2026 12:15:02.079] [main/DEBUG] [mixin/]: MixinPlatformAgentMinecraftForge rejected container SecureJarResource(Registrate.MC1._21._67)
[06Aug2026 12:15:02.079] [main/DEBUG] [mixin/]: Instancing new MixinPlatformAgentDefault for SecureJarResource(Registrate.MC1._21._67)
[06Aug2026 12:15:02.079] [main/DEBUG] [mixin/]: MixinPlatformAgentDefault accepted container SecureJarResource(Registrate.MC1._21._67)
[06Aug2026 12:15:02.079] [main/DEBUG] [mixin/]: Instancing new FMLMixinPlatformAgent for SecureJarResource(Registrate.MC1._21._67)
[06Aug2026 12:15:02.079] [main/DEBUG] [mixin/]: FMLMixinPlatformAgent rejected container SecureJarResource(Registrate.MC1._21._67)
[06Aug2026 12:15:02.079] [main/DEBUG] [mixin/]: Processing prepare() for PlatformAgent[MixinPlatformAgentDefault:SecureJarResource(Registrate.MC1._21._67)]
[06Aug2026 12:15:02.080] [main/DEBUG] [mixin/]: Adding mixin platform agents for container SecureJarResource(sable_rapier)
[06Aug2026 12:15:02.080] [main/DEBUG] [mixin/]: Instancing new MixinPlatformAgentMinecraftForge for SecureJarResource(sable_rapier)
[06Aug2026 12:15:02.080] [main/DEBUG] [mixin/]: MixinPlatformAgentMinecraftForge rejected container SecureJarResource(sable_rapier)
[06Aug2026 12:15:02.080] [main/DEBUG] [mixin/]: Instancing new MixinPlatformAgentDefault for SecureJarResource(sable_rapier)
[06Aug2026 12:15:02.080] [main/DEBUG] [mixin/]: MixinPlatformAgentDefault accepted container SecureJarResource(sable_rapier)
[06Aug2026 12:15:02.080] [main/DEBUG] [mixin/]: Instancing new FMLMixinPlatformAgent for SecureJarResource(sable_rapier)
[06Aug2026 12:15:02.080] [main/DEBUG] [mixin/]: FMLMixinPlatformAgent rejected container SecureJarResource(sable_rapier)
[06Aug2026 12:15:02.081] [main/DEBUG] [mixin/]: Processing prepare() for PlatformAgent[MixinPlatformAgentDefault:SecureJarResource(sable_rapier)]
[06Aug2026 12:15:02.081] [main/DEBUG] [mixin/]: Adding mixin platform agents for container SecureJarResource(mixinextras.neoforge)
[06Aug2026 12:15:02.081] [main/DEBUG] [mixin/]: Instancing new MixinPlatformAgentMinecraftForge for SecureJarResource(mixinextras.neoforge)
[06Aug2026 12:15:02.081] [main/DEBUG] [mixin/]: MixinPlatformAgentMinecraftForge rejected container SecureJarResource(mixinextras.neoforge)
[06Aug2026 12:15:02.081] [main/DEBUG] [mixin/]: Instancing new MixinPlatformAgentDefault for SecureJarResource(mixinextras.neoforge)
[06Aug2026 12:15:02.081] [main/DEBUG] [mixin/]: MixinPlatformAgentDefault accepted container SecureJarResource(mixinextras.neoforge)
[06Aug2026 12:15:02.081] [main/DEBUG] [mixin/]: Instancing new FMLMixinPlatformAgent for SecureJarResource(mixinextras.neoforge)
[06Aug2026 12:15:02.081] [main/DEBUG] [mixin/]: FMLMixinPlatformAgent rejected container SecureJarResource(mixinextras.neoforge)
[06Aug2026 12:15:02.081] [main/DEBUG] [mixin/]: Processing prepare() for PlatformAgent[MixinPlatformAgentDefault:SecureJarResource(mixinextras.neoforge)]
[06Aug2026 12:15:02.081] [main/DEBUG] [mixin/]: Registering mixin config: mixinextras.init.mixins.json source=SecureJarResource(mixinextras.neoforge)
[06Aug2026 12:15:02.083] [main/DEBUG] [mixin/]: inject() running with 20 agents
[06Aug2026 12:15:02.083] [main/DEBUG] [mixin/]: Processing inject() for PlatformAgent[MixinPlatformAgentDefault:ModLauncher Root Container(ModLauncher:4f56a0a2)]
[06Aug2026 12:15:02.083] [main/DEBUG] [mixin/]: Processing inject() for PlatformAgent[MixinPlatformAgentDefault:net.neoforged.fml.loading.mixin.FMLMixinContainerHandle@71cb3139]
[06Aug2026 12:15:02.083] [main/DEBUG] [mixin/]: Processing inject() for PlatformAgent[FMLMixinPlatformAgent:null]
[06Aug2026 12:15:02.083] [main/DEBUG] [mixin/]: Processing inject() for PlatformAgent[MixinPlatformAgentDefault:SecureJarResource(mixin_synthetic)]
[06Aug2026 12:15:02.083] [main/DEBUG] [mixin/]: Processing inject() for PlatformAgent[MixinPlatformAgentDefault:SecureJarResource(minecraft)]
[06Aug2026 12:15:02.083] [main/DEBUG] [mixin/]: Processing inject() for PlatformAgent[MixinPlatformAgentDefault:SecureJarResource(veil)]
[06Aug2026 12:15:02.083] [main/DEBUG] [mixin/]: Processing inject() for PlatformAgent[MixinPlatformAgentDefault:SecureJarResource(simulated)]
[06Aug2026 12:15:02.083] [main/DEBUG] [mixin/]: Processing inject() for PlatformAgent[MixinPlatformAgentDefault:SecureJarResource(playertrackingcompass)]
[06Aug2026 12:15:02.083] [main/DEBUG] [mixin/]: Processing inject() for PlatformAgent[MixinPlatformAgentDefault:SecureJarResource(aeronautics)]
[06Aug2026 12:15:02.083] [main/DEBUG] [mixin/]: Processing inject() for PlatformAgent[MixinPlatformAgentDefault:SecureJarResource(aeronautics_bundled)]
[06Aug2026 12:15:02.084] [main/DEBUG] [mixin/]: Processing inject() for PlatformAgent[MixinPlatformAgentDefault:SecureJarResource(sablecompanion)]
[06Aug2026 12:15:02.084] [main/DEBUG] [mixin/]: Processing inject() for PlatformAgent[MixinPlatformAgentDefault:SecureJarResource(flywheel)]
[06Aug2026 12:15:02.084] [main/DEBUG] [mixin/]: Processing inject() for PlatformAgent[MixinPlatformAgentDefault:SecureJarResource(ponder)]
[06Aug2026 12:15:02.084] [main/DEBUG] [mixin/]: Processing inject() for PlatformAgent[MixinPlatformAgentDefault:SecureJarResource(create)]
[06Aug2026 12:15:02.084] [main/DEBUG] [mixin/]: Processing inject() for PlatformAgent[MixinPlatformAgentDefault:SecureJarResource(sable)]
[06Aug2026 12:15:02.084] [main/DEBUG] [mixin/]: Processing inject() for PlatformAgent[MixinPlatformAgentDefault:SecureJarResource(linearbearing)]
[06Aug2026 12:15:02.085] [main/DEBUG] [mixin/]: Processing inject() for PlatformAgent[MixinPlatformAgentDefault:SecureJarResource(offroad)]
[06Aug2026 12:15:02.085] [main/DEBUG] [mixin/]: Processing inject() for PlatformAgent[MixinPlatformAgentDefault:SecureJarResource(playertracker)]
[06Aug2026 12:15:02.085] [main/DEBUG] [mixin/]: Processing inject() for PlatformAgent[MixinPlatformAgentDefault:SecureJarResource(Registrate.MC1._21._67)]
[06Aug2026 12:15:02.085] [main/DEBUG] [mixin/]: Processing inject() for PlatformAgent[MixinPlatformAgentDefault:SecureJarResource(sable_rapier)]
[06Aug2026 12:15:02.085] [main/DEBUG] [mixin/]: Processing inject() for PlatformAgent[MixinPlatformAgentDefault:SecureJarResource(mixinextras.neoforge)]
[06Aug2026 12:15:02.086] [main/INFO] [cpw.mods.modlauncher.LaunchServiceHandler/MODLAUNCHER]: Launching target 'forgeclientdev' with arguments [--version, 21.1.232, --gameDir, ., --assetsDir, /home/tillman/.mcreator/gradle/caches/neoformruntime/assets, --assetIndex, 17]
[06Aug2026 12:15:02.117] [main/DEBUG] [mixin/]: Preparing mixins for MixinEnvironment[DEFAULT]
[06Aug2026 12:15:02.117] [main/DEBUG] [mixin/]: Selecting config veil.command.mixins.json
[06Aug2026 12:15:02.135] [main/DEBUG] [mixin/]: Selecting config veil.debug.mixins.json
[06Aug2026 12:15:02.137] [main/DEBUG] [mixin/]: Selecting config veil.dynamicbuffer.mixins.json
[06Aug2026 12:15:02.137] [main/DEBUG] [mixin/]: Selecting config veil.fix.mixins.json
[06Aug2026 12:15:02.138] [main/DEBUG] [mixin/]: Selecting config veil.framebuffer.mixins.json
[06Aug2026 12:15:02.138] [main/DEBUG] [mixin/]: Selecting config veil.necromancer.mixins.json
[06Aug2026 12:15:02.138] [main/DEBUG] [mixin/]: Selecting config veil.network.mixins.json
[06Aug2026 12:15:02.139] [main/DEBUG] [mixin/]: Selecting config veil.performance.mixins.json
[06Aug2026 12:15:02.139] [main/DEBUG] [mixin/]: Selecting config veil.perspective.mixins.json
[06Aug2026 12:15:02.139] [main/DEBUG] [mixin/]: Selecting config veil.pipeline.mixins.json
[06Aug2026 12:15:02.140] [main/DEBUG] [mixin/]: Selecting config veil.quasar.mixins.json
[06Aug2026 12:15:02.140] [main/DEBUG] [mixin/]: Selecting config veil.registry.mixins.json
[06Aug2026 12:15:02.140] [main/DEBUG] [mixin/]: Selecting config veil.rendertype.mixins.json
[06Aug2026 12:15:02.141] [main/DEBUG] [mixin/]: Selecting config veil.resource.mixins.json
[06Aug2026 12:15:02.141] [main/DEBUG] [mixin/]: Selecting config veil.scheduler.mixins.json
[06Aug2026 12:15:02.141] [main/DEBUG] [mixin/]: Selecting config veil.shader.mixins.json
[06Aug2026 12:15:02.142] [main/DEBUG] [mixin/]: Selecting config veil.neoforge.mixins.json
[06Aug2026 12:15:02.142] [main/DEBUG] [mixin/]: Selecting config simulated.mixins.json
[06Aug2026 12:15:02.142] [main/WARN] [mixin/]: Reference map 'simulated.refmap.json' for simulated.mixins.json could not be read. If this is a development environment you can ignore this message
[06Aug2026 12:15:02.143] [main/DEBUG] [mixin/]: Selecting config simulated-neoforge.mixins.json
[06Aug2026 12:15:02.143] [main/DEBUG] [mixin/]: Selecting config aeronautics.mixins.json
[06Aug2026 12:15:02.145] [main/WARN] [mixin/]: Reference map 'aeronautics.refmap.json' for aeronautics.mixins.json could not be read. If this is a development environment you can ignore this message
[06Aug2026 12:15:02.145] [main/DEBUG] [mixin/]: Selecting config aeronautics.neoforge.mixins.json
[06Aug2026 12:15:02.146] [main/DEBUG] [mixin/]: Selecting config flywheel.backend.mixins.json
[06Aug2026 12:15:02.150] [main/DEBUG] [mixin/]: Selecting config flywheel.impl.mixins.json
[06Aug2026 12:15:02.154] [main/DEBUG] [mixin/]: Selecting config flywheel.impl.neoforge.mixins.json
[06Aug2026 12:15:02.155] [main/DEBUG] [mixin/]: Selecting config ponder.mixins.json
[06Aug2026 12:15:02.156] [main/DEBUG] [mixin/]: Selecting config ponder-common.mixins.json
[06Aug2026 12:15:02.156] [main/WARN] [mixin/]: Reference map 'ponder.refmap.json' for ponder-common.mixins.json could not be read. If this is a development environment you can ignore this message
[06Aug2026 12:15:02.156] [main/DEBUG] [mixin/]: Selecting config create.mixins.json
[06Aug2026 12:15:02.159] [main/DEBUG] [mixin/]: Selecting config sable.mixins.json
[06Aug2026 12:15:02.165] [main/INFO] [dev.ryanhcode.sable.mixin.AbstractSableMixinPlugin/]: Using Vanilla renderer mixins
[06Aug2026 12:15:02.166] [main/DEBUG] [mixin/]: Selecting config sable-neoforge.mixins.json
[06Aug2026 12:15:02.166] [main/INFO] [dev.ryanhcode.sable.mixin.AbstractSableMixinPlugin/]: Using Vanilla renderer mixins
[06Aug2026 12:15:02.166] [main/DEBUG] [mixin/]: Selecting config offroad.mixins.json
[06Aug2026 12:15:02.167] [main/WARN] [mixin/]: Reference map 'offroad.refmap.json' for offroad.mixins.json could not be read. If this is a development environment you can ignore this message
[06Aug2026 12:15:02.167] [main/DEBUG] [mixin/]: Selecting config offroad.neoforge.mixins.json
[06Aug2026 12:15:02.167] [main/DEBUG] [mixin/]: Selecting config neoforge.mixins.json
[06Aug2026 12:15:02.168] [main/DEBUG] [mixin/]: Selecting config mixinextras.init.mixins.json
[06Aug2026 12:15:02.213] [main/DEBUG] [MixinExtras|Service/]: com.llamalad7.mixinextras.service.MixinExtrasServiceImpl(version=0.5.3) is taking over from null
[06Aug2026 12:15:02.242] [main/DEBUG] [mixin/]: Registering new injector for @Inject with org.spongepowered.asm.mixin.injection.struct.CallbackInjectionInfo
[06Aug2026 12:15:02.245] [main/DEBUG] [mixin/]: Registering new injector for @ModifyArg with org.spongepowered.asm.mixin.injection.struct.ModifyArgInjectionInfo
[06Aug2026 12:15:02.245] [main/DEBUG] [mixin/]: Registering new injector for @ModifyArgs with org.spongepowered.asm.mixin.injection.struct.ModifyArgsInjectionInfo
[06Aug2026 12:15:02.246] [main/DEBUG] [mixin/]: Registering new injector for @Redirect with org.spongepowered.asm.mixin.injection.struct.RedirectInjectionInfo
[06Aug2026 12:15:02.247] [main/DEBUG] [mixin/]: Registering new injector for @ModifyVariable with org.spongepowered.asm.mixin.injection.struct.ModifyVariableInjectionInfo
[06Aug2026 12:15:02.247] [main/DEBUG] [mixin/]: Registering new injector for @ModifyConstant with org.spongepowered.asm.mixin.injection.struct.ModifyConstantInjectionInfo
[06Aug2026 12:15:02.254] [main/DEBUG] [mixin/]: Preparing veil.command.mixins.json (1)
[06Aug2026 12:15:02.280] [main/DEBUG] [mixin/]: Preparing veil.debug.mixins.json (15)
[06Aug2026 12:15:02.360] [main/DEBUG] [mixin/]: Preparing veil.dynamicbuffer.mixins.json (5)
[06Aug2026 12:15:02.368] [main/DEBUG] [mixin/]: Preparing veil.fix.mixins.json (3)
[06Aug2026 12:15:02.386] [main/DEBUG] [mixin/]: Preparing veil.framebuffer.mixins.json (1)
[06Aug2026 12:15:02.389] [main/DEBUG] [mixin/]: Preparing veil.necromancer.mixins.json (2)
[06Aug2026 12:15:02.397] [main/DEBUG] [mixin/]: Preparing veil.network.mixins.json (3)
[06Aug2026 12:15:02.441] [main/DEBUG] [mixin/]: Preparing veil.performance.mixins.json (4)
[06Aug2026 12:15:02.445] [main/DEBUG] [mixin/]: Preparing veil.perspective.mixins.json (3)
[06Aug2026 12:15:02.447] [main/DEBUG] [mixin/]: Preparing veil.pipeline.mixins.json (19)
[06Aug2026 12:15:02.466] [main/DEBUG] [mixin/]: Preparing veil.quasar.mixins.json (2)
[06Aug2026 12:15:02.489] [main/DEBUG] [mixin/]: Preparing veil.registry.mixins.json (1)
[06Aug2026 12:15:02.491] [main/DEBUG] [mixin/]: Preparing veil.rendertype.mixins.json (6)
[06Aug2026 12:15:02.502] [main/DEBUG] [mixin/]: Preparing veil.resource.mixins.json (6)
[06Aug2026 12:15:02.508] [main/DEBUG] [mixin/]: Preparing veil.scheduler.mixins.json (1)
[06Aug2026 12:15:02.508] [main/DEBUG] [mixin/]: Preparing veil.shader.mixins.json (4)
[06Aug2026 12:15:02.513] [main/DEBUG] [mixin/]: Preparing veil.neoforge.mixins.json (34)
[06Aug2026 12:15:02.526] [main/WARN] [mixin/]: Error loading class: net/irisshaders/iris/pipeline/PipelineManager (java.lang.ClassNotFoundException: net.irisshaders.iris.pipeline.PipelineManager)
[06Aug2026 12:15:02.526] [main/WARN] [mixin/]: @Mixin target net.irisshaders.iris.pipeline.PipelineManager was not found veil.neoforge.mixins.json:client.perspective.iris.PipelineManagerMixin from mod veil
[06Aug2026 12:15:02.527] [main/DEBUG] [mixin/]: Preparing simulated.mixins.json (86)
[06Aug2026 12:15:02.574] [main/WARN] [mixin/]: Error loading class: mezz/jei/library/plugins/vanilla/ingredients/ItemStackListFactory (java.lang.ClassNotFoundException: mezz.jei.library.plugins.vanilla.ingredients.ItemStackListFactory)
[06Aug2026 12:15:02.574] [main/DEBUG] [mixin/]: Skipping virtual target mezz.jei.library.plugins.vanilla.ingredients.ItemStackListFactory for simulated.mixins.json:silence_jei.ItemStackListFactoryMixin from mod simulated
[06Aug2026 12:15:02.601] [main/DEBUG] [mixin/]: @Mixin target net.minecraft.client.renderer.texture.SpriteContents$Ticker is public in simulated.mixins.json:creative_tab_sections.SpriteContentsTickerMixin from mod simulated and should be specified in value
[06Aug2026 12:15:02.637] [main/DEBUG] [mixin/]: Preparing simulated-neoforge.mixins.json (12)
[06Aug2026 12:15:02.645] [main/DEBUG] [mixin/]: Preparing aeronautics.mixins.json (29)
[06Aug2026 12:15:02.665] [main/DEBUG] [mixin/]: Preparing aeronautics.neoforge.mixins.json (1)
[06Aug2026 12:15:02.666] [main/DEBUG] [mixin/]: Preparing flywheel.backend.mixins.json (9)
[06Aug2026 12:15:02.677] [main/DEBUG] [mixin/]: Preparing flywheel.impl.mixins.json (14)
[06Aug2026 12:15:02.704] [main/DEBUG] [mixin/]: Preparing flywheel.impl.neoforge.mixins.json (1)
[06Aug2026 12:15:02.706] [main/DEBUG] [mixin/]: Preparing ponder.mixins.json (1)
[06Aug2026 12:15:02.707] [main/DEBUG] [mixin/]: Preparing ponder-common.mixins.json (12)
[06Aug2026 12:15:02.723] [main/DEBUG] [mixin/]: Preparing create.mixins.json (64)
[06Aug2026 12:15:02.794] [main/DEBUG] [mixin/]: Preparing sable.mixins.json (215)
[06Aug2026 12:15:02.915] [main/DEBUG] [mixin/]: Preparing sable-neoforge.mixins.json (158)
[06Aug2026 12:15:03.030] [main/DEBUG] [mixin/]: Preparing offroad.mixins.json (5)
[06Aug2026 12:15:03.032] [main/DEBUG] [mixin/]: Preparing offroad.neoforge.mixins.json (1)
[06Aug2026 12:15:03.033] [main/DEBUG] [mixin/]: Preparing neoforge.mixins.json (2)
[06Aug2026 12:15:03.033] [main/DEBUG] [mixin/]: Preparing mixinextras.init.mixins.json (0)
[06Aug2026 12:15:03.060] [main/DEBUG] [mixin/]: Inner class foundry/veil/mixin/resource/ResourceVanillaPackResourcesMixin$1 in foundry/veil/mixin/resource/ResourceVanillaPackResourcesMixin on net/minecraft/server/packs/VanillaPackResources gets unique name net/minecraft/server/packs/VanillaPackResources$Anonymous$91add5405aaf4a6b8ddbd2c645bc0349
[06Aug2026 12:15:03.062] [main/DEBUG] [mixin/]: Inner class foundry/veil/forge/mixin/resources/PathPackResourcesMixin$1 in foundry/veil/forge/mixin/resources/PathPackResourcesMixin on net/minecraft/server/packs/PathPackResources gets unique name net/minecraft/server/packs/PathPackResources$Anonymous$be6669f13f0441c2a0c2bb6809b8ea2e
[06Aug2026 12:15:03.083] [main/WARN] [mixin/]: Error loading class: org/jetbrains/annotations/ApiStatus$ScheduledForRemoval (java.lang.ClassNotFoundException: org.jetbrains.annotations.ApiStatus$ScheduledForRemoval)
[06Aug2026 12:15:03.103] [main/DEBUG] [mixin/]: Inner class dev/ryanhcode/sable/mixin/udp/ConnectionMixin$2 in dev/ryanhcode/sable/mixin/udp/ConnectionMixin on net/minecraft/network/Connection gets unique name net/minecraft/network/Connection$Anonymous$9dea30e0992349c6b20b6f17e7d4e27c
[06Aug2026 12:15:03.104] [main/DEBUG] [mixin/]: Inner class dev/ryanhcode/sable/mixin/udp/ConnectionMixin$1 in dev/ryanhcode/sable/mixin/udp/ConnectionMixin on net/minecraft/network/Connection gets unique name net/minecraft/network/Connection$Anonymous$ab22ddaaddd2466dab0024ca7ffd6eb1
[06Aug2026 12:15:03.104] [main/DEBUG] [mixin/]: Inner class dev/ryanhcode/sable/mixin/udp/ServerConnectionListenerMixin$2 in dev/ryanhcode/sable/mixin/udp/ServerConnectionListenerMixin on net/minecraft/server/network/ServerConnectionListener gets unique name net/minecraft/server/network/ServerConnectionListener$Anonymous$5be5a0d03d634161b0f1bab784f2b418
[06Aug2026 12:15:03.104] [main/DEBUG] [mixin/]: Inner class dev/ryanhcode/sable/mixin/udp/ServerConnectionListenerMixin$1 in dev/ryanhcode/sable/mixin/udp/ServerConnectionListenerMixin on net/minecraft/server/network/ServerConnectionListener gets unique name net/minecraft/server/network/ServerConnectionListener$Anonymous$d3ed8e73f7154d118b29fb6407736c44
[06Aug2026 12:15:03.106] [main/DEBUG] [mixin/]: Inner class dev/ryanhcode/sable/mixin/clip_overwrite/ClientLevelMixin$1 in dev/ryanhcode/sable/mixin/clip_overwrite/ClientLevelMixin on net/minecraft/client/multiplayer/ClientLevel gets unique name net/minecraft/client/multiplayer/ClientLevel$Anonymous$7fe28c259d934a2b9d3c7b1971f0bdfc
[06Aug2026 12:15:03.122] [main/DEBUG] [mixin/]: Prepared 670 mixins in 1.005 sec (1.5ms avg) (0ms load, 0ms transform, 0ms plugin)
[06Aug2026 12:15:03.126] [main/INFO] [MixinExtras|Service/]: Initializing MixinExtras via com.llamalad7.mixinextras.service.MixinExtrasServiceImpl(version=0.5.3).
[06Aug2026 12:15:03.127] [main/DEBUG] [mixin/]: Registering new injector for @SugarWrapper with com.llamalad7.mixinextras.sugar.impl.SugarWrapperInjectionInfo
[06Aug2026 12:15:03.127] [main/DEBUG] [mixin/]: Registering new injector for @FactoryRedirectWrapper with com.llamalad7.mixinextras.wrapper.factory.FactoryRedirectWrapperInjectionInfo
[06Aug2026 12:15:03.127] [main/DEBUG] [mixin/]: Registering new injector for @ExpressionInjectorWrapper with com.llamalad7.mixinextras.expression.impl.wrapper.ExpressionInjectorWrapperInjectionInfo
[06Aug2026 12:15:03.137] [main/DEBUG] [mixin/]: Mixing client.PerformanceAbstractTextureMixin from veil.performance.mixins.json into net.minecraft.client.renderer.texture.AbstractTexture
[06Aug2026 12:15:03.151] [main/DEBUG] [mixin/]: Mixing client.PipelineAbstractTextureMixin from veil.pipeline.mixins.json into net.minecraft.client.renderer.texture.AbstractTexture
[06Aug2026 12:15:03.188] [main/DEBUG] [mixin/]: veil.performance.mixins.json:client.PerformanceAbstractTextureMixin from mod veil->@Inject::setFilterDSA(ZZLorg/spongepowered/asm/mixin/injection/callback/CallbackInfo;)V does use it's CallbackInfo
[06Aug2026 12:15:03.189] [main/DEBUG] [mixin/]: veil.performance.mixins.json:client.PerformanceAbstractTextureMixin from mod veil->@Inject::bind(Lorg/spongepowered/asm/mixin/injection/callback/CallbackInfo;)V doesn't use it's CallbackInfo
[06Aug2026 12:15:03.189] [main/DEBUG] [mixin/]: veil.performance.mixins.json:client.PerformanceAbstractTextureMixin from mod veil->@Inject::bind(Lorg/spongepowered/asm/mixin/injection/callback/CallbackInfo;)V has 0 override(s) in child classes
[06Aug2026 12:15:03.189] [main/DEBUG] [mixin/]: veil.performance.mixins.json:client.PerformanceAbstractTextureMixin from mod veil->@Inject::bind(Lorg/spongepowered/asm/mixin/injection/callback/CallbackInfo;)V won't be passed a CallbackInfo as a result
[06Aug2026 12:15:03.195] [main/DEBUG] [mixin/]: Mixing physics_staff.GuiGraphicsMixin from simulated.mixins.json into net.minecraft.client.gui.GuiGraphics
[06Aug2026 12:15:03.234] [main/DEBUG] [mixin/]: Mixing client.DebugMinecraftMixin from veil.debug.mixins.json into net.minecraft.client.Minecraft
[06Aug2026 12:15:03.239] [main/DEBUG] [mixin/]: Mixing client.PipelineMinecraftMixin from veil.pipeline.mixins.json into net.minecraft.client.Minecraft
[06Aug2026 12:15:03.240] [main/DEBUG] [mixin/]: Mixing client.MinecraftMixin from veil.neoforge.mixins.json into net.minecraft.client.Minecraft
[06Aug2026 12:15:03.243] [main/DEBUG] [mixin/]: Mixing handle.MinecraftMixin from simulated.mixins.json into net.minecraft.client.Minecraft
[06Aug2026 12:15:03.245] [main/DEBUG] [mixin/]: Mixing custom_situational_music.MinecraftMixin from aeronautics.mixins.json into net.minecraft.client.Minecraft
[06Aug2026 12:15:03.245] [main/DEBUG] [mixin/]: aeronautics.mixins.json:custom_situational_music.MinecraftMixin from mod aeronautics: Class version 65 required is higher than the class version supported by the current version of Mixin (JAVA_18 supports class version 62)
[06Aug2026 12:15:03.249] [main/DEBUG] [mixin/]: Mixing MinecraftMixin from flywheel.impl.mixins.json into net.minecraft.client.Minecraft
[06Aug2026 12:15:03.252] [main/DEBUG] [mixin/]: Mixing client.WindowResizeMixin from ponder-common.mixins.json into net.minecraft.client.Minecraft
[06Aug2026 12:15:03.253] [main/DEBUG] [mixin/]: ponder-common.mixins.json:client.WindowResizeMixin from mod ponder: Class version 65 required is higher than the class version supported by the current version of Mixin (JAVA_17 supports class version 61)
[06Aug2026 12:15:03.266] [main/DEBUG] [mixin/]: Mixing accessor.MinecraftAccessor from create.mixins.json into net.minecraft.client.Minecraft
[06Aug2026 12:15:03.268] [main/DEBUG] [mixin/]: Mixing camera.new_camera_types.MinecraftMixin from sable.mixins.json into net.minecraft.client.Minecraft
[06Aug2026 12:15:03.278] [main/DEBUG] [mixin/]: Mixing plot.MinecraftMixin from sable.mixins.json into net.minecraft.client.Minecraft
[06Aug2026 12:15:03.281] [main/DEBUG] [mixin/]: Mixing punching.MinecraftMixin from sable.mixins.json into net.minecraft.client.Minecraft
[06Aug2026 12:15:03.309] [main/DEBUG] [mixin/]: veil.pipeline.mixins.json:client.PipelineMinecraftMixin from mod veil->@Inject::beginFrame(Lorg/spongepowered/asm/mixin/injection/callback/CallbackInfo;)V doesn't use it's CallbackInfo
[06Aug2026 12:15:03.309] [main/DEBUG] [mixin/]: veil.pipeline.mixins.json:client.PipelineMinecraftMixin from mod veil->@Inject::beginFrame(Lorg/spongepowered/asm/mixin/injection/callback/CallbackInfo;)V has 0 override(s) in child classes
[06Aug2026 12:15:03.309] [main/DEBUG] [mixin/]: veil.pipeline.mixins.json:client.PipelineMinecraftMixin from mod veil->@Inject::beginFrame(Lorg/spongepowered/asm/mixin/injection/callback/CallbackInfo;)V won't be passed a CallbackInfo as a result
[06Aug2026 12:15:03.309] [main/DEBUG] [mixin/]: veil.pipeline.mixins.json:client.PipelineMinecraftMixin from mod veil->@Inject::endFrame(Lorg/spongepowered/asm/mixin/injection/callback/CallbackInfo;)V doesn't use it's CallbackInfo
[06Aug2026 12:15:03.309] [main/DEBUG] [mixin/]: veil.pipeline.mixins.json:client.PipelineMinecraftMixin from mod veil->@Inject::endFrame(Lorg/spongepowered/asm/mixin/injection/callback/CallbackInfo;)V has 0 override(s) in child classes
[06Aug2026 12:15:03.309] [main/DEBUG] [mixin/]: veil.pipeline.mixins.json:client.PipelineMinecraftMixin from mod veil->@Inject::endFrame(Lorg/spongepowered/asm/mixin/injection/callback/CallbackInfo;)V won't be passed a CallbackInfo as a result
[06Aug2026 12:15:03.309] [main/DEBUG] [mixin/]: veil.neoforge.mixins.json:client.MinecraftMixin from mod veil->@Inject::close(Lorg/spongepowered/asm/mixin/injection/callback/CallbackInfo;)V doesn't use it's CallbackInfo
[06Aug2026 12:15:03.309] [main/DEBUG] [mixin/]: veil.neoforge.mixins.json:client.MinecraftMixin from mod veil->@Inject::close(Lorg/spongepowered/asm/mixin/injection/callback/CallbackInfo;)V has 0 override(s) in child classes
[06Aug2026 12:15:03.309] [main/DEBUG] [mixin/]: veil.neoforge.mixins.json:client.MinecraftMixin from mod veil->@Inject::close(Lorg/spongepowered/asm/mixin/injection/callback/CallbackInfo;)V won't be passed a CallbackInfo as a result
[06Aug2026 12:15:03.309] [main/DEBUG] [mixin/]: simulated.mixins.json:handle.MinecraftMixin from mod simulated->@Inject::makeHandleHandlerCountUsing(Lorg/spongepowered/asm/mixin/injection/callback/CallbackInfo;)V doesn't use it's CallbackInfo
[06Aug2026 12:15:03.309] [main/DEBUG] [mixin/]: simulated.mixins.json:handle.MinecraftMixin from mod simulated->@Inject::makeHandleHandlerCountUsing(Lorg/spongepowered/asm/mixin/injection/callback/CallbackInfo;)V has 0 override(s) in child classes
[06Aug2026 12:15:03.309] [main/DEBUG] [mixin/]: simulated.mixins.json:handle.MinecraftMixin from mod simulated->@Inject::makeHandleHandlerCountUsing(Lorg/spongepowered/asm/mixin/injection/callback/CallbackInfo;)V won't be passed a CallbackInfo as a result
[06Aug2026 12:15:03.309] [main/DEBUG] [mixin/]: simulated.mixins.json:handle.MinecraftMixin from mod simulated->@Inject::makeHandleHandlerCountUsing(Lorg/spongepowered/asm/mixin/injection/callback/CallbackInfo;)V doesn't use it's CallbackInfo
[06Aug2026 12:15:03.309] [main/DEBUG] [mixin/]: simulated.mixins.json:handle.MinecraftMixin from mod simulated->@Inject::makeHandleHandlerCountUsing(Lorg/spongepowered/asm/mixin/injection/callback/CallbackInfo;)V has 0 override(s) in child classes
[06Aug2026 12:15:03.309] [main/DEBUG] [mixin/]: simulated.mixins.json:handle.MinecraftMixin from mod simulated->@Inject::makeHandleHandlerCountUsing(Lorg/spongepowered/asm/mixin/injection/callback/CallbackInfo;)V won't be passed a CallbackInfo as a result
[06Aug2026 12:15:03.309] [main/DEBUG] [mixin/]: simulated.mixins.json:handle.MinecraftMixin from mod simulated->@Inject::makeHandleHandlerCountUsing(Lorg/spongepowered/asm/mixin/injection/callback/CallbackInfo;)V doesn't use it's CallbackInfo
[06Aug2026 12:15:03.309] [main/DEBUG] [mixin/]: simulated.mixins.json:handle.MinecraftMixin from mod simulated->@Inject::makeHandleHandlerCountUsing(Lorg/spongepowered/asm/mixin/injection/callback/CallbackInfo;)V has 0 override(s) in child classes
[06Aug2026 12:15:03.309] [main/DEBUG] [mixin/]: simulated.mixins.json:handle.MinecraftMixin from mod simulated->@Inject::makeHandleHandlerCountUsing(Lorg/spongepowered/asm/mixin/injection/callback/CallbackInfo;)V won't be passed a CallbackInfo as a result
[06Aug2026 12:15:03.310] [main/DEBUG] [mixin/]: flywheel.impl.mixins.json:MinecraftMixin from mod flywheel->@Inject::flywheel$onBeginInitialResourceReload(Lorg/spongepowered/asm/mixin/injection/callback/CallbackInfo;)V doesn't use it's CallbackInfo
[06Aug2026 12:15:03.310] [main/DEBUG] [mixin/]: flywheel.impl.mixins.json:MinecraftMixin from mod flywheel->@Inject::flywheel$onBeginInitialResourceReload(Lorg/spongepowered/asm/mixin/injection/callback/CallbackInfo;)V has 0 override(s) in child classes
[06Aug2026 12:15:03.310] [main/DEBUG] [mixin/]: flywheel.impl.mixins.json:MinecraftMixin from mod flywheel->@Inject::flywheel$onBeginInitialResourceReload(Lorg/spongepowered/asm/mixin/injection/callback/CallbackInfo;)V won't be passed a CallbackInfo as a result
[06Aug2026 12:15:03.310] [main/DEBUG] [mixin/]: flywheel.impl.mixins.json:MinecraftMixin from mod flywheel->@Inject::flywheel$onEndInitialResourceReload(Ljava/lang/Object;Ljava/util/Optional;Lorg/spongepowered/asm/mixin/injection/callback/CallbackInfo;)V doesn't use it's CallbackInfo
[06Aug2026 12:15:03.310] [main/DEBUG] [mixin/]: flywheel.impl.mixins.json:MinecraftMixin from mod flywheel->@Inject::flywheel$onEndInitialResourceReload(Ljava/lang/Object;Ljava/util/Optional;Lorg/spongepowered/asm/mixin/injection/callback/CallbackInfo;)V has 0 override(s) in child classes
[06Aug2026 12:15:03.310] [main/DEBUG] [mixin/]: flywheel.impl.mixins.json:MinecraftMixin from mod flywheel->@Inject::flywheel$onEndInitialResourceReload(Ljava/lang/Object;Ljava/util/Optional;Lorg/spongepowered/asm/mixin/injection/callback/CallbackInfo;)V won't be passed a CallbackInfo as a result
[06Aug2026 12:15:03.310] [main/DEBUG] [mixin/]: flywheel.impl.mixins.json:MinecraftMixin from mod flywheel->@Inject::flywheel$onEndManualResourceReload(ZLjava/lang/Object;Ljava/util/concurrent/CompletableFuture;Ljava/util/Optional;Lorg/spongepowered/asm/mixin/injection/callback/CallbackInfo;)V doesn't use it's CallbackInfo
[06Aug2026 12:15:03.310] [main/DEBUG] [mixin/]: flywheel.impl.mixins.json:MinecraftMixin from mod flywheel->@Inject::flywheel$onEndManualResourceReload(ZLjava/lang/Object;Ljava/util/concurrent/CompletableFuture;Ljava/util/Optional;Lorg/spongepowered/asm/mixin/injection/callback/CallbackInfo;)V has 0 override(s) in child classes
[06Aug2026 12:15:03.310] [main/DEBUG] [mixin/]: flywheel.impl.mixins.json:MinecraftMixin from mod flywheel->@Inject::flywheel$onEndManualResourceReload(ZLjava/lang/Object;Ljava/util/concurrent/CompletableFuture;Ljava/util/Optional;Lorg/spongepowered/asm/mixin/injection/callback/CallbackInfo;)V won't be passed a CallbackInfo as a result
[06Aug2026 12:15:03.311] [main/DEBUG] [mixin/]: ponder-common.mixins.json:client.WindowResizeMixin from mod ponder->@Inject::catnip$updateWindowSize(Lorg/spongepowered/asm/mixin/injection/callback/CallbackInfo;)V doesn't use it's CallbackInfo
[06Aug2026 12:15:03.311] [main/DEBUG] [mixin/]: ponder-common.mixins.json:client.WindowResizeMixin from mod ponder->@Inject::catnip$updateWindowSize(Lorg/spongepowered/asm/mixin/injection/callback/CallbackInfo;)V has 0 override(s) in child classes
[06Aug2026 12:15:03.311] [main/DEBUG] [mixin/]: ponder-common.mixins.json:client.WindowResizeMixin from mod ponder->@Inject::catnip$updateWindowSize(Lorg/spongepowered/asm/mixin/injection/callback/CallbackInfo;)V won't be passed a CallbackInfo as a result
[06Aug2026 12:15:03.311] [main/DEBUG] [mixin/]: sable.mixins.json:camera.new_camera_types.MinecraftMixin from mod sable->@Inject::sable$preCycleCameraType(Lorg/spongepowered/asm/mixin/injection/callback/CallbackInfo;)V doesn't use it's CallbackInfo
[06Aug2026 12:15:03.311] [main/DEBUG] [mixin/]: sable.mixins.json:camera.new_camera_types.MinecraftMixin from mod sable->@Inject::sable$preCycleCameraType(Lorg/spongepowered/asm/mixin/injection/callback/CallbackInfo;)V has 0 override(s) in child classes
[06Aug2026 12:15:03.311] [main/DEBUG] [mixin/]: sable.mixins.json:camera.new_camera_types.MinecraftMixin from mod sable->@Inject::sable$preCycleCameraType(Lorg/spongepowered/asm/mixin/injection/callback/CallbackInfo;)V won't be passed a CallbackInfo as a result
[06Aug2026 12:15:03.311] [main/DEBUG] [mixin/]: sable.mixins.json:camera.new_camera_types.MinecraftMixin from mod sable->@Inject::sable$postCycleCameraType(Lorg/spongepowered/asm/mixin/injection/callback/CallbackInfo;)V doesn't use it's CallbackInfo
[06Aug2026 12:15:03.311] [main/DEBUG] [mixin/]: sable.mixins.json:camera.new_camera_types.MinecraftMixin from mod sable->@Inject::sable$postCycleCameraType(Lorg/spongepowered/asm/mixin/injection/callback/CallbackInfo;)V has 0 override(s) in child classes
[06Aug2026 12:15:03.311] [main/DEBUG] [mixin/]: sable.mixins.json:camera.new_camera_types.MinecraftMixin from mod sable->@Inject::sable$postCycleCameraType(Lorg/spongepowered/asm/mixin/injection/callback/CallbackInfo;)V won't be passed a CallbackInfo as a result
[06Aug2026 12:15:03.311] [main/DEBUG] [mixin/]: sable.mixins.json:plot.MinecraftMixin from mod sable->@Inject::sable$tickPlotContainer(Lorg/spongepowered/asm/mixin/injection/callback/CallbackInfo;)V doesn't use it's CallbackInfo
[06Aug2026 12:15:03.311] [main/DEBUG] [mixin/]: sable.mixins.json:plot.MinecraftMixin from mod sable->@Inject::sable$tickPlotContainer(Lorg/spongepowered/asm/mixin/injection/callback/CallbackInfo;)V has 0 override(s) in child classes
[06Aug2026 12:15:03.311] [main/DEBUG] [mixin/]: sable.mixins.json:plot.MinecraftMixin from mod sable->@Inject::sable$tickPlotContainer(Lorg/spongepowered/asm/mixin/injection/callback/CallbackInfo;)V won't be passed a CallbackInfo as a result
[06Aug2026 12:15:03.311] [main/DEBUG] [mixin/]: sable.mixins.json:punching.MinecraftMixin from mod sable->@Inject::tryPaddling(Lorg/spongepowered/asm/mixin/injection/callback/CallbackInfoReturnable;)V doesn't use it's CallbackInfoReturnable
[06Aug2026 12:15:03.311] [main/DEBUG] [mixin/]: sable.mixins.json:punching.MinecraftMixin from mod sable->@Inject::tryPaddling(Lorg/spongepowered/asm/mixin/injection/callback/CallbackInfoReturnable;)V has 0 override(s) in child classes
[06Aug2026 12:15:03.311] [main/DEBUG] [mixin/]: sable.mixins.json:punching.MinecraftMixin from mod sable->@Inject::tryPaddling(Lorg/spongepowered/asm/mixin/injection/callback/CallbackInfoReturnable;)V won't be passed a CallbackInfoReturnable as a result
[06Aug2026 12:15:03.353] [main/DEBUG] [mixin/]: Mixing client.DebugMainMixin from veil.debug.mixins.json into net.minecraft.client.main.Main
[06Aug2026 12:15:03.354] [main/DEBUG] [mixin/]: Renaming synthetic method lambda$preMain$0(Ljava/util/concurrent/atomic/AtomicBoolean;)V to mdb5b860$veil$lambda$preMain$0$0 in veil.debug.mixins.json:client.DebugMainMixin from mod veil
[06Aug2026 12:15:03.380] [main/DEBUG] [mixin/]: veil.debug.mixins.json:client.DebugMainMixin from mod veil->@Inject::preMain(Lorg/spongepowered/asm/mixin/injection/callback/CallbackInfo;)V doesn't use it's CallbackInfo
[06Aug2026 12:15:03.450] [main/DEBUG] [io.netty.util.internal.logging.InternalLoggerFactory/]: Using SLF4J as the default logging framework
[06Aug2026 12:15:03.452] [main/DEBUG] [io.netty.util.ResourceLeakDetector/]: -Dio.netty.leakDetection.level: simple
[06Aug2026 12:15:03.452] [main/DEBUG] [io.netty.util.ResourceLeakDetector/]: -Dio.netty.leakDetection.targetRecords: 4
[06Aug2026 12:15:03.464] [main/DEBUG] [mixin/]: Mixing accessor.NbtAccounterAccessor from create.mixins.json into net.minecraft.nbt.NbtAccounter
[06Aug2026 12:15:03.549] [main/DEBUG] [mixin/]: Mixing datafixer.BlockPosFormatAndRenamesFixMixin from create.mixins.json into net.minecraft.util.datafix.fixes.BlockPosFormatAndRenamesFix
[06Aug2026 12:15:03.549] [main/DEBUG] [mixin/]: Renaming synthetic method lambda$create$addFixers$2(Lcom/mojang/datafixers/OpticFinder;Lcom/simibubi/create/foundation/utility/DataFixerHelper$BlockPosFixer;Lcom/mojang/datafixers/Typed;)Lcom/mojang/datafixers/Typed; to mdb5b860$create$lambda$create$addFixers$2$0 in create.mixins.json:datafixer.BlockPosFormatAndRenamesFixMixin from mod create
[06Aug2026 12:15:03.549] [main/DEBUG] [mixin/]: Renaming synthetic method lambda$create$addFixers$1(Lcom/simibubi/create/foundation/utility/DataFixerHelper$BlockPosFixer;Lcom/mojang/datafixers/Typed;)Lcom/mojang/datafixers/Typed; to mdb5b860$create$lambda$create$addFixers$1$1 in create.mixins.json:datafixer.BlockPosFormatAndRenamesFixMixin from mod create
[06Aug2026 12:15:03.549] [main/DEBUG] [mixin/]: Renaming synthetic method lambda$create$addFixers$0(Lcom/simibubi/create/foundation/utility/DataFixerHelper$BlockPosFixer;Lcom/mojang/serialization/Dynamic;)Lcom/mojang/serialization/Dynamic; to mdb5b860$create$lambda$create$addFixers$0$2 in create.mixins.json:datafixer.BlockPosFormatAndRenamesFixMixin from mod create
[06Aug2026 12:15:03.559] [main/DEBUG] [mixin/]: create.mixins.json:datafixer.BlockPosFormatAndRenamesFixMixin from mod create->@Inject::create$addFixers(Lorg/spongepowered/asm/mixin/injection/callback/CallbackInfoReturnable;)V doesn't use it's CallbackInfoReturnable
[06Aug2026 12:15:03.559] [main/DEBUG] [mixin/]: create.mixins.json:datafixer.BlockPosFormatAndRenamesFixMixin from mod create->@Inject::create$addFixers(Lorg/spongepowered/asm/mixin/injection/callback/CallbackInfoReturnable;)V has 0 override(s) in child classes
[06Aug2026 12:15:03.559] [main/DEBUG] [mixin/]: create.mixins.json:datafixer.BlockPosFormatAndRenamesFixMixin from mod create->@Inject::create$addFixers(Lorg/spongepowered/asm/mixin/injection/callback/CallbackInfoReturnable;)V won't be passed a CallbackInfoReturnable as a result
[06Aug2026 12:15:03.564] [main/DEBUG] [mixin/]: Mixing datafixer.ItemStackComponentizationFixMixin from create.mixins.json into net.minecraft.util.datafix.fixes.ItemStackComponentizationFix
[06Aug2026 12:15:03.564] [main/DEBUG] [mixin/]: Renaming synthetic method lambda$create$moveItemStackHandlerToItemContainerContents$4(Lcom/mojang/serialization/Dynamic;Lnet/minecraft/util/datafix/fixes/ItemStackComponentizationFix$ItemStackData;Ljava/lang/String;Lcom/mojang/serialization/Dynamic;)V to mdb5b860$create$lambda$create$moveItemStackHandlerToItemContainerContents$4$0 in create.mixins.json:datafixer.ItemStackComponentizationFixMixin from mod create
[06Aug2026 12:15:03.564] [main/DEBUG] [mixin/]: Renaming synthetic method lambda$create$moveItemStackHandlerToItemContainerContents$3(Lcom/mojang/serialization/Dynamic;Ljava/util/List;Lcom/mojang/serialization/Dynamic;)V to mdb5b860$create$lambda$create$moveItemStackHandlerToItemContainerContents$3$1 in create.mixins.json:datafixer.ItemStackComponentizationFixMixin from mod create
[06Aug2026 12:15:03.564] [main/DEBUG] [mixin/]: Renaming synthetic method lambda$create$moveTagToEnumComponent$2([Ljava/lang/Enum;Lnet/minecraft/util/datafix/fixes/ItemStackComponentizationFix$ItemStackData;Ljava/lang/String;Lcom/mojang/serialization/Dynamic;)V to mdb5b860$create$lambda$create$moveTagToEnumComponent$2$2 in create.mixins.json:datafixer.ItemStackComponentizationFixMixin from mod create
[06Aug2026 12:15:03.564] [main/DEBUG] [mixin/]: Renaming synthetic method lambda$create$fixItemsAndTranslateNBTIntoComponents$1(Lnet/minecraft/util/datafix/fixes/ItemStackComponentizationFix$ItemStackData;Lcom/mojang/serialization/Dynamic;)V to mdb5b860$create$lambda$create$fixItemsAndTranslateNBTIntoComponents$1$3 in create.mixins.json:datafixer.ItemStackComponentizationFixMixin from mod create
[06Aug2026 12:15:03.564] [main/DEBUG] [mixin/]: Renaming synthetic method lambda$create$fixItemsAndTranslateNBTIntoComponents$0(Lcom/mojang/serialization/Dynamic;Lnet/minecraft/util/datafix/fixes/ItemStackComponentizationFix$ItemStackData;Lcom/mojang/serialization/Dynamic;)V to mdb5b860$create$lambda$create$fixItemsAndTranslateNBTIntoComponents$0$4 in create.mixins.json:datafixer.ItemStackComponentizationFixMixin from mod create
[06Aug2026 12:15:03.589] [main/DEBUG] [mixin/]: create.mixins.json:datafixer.ItemStackComponentizationFixMixin from mod create->@Inject::create$fixItemsAndTranslateNBTIntoComponents(Lnet/minecraft/util/datafix/fixes/ItemStackComponentizationFix$ItemStackData;Lcom/mojang/serialization/Dynamic;Lorg/spongepowered/asm/mixin/injection/callback/CallbackInfo;)V doesn't use it's CallbackInfo
[06Aug2026 12:15:03.808] [main/DEBUG] [mixin/]: Mixing datafixer.V1460Mixin from create.mixins.json into net.minecraft.util.datafix.schemas.V1460
[06Aug2026 12:15:03.811] [main/DEBUG] [mixin/]: create.mixins.json:datafixer.V1460Mixin from mod create->@Inject::create$registerEntitiesToBeFixed(Lcom/mojang/datafixers/schemas/Schema;Lorg/spongepowered/asm/mixin/injection/callback/CallbackInfoReturnable;)V does use it's CallbackInfoReturnable
[06Aug2026 12:15:03.811] [main/DEBUG] [mixin/]: create.mixins.json:datafixer.V1460Mixin from mod create->@Inject::create$registerBlockEntitiesToBeFixed(Lcom/mojang/datafixers/schemas/Schema;Lorg/spongepowered/asm/mixin/injection/callback/CallbackInfoReturnable;)V does use it's CallbackInfoReturnable
[06Aug2026 12:15:04.025] [main/DEBUG] [mixin/]: Mixing accessor.SystemReportAccessor from create.mixins.json into net.minecraft.SystemReport
[06Aug2026 12:15:04.026] [main/DEBUG] [mixin/]: Renaming @Accessor method getOPERATING_SYSTEM()Ljava/lang/String; to getOPERATING_SYSTEM$create_$md$b5b860$0 in create.mixins.json:accessor.SystemReportAccessor from mod create
[06Aug2026 12:15:04.026] [main/DEBUG] [mixin/]: Renaming @Accessor method getJAVA_VERSION()Ljava/lang/String; to getJAVA_VERSION$create_$md$b5b860$1 in create.mixins.json:accessor.SystemReportAccessor from mod create
[06Aug2026 12:15:04.038] [main/DEBUG] [oshi.util.FileUtil/]: No oshi.properties file found from ClassLoader cpw.mods.modlauncher.TransformingClassLoader@b174a73
[06Aug2026 12:15:04.077] [main/DEBUG] [oshi.util.FileUtil/]: Reading file /proc/self/auxv
[06Aug2026 12:15:04.077] [main/DEBUG] [oshi.util.FileUtil/]: Reading file /proc/self/auxv
[06Aug2026 12:15:04.083] [main/DEBUG] [oshi.util.FileUtil/]: Reading file /proc/stat
[06Aug2026 12:15:04.089] [main/DEBUG] [oshi.util.FileUtil/]: Reading file /sys/devices/system/cpu/cpu0/topology/core_id
[06Aug2026 12:15:04.090] [main/DEBUG] [oshi.util.FileUtil/]: Reading file /sys/devices/system/cpu/cpu0/topology/core_id
[06Aug2026 12:15:04.090] [main/DEBUG] [oshi.util.FileUtil/]: Reading file /sys/devices/system/cpu/cpu0/topology/physical_package_id
[06Aug2026 12:15:04.090] [main/DEBUG] [oshi.util.FileUtil/]: Reading file /sys/devices/system/cpu/cpu0/topology/physical_package_id
[06Aug2026 12:15:04.090] [main/DEBUG] [oshi.util.FileUtil/]: Reading file /sys/devices/system/cpu/cpu0/cpu_capacity
[06Aug2026 12:15:04.090] [main/DEBUG] [oshi.util.FileUtil/]: Reading file /sys/devices/system/cpu/cpu0/cpu_capacity
[06Aug2026 12:15:04.091] [main/DEBUG] [oshi.util.FileUtil/]: Reading file /sys/devices/system/cpu/cpu0/cache/index2/level
[06Aug2026 12:15:04.091] [main/DEBUG] [oshi.util.FileUtil/]: Reading file /sys/devices/system/cpu/cpu0/cache/index2/level
[06Aug2026 12:15:04.091] [main/DEBUG] [oshi.util.FileUtil/]: Reading file /sys/devices/system/cpu/cpu0/cache/index2/type
[06Aug2026 12:15:04.091] [main/DEBUG] [oshi.util.FileUtil/]: Reading file /sys/devices/system/cpu/cpu0/cache/index2/type
[06Aug2026 12:15:04.091] [main/DEBUG] [oshi.util.FileUtil/]: Reading file /sys/devices/system/cpu/cpu0/cache/index2/ways_of_associativity
[06Aug2026 12:15:04.091] [main/DEBUG] [oshi.util.FileUtil/]: Reading file /sys/devices/system/cpu/cpu0/cache/index2/ways_of_associativity
[06Aug2026 12:15:04.091] [main/DEBUG] [oshi.util.FileUtil/]: Reading file /sys/devices/system/cpu/cpu0/cache/index2/coherency_line_size
[06Aug2026 12:15:04.092] [main/DEBUG] [oshi.util.FileUtil/]: Reading file /sys/devices/system/cpu/cpu0/cache/index2/coherency_line_size
[06Aug2026 12:15:04.092] [main/DEBUG] [oshi.util.FileUtil/]: Reading file /sys/devices/system/cpu/cpu0/cache/index2/size
[06Aug2026 12:15:04.092] [main/DEBUG] [oshi.util.FileUtil/]: Reading file /sys/devices/system/cpu/cpu0/cache/index2/size
[06Aug2026 12:15:04.092] [main/DEBUG] [oshi.util.FileUtil/]: Reading file /sys/devices/system/cpu/cpu0/cache/index0/level
[06Aug2026 12:15:04.092] [main/DEBUG] [oshi.util.FileUtil/]: Reading file /sys/devices/system/cpu/cpu0/cache/index0/level
[06Aug2026 12:15:04.092] [main/DEBUG] [oshi.util.FileUtil/]: Reading file /sys/devices/system/cpu/cpu0/cache/index0/type
[06Aug2026 12:15:04.092] [main/DEBUG] [oshi.util.FileUtil/]: Reading file /sys/devices/system/cpu/cpu0/cache/index0/type
[06Aug2026 12:15:04.092] [main/DEBUG] [oshi.util.FileUtil/]: Reading file /sys/devices/system/cpu/cpu0/cache/index0/ways_of_associativity
[06Aug2026 12:15:04.092] [main/DEBUG] [oshi.util.FileUtil/]: Reading file /sys/devices/system/cpu/cpu0/cache/index0/ways_of_associativity
[06Aug2026 12:15:04.093] [main/DEBUG] [oshi.util.FileUtil/]: Reading file /sys/devices/system/cpu/cpu0/cache/index0/coherency_line_size
[06Aug2026 12:15:04.093] [main/DEBUG] [oshi.util.FileUtil/]: Reading file /sys/devices/system/cpu/cpu0/cache/index0/coherency_line_size
[06Aug2026 12:15:04.093] [main/DEBUG] [oshi.util.FileUtil/]: Reading file /sys/devices/system/cpu/cpu0/cache/index0/size
[06Aug2026 12:15:04.093] [main/DEBUG] [oshi.util.FileUtil/]: Reading file /sys/devices/system/cpu/cpu0/cache/index0/size
[06Aug2026 12:15:04.093] [main/DEBUG] [oshi.util.FileUtil/]: Reading file /sys/devices/system/cpu/cpu0/cache/index3/level
[06Aug2026 12:15:04.093] [main/DEBUG] [oshi.util.FileUtil/]: Reading file /sys/devices/system/cpu/cpu0/cache/index3/level
[06Aug2026 12:15:04.093] [main/DEBUG] [oshi.util.FileUtil/]: Reading file /sys/devices/system/cpu/cpu0/cache/index3/type
[06Aug2026 12:15:04.093] [main/DEBUG] [oshi.util.FileUtil/]: Reading file /sys/devices/system/cpu/cpu0/cache/index3/type
[06Aug2026 12:15:04.093] [main/DEBUG] [oshi.util.FileUtil/]: Reading file /sys/devices/system/cpu/cpu0/cache/index3/ways_of_associativity
[06Aug2026 12:15:04.093] [main/DEBUG] [oshi.util.FileUtil/]: Reading file /sys/devices/system/cpu/cpu0/cache/index3/ways_of_associativity
[06Aug2026 12:15:04.093] [main/DEBUG] [oshi.util.FileUtil/]: Reading file /sys/devices/system/cpu/cpu0/cache/index3/coherency_line_size
[06Aug2026 12:15:04.093] [main/DEBUG] [oshi.util.FileUtil/]: Reading file /sys/devices/system/cpu/cpu0/cache/index3/coherency_line_size
[06Aug2026 12:15:04.093] [main/DEBUG] [oshi.util.FileUtil/]: Reading file /sys/devices/system/cpu/cpu0/cache/index3/size
[06Aug2026 12:15:04.093] [main/DEBUG] [oshi.util.FileUtil/]: Reading file /sys/devices/system/cpu/cpu0/cache/index3/size
[06Aug2026 12:15:04.094] [main/DEBUG] [oshi.util.FileUtil/]: Reading file /sys/devices/system/cpu/cpu0/cache/index1/level
[06Aug2026 12:15:04.094] [main/DEBUG] [oshi.util.FileUtil/]: Reading file /sys/devices/system/cpu/cpu0/cache/index1/level
[06Aug2026 12:15:04.094] [main/DEBUG] [oshi.util.FileUtil/]: Reading file /sys/devices/system/cpu/cpu0/cache/index1/type
[06Aug2026 12:15:04.094] [main/DEBUG] [oshi.util.FileUtil/]: Reading file /sys/devices/system/cpu/cpu0/cache/index1/type
[06Aug2026 12:15:04.094] [main/DEBUG] [oshi.util.FileUtil/]: Reading file /sys/devices/system/cpu/cpu0/cache/index1/ways_of_associativity
[06Aug2026 12:15:04.094] [main/DEBUG] [oshi.util.FileUtil/]: Reading file /sys/devices/system/cpu/cpu0/cache/index1/ways_of_associativity
[06Aug2026 12:15:04.094] [main/DEBUG] [oshi.util.FileUtil/]: Reading file /sys/devices/system/cpu/cpu0/cache/index1/coherency_line_size
[06Aug2026 12:15:04.094] [main/DEBUG] [oshi.util.FileUtil/]: Reading file /sys/devices/system/cpu/cpu0/cache/index1/coherency_line_size
[06Aug2026 12:15:04.094] [main/DEBUG] [oshi.util.FileUtil/]: Reading file /sys/devices/system/cpu/cpu0/cache/index1/size
[06Aug2026 12:15:04.094] [main/DEBUG] [oshi.util.FileUtil/]: Reading file /sys/devices/system/cpu/cpu0/cache/index1/size
[06Aug2026 12:15:04.095] [main/DEBUG] [oshi.util.FileUtil/]: Reading file /sys/devices/system/cpu/cpu1/topology/core_id
[06Aug2026 12:15:04.095] [main/DEBUG] [oshi.util.FileUtil/]: Reading file /sys/devices/system/cpu/cpu1/topology/core_id
[06Aug2026 12:15:04.095] [main/DEBUG] [oshi.util.FileUtil/]: Reading file /sys/devices/system/cpu/cpu1/topology/physical_package_id
[06Aug2026 12:15:04.095] [main/DEBUG] [oshi.util.FileUtil/]: Reading file /sys/devices/system/cpu/cpu1/topology/physical_package_id
[06Aug2026 12:15:04.095] [main/DEBUG] [oshi.util.FileUtil/]: Reading file /sys/devices/system/cpu/cpu1/cpu_capacity
[06Aug2026 12:15:04.095] [main/DEBUG] [oshi.util.FileUtil/]: Reading file /sys/devices/system/cpu/cpu1/cpu_capacity
[06Aug2026 12:15:04.095] [main/DEBUG] [oshi.util.FileUtil/]: Reading file /sys/devices/system/cpu/cpu1/cache/index2/level
[06Aug2026 12:15:04.095] [main/DEBUG] [oshi.util.FileUtil/]: Reading file /sys/devices/system/cpu/cpu1/cache/index2/level
[06Aug2026 12:15:04.095] [main/DEBUG] [oshi.util.FileUtil/]: Reading file /sys/devices/system/cpu/cpu1/cache/index2/type
[06Aug2026 12:15:04.096] [main/DEBUG] [oshi.util.FileUtil/]: Reading file /sys/devices/system/cpu/cpu1/cache/index2/type
[06Aug2026 12:15:04.096] [main/DEBUG] [oshi.util.FileUtil/]: Reading file /sys/devices/system/cpu/cpu1/cache/index2/ways_of_associativity
[06Aug2026 12:15:04.096] [main/DEBUG] [oshi.util.FileUtil/]: Reading file /sys/devices/system/cpu/cpu1/cache/index2/ways_of_associativity
[06Aug2026 12:15:04.096] [main/DEBUG] [oshi.util.FileUtil/]: Reading file /sys/devices/system/cpu/cpu1/cache/index2/coherency_line_size
[06Aug2026 12:15:04.096] [main/DEBUG] [oshi.util.FileUtil/]: Reading file /sys/devices/system/cpu/cpu1/cache/index2/coherency_line_size
[06Aug2026 12:15:04.096] [main/DEBUG] [oshi.util.FileUtil/]: Reading file /sys/devices/system/cpu/cpu1/cache/index2/size
[06Aug2026 12:15:04.096] [main/DEBUG] [oshi.util.FileUtil/]: Reading file /sys/devices/system/cpu/cpu1/cache/index2/size
[06Aug2026 12:15:04.096] [main/DEBUG] [oshi.util.FileUtil/]: Reading file /sys/devices/system/cpu/cpu1/cache/index0/level
[06Aug2026 12:15:04.096] [main/DEBUG] [oshi.util.FileUtil/]: Reading file /sys/devices/system/cpu/cpu1/cache/index0/level
[06Aug2026 12:15:04.096] [main/DEBUG] [oshi.util.FileUtil/]: Reading file /sys/devices/system/cpu/cpu1/cache/index0/type
[06Aug2026 12:15:04.096] [main/DEBUG] [oshi.util.FileUtil/]: Reading file /sys/devices/system/cpu/cpu1/cache/index0/type
[06Aug2026 12:15:04.096] [main/DEBUG] [oshi.util.FileUtil/]: Reading file /sys/devices/system/cpu/cpu1/cache/index0/ways_of_associativity
[06Aug2026 12:15:04.096] [main/DEBUG] [oshi.util.FileUtil/]: Reading file /sys/devices/system/cpu/cpu1/cache/index0/ways_of_associativity
[06Aug2026 12:15:04.096] [main/DEBUG] [oshi.util.FileUtil/]: Reading file /sys/devices/system/cpu/cpu1/cache/index0/coherency_line_size
[06Aug2026 12:15:04.096] [main/DEBUG] [oshi.util.FileUtil/]: Reading file /sys/devices/system/cpu/cpu1/cache/index0/coherency_line_size
[06Aug2026 12:15:04.096] [main/DEBUG] [oshi.util.FileUtil/]: Reading file /sys/devices/system/cpu/cpu1/cache/index0/size
[06Aug2026 12:15:04.096] [main/DEBUG] [oshi.util.FileUtil/]: Reading file /sys/devices/system/cpu/cpu1/cache/index0/size
[06Aug2026 12:15:04.097] [main/DEBUG] [oshi.util.FileUtil/]: Reading file /sys/devices/system/cpu/cpu1/cache/index3/level
[06Aug2026 12:15:04.097] [main/DEBUG] [oshi.util.FileUtil/]: Reading file /sys/devices/system/cpu/cpu1/cache/index3/level
[06Aug2026 12:15:04.097] [main/DEBUG] [oshi.util.FileUtil/]: Reading file /sys/devices/system/cpu/cpu1/cache/index3/type
[06Aug2026 12:15:04.097] [main/DEBUG] [oshi.util.FileUtil/]: Reading file /sys/devices/system/cpu/cpu1/cache/index3/type
[06Aug2026 12:15:04.097] [main/DEBUG] [oshi.util.FileUtil/]: Reading file /sys/devices/system/cpu/cpu1/cache/index3/ways_of_associativity
[06Aug2026 12:15:04.097] [main/DEBUG] [oshi.util.FileUtil/]: Reading file /sys/devices/system/cpu/cpu1/cache/index3/ways_of_associativity
[06Aug2026 12:15:04.097] [main/DEBUG] [oshi.util.FileUtil/]: Reading file /sys/devices/system/cpu/cpu1/cache/index3/coherency_line_size
[06Aug2026 12:15:04.097] [main/DEBUG] [oshi.util.FileUtil/]: Reading file /sys/devices/system/cpu/cpu1/cache/index3/coherency_line_size
[06Aug2026 12:15:04.097] [main/DEBUG] [oshi.util.FileUtil/]: Reading file /sys/devices/system/cpu/cpu1/cache/index3/size
[06Aug2026 12:15:04.097] [main/DEBUG] [oshi.util.FileUtil/]: Reading file /sys/devices/system/cpu/cpu1/cache/index3/size
[06Aug2026 12:15:04.097] [main/DEBUG] [oshi.util.FileUtil/]: Reading file /sys/devices/system/cpu/cpu1/cache/index1/level
[06Aug2026 12:15:04.097] [main/DEBUG] [oshi.util.FileUtil/]: Reading file /sys/devices/system/cpu/cpu1/cache/index1/level
[06Aug2026 12:15:04.097] [main/DEBUG] [oshi.util.FileUtil/]: Reading file /sys/devices/system/cpu/cpu1/cache/index1/type
[06Aug2026 12:15:04.097] [main/DEBUG] [oshi.util.FileUtil/]: Reading file /sys/devices/system/cpu/cpu1/cache/index1/type
[06Aug2026 12:15:04.097] [main/DEBUG] [oshi.util.FileUtil/]: Reading file /sys/devices/system/cpu/cpu1/cache/index1/ways_of_associativity
[06Aug2026 12:15:04.097] [main/DEBUG] [oshi.util.FileUtil/]: Reading file /sys/devices/system/cpu/cpu1/cache/index1/ways_of_associativity
[06Aug2026 12:15:04.098] [main/DEBUG] [oshi.util.FileUtil/]: Reading file /sys/devices/system/cpu/cpu1/cache/index1/coherency_line_size
[06Aug2026 12:15:04.098] [main/DEBUG] [oshi.util.FileUtil/]: Reading file /sys/devices/system/cpu/cpu1/cache/index1/coherency_line_size
[06Aug2026 12:15:04.098] [main/DEBUG] [oshi.util.FileUtil/]: Reading file /sys/devices/system/cpu/cpu1/cache/index1/size
[06Aug2026 12:15:04.098] [main/DEBUG] [oshi.util.FileUtil/]: Reading file /sys/devices/system/cpu/cpu1/cache/index1/size
[06Aug2026 12:15:04.098] [main/DEBUG] [oshi.util.FileUtil/]: Reading file /sys/devices/system/cpu/cpu10/topology/core_id
[06Aug2026 12:15:04.098] [main/DEBUG] [oshi.util.FileUtil/]: Reading file /sys/devices/system/cpu/cpu10/topology/core_id
[06Aug2026 12:15:04.098] [main/DEBUG] [oshi.util.FileUtil/]: Reading file /sys/devices/system/cpu/cpu10/topology/physical_package_id
[06Aug2026 12:15:04.098] [main/DEBUG] [oshi.util.FileUtil/]: Reading file /sys/devices/system/cpu/cpu10/topology/physical_package_id
[06Aug2026 12:15:04.098] [main/DEBUG] [oshi.util.FileUtil/]: Reading file /sys/devices/system/cpu/cpu10/cpu_capacity
[06Aug2026 12:15:04.098] [main/DEBUG] [oshi.util.FileUtil/]: Reading file /sys/devices/system/cpu/cpu10/cpu_capacity
[06Aug2026 12:15:04.099] [main/DEBUG] [oshi.util.FileUtil/]: Reading file /sys/devices/system/cpu/cpu10/cache/index2/level
[06Aug2026 12:15:04.099] [main/DEBUG] [oshi.util.FileUtil/]: Reading file /sys/devices/system/cpu/cpu10/cache/index2/level
[06Aug2026 12:15:04.099] [main/DEBUG] [oshi.util.FileUtil/]: Reading file /sys/devices/system/cpu/cpu10/cache/index2/type
[06Aug2026 12:15:04.099] [main/DEBUG] [oshi.util.FileUtil/]: Reading file /sys/devices/system/cpu/cpu10/cache/index2/type
[06Aug2026 12:15:04.099] [main/DEBUG] [oshi.util.FileUtil/]: Reading file /sys/devices/system/cpu/cpu10/cache/index2/ways_of_associativity
[06Aug2026 12:15:04.099] [main/DEBUG] [oshi.util.FileUtil/]: Reading file /sys/devices/system/cpu/cpu10/cache/index2/ways_of_associativity
[06Aug2026 12:15:04.099] [main/DEBUG] [oshi.util.FileUtil/]: Reading file /sys/devices/system/cpu/cpu10/cache/index2/coherency_line_size
[06Aug2026 12:15:04.099] [main/DEBUG] [oshi.util.FileUtil/]: Reading file /sys/devices/system/cpu/cpu10/cache/index2/coherency_line_size
[06Aug2026 12:15:04.099] [main/DEBUG] [oshi.util.FileUtil/]: Reading file /sys/devices/system/cpu/cpu10/cache/index2/size
[06Aug2026 12:15:04.099] [main/DEBUG] [oshi.util.FileUtil/]: Reading file /sys/devices/system/cpu/cpu10/cache/index2/size
[06Aug2026 12:15:04.099] [main/DEBUG] [oshi.util.FileUtil/]: Reading file /sys/devices/system/cpu/cpu10/cache/index0/level
[06Aug2026 12:15:04.099] [main/DEBUG] [oshi.util.FileUtil/]: Reading file /sys/devices/system/cpu/cpu10/cache/index0/level
[06Aug2026 12:15:04.099] [main/DEBUG] [oshi.util.FileUtil/]: Reading file /sys/devices/system/cpu/cpu10/cache/index0/type
[06Aug2026 12:15:04.099] [main/DEBUG] [oshi.util.FileUtil/]: Reading file /sys/devices/system/cpu/cpu10/cache/index0/type
[06Aug2026 12:15:04.099] [main/DEBUG] [oshi.util.FileUtil/]: Reading file /sys/devices/system/cpu/cpu10/cache/index0/ways_of_associativity
[06Aug2026 12:15:04.099] [main/DEBUG] [oshi.util.FileUtil/]: Reading file /sys/devices/system/cpu/cpu10/cache/index0/ways_of_associativity
[06Aug2026 12:15:04.100] [main/DEBUG] [oshi.util.FileUtil/]: Reading file /sys/devices/system/cpu/cpu10/cache/index0/coherency_line_size
[06Aug2026 12:15:04.100] [main/DEBUG] [oshi.util.FileUtil/]: Reading file /sys/devices/system/cpu/cpu10/cache/index0/coherency_line_size
[06Aug2026 12:15:04.100] [main/DEBUG] [oshi.util.FileUtil/]: Reading file /sys/devices/system/cpu/cpu10/cache/index0/size
[06Aug2026 12:15:04.100] [main/DEBUG] [oshi.util.FileUtil/]: Reading file /sys/devices/system/cpu/cpu10/cache/index0/size
[06Aug2026 12:15:04.100] [main/DEBUG] [oshi.util.FileUtil/]: Reading file /sys/devices/system/cpu/cpu10/cache/index3/level
[06Aug2026 12:15:04.100] [main/DEBUG] [oshi.util.FileUtil/]: Reading file /sys/devices/system/cpu/cpu10/cache/index3/level
[06Aug2026 12:15:04.100] [main/DEBUG] [oshi.util.FileUtil/]: Reading file /sys/devices/system/cpu/cpu10/cache/index3/type
[06Aug2026 12:15:04.100] [main/DEBUG] [oshi.util.FileUtil/]: Reading file /sys/devices/system/cpu/cpu10/cache/index3/type
[06Aug2026 12:15:04.100] [main/DEBUG] [oshi.util.FileUtil/]: Reading file /sys/devices/system/cpu/cpu10/cache/index3/ways_of_associativity
[06Aug2026 12:15:04.100] [main/DEBUG] [oshi.util.FileUtil/]: Reading file /sys/devices/system/cpu/cpu10/cache/index3/ways_of_associativity
[06Aug2026 12:15:04.100] [main/DEBUG] [oshi.util.FileUtil/]: Reading file /sys/devices/system/cpu/cpu10/cache/index3/coherency_line_size
[06Aug2026 12:15:04.100] [main/DEBUG] [oshi.util.FileUtil/]: Reading file /sys/devices/system/cpu/cpu10/cache/index3/coherency_line_size
[06Aug2026 12:15:04.100] [main/DEBUG] [oshi.util.FileUtil/]: Reading file /sys/devices/system/cpu/cpu10/cache/index3/size
[06Aug2026 12:15:04.100] [main/DEBUG] [oshi.util.FileUtil/]: Reading file /sys/devices/system/cpu/cpu10/cache/index3/size
[06Aug2026 12:15:04.100] [main/DEBUG] [oshi.util.FileUtil/]: Reading file /sys/devices/system/cpu/cpu10/cache/index1/level
[06Aug2026 12:15:04.100] [main/DEBUG] [oshi.util.FileUtil/]: Reading file /sys/devices/system/cpu/cpu10/cache/index1/level
[06Aug2026 12:15:04.101] [main/DEBUG] [oshi.util.FileUtil/]: Reading file /sys/devices/system/cpu/cpu10/cache/index1/type
[06Aug2026 12:15:04.101] [main/DEBUG] [oshi.util.FileUtil/]: Reading file /sys/devices/system/cpu/cpu10/cache/index1/type
[06Aug2026 12:15:04.101] [main/DEBUG] [oshi.util.FileUtil/]: Reading file /sys/devices/system/cpu/cpu10/cache/index1/ways_of_associativity
[06Aug2026 12:15:04.101] [main/DEBUG] [oshi.util.FileUtil/]: Reading file /sys/devices/system/cpu/cpu10/cache/index1/ways_of_associativity
[06Aug2026 12:15:04.101] [main/DEBUG] [oshi.util.FileUtil/]: Reading file /sys/devices/system/cpu/cpu10/cache/index1/coherency_line_size
[06Aug2026 12:15:04.101] [main/DEBUG] [oshi.util.FileUtil/]: Reading file /sys/devices/system/cpu/cpu10/cache/index1/coherency_line_size
[06Aug2026 12:15:04.101] [main/DEBUG] [oshi.util.FileUtil/]: Reading file /sys/devices/system/cpu/cpu10/cache/index1/size
[06Aug2026 12:15:04.101] [main/DEBUG] [oshi.util.FileUtil/]: Reading file /sys/devices/system/cpu/cpu10/cache/index1/size
[06Aug2026 12:15:04.101] [main/DEBUG] [oshi.util.FileUtil/]: Reading file /sys/devices/system/cpu/cpu11/topology/core_id
[06Aug2026 12:15:04.101] [main/DEBUG] [oshi.util.FileUtil/]: Reading file /sys/devices/system/cpu/cpu11/topology/core_id
[06Aug2026 12:15:04.101] [main/DEBUG] [oshi.util.FileUtil/]: Reading file /sys/devices/system/cpu/cpu11/topology/physical_package_id
[06Aug2026 12:15:04.101] [main/DEBUG] [oshi.util.FileUtil/]: Reading file /sys/devices/system/cpu/cpu11/topology/physical_package_id
[06Aug2026 12:15:04.102] [main/DEBUG] [oshi.util.FileUtil/]: Reading file /sys/devices/system/cpu/cpu11/cpu_capacity
[06Aug2026 12:15:04.102] [main/DEBUG] [oshi.util.FileUtil/]: Reading file /sys/devices/system/cpu/cpu11/cpu_capacity
[06Aug2026 12:15:04.102] [main/DEBUG] [oshi.util.FileUtil/]: Reading file /sys/devices/system/cpu/cpu11/cache/index2/level
[06Aug2026 12:15:04.102] [main/DEBUG] [oshi.util.FileUtil/]: Reading file /sys/devices/system/cpu/cpu11/cache/index2/level
[06Aug2026 12:15:04.102] [main/DEBUG] [oshi.util.FileUtil/]: Reading file /sys/devices/system/cpu/cpu11/cache/index2/type
[06Aug2026 12:15:04.102] [main/DEBUG] [oshi.util.FileUtil/]: Reading file /sys/devices/system/cpu/cpu11/cache/index2/type
[06Aug2026 12:15:04.102] [main/DEBUG] [oshi.util.FileUtil/]: Reading file /sys/devices/system/cpu/cpu11/cache/index2/ways_of_associativity
[06Aug2026 12:15:04.102] [main/DEBUG] [oshi.util.FileUtil/]: Reading file /sys/devices/system/cpu/cpu11/cache/index2/ways_of_associativity
[06Aug2026 12:15:04.102] [main/DEBUG] [oshi.util.FileUtil/]: Reading file /sys/devices/system/cpu/cpu11/cache/index2/coherency_line_size
[06Aug2026 12:15:04.102] [main/DEBUG] [oshi.util.FileUtil/]: Reading file /sys/devices/system/cpu/cpu11/cache/index2/coherency_line_size
[06Aug2026 12:15:04.102] [main/DEBUG] [oshi.util.FileUtil/]: Reading file /sys/devices/system/cpu/cpu11/cache/index2/size
[06Aug2026 12:15:04.102] [main/DEBUG] [oshi.util.FileUtil/]: Reading file /sys/devices/system/cpu/cpu11/cache/index2/size
[06Aug2026 12:15:04.102] [main/DEBUG] [oshi.util.FileUtil/]: Reading file /sys/devices/system/cpu/cpu11/cache/index0/level
[06Aug2026 12:15:04.102] [main/DEBUG] [oshi.util.FileUtil/]: Reading file /sys/devices/system/cpu/cpu11/cache/index0/level
[06Aug2026 12:15:04.102] [main/DEBUG] [oshi.util.FileUtil/]: Reading file /sys/devices/system/cpu/cpu11/cache/index0/type
[06Aug2026 12:15:04.102] [main/DEBUG] [oshi.util.FileUtil/]: Reading file /sys/devices/system/cpu/cpu11/cache/index0/type
[06Aug2026 12:15:04.103] [main/DEBUG] [oshi.util.FileUtil/]: Reading file /sys/devices/system/cpu/cpu11/cache/index0/ways_of_associativity
[06Aug2026 12:15:04.103] [main/DEBUG] [oshi.util.FileUtil/]: Reading file /sys/devices/system/cpu/cpu11/cache/index0/ways_of_associativity
[06Aug2026 12:15:04.103] [main/DEBUG] [oshi.util.FileUtil/]: Reading file /sys/devices/system/cpu/cpu11/cache/index0/coherency_line_size
[06Aug2026 12:15:04.103] [main/DEBUG] [oshi.util.FileUtil/]: Reading file /sys/devices/system/cpu/cpu11/cache/index0/coherency_line_size
[06Aug2026 12:15:04.103] [main/DEBUG] [oshi.util.FileUtil/]: Reading file /sys/devices/system/cpu/cpu11/cache/index0/size
[06Aug2026 12:15:04.103] [main/DEBUG] [oshi.util.FileUtil/]: Reading file /sys/devices/system/cpu/cpu11/cache/index0/size
[06Aug2026 12:15:04.103] [main/DEBUG] [oshi.util.FileUtil/]: Reading file /sys/devices/system/cpu/cpu11/cache/index3/level
[06Aug2026 12:15:04.103] [main/DEBUG] [oshi.util.FileUtil/]: Reading file /sys/devices/system/cpu/cpu11/cache/index3/level
[06Aug2026 12:15:04.103] [main/DEBUG] [oshi.util.FileUtil/]: Reading file /sys/devices/system/cpu/cpu11/cache/index3/type
[06Aug2026 12:15:04.103] [main/DEBUG] [oshi.util.FileUtil/]: Reading file /sys/devices/system/cpu/cpu11/cache/index3/type
[06Aug2026 12:15:04.103] [main/DEBUG] [oshi.util.FileUtil/]: Reading file /sys/devices/system/cpu/cpu11/cache/index3/ways_of_associativity
[06Aug2026 12:15:04.103] [main/DEBUG] [oshi.util.FileUtil/]: Reading file /sys/devices/system/cpu/cpu11/cache/index3/ways_of_associativity
[06Aug2026 12:15:04.103] [main/DEBUG] [oshi.util.FileUtil/]: Reading file /sys/devices/system/cpu/cpu11/cache/index3/coherency_line_size
[06Aug2026 12:15:04.103] [main/DEBUG] [oshi.util.FileUtil/]: Reading file /sys/devices/system/cpu/cpu11/cache/index3/coherency_line_size
[06Aug2026 12:15:04.103] [main/DEBUG] [oshi.util.FileUtil/]: Reading file /sys/devices/system/cpu/cpu11/cache/index3/size
[06Aug2026 12:15:04.103] [main/DEBUG] [oshi.util.FileUtil/]: Reading file /sys/devices/system/cpu/cpu11/cache/index3/size
[06Aug2026 12:15:04.104] [main/DEBUG] [oshi.util.FileUtil/]: Reading file /sys/devices/system/cpu/cpu11/cache/index1/level
[06Aug2026 12:15:04.104] [main/DEBUG] [oshi.util.FileUtil/]: Reading file /sys/devices/system/cpu/cpu11/cache/index1/level
[06Aug2026 12:15:04.104] [main/DEBUG] [oshi.util.FileUtil/]: Reading file /sys/devices/system/cpu/cpu11/cache/index1/type
[06Aug2026 12:15:04.104] [main/DEBUG] [oshi.util.FileUtil/]: Reading file /sys/devices/system/cpu/cpu11/cache/index1/type
[06Aug2026 12:15:04.104] [main/DEBUG] [oshi.util.FileUtil/]: Reading file /sys/devices/system/cpu/cpu11/cache/index1/ways_of_associativity
[06Aug2026 12:15:04.104] [main/DEBUG] [oshi.util.FileUtil/]: Reading file /sys/devices/system/cpu/cpu11/cache/index1/ways_of_associativity
[06Aug2026 12:15:04.104] [main/DEBUG] [oshi.util.FileUtil/]: Reading file /sys/devices/system/cpu/cpu11/cache/index1/coherency_line_size
[06Aug2026 12:15:04.104] [main/DEBUG] [oshi.util.FileUtil/]: Reading file /sys/devices/system/cpu/cpu11/cache/index1/coherency_line_size
[06Aug2026 12:15:04.104] [main/DEBUG] [oshi.util.FileUtil/]: Reading file /sys/devices/system/cpu/cpu11/cache/index1/size
[06Aug2026 12:15:04.104] [main/DEBUG] [oshi.util.FileUtil/]: Reading file /sys/devices/system/cpu/cpu11/cache/index1/size
[06Aug2026 12:15:04.105] [main/DEBUG] [oshi.util.FileUtil/]: Reading file /sys/devices/system/cpu/cpu12/topology/core_id
[06Aug2026 12:15:04.105] [main/DEBUG] [oshi.util.FileUtil/]: Reading file /sys/devices/system/cpu/cpu12/topology/core_id
[06Aug2026 12:15:04.105] [main/DEBUG] [oshi.util.FileUtil/]: Reading file /sys/devices/system/cpu/cpu12/topology/physical_package_id
[06Aug2026 12:15:04.105] [main/DEBUG] [oshi.util.FileUtil/]: Reading file /sys/devices/system/cpu/cpu12/topology/physical_package_id
[06Aug2026 12:15:04.105] [main/DEBUG] [oshi.util.FileUtil/]: Reading file /sys/devices/system/cpu/cpu12/cpu_capacity
[06Aug2026 12:15:04.105] [main/DEBUG] [oshi.util.FileUtil/]: Reading file /sys/devices/system/cpu/cpu12/cpu_capacity
[06Aug2026 12:15:04.105] [main/DEBUG] [oshi.util.FileUtil/]: Reading file /sys/devices/system/cpu/cpu12/cache/index2/level
[06Aug2026 12:15:04.105] [main/DEBUG] [oshi.util.FileUtil/]: Reading file /sys/devices/system/cpu/cpu12/cache/index2/level
[06Aug2026 12:15:04.105] [main/DEBUG] [oshi.util.FileUtil/]: Reading file /sys/devices/system/cpu/cpu12/cache/index2/type
[06Aug2026 12:15:04.105] [main/DEBUG] [oshi.util.FileUtil/]: Reading file /sys/devices/system/cpu/cpu12/cache/index2/type
[06Aug2026 12:15:04.105] [main/DEBUG] [oshi.util.FileUtil/]: Reading file /sys/devices/system/cpu/cpu12/cache/index2/ways_of_associativity
[06Aug2026 12:15:04.105] [main/DEBUG] [oshi.util.FileUtil/]: Reading file /sys/devices/system/cpu/cpu12/cache/index2/ways_of_associativity
[06Aug2026 12:15:04.105] [main/DEBUG] [oshi.util.FileUtil/]: Reading file /sys/devices/system/cpu/cpu12/cache/index2/coherency_line_size
[06Aug2026 12:15:04.105] [main/DEBUG] [oshi.util.FileUtil/]: Reading file /sys/devices/system/cpu/cpu12/cache/index2/coherency_line_size
[06Aug2026 12:15:04.105] [main/DEBUG] [oshi.util.FileUtil/]: Reading file /sys/devices/system/cpu/cpu12/cache/index2/size
[06Aug2026 12:15:04.105] [main/DEBUG] [oshi.util.FileUtil/]: Reading file /sys/devices/system/cpu/cpu12/cache/index2/size
[06Aug2026 12:15:04.105] [main/DEBUG] [oshi.util.FileUtil/]: Reading file /sys/devices/system/cpu/cpu12/cache/index0/level
[06Aug2026 12:15:04.106] [main/DEBUG] [oshi.util.FileUtil/]: Reading file /sys/devices/system/cpu/cpu12/cache/index0/level
[06Aug2026 12:15:04.106] [main/DEBUG] [oshi.util.FileUtil/]: Reading file /sys/devices/system/cpu/cpu12/cache/index0/type
[06Aug2026 12:15:04.106] [main/DEBUG] [oshi.util.FileUtil/]: Reading file /sys/devices/system/cpu/cpu12/cache/index0/type
[06Aug2026 12:15:04.106] [main/DEBUG] [oshi.util.FileUtil/]: Reading file /sys/devices/system/cpu/cpu12/cache/index0/ways_of_associativity
[06Aug2026 12:15:04.106] [main/DEBUG] [oshi.util.FileUtil/]: Reading file /sys/devices/system/cpu/cpu12/cache/index0/ways_of_associativity
[06Aug2026 12:15:04.106] [main/DEBUG] [oshi.util.FileUtil/]: Reading file /sys/devices/system/cpu/cpu12/cache/index0/coherency_line_size
[06Aug2026 12:15:04.106] [main/DEBUG] [oshi.util.FileUtil/]: Reading file /sys/devices/system/cpu/cpu12/cache/index0/coherency_line_size
[06Aug2026 12:15:04.106] [main/DEBUG] [oshi.util.FileUtil/]: Reading file /sys/devices/system/cpu/cpu12/cache/index0/size
[06Aug2026 12:15:04.106] [main/DEBUG] [oshi.util.FileUtil/]: Reading file /sys/devices/system/cpu/cpu12/cache/index0/size
[06Aug2026 12:15:04.106] [main/DEBUG] [oshi.util.FileUtil/]: Reading file /sys/devices/system/cpu/cpu12/cache/index3/level
[06Aug2026 12:15:04.106] [main/DEBUG] [oshi.util.FileUtil/]: Reading file /sys/devices/system/cpu/cpu12/cache/index3/level
[06Aug2026 12:15:04.106] [main/DEBUG] [oshi.util.FileUtil/]: Reading file /sys/devices/system/cpu/cpu12/cache/index3/type
[06Aug2026 12:15:04.106] [main/DEBUG] [oshi.util.FileUtil/]: Reading file /sys/devices/system/cpu/cpu12/cache/index3/type
[06Aug2026 12:15:04.106] [main/DEBUG] [oshi.util.FileUtil/]: Reading file /sys/devices/system/cpu/cpu12/cache/index3/ways_of_associativity
[06Aug2026 12:15:04.106] [main/DEBUG] [oshi.util.FileUtil/]: Reading file /sys/devices/system/cpu/cpu12/cache/index3/ways_of_associativity
[06Aug2026 12:15:04.106] [main/DEBUG] [oshi.util.FileUtil/]: Reading file /sys/devices/system/cpu/cpu12/cache/index3/coherency_line_size
[06Aug2026 12:15:04.106] [main/DEBUG] [oshi.util.FileUtil/]: Reading file /sys/devices/system/cpu/cpu12/cache/index3/coherency_line_size
[06Aug2026 12:15:04.106] [main/DEBUG] [oshi.util.FileUtil/]: Reading file /sys/devices/system/cpu/cpu12/cache/index3/size
[06Aug2026 12:15:04.106] [main/DEBUG] [oshi.util.FileUtil/]: Reading file /sys/devices/system/cpu/cpu12/cache/index3/size
[06Aug2026 12:15:04.107] [main/DEBUG] [oshi.util.FileUtil/]: Reading file /sys/devices/system/cpu/cpu12/cache/index1/level
[06Aug2026 12:15:04.107] [main/DEBUG] [oshi.util.FileUtil/]: Reading file /sys/devices/system/cpu/cpu12/cache/index1/level
[06Aug2026 12:15:04.107] [main/DEBUG] [oshi.util.FileUtil/]: Reading file /sys/devices/system/cpu/cpu12/cache/index1/type
[06Aug2026 12:15:04.107] [main/DEBUG] [oshi.util.FileUtil/]: Reading file /sys/devices/system/cpu/cpu12/cache/index1/type
[06Aug2026 12:15:04.107] [main/DEBUG] [oshi.util.FileUtil/]: Reading file /sys/devices/system/cpu/cpu12/cache/index1/ways_of_associativity
[06Aug2026 12:15:04.107] [main/DEBUG] [oshi.util.FileUtil/]: Reading file /sys/devices/system/cpu/cpu12/cache/index1/ways_of_associativity
[06Aug2026 12:15:04.107] [main/DEBUG] [oshi.util.FileUtil/]: Reading file /sys/devices/system/cpu/cpu12/cache/index1/coherency_line_size
[06Aug2026 12:15:04.107] [main/DEBUG] [oshi.util.FileUtil/]: Reading file /sys/devices/system/cpu/cpu12/cache/index1/coherency_line_size
[06Aug2026 12:15:04.107] [main/DEBUG] [oshi.util.FileUtil/]: Reading file /sys/devices/system/cpu/cpu12/cache/index1/size
[06Aug2026 12:15:04.107] [main/DEBUG] [oshi.util.FileUtil/]: Reading file /sys/devices/system/cpu/cpu12/cache/index1/size
[06Aug2026 12:15:04.107] [main/DEBUG] [oshi.util.FileUtil/]: Reading file /sys/devices/system/cpu/cpu13/topology/core_id
[06Aug2026 12:15:04.107] [main/DEBUG] [oshi.util.FileUtil/]: Reading file /sys/devices/system/cpu/cpu13/topology/core_id
[06Aug2026 12:15:04.108] [main/DEBUG] [oshi.util.FileUtil/]: Reading file /sys/devices/system/cpu/cpu13/topology/physical_package_id
[06Aug2026 12:15:04.108] [main/DEBUG] [oshi.util.FileUtil/]: Reading file /sys/devices/system/cpu/cpu13/topology/physical_package_id
[06Aug2026 12:15:04.108] [main/DEBUG] [oshi.util.FileUtil/]: Reading file /sys/devices/system/cpu/cpu13/cpu_capacity
[06Aug2026 12:15:04.108] [main/DEBUG] [oshi.util.FileUtil/]: Reading file /sys/devices/system/cpu/cpu13/cpu_capacity
[06Aug2026 12:15:04.108] [main/DEBUG] [oshi.util.FileUtil/]: Reading file /sys/devices/system/cpu/cpu13/cache/index2/level
[06Aug2026 12:15:04.108] [main/DEBUG] [oshi.util.FileUtil/]: Reading file /sys/devices/system/cpu/cpu13/cache/index2/level
[06Aug2026 12:15:04.108] [main/DEBUG] [oshi.util.FileUtil/]: Reading file /sys/devices/system/cpu/cpu13/cache/index2/type
[06Aug2026 12:15:04.108] [main/DEBUG] [oshi.util.FileUtil/]: Reading file /sys/devices/system/cpu/cpu13/cache/index2/type
[06Aug2026 12:15:04.108] [main/DEBUG] [oshi.util.FileUtil/]: Reading file /sys/devices/system/cpu/cpu13/cache/index2/ways_of_associativity
[06Aug2026 12:15:04.108] [main/DEBUG] [oshi.util.FileUtil/]: Reading file /sys/devices/system/cpu/cpu13/cache/index2/ways_of_associativity
[06Aug2026 12:15:04.108] [main/DEBUG] [oshi.util.FileUtil/]: Reading file /sys/devices/system/cpu/cpu13/cache/index2/coherency_line_size
[06Aug2026 12:15:04.108] [main/DEBUG] [oshi.util.FileUtil/]: Reading file /sys/devices/system/cpu/cpu13/cache/index2/coherency_line_size
[06Aug2026 12:15:04.108] [main/DEBUG] [oshi.util.FileUtil/]: Reading file /sys/devices/system/cpu/cpu13/cache/index2/size
[06Aug2026 12:15:04.108] [main/DEBUG] [oshi.util.FileUtil/]: Reading file /sys/devices/system/cpu/cpu13/cache/index2/size
[06Aug2026 12:15:04.108] [main/DEBUG] [oshi.util.FileUtil/]: Reading file /sys/devices/system/cpu/cpu13/cache/index0/level
[06Aug2026 12:15:04.109] [main/DEBUG] [oshi.util.FileUtil/]: Reading file /sys/devices/system/cpu/cpu13/cache/index0/level
[06Aug2026 12:15:04.109] [main/DEBUG] [oshi.util.FileUtil/]: Reading file /sys/devices/system/cpu/cpu13/cache/index0/type
[06Aug2026 12:15:04.109] [main/DEBUG] [oshi.util.FileUtil/]: Reading file /sys/devices/system/cpu/cpu13/cache/index0/type
[06Aug2026 12:15:04.109] [main/DEBUG] [oshi.util.FileUtil/]: Reading file /sys/devices/system/cpu/cpu13/cache/index0/ways_of_associativity
[06Aug2026 12:15:04.109] [main/DEBUG] [oshi.util.FileUtil/]: Reading file /sys/devices/system/cpu/cpu13/cache/index0/ways_of_associativity
[06Aug2026 12:15:04.109] [main/DEBUG] [oshi.util.FileUtil/]: Reading file /sys/devices/system/cpu/cpu13/cache/index0/coherency_line_size
[06Aug2026 12:15:04.109] [main/DEBUG] [oshi.util.FileUtil/]: Reading file /sys/devices/system/cpu/cpu13/cache/index0/coherency_line_size
[06Aug2026 12:15:04.109] [main/DEBUG] [oshi.util.FileUtil/]: Reading file /sys/devices/system/cpu/cpu13/cache/index0/size
[06Aug2026 12:15:04.109] [main/DEBUG] [oshi.util.FileUtil/]: Reading file /sys/devices/system/cpu/cpu13/cache/index0/size
[06Aug2026 12:15:04.109] [main/DEBUG] [oshi.util.FileUtil/]: Reading file /sys/devices/system/cpu/cpu13/cache/index3/level
[06Aug2026 12:15:04.109] [main/DEBUG] [oshi.util.FileUtil/]: Reading file /sys/devices/system/cpu/cpu13/cache/index3/level
[06Aug2026 12:15:04.109] [main/DEBUG] [oshi.util.FileUtil/]: Reading file /sys/devices/system/cpu/cpu13/cache/index3/type
[06Aug2026 12:15:04.109] [main/DEBUG] [oshi.util.FileUtil/]: Reading file /sys/devices/system/cpu/cpu13/cache/index3/type
[06Aug2026 12:15:04.109] [main/DEBUG] [oshi.util.FileUtil/]: Reading file /sys/devices/system/cpu/cpu13/cache/index3/ways_of_associativity
[06Aug2026 12:15:04.109] [main/DEBUG] [oshi.util.FileUtil/]: Reading file /sys/devices/system/cpu/cpu13/cache/index3/ways_of_associativity
[06Aug2026 12:15:04.109] [main/DEBUG] [oshi.util.FileUtil/]: Reading file /sys/devices/system/cpu/cpu13/cache/index3/coherency_line_size
[06Aug2026 12:15:04.109] [main/DEBUG] [oshi.util.FileUtil/]: Reading file /sys/devices/system/cpu/cpu13/cache/index3/coherency_line_size
[06Aug2026 12:15:04.109] [main/DEBUG] [oshi.util.FileUtil/]: Reading file /sys/devices/system/cpu/cpu13/cache/index3/size
[06Aug2026 12:15:04.109] [main/DEBUG] [oshi.util.FileUtil/]: Reading file /sys/devices/system/cpu/cpu13/cache/index3/size
[06Aug2026 12:15:04.110] [main/DEBUG] [oshi.util.FileUtil/]: Reading file /sys/devices/system/cpu/cpu13/cache/index1/level
[06Aug2026 12:15:04.110] [main/DEBUG] [oshi.util.FileUtil/]: Reading file /sys/devices/system/cpu/cpu13/cache/index1/level
[06Aug2026 12:15:04.110] [main/DEBUG] [oshi.util.FileUtil/]: Reading file /sys/devices/system/cpu/cpu13/cache/index1/type
[06Aug2026 12:15:04.110] [main/DEBUG] [oshi.util.FileUtil/]: Reading file /sys/devices/system/cpu/cpu13/cache/index1/type
[06Aug2026 12:15:04.110] [main/DEBUG] [oshi.util.FileUtil/]: Reading file /sys/devices/system/cpu/cpu13/cache/index1/ways_of_associativity
[06Aug2026 12:15:04.110] [main/DEBUG] [oshi.util.FileUtil/]: Reading file /sys/devices/system/cpu/cpu13/cache/index1/ways_of_associativity
[06Aug2026 12:15:04.110] [main/DEBUG] [oshi.util.FileUtil/]: Reading file /sys/devices/system/cpu/cpu13/cache/index1/coherency_line_size
[06Aug2026 12:15:04.110] [main/DEBUG] [oshi.util.FileUtil/]: Reading file /sys/devices/system/cpu/cpu13/cache/index1/coherency_line_size
[06Aug2026 12:15:04.110] [main/DEBUG] [oshi.util.FileUtil/]: Reading file /sys/devices/system/cpu/cpu13/cache/index1/size
[06Aug2026 12:15:04.110] [main/DEBUG] [oshi.util.FileUtil/]: Reading file /sys/devices/system/cpu/cpu13/cache/index1/size
[06Aug2026 12:15:04.110] [main/DEBUG] [oshi.util.FileUtil/]: Reading file /sys/devices/system/cpu/cpu14/topology/core_id
[06Aug2026 12:15:04.110] [main/DEBUG] [oshi.util.FileUtil/]: Reading file /sys/devices/system/cpu/cpu14/topology/core_id
[06Aug2026 12:15:04.111] [main/DEBUG] [oshi.util.FileUtil/]: Reading file /sys/devices/system/cpu/cpu14/topology/physical_package_id
[06Aug2026 12:15:04.111] [main/DEBUG] [oshi.util.FileUtil/]: Reading file /sys/devices/system/cpu/cpu14/topology/physical_package_id
[06Aug2026 12:15:04.111] [main/DEBUG] [oshi.util.FileUtil/]: Reading file /sys/devices/system/cpu/cpu14/cpu_capacity
[06Aug2026 12:15:04.111] [main/DEBUG] [oshi.util.FileUtil/]: Reading file /sys/devices/system/cpu/cpu14/cpu_capacity
[06Aug2026 12:15:04.111] [main/DEBUG] [oshi.util.FileUtil/]: Reading file /sys/devices/system/cpu/cpu14/cache/index2/level
[06Aug2026 12:15:04.111] [main/DEBUG] [oshi.util.FileUtil/]: Reading file /sys/devices/system/cpu/cpu14/cache/index2/level
[06Aug2026 12:15:04.111] [main/DEBUG] [oshi.util.FileUtil/]: Reading file /sys/devices/system/cpu/cpu14/cache/index2/type
[06Aug2026 12:15:04.111] [main/DEBUG] [oshi.util.FileUtil/]: Reading file /sys/devices/system/cpu/cpu14/cache/index2/type
[06Aug2026 12:15:04.111] [main/DEBUG] [oshi.util.FileUtil/]: Reading file /sys/devices/system/cpu/cpu14/cache/index2/ways_of_associativity
[06Aug2026 12:15:04.111] [main/DEBUG] [oshi.util.FileUtil/]: Reading file /sys/devices/system/cpu/cpu14/cache/index2/ways_of_associativity
[06Aug2026 12:15:04.111] [main/DEBUG] [oshi.util.FileUtil/]: Reading file /sys/devices/system/cpu/cpu14/cache/index2/coherency_line_size
[06Aug2026 12:15:04.111] [main/DEBUG] [oshi.util.FileUtil/]: Reading file /sys/devices/system/cpu/cpu14/cache/index2/coherency_line_size
[06Aug2026 12:15:04.111] [main/DEBUG] [oshi.util.FileUtil/]: Reading file /sys/devices/system/cpu/cpu14/cache/index2/size
[06Aug2026 12:15:04.111] [main/DEBUG] [oshi.util.FileUtil/]: Reading file /sys/devices/system/cpu/cpu14/cache/index2/size
[06Aug2026 12:15:04.111] [main/DEBUG] [oshi.util.FileUtil/]: Reading file /sys/devices/system/cpu/cpu14/cache/index0/level
[06Aug2026 12:15:04.112] [main/DEBUG] [oshi.util.FileUtil/]: Reading file /sys/devices/system/cpu/cpu14/cache/index0/level
[06Aug2026 12:15:04.112] [main/DEBUG] [oshi.util.FileUtil/]: Reading file /sys/devices/system/cpu/cpu14/cache/index0/type
[06Aug2026 12:15:04.112] [main/DEBUG] [oshi.util.FileUtil/]: Reading file /sys/devices/system/cpu/cpu14/cache/index0/type
[06Aug2026 12:15:04.112] [main/DEBUG] [oshi.util.FileUtil/]: Reading file /sys/devices/system/cpu/cpu14/cache/index0/ways_of_associativity
[06Aug2026 12:15:04.112] [main/DEBUG] [oshi.util.FileUtil/]: Reading file /sys/devices/system/cpu/cpu14/cache/index0/ways_of_associativity
[06Aug2026 12:15:04.112] [main/DEBUG] [oshi.util.FileUtil/]: Reading file /sys/devices/system/cpu/cpu14/cache/index0/coherency_line_size
[06Aug2026 12:15:04.112] [main/DEBUG] [oshi.util.FileUtil/]: Reading file /sys/devices/system/cpu/cpu14/cache/index0/coherency_line_size
[06Aug2026 12:15:04.112] [main/DEBUG] [oshi.util.FileUtil/]: Reading file /sys/devices/system/cpu/cpu14/cache/index0/size
[06Aug2026 12:15:04.112] [main/DEBUG] [oshi.util.FileUtil/]: Reading file /sys/devices/system/cpu/cpu14/cache/index0/size
[06Aug2026 12:15:04.112] [main/DEBUG] [oshi.util.FileUtil/]: Reading file /sys/devices/system/cpu/cpu14/cache/index3/level
[06Aug2026 12:15:04.112] [main/DEBUG] [oshi.util.FileUtil/]: Reading file /sys/devices/system/cpu/cpu14/cache/index3/level
[06Aug2026 12:15:04.112] [main/DEBUG] [oshi.util.FileUtil/]: Reading file /sys/devices/system/cpu/cpu14/cache/index3/type
[06Aug2026 12:15:04.112] [main/DEBUG] [oshi.util.FileUtil/]: Reading file /sys/devices/system/cpu/cpu14/cache/index3/type
[06Aug2026 12:15:04.112] [main/DEBUG] [oshi.util.FileUtil/]: Reading file /sys/devices/system/cpu/cpu14/cache/index3/ways_of_associativity
[06Aug2026 12:15:04.112] [main/DEBUG] [oshi.util.FileUtil/]: Reading file /sys/devices/system/cpu/cpu14/cache/index3/ways_of_associativity
[06Aug2026 12:15:04.112] [main/DEBUG] [oshi.util.FileUtil/]: Reading file /sys/devices/system/cpu/cpu14/cache/index3/coherency_line_size
[06Aug2026 12:15:04.112] [main/DEBUG] [oshi.util.FileUtil/]: Reading file /sys/devices/system/cpu/cpu14/cache/index3/coherency_line_size
[06Aug2026 12:15:04.112] [main/DEBUG] [oshi.util.FileUtil/]: Reading file /sys/devices/system/cpu/cpu14/cache/index3/size
[06Aug2026 12:15:04.112] [main/DEBUG] [oshi.util.FileUtil/]: Reading file /sys/devices/system/cpu/cpu14/cache/index3/size
[06Aug2026 12:15:04.113] [main/DEBUG] [oshi.util.FileUtil/]: Reading file /sys/devices/system/cpu/cpu14/cache/index1/level
[06Aug2026 12:15:04.113] [main/DEBUG] [oshi.util.FileUtil/]: Reading file /sys/devices/system/cpu/cpu14/cache/index1/level
[06Aug2026 12:15:04.113] [main/DEBUG] [oshi.util.FileUtil/]: Reading file /sys/devices/system/cpu/cpu14/cache/index1/type
[06Aug2026 12:15:04.113] [main/DEBUG] [oshi.util.FileUtil/]: Reading file /sys/devices/system/cpu/cpu14/cache/index1/type
[06Aug2026 12:15:04.113] [main/DEBUG] [oshi.util.FileUtil/]: Reading file /sys/devices/system/cpu/cpu14/cache/index1/ways_of_associativity
[06Aug2026 12:15:04.113] [main/DEBUG] [oshi.util.FileUtil/]: Reading file /sys/devices/system/cpu/cpu14/cache/index1/ways_of_associativity
[06Aug2026 12:15:04.113] [main/DEBUG] [oshi.util.FileUtil/]: Reading file /sys/devices/system/cpu/cpu14/cache/index1/coherency_line_size
[06Aug2026 12:15:04.113] [main/DEBUG] [oshi.util.FileUtil/]: Reading file /sys/devices/system/cpu/cpu14/cache/index1/coherency_line_size
[06Aug2026 12:15:04.113] [main/DEBUG] [oshi.util.FileUtil/]: Reading file /sys/devices/system/cpu/cpu14/cache/index1/size
[06Aug2026 12:15:04.113] [main/DEBUG] [oshi.util.FileUtil/]: Reading file /sys/devices/system/cpu/cpu14/cache/index1/size
[06Aug2026 12:15:04.113] [main/DEBUG] [oshi.util.FileUtil/]: Reading file /sys/devices/system/cpu/cpu15/topology/core_id
[06Aug2026 12:15:04.114] [main/DEBUG] [oshi.util.FileUtil/]: Reading file /sys/devices/system/cpu/cpu15/topology/core_id
[06Aug2026 12:15:04.114] [main/DEBUG] [oshi.util.FileUtil/]: Reading file /sys/devices/system/cpu/cpu15/topology/physical_package_id
[06Aug2026 12:15:04.114] [main/DEBUG] [oshi.util.FileUtil/]: Reading file /sys/devices/system/cpu/cpu15/topology/physical_package_id
[06Aug2026 12:15:04.114] [main/DEBUG] [oshi.util.FileUtil/]: Reading file /sys/devices/system/cpu/cpu15/cpu_capacity
[06Aug2026 12:15:04.114] [main/DEBUG] [oshi.util.FileUtil/]: Reading file /sys/devices/system/cpu/cpu15/cpu_capacity
[06Aug2026 12:15:04.114] [main/DEBUG] [oshi.util.FileUtil/]: Reading file /sys/devices/system/cpu/cpu15/cache/index2/level
[06Aug2026 12:15:04.114] [main/DEBUG] [oshi.util.FileUtil/]: Reading file /sys/devices/system/cpu/cpu15/cache/index2/level
[06Aug2026 12:15:04.114] [main/DEBUG] [oshi.util.FileUtil/]: Reading file /sys/devices/system/cpu/cpu15/cache/index2/type
[06Aug2026 12:15:04.114] [main/DEBUG] [oshi.util.FileUtil/]: Reading file /sys/devices/system/cpu/cpu15/cache/index2/type
[06Aug2026 12:15:04.114] [main/DEBUG] [oshi.util.FileUtil/]: Reading file /sys/devices/system/cpu/cpu15/cache/index2/ways_of_associativity
[06Aug2026 12:15:04.114] [main/DEBUG] [oshi.util.FileUtil/]: Reading file /sys/devices/system/cpu/cpu15/cache/index2/ways_of_associativity
[06Aug2026 12:15:04.114] [main/DEBUG] [oshi.util.FileUtil/]: Reading file /sys/devices/system/cpu/cpu15/cache/index2/coherency_line_size
[06Aug2026 12:15:04.114] [main/DEBUG] [oshi.util.FileUtil/]: Reading file /sys/devices/system/cpu/cpu15/cache/index2/coherency_line_size
[06Aug2026 12:15:04.114] [main/DEBUG] [oshi.util.FileUtil/]: Reading file /sys/devices/system/cpu/cpu15/cache/index2/size
[06Aug2026 12:15:04.114] [main/DEBUG] [oshi.util.FileUtil/]: Reading file /sys/devices/system/cpu/cpu15/cache/index2/size
[06Aug2026 12:15:04.114] [main/DEBUG] [oshi.util.FileUtil/]: Reading file /sys/devices/system/cpu/cpu15/cache/index0/level
[06Aug2026 12:15:04.114] [main/DEBUG] [oshi.util.FileUtil/]: Reading file /sys/devices/system/cpu/cpu15/cache/index0/level
[06Aug2026 12:15:04.115] [main/DEBUG] [oshi.util.FileUtil/]: Reading file /sys/devices/system/cpu/cpu15/cache/index0/type
[06Aug2026 12:15:04.115] [main/DEBUG] [oshi.util.FileUtil/]: Reading file /sys/devices/system/cpu/cpu15/cache/index0/type
[06Aug2026 12:15:04.115] [main/DEBUG] [oshi.util.FileUtil/]: Reading file /sys/devices/system/cpu/cpu15/cache/index0/ways_of_associativity
[06Aug2026 12:15:04.115] [main/DEBUG] [oshi.util.FileUtil/]: Reading file /sys/devices/system/cpu/cpu15/cache/index0/ways_of_associativity
[06Aug2026 12:15:04.115] [main/DEBUG] [oshi.util.FileUtil/]: Reading file /sys/devices/system/cpu/cpu15/cache/index0/coherency_line_size
[06Aug2026 12:15:04.115] [main/DEBUG] [oshi.util.FileUtil/]: Reading file /sys/devices/system/cpu/cpu15/cache/index0/coherency_line_size
[06Aug2026 12:15:04.115] [main/DEBUG] [oshi.util.FileUtil/]: Reading file /sys/devices/system/cpu/cpu15/cache/index0/size
[06Aug2026 12:15:04.115] [main/DEBUG] [oshi.util.FileUtil/]: Reading file /sys/devices/system/cpu/cpu15/cache/index0/size
[06Aug2026 12:15:04.115] [main/DEBUG] [oshi.util.FileUtil/]: Reading file /sys/devices/system/cpu/cpu15/cache/index3/level
[06Aug2026 12:15:04.115] [main/DEBUG] [oshi.util.FileUtil/]: Reading file /sys/devices/system/cpu/cpu15/cache/index3/level
[06Aug2026 12:15:04.115] [main/DEBUG] [oshi.util.FileUtil/]: Reading file /sys/devices/system/cpu/cpu15/cache/index3/type
[06Aug2026 12:15:04.115] [main/DEBUG] [oshi.util.FileUtil/]: Reading file /sys/devices/system/cpu/cpu15/cache/index3/type
[06Aug2026 12:15:04.115] [main/DEBUG] [oshi.util.FileUtil/]: Reading file /sys/devices/system/cpu/cpu15/cache/index3/ways_of_associativity
[06Aug2026 12:15:04.115] [main/DEBUG] [oshi.util.FileUtil/]: Reading file /sys/devices/system/cpu/cpu15/cache/index3/ways_of_associativity
[06Aug2026 12:15:04.115] [main/DEBUG] [oshi.util.FileUtil/]: Reading file /sys/devices/system/cpu/cpu15/cache/index3/coherency_line_size
[06Aug2026 12:15:04.115] [main/DEBUG] [oshi.util.FileUtil/]: Reading file /sys/devices/system/cpu/cpu15/cache/index3/coherency_line_size
[06Aug2026 12:15:04.115] [main/DEBUG] [oshi.util.FileUtil/]: Reading file /sys/devices/system/cpu/cpu15/cache/index3/size
[06Aug2026 12:15:04.115] [main/DEBUG] [oshi.util.FileUtil/]: Reading file /sys/devices/system/cpu/cpu15/cache/index3/size
[06Aug2026 12:15:04.115] [main/DEBUG] [oshi.util.FileUtil/]: Reading file /sys/devices/system/cpu/cpu15/cache/index1/level
[06Aug2026 12:15:04.115] [main/DEBUG] [oshi.util.FileUtil/]: Reading file /sys/devices/system/cpu/cpu15/cache/index1/level
[06Aug2026 12:15:04.116] [main/DEBUG] [oshi.util.FileUtil/]: Reading file /sys/devices/system/cpu/cpu15/cache/index1/type
[06Aug2026 12:15:04.116] [main/DEBUG] [oshi.util.FileUtil/]: Reading file /sys/devices/system/cpu/cpu15/cache/index1/type
[06Aug2026 12:15:04.116] [main/DEBUG] [oshi.util.FileUtil/]: Reading file /sys/devices/system/cpu/cpu15/cache/index1/ways_of_associativity
[06Aug2026 12:15:04.116] [main/DEBUG] [oshi.util.FileUtil/]: Reading file /sys/devices/system/cpu/cpu15/cache/index1/ways_of_associativity
[06Aug2026 12:15:04.116] [main/DEBUG] [oshi.util.FileUtil/]: Reading file /sys/devices/system/cpu/cpu15/cache/index1/coherency_line_size
[06Aug2026 12:15:04.116] [main/DEBUG] [oshi.util.FileUtil/]: Reading file /sys/devices/system/cpu/cpu15/cache/index1/coherency_line_size
[06Aug2026 12:15:04.116] [main/DEBUG] [oshi.util.FileUtil/]: Reading file /sys/devices/system/cpu/cpu15/cache/index1/size
[06Aug2026 12:15:04.116] [main/DEBUG] [oshi.util.FileUtil/]: Reading file /sys/devices/system/cpu/cpu15/cache/index1/size
[06Aug2026 12:15:04.116] [main/DEBUG] [oshi.util.FileUtil/]: Reading file /sys/devices/system/cpu/cpu2/topology/core_id
[06Aug2026 12:15:04.116] [main/DEBUG] [oshi.util.FileUtil/]: Reading file /sys/devices/system/cpu/cpu2/topology/core_id
[06Aug2026 12:15:04.116] [main/DEBUG] [oshi.util.FileUtil/]: Reading file /sys/devices/system/cpu/cpu2/topology/physical_package_id
[06Aug2026 12:15:04.116] [main/DEBUG] [oshi.util.FileUtil/]: Reading file /sys/devices/system/cpu/cpu2/topology/physical_package_id
[06Aug2026 12:15:04.116] [main/DEBUG] [oshi.util.FileUtil/]: Reading file /sys/devices/system/cpu/cpu2/cpu_capacity
[06Aug2026 12:15:04.116] [main/DEBUG] [oshi.util.FileUtil/]: Reading file /sys/devices/system/cpu/cpu2/cpu_capacity
[06Aug2026 12:15:04.117] [main/DEBUG] [oshi.util.FileUtil/]: Reading file /sys/devices/system/cpu/cpu2/cache/index2/level
[06Aug2026 12:15:04.117] [main/DEBUG] [oshi.util.FileUtil/]: Reading file /sys/devices/system/cpu/cpu2/cache/index2/level
[06Aug2026 12:15:04.117] [main/DEBUG] [oshi.util.FileUtil/]: Reading file /sys/devices/system/cpu/cpu2/cache/index2/type
[06Aug2026 12:15:04.117] [main/DEBUG] [oshi.util.FileUtil/]: Reading file /sys/devices/system/cpu/cpu2/cache/index2/type
[06Aug2026 12:15:04.117] [main/DEBUG] [oshi.util.FileUtil/]: Reading file /sys/devices/system/cpu/cpu2/cache/index2/ways_of_associativity
[06Aug2026 12:15:04.117] [main/DEBUG] [oshi.util.FileUtil/]: Reading file /sys/devices/system/cpu/cpu2/cache/index2/ways_of_associativity
[06Aug2026 12:15:04.117] [main/DEBUG] [oshi.util.FileUtil/]: Reading file /sys/devices/system/cpu/cpu2/cache/index2/coherency_line_size
[06Aug2026 12:15:04.117] [main/DEBUG] [oshi.util.FileUtil/]: Reading file /sys/devices/system/cpu/cpu2/cache/index2/coherency_line_size
[06Aug2026 12:15:04.117] [main/DEBUG] [oshi.util.FileUtil/]: Reading file /sys/devices/system/cpu/cpu2/cache/index2/size
[06Aug2026 12:15:04.117] [main/DEBUG] [oshi.util.FileUtil/]: Reading file /sys/devices/system/cpu/cpu2/cache/index2/size
[06Aug2026 12:15:04.117] [main/DEBUG] [oshi.util.FileUtil/]: Reading file /sys/devices/system/cpu/cpu2/cache/index0/level
[06Aug2026 12:15:04.117] [main/DEBUG] [oshi.util.FileUtil/]: Reading file /sys/devices/system/cpu/cpu2/cache/index0/level
[06Aug2026 12:15:04.117] [main/DEBUG] [oshi.util.FileUtil/]: Reading file /sys/devices/system/cpu/cpu2/cache/index0/type
[06Aug2026 12:15:04.117] [main/DEBUG] [oshi.util.FileUtil/]: Reading file /sys/devices/system/cpu/cpu2/cache/index0/type
[06Aug2026 12:15:04.117] [main/DEBUG] [oshi.util.FileUtil/]: Reading file /sys/devices/system/cpu/cpu2/cache/index0/ways_of_associativity
[06Aug2026 12:15:04.117] [main/DEBUG] [oshi.util.FileUtil/]: Reading file /sys/devices/system/cpu/cpu2/cache/index0/ways_of_associativity
[06Aug2026 12:15:04.117] [main/DEBUG] [oshi.util.FileUtil/]: Reading file /sys/devices/system/cpu/cpu2/cache/index0/coherency_line_size
[06Aug2026 12:15:04.117] [main/DEBUG] [oshi.util.FileUtil/]: Reading file /sys/devices/system/cpu/cpu2/cache/index0/coherency_line_size
[06Aug2026 12:15:04.118] [main/DEBUG] [oshi.util.FileUtil/]: Reading file /sys/devices/system/cpu/cpu2/cache/index0/size
[06Aug2026 12:15:04.118] [main/DEBUG] [oshi.util.FileUtil/]: Reading file /sys/devices/system/cpu/cpu2/cache/index0/size
[06Aug2026 12:15:04.118] [main/DEBUG] [oshi.util.FileUtil/]: Reading file /sys/devices/system/cpu/cpu2/cache/index3/level
[06Aug2026 12:15:04.118] [main/DEBUG] [oshi.util.FileUtil/]: Reading file /sys/devices/system/cpu/cpu2/cache/index3/level
[06Aug2026 12:15:04.118] [main/DEBUG] [oshi.util.FileUtil/]: Reading file /sys/devices/system/cpu/cpu2/cache/index3/type
[06Aug2026 12:15:04.118] [main/DEBUG] [oshi.util.FileUtil/]: Reading file /sys/devices/system/cpu/cpu2/cache/index3/type
[06Aug2026 12:15:04.118] [main/DEBUG] [oshi.util.FileUtil/]: Reading file /sys/devices/system/cpu/cpu2/cache/index3/ways_of_associativity
[06Aug2026 12:15:04.118] [main/DEBUG] [oshi.util.FileUtil/]: Reading file /sys/devices/system/cpu/cpu2/cache/index3/ways_of_associativity
[06Aug2026 12:15:04.118] [main/DEBUG] [oshi.util.FileUtil/]: Reading file /sys/devices/system/cpu/cpu2/cache/index3/coherency_line_size
[06Aug2026 12:15:04.118] [main/DEBUG] [oshi.util.FileUtil/]: Reading file /sys/devices/system/cpu/cpu2/cache/index3/coherency_line_size
[06Aug2026 12:15:04.118] [main/DEBUG] [oshi.util.FileUtil/]: Reading file /sys/devices/system/cpu/cpu2/cache/index3/size
[06Aug2026 12:15:04.118] [main/DEBUG] [oshi.util.FileUtil/]: Reading file /sys/devices/system/cpu/cpu2/cache/index3/size
[06Aug2026 12:15:04.118] [main/DEBUG] [oshi.util.FileUtil/]: Reading file /sys/devices/system/cpu/cpu2/cache/index1/level
[06Aug2026 12:15:04.118] [main/DEBUG] [oshi.util.FileUtil/]: Reading file /sys/devices/system/cpu/cpu2/cache/index1/level
[06Aug2026 12:15:04.118] [main/DEBUG] [oshi.util.FileUtil/]: Reading file /sys/devices/system/cpu/cpu2/cache/index1/type
[06Aug2026 12:15:04.118] [main/DEBUG] [oshi.util.FileUtil/]: Reading file /sys/devices/system/cpu/cpu2/cache/index1/type
[06Aug2026 12:15:04.118] [main/DEBUG] [oshi.util.FileUtil/]: Reading file /sys/devices/system/cpu/cpu2/cache/index1/ways_of_associativity
[06Aug2026 12:15:04.118] [main/DEBUG] [oshi.util.FileUtil/]: Reading file /sys/devices/system/cpu/cpu2/cache/index1/ways_of_associativity
[06Aug2026 12:15:04.118] [main/DEBUG] [oshi.util.FileUtil/]: Reading file /sys/devices/system/cpu/cpu2/cache/index1/coherency_line_size
[06Aug2026 12:15:04.118] [main/DEBUG] [oshi.util.FileUtil/]: Reading file /sys/devices/system/cpu/cpu2/cache/index1/coherency_line_size
[06Aug2026 12:15:04.119] [main/DEBUG] [oshi.util.FileUtil/]: Reading file /sys/devices/system/cpu/cpu2/cache/index1/size
[06Aug2026 12:15:04.119] [main/DEBUG] [oshi.util.FileUtil/]: Reading file /sys/devices/system/cpu/cpu2/cache/index1/size
[06Aug2026 12:15:04.119] [main/DEBUG] [oshi.util.FileUtil/]: Reading file /sys/devices/system/cpu/cpu3/topology/core_id
[06Aug2026 12:15:04.119] [main/DEBUG] [oshi.util.FileUtil/]: Reading file /sys/devices/system/cpu/cpu3/topology/core_id
[06Aug2026 12:15:04.119] [main/DEBUG] [oshi.util.FileUtil/]: Reading file /sys/devices/system/cpu/cpu3/topology/physical_package_id
[06Aug2026 12:15:04.119] [main/DEBUG] [oshi.util.FileUtil/]: Reading file /sys/devices/system/cpu/cpu3/topology/physical_package_id
[06Aug2026 12:15:04.119] [main/DEBUG] [oshi.util.FileUtil/]: Reading file /sys/devices/system/cpu/cpu3/cpu_capacity
[06Aug2026 12:15:04.119] [main/DEBUG] [oshi.util.FileUtil/]: Reading file /sys/devices/system/cpu/cpu3/cpu_capacity
[06Aug2026 12:15:04.119] [main/DEBUG] [oshi.util.FileUtil/]: Reading file /sys/devices/system/cpu/cpu3/cache/index2/level
[06Aug2026 12:15:04.119] [main/DEBUG] [oshi.util.FileUtil/]: Reading file /sys/devices/system/cpu/cpu3/cache/index2/level
[06Aug2026 12:15:04.119] [main/DEBUG] [oshi.util.FileUtil/]: Reading file /sys/devices/system/cpu/cpu3/cache/index2/type
[06Aug2026 12:15:04.119] [main/DEBUG] [oshi.util.FileUtil/]: Reading file /sys/devices/system/cpu/cpu3/cache/index2/type
[06Aug2026 12:15:04.120] [main/DEBUG] [oshi.util.FileUtil/]: Reading file /sys/devices/system/cpu/cpu3/cache/index2/ways_of_associativity
[06Aug2026 12:15:04.120] [main/DEBUG] [oshi.util.FileUtil/]: Reading file /sys/devices/system/cpu/cpu3/cache/index2/ways_of_associativity
[06Aug2026 12:15:04.120] [main/DEBUG] [oshi.util.FileUtil/]: Reading file /sys/devices/system/cpu/cpu3/cache/index2/coherency_line_size
[06Aug2026 12:15:04.120] [main/DEBUG] [oshi.util.FileUtil/]: Reading file /sys/devices/system/cpu/cpu3/cache/index2/coherency_line_size
[06Aug2026 12:15:04.120] [main/DEBUG] [oshi.util.FileUtil/]: Reading file /sys/devices/system/cpu/cpu3/cache/index2/size
[06Aug2026 12:15:04.120] [main/DEBUG] [oshi.util.FileUtil/]: Reading file /sys/devices/system/cpu/cpu3/cache/index2/size
[06Aug2026 12:15:04.120] [main/DEBUG] [oshi.util.FileUtil/]: Reading file /sys/devices/system/cpu/cpu3/cache/index0/level
[06Aug2026 12:15:04.120] [main/DEBUG] [oshi.util.FileUtil/]: Reading file /sys/devices/system/cpu/cpu3/cache/index0/level
[06Aug2026 12:15:04.120] [main/DEBUG] [oshi.util.FileUtil/]: Reading file /sys/devices/system/cpu/cpu3/cache/index0/type
[06Aug2026 12:15:04.120] [main/DEBUG] [oshi.util.FileUtil/]: Reading file /sys/devices/system/cpu/cpu3/cache/index0/type
[06Aug2026 12:15:04.120] [main/DEBUG] [oshi.util.FileUtil/]: Reading file /sys/devices/system/cpu/cpu3/cache/index0/ways_of_associativity
[06Aug2026 12:15:04.120] [main/DEBUG] [oshi.util.FileUtil/]: Reading file /sys/devices/system/cpu/cpu3/cache/index0/ways_of_associativity
[06Aug2026 12:15:04.120] [main/DEBUG] [oshi.util.FileUtil/]: Reading file /sys/devices/system/cpu/cpu3/cache/index0/coherency_line_size
[06Aug2026 12:15:04.120] [main/DEBUG] [oshi.util.FileUtil/]: Reading file /sys/devices/system/cpu/cpu3/cache/index0/coherency_line_size
[06Aug2026 12:15:04.120] [main/DEBUG] [oshi.util.FileUtil/]: Reading file /sys/devices/system/cpu/cpu3/cache/index0/size
[06Aug2026 12:15:04.120] [main/DEBUG] [oshi.util.FileUtil/]: Reading file /sys/devices/system/cpu/cpu3/cache/index0/size
[06Aug2026 12:15:04.120] [main/DEBUG] [oshi.util.FileUtil/]: Reading file /sys/devices/system/cpu/cpu3/cache/index3/level
[06Aug2026 12:15:04.120] [main/DEBUG] [oshi.util.FileUtil/]: Reading file /sys/devices/system/cpu/cpu3/cache/index3/level
[06Aug2026 12:15:04.120] [main/DEBUG] [oshi.util.FileUtil/]: Reading file /sys/devices/system/cpu/cpu3/cache/index3/type
[06Aug2026 12:15:04.120] [main/DEBUG] [oshi.util.FileUtil/]: Reading file /sys/devices/system/cpu/cpu3/cache/index3/type
[06Aug2026 12:15:04.120] [main/DEBUG] [oshi.util.FileUtil/]: Reading file /sys/devices/system/cpu/cpu3/cache/index3/ways_of_associativity
[06Aug2026 12:15:04.120] [main/DEBUG] [oshi.util.FileUtil/]: Reading file /sys/devices/system/cpu/cpu3/cache/index3/ways_of_associativity
[06Aug2026 12:15:04.120] [main/DEBUG] [oshi.util.FileUtil/]: Reading file /sys/devices/system/cpu/cpu3/cache/index3/coherency_line_size
[06Aug2026 12:15:04.120] [main/DEBUG] [oshi.util.FileUtil/]: Reading file /sys/devices/system/cpu/cpu3/cache/index3/coherency_line_size
[06Aug2026 12:15:04.120] [main/DEBUG] [oshi.util.FileUtil/]: Reading file /sys/devices/system/cpu/cpu3/cache/index3/size
[06Aug2026 12:15:04.121] [main/DEBUG] [oshi.util.FileUtil/]: Reading file /sys/devices/system/cpu/cpu3/cache/index3/size
[06Aug2026 12:15:04.121] [main/DEBUG] [oshi.util.FileUtil/]: Reading file /sys/devices/system/cpu/cpu3/cache/index1/level
[06Aug2026 12:15:04.121] [main/DEBUG] [oshi.util.FileUtil/]: Reading file /sys/devices/system/cpu/cpu3/cache/index1/level
[06Aug2026 12:15:04.121] [main/DEBUG] [oshi.util.FileUtil/]: Reading file /sys/devices/system/cpu/cpu3/cache/index1/type
[06Aug2026 12:15:04.121] [main/DEBUG] [oshi.util.FileUtil/]: Reading file /sys/devices/system/cpu/cpu3/cache/index1/type
[06Aug2026 12:15:04.121] [main/DEBUG] [oshi.util.FileUtil/]: Reading file /sys/devices/system/cpu/cpu3/cache/index1/ways_of_associativity
[06Aug2026 12:15:04.121] [main/DEBUG] [oshi.util.FileUtil/]: Reading file /sys/devices/system/cpu/cpu3/cache/index1/ways_of_associativity
[06Aug2026 12:15:04.121] [main/DEBUG] [oshi.util.FileUtil/]: Reading file /sys/devices/system/cpu/cpu3/cache/index1/coherency_line_size
[06Aug2026 12:15:04.121] [main/DEBUG] [oshi.util.FileUtil/]: Reading file /sys/devices/system/cpu/cpu3/cache/index1/coherency_line_size
[06Aug2026 12:15:04.121] [main/DEBUG] [oshi.util.FileUtil/]: Reading file /sys/devices/system/cpu/cpu3/cache/index1/size
[06Aug2026 12:15:04.121] [main/DEBUG] [oshi.util.FileUtil/]: Reading file /sys/devices/system/cpu/cpu3/cache/index1/size
[06Aug2026 12:15:04.121] [main/DEBUG] [oshi.util.FileUtil/]: Reading file /sys/devices/system/cpu/cpu4/topology/core_id
[06Aug2026 12:15:04.122] [main/DEBUG] [oshi.util.FileUtil/]: Reading file /sys/devices/system/cpu/cpu4/topology/core_id
[06Aug2026 12:15:04.122] [main/DEBUG] [oshi.util.FileUtil/]: Reading file /sys/devices/system/cpu/cpu4/topology/physical_package_id
[06Aug2026 12:15:04.122] [main/DEBUG] [oshi.util.FileUtil/]: Reading file /sys/devices/system/cpu/cpu4/topology/physical_package_id
[06Aug2026 12:15:04.122] [main/DEBUG] [oshi.util.FileUtil/]: Reading file /sys/devices/system/cpu/cpu4/cpu_capacity
[06Aug2026 12:15:04.122] [main/DEBUG] [oshi.util.FileUtil/]: Reading file /sys/devices/system/cpu/cpu4/cpu_capacity
[06Aug2026 12:15:04.122] [main/DEBUG] [oshi.util.FileUtil/]: Reading file /sys/devices/system/cpu/cpu4/cache/index2/level
[06Aug2026 12:15:04.122] [main/DEBUG] [oshi.util.FileUtil/]: Reading file /sys/devices/system/cpu/cpu4/cache/index2/level
[06Aug2026 12:15:04.122] [main/DEBUG] [oshi.util.FileUtil/]: Reading file /sys/devices/system/cpu/cpu4/cache/index2/type
[06Aug2026 12:15:04.122] [main/DEBUG] [oshi.util.FileUtil/]: Reading file /sys/devices/system/cpu/cpu4/cache/index2/type
[06Aug2026 12:15:04.122] [main/DEBUG] [oshi.util.FileUtil/]: Reading file /sys/devices/system/cpu/cpu4/cache/index2/ways_of_associativity
[06Aug2026 12:15:04.122] [main/DEBUG] [oshi.util.FileUtil/]: Reading file /sys/devices/system/cpu/cpu4/cache/index2/ways_of_associativity
[06Aug2026 12:15:04.122] [main/DEBUG] [oshi.util.FileUtil/]: Reading file /sys/devices/system/cpu/cpu4/cache/index2/coherency_line_size
[06Aug2026 12:15:04.122] [main/DEBUG] [oshi.util.FileUtil/]: Reading file /sys/devices/system/cpu/cpu4/cache/index2/coherency_line_size
[06Aug2026 12:15:04.122] [main/DEBUG] [oshi.util.FileUtil/]: Reading file /sys/devices/system/cpu/cpu4/cache/index2/size
[06Aug2026 12:15:04.123] [main/DEBUG] [oshi.util.FileUtil/]: Reading file /sys/devices/system/cpu/cpu4/cache/index2/size
[06Aug2026 12:15:04.123] [main/DEBUG] [oshi.util.FileUtil/]: Reading file /sys/devices/system/cpu/cpu4/cache/index0/level
[06Aug2026 12:15:04.123] [main/DEBUG] [oshi.util.FileUtil/]: Reading file /sys/devices/system/cpu/cpu4/cache/index0/level
[06Aug2026 12:15:04.123] [main/DEBUG] [oshi.util.FileUtil/]: Reading file /sys/devices/system/cpu/cpu4/cache/index0/type
[06Aug2026 12:15:04.123] [main/DEBUG] [oshi.util.FileUtil/]: Reading file /sys/devices/system/cpu/cpu4/cache/index0/type
[06Aug2026 12:15:04.123] [main/DEBUG] [oshi.util.FileUtil/]: Reading file /sys/devices/system/cpu/cpu4/cache/index0/ways_of_associativity
[06Aug2026 12:15:04.123] [main/DEBUG] [oshi.util.FileUtil/]: Reading file /sys/devices/system/cpu/cpu4/cache/index0/ways_of_associativity
[06Aug2026 12:15:04.123] [main/DEBUG] [oshi.util.FileUtil/]: Reading file /sys/devices/system/cpu/cpu4/cache/index0/coherency_line_size
[06Aug2026 12:15:04.123] [main/DEBUG] [oshi.util.FileUtil/]: Reading file /sys/devices/system/cpu/cpu4/cache/index0/coherency_line_size
[06Aug2026 12:15:04.123] [main/DEBUG] [oshi.util.FileUtil/]: Reading file /sys/devices/system/cpu/cpu4/cache/index0/size
[06Aug2026 12:15:04.123] [main/DEBUG] [oshi.util.FileUtil/]: Reading file /sys/devices/system/cpu/cpu4/cache/index0/size
[06Aug2026 12:15:04.123] [main/DEBUG] [oshi.util.FileUtil/]: Reading file /sys/devices/system/cpu/cpu4/cache/index3/level
[06Aug2026 12:15:04.123] [main/DEBUG] [oshi.util.FileUtil/]: Reading file /sys/devices/system/cpu/cpu4/cache/index3/level
[06Aug2026 12:15:04.123] [main/DEBUG] [oshi.util.FileUtil/]: Reading file /sys/devices/system/cpu/cpu4/cache/index3/type
[06Aug2026 12:15:04.123] [main/DEBUG] [oshi.util.FileUtil/]: Reading file /sys/devices/system/cpu/cpu4/cache/index3/type
[06Aug2026 12:15:04.123] [main/DEBUG] [oshi.util.FileUtil/]: Reading file /sys/devices/system/cpu/cpu4/cache/index3/ways_of_associativity
[06Aug2026 12:15:04.124] [main/DEBUG] [oshi.util.FileUtil/]: Reading file /sys/devices/system/cpu/cpu4/cache/index3/ways_of_associativity
[06Aug2026 12:15:04.124] [main/DEBUG] [oshi.util.FileUtil/]: Reading file /sys/devices/system/cpu/cpu4/cache/index3/coherency_line_size
[06Aug2026 12:15:04.124] [main/DEBUG] [oshi.util.FileUtil/]: Reading file /sys/devices/system/cpu/cpu4/cache/index3/coherency_line_size
[06Aug2026 12:15:04.124] [main/DEBUG] [oshi.util.FileUtil/]: Reading file /sys/devices/system/cpu/cpu4/cache/index3/size
[06Aug2026 12:15:04.124] [main/DEBUG] [oshi.util.FileUtil/]: Reading file /sys/devices/system/cpu/cpu4/cache/index3/size
[06Aug2026 12:15:04.124] [main/DEBUG] [oshi.util.FileUtil/]: Reading file /sys/devices/system/cpu/cpu4/cache/index1/level
[06Aug2026 12:15:04.124] [main/DEBUG] [oshi.util.FileUtil/]: Reading file /sys/devices/system/cpu/cpu4/cache/index1/level
[06Aug2026 12:15:04.124] [main/DEBUG] [oshi.util.FileUtil/]: Reading file /sys/devices/system/cpu/cpu4/cache/index1/type
[06Aug2026 12:15:04.124] [main/DEBUG] [oshi.util.FileUtil/]: Reading file /sys/devices/system/cpu/cpu4/cache/index1/type
[06Aug2026 12:15:04.124] [main/DEBUG] [oshi.util.FileUtil/]: Reading file /sys/devices/system/cpu/cpu4/cache/index1/ways_of_associativity
[06Aug2026 12:15:04.124] [main/DEBUG] [oshi.util.FileUtil/]: Reading file /sys/devices/system/cpu/cpu4/cache/index1/ways_of_associativity
[06Aug2026 12:15:04.124] [main/DEBUG] [oshi.util.FileUtil/]: Reading file /sys/devices/system/cpu/cpu4/cache/index1/coherency_line_size
[06Aug2026 12:15:04.124] [main/DEBUG] [oshi.util.FileUtil/]: Reading file /sys/devices/system/cpu/cpu4/cache/index1/coherency_line_size
[06Aug2026 12:15:04.124] [main/DEBUG] [oshi.util.FileUtil/]: Reading file /sys/devices/system/cpu/cpu4/cache/index1/size
[06Aug2026 12:15:04.124] [main/DEBUG] [oshi.util.FileUtil/]: Reading file /sys/devices/system/cpu/cpu4/cache/index1/size
[06Aug2026 12:15:04.125] [main/DEBUG] [oshi.util.FileUtil/]: Reading file /sys/devices/system/cpu/cpu5/topology/core_id
[06Aug2026 12:15:04.125] [main/DEBUG] [oshi.util.FileUtil/]: Reading file /sys/devices/system/cpu/cpu5/topology/core_id
[06Aug2026 12:15:04.125] [main/DEBUG] [oshi.util.FileUtil/]: Reading file /sys/devices/system/cpu/cpu5/topology/physical_package_id
[06Aug2026 12:15:04.125] [main/DEBUG] [oshi.util.FileUtil/]: Reading file /sys/devices/system/cpu/cpu5/topology/physical_package_id
[06Aug2026 12:15:04.125] [main/DEBUG] [oshi.util.FileUtil/]: Reading file /sys/devices/system/cpu/cpu5/cpu_capacity
[06Aug2026 12:15:04.125] [main/DEBUG] [oshi.util.FileUtil/]: Reading file /sys/devices/system/cpu/cpu5/cpu_capacity
[06Aug2026 12:15:04.125] [main/DEBUG] [oshi.util.FileUtil/]: Reading file /sys/devices/system/cpu/cpu5/cache/index2/level
[06Aug2026 12:15:04.125] [main/DEBUG] [oshi.util.FileUtil/]: Reading file /sys/devices/system/cpu/cpu5/cache/index2/level
[06Aug2026 12:15:04.125] [main/DEBUG] [oshi.util.FileUtil/]: Reading file /sys/devices/system/cpu/cpu5/cache/index2/type
[06Aug2026 12:15:04.125] [main/DEBUG] [oshi.util.FileUtil/]: Reading file /sys/devices/system/cpu/cpu5/cache/index2/type
[06Aug2026 12:15:04.126] [main/DEBUG] [oshi.util.FileUtil/]: Reading file /sys/devices/system/cpu/cpu5/cache/index2/ways_of_associativity
[06Aug2026 12:15:04.126] [main/DEBUG] [oshi.util.FileUtil/]: Reading file /sys/devices/system/cpu/cpu5/cache/index2/ways_of_associativity
[06Aug2026 12:15:04.126] [main/DEBUG] [oshi.util.FileUtil/]: Reading file /sys/devices/system/cpu/cpu5/cache/index2/coherency_line_size
[06Aug2026 12:15:04.126] [main/DEBUG] [oshi.util.FileUtil/]: Reading file /sys/devices/system/cpu/cpu5/cache/index2/coherency_line_size
[06Aug2026 12:15:04.126] [main/DEBUG] [oshi.util.FileUtil/]: Reading file /sys/devices/system/cpu/cpu5/cache/index2/size
[06Aug2026 12:15:04.126] [main/DEBUG] [oshi.util.FileUtil/]: Reading file /sys/devices/system/cpu/cpu5/cache/index2/size
[06Aug2026 12:15:04.126] [main/DEBUG] [oshi.util.FileUtil/]: Reading file /sys/devices/system/cpu/cpu5/cache/index0/level
[06Aug2026 12:15:04.126] [main/DEBUG] [oshi.util.FileUtil/]: Reading file /sys/devices/system/cpu/cpu5/cache/index0/level
[06Aug2026 12:15:04.126] [main/DEBUG] [oshi.util.FileUtil/]: Reading file /sys/devices/system/cpu/cpu5/cache/index0/type
[06Aug2026 12:15:04.126] [main/DEBUG] [oshi.util.FileUtil/]: Reading file /sys/devices/system/cpu/cpu5/cache/index0/type
[06Aug2026 12:15:04.126] [main/DEBUG] [oshi.util.FileUtil/]: Reading file /sys/devices/system/cpu/cpu5/cache/index0/ways_of_associativity
[06Aug2026 12:15:04.126] [main/DEBUG] [oshi.util.FileUtil/]: Reading file /sys/devices/system/cpu/cpu5/cache/index0/ways_of_associativity
[06Aug2026 12:15:04.126] [main/DEBUG] [oshi.util.FileUtil/]: Reading file /sys/devices/system/cpu/cpu5/cache/index0/coherency_line_size
[06Aug2026 12:15:04.126] [main/DEBUG] [oshi.util.FileUtil/]: Reading file /sys/devices/system/cpu/cpu5/cache/index0/coherency_line_size
[06Aug2026 12:15:04.126] [main/DEBUG] [oshi.util.FileUtil/]: Reading file /sys/devices/system/cpu/cpu5/cache/index0/size
[06Aug2026 12:15:04.126] [main/DEBUG] [oshi.util.FileUtil/]: Reading file /sys/devices/system/cpu/cpu5/cache/index0/size
[06Aug2026 12:15:04.126] [main/DEBUG] [oshi.util.FileUtil/]: Reading file /sys/devices/system/cpu/cpu5/cache/index3/level
[06Aug2026 12:15:04.126] [main/DEBUG] [oshi.util.FileUtil/]: Reading file /sys/devices/system/cpu/cpu5/cache/index3/level
[06Aug2026 12:15:04.126] [main/DEBUG] [oshi.util.FileUtil/]: Reading file /sys/devices/system/cpu/cpu5/cache/index3/type
[06Aug2026 12:15:04.126] [main/DEBUG] [oshi.util.FileUtil/]: Reading file /sys/devices/system/cpu/cpu5/cache/index3/type
[06Aug2026 12:15:04.127] [main/DEBUG] [oshi.util.FileUtil/]: Reading file /sys/devices/system/cpu/cpu5/cache/index3/ways_of_associativity
[06Aug2026 12:15:04.127] [main/DEBUG] [oshi.util.FileUtil/]: Reading file /sys/devices/system/cpu/cpu5/cache/index3/ways_of_associativity
[06Aug2026 12:15:04.127] [main/DEBUG] [oshi.util.FileUtil/]: Reading file /sys/devices/system/cpu/cpu5/cache/index3/coherency_line_size
[06Aug2026 12:15:04.127] [main/DEBUG] [oshi.util.FileUtil/]: Reading file /sys/devices/system/cpu/cpu5/cache/index3/coherency_line_size
[06Aug2026 12:15:04.127] [main/DEBUG] [oshi.util.FileUtil/]: Reading file /sys/devices/system/cpu/cpu5/cache/index3/size
[06Aug2026 12:15:04.127] [main/DEBUG] [oshi.util.FileUtil/]: Reading file /sys/devices/system/cpu/cpu5/cache/index3/size
[06Aug2026 12:15:04.127] [main/DEBUG] [oshi.util.FileUtil/]: Reading file /sys/devices/system/cpu/cpu5/cache/index1/level
[06Aug2026 12:15:04.127] [main/DEBUG] [oshi.util.FileUtil/]: Reading file /sys/devices/system/cpu/cpu5/cache/index1/level
[06Aug2026 12:15:04.127] [main/DEBUG] [oshi.util.FileUtil/]: Reading file /sys/devices/system/cpu/cpu5/cache/index1/type
[06Aug2026 12:15:04.127] [main/DEBUG] [oshi.util.FileUtil/]: Reading file /sys/devices/system/cpu/cpu5/cache/index1/type
[06Aug2026 12:15:04.127] [main/DEBUG] [oshi.util.FileUtil/]: Reading file /sys/devices/system/cpu/cpu5/cache/index1/ways_of_associativity
[06Aug2026 12:15:04.127] [main/DEBUG] [oshi.util.FileUtil/]: Reading file /sys/devices/system/cpu/cpu5/cache/index1/ways_of_associativity
[06Aug2026 12:15:04.127] [main/DEBUG] [oshi.util.FileUtil/]: Reading file /sys/devices/system/cpu/cpu5/cache/index1/coherency_line_size
[06Aug2026 12:15:04.127] [main/DEBUG] [oshi.util.FileUtil/]: Reading file /sys/devices/system/cpu/cpu5/cache/index1/coherency_line_size
[06Aug2026 12:15:04.127] [main/DEBUG] [oshi.util.FileUtil/]: Reading file /sys/devices/system/cpu/cpu5/cache/index1/size
[06Aug2026 12:15:04.127] [main/DEBUG] [oshi.util.FileUtil/]: Reading file /sys/devices/system/cpu/cpu5/cache/index1/size
[06Aug2026 12:15:04.128] [main/DEBUG] [oshi.util.FileUtil/]: Reading file /sys/devices/system/cpu/cpu6/topology/core_id
[06Aug2026 12:15:04.128] [main/DEBUG] [oshi.util.FileUtil/]: Reading file /sys/devices/system/cpu/cpu6/topology/core_id
[06Aug2026 12:15:04.128] [main/DEBUG] [oshi.util.FileUtil/]: Reading file /sys/devices/system/cpu/cpu6/topology/physical_package_id
[06Aug2026 12:15:04.128] [main/DEBUG] [oshi.util.FileUtil/]: Reading file /sys/devices/system/cpu/cpu6/topology/physical_package_id
[06Aug2026 12:15:04.128] [main/DEBUG] [oshi.util.FileUtil/]: Reading file /sys/devices/system/cpu/cpu6/cpu_capacity
[06Aug2026 12:15:04.128] [main/DEBUG] [oshi.util.FileUtil/]: Reading file /sys/devices/system/cpu/cpu6/cpu_capacity
[06Aug2026 12:15:04.128] [main/DEBUG] [oshi.util.FileUtil/]: Reading file /sys/devices/system/cpu/cpu6/cache/index2/level
[06Aug2026 12:15:04.128] [main/DEBUG] [oshi.util.FileUtil/]: Reading file /sys/devices/system/cpu/cpu6/cache/index2/level
[06Aug2026 12:15:04.128] [main/DEBUG] [oshi.util.FileUtil/]: Reading file /sys/devices/system/cpu/cpu6/cache/index2/type
[06Aug2026 12:15:04.128] [main/DEBUG] [oshi.util.FileUtil/]: Reading file /sys/devices/system/cpu/cpu6/cache/index2/type
[06Aug2026 12:15:04.128] [main/DEBUG] [oshi.util.FileUtil/]: Reading file /sys/devices/system/cpu/cpu6/cache/index2/ways_of_associativity
[06Aug2026 12:15:04.128] [main/DEBUG] [oshi.util.FileUtil/]: Reading file /sys/devices/system/cpu/cpu6/cache/index2/ways_of_associativity
[06Aug2026 12:15:04.128] [main/DEBUG] [oshi.util.FileUtil/]: Reading file /sys/devices/system/cpu/cpu6/cache/index2/coherency_line_size
[06Aug2026 12:15:04.128] [main/DEBUG] [oshi.util.FileUtil/]: Reading file /sys/devices/system/cpu/cpu6/cache/index2/coherency_line_size
[06Aug2026 12:15:04.128] [main/DEBUG] [oshi.util.FileUtil/]: Reading file /sys/devices/system/cpu/cpu6/cache/index2/size
[06Aug2026 12:15:04.128] [main/DEBUG] [oshi.util.FileUtil/]: Reading file /sys/devices/system/cpu/cpu6/cache/index2/size
[06Aug2026 12:15:04.129] [main/DEBUG] [oshi.util.FileUtil/]: Reading file /sys/devices/system/cpu/cpu6/cache/index0/level
[06Aug2026 12:15:04.129] [main/DEBUG] [oshi.util.FileUtil/]: Reading file /sys/devices/system/cpu/cpu6/cache/index0/level
[06Aug2026 12:15:04.129] [main/DEBUG] [oshi.util.FileUtil/]: Reading file /sys/devices/system/cpu/cpu6/cache/index0/type
[06Aug2026 12:15:04.129] [main/DEBUG] [oshi.util.FileUtil/]: Reading file /sys/devices/system/cpu/cpu6/cache/index0/type
[06Aug2026 12:15:04.129] [main/DEBUG] [oshi.util.FileUtil/]: Reading file /sys/devices/system/cpu/cpu6/cache/index0/ways_of_associativity
[06Aug2026 12:15:04.129] [main/DEBUG] [oshi.util.FileUtil/]: Reading file /sys/devices/system/cpu/cpu6/cache/index0/ways_of_associativity
[06Aug2026 12:15:04.129] [main/DEBUG] [oshi.util.FileUtil/]: Reading file /sys/devices/system/cpu/cpu6/cache/index0/coherency_line_size
[06Aug2026 12:15:04.129] [main/DEBUG] [oshi.util.FileUtil/]: Reading file /sys/devices/system/cpu/cpu6/cache/index0/coherency_line_size
[06Aug2026 12:15:04.129] [main/DEBUG] [oshi.util.FileUtil/]: Reading file /sys/devices/system/cpu/cpu6/cache/index0/size
[06Aug2026 12:15:04.129] [main/DEBUG] [oshi.util.FileUtil/]: Reading file /sys/devices/system/cpu/cpu6/cache/index0/size
[06Aug2026 12:15:04.129] [main/DEBUG] [oshi.util.FileUtil/]: Reading file /sys/devices/system/cpu/cpu6/cache/index3/level
[06Aug2026 12:15:04.129] [main/DEBUG] [oshi.util.FileUtil/]: Reading file /sys/devices/system/cpu/cpu6/cache/index3/level
[06Aug2026 12:15:04.129] [main/DEBUG] [oshi.util.FileUtil/]: Reading file /sys/devices/system/cpu/cpu6/cache/index3/type
[06Aug2026 12:15:04.129] [main/DEBUG] [oshi.util.FileUtil/]: Reading file /sys/devices/system/cpu/cpu6/cache/index3/type
[06Aug2026 12:15:04.129] [main/DEBUG] [oshi.util.FileUtil/]: Reading file /sys/devices/system/cpu/cpu6/cache/index3/ways_of_associativity
[06Aug2026 12:15:04.129] [main/DEBUG] [oshi.util.FileUtil/]: Reading file /sys/devices/system/cpu/cpu6/cache/index3/ways_of_associativity
[06Aug2026 12:15:04.129] [main/DEBUG] [oshi.util.FileUtil/]: Reading file /sys/devices/system/cpu/cpu6/cache/index3/coherency_line_size
[06Aug2026 12:15:04.129] [main/DEBUG] [oshi.util.FileUtil/]: Reading file /sys/devices/system/cpu/cpu6/cache/index3/coherency_line_size
[06Aug2026 12:15:04.130] [main/DEBUG] [oshi.util.FileUtil/]: Reading file /sys/devices/system/cpu/cpu6/cache/index3/size
[06Aug2026 12:15:04.130] [main/DEBUG] [oshi.util.FileUtil/]: Reading file /sys/devices/system/cpu/cpu6/cache/index3/size
[06Aug2026 12:15:04.130] [main/DEBUG] [oshi.util.FileUtil/]: Reading file /sys/devices/system/cpu/cpu6/cache/index1/level
[06Aug2026 12:15:04.130] [main/DEBUG] [oshi.util.FileUtil/]: Reading file /sys/devices/system/cpu/cpu6/cache/index1/level
[06Aug2026 12:15:04.130] [main/DEBUG] [oshi.util.FileUtil/]: Reading file /sys/devices/system/cpu/cpu6/cache/index1/type
[06Aug2026 12:15:04.130] [main/DEBUG] [oshi.util.FileUtil/]: Reading file /sys/devices/system/cpu/cpu6/cache/index1/type
[06Aug2026 12:15:04.130] [main/DEBUG] [oshi.util.FileUtil/]: Reading file /sys/devices/system/cpu/cpu6/cache/index1/ways_of_associativity
[06Aug2026 12:15:04.130] [main/DEBUG] [oshi.util.FileUtil/]: Reading file /sys/devices/system/cpu/cpu6/cache/index1/ways_of_associativity
[06Aug2026 12:15:04.130] [main/DEBUG] [oshi.util.FileUtil/]: Reading file /sys/devices/system/cpu/cpu6/cache/index1/coherency_line_size
[06Aug2026 12:15:04.130] [main/DEBUG] [oshi.util.FileUtil/]: Reading file /sys/devices/system/cpu/cpu6/cache/index1/coherency_line_size
[06Aug2026 12:15:04.130] [main/DEBUG] [oshi.util.FileUtil/]: Reading file /sys/devices/system/cpu/cpu6/cache/index1/size
[06Aug2026 12:15:04.130] [main/DEBUG] [oshi.util.FileUtil/]: Reading file /sys/devices/system/cpu/cpu6/cache/index1/size
[06Aug2026 12:15:04.131] [main/DEBUG] [oshi.util.FileUtil/]: Reading file /sys/devices/system/cpu/cpu7/topology/core_id
[06Aug2026 12:15:04.131] [main/DEBUG] [oshi.util.FileUtil/]: Reading file /sys/devices/system/cpu/cpu7/topology/core_id
[06Aug2026 12:15:04.131] [main/DEBUG] [oshi.util.FileUtil/]: Reading file /sys/devices/system/cpu/cpu7/topology/physical_package_id
[06Aug2026 12:15:04.131] [main/DEBUG] [oshi.util.FileUtil/]: Reading file /sys/devices/system/cpu/cpu7/topology/physical_package_id
[06Aug2026 12:15:04.131] [main/DEBUG] [oshi.util.FileUtil/]: Reading file /sys/devices/system/cpu/cpu7/cpu_capacity
[06Aug2026 12:15:04.131] [main/DEBUG] [oshi.util.FileUtil/]: Reading file /sys/devices/system/cpu/cpu7/cpu_capacity
[06Aug2026 12:15:04.131] [main/DEBUG] [oshi.util.FileUtil/]: Reading file /sys/devices/system/cpu/cpu7/cache/index2/level
[06Aug2026 12:15:04.131] [main/DEBUG] [oshi.util.FileUtil/]: Reading file /sys/devices/system/cpu/cpu7/cache/index2/level
[06Aug2026 12:15:04.131] [main/DEBUG] [oshi.util.FileUtil/]: Reading file /sys/devices/system/cpu/cpu7/cache/index2/type
[06Aug2026 12:15:04.131] [main/DEBUG] [oshi.util.FileUtil/]: Reading file /sys/devices/system/cpu/cpu7/cache/index2/type
[06Aug2026 12:15:04.131] [main/DEBUG] [oshi.util.FileUtil/]: Reading file /sys/devices/system/cpu/cpu7/cache/index2/ways_of_associativity
[06Aug2026 12:15:04.131] [main/DEBUG] [oshi.util.FileUtil/]: Reading file /sys/devices/system/cpu/cpu7/cache/index2/ways_of_associativity
[06Aug2026 12:15:04.131] [main/DEBUG] [oshi.util.FileUtil/]: Reading file /sys/devices/system/cpu/cpu7/cache/index2/coherency_line_size
[06Aug2026 12:15:04.131] [main/DEBUG] [oshi.util.FileUtil/]: Reading file /sys/devices/system/cpu/cpu7/cache/index2/coherency_line_size
[06Aug2026 12:15:04.131] [main/DEBUG] [oshi.util.FileUtil/]: Reading file /sys/devices/system/cpu/cpu7/cache/index2/size
[06Aug2026 12:15:04.131] [main/DEBUG] [oshi.util.FileUtil/]: Reading file /sys/devices/system/cpu/cpu7/cache/index2/size
[06Aug2026 12:15:04.132] [main/DEBUG] [oshi.util.FileUtil/]: Reading file /sys/devices/system/cpu/cpu7/cache/index0/level
[06Aug2026 12:15:04.132] [main/DEBUG] [oshi.util.FileUtil/]: Reading file /sys/devices/system/cpu/cpu7/cache/index0/level
[06Aug2026 12:15:04.132] [main/DEBUG] [oshi.util.FileUtil/]: Reading file /sys/devices/system/cpu/cpu7/cache/index0/type
[06Aug2026 12:15:04.132] [main/DEBUG] [oshi.util.FileUtil/]: Reading file /sys/devices/system/cpu/cpu7/cache/index0/type
[06Aug2026 12:15:04.132] [main/DEBUG] [oshi.util.FileUtil/]: Reading file /sys/devices/system/cpu/cpu7/cache/index0/ways_of_associativity
[06Aug2026 12:15:04.132] [main/DEBUG] [oshi.util.FileUtil/]: Reading file /sys/devices/system/cpu/cpu7/cache/index0/ways_of_associativity
[06Aug2026 12:15:04.132] [main/DEBUG] [oshi.util.FileUtil/]: Reading file /sys/devices/system/cpu/cpu7/cache/index0/coherency_line_size
[06Aug2026 12:15:04.132] [main/DEBUG] [oshi.util.FileUtil/]: Reading file /sys/devices/system/cpu/cpu7/cache/index0/coherency_line_size
[06Aug2026 12:15:04.132] [main/DEBUG] [oshi.util.FileUtil/]: Reading file /sys/devices/system/cpu/cpu7/cache/index0/size
[06Aug2026 12:15:04.132] [main/DEBUG] [oshi.util.FileUtil/]: Reading file /sys/devices/system/cpu/cpu7/cache/index0/size
[06Aug2026 12:15:04.132] [main/DEBUG] [oshi.util.FileUtil/]: Reading file /sys/devices/system/cpu/cpu7/cache/index3/level
[06Aug2026 12:15:04.132] [main/DEBUG] [oshi.util.FileUtil/]: Reading file /sys/devices/system/cpu/cpu7/cache/index3/level
[06Aug2026 12:15:04.132] [main/DEBUG] [oshi.util.FileUtil/]: Reading file /sys/devices/system/cpu/cpu7/cache/index3/type
[06Aug2026 12:15:04.132] [main/DEBUG] [oshi.util.FileUtil/]: Reading file /sys/devices/system/cpu/cpu7/cache/index3/type
[06Aug2026 12:15:04.132] [main/DEBUG] [oshi.util.FileUtil/]: Reading file /sys/devices/system/cpu/cpu7/cache/index3/ways_of_associativity
[06Aug2026 12:15:04.132] [main/DEBUG] [oshi.util.FileUtil/]: Reading file /sys/devices/system/cpu/cpu7/cache/index3/ways_of_associativity
[06Aug2026 12:15:04.132] [main/DEBUG] [oshi.util.FileUtil/]: Reading file /sys/devices/system/cpu/cpu7/cache/index3/coherency_line_size
[06Aug2026 12:15:04.132] [main/DEBUG] [oshi.util.FileUtil/]: Reading file /sys/devices/system/cpu/cpu7/cache/index3/coherency_line_size
[06Aug2026 12:15:04.132] [main/DEBUG] [oshi.util.FileUtil/]: Reading file /sys/devices/system/cpu/cpu7/cache/index3/size
[06Aug2026 12:15:04.132] [main/DEBUG] [oshi.util.FileUtil/]: Reading file /sys/devices/system/cpu/cpu7/cache/index3/size
[06Aug2026 12:15:04.132] [main/DEBUG] [oshi.util.FileUtil/]: Reading file /sys/devices/system/cpu/cpu7/cache/index1/level
[06Aug2026 12:15:04.132] [main/DEBUG] [oshi.util.FileUtil/]: Reading file /sys/devices/system/cpu/cpu7/cache/index1/level
[06Aug2026 12:15:04.133] [main/DEBUG] [oshi.util.FileUtil/]: Reading file /sys/devices/system/cpu/cpu7/cache/index1/type
[06Aug2026 12:15:04.133] [main/DEBUG] [oshi.util.FileUtil/]: Reading file /sys/devices/system/cpu/cpu7/cache/index1/type
[06Aug2026 12:15:04.133] [main/DEBUG] [oshi.util.FileUtil/]: Reading file /sys/devices/system/cpu/cpu7/cache/index1/ways_of_associativity
[06Aug2026 12:15:04.133] [main/DEBUG] [oshi.util.FileUtil/]: Reading file /sys/devices/system/cpu/cpu7/cache/index1/ways_of_associativity
[06Aug2026 12:15:04.133] [main/DEBUG] [oshi.util.FileUtil/]: Reading file /sys/devices/system/cpu/cpu7/cache/index1/coherency_line_size
[06Aug2026 12:15:04.133] [main/DEBUG] [oshi.util.FileUtil/]: Reading file /sys/devices/system/cpu/cpu7/cache/index1/coherency_line_size
[06Aug2026 12:15:04.133] [main/DEBUG] [oshi.util.FileUtil/]: Reading file /sys/devices/system/cpu/cpu7/cache/index1/size
[06Aug2026 12:15:04.133] [main/DEBUG] [oshi.util.FileUtil/]: Reading file /sys/devices/system/cpu/cpu7/cache/index1/size
[06Aug2026 12:15:04.133] [main/DEBUG] [oshi.util.FileUtil/]: Reading file /sys/devices/system/cpu/cpu8/topology/core_id
[06Aug2026 12:15:04.133] [main/DEBUG] [oshi.util.FileUtil/]: Reading file /sys/devices/system/cpu/cpu8/topology/core_id
[06Aug2026 12:15:04.133] [main/DEBUG] [oshi.util.FileUtil/]: Reading file /sys/devices/system/cpu/cpu8/topology/physical_package_id
[06Aug2026 12:15:04.133] [main/DEBUG] [oshi.util.FileUtil/]: Reading file /sys/devices/system/cpu/cpu8/topology/physical_package_id
[06Aug2026 12:15:04.134] [main/DEBUG] [oshi.util.FileUtil/]: Reading file /sys/devices/system/cpu/cpu8/cpu_capacity
[06Aug2026 12:15:04.134] [main/DEBUG] [oshi.util.FileUtil/]: Reading file /sys/devices/system/cpu/cpu8/cpu_capacity
[06Aug2026 12:15:04.134] [main/DEBUG] [oshi.util.FileUtil/]: Reading file /sys/devices/system/cpu/cpu8/cache/index2/level
[06Aug2026 12:15:04.134] [main/DEBUG] [oshi.util.FileUtil/]: Reading file /sys/devices/system/cpu/cpu8/cache/index2/level
[06Aug2026 12:15:04.134] [main/DEBUG] [oshi.util.FileUtil/]: Reading file /sys/devices/system/cpu/cpu8/cache/index2/type
[06Aug2026 12:15:04.134] [main/DEBUG] [oshi.util.FileUtil/]: Reading file /sys/devices/system/cpu/cpu8/cache/index2/type
[06Aug2026 12:15:04.134] [main/DEBUG] [oshi.util.FileUtil/]: Reading file /sys/devices/system/cpu/cpu8/cache/index2/ways_of_associativity
[06Aug2026 12:15:04.134] [main/DEBUG] [oshi.util.FileUtil/]: Reading file /sys/devices/system/cpu/cpu8/cache/index2/ways_of_associativity
[06Aug2026 12:15:04.134] [main/DEBUG] [oshi.util.FileUtil/]: Reading file /sys/devices/system/cpu/cpu8/cache/index2/coherency_line_size
[06Aug2026 12:15:04.134] [main/DEBUG] [oshi.util.FileUtil/]: Reading file /sys/devices/system/cpu/cpu8/cache/index2/coherency_line_size
[06Aug2026 12:15:04.134] [main/DEBUG] [oshi.util.FileUtil/]: Reading file /sys/devices/system/cpu/cpu8/cache/index2/size
[06Aug2026 12:15:04.134] [main/DEBUG] [oshi.util.FileUtil/]: Reading file /sys/devices/system/cpu/cpu8/cache/index2/size
[06Aug2026 12:15:04.134] [main/DEBUG] [oshi.util.FileUtil/]: Reading file /sys/devices/system/cpu/cpu8/cache/index0/level
[06Aug2026 12:15:04.134] [main/DEBUG] [oshi.util.FileUtil/]: Reading file /sys/devices/system/cpu/cpu8/cache/index0/level
[06Aug2026 12:15:04.134] [main/DEBUG] [oshi.util.FileUtil/]: Reading file /sys/devices/system/cpu/cpu8/cache/index0/type
[06Aug2026 12:15:04.134] [main/DEBUG] [oshi.util.FileUtil/]: Reading file /sys/devices/system/cpu/cpu8/cache/index0/type
[06Aug2026 12:15:04.134] [main/DEBUG] [oshi.util.FileUtil/]: Reading file /sys/devices/system/cpu/cpu8/cache/index0/ways_of_associativity
[06Aug2026 12:15:04.134] [main/DEBUG] [oshi.util.FileUtil/]: Reading file /sys/devices/system/cpu/cpu8/cache/index0/ways_of_associativity
[06Aug2026 12:15:04.134] [main/DEBUG] [oshi.util.FileUtil/]: Reading file /sys/devices/system/cpu/cpu8/cache/index0/coherency_line_size
[06Aug2026 12:15:04.135] [main/DEBUG] [oshi.util.FileUtil/]: Reading file /sys/devices/system/cpu/cpu8/cache/index0/coherency_line_size
[06Aug2026 12:15:04.135] [main/DEBUG] [oshi.util.FileUtil/]: Reading file /sys/devices/system/cpu/cpu8/cache/index0/size
[06Aug2026 12:15:04.135] [main/DEBUG] [oshi.util.FileUtil/]: Reading file /sys/devices/system/cpu/cpu8/cache/index0/size
[06Aug2026 12:15:04.135] [main/DEBUG] [oshi.util.FileUtil/]: Reading file /sys/devices/system/cpu/cpu8/cache/index3/level
[06Aug2026 12:15:04.135] [main/DEBUG] [oshi.util.FileUtil/]: Reading file /sys/devices/system/cpu/cpu8/cache/index3/level
[06Aug2026 12:15:04.135] [main/DEBUG] [oshi.util.FileUtil/]: Reading file /sys/devices/system/cpu/cpu8/cache/index3/type
[06Aug2026 12:15:04.135] [main/DEBUG] [oshi.util.FileUtil/]: Reading file /sys/devices/system/cpu/cpu8/cache/index3/type
[06Aug2026 12:15:04.135] [main/DEBUG] [oshi.util.FileUtil/]: Reading file /sys/devices/system/cpu/cpu8/cache/index3/ways_of_associativity
[06Aug2026 12:15:04.135] [main/DEBUG] [oshi.util.FileUtil/]: Reading file /sys/devices/system/cpu/cpu8/cache/index3/ways_of_associativity
[06Aug2026 12:15:04.135] [main/DEBUG] [oshi.util.FileUtil/]: Reading file /sys/devices/system/cpu/cpu8/cache/index3/coherency_line_size
[06Aug2026 12:15:04.135] [main/DEBUG] [oshi.util.FileUtil/]: Reading file /sys/devices/system/cpu/cpu8/cache/index3/coherency_line_size
[06Aug2026 12:15:04.135] [main/DEBUG] [oshi.util.FileUtil/]: Reading file /sys/devices/system/cpu/cpu8/cache/index3/size
[06Aug2026 12:15:04.135] [main/DEBUG] [oshi.util.FileUtil/]: Reading file /sys/devices/system/cpu/cpu8/cache/index3/size
[06Aug2026 12:15:04.135] [main/DEBUG] [oshi.util.FileUtil/]: Reading file /sys/devices/system/cpu/cpu8/cache/index1/level
[06Aug2026 12:15:04.135] [main/DEBUG] [oshi.util.FileUtil/]: Reading file /sys/devices/system/cpu/cpu8/cache/index1/level
[06Aug2026 12:15:04.135] [main/DEBUG] [oshi.util.FileUtil/]: Reading file /sys/devices/system/cpu/cpu8/cache/index1/type
[06Aug2026 12:15:04.135] [main/DEBUG] [oshi.util.FileUtil/]: Reading file /sys/devices/system/cpu/cpu8/cache/index1/type
[06Aug2026 12:15:04.135] [main/DEBUG] [oshi.util.FileUtil/]: Reading file /sys/devices/system/cpu/cpu8/cache/index1/ways_of_associativity
[06Aug2026 12:15:04.135] [main/DEBUG] [oshi.util.FileUtil/]: Reading file /sys/devices/system/cpu/cpu8/cache/index1/ways_of_associativity
[06Aug2026 12:15:04.135] [main/DEBUG] [oshi.util.FileUtil/]: Reading file /sys/devices/system/cpu/cpu8/cache/index1/coherency_line_size
[06Aug2026 12:15:04.135] [main/DEBUG] [oshi.util.FileUtil/]: Reading file /sys/devices/system/cpu/cpu8/cache/index1/coherency_line_size
[06Aug2026 12:15:04.135] [main/DEBUG] [oshi.util.FileUtil/]: Reading file /sys/devices/system/cpu/cpu8/cache/index1/size
[06Aug2026 12:15:04.136] [main/DEBUG] [oshi.util.FileUtil/]: Reading file /sys/devices/system/cpu/cpu8/cache/index1/size
[06Aug2026 12:15:04.136] [main/DEBUG] [oshi.util.FileUtil/]: Reading file /sys/devices/system/cpu/cpu9/topology/core_id
[06Aug2026 12:15:04.136] [main/DEBUG] [oshi.util.FileUtil/]: Reading file /sys/devices/system/cpu/cpu9/topology/core_id
[06Aug2026 12:15:04.136] [main/DEBUG] [oshi.util.FileUtil/]: Reading file /sys/devices/system/cpu/cpu9/topology/physical_package_id
[06Aug2026 12:15:04.136] [main/DEBUG] [oshi.util.FileUtil/]: Reading file /sys/devices/system/cpu/cpu9/topology/physical_package_id
[06Aug2026 12:15:04.136] [main/DEBUG] [oshi.util.FileUtil/]: Reading file /sys/devices/system/cpu/cpu9/cpu_capacity
[06Aug2026 12:15:04.136] [main/DEBUG] [oshi.util.FileUtil/]: Reading file /sys/devices/system/cpu/cpu9/cpu_capacity
[06Aug2026 12:15:04.136] [main/DEBUG] [oshi.util.FileUtil/]: Reading file /sys/devices/system/cpu/cpu9/cache/index2/level
[06Aug2026 12:15:04.136] [main/DEBUG] [oshi.util.FileUtil/]: Reading file /sys/devices/system/cpu/cpu9/cache/index2/level
[06Aug2026 12:15:04.137] [main/DEBUG] [oshi.util.FileUtil/]: Reading file /sys/devices/system/cpu/cpu9/cache/index2/type
[06Aug2026 12:15:04.137] [main/DEBUG] [oshi.util.FileUtil/]: Reading file /sys/devices/system/cpu/cpu9/cache/index2/type
[06Aug2026 12:15:04.137] [main/DEBUG] [oshi.util.FileUtil/]: Reading file /sys/devices/system/cpu/cpu9/cache/index2/ways_of_associativity
[06Aug2026 12:15:04.137] [main/DEBUG] [oshi.util.FileUtil/]: Reading file /sys/devices/system/cpu/cpu9/cache/index2/ways_of_associativity
[06Aug2026 12:15:04.137] [main/DEBUG] [oshi.util.FileUtil/]: Reading file /sys/devices/system/cpu/cpu9/cache/index2/coherency_line_size
[06Aug2026 12:15:04.137] [main/DEBUG] [oshi.util.FileUtil/]: Reading file /sys/devices/system/cpu/cpu9/cache/index2/coherency_line_size
[06Aug2026 12:15:04.137] [main/DEBUG] [oshi.util.FileUtil/]: Reading file /sys/devices/system/cpu/cpu9/cache/index2/size
[06Aug2026 12:15:04.137] [main/DEBUG] [oshi.util.FileUtil/]: Reading file /sys/devices/system/cpu/cpu9/cache/index2/size
[06Aug2026 12:15:04.137] [main/DEBUG] [oshi.util.FileUtil/]: Reading file /sys/devices/system/cpu/cpu9/cache/index0/level
[06Aug2026 12:15:04.137] [main/DEBUG] [oshi.util.FileUtil/]: Reading file /sys/devices/system/cpu/cpu9/cache/index0/level
[06Aug2026 12:15:04.137] [main/DEBUG] [oshi.util.FileUtil/]: Reading file /sys/devices/system/cpu/cpu9/cache/index0/type
[06Aug2026 12:15:04.137] [main/DEBUG] [oshi.util.FileUtil/]: Reading file /sys/devices/system/cpu/cpu9/cache/index0/type
[06Aug2026 12:15:04.137] [main/DEBUG] [oshi.util.FileUtil/]: Reading file /sys/devices/system/cpu/cpu9/cache/index0/ways_of_associativity
[06Aug2026 12:15:04.137] [main/DEBUG] [oshi.util.FileUtil/]: Reading file /sys/devices/system/cpu/cpu9/cache/index0/ways_of_associativity
[06Aug2026 12:15:04.137] [main/DEBUG] [oshi.util.FileUtil/]: Reading file /sys/devices/system/cpu/cpu9/cache/index0/coherency_line_size
[06Aug2026 12:15:04.137] [main/DEBUG] [oshi.util.FileUtil/]: Reading file /sys/devices/system/cpu/cpu9/cache/index0/coherency_line_size
[06Aug2026 12:15:04.137] [main/DEBUG] [oshi.util.FileUtil/]: Reading file /sys/devices/system/cpu/cpu9/cache/index0/size
[06Aug2026 12:15:04.137] [main/DEBUG] [oshi.util.FileUtil/]: Reading file /sys/devices/system/cpu/cpu9/cache/index0/size
[06Aug2026 12:15:04.137] [main/DEBUG] [oshi.util.FileUtil/]: Reading file /sys/devices/system/cpu/cpu9/cache/index3/level
[06Aug2026 12:15:04.137] [main/DEBUG] [oshi.util.FileUtil/]: Reading file /sys/devices/system/cpu/cpu9/cache/index3/level
[06Aug2026 12:15:04.137] [main/DEBUG] [oshi.util.FileUtil/]: Reading file /sys/devices/system/cpu/cpu9/cache/index3/type
[06Aug2026 12:15:04.137] [main/DEBUG] [oshi.util.FileUtil/]: Reading file /sys/devices/system/cpu/cpu9/cache/index3/type
[06Aug2026 12:15:04.137] [main/DEBUG] [oshi.util.FileUtil/]: Reading file /sys/devices/system/cpu/cpu9/cache/index3/ways_of_associativity
[06Aug2026 12:15:04.137] [main/DEBUG] [oshi.util.FileUtil/]: Reading file /sys/devices/system/cpu/cpu9/cache/index3/ways_of_associativity
[06Aug2026 12:15:04.138] [main/DEBUG] [oshi.util.FileUtil/]: Reading file /sys/devices/system/cpu/cpu9/cache/index3/coherency_line_size
[06Aug2026 12:15:04.138] [main/DEBUG] [oshi.util.FileUtil/]: Reading file /sys/devices/system/cpu/cpu9/cache/index3/coherency_line_size
[06Aug2026 12:15:04.138] [main/DEBUG] [oshi.util.FileUtil/]: Reading file /sys/devices/system/cpu/cpu9/cache/index3/size
[06Aug2026 12:15:04.138] [main/DEBUG] [oshi.util.FileUtil/]: Reading file /sys/devices/system/cpu/cpu9/cache/index3/size
[06Aug2026 12:15:04.138] [main/DEBUG] [oshi.util.FileUtil/]: Reading file /sys/devices/system/cpu/cpu9/cache/index1/level
[06Aug2026 12:15:04.138] [main/DEBUG] [oshi.util.FileUtil/]: Reading file /sys/devices/system/cpu/cpu9/cache/index1/level
[06Aug2026 12:15:04.138] [main/DEBUG] [oshi.util.FileUtil/]: Reading file /sys/devices/system/cpu/cpu9/cache/index1/type
[06Aug2026 12:15:04.138] [main/DEBUG] [oshi.util.FileUtil/]: Reading file /sys/devices/system/cpu/cpu9/cache/index1/type
[06Aug2026 12:15:04.138] [main/DEBUG] [oshi.util.FileUtil/]: Reading file /sys/devices/system/cpu/cpu9/cache/index1/ways_of_associativity
[06Aug2026 12:15:04.138] [main/DEBUG] [oshi.util.FileUtil/]: Reading file /sys/devices/system/cpu/cpu9/cache/index1/ways_of_associativity
[06Aug2026 12:15:04.138] [main/DEBUG] [oshi.util.FileUtil/]: Reading file /sys/devices/system/cpu/cpu9/cache/index1/coherency_line_size
[06Aug2026 12:15:04.138] [main/DEBUG] [oshi.util.FileUtil/]: Reading file /sys/devices/system/cpu/cpu9/cache/index1/coherency_line_size
[06Aug2026 12:15:04.138] [main/DEBUG] [oshi.util.FileUtil/]: Reading file /sys/devices/system/cpu/cpu9/cache/index1/size
[06Aug2026 12:15:04.138] [main/DEBUG] [oshi.util.FileUtil/]: Reading file /sys/devices/system/cpu/cpu9/cache/index1/size
[06Aug2026 12:15:04.140] [main/DEBUG] [oshi.util.FileUtil/]: Reading file /proc/cpuinfo
[06Aug2026 12:15:04.230] [Datafixer Bootstrap/INFO] [com.mojang.datafixers.DataFixerBuilder/]: 229 Datafixer optimizations took 211 milliseconds
[06Aug2026 12:15:04.382] [main/DEBUG] [oshi.util.FileUtil/]: Reading file /proc/self/auxv
[06Aug2026 12:15:04.383] [main/DEBUG] [oshi.util.FileUtil/]: No oshi.architecture.properties file found from ClassLoader cpw.mods.modlauncher.TransformingClassLoader@b174a73
[06Aug2026 12:15:04.421] [main/DEBUG] [oshi.util.FileUtil/]: Reading file /proc/meminfo
[06Aug2026 12:15:04.421] [main/DEBUG] [oshi.util.FileUtil/]: Reading file /proc/meminfo
[06Aug2026 12:15:04.440] [pool-19-thread-1/DEBUG] [mixin/]: Mixing BuiltInRegistriesMixin from create.mixins.json into net.minecraft.core.registries.BuiltInRegistries
[06Aug2026 12:15:04.441] [pool-19-thread-1/DEBUG] [mixin/]: Renaming synthetic method lambda$create$ourRegistriesAreNotEmpty$0(Ljava/util/function/Consumer;Lnet/minecraft/core/Registry;)V to mdb5b860$create$lambda$create$ourRegistriesAreNotEmpty$0$0 in create.mixins.json:BuiltInRegistriesMixin from mod create
[06Aug2026 12:15:04.449] [pool-19-thread-1/DEBUG] [mixin/]: Mixing accessor.MappedRegistryAccessor from create.mixins.json into net.minecraft.core.MappedRegistry
[06Aug2026 12:15:04.450] [pool-19-thread-1/DEBUG] [mixin/]: Mixing MappedRegistryAccessor from neoforge.mixins.json into net.minecraft.core.MappedRegistry
[06Aug2026 12:15:04.455] [pool-19-thread-1/DEBUG] [mixin/]: Mixing RegistriesMixin from veil.neoforge.mixins.json into net.minecraft.core.registries.Registries
[06Aug2026 12:15:04.457] [pool-19-thread-1/DEBUG] [mixin/]: veil.neoforge.mixins.json:RegistriesMixin from mod veil->@Inject::veilElementsPath(Lnet/minecraft/resources/ResourceKey;Lorg/spongepowered/asm/mixin/injection/callback/CallbackInfoReturnable;)V does use it's CallbackInfoReturnable
[06Aug2026 12:15:04.457] [pool-19-thread-1/DEBUG] [mixin/]: veil.neoforge.mixins.json:RegistriesMixin from mod veil->@Inject::veilTagsPath(Lnet/minecraft/resources/ResourceKey;Lorg/spongepowered/asm/mixin/injection/callback/CallbackInfoReturnable;)V does use it's CallbackInfoReturnable
[06Aug2026 12:15:04.476] [pool-19-thread-1/DEBUG] [mixin/]: Mixing command.ArgumentTypeInfosMixin from sable.mixins.json into net.minecraft.commands.synchronization.ArgumentTypeInfos
[06Aug2026 12:15:04.478] [pool-19-thread-1/DEBUG] [mixin/]: sable.mixins.json:command.ArgumentTypeInfosMixin from mod sable->@Inject::sable$bootstrap(Lnet/minecraft/core/Registry;Lorg/spongepowered/asm/mixin/injection/callback/CallbackInfoReturnable;)V doesn't use it's CallbackInfoReturnable
[06Aug2026 12:15:04.495] [pool-19-thread-1/DEBUG] [mixin/]: Mixing creative_tab_sections.CreativeModeTabMixin from simulated.mixins.json into net.minecraft.world.item.CreativeModeTab
[06Aug2026 12:15:04.516] [pool-19-thread-1/DEBUG] [mixin/]: Mixing accessor.CreateBlockEntityBuilderAccessor from simulated.mixins.json into com.simibubi.create.foundation.data.CreateBlockEntityBuilder
[06Aug2026 12:15:04.541] [pool-19-thread-1/DEBUG] [mixin/]: Mixing levitite.BlockMixin from aeronautics.mixins.json into net.minecraft.world.level.block.Block
[06Aug2026 12:15:04.541] [pool-19-thread-1/DEBUG] [mixin/]: aeronautics.mixins.json:levitite.BlockMixin from mod aeronautics: Class version 65 required is higher than the class version supported by the current version of Mixin (JAVA_18 supports class version 62)
[06Aug2026 12:15:04.543] [pool-19-thread-1/DEBUG] [mixin/]: Mixing BlockMixin from create.mixins.json into net.minecraft.world.level.block.Block
[06Aug2026 12:15:04.545] [pool-19-thread-1/DEBUG] [mixin/]: Mixing entity.entity_kicking.BlockMixin from sable.mixins.json into net.minecraft.world.level.block.Block
[06Aug2026 12:15:04.545] [pool-19-thread-1/DEBUG] [mixin/]: Renaming synthetic method lambda$sable$popResourceFromFace$0(Lnet/minecraft/world/level/Level;DDDLnet/minecraft/world/item/ItemStack;Ldev/ryanhcode/sable/sublevel/SubLevel;)Lnet/minecraft/world/entity/item/ItemEntity; to mdb5b860$sable$lambda$sable$popResourceFromFace$0$0 in sable.mixins.json:entity.entity_kicking.BlockMixin from mod sable
[06Aug2026 12:15:04.547] [pool-19-thread-1/DEBUG] [mixin/]: Mixing entity.entity_rotations_and_riding.BlockMixin from sable.mixins.json into net.minecraft.world.level.block.Block
[06Aug2026 12:15:04.567] [pool-19-thread-1/DEBUG] [mixin/]: sable.mixins.json:entity.entity_kicking.BlockMixin from mod sable->@Inject::sable$popResourceFromFace(Lnet/minecraft/world/level/Level;Lnet/minecraft/core/BlockPos;Lnet/minecraft/world/item/ItemStack;Lorg/spongepowered/asm/mixin/injection/callback/CallbackInfo;DDDD)V does use it's CallbackInfo
[06Aug2026 12:15:04.578] [pool-19-thread-1/DEBUG] [mixin/]: Mixing accessor.BlockBehaviourAccessor from simulated.mixins.json into net.minecraft.world.level.block.state.BlockBehaviour
[06Aug2026 12:15:04.578] [pool-19-thread-1/DEBUG] [mixin/]: Mixing accessor.BlockBehaviourAccessor from create.mixins.json into net.minecraft.world.level.block.state.BlockBehaviour
[06Aug2026 12:15:04.586] [pool-19-thread-1/DEBUG] [mixin/]: Mixing EntityTypeMixin from flywheel.impl.mixins.json into net.minecraft.world.entity.EntityType
[06Aug2026 12:15:04.587] [pool-19-thread-1/DEBUG] [mixin/]: Mixing entity.entity_rotations_and_riding.EntityTypeMixin from sable.mixins.json into net.minecraft.world.entity.EntityType
[06Aug2026 12:15:04.590] [pool-19-thread-1/DEBUG] [mixin/]: sable.mixins.json:entity.entity_rotations_and_riding.EntityTypeMixin from mod sable->@Inject::sable$startRidingEntity(Lnet/minecraft/nbt/CompoundTag;Lnet/minecraft/world/level/Level;Ljava/util/function/Function;Lnet/minecraft/world/entity/Entity;Lorg/spongepowered/asm/mixin/injection/callback/CallbackInfoReturnable;)V doesn't use it's CallbackInfoReturnable
[06Aug2026 12:15:04.599] [pool-19-thread-1/DEBUG] [mixin/]: Mixing punching.ItemInvoker from sable.mixins.json into net.minecraft.world.item.Item
[06Aug2026 12:15:04.599] [pool-19-thread-1/DEBUG] [mixin/]: Renaming @Invoker method sable$getPlayerPOVHitResult(Lnet/minecraft/world/level/Level;Lnet/minecraft/world/entity/player/Player;Lnet/minecraft/world/level/ClipContext$Fluid;)Lnet/minecraft/world/phys/BlockHitResult; to getPlayerPOVHitResult$sable_$md$b5b860$0 in sable.mixins.json:punching.ItemInvoker from mod sable
[06Aug2026 12:15:04.605] [pool-19-thread-1/DEBUG] [mixin/]: Mixing player.PlayerMixin from simulated.mixins.json into net.minecraft.world.entity.player.Player
[06Aug2026 12:15:04.607] [pool-19-thread-1/DEBUG] [mixin/]: Mixing entity.entity_rotations_and_riding.PlayerMixin from sable.mixins.json into net.minecraft.world.entity.player.Player
[06Aug2026 12:15:04.610] [pool-19-thread-1/DEBUG] [mixin/]: Mixing entity.entity_sublevel_collision.PlayerMixin from sable.mixins.json into net.minecraft.world.entity.player.Player
[06Aug2026 12:15:04.616] [pool-19-thread-1/DEBUG] [mixin/]: Mixing interaction_distance.PlayerMixin from sable.mixins.json into net.minecraft.world.entity.player.Player
[06Aug2026 12:15:04.618] [pool-19-thread-1/DEBUG] [mixin/]: Mixing player_freezing.PlayerMixin from sable.mixins.json into net.minecraft.world.entity.player.Player
[06Aug2026 12:15:04.621] [pool-19-thread-1/DEBUG] [mixin/]: Mixing player_standup.PlayerMixin from sable.mixins.json into net.minecraft.world.entity.player.Player
[06Aug2026 12:15:04.621] [pool-19-thread-1/DEBUG] [mixin/]: Mixing PlayerMixin from create.mixins.json into net.minecraft.world.entity.player.Player
[06Aug2026 12:15:04.639] [pool-19-thread-1/DEBUG] [mixin/]: sable.mixins.json:entity.entity_rotations_and_riding.PlayerMixin from mod sable->@Inject::sable$storeUpDeltaMovement(Lnet/minecraft/world/phys/Vec3;Lorg/spongepowered/asm/mixin/injection/callback/CallbackInfo;)V doesn't use it's CallbackInfo
[06Aug2026 12:15:04.639] [pool-19-thread-1/DEBUG] [mixin/]: sable.mixins.json:entity.entity_rotations_and_riding.PlayerMixin from mod sable->@Inject::sable$storeUpDeltaMovement(Lnet/minecraft/world/phys/Vec3;Lorg/spongepowered/asm/mixin/injection/callback/CallbackInfo;)V has 0 override(s) in child classes
[06Aug2026 12:15:04.639] [pool-19-thread-1/DEBUG] [mixin/]: sable.mixins.json:entity.entity_rotations_and_riding.PlayerMixin from mod sable->@Inject::sable$storeUpDeltaMovement(Lnet/minecraft/world/phys/Vec3;Lorg/spongepowered/asm/mixin/injection/callback/CallbackInfo;)V won't be passed a CallbackInfo as a result
[06Aug2026 12:15:04.641] [pool-19-thread-1/DEBUG] [mixin/]: sable.mixins.json:entity.entity_sublevel_collision.PlayerMixin from mod sable->@Inject::sable$maybeBackOffFromEdge(Lnet/minecraft/world/phys/Vec3;Lnet/minecraft/world/entity/MoverType;Lorg/spongepowered/asm/mixin/injection/callback/CallbackInfoReturnable;)V does use it's CallbackInfoReturnable
[06Aug2026 12:15:04.641] [pool-19-thread-1/DEBUG] [mixin/]: sable.mixins.json:interaction_distance.PlayerMixin from mod sable->@Inject::sable$canInteractWithBlock(Lnet/minecraft/core/BlockPos;DLorg/spongepowered/asm/mixin/injection/callback/CallbackInfoReturnable;)V does use it's CallbackInfoReturnable
[06Aug2026 12:15:04.641] [pool-19-thread-1/DEBUG] [mixin/]: sable.mixins.json:interaction_distance.PlayerMixin from mod sable->@Inject::sable$canInteractWithEntity(Lnet/minecraft/world/phys/AABB;DLorg/spongepowered/asm/mixin/injection/callback/CallbackInfoReturnable;)V does use it's CallbackInfoReturnable
[06Aug2026 12:15:04.641] [pool-19-thread-1/DEBUG] [mixin/]: sable.mixins.json:player_freezing.PlayerMixin from mod sable->@Inject::sable$preFrozenTick(Lorg/spongepowered/asm/mixin/injection/callback/CallbackInfo;)V doesn't use it's CallbackInfo
[06Aug2026 12:15:04.641] [pool-19-thread-1/DEBUG] [mixin/]: sable.mixins.json:player_freezing.PlayerMixin from mod sable->@Inject::sable$preFrozenTick(Lorg/spongepowered/asm/mixin/injection/callback/CallbackInfo;)V has 0 override(s) in child classes
[06Aug2026 12:15:04.641] [pool-19-thread-1/DEBUG] [mixin/]: sable.mixins.json:player_freezing.PlayerMixin from mod sable->@Inject::sable$preFrozenTick(Lorg/spongepowered/asm/mixin/injection/callback/CallbackInfo;)V won't be passed a CallbackInfo as a result
[06Aug2026 12:15:04.664] [pool-19-thread-1/DEBUG] [mixin/]: Mixing CustomItemUseEffectsMixin from create.mixins.json into net.minecraft.world.entity.LivingEntity
[06Aug2026 12:15:04.666] [pool-19-thread-1/DEBUG] [mixin/]: Mixing LavaSwimmingMixin from create.mixins.json into net.minecraft.world.entity.LivingEntity
[06Aug2026 12:15:04.668] [pool-19-thread-1/DEBUG] [mixin/]: Mixing accessor.LivingEntityAccessor from create.mixins.json into net.minecraft.world.entity.LivingEntity
[06Aug2026 12:15:04.668] [pool-19-thread-1/DEBUG] [mixin/]: Mixing climbing_sub_levels.LivingEntityMixin from sable.mixins.json into net.minecraft.world.entity.LivingEntity
[06Aug2026 12:15:04.671] [pool-19-thread-1/DEBUG] [mixin/]: Mixing entity.entities_stick_sublevels.LivingEntityMixin from sable.mixins.json into net.minecraft.world.entity.LivingEntity
[06Aug2026 12:15:04.677] [pool-19-thread-1/DEBUG] [mixin/]: Mixing entity.entities_stick_sublevels.effects.LivingEntityMixin from sable.mixins.json into net.minecraft.world.entity.LivingEntity
[06Aug2026 12:15:04.678] [pool-19-thread-1/DEBUG] [mixin/]: Mixing entity.entity_rotations_and_riding.LivingEntityMixin from sable.mixins.json into net.minecraft.world.entity.LivingEntity
[06Aug2026 12:15:04.681] [pool-19-thread-1/DEBUG] [mixin/]: Mixing entity.entity_sublevel_collision.LivingEntityMixin from sable.mixins.json into net.minecraft.world.entity.LivingEntity
[06Aug2026 12:15:04.687] [pool-19-thread-1/DEBUG] [mixin/]: Mixing respawn_point.sleeping.LivingEntityMixin from sable.mixins.json into net.minecraft.world.entity.LivingEntity
[06Aug2026 12:15:04.689] [pool-19-thread-1/DEBUG] [mixin/]: Mixing entities_stick_sublevels.effects.LivingEntityMixin from sable-neoforge.mixins.json into net.minecraft.world.entity.LivingEntity
[06Aug2026 12:15:04.714] [pool-19-thread-1/DEBUG] [mixin/]: create.mixins.json:CustomItemUseEffectsMixin from mod create->@Inject::create$onShouldTriggerUseEffects(Lorg/spongepowered/asm/mixin/injection/callback/CallbackInfoReturnable;)V does use it's CallbackInfoReturnable
[06Aug2026 12:15:04.714] [pool-19-thread-1/DEBUG] [mixin/]: create.mixins.json:CustomItemUseEffectsMixin from mod create->@Inject::create$onTriggerUseEffects(Lnet/minecraft/world/item/ItemStack;ILorg/spongepowered/asm/mixin/injection/callback/CallbackInfo;)V does use it's CallbackInfo
[06Aug2026 12:15:04.714] [pool-19-thread-1/DEBUG] [mixin/]: create.mixins.json:LavaSwimmingMixin from mod create->@Inject::create$onLavaTravel(Lnet/minecraft/world/phys/Vec3;Lorg/spongepowered/asm/mixin/injection/callback/CallbackInfo;)V doesn't use it's CallbackInfo
[06Aug2026 12:15:04.714] [pool-19-thread-1/DEBUG] [mixin/]: create.mixins.json:LavaSwimmingMixin from mod create->@Inject::create$onLavaTravel(Lnet/minecraft/world/phys/Vec3;Lorg/spongepowered/asm/mixin/injection/callback/CallbackInfo;)V has 0 override(s) in child classes
[06Aug2026 12:15:04.714] [pool-19-thread-1/DEBUG] [mixin/]: create.mixins.json:LavaSwimmingMixin from mod create->@Inject::create$onLavaTravel(Lnet/minecraft/world/phys/Vec3;Lorg/spongepowered/asm/mixin/injection/callback/CallbackInfo;)V won't be passed a CallbackInfo as a result
[06Aug2026 12:15:04.714] [pool-19-thread-1/DEBUG] [mixin/]: sable.mixins.json:entity.entities_stick_sublevels.LivingEntityMixin from mod sable->@Inject::sable$updateRotLerp(Lorg/spongepowered/asm/mixin/injection/callback/CallbackInfo;)V doesn't use it's CallbackInfo
[06Aug2026 12:15:04.714] [pool-19-thread-1/DEBUG] [mixin/]: sable.mixins.json:entity.entities_stick_sublevels.LivingEntityMixin from mod sable->@Inject::sable$updateRotLerp(Lorg/spongepowered/asm/mixin/injection/callback/CallbackInfo;)V has 0 override(s) in child classes
[06Aug2026 12:15:04.714] [pool-19-thread-1/DEBUG] [mixin/]: sable.mixins.json:entity.entities_stick_sublevels.LivingEntityMixin from mod sable->@Inject::sable$updateRotLerp(Lorg/spongepowered/asm/mixin/injection/callback/CallbackInfo;)V won't be passed a CallbackInfo as a result
[06Aug2026 12:15:04.714] [pool-19-thread-1/DEBUG] [mixin/]: sable.mixins.json:entity.entities_stick_sublevels.LivingEntityMixin from mod sable->@Inject::sable$updatePlotPosition(Lorg/spongepowered/asm/mixin/injection/callback/CallbackInfo;)V doesn't use it's CallbackInfo
[06Aug2026 12:15:04.714] [pool-19-thread-1/DEBUG] [mixin/]: sable.mixins.json:entity.entities_stick_sublevels.LivingEntityMixin from mod sable->@Inject::sable$updatePlotPosition(Lorg/spongepowered/asm/mixin/injection/callback/CallbackInfo;)V has 0 override(s) in child classes
[06Aug2026 12:15:04.714] [pool-19-thread-1/DEBUG] [mixin/]: sable.mixins.json:entity.entities_stick_sublevels.LivingEntityMixin from mod sable->@Inject::sable$updatePlotPosition(Lorg/spongepowered/asm/mixin/injection/callback/CallbackInfo;)V won't be passed a CallbackInfo as a result
[06Aug2026 12:15:04.715] [pool-19-thread-1/DEBUG] [mixin/]: sable.mixins.json:entity.entities_stick_sublevels.LivingEntityMixin from mod sable->@Inject::sable$recreateFromPacket(Lnet/minecraft/network/protocol/game/ClientboundAddEntityPacket;Lorg/spongepowered/asm/mixin/injection/callback/CallbackInfo;)V doesn't use it's CallbackInfo
[06Aug2026 12:15:04.715] [pool-19-thread-1/DEBUG] [mixin/]: sable.mixins.json:entity.entities_stick_sublevels.LivingEntityMixin from mod sable->@Inject::sable$recreateFromPacket(Lnet/minecraft/network/protocol/game/ClientboundAddEntityPacket;Lorg/spongepowered/asm/mixin/injection/callback/CallbackInfo;)V has 0 override(s) in child classes
[06Aug2026 12:15:04.715] [pool-19-thread-1/DEBUG] [mixin/]: sable.mixins.json:entity.entities_stick_sublevels.LivingEntityMixin from mod sable->@Inject::sable$recreateFromPacket(Lnet/minecraft/network/protocol/game/ClientboundAddEntityPacket;Lorg/spongepowered/asm/mixin/injection/callback/CallbackInfo;)V won't be passed a CallbackInfo as a result
[06Aug2026 12:15:04.715] [pool-19-thread-1/DEBUG] [mixin/]: sable.mixins.json:entity.entity_rotations_and_riding.LivingEntityMixin from mod sable->@Inject::sable$jumpFromGround(Lorg/spongepowered/asm/mixin/injection/callback/CallbackInfo;)V does use it's CallbackInfo
[06Aug2026 12:15:04.715] [pool-19-thread-1/DEBUG] [mixin/]: sable.mixins.json:entity.entity_sublevel_collision.LivingEntityMixin from mod sable->@Inject::sable$beforeAnimation(Lnet/minecraft/world/phys/Vec3;Lorg/spongepowered/asm/mixin/injection/callback/CallbackInfo;)V doesn't use it's CallbackInfo
[06Aug2026 12:15:04.715] [pool-19-thread-1/DEBUG] [mixin/]: sable.mixins.json:entity.entity_sublevel_collision.LivingEntityMixin from mod sable->@Inject::sable$beforeAnimation(Lnet/minecraft/world/phys/Vec3;Lorg/spongepowered/asm/mixin/injection/callback/CallbackInfo;)V has 0 override(s) in child classes
[06Aug2026 12:15:04.715] [pool-19-thread-1/DEBUG] [mixin/]: sable.mixins.json:entity.entity_sublevel_collision.LivingEntityMixin from mod sable->@Inject::sable$beforeAnimation(Lnet/minecraft/world/phys/Vec3;Lorg/spongepowered/asm/mixin/injection/callback/CallbackInfo;)V won't be passed a CallbackInfo as a result
[06Aug2026 12:15:04.715] [pool-19-thread-1/DEBUG] [mixin/]: sable-neoforge.mixins.json:entities_stick_sublevels.effects.LivingEntityMixin from mod sable->@Inject::playBlockFallSound(Lorg/spongepowered/asm/mixin/injection/callback/CallbackInfo;)V doesn't use it's CallbackInfo
[06Aug2026 12:15:04.715] [pool-19-thread-1/DEBUG] [mixin/]: sable-neoforge.mixins.json:entities_stick_sublevels.effects.LivingEntityMixin from mod sable->@Inject::playBlockFallSound(Lorg/spongepowered/asm/mixin/injection/callback/CallbackInfo;)V has 0 override(s) in child classes
[06Aug2026 12:15:04.715] [pool-19-thread-1/DEBUG] [mixin/]: sable-neoforge.mixins.json:entities_stick_sublevels.effects.LivingEntityMixin from mod sable->@Inject::playBlockFallSound(Lorg/spongepowered/asm/mixin/injection/callback/CallbackInfo;)V won't be passed a CallbackInfo as a result
[06Aug2026 12:15:04.737] [pool-19-thread-1/DEBUG] [mixin/]: Mixing entity.entity_swimming.EntityMixin from sable-neoforge.mixins.json into net.minecraft.world.entity.Entity
[06Aug2026 12:15:04.738] [pool-19-thread-1/DEBUG] [mixin/]: Renaming synthetic method lambda$updateFluidHeightAndDoFluidPushing$2(Lnet/neoforged/neoforge/fluids/FluidType;Ldev/ryanhcode/sable/neoforge/mixinhelper/entity/SableInterimCalculation;)V to mdb5b860$sable$lambda$updateFluidHeightAndDoFluidPushing$2$0 in sable-neoforge.mixins.json:entity.entity_swimming.EntityMixin from mod sable
[06Aug2026 12:15:04.738] [pool-19-thread-1/DEBUG] [mixin/]: Renaming synthetic method lambda$updateFluidHeightAndDoFluidPushing$1(Ljava/lang/Object;)Ldev/ryanhcode/sable/neoforge/mixinhelper/entity/SableInterimCalculation; to mdb5b860$sable$lambda$updateFluidHeightAndDoFluidPushing$1$1 in sable-neoforge.mixins.json:entity.entity_swimming.EntityMixin from mod sable
[06Aug2026 12:15:04.738] [pool-19-thread-1/DEBUG] [mixin/]: Renaming synthetic method lambda$updateFluidHeightAndDoFluidPushing$0(Ljava/lang/Object;)Ldev/ryanhcode/sable/neoforge/mixinhelper/entity/SableInterimCalculation; to mdb5b860$sable$lambda$updateFluidHeightAndDoFluidPushing$0$2 in sable-neoforge.mixins.json:entity.entity_swimming.EntityMixin from mod sable
[06Aug2026 12:15:04.748] [pool-19-thread-1/DEBUG] [mixin/]: Mixing client.QuasarEntityMixin from veil.quasar.mixins.json into net.minecraft.world.entity.Entity
[06Aug2026 12:15:04.750] [pool-19-thread-1/DEBUG] [mixin/]: Mixing spring_item_bounce.EntityMixin from simulated.mixins.json into net.minecraft.world.entity.Entity
[06Aug2026 12:15:04.752] [pool-19-thread-1/DEBUG] [mixin/]: Mixing accessor.EntityAccessor from ponder-common.mixins.json into net.minecraft.world.entity.Entity
[06Aug2026 12:15:04.752] [pool-19-thread-1/DEBUG] [mixin/]: ponder-common.mixins.json:accessor.EntityAccessor from mod ponder: Class version 65 required is higher than the class version supported by the current version of Mixin (JAVA_17 supports class version 61)
[06Aug2026 12:15:04.753] [pool-19-thread-1/DEBUG] [mixin/]: Mixing client.EntityContraptionInteractionMixin from create.mixins.json into net.minecraft.world.entity.Entity
[06Aug2026 12:15:04.753] [pool-19-thread-1/DEBUG] [mixin/]: Renaming synthetic method lambda$create$onSpawnSprintParticle$4(Lnet/minecraft/world/entity/Entity;Lnet/minecraft/core/BlockPos;Lcom/simibubi/create/content/contraptions/Contraption;Lnet/minecraft/world/level/block/state/BlockState;Lnet/minecraft/core/BlockPos;)V to mdb5b860$create$lambda$create$onSpawnSprintParticle$4$3 in create.mixins.json:client.EntityContraptionInteractionMixin from mod create
[06Aug2026 12:15:04.753] [pool-19-thread-1/DEBUG] [mixin/]: Renaming synthetic method lambda$create$onMove$3(Lnet/minecraft/world/phys/Vec3;Lnet/minecraft/world/entity/Entity;Lcom/simibubi/create/content/contraptions/AbstractContraptionEntity;)Z to mdb5b860$create$lambda$create$onMove$3$4 in create.mixins.json:client.EntityContraptionInteractionMixin from mod create
[06Aug2026 12:15:04.753] [pool-19-thread-1/DEBUG] [mixin/]: Renaming synthetic method lambda$create$contraptionStepSounds$2(Lorg/apache/commons/lang3/mutable/MutableBoolean;Lcom/simibubi/create/content/contraptions/Contraption;Lnet/minecraft/world/level/block/state/BlockState;Lnet/minecraft/core/BlockPos;)V to mdb5b860$create$lambda$create$contraptionStepSounds$2$5 in create.mixins.json:client.EntityContraptionInteractionMixin from mod create
[06Aug2026 12:15:04.753] [pool-19-thread-1/DEBUG] [mixin/]: Renaming synthetic method lambda$create$forCollision$1(Lnet/minecraft/world/phys/Vec3;Lorg/apache/logging/log4j/util/TriConsumer;Lcom/simibubi/create/content/contraptions/AbstractContraptionEntity;)V to mdb5b860$create$lambda$create$forCollision$1$6 in create.mixins.json:client.EntityContraptionInteractionMixin from mod create
[06Aug2026 12:15:04.753] [pool-19-thread-1/DEBUG] [mixin/]: Renaming synthetic method lambda$create$getIntersectionContraptionsStream$0(Lcom/simibubi/create/content/contraptions/AbstractContraptionEntity;)Z to mdb5b860$create$lambda$create$getIntersectionContraptionsStream$0$7 in create.mixins.json:client.EntityContraptionInteractionMixin from mod create
[06Aug2026 12:15:04.759] [pool-19-thread-1/DEBUG] [mixin/]: Mixing clip_overwrite.EntityMixin from sable.mixins.json into net.minecraft.world.entity.Entity
[06Aug2026 12:15:04.759] [pool-19-thread-1/DEBUG] [mixin/]: Mixing death_message.EntityMixin from sable.mixins.json into net.minecraft.world.entity.Entity
[06Aug2026 12:15:04.760] [pool-19-thread-1/DEBUG] [mixin/]: Mixing entity.entities_in_blocks.EntityMixin from sable.mixins.json into net.minecraft.world.entity.Entity
[06Aug2026 12:15:04.762] [pool-19-thread-1/DEBUG] [mixin/]: Mixing entity.entities_stick_sublevels.EntityMixin from sable.mixins.json into net.minecraft.world.entity.Entity
[06Aug2026 12:15:04.763] [pool-19-thread-1/DEBUG] [mixin/]: Mixing entity.entities_stick_sublevels.effects.EntityMixin from sable.mixins.json into net.minecraft.world.entity.Entity
[06Aug2026 12:15:04.767] [pool-19-thread-1/DEBUG] [mixin/]: Mixing entity.entity_collision.EntityMixin from sable.mixins.json into net.minecraft.world.entity.Entity
[06Aug2026 12:15:04.768] [pool-19-thread-1/DEBUG] [mixin/]: Mixing entity.entity_rotations_and_riding.EntityMixin from sable.mixins.json into net.minecraft.world.entity.Entity
[06Aug2026 12:15:04.770] [pool-19-thread-1/DEBUG] [mixin/]: Mixing extension.EntityMixin from sable.mixins.json into net.minecraft.world.entity.Entity
[06Aug2026 12:15:04.771] [pool-19-thread-1/DEBUG] [mixin/]: Mixing interaction_distance.EntityMixin from sable.mixins.json into net.minecraft.world.entity.Entity
[06Aug2026 12:15:04.772] [pool-19-thread-1/DEBUG] [mixin/]: Mixing portal.EntityMixin from sable.mixins.json into net.minecraft.world.entity.Entity
[06Aug2026 12:15:04.772] [pool-19-thread-1/DEBUG] [mixin/]: Mixing tracking_points.EntityMixin from sable.mixins.json into net.minecraft.world.entity.Entity
[06Aug2026 12:15:04.773] [pool-19-thread-1/DEBUG] [mixin/]: Mixing water_occlusion.EntityMixin from sable.mixins.json into net.minecraft.world.entity.Entity
[06Aug2026 12:15:04.775] [pool-19-thread-1/DEBUG] [mixin/]: Mixing camera.camera_rotation.EntityMixin from sable.mixins.json into net.minecraft.world.entity.Entity
[06Aug2026 12:15:04.775] [pool-19-thread-1/DEBUG] [mixin/]: Mixing entity.entity_sublevel_collision.EntityMixin from sable.mixins.json into net.minecraft.world.entity.Entity
[06Aug2026 12:15:04.782] [pool-19-thread-1/DEBUG] [mixin/]: Mixing EntityMixin from create.mixins.json into net.minecraft.world.entity.Entity
[06Aug2026 12:15:04.821] [pool-19-thread-1/DEBUG] [mixin/]: sable-neoforge.mixins.json:entity.entity_swimming.EntityMixin from mod sable->@Inject::sable$subLevelFluidOnEyes(Lorg/spongepowered/asm/mixin/injection/callback/CallbackInfo;)V doesn't use it's CallbackInfo
[06Aug2026 12:15:04.822] [pool-19-thread-1/DEBUG] [mixin/]: sable-neoforge.mixins.json:entity.entity_swimming.EntityMixin from mod sable->@Inject::sable$subLevelFluidOnEyes(Lorg/spongepowered/asm/mixin/injection/callback/CallbackInfo;)V has 0 override(s) in child classes
[06Aug2026 12:15:04.822] [pool-19-thread-1/DEBUG] [mixin/]: sable-neoforge.mixins.json:entity.entity_swimming.EntityMixin from mod sable->@Inject::sable$subLevelFluidOnEyes(Lorg/spongepowered/asm/mixin/injection/callback/CallbackInfo;)V won't be passed a CallbackInfo as a result
[06Aug2026 12:15:04.822] [pool-19-thread-1/DEBUG] [mixin/]: veil.quasar.mixins.json:client.QuasarEntityMixin from mod veil->@Inject::remove(Lorg/spongepowered/asm/mixin/injection/callback/CallbackInfo;)V doesn't use it's CallbackInfo
[06Aug2026 12:15:04.822] [pool-19-thread-1/DEBUG] [mixin/]: veil.quasar.mixins.json:client.QuasarEntityMixin from mod veil->@Inject::remove(Lorg/spongepowered/asm/mixin/injection/callback/CallbackInfo;)V has 0 override(s) in child classes
[06Aug2026 12:15:04.822] [pool-19-thread-1/DEBUG] [mixin/]: veil.quasar.mixins.json:client.QuasarEntityMixin from mod veil->@Inject::remove(Lorg/spongepowered/asm/mixin/injection/callback/CallbackInfo;)V won't be passed a CallbackInfo as a result
[06Aug2026 12:15:04.822] [pool-19-thread-1/DEBUG] [mixin/]: simulated.mixins.json:spring_item_bounce.EntityMixin from mod simulated->@Inject::awardAdvancementBeforeFallReset(DZLnet/minecraft/world/level/block/state/BlockState;Lnet/minecraft/core/BlockPos;Lorg/spongepowered/asm/mixin/injection/callback/CallbackInfo;)V doesn't use it's CallbackInfo
[06Aug2026 12:15:04.822] [pool-19-thread-1/DEBUG] [mixin/]: simulated.mixins.json:spring_item_bounce.EntityMixin from mod simulated->@Inject::awardAdvancementBeforeFallReset(DZLnet/minecraft/world/level/block/state/BlockState;Lnet/minecraft/core/BlockPos;Lorg/spongepowered/asm/mixin/injection/callback/CallbackInfo;)V has 0 override(s) in child classes
[06Aug2026 12:15:04.822] [pool-19-thread-1/DEBUG] [mixin/]: simulated.mixins.json:spring_item_bounce.EntityMixin from mod simulated->@Inject::awardAdvancementBeforeFallReset(DZLnet/minecraft/world/level/block/state/BlockState;Lnet/minecraft/core/BlockPos;Lorg/spongepowered/asm/mixin/injection/callback/CallbackInfo;)V won't be passed a CallbackInfo as a result
[06Aug2026 12:15:04.822] [pool-19-thread-1/DEBUG] [mixin/]: create.mixins.json:client.EntityContraptionInteractionMixin from mod create->@Inject::create$contraptionStepSounds(Lnet/minecraft/world/entity/MoverType;Lnet/minecraft/world/phys/Vec3;Lorg/spongepowered/asm/mixin/injection/callback/CallbackInfo;)V doesn't use it's CallbackInfo
[06Aug2026 12:15:04.822] [pool-19-thread-1/DEBUG] [mixin/]: create.mixins.json:client.EntityContraptionInteractionMixin from mod create->@Inject::create$contraptionStepSounds(Lnet/minecraft/world/entity/MoverType;Lnet/minecraft/world/phys/Vec3;Lorg/spongepowered/asm/mixin/injection/callback/CallbackInfo;)V has 0 override(s) in child classes
[06Aug2026 12:15:04.822] [pool-19-thread-1/DEBUG] [mixin/]: create.mixins.json:client.EntityContraptionInteractionMixin from mod create->@Inject::create$contraptionStepSounds(Lnet/minecraft/world/entity/MoverType;Lnet/minecraft/world/phys/Vec3;Lorg/spongepowered/asm/mixin/injection/callback/CallbackInfo;)V won't be passed a CallbackInfo as a result
[06Aug2026 12:15:04.822] [pool-19-thread-1/DEBUG] [mixin/]: create.mixins.json:client.EntityContraptionInteractionMixin from mod create->@Inject::create$onMove(Lnet/minecraft/world/entity/MoverType;Lnet/minecraft/world/phys/Vec3;Lorg/spongepowered/asm/mixin/injection/callback/CallbackInfo;)V doesn't use it's CallbackInfo
[06Aug2026 12:15:04.822] [pool-19-thread-1/DEBUG] [mixin/]: create.mixins.json:client.EntityContraptionInteractionMixin from mod create->@Inject::create$onMove(Lnet/minecraft/world/entity/MoverType;Lnet/minecraft/world/phys/Vec3;Lorg/spongepowered/asm/mixin/injection/callback/CallbackInfo;)V has 0 override(s) in child classes
[06Aug2026 12:15:04.822] [pool-19-thread-1/DEBUG] [mixin/]: create.mixins.json:client.EntityContraptionInteractionMixin from mod create->@Inject::create$onMove(Lnet/minecraft/world/entity/MoverType;Lnet/minecraft/world/phys/Vec3;Lorg/spongepowered/asm/mixin/injection/callback/CallbackInfo;)V won't be passed a CallbackInfo as a result
[06Aug2026 12:15:04.822] [pool-19-thread-1/DEBUG] [mixin/]: create.mixins.json:client.EntityContraptionInteractionMixin from mod create->@Inject::create$onSpawnSprintParticle(Lorg/spongepowered/asm/mixin/injection/callback/CallbackInfo;)V doesn't use it's CallbackInfo
[06Aug2026 12:15:04.822] [pool-19-thread-1/DEBUG] [mixin/]: create.mixins.json:client.EntityContraptionInteractionMixin from mod create->@Inject::create$onSpawnSprintParticle(Lorg/spongepowered/asm/mixin/injection/callback/CallbackInfo;)V has 0 override(s) in child classes
[06Aug2026 12:15:04.822] [pool-19-thread-1/DEBUG] [mixin/]: create.mixins.json:client.EntityContraptionInteractionMixin from mod create->@Inject::create$onSpawnSprintParticle(Lorg/spongepowered/asm/mixin/injection/callback/CallbackInfo;)V won't be passed a CallbackInfo as a result
[06Aug2026 12:15:04.822] [pool-19-thread-1/DEBUG] [mixin/]: sable.mixins.json:death_message.EntityMixin from mod sable->@Inject::sable$updateLastSubLevelId(Lorg/spongepowered/asm/mixin/injection/callback/CallbackInfo;)V doesn't use it's CallbackInfo
[06Aug2026 12:15:04.822] [pool-19-thread-1/DEBUG] [mixin/]: sable.mixins.json:death_message.EntityMixin from mod sable->@Inject::sable$updateLastSubLevelId(Lorg/spongepowered/asm/mixin/injection/callback/CallbackInfo;)V has 0 override(s) in child classes
[06Aug2026 12:15:04.822] [pool-19-thread-1/DEBUG] [mixin/]: sable.mixins.json:death_message.EntityMixin from mod sable->@Inject::sable$updateLastSubLevelId(Lorg/spongepowered/asm/mixin/injection/callback/CallbackInfo;)V won't be passed a CallbackInfo as a result
[06Aug2026 12:15:04.822] [pool-19-thread-1/DEBUG] [mixin/]: sable.mixins.json:entity.entities_in_blocks.EntityMixin from mod sable->@Inject::checkInsideBlocks(Lorg/spongepowered/asm/mixin/injection/callback/CallbackInfo;)V doesn't use it's CallbackInfo
[06Aug2026 12:15:04.822] [pool-19-thread-1/DEBUG] [mixin/]: sable.mixins.json:entity.entities_in_blocks.EntityMixin from mod sable->@Inject::checkInsideBlocks(Lorg/spongepowered/asm/mixin/injection/callback/CallbackInfo;)V has 0 override(s) in child classes
[06Aug2026 12:15:04.822] [pool-19-thread-1/DEBUG] [mixin/]: sable.mixins.json:entity.entities_in_blocks.EntityMixin from mod sable->@Inject::checkInsideBlocks(Lorg/spongepowered/asm/mixin/injection/callback/CallbackInfo;)V won't be passed a CallbackInfo as a result
[06Aug2026 12:15:04.822] [pool-19-thread-1/DEBUG] [mixin/]: sable.mixins.json:entity.entities_stick_sublevels.EntityMixin from mod sable->@Inject::sable$updateSubLevelPosition(Lorg/spongepowered/asm/mixin/injection/callback/CallbackInfo;)V doesn't use it's CallbackInfo
[06Aug2026 12:15:04.822] [pool-19-thread-1/DEBUG] [mixin/]: sable.mixins.json:entity.entities_stick_sublevels.EntityMixin from mod sable->@Inject::sable$updateSubLevelPosition(Lorg/spongepowered/asm/mixin/injection/callback/CallbackInfo;)V has 0 override(s) in child classes
[06Aug2026 12:15:04.822] [pool-19-thread-1/DEBUG] [mixin/]: sable.mixins.json:entity.entities_stick_sublevels.EntityMixin from mod sable->@Inject::sable$updateSubLevelPosition(Lorg/spongepowered/asm/mixin/injection/callback/CallbackInfo;)V won't be passed a CallbackInfo as a result
[06Aug2026 12:15:04.822] [pool-19-thread-1/DEBUG] [mixin/]: sable.mixins.json:entity.entities_stick_sublevels.EntityMixin from mod sable->@Inject::sable$recreateFromPacket(Lnet/minecraft/network/protocol/game/ClientboundAddEntityPacket;Lorg/spongepowered/asm/mixin/injection/callback/CallbackInfo;)V doesn't use it's CallbackInfo
[06Aug2026 12:15:04.822] [pool-19-thread-1/DEBUG] [mixin/]: sable.mixins.json:entity.entities_stick_sublevels.EntityMixin from mod sable->@Inject::sable$recreateFromPacket(Lnet/minecraft/network/protocol/game/ClientboundAddEntityPacket;Lorg/spongepowered/asm/mixin/injection/callback/CallbackInfo;)V has 0 override(s) in child classes
[06Aug2026 12:15:04.822] [pool-19-thread-1/DEBUG] [mixin/]: sable.mixins.json:entity.entities_stick_sublevels.EntityMixin from mod sable->@Inject::sable$recreateFromPacket(Lnet/minecraft/network/protocol/game/ClientboundAddEntityPacket;Lorg/spongepowered/asm/mixin/injection/callback/CallbackInfo;)V won't be passed a CallbackInfo as a result
[06Aug2026 12:15:04.823] [pool-19-thread-1/DEBUG] [mixin/]: sable.mixins.json:entity.entities_stick_sublevels.effects.EntityMixin from mod sable->@Inject::sable$spawnSprintParticle(Lorg/spongepowered/asm/mixin/injection/callback/CallbackInfo;)V doesn't use it's CallbackInfo
[06Aug2026 12:15:04.823] [pool-19-thread-1/DEBUG] [mixin/]: sable.mixins.json:entity.entities_stick_sublevels.effects.EntityMixin from mod sable->@Inject::sable$spawnSprintParticle(Lorg/spongepowered/asm/mixin/injection/callback/CallbackInfo;)V has 0 override(s) in child classes
[06Aug2026 12:15:04.823] [pool-19-thread-1/DEBUG] [mixin/]: sable.mixins.json:entity.entities_stick_sublevels.effects.EntityMixin from mod sable->@Inject::sable$spawnSprintParticle(Lorg/spongepowered/asm/mixin/injection/callback/CallbackInfo;)V won't be passed a CallbackInfo as a result
[06Aug2026 12:15:04.823] [pool-19-thread-1/DEBUG] [mixin/]: sable.mixins.json:entity.entities_stick_sublevels.effects.EntityMixin from mod sable->@Inject::sable$preGetOnPos(FLorg/spongepowered/asm/mixin/injection/callback/CallbackInfoReturnable;)V does use it's CallbackInfoReturnable
[06Aug2026 12:15:04.823] [pool-19-thread-1/DEBUG] [mixin/]: sable.mixins.json:entity.entity_rotations_and_riding.EntityMixin from mod sable->@Inject::moveRelative(FLnet/minecraft/world/phys/Vec3;Lorg/spongepowered/asm/mixin/injection/callback/CallbackInfo;)V does use it's CallbackInfo
[06Aug2026 12:15:04.823] [pool-19-thread-1/DEBUG] [mixin/]: sable.mixins.json:entity.entity_rotations_and_riding.EntityMixin from mod sable->@Inject::sable$onRidingTick(Lorg/spongepowered/asm/mixin/injection/callback/CallbackInfo;)V doesn't use it's CallbackInfo
[06Aug2026 12:15:04.823] [pool-19-thread-1/DEBUG] [mixin/]: sable.mixins.json:entity.entity_rotations_and_riding.EntityMixin from mod sable->@Inject::sable$onRidingTick(Lorg/spongepowered/asm/mixin/injection/callback/CallbackInfo;)V has 0 override(s) in child classes
[06Aug2026 12:15:04.823] [pool-19-thread-1/DEBUG] [mixin/]: sable.mixins.json:entity.entity_rotations_and_riding.EntityMixin from mod sable->@Inject::sable$onRidingTick(Lorg/spongepowered/asm/mixin/injection/callback/CallbackInfo;)V won't be passed a CallbackInfo as a result
[06Aug2026 12:15:04.823] [pool-19-thread-1/DEBUG] [mixin/]: sable.mixins.json:entity.entity_rotations_and_riding.EntityMixin from mod sable->@Inject::sable$onPositionRider(Lnet/minecraft/world/entity/Entity;Lorg/spongepowered/asm/mixin/injection/callback/CallbackInfo;)V doesn't use it's CallbackInfo
[06Aug2026 12:15:04.823] [pool-19-thread-1/DEBUG] [mixin/]: sable.mixins.json:entity.entity_rotations_and_riding.EntityMixin from mod sable->@Inject::sable$onPositionRider(Lnet/minecraft/world/entity/Entity;Lorg/spongepowered/asm/mixin/injection/callback/CallbackInfo;)V has 0 override(s) in child classes
[06Aug2026 12:15:04.823] [pool-19-thread-1/DEBUG] [mixin/]: sable.mixins.json:entity.entity_rotations_and_riding.EntityMixin from mod sable->@Inject::sable$onPositionRider(Lnet/minecraft/world/entity/Entity;Lorg/spongepowered/asm/mixin/injection/callback/CallbackInfo;)V won't be passed a CallbackInfo as a result
[06Aug2026 12:15:04.823] [pool-19-thread-1/DEBUG] [mixin/]: sable.mixins.json:tracking_points.EntityMixin from mod sable->@Inject::sable$load(Lnet/minecraft/nbt/CompoundTag;Lorg/spongepowered/asm/mixin/injection/callback/CallbackInfo;)V doesn't use it's CallbackInfo
[06Aug2026 12:15:04.823] [pool-19-thread-1/DEBUG] [mixin/]: sable.mixins.json:tracking_points.EntityMixin from mod sable->@Inject::sable$load(Lnet/minecraft/nbt/CompoundTag;Lorg/spongepowered/asm/mixin/injection/callback/CallbackInfo;)V has 0 override(s) in child classes
[06Aug2026 12:15:04.823] [pool-19-thread-1/DEBUG] [mixin/]: sable.mixins.json:tracking_points.EntityMixin from mod sable->@Inject::sable$load(Lnet/minecraft/nbt/CompoundTag;Lorg/spongepowered/asm/mixin/injection/callback/CallbackInfo;)V won't be passed a CallbackInfo as a result
[06Aug2026 12:15:04.823] [pool-19-thread-1/DEBUG] [mixin/]: sable.mixins.json:water_occlusion.EntityMixin from mod sable->@Inject::sable$updateFluidHeightAndDoFluidPushing(Lnet/minecraft/tags/TagKey;DLorg/spongepowered/asm/mixin/injection/callback/CallbackInfoReturnable;)V does use it's CallbackInfoReturnable
[06Aug2026 12:15:04.823] [pool-19-thread-1/DEBUG] [mixin/]: sable.mixins.json:camera.camera_rotation.EntityMixin from mod sable->@Inject::sable$calculateViewVector(FFLorg/spongepowered/asm/mixin/injection/callback/CallbackInfoReturnable;)V does use it's CallbackInfoReturnable
[06Aug2026 12:15:04.823] [pool-19-thread-1/DEBUG] [mixin/]: sable.mixins.json:entity.entity_sublevel_collision.EntityMixin from mod sable->@Inject::sable$moveInject(Lnet/minecraft/world/entity/MoverType;Lnet/minecraft/world/phys/Vec3;Lorg/spongepowered/asm/mixin/injection/callback/CallbackInfo;)V doesn't use it's CallbackInfo
[06Aug2026 12:15:04.823] [pool-19-thread-1/DEBUG] [mixin/]: sable.mixins.json:entity.entity_sublevel_collision.EntityMixin from mod sable->@Inject::sable$moveInject(Lnet/minecraft/world/entity/MoverType;Lnet/minecraft/world/phys/Vec3;Lorg/spongepowered/asm/mixin/injection/callback/CallbackInfo;)V has 0 override(s) in child classes
[06Aug2026 12:15:04.823] [pool-19-thread-1/DEBUG] [mixin/]: sable.mixins.json:entity.entity_sublevel_collision.EntityMixin from mod sable->@Inject::sable$moveInject(Lnet/minecraft/world/entity/MoverType;Lnet/minecraft/world/phys/Vec3;Lorg/spongepowered/asm/mixin/injection/callback/CallbackInfo;)V won't be passed a CallbackInfo as a result
[06Aug2026 12:15:04.823] [pool-19-thread-1/DEBUG] [mixin/]: sable.mixins.json:entity.entity_sublevel_collision.EntityMixin from mod sable->@Inject::sable$tickInject(Lorg/spongepowered/asm/mixin/injection/callback/CallbackInfo;)V doesn't use it's CallbackInfo
[06Aug2026 12:15:04.824] [pool-19-thread-1/DEBUG] [mixin/]: sable.mixins.json:entity.entity_sublevel_collision.EntityMixin from mod sable->@Inject::sable$tickInject(Lorg/spongepowered/asm/mixin/injection/callback/CallbackInfo;)V has 0 override(s) in child classes
[06Aug2026 12:15:04.824] [pool-19-thread-1/DEBUG] [mixin/]: sable.mixins.json:entity.entity_sublevel_collision.EntityMixin from mod sable->@Inject::sable$tickInject(Lorg/spongepowered/asm/mixin/injection/callback/CallbackInfo;)V won't be passed a CallbackInfo as a result
[06Aug2026 12:15:04.842] [pool-19-thread-1/DEBUG] [mixin/]: Mixing NetworkServerPlayerMixin from veil.network.mixins.json into net.minecraft.server.level.ServerPlayer
[06Aug2026 12:15:04.844] [pool-19-thread-1/DEBUG] [mixin/]: Mixing entity.entities_stick_sublevels.player.ServerPlayerMixin from sable.mixins.json into net.minecraft.server.level.ServerPlayer
[06Aug2026 12:15:04.845] [pool-19-thread-1/DEBUG] [mixin/]: Mixing entity.entity_rotations_and_riding.ServerPlayerMixin from sable.mixins.json into net.minecraft.server.level.ServerPlayer
[06Aug2026 12:15:04.847] [pool-19-thread-1/DEBUG] [mixin/]: Mixing entity.teleport_players.ServerPlayerMixin from sable.mixins.json into net.minecraft.server.level.ServerPlayer
[06Aug2026 12:15:04.848] [pool-19-thread-1/DEBUG] [mixin/]: Mixing player_freezing.ServerPlayerMixin from sable.mixins.json into net.minecraft.server.level.ServerPlayer
[06Aug2026 12:15:04.849] [pool-19-thread-1/DEBUG] [mixin/]: Mixing respawn_point.ServerPlayerMixin from sable.mixins.json into net.minecraft.server.level.ServerPlayer
[06Aug2026 12:15:04.852] [pool-19-thread-1/DEBUG] [mixin/]: Mixing respawn_point.sleeping.ServerPlayerMixin from sable.mixins.json into net.minecraft.server.level.ServerPlayer
[06Aug2026 12:15:04.853] [pool-19-thread-1/DEBUG] [mixin/]: Mixing tracking_points.ServerPlayerMixin from sable.mixins.json into net.minecraft.server.level.ServerPlayer
[06Aug2026 12:15:04.862] [pool-19-thread-1/DEBUG] [mixin/]: sable.mixins.json:entity.entities_stick_sublevels.player.ServerPlayerMixin from mod sable->@Inject::tick(Lorg/spongepowered/asm/mixin/injection/callback/CallbackInfo;)V doesn't use it's CallbackInfo
[06Aug2026 12:15:04.862] [pool-19-thread-1/DEBUG] [mixin/]: sable.mixins.json:entity.entities_stick_sublevels.player.ServerPlayerMixin from mod sable->@Inject::tick(Lorg/spongepowered/asm/mixin/injection/callback/CallbackInfo;)V has 0 override(s) in child classes
[06Aug2026 12:15:04.862] [pool-19-thread-1/DEBUG] [mixin/]: sable.mixins.json:entity.entities_stick_sublevels.player.ServerPlayerMixin from mod sable->@Inject::tick(Lorg/spongepowered/asm/mixin/injection/callback/CallbackInfo;)V won't be passed a CallbackInfo as a result
[06Aug2026 12:15:04.862] [pool-19-thread-1/DEBUG] [mixin/]: sable.mixins.json:player_freezing.ServerPlayerMixin from mod sable->@Inject::setSable$frozenToSubLevel(Lorg/spongepowered/asm/mixin/injection/callback/CallbackInfo;)V doesn't use it's CallbackInfo
[06Aug2026 12:15:04.862] [pool-19-thread-1/DEBUG] [mixin/]: sable.mixins.json:player_freezing.ServerPlayerMixin from mod sable->@Inject::setSable$frozenToSubLevel(Lorg/spongepowered/asm/mixin/injection/callback/CallbackInfo;)V has 0 override(s) in child classes
[06Aug2026 12:15:04.862] [pool-19-thread-1/DEBUG] [mixin/]: sable.mixins.json:player_freezing.ServerPlayerMixin from mod sable->@Inject::setSable$frozenToSubLevel(Lorg/spongepowered/asm/mixin/injection/callback/CallbackInfo;)V won't be passed a CallbackInfo as a result
[06Aug2026 12:15:04.862] [pool-19-thread-1/DEBUG] [mixin/]: sable.mixins.json:respawn_point.ServerPlayerMixin from mod sable->@Inject::sable$setRespawnPosition(Lnet/minecraft/resources/ResourceKey;Lnet/minecraft/core/BlockPos;FZZLorg/spongepowered/asm/mixin/injection/callback/CallbackInfo;)V does use it's CallbackInfo
[06Aug2026 12:15:04.862] [pool-19-thread-1/DEBUG] [mixin/]: sable.mixins.json:respawn_point.ServerPlayerMixin from mod sable->@Inject::sable$addRespawnPoint(Lnet/minecraft/nbt/CompoundTag;Lorg/spongepowered/asm/mixin/injection/callback/CallbackInfo;)V doesn't use it's CallbackInfo
[06Aug2026 12:15:04.862] [pool-19-thread-1/DEBUG] [mixin/]: sable.mixins.json:respawn_point.ServerPlayerMixin from mod sable->@Inject::sable$addRespawnPoint(Lnet/minecraft/nbt/CompoundTag;Lorg/spongepowered/asm/mixin/injection/callback/CallbackInfo;)V has 0 override(s) in child classes
[06Aug2026 12:15:04.862] [pool-19-thread-1/DEBUG] [mixin/]: sable.mixins.json:respawn_point.ServerPlayerMixin from mod sable->@Inject::sable$addRespawnPoint(Lnet/minecraft/nbt/CompoundTag;Lorg/spongepowered/asm/mixin/injection/callback/CallbackInfo;)V won't be passed a CallbackInfo as a result
[06Aug2026 12:15:04.862] [pool-19-thread-1/DEBUG] [mixin/]: sable.mixins.json:respawn_point.ServerPlayerMixin from mod sable->@Inject::sable$readRespawnPoint(Lnet/minecraft/nbt/CompoundTag;Lorg/spongepowered/asm/mixin/injection/callback/CallbackInfo;)V doesn't use it's CallbackInfo
[06Aug2026 12:15:04.862] [pool-19-thread-1/DEBUG] [mixin/]: sable.mixins.json:respawn_point.ServerPlayerMixin from mod sable->@Inject::sable$readRespawnPoint(Lnet/minecraft/nbt/CompoundTag;Lorg/spongepowered/asm/mixin/injection/callback/CallbackInfo;)V has 0 override(s) in child classes
[06Aug2026 12:15:04.863] [pool-19-thread-1/DEBUG] [mixin/]: sable.mixins.json:respawn_point.ServerPlayerMixin from mod sable->@Inject::sable$readRespawnPoint(Lnet/minecraft/nbt/CompoundTag;Lorg/spongepowered/asm/mixin/injection/callback/CallbackInfo;)V won't be passed a CallbackInfo as a result
[06Aug2026 12:15:04.863] [pool-19-thread-1/DEBUG] [mixin/]: sable.mixins.json:tracking_points.ServerPlayerMixin from mod sable->@Inject::addAdditionalSaveData(Lnet/minecraft/nbt/CompoundTag;Lorg/spongepowered/asm/mixin/injection/callback/CallbackInfo;)V doesn't use it's CallbackInfo
[06Aug2026 12:15:04.863] [pool-19-thread-1/DEBUG] [mixin/]: sable.mixins.json:tracking_points.ServerPlayerMixin from mod sable->@Inject::addAdditionalSaveData(Lnet/minecraft/nbt/CompoundTag;Lorg/spongepowered/asm/mixin/injection/callback/CallbackInfo;)V has 0 override(s) in child classes
[06Aug2026 12:15:04.863] [pool-19-thread-1/DEBUG] [mixin/]: sable.mixins.json:tracking_points.ServerPlayerMixin from mod sable->@Inject::addAdditionalSaveData(Lnet/minecraft/nbt/CompoundTag;Lorg/spongepowered/asm/mixin/injection/callback/CallbackInfo;)V won't be passed a CallbackInfo as a result
[06Aug2026 12:15:04.869] [pool-19-thread-1/DEBUG] [mixin/]: Mixing compatibility.create.redstone_links.RedstoneLinkNetworkHandlerMixin from sable-neoforge.mixins.json into com.simibubi.create.content.redstone.link.RedstoneLinkNetworkHandler
[06Aug2026 12:15:04.885] [pool-19-thread-1/DEBUG] [io.netty.util.internal.PlatformDependent0/]: -Dio.netty.noUnsafe: false
[06Aug2026 12:15:04.886] [pool-19-thread-1/DEBUG] [io.netty.util.internal.PlatformDependent0/]: Java version: 21
[06Aug2026 12:15:04.886] [pool-19-thread-1/DEBUG] [io.netty.util.internal.PlatformDependent0/]: sun.misc.Unsafe.theUnsafe: available
[06Aug2026 12:15:04.886] [pool-19-thread-1/DEBUG] [io.netty.util.internal.PlatformDependent0/]: sun.misc.Unsafe.copyMemory: available
[06Aug2026 12:15:04.886] [pool-19-thread-1/DEBUG] [io.netty.util.internal.PlatformDependent0/]: sun.misc.Unsafe.storeFence: available
[06Aug2026 12:15:04.886] [pool-19-thread-1/DEBUG] [io.netty.util.internal.PlatformDependent0/]: java.nio.Buffer.address: available
[06Aug2026 12:15:04.887] [pool-19-thread-1/DEBUG] [io.netty.util.internal.PlatformDependent0/]: direct buffer constructor: unavailable: Reflective setAccessible(true) disabled
[06Aug2026 12:15:04.887] [pool-19-thread-1/DEBUG] [io.netty.util.internal.PlatformDependent0/]: java.nio.Bits.unaligned: available, true
[06Aug2026 12:15:04.888] [pool-19-thread-1/DEBUG] [io.netty.util.internal.PlatformDependent0/]: jdk.internal.misc.Unsafe.allocateUninitializedArray(int): unavailable: class io.netty.util.internal.PlatformDependent0$7 (in module io.netty.common) cannot access class jdk.internal.misc.Unsafe (in module java.base) because module java.base does not export jdk.internal.misc to module io.netty.common
[06Aug2026 12:15:04.888] [pool-19-thread-1/DEBUG] [io.netty.util.internal.PlatformDependent0/]: java.nio.DirectByteBuffer.<init>(long, {int,long}): unavailable
[06Aug2026 12:15:04.888] [pool-19-thread-1/DEBUG] [io.netty.util.internal.PlatformDependent/]: sun.misc.Unsafe: available
[06Aug2026 12:15:04.888] [pool-19-thread-1/DEBUG] [io.netty.util.internal.PlatformDependent/]: maxDirectMemory: 8124366848 bytes (maybe)
[06Aug2026 12:15:04.888] [pool-19-thread-1/DEBUG] [io.netty.util.internal.PlatformDependent/]: -Dio.netty.tmpdir: /tmp (java.io.tmpdir)
[06Aug2026 12:15:04.888] [pool-19-thread-1/DEBUG] [io.netty.util.internal.PlatformDependent/]: -Dio.netty.bitMode: 64 (sun.arch.data.model)
[06Aug2026 12:15:04.889] [pool-19-thread-1/DEBUG] [io.netty.util.internal.PlatformDependent/]: -Dio.netty.maxDirectMemory: -1 bytes
[06Aug2026 12:15:04.889] [pool-19-thread-1/DEBUG] [io.netty.util.internal.PlatformDependent/]: -Dio.netty.uninitializedArrayAllocationThreshold: -1
[06Aug2026 12:15:04.889] [pool-19-thread-1/DEBUG] [io.netty.util.internal.CleanerJava9/]: java.nio.ByteBuffer.cleaner(): available
[06Aug2026 12:15:04.889] [pool-19-thread-1/DEBUG] [io.netty.util.internal.PlatformDependent/]: -Dio.netty.noPreferDirect: false
[06Aug2026 12:15:04.895] [pool-19-thread-1/DEBUG] [mixin/]: Mixing clip_overwrite.BlockGetterMixin from sable.mixins.json into net.minecraft.world.level.BlockGetter
[06Aug2026 12:15:04.895] [pool-19-thread-1/DEBUG] [mixin/]: Renaming synthetic method lambda$originalClip$1(Lnet/minecraft/world/level/ClipContext;)Lnet/minecraft/world/phys/BlockHitResult; to mdb5b860$sable$lambda$originalClip$1$0 in sable.mixins.json:clip_overwrite.BlockGetterMixin from mod sable
[06Aug2026 12:15:04.895] [pool-19-thread-1/DEBUG] [mixin/]: Renaming synthetic method lambda$originalClip$0(Lnet/minecraft/world/level/BlockGetter;Lnet/minecraft/world/level/ClipContext;Lnet/minecraft/core/BlockPos;)Lnet/minecraft/world/phys/BlockHitResult; to mdb5b860$sable$lambda$originalClip$0$1 in sable.mixins.json:clip_overwrite.BlockGetterMixin from mod sable
[06Aug2026 12:15:04.908] [pool-19-thread-1/DEBUG] [mixin/]: Mixing accessor.StateHolderAccessor from create.mixins.json into net.minecraft.world.level.block.state.StateHolder
[06Aug2026 12:15:04.911] [pool-19-thread-1/DEBUG] [mixin/]: Mixing block_properties.BlockStateMixin from sable.mixins.json into net.minecraft.world.level.block.state.BlockState
[06Aug2026 12:15:04.918] [pool-19-thread-1/DEBUG] [mixin/]: Mixing block_placement.EntityGetterMixin from sable.mixins.json into net.minecraft.world.level.EntityGetter
[06Aug2026 12:15:04.923] [pool-19-thread-1/DEBUG] [mixin/]: Mixing plot.lighting.BlockAndTintGetterMixin from sable.mixins.json into net.minecraft.world.level.BlockAndTintGetter
[06Aug2026 12:15:04.931] [pool-19-thread-1/DEBUG] [mixin/]: Mixing LevelMixin from flywheel.impl.mixins.json into net.minecraft.world.level.Level
[06Aug2026 12:15:04.932] [pool-19-thread-1/DEBUG] [mixin/]: Mixing entity.entity_sublevel_collision.LevelMixin from sable.mixins.json into net.minecraft.world.level.Level
[06Aug2026 12:15:04.946] [pool-19-thread-1/DEBUG] [mixin/]: Mixing world_border.LevelMixin from sable.mixins.json into net.minecraft.world.level.Level
[06Aug2026 12:15:04.947] [pool-19-thread-1/DEBUG] [mixin/]: Mixing compatibility.create.super_glue.LevelAccessor from sable-neoforge.mixins.json into net.minecraft.world.level.Level
[06Aug2026 12:15:04.948] [pool-19-thread-1/DEBUG] [mixin/]: sable.mixins.json:world_border.LevelMixin from mod sable->@Inject::sable$initializeWorldBorder(Lnet/minecraft/world/level/storage/WritableLevelData;Lnet/minecraft/resources/ResourceKey;Lnet/minecraft/core/RegistryAccess;Lnet/minecraft/core/Holder;Ljava/util/function/Supplier;ZZJILorg/spongepowered/asm/mixin/injection/callback/CallbackInfo;)V doesn't use it's CallbackInfo
[06Aug2026 12:15:04.948] [pool-19-thread-1/DEBUG] [mixin/]: sable.mixins.json:world_border.LevelMixin from mod sable->@Inject::sable$initializeWorldBorder(Lnet/minecraft/world/level/storage/WritableLevelData;Lnet/minecraft/resources/ResourceKey;Lnet/minecraft/core/RegistryAccess;Lnet/minecraft/core/Holder;Ljava/util/function/Supplier;ZZJILorg/spongepowered/asm/mixin/injection/callback/CallbackInfo;)V has 0 override(s) in child classes
[06Aug2026 12:15:04.948] [pool-19-thread-1/DEBUG] [mixin/]: sable.mixins.json:world_border.LevelMixin from mod sable->@Inject::sable$initializeWorldBorder(Lnet/minecraft/world/level/storage/WritableLevelData;Lnet/minecraft/resources/ResourceKey;Lnet/minecraft/core/RegistryAccess;Lnet/minecraft/core/Holder;Ljava/util/function/Supplier;ZZJILorg/spongepowered/asm/mixin/injection/callback/CallbackInfo;)V won't be passed a CallbackInfo as a result
[06Aug2026 12:15:04.954] [pool-19-thread-1/DEBUG] [mixin/]: Mixing NetworkServerLevelMixin from veil.network.mixins.json into net.minecraft.server.level.ServerLevel
[06Aug2026 12:15:04.955] [pool-19-thread-1/DEBUG] [mixin/]: Mixing accessor.ServerLevelAccessor from create.mixins.json into net.minecraft.server.level.ServerLevel
[06Aug2026 12:15:04.955] [pool-19-thread-1/DEBUG] [mixin/]: Mixing block_decal_render.ServerLevelMixin from sable.mixins.json into net.minecraft.server.level.ServerLevel
[06Aug2026 12:15:04.955] [pool-19-thread-1/DEBUG] [mixin/]: Mixing entity.entity_aabb_lookup.LevelsMixin from sable.mixins.json into net.minecraft.server.level.ServerLevel
[06Aug2026 12:15:04.956] [pool-19-thread-1/DEBUG] [mixin/]: Mixing entity.entity_kicking.ServerLevelMixin from sable.mixins.json into net.minecraft.server.level.ServerLevel
[06Aug2026 12:15:04.956] [pool-19-thread-1/DEBUG] [mixin/]: Mixing entity.server_entities_tick.ServerLevelMixin from sable.mixins.json into net.minecraft.server.level.ServerLevel
[06Aug2026 12:15:04.958] [pool-19-thread-1/DEBUG] [mixin/]: Mixing explosion.ServerLevelMixin from sable.mixins.json into net.minecraft.server.level.ServerLevel
[06Aug2026 12:15:04.959] [pool-19-thread-1/DEBUG] [mixin/]: Mixing particle.ServerLevelMixin from sable.mixins.json into net.minecraft.server.level.ServerLevel
[06Aug2026 12:15:04.959] [pool-19-thread-1/DEBUG] [mixin/]: Mixing physics.ServerLevelMixin from sable.mixins.json into net.minecraft.server.level.ServerLevel
[06Aug2026 12:15:04.959] [pool-19-thread-1/DEBUG] [mixin/]: Mixing plot.LevelsMixin from sable.mixins.json into net.minecraft.server.level.ServerLevel
[06Aug2026 12:15:04.961] [pool-19-thread-1/DEBUG] [mixin/]: Mixing plot.ServerLevelMixin from sable.mixins.json into net.minecraft.server.level.ServerLevel
[06Aug2026 12:15:04.964] [pool-19-thread-1/DEBUG] [mixin/]: Mixing water_occlusion.LevelsMixin from sable.mixins.json into net.minecraft.server.level.ServerLevel
[06Aug2026 12:15:04.985] [pool-19-thread-1/DEBUG] [mixin/]: sable.mixins.json:entity.entity_aabb_lookup.LevelsMixin from mod sable->@Inject::sable$postGetEntities(Lorg/spongepowered/asm/mixin/injection/callback/CallbackInfoReturnable;)V does use it's CallbackInfoReturnable
[06Aug2026 12:15:04.985] [pool-19-thread-1/DEBUG] [mixin/]: sable.mixins.json:entity.entity_kicking.ServerLevelMixin from mod sable->@Inject::sable$kickEntity(Lnet/minecraft/world/entity/Entity;Lorg/spongepowered/asm/mixin/injection/callback/CallbackInfoReturnable;)V doesn't use it's CallbackInfoReturnable
[06Aug2026 12:15:04.985] [pool-19-thread-1/DEBUG] [mixin/]: sable.mixins.json:entity.entity_kicking.ServerLevelMixin from mod sable->@Inject::sable$kickEntity(Lnet/minecraft/world/entity/Entity;Lorg/spongepowered/asm/mixin/injection/callback/CallbackInfoReturnable;)V has 0 override(s) in child classes
[06Aug2026 12:15:04.985] [pool-19-thread-1/DEBUG] [mixin/]: sable.mixins.json:entity.entity_kicking.ServerLevelMixin from mod sable->@Inject::sable$kickEntity(Lnet/minecraft/world/entity/Entity;Lorg/spongepowered/asm/mixin/injection/callback/CallbackInfoReturnable;)V won't be passed a CallbackInfoReturnable as a result
[06Aug2026 12:15:04.986] [pool-19-thread-1/DEBUG] [mixin/]: sable.mixins.json:plot.ServerLevelMixin from mod sable->@Inject::sable$init(Lorg/spongepowered/asm/mixin/injection/callback/CallbackInfo;)V doesn't use it's CallbackInfo
[06Aug2026 12:15:04.986] [pool-19-thread-1/DEBUG] [mixin/]: sable.mixins.json:plot.ServerLevelMixin from mod sable->@Inject::sable$init(Lorg/spongepowered/asm/mixin/injection/callback/CallbackInfo;)V has 0 override(s) in child classes
[06Aug2026 12:15:04.986] [pool-19-thread-1/DEBUG] [mixin/]: sable.mixins.json:plot.ServerLevelMixin from mod sable->@Inject::sable$init(Lorg/spongepowered/asm/mixin/injection/callback/CallbackInfo;)V won't be passed a CallbackInfo as a result
[06Aug2026 12:15:04.986] [pool-19-thread-1/DEBUG] [mixin/]: sable.mixins.json:plot.ServerLevelMixin from mod sable->@Inject::sable$saveSubLevels(Lnet/minecraft/util/ProgressListener;ZZLorg/spongepowered/asm/mixin/injection/callback/CallbackInfo;)V doesn't use it's CallbackInfo
[06Aug2026 12:15:04.986] [pool-19-thread-1/DEBUG] [mixin/]: sable.mixins.json:plot.ServerLevelMixin from mod sable->@Inject::sable$saveSubLevels(Lnet/minecraft/util/ProgressListener;ZZLorg/spongepowered/asm/mixin/injection/callback/CallbackInfo;)V has 0 override(s) in child classes
[06Aug2026 12:15:04.986] [pool-19-thread-1/DEBUG] [mixin/]: sable.mixins.json:plot.ServerLevelMixin from mod sable->@Inject::sable$saveSubLevels(Lnet/minecraft/util/ProgressListener;ZZLorg/spongepowered/asm/mixin/injection/callback/CallbackInfo;)V won't be passed a CallbackInfo as a result
[06Aug2026 12:15:04.986] [pool-19-thread-1/DEBUG] [mixin/]: sable.mixins.json:plot.ServerLevelMixin from mod sable->@Inject::sable$tickPlotContainer(Ljava/util/function/BooleanSupplier;Lorg/spongepowered/asm/mixin/injection/callback/CallbackInfo;)V doesn't use it's CallbackInfo
[06Aug2026 12:15:04.986] [pool-19-thread-1/DEBUG] [mixin/]: sable.mixins.json:plot.ServerLevelMixin from mod sable->@Inject::sable$tickPlotContainer(Ljava/util/function/BooleanSupplier;Lorg/spongepowered/asm/mixin/injection/callback/CallbackInfo;)V has 0 override(s) in child classes
[06Aug2026 12:15:04.986] [pool-19-thread-1/DEBUG] [mixin/]: sable.mixins.json:plot.ServerLevelMixin from mod sable->@Inject::sable$tickPlotContainer(Ljava/util/function/BooleanSupplier;Lorg/spongepowered/asm/mixin/injection/callback/CallbackInfo;)V won't be passed a CallbackInfo as a result
[06Aug2026 12:15:04.986] [pool-19-thread-1/DEBUG] [mixin/]: sable.mixins.json:plot.ServerLevelMixin from mod sable->@Inject::sable$shouldTickBlocksAt(JLorg/spongepowered/asm/mixin/injection/callback/CallbackInfoReturnable;)V does use it's CallbackInfoReturnable
[06Aug2026 12:15:04.986] [pool-19-thread-1/DEBUG] [mixin/]: sable.mixins.json:plot.ServerLevelMixin from mod sable->@Inject::sable$isNaturalSpawningAllowed(Lnet/minecraft/world/level/ChunkPos;Lorg/spongepowered/asm/mixin/injection/callback/CallbackInfoReturnable;)V does use it's CallbackInfoReturnable
[06Aug2026 12:15:04.986] [pool-19-thread-1/DEBUG] [mixin/]: sable.mixins.json:plot.ServerLevelMixin from mod sable->@Inject::sable$close(Lorg/spongepowered/asm/mixin/injection/callback/CallbackInfo;)V doesn't use it's CallbackInfo
[06Aug2026 12:15:04.986] [pool-19-thread-1/DEBUG] [mixin/]: sable.mixins.json:plot.ServerLevelMixin from mod sable->@Inject::sable$close(Lorg/spongepowered/asm/mixin/injection/callback/CallbackInfo;)V has 0 override(s) in child classes
[06Aug2026 12:15:04.986] [pool-19-thread-1/DEBUG] [mixin/]: sable.mixins.json:plot.ServerLevelMixin from mod sable->@Inject::sable$close(Lorg/spongepowered/asm/mixin/injection/callback/CallbackInfo;)V won't be passed a CallbackInfo as a result
[06Aug2026 12:15:04.999] [pool-19-thread-1/DEBUG] [mixin/]: Mixing item_converter.ItemEntityMixin from aeronautics.mixins.json into net.minecraft.world.entity.item.ItemEntity
[06Aug2026 12:15:04.999] [pool-19-thread-1/DEBUG] [mixin/]: aeronautics.mixins.json:item_converter.ItemEntityMixin from mod aeronautics: Class version 65 required is higher than the class version supported by the current version of Mixin (JAVA_18 supports class version 62)
[06Aug2026 12:15:05.001] [pool-19-thread-1/DEBUG] [mixin/]: Mixing levitite.ItemEntityMixin from aeronautics.mixins.json into net.minecraft.world.entity.item.ItemEntity
[06Aug2026 12:15:05.001] [pool-19-thread-1/DEBUG] [mixin/]: aeronautics.mixins.json:levitite.ItemEntityMixin from mod aeronautics: Class version 65 required is higher than the class version supported by the current version of Mixin (JAVA_18 supports class version 62)
[06Aug2026 12:15:05.003] [pool-19-thread-1/DEBUG] [mixin/]: Mixing entity.entity_sublevel_collision.ItemEntityMixin from sable.mixins.json into net.minecraft.world.entity.item.ItemEntity
[06Aug2026 12:15:05.007] [pool-19-thread-1/DEBUG] [mixin/]: aeronautics.mixins.json:item_converter.ItemEntityMixin from mod aeronautics->@Inject::aeronautics$tick(Lorg/spongepowered/asm/mixin/injection/callback/CallbackInfo;)V doesn't use it's CallbackInfo
[06Aug2026 12:15:05.007] [pool-19-thread-1/DEBUG] [mixin/]: aeronautics.mixins.json:item_converter.ItemEntityMixin from mod aeronautics->@Inject::aeronautics$tick(Lorg/spongepowered/asm/mixin/injection/callback/CallbackInfo;)V has 0 override(s) in child classes
[06Aug2026 12:15:05.007] [pool-19-thread-1/DEBUG] [mixin/]: aeronautics.mixins.json:item_converter.ItemEntityMixin from mod aeronautics->@Inject::aeronautics$tick(Lorg/spongepowered/asm/mixin/injection/callback/CallbackInfo;)V won't be passed a CallbackInfo as a result
[06Aug2026 12:15:05.007] [pool-19-thread-1/DEBUG] [mixin/]: aeronautics.mixins.json:levitite.ItemEntityMixin from mod aeronautics->@Inject::aeronautics$levitatingGravity(Lorg/spongepowered/asm/mixin/injection/callback/CallbackInfoReturnable;)V does use it's CallbackInfoReturnable
[06Aug2026 12:15:05.007] [pool-19-thread-1/DEBUG] [mixin/]: aeronautics.mixins.json:levitite.ItemEntityMixin from mod aeronautics->@Inject::aeronautics$levitatingDragAndSparkles(Lorg/spongepowered/asm/mixin/injection/callback/CallbackInfo;)V doesn't use it's CallbackInfo
[06Aug2026 12:15:05.007] [pool-19-thread-1/DEBUG] [mixin/]: aeronautics.mixins.json:levitite.ItemEntityMixin from mod aeronautics->@Inject::aeronautics$levitatingDragAndSparkles(Lorg/spongepowered/asm/mixin/injection/callback/CallbackInfo;)V has 0 override(s) in child classes
[06Aug2026 12:15:05.007] [pool-19-thread-1/DEBUG] [mixin/]: aeronautics.mixins.json:levitite.ItemEntityMixin from mod aeronautics->@Inject::aeronautics$levitatingDragAndSparkles(Lorg/spongepowered/asm/mixin/injection/callback/CallbackInfo;)V won't be passed a CallbackInfo as a result
[06Aug2026 12:15:05.037] [pool-19-thread-1/DEBUG] [mixin/]: Mixing voxel_shape_iteration.VoxelShapeMixin from sable.mixins.json into net.minecraft.world.phys.shapes.VoxelShape
[06Aug2026 12:15:05.045] [pool-19-thread-1/DEBUG] [mixin/]: Mixing voxel_shape_iteration.DiscreteVoxelShapeAccessor from sable.mixins.json into net.minecraft.world.phys.shapes.DiscreteVoxelShape
[06Aug2026 12:15:05.047] [pool-19-thread-1/DEBUG] [mixin/]: Mixing voxel_shape_iteration.BitSetDiscreteVoxelShapeAccessor from sable.mixins.json into net.minecraft.world.phys.shapes.BitSetDiscreteVoxelShape
[06Aug2026 12:15:05.158] [pool-19-thread-1/DEBUG] [mixin/]: Mixing accessor.DispenserBlockAccessor from create.mixins.json into net.minecraft.world.level.block.DispenserBlock
[06Aug2026 12:15:05.168] [pool-19-thread-1/DEBUG] [mixin/]: Mixing impact.TntBlockMixin from sable.mixins.json into net.minecraft.world.level.block.TntBlock
[06Aug2026 12:15:05.175] [pool-19-thread-1/DEBUG] [mixin/]: Mixing accessor.CropBlockAccessor from create.mixins.json into net.minecraft.world.level.block.CropBlock
[06Aug2026 12:15:05.195] [pool-19-thread-1/DEBUG] [mixin/]: Mixing portal.NetherPortalBlockMixin from sable.mixins.json into net.minecraft.world.level.block.NetherPortalBlock
[06Aug2026 12:15:05.207] [pool-19-thread-1/DEBUG] [mixin/]: Mixing prevent_overgrowth.VineBlockMixin from sable.mixins.json into net.minecraft.world.level.block.VineBlock
[06Aug2026 12:15:05.228] [pool-19-thread-1/DEBUG] [mixin/]: Mixing torsion_spring.ComparatorBlockMixin from simulated.mixins.json into net.minecraft.world.level.block.ComparatorBlock
[06Aug2026 12:15:05.244] [pool-19-thread-1/DEBUG] [mixin/]: Mixing accessor.ConcretePowderBlockAccessor from create.mixins.json into net.minecraft.world.level.block.ConcretePowderBlock
[06Aug2026 12:15:05.257] [pool-19-thread-1/DEBUG] [mixin/]: Mixing impact.BellBlockMixin from sable.mixins.json into net.minecraft.world.level.block.BellBlock
[06Aug2026 12:15:05.266] [pool-19-thread-1/DEBUG] [mixin/]: Mixing BeehiveBlockMixin from create.mixins.json into net.minecraft.world.level.block.BeehiveBlock
[06Aug2026 12:15:05.266] [pool-19-thread-1/DEBUG] [mixin/]: Mixing impact.BeehiveBlockMixin from sable.mixins.json into net.minecraft.world.level.block.BeehiveBlock
[06Aug2026 12:15:05.319] [pool-19-thread-1/DEBUG] [mixin/]: Mixing water_occlusion.WaterFluidMixin from sable.mixins.json into net.minecraft.world.level.material.WaterFluid
[06Aug2026 12:15:05.322] [pool-19-thread-1/DEBUG] [mixin/]: Mixing WaterWheelFluidSpreadMixin from create.mixins.json into net.minecraft.world.level.material.FlowingFluid
[06Aug2026 12:15:05.330] [pool-19-thread-1/DEBUG] [mixin/]: Mixing accessor.FlowingFluidAccessor from create.mixins.json into net.minecraft.world.level.material.FlowingFluid
[06Aug2026 12:15:05.331] [pool-19-thread-1/DEBUG] [mixin/]: Mixing fluids_on_sub_levels.FlowingFluidMixin from sable.mixins.json into net.minecraft.world.level.material.FlowingFluid
[06Aug2026 12:15:05.333] [pool-19-thread-1/DEBUG] [mixin/]: create.mixins.json:WaterWheelFluidSpreadMixin from mod create->@Inject::create$canPassThroughOnWaterWheel(Lnet/minecraft/world/level/BlockGetter;Lnet/minecraft/world/level/material/Fluid;Lnet/minecraft/core/BlockPos;Lnet/minecraft/world/level/block/state/BlockState;Lnet/minecraft/core/Direction;Lnet/minecraft/core/BlockPos;Lnet/minecraft/world/level/block/state/BlockState;Lnet/minecraft/world/level/material/FluidState;Lorg/spongepowered/asm/mixin/injection/callback/CallbackInfoReturnable;)V does use it's CallbackInfoReturnable
[06Aug2026 12:15:05.333] [pool-19-thread-1/DEBUG] [mixin/]: sable.mixins.json:fluids_on_sub_levels.FlowingFluidMixin from mod sable->@Inject::sable$canSpreadTo(Lnet/minecraft/world/level/BlockGetter;Lnet/minecraft/core/BlockPos;Lnet/minecraft/world/level/block/state/BlockState;Lnet/minecraft/core/Direction;Lnet/minecraft/core/BlockPos;Lnet/minecraft/world/level/block/state/BlockState;Lnet/minecraft/world/level/material/FluidState;Lnet/minecraft/world/level/material/Fluid;Lorg/spongepowered/asm/mixin/injection/callback/CallbackInfoReturnable;)V does use it's CallbackInfoReturnable
[06Aug2026 12:15:05.373] [pool-19-thread-1/DEBUG] [mixin/]: Mixing visualmanage.BlockEntityMixin from flywheel.impl.mixins.json into net.minecraft.world.level.block.entity.BlockEntity
[06Aug2026 12:15:05.374] [pool-19-thread-1/DEBUG] [mixin/]: flywheel.impl.mixins.json:visualmanage.BlockEntityMixin from mod flywheel->@Inject::flywheel$removeVisual(Lorg/spongepowered/asm/mixin/injection/callback/CallbackInfo;)V doesn't use it's CallbackInfo
[06Aug2026 12:15:05.374] [pool-19-thread-1/DEBUG] [mixin/]: flywheel.impl.mixins.json:visualmanage.BlockEntityMixin from mod flywheel->@Inject::flywheel$removeVisual(Lorg/spongepowered/asm/mixin/injection/callback/CallbackInfo;)V has 0 override(s) in child classes
[06Aug2026 12:15:05.374] [pool-19-thread-1/DEBUG] [mixin/]: flywheel.impl.mixins.json:visualmanage.BlockEntityMixin from mod flywheel->@Inject::flywheel$removeVisual(Lorg/spongepowered/asm/mixin/injection/callback/CallbackInfo;)V won't be passed a CallbackInfo as a result
[06Aug2026 12:15:05.376] [pool-19-thread-1/DEBUG] [mixin/]: Mixing accessor.FallingBlockEntityAccessor from create.mixins.json into net.minecraft.world.entity.item.FallingBlockEntity
[06Aug2026 12:15:05.377] [pool-19-thread-1/DEBUG] [mixin/]: Renaming @Invoker method create$callInit(Lnet/minecraft/world/level/Level;DDDLnet/minecraft/world/level/block/state/BlockState;)Lnet/minecraft/world/entity/item/FallingBlockEntity; to callInit$create_$md$b5b860$0 in create.mixins.json:accessor.FallingBlockEntityAccessor from mod create
[06Aug2026 12:15:05.377] [pool-19-thread-1/DEBUG] [mixin/]: Mixing entity.falling_block.FallingBlockEntityMixin from sable.mixins.json into net.minecraft.world.entity.item.FallingBlockEntity
[06Aug2026 12:15:05.382] [pool-19-thread-1/DEBUG] [mixin/]: sable.mixins.json:entity.falling_block.FallingBlockEntityMixin from mod sable->@Inject::sable$beforeOnGroundCheck(Lorg/spongepowered/asm/mixin/injection/callback/CallbackInfo;)V doesn't use it's CallbackInfo
[06Aug2026 12:15:05.382] [pool-19-thread-1/DEBUG] [mixin/]: sable.mixins.json:entity.falling_block.FallingBlockEntityMixin from mod sable->@Inject::sable$beforeOnGroundCheck(Lorg/spongepowered/asm/mixin/injection/callback/CallbackInfo;)V has 0 override(s) in child classes
[06Aug2026 12:15:05.382] [pool-19-thread-1/DEBUG] [mixin/]: sable.mixins.json:entity.falling_block.FallingBlockEntityMixin from mod sable->@Inject::sable$beforeOnGroundCheck(Lorg/spongepowered/asm/mixin/injection/callback/CallbackInfo;)V won't be passed a CallbackInfo as a result
[06Aug2026 12:15:05.504] [pool-19-thread-1/DEBUG] [mixin/]: Mixing accessor.MobEffectInstanceAccessor from create.mixins.json into net.minecraft.world.effect.MobEffectInstance
[06Aug2026 12:15:05.516] [pool-19-thread-1/DEBUG] [mixin/]: Mixing MobMixin from create.mixins.json into net.minecraft.world.entity.Mob
[06Aug2026 12:15:05.517] [pool-19-thread-1/DEBUG] [mixin/]: Mixing entity.sublevels_block_sky.SubLevelsBlockSkyMixin from sable.mixins.json into net.minecraft.world.entity.Mob
[06Aug2026 12:15:05.524] [pool-19-thread-1/DEBUG] [mixin/]: Mixing entity.entity_leashing.LeashableMixin from sable.mixins.json into net.minecraft.world.entity.Leashable
[06Aug2026 12:15:05.532] [pool-19-thread-1/DEBUG] [mixin/]: Mixing entity.tnt_jumps.PrimedTntMixin from sable.mixins.json into net.minecraft.world.entity.item.PrimedTnt
[06Aug2026 12:15:05.533] [pool-19-thread-1/DEBUG] [mixin/]: sable.mixins.json:entity.tnt_jumps.PrimedTntMixin from mod sable->@Inject::sable$setTntJump(Lnet/minecraft/world/level/Level;DDDLnet/minecraft/world/entity/LivingEntity;Lorg/spongepowered/asm/mixin/injection/callback/CallbackInfo;)V doesn't use it's CallbackInfo
[06Aug2026 12:15:05.533] [pool-19-thread-1/DEBUG] [mixin/]: sable.mixins.json:entity.tnt_jumps.PrimedTntMixin from mod sable->@Inject::sable$setTntJump(Lnet/minecraft/world/level/Level;DDDLnet/minecraft/world/entity/LivingEntity;Lorg/spongepowered/asm/mixin/injection/callback/CallbackInfo;)V has 0 override(s) in child classes
[06Aug2026 12:15:05.533] [pool-19-thread-1/DEBUG] [mixin/]: sable.mixins.json:entity.tnt_jumps.PrimedTntMixin from mod sable->@Inject::sable$setTntJump(Lnet/minecraft/world/level/Level;DDDLnet/minecraft/world/entity/LivingEntity;Lorg/spongepowered/asm/mixin/injection/callback/CallbackInfo;)V won't be passed a CallbackInfo as a result
[06Aug2026 12:15:05.564] [pool-19-thread-1/DEBUG] [mixin/]: Mixing BlockEntityTypeMixin from flywheel.impl.mixins.json into net.minecraft.world.level.block.entity.BlockEntityType
[06Aug2026 12:15:05.565] [pool-19-thread-1/DEBUG] [mixin/]: Mixing BlockEntityTypeAccessor from neoforge.mixins.json into net.minecraft.world.level.block.entity.BlockEntityType
[06Aug2026 12:15:05.597] [pool-19-thread-1/DEBUG] [mixin/]: Mixing assembly.AbstractFurnaceBlockEntityMixin from sable.mixins.json into net.minecraft.world.level.block.entity.AbstractFurnaceBlockEntity
[06Aug2026 12:15:05.601] [pool-19-thread-1/DEBUG] [mixin/]: Mixing sign_interaction.SignBlockEntityMixin from sable.mixins.json into net.minecraft.world.level.block.entity.SignBlockEntity
[06Aug2026 12:15:05.625] [pool-19-thread-1/DEBUG] [mixin/]: Mixing aabb.AABBMixin from simulated.mixins.json into net.minecraft.world.phys.AABB
[06Aug2026 12:15:05.625] [pool-19-thread-1/DEBUG] [mixin/]: Renaming @Invoker method invokeGetDirection(Lnet/minecraft/world/phys/AABB;Lnet/minecraft/world/phys/Vec3;[DLnet/minecraft/core/Direction;DDD)Lnet/minecraft/core/Direction; to invokeGetDirection$simulated_$md$b5b860$0 in simulated.mixins.json:aabb.AABBMixin from mod simulated
[06Aug2026 12:15:05.631] [pool-19-thread-1/DEBUG] [mixin/]: Mixing entity.arrows_hit_blocks.AbstractArrowMixin from sable.mixins.json into net.minecraft.world.entity.projectile.AbstractArrow
[06Aug2026 12:15:05.635] [pool-19-thread-1/DEBUG] [mixin/]: sable.mixins.json:entity.arrows_hit_blocks.AbstractArrowMixin from mod sable->@Inject::sable$startFalling(Lorg/spongepowered/asm/mixin/injection/callback/CallbackInfo;)V doesn't use it's CallbackInfo
[06Aug2026 12:15:05.635] [pool-19-thread-1/DEBUG] [mixin/]: sable.mixins.json:entity.arrows_hit_blocks.AbstractArrowMixin from mod sable->@Inject::sable$startFalling(Lorg/spongepowered/asm/mixin/injection/callback/CallbackInfo;)V has 0 override(s) in child classes
[06Aug2026 12:15:05.635] [pool-19-thread-1/DEBUG] [mixin/]: sable.mixins.json:entity.arrows_hit_blocks.AbstractArrowMixin from mod sable->@Inject::sable$startFalling(Lorg/spongepowered/asm/mixin/injection/callback/CallbackInfo;)V won't be passed a CallbackInfo as a result
[06Aug2026 12:15:05.639] [pool-19-thread-1/DEBUG] [mixin/]: Mixing entity.projectile.ProjectileMixin from sable.mixins.json into net.minecraft.world.entity.projectile.Projectile
[06Aug2026 12:15:05.643] [pool-19-thread-1/DEBUG] [mixin/]: sable.mixins.json:entity.projectile.ProjectileMixin from mod sable->@Inject::sable$shootFromRotation(Lnet/minecraft/world/entity/Entity;FFFFFLorg/spongepowered/asm/mixin/injection/callback/CallbackInfo;)V doesn't use it's CallbackInfo
[06Aug2026 12:15:05.644] [pool-19-thread-1/DEBUG] [mixin/]: sable.mixins.json:entity.projectile.ProjectileMixin from mod sable->@Inject::sable$shootFromRotation(Lnet/minecraft/world/entity/Entity;FFFFFLorg/spongepowered/asm/mixin/injection/callback/CallbackInfo;)V has 0 override(s) in child classes
[06Aug2026 12:15:05.644] [pool-19-thread-1/DEBUG] [mixin/]: sable.mixins.json:entity.projectile.ProjectileMixin from mod sable->@Inject::sable$shootFromRotation(Lnet/minecraft/world/entity/Entity;FFFFFLorg/spongepowered/asm/mixin/injection/callback/CallbackInfo;)V won't be passed a CallbackInfo as a result
[06Aug2026 12:15:05.703] [pool-19-thread-1/DEBUG] [mixin/]: Mixing enchanting_table.EnchantingTableBlockEntityMixin from sable.mixins.json into net.minecraft.world.level.block.entity.EnchantingTableBlockEntity
[06Aug2026 12:15:05.716] [pool-19-thread-1/DEBUG] [mixin/]: Mixing ItemStackMixin from create.mixins.json into net.minecraft.world.item.ItemStack
[06Aug2026 12:15:05.716] [pool-19-thread-1/DEBUG] [mixin/]: Renaming synthetic method lambda$create$migrateOldClipboardComponents$0(Lcom/simibubi/create/content/equipment/clipboard/ClipboardContent;Lnet/minecraft/util/Unit;)Lcom/simibubi/create/content/equipment/clipboard/ClipboardContent; to mdb5b860$create$lambda$create$migrateOldClipboardComponents$0$0 in create.mixins.json:ItemStackMixin from mod create
[06Aug2026 12:15:05.720] [pool-19-thread-1/DEBUG] [mixin/]: create.mixins.json:ItemStackMixin from mod create->@Inject::create$migrateOldClipboardComponents(Lnet/minecraft/world/level/ItemLike;ILnet/minecraft/core/component/PatchedDataComponentMap;Lorg/spongepowered/asm/mixin/injection/callback/CallbackInfo;)V doesn't use it's CallbackInfo
[06Aug2026 12:15:05.728] [pool-19-thread-1/DEBUG] [mixin/]: Mixing prevent_freezing.BiomeMixin from sable.mixins.json into net.minecraft.world.level.biome.Biome
[06Aug2026 12:15:05.729] [pool-19-thread-1/DEBUG] [mixin/]: Renaming synthetic method lambda$sable$preventFreezing$0(Lnet/minecraft/world/level/Level;Lnet/minecraft/core/BlockPos;)Z to mdb5b860$sable$lambda$sable$preventFreezing$0$0 in sable.mixins.json:prevent_freezing.BiomeMixin from mod sable
[06Aug2026 12:15:05.907] [pool-19-thread-1/DEBUG] [mixin/]: Mixing SmithingMenuMixin from create.mixins.json into net.minecraft.world.inventory.SmithingMenu
[06Aug2026 12:15:05.909] [pool-19-thread-1/DEBUG] [mixin/]: Renaming synthetic method lambda$create$preventUnbreakingOnBacktanks$0(Lnet/minecraft/world/item/ItemStack;Lnet/minecraft/core/Holder;)Z to mdb5b860$create$lambda$create$preventUnbreakingOnBacktanks$0$0 in create.mixins.json:SmithingMenuMixin from mod create
[06Aug2026 12:15:05.913] [pool-19-thread-1/DEBUG] [mixin/]: create.mixins.json:SmithingMenuMixin from mod create->@Inject::create$awardAdvancementWhenTrimmingCardboardArmor(Lnet/minecraft/world/entity/player/Player;Lnet/minecraft/world/item/ItemStack;Lorg/spongepowered/asm/mixin/injection/callback/CallbackInfo;)V doesn't use it's CallbackInfo
[06Aug2026 12:15:05.913] [pool-19-thread-1/DEBUG] [mixin/]: create.mixins.json:SmithingMenuMixin from mod create->@Inject::create$awardAdvancementWhenTrimmingCardboardArmor(Lnet/minecraft/world/entity/player/Player;Lnet/minecraft/world/item/ItemStack;Lorg/spongepowered/asm/mixin/injection/callback/CallbackInfo;)V has 0 override(s) in child classes
[06Aug2026 12:15:05.913] [pool-19-thread-1/DEBUG] [mixin/]: create.mixins.json:SmithingMenuMixin from mod create->@Inject::create$awardAdvancementWhenTrimmingCardboardArmor(Lnet/minecraft/world/entity/player/Player;Lnet/minecraft/world/item/ItemStack;Lorg/spongepowered/asm/mixin/injection/callback/CallbackInfo;)V won't be passed a CallbackInfo as a result
[06Aug2026 12:15:06.087] [pool-19-thread-1/DEBUG] [mixin/]: Mixing entity.entity_collision.CollisionContextMixin from sable.mixins.json into net.minecraft.world.phys.shapes.CollisionContext
[06Aug2026 12:15:06.471] [pool-19-thread-1/DEBUG] [mixin/]: Mixing BlockItemMixin from create.mixins.json into net.minecraft.world.item.BlockItem
[06Aug2026 12:15:06.472] [pool-19-thread-1/DEBUG] [mixin/]: create.mixins.json:BlockItemMixin from mod create->@Inject::create$fixDeployerPlacement(Lnet/minecraft/world/item/context/BlockPlaceContext;Lorg/spongepowered/asm/mixin/injection/callback/CallbackInfoReturnable;)V does use it's CallbackInfoReturnable
[06Aug2026 12:15:06.482] [pool-19-thread-1/DEBUG] [mixin/]: Mixing lodestone_compat.CompassItemMixin from simulated.mixins.json into net.minecraft.world.item.CompassItem
[06Aug2026 12:15:06.485] [pool-19-thread-1/DEBUG] [mixin/]: simulated.mixins.json:lodestone_compat.CompassItemMixin from mod simulated->@Inject::simulated$checkID(Lnet/minecraft/world/item/ItemStack;Lnet/minecraft/world/level/Level;Lnet/minecraft/world/entity/Entity;IZLorg/spongepowered/asm/mixin/injection/callback/CallbackInfo;)V doesn't use it's CallbackInfo
[06Aug2026 12:15:06.485] [pool-19-thread-1/DEBUG] [mixin/]: simulated.mixins.json:lodestone_compat.CompassItemMixin from mod simulated->@Inject::simulated$checkID(Lnet/minecraft/world/item/ItemStack;Lnet/minecraft/world/level/Level;Lnet/minecraft/world/entity/Entity;IZLorg/spongepowered/asm/mixin/injection/callback/CallbackInfo;)V has 0 override(s) in child classes
[06Aug2026 12:15:06.485] [pool-19-thread-1/DEBUG] [mixin/]: simulated.mixins.json:lodestone_compat.CompassItemMixin from mod simulated->@Inject::simulated$checkID(Lnet/minecraft/world/item/ItemStack;Lnet/minecraft/world/level/Level;Lnet/minecraft/world/entity/Entity;IZLorg/spongepowered/asm/mixin/injection/callback/CallbackInfo;)V won't be passed a CallbackInfo as a result
[06Aug2026 12:15:06.489] [pool-19-thread-1/DEBUG] [mixin/]: Mixing shears_break_envelopes.ShearsItemMixin from aeronautics.mixins.json into net.minecraft.world.item.ShearsItem
[06Aug2026 12:15:06.489] [pool-19-thread-1/DEBUG] [mixin/]: aeronautics.mixins.json:shears_break_envelopes.ShearsItemMixin from mod aeronautics: Class version 65 required is higher than the class version supported by the current version of Mixin (JAVA_18 supports class version 62)
[06Aug2026 12:15:06.495] [pool-19-thread-1/DEBUG] [mixin/]: Mixing honey_glue.ArmorStandItemMixin from simulated.mixins.json into net.minecraft.world.item.ArmorStandItem
[06Aug2026 12:15:06.495] [pool-19-thread-1/DEBUG] [mixin/]: Renaming synthetic method lambda$ignoreGlues$0(Lnet/minecraft/world/entity/Entity;)Z to mdb5b860$simulated$lambda$ignoreGlues$0$0 in simulated.mixins.json:honey_glue.ArmorStandItemMixin from mod simulated
[06Aug2026 12:15:06.573] [pool-19-thread-1/DEBUG] [mixin/]: Mixing ArmorTrimMixin from create.mixins.json into net.minecraft.world.item.armortrim.ArmorTrim
[06Aug2026 12:15:06.574] [pool-19-thread-1/DEBUG] [mixin/]: Renaming synthetic method lambda$new$0(Ljava/lang/Boolean;Lnet/minecraft/core/Holder;)Lnet/minecraft/resources/ResourceLocation; to mdb5b860$create$lambda$new$0$0 in create.mixins.json:ArmorTrimMixin from mod create
[06Aug2026 12:15:06.577] [pool-19-thread-1/DEBUG] [mixin/]: create.mixins.json:ArmorTrimMixin from mod create->@Inject::create$swapTexturesForCardboardTrimsInner(Lnet/minecraft/core/Holder;Lorg/spongepowered/asm/mixin/injection/callback/CallbackInfoReturnable;)V does use it's CallbackInfoReturnable
[06Aug2026 12:15:06.577] [pool-19-thread-1/DEBUG] [mixin/]: create.mixins.json:ArmorTrimMixin from mod create->@Inject::create$swapTexturesForCardboardTrimsOuter(Lnet/minecraft/core/Holder;Lorg/spongepowered/asm/mixin/injection/callback/CallbackInfoReturnable;)V does use it's CallbackInfoReturnable
[06Aug2026 12:15:06.590] [pool-19-thread-1/DEBUG] [mixin/]: Mixing balloon.LevelChunkMixin from aeronautics.mixins.json into net.minecraft.world.level.chunk.LevelChunk
[06Aug2026 12:15:06.591] [pool-19-thread-1/DEBUG] [mixin/]: aeronautics.mixins.json:balloon.LevelChunkMixin from mod aeronautics: Class version 65 required is higher than the class version supported by the current version of Mixin (JAVA_18 supports class version 62)
[06Aug2026 12:15:06.592] [pool-19-thread-1/DEBUG] [mixin/]: Mixing visualmanage.LevelChunkMixin from flywheel.impl.mixins.json into net.minecraft.world.level.chunk.LevelChunk
[06Aug2026 12:15:06.592] [pool-19-thread-1/DEBUG] [mixin/]: Mixing plot.LevelChunkMixin from sable.mixins.json into net.minecraft.world.level.chunk.LevelChunk
[06Aug2026 12:15:06.593] [pool-19-thread-1/DEBUG] [mixin/]: Mixing plot.lighting.LevelChunkMixin from sable.mixins.json into net.minecraft.world.level.chunk.LevelChunk
[06Aug2026 12:15:06.593] [pool-19-thread-1/DEBUG] [mixin/]: Mixing loaded_chunk_debug.LevelChunkMixin from sable.mixins.json into net.minecraft.world.level.chunk.LevelChunk
[06Aug2026 12:15:06.597] [pool-19-thread-1/DEBUG] [mixin/]: aeronautics.mixins.json:balloon.LevelChunkMixin from mod aeronautics->@Inject::simulated$preSetBlockState(Lnet/minecraft/core/BlockPos;Lnet/minecraft/world/level/block/state/BlockState;ZLorg/spongepowered/asm/mixin/injection/callback/CallbackInfoReturnable;)V doesn't use it's CallbackInfoReturnable
[06Aug2026 12:15:06.597] [pool-19-thread-1/DEBUG] [mixin/]: aeronautics.mixins.json:balloon.LevelChunkMixin from mod aeronautics->@Inject::simulated$preSetBlockState(Lnet/minecraft/core/BlockPos;Lnet/minecraft/world/level/block/state/BlockState;ZLorg/spongepowered/asm/mixin/injection/callback/CallbackInfoReturnable;)V has 0 override(s) in child classes
[06Aug2026 12:15:06.597] [pool-19-thread-1/DEBUG] [mixin/]: aeronautics.mixins.json:balloon.LevelChunkMixin from mod aeronautics->@Inject::simulated$preSetBlockState(Lnet/minecraft/core/BlockPos;Lnet/minecraft/world/level/block/state/BlockState;ZLorg/spongepowered/asm/mixin/injection/callback/CallbackInfoReturnable;)V won't be passed a CallbackInfoReturnable as a result
[06Aug2026 12:15:06.597] [pool-19-thread-1/DEBUG] [mixin/]: flywheel.impl.mixins.json:visualmanage.LevelChunkMixin from mod flywheel->@Inject::flywheel$onBlockEntityAdded(Lnet/minecraft/world/level/block/entity/BlockEntity;Lorg/spongepowered/asm/mixin/injection/callback/CallbackInfo;)V doesn't use it's CallbackInfo
[06Aug2026 12:15:06.597] [pool-19-thread-1/DEBUG] [mixin/]: flywheel.impl.mixins.json:visualmanage.LevelChunkMixin from mod flywheel->@Inject::flywheel$onBlockEntityAdded(Lnet/minecraft/world/level/block/entity/BlockEntity;Lorg/spongepowered/asm/mixin/injection/callback/CallbackInfo;)V has 0 override(s) in child classes
[06Aug2026 12:15:06.597] [pool-19-thread-1/DEBUG] [mixin/]: flywheel.impl.mixins.json:visualmanage.LevelChunkMixin from mod flywheel->@Inject::flywheel$onBlockEntityAdded(Lnet/minecraft/world/level/block/entity/BlockEntity;Lorg/spongepowered/asm/mixin/injection/callback/CallbackInfo;)V won't be passed a CallbackInfo as a result
[06Aug2026 12:15:06.597] [pool-19-thread-1/DEBUG] [mixin/]: sable.mixins.json:plot.LevelChunkMixin from mod sable->@Inject::sable$preSetBlockState(Lnet/minecraft/core/BlockPos;Lnet/minecraft/world/level/block/state/BlockState;ZLorg/spongepowered/asm/mixin/injection/callback/CallbackInfoReturnable;)V doesn't use it's CallbackInfoReturnable
[06Aug2026 12:15:06.597] [pool-19-thread-1/DEBUG] [mixin/]: sable.mixins.json:plot.LevelChunkMixin from mod sable->@Inject::sable$preSetBlockState(Lnet/minecraft/core/BlockPos;Lnet/minecraft/world/level/block/state/BlockState;ZLorg/spongepowered/asm/mixin/injection/callback/CallbackInfoReturnable;)V has 0 override(s) in child classes
[06Aug2026 12:15:06.597] [pool-19-thread-1/DEBUG] [mixin/]: sable.mixins.json:plot.LevelChunkMixin from mod sable->@Inject::sable$preSetBlockState(Lnet/minecraft/core/BlockPos;Lnet/minecraft/world/level/block/state/BlockState;ZLorg/spongepowered/asm/mixin/injection/callback/CallbackInfoReturnable;)V won't be passed a CallbackInfoReturnable as a result
[06Aug2026 12:15:06.597] [pool-19-thread-1/DEBUG] [mixin/]: sable.mixins.json:plot.LevelChunkMixin from mod sable->@Inject::sable$postSetBlockState(Lnet/minecraft/core/BlockPos;Lnet/minecraft/world/level/block/state/BlockState;ZLorg/spongepowered/asm/mixin/injection/callback/CallbackInfoReturnable;)V doesn't use it's CallbackInfoReturnable
[06Aug2026 12:15:06.597] [pool-19-thread-1/DEBUG] [mixin/]: sable.mixins.json:plot.LevelChunkMixin from mod sable->@Inject::sable$postSetBlockState(Lnet/minecraft/core/BlockPos;Lnet/minecraft/world/level/block/state/BlockState;ZLorg/spongepowered/asm/mixin/injection/callback/CallbackInfoReturnable;)V has 0 override(s) in child classes
[06Aug2026 12:15:06.597] [pool-19-thread-1/DEBUG] [mixin/]: sable.mixins.json:plot.LevelChunkMixin from mod sable->@Inject::sable$postSetBlockState(Lnet/minecraft/core/BlockPos;Lnet/minecraft/world/level/block/state/BlockState;ZLorg/spongepowered/asm/mixin/injection/callback/CallbackInfoReturnable;)V won't be passed a CallbackInfoReturnable as a result
[06Aug2026 12:15:06.597] [pool-19-thread-1/DEBUG] [mixin/]: sable.mixins.json:plot.LevelChunkMixin from mod sable->@Inject::sable$postSetBlockState(Lnet/minecraft/core/BlockPos;Lnet/minecraft/world/level/block/state/BlockState;ZLorg/spongepowered/asm/mixin/injection/callback/CallbackInfoReturnable;)V doesn't use it's CallbackInfoReturnable
[06Aug2026 12:15:06.597] [pool-19-thread-1/DEBUG] [mixin/]: sable.mixins.json:plot.LevelChunkMixin from mod sable->@Inject::sable$postSetBlockState(Lnet/minecraft/core/BlockPos;Lnet/minecraft/world/level/block/state/BlockState;ZLorg/spongepowered/asm/mixin/injection/callback/CallbackInfoReturnable;)V has 0 override(s) in child classes
[06Aug2026 12:15:06.597] [pool-19-thread-1/DEBUG] [mixin/]: sable.mixins.json:plot.LevelChunkMixin from mod sable->@Inject::sable$postSetBlockState(Lnet/minecraft/core/BlockPos;Lnet/minecraft/world/level/block/state/BlockState;ZLorg/spongepowered/asm/mixin/injection/callback/CallbackInfoReturnable;)V won't be passed a CallbackInfoReturnable as a result
[06Aug2026 12:15:06.597] [pool-19-thread-1/DEBUG] [mixin/]: sable.mixins.json:plot.LevelChunkMixin from mod sable->@Inject::sable$postSetBlockState(Lnet/minecraft/core/BlockPos;Lnet/minecraft/world/level/block/state/BlockState;ZLorg/spongepowered/asm/mixin/injection/callback/CallbackInfoReturnable;)V doesn't use it's CallbackInfoReturnable
[06Aug2026 12:15:06.597] [pool-19-thread-1/DEBUG] [mixin/]: sable.mixins.json:plot.LevelChunkMixin from mod sable->@Inject::sable$postSetBlockState(Lnet/minecraft/core/BlockPos;Lnet/minecraft/world/level/block/state/BlockState;ZLorg/spongepowered/asm/mixin/injection/callback/CallbackInfoReturnable;)V has 0 override(s) in child classes
[06Aug2026 12:15:06.597] [pool-19-thread-1/DEBUG] [mixin/]: sable.mixins.json:plot.LevelChunkMixin from mod sable->@Inject::sable$postSetBlockState(Lnet/minecraft/core/BlockPos;Lnet/minecraft/world/level/block/state/BlockState;ZLorg/spongepowered/asm/mixin/injection/callback/CallbackInfoReturnable;)V won't be passed a CallbackInfoReturnable as a result
[06Aug2026 12:15:06.597] [pool-19-thread-1/DEBUG] [mixin/]: sable.mixins.json:plot.LevelChunkMixin from mod sable->@Inject::sable$postSetBlockState(Lnet/minecraft/core/BlockPos;Lnet/minecraft/world/level/block/state/BlockState;ZLorg/spongepowered/asm/mixin/injection/callback/CallbackInfoReturnable;)V doesn't use it's CallbackInfoReturnable
[06Aug2026 12:15:06.597] [pool-19-thread-1/DEBUG] [mixin/]: sable.mixins.json:plot.LevelChunkMixin from mod sable->@Inject::sable$postSetBlockState(Lnet/minecraft/core/BlockPos;Lnet/minecraft/world/level/block/state/BlockState;ZLorg/spongepowered/asm/mixin/injection/callback/CallbackInfoReturnable;)V has 0 override(s) in child classes
[06Aug2026 12:15:06.597] [pool-19-thread-1/DEBUG] [mixin/]: sable.mixins.json:plot.LevelChunkMixin from mod sable->@Inject::sable$postSetBlockState(Lnet/minecraft/core/BlockPos;Lnet/minecraft/world/level/block/state/BlockState;ZLorg/spongepowered/asm/mixin/injection/callback/CallbackInfoReturnable;)V won't be passed a CallbackInfoReturnable as a result
[06Aug2026 12:15:06.600] [pool-19-thread-1/DEBUG] [mixin/]: Mixing world_border.WorldBorderMixin from sable.mixins.json into net.minecraft.world.level.border.WorldBorder
[06Aug2026 12:15:06.602] [pool-19-thread-1/DEBUG] [mixin/]: sable.mixins.json:world_border.WorldBorderMixin from mod sable->@Inject::sable$isWithinBounds(DDDLorg/spongepowered/asm/mixin/injection/callback/CallbackInfoReturnable;)V does use it's CallbackInfoReturnable
[06Aug2026 12:15:06.602] [pool-19-thread-1/DEBUG] [mixin/]: sable.mixins.json:world_border.WorldBorderMixin from mod sable->@Inject::sable$clampToBounds(DDDLorg/spongepowered/asm/mixin/injection/callback/CallbackInfoReturnable;)V does use it's CallbackInfoReturnable
[06Aug2026 12:15:06.603] [pool-19-thread-1/DEBUG] [mixin/]: sable.mixins.json:world_border.WorldBorderMixin from mod sable->@Inject::sable$isInsideCloseToBorder(Lnet/minecraft/world/entity/Entity;Lnet/minecraft/world/phys/AABB;Lorg/spongepowered/asm/mixin/injection/callback/CallbackInfoReturnable;)V does use it's CallbackInfoReturnable
[06Aug2026 12:15:06.630] [pool-19-thread-1/DEBUG] [mixin/]: Mixing block_placement.BlockPlaceContextMixin from sable.mixins.json into net.minecraft.world.item.context.BlockPlaceContext
[06Aug2026 12:15:06.636] [pool-19-thread-1/DEBUG] [mixin/]: sable.mixins.json:block_placement.BlockPlaceContextMixin from mod sable->@Inject::sable$canPlace(Lorg/spongepowered/asm/mixin/injection/callback/CallbackInfoReturnable;)V does use it's CallbackInfoReturnable
[06Aug2026 12:15:06.637] [pool-19-thread-1/DEBUG] [mixin/]: Mixing accessor.UseOnContextAccessor from create.mixins.json into net.minecraft.world.item.context.UseOnContext
[06Aug2026 12:15:06.638] [pool-19-thread-1/DEBUG] [mixin/]: Mixing block_placement.UseOnContextMixin from sable.mixins.json into net.minecraft.world.item.context.UseOnContext
[06Aug2026 12:15:06.639] [pool-19-thread-1/DEBUG] [mixin/]: sable.mixins.json:block_placement.UseOnContextMixin from mod sable->@Inject::sable$getHorizontalDirection(Lorg/spongepowered/asm/mixin/injection/callback/CallbackInfoReturnable;)V does use it's CallbackInfoReturnable
[06Aug2026 12:15:06.639] [pool-19-thread-1/DEBUG] [mixin/]: sable.mixins.json:block_placement.UseOnContextMixin from mod sable->@Inject::sable$getRotation(Lorg/spongepowered/asm/mixin/injection/callback/CallbackInfoReturnable;)V does use it's CallbackInfoReturnable
[06Aug2026 12:15:06.641] [pool-19-thread-1/DEBUG] [mixin/]: Mixing explosion.ExplosionMixin from sable.mixins.json into net.minecraft.world.level.Explosion
[06Aug2026 12:15:06.647] [pool-19-thread-1/DEBUG] [mixin/]: sable.mixins.json:explosion.ExplosionMixin from mod sable->@Inject::sable$preExplode(Lorg/spongepowered/asm/mixin/injection/callback/CallbackInfo;)V doesn't use it's CallbackInfo
[06Aug2026 12:15:06.647] [pool-19-thread-1/DEBUG] [mixin/]: sable.mixins.json:explosion.ExplosionMixin from mod sable->@Inject::sable$preExplode(Lorg/spongepowered/asm/mixin/injection/callback/CallbackInfo;)V has 0 override(s) in child classes
[06Aug2026 12:15:06.647] [pool-19-thread-1/DEBUG] [mixin/]: sable.mixins.json:explosion.ExplosionMixin from mod sable->@Inject::sable$preExplode(Lorg/spongepowered/asm/mixin/injection/callback/CallbackInfo;)V won't be passed a CallbackInfo as a result
[06Aug2026 12:15:06.647] [pool-19-thread-1/DEBUG] [mixin/]: sable.mixins.json:explosion.ExplosionMixin from mod sable->@Inject::sable$redirectBlockExplosionResistance(Lorg/spongepowered/asm/mixin/injection/callback/CallbackInfo;Ljava/util/Set;IIIIDDDDFDDDFLnet/minecraft/core/BlockPos;Lnet/minecraft/world/level/block/state/BlockState;Lnet/minecraft/world/level/material/FluidState;)V doesn't use it's CallbackInfo
[06Aug2026 12:15:06.647] [pool-19-thread-1/DEBUG] [mixin/]: sable.mixins.json:explosion.ExplosionMixin from mod sable->@Inject::sable$redirectBlockExplosionResistance(Lorg/spongepowered/asm/mixin/injection/callback/CallbackInfo;Ljava/util/Set;IIIIDDDDFDDDFLnet/minecraft/core/BlockPos;Lnet/minecraft/world/level/block/state/BlockState;Lnet/minecraft/world/level/material/FluidState;)V has 0 override(s) in child classes
[06Aug2026 12:15:06.647] [pool-19-thread-1/DEBUG] [mixin/]: sable.mixins.json:explosion.ExplosionMixin from mod sable->@Inject::sable$redirectBlockExplosionResistance(Lorg/spongepowered/asm/mixin/injection/callback/CallbackInfo;Ljava/util/Set;IIIIDDDDFDDDFLnet/minecraft/core/BlockPos;Lnet/minecraft/world/level/block/state/BlockState;Lnet/minecraft/world/level/material/FluidState;)V won't be passed a CallbackInfo as a result
[06Aug2026 12:15:06.649] [pool-19-thread-1/DEBUG] [mixin/]: Mixing clip_overwrite.HitResultMixin from sable.mixins.json into net.minecraft.world.phys.HitResult
[06Aug2026 12:15:06.668] [pool-19-thread-1/DEBUG] [mixin/]: Mixing entity.entity_sublevel_collision.AbstractMinecartMixin from sable.mixins.json into net.minecraft.world.entity.vehicle.AbstractMinecart
[06Aug2026 12:15:06.669] [pool-19-thread-1/DEBUG] [mixin/]: sable.mixins.json:entity.entity_sublevel_collision.AbstractMinecartMixin from mod sable->@Inject::sable$postTick(Lorg/spongepowered/asm/mixin/injection/callback/CallbackInfo;)V doesn't use it's CallbackInfo
[06Aug2026 12:15:06.669] [pool-19-thread-1/DEBUG] [mixin/]: sable.mixins.json:entity.entity_sublevel_collision.AbstractMinecartMixin from mod sable->@Inject::sable$postTick(Lorg/spongepowered/asm/mixin/injection/callback/CallbackInfo;)V has 0 override(s) in child classes
[06Aug2026 12:15:06.669] [pool-19-thread-1/DEBUG] [mixin/]: sable.mixins.json:entity.entity_sublevel_collision.AbstractMinecartMixin from mod sable->@Inject::sable$postTick(Lorg/spongepowered/asm/mixin/injection/callback/CallbackInfo;)V won't be passed a CallbackInfo as a result
[06Aug2026 12:15:06.683] [pool-19-thread-1/DEBUG] [mixin/]: Mixing entity.entity_pathfinding.PathNavigationMixin from sable.mixins.json into net.minecraft.world.entity.ai.navigation.PathNavigation
[06Aug2026 12:15:06.687] [pool-19-thread-1/DEBUG] [mixin/]: sable.mixins.json:entity.entity_pathfinding.PathNavigationMixin from mod sable->@Inject::sable$createPath(Ljava/util/Set;IZIFLorg/spongepowered/asm/mixin/injection/callback/CallbackInfoReturnable;)V does use it's CallbackInfoReturnable
[06Aug2026 12:15:06.688] [pool-19-thread-1/DEBUG] [mixin/]: Mixing entity.entity_pathfinding.GroundPathNavigationMixin from sable.mixins.json into net.minecraft.world.entity.ai.navigation.GroundPathNavigation
[06Aug2026 12:15:06.689] [pool-19-thread-1/DEBUG] [mixin/]: Mixing entity.sublevels_block_sky.SubLevelsBlockSkyMixin from sable.mixins.json into net.minecraft.world.entity.ai.navigation.GroundPathNavigation
[06Aug2026 12:15:06.690] [pool-19-thread-1/DEBUG] [mixin/]: sable.mixins.json:entity.entity_pathfinding.GroundPathNavigationMixin from mod sable->@Inject::sable$createPath(Lnet/minecraft/world/entity/Entity;ILorg/spongepowered/asm/mixin/injection/callback/CallbackInfoReturnable;)V does use it's CallbackInfoReturnable
[06Aug2026 12:15:06.719] [pool-19-thread-1/DEBUG] [mixin/]: Mixing entity.sublevels_block_sky.SubLevelsBlockSkyMixin from sable.mixins.json into net.minecraft.world.entity.ai.goal.FleeSunGoal
[06Aug2026 12:15:06.733] [pool-19-thread-1/DEBUG] [mixin/]: Mixing entity.tamed_teleport.TamableAnimalMixin from sable.mixins.json into net.minecraft.world.entity.TamableAnimal
[06Aug2026 12:15:06.748] [pool-19-thread-1/DEBUG] [mixin/]: Mixing accessor.MinecartFurnaceAccessor from create.mixins.json into net.minecraft.world.entity.vehicle.MinecartFurnace
[06Aug2026 12:15:06.771] [pool-19-thread-1/DEBUG] [mixin/]: Mixing entity.trident.ThrownTridentMixin from sable.mixins.json into net.minecraft.world.entity.projectile.ThrownTrident
[06Aug2026 12:15:06.772] [pool-19-thread-1/DEBUG] [mixin/]: sable.mixins.json:entity.trident.ThrownTridentMixin from mod sable->@Inject::sable$startReturning(Lorg/spongepowered/asm/mixin/injection/callback/CallbackInfo;)V doesn't use it's CallbackInfo
[06Aug2026 12:15:06.772] [pool-19-thread-1/DEBUG] [mixin/]: sable.mixins.json:entity.trident.ThrownTridentMixin from mod sable->@Inject::sable$startReturning(Lorg/spongepowered/asm/mixin/injection/callback/CallbackInfo;)V has 0 override(s) in child classes
[06Aug2026 12:15:06.772] [pool-19-thread-1/DEBUG] [mixin/]: sable.mixins.json:entity.trident.ThrownTridentMixin from mod sable->@Inject::sable$startReturning(Lorg/spongepowered/asm/mixin/injection/callback/CallbackInfo;)V won't be passed a CallbackInfo as a result
[06Aug2026 12:15:06.802] [pool-19-thread-1/DEBUG] [mixin/]: Mixing accessor.ItemFrameAccessor from create.mixins.json into net.minecraft.world.entity.decoration.ItemFrame
[06Aug2026 12:15:06.831] [pool-19-thread-1/DEBUG] [mixin/]: Mixing entity.parrot.ParrotMixin from sable.mixins.json into net.minecraft.world.entity.animal.Parrot
[06Aug2026 12:15:06.851] [pool-19-thread-1/DEBUG] [mixin/]: Mixing entity.entity_ai.EatBlockGoalMixin from sable.mixins.json into net.minecraft.world.entity.ai.goal.EatBlockGoal
[06Aug2026 12:15:07.271] [pool-19-thread-1/DEBUG] [mixin/]: Mixing accessor.ProjectileDispenseBehaviorAccessor from create.mixins.json into net.minecraft.core.dispenser.ProjectileDispenseBehavior
[06Aug2026 12:15:07.302] [pool-19-thread-1/DEBUG] [mixin/]: Mixing recoil.ProjectileDispenseBehaviorMixin from sable.mixins.json into net.minecraft.core.dispenser.ProjectileDispenseBehavior
[06Aug2026 12:15:07.304] [pool-19-thread-1/DEBUG] [mixin/]: sable.mixins.json:recoil.ProjectileDispenseBehaviorMixin from mod sable->@Inject::sable$applyRecoil(Lnet/minecraft/core/dispenser/BlockSource;Lnet/minecraft/world/item/ItemStack;Lorg/spongepowered/asm/mixin/injection/callback/CallbackInfoReturnable;)V doesn't use it's CallbackInfoReturnable
[06Aug2026 12:15:07.304] [pool-19-thread-1/DEBUG] [mixin/]: sable.mixins.json:recoil.ProjectileDispenseBehaviorMixin from mod sable->@Inject::sable$applyRecoil(Lnet/minecraft/core/dispenser/BlockSource;Lnet/minecraft/world/item/ItemStack;Lorg/spongepowered/asm/mixin/injection/callback/CallbackInfoReturnable;)V has 0 override(s) in child classes
[06Aug2026 12:15:07.304] [pool-19-thread-1/DEBUG] [mixin/]: sable.mixins.json:recoil.ProjectileDispenseBehaviorMixin from mod sable->@Inject::sable$applyRecoil(Lnet/minecraft/core/dispenser/BlockSource;Lnet/minecraft/world/item/ItemStack;Lorg/spongepowered/asm/mixin/injection/callback/CallbackInfoReturnable;)V won't be passed a CallbackInfoReturnable as a result
[06Aug2026 12:15:07.348] [pool-19-thread-1/DEBUG] [mixin/]: Mixing accessor.ShapedRecipeAccessor from create.mixins.json into net.minecraft.world.item.crafting.ShapedRecipe
[06Aug2026 12:15:07.423] [pool-19-thread-1/DEBUG] [mixin/]: Mixing EnchantedCountIncreaseFunctionMixin from create.mixins.json into net.minecraft.world.level.storage.loot.functions.EnchantedCountIncreaseFunction
[06Aug2026 12:15:07.425] [pool-19-thread-1/DEBUG] [mixin/]: create.mixins.json:EnchantedCountIncreaseFunctionMixin from mod create->@Inject::create$crushingWheelLooting(Lnet/minecraft/world/item/ItemStack;Lnet/minecraft/world/level/storage/loot/LootContext;Lorg/spongepowered/asm/mixin/injection/callback/CallbackInfoReturnable;)V doesn't use it's CallbackInfoReturnable
[06Aug2026 12:15:07.425] [pool-19-thread-1/DEBUG] [mixin/]: create.mixins.json:EnchantedCountIncreaseFunctionMixin from mod create->@Inject::create$crushingWheelLooting(Lnet/minecraft/world/item/ItemStack;Lnet/minecraft/world/level/storage/loot/LootContext;Lorg/spongepowered/asm/mixin/injection/callback/CallbackInfoReturnable;)V has 0 override(s) in child classes
[06Aug2026 12:15:07.425] [pool-19-thread-1/DEBUG] [mixin/]: create.mixins.json:EnchantedCountIncreaseFunctionMixin from mod create->@Inject::create$crushingWheelLooting(Lnet/minecraft/world/item/ItemStack;Lnet/minecraft/world/level/storage/loot/LootContext;Lorg/spongepowered/asm/mixin/injection/callback/CallbackInfoReturnable;)V won't be passed a CallbackInfoReturnable as a result
[06Aug2026 12:15:07.809] [pool-19-thread-1/DEBUG] [mixin/]: Mixing compatibility.create.airflow.FanProcessingTypeMixin from sable-neoforge.mixins.json into com.simibubi.create.content.kinetics.fan.processing.FanProcessingType
[06Aug2026 12:15:07.809] [pool-19-thread-1/DEBUG] [mixin/]: Renaming synthetic method lambda$getAt$0(Lcom/llamalad7/mixinextras/injector/wrapoperation/Operation;Lnet/minecraft/world/level/Level;Ldev/ryanhcode/sable/sublevel/SubLevel;Lnet/minecraft/core/BlockPos;)Lcom/simibubi/create/content/kinetics/fan/processing/FanProcessingType; to mdb5b860$sable$lambda$getAt$0$0 in sable-neoforge.mixins.json:compatibility.create.airflow.FanProcessingTypeMixin from mod sable
[06Aug2026 12:15:07.871] [main/DEBUG] [mixin/]: Mixing NetworkMinecraftServerMixin from veil.network.mixins.json into net.minecraft.server.MinecraftServer
[06Aug2026 12:15:07.872] [main/DEBUG] [mixin/]: Mixing MinecraftServerMixin from veil.scheduler.mixins.json into net.minecraft.server.MinecraftServer
[06Aug2026 12:15:07.874] [main/DEBUG] [mixin/]: Mixing accessor.MinecraftServerAccessor from ponder-common.mixins.json into net.minecraft.server.MinecraftServer
[06Aug2026 12:15:07.874] [main/DEBUG] [mixin/]: ponder-common.mixins.json:accessor.MinecraftServerAccessor from mod ponder: Class version 65 required is higher than the class version supported by the current version of Mixin (JAVA_17 supports class version 61)
[06Aug2026 12:15:07.874] [main/DEBUG] [mixin/]: Mixing udp.MinecraftServerMixin from sable.mixins.json into net.minecraft.server.MinecraftServer
[06Aug2026 12:15:07.878] [main/DEBUG] [mixin/]: veil.scheduler.mixins.json:MinecraftServerMixin from mod veil->@Inject::stopServer(Lorg/spongepowered/asm/mixin/injection/callback/CallbackInfo;)V doesn't use it's CallbackInfo
[06Aug2026 12:15:07.878] [main/DEBUG] [mixin/]: veil.scheduler.mixins.json:MinecraftServerMixin from mod veil->@Inject::stopServer(Lorg/spongepowered/asm/mixin/injection/callback/CallbackInfo;)V has 0 override(s) in child classes
[06Aug2026 12:15:07.878] [main/DEBUG] [mixin/]: veil.scheduler.mixins.json:MinecraftServerMixin from mod veil->@Inject::stopServer(Lorg/spongepowered/asm/mixin/injection/callback/CallbackInfo;)V won't be passed a CallbackInfo as a result
[06Aug2026 12:15:07.878] [main/DEBUG] [mixin/]: sable.mixins.json:udp.MinecraftServerMixin from mod sable->@Inject::sable$keepUdpSocketsAlive(Ljava/util/function/BooleanSupplier;Lorg/spongepowered/asm/mixin/injection/callback/CallbackInfo;)V doesn't use it's CallbackInfo
[06Aug2026 12:15:07.878] [main/DEBUG] [mixin/]: sable.mixins.json:udp.MinecraftServerMixin from mod sable->@Inject::sable$keepUdpSocketsAlive(Ljava/util/function/BooleanSupplier;Lorg/spongepowered/asm/mixin/injection/callback/CallbackInfo;)V has 0 override(s) in child classes
[06Aug2026 12:15:07.878] [main/DEBUG] [mixin/]: sable.mixins.json:udp.MinecraftServerMixin from mod sable->@Inject::sable$keepUdpSocketsAlive(Ljava/util/function/BooleanSupplier;Lorg/spongepowered/asm/mixin/injection/callback/CallbackInfo;)V won't be passed a CallbackInfo as a result
[06Aug2026 12:15:07.933] [main/DEBUG] [mixin/]: Mixing level_accelerator.ServerChunkCacheAccessor from sable.mixins.json into net.minecraft.server.level.ServerChunkCache
[06Aug2026 12:15:07.933] [main/DEBUG] [mixin/]: Mixing plot.ServerChunkCacheMixin from sable.mixins.json into net.minecraft.server.level.ServerChunkCache
[06Aug2026 12:15:07.943] [main/DEBUG] [mixin/]: sable.mixins.json:plot.ServerChunkCacheMixin from mod sable->@Inject::init(Lnet/minecraft/server/level/ServerLevel;Lnet/minecraft/world/level/storage/LevelStorageSource$LevelStorageAccess;Lcom/mojang/datafixers/DataFixer;Lnet/minecraft/world/level/levelgen/structure/templatesystem/StructureTemplateManager;Ljava/util/concurrent/Executor;Lnet/minecraft/world/level/chunk/ChunkGenerator;IIZLnet/minecraft/server/level/progress/ChunkProgressListener;Lnet/minecraft/world/level/entity/ChunkStatusUpdateListener;Ljava/util/function/Supplier;Lorg/spongepowered/asm/mixin/injection/callback/CallbackInfo;)V doesn't use it's CallbackInfo
[06Aug2026 12:15:07.943] [main/DEBUG] [mixin/]: sable.mixins.json:plot.ServerChunkCacheMixin from mod sable->@Inject::init(Lnet/minecraft/server/level/ServerLevel;Lnet/minecraft/world/level/storage/LevelStorageSource$LevelStorageAccess;Lcom/mojang/datafixers/DataFixer;Lnet/minecraft/world/level/levelgen/structure/templatesystem/StructureTemplateManager;Ljava/util/concurrent/Executor;Lnet/minecraft/world/level/chunk/ChunkGenerator;IIZLnet/minecraft/server/level/progress/ChunkProgressListener;Lnet/minecraft/world/level/entity/ChunkStatusUpdateListener;Ljava/util/function/Supplier;Lorg/spongepowered/asm/mixin/injection/callback/CallbackInfo;)V has 0 override(s) in child classes
[06Aug2026 12:15:07.943] [main/DEBUG] [mixin/]: sable.mixins.json:plot.ServerChunkCacheMixin from mod sable->@Inject::init(Lnet/minecraft/server/level/ServerLevel;Lnet/minecraft/world/level/storage/LevelStorageSource$LevelStorageAccess;Lcom/mojang/datafixers/DataFixer;Lnet/minecraft/world/level/levelgen/structure/templatesystem/StructureTemplateManager;Ljava/util/concurrent/Executor;Lnet/minecraft/world/level/chunk/ChunkGenerator;IIZLnet/minecraft/server/level/progress/ChunkProgressListener;Lnet/minecraft/world/level/entity/ChunkStatusUpdateListener;Ljava/util/function/Supplier;Lorg/spongepowered/asm/mixin/injection/callback/CallbackInfo;)V won't be passed a CallbackInfo as a result
[06Aug2026 12:15:07.943] [main/DEBUG] [mixin/]: sable.mixins.json:plot.ServerChunkCacheMixin from mod sable->@Inject::getChunkNow(IILorg/spongepowered/asm/mixin/injection/callback/CallbackInfoReturnable;)V does use it's CallbackInfoReturnable
[06Aug2026 12:15:07.943] [main/DEBUG] [mixin/]: sable.mixins.json:plot.ServerChunkCacheMixin from mod sable->@Inject::getChunkFutureMainThread(IILnet/minecraft/world/level/chunk/status/ChunkStatus;ZLorg/spongepowered/asm/mixin/injection/callback/CallbackInfoReturnable;)V does use it's CallbackInfoReturnable
[06Aug2026 12:15:07.943] [main/DEBUG] [mixin/]: sable.mixins.json:plot.ServerChunkCacheMixin from mod sable->@Inject::hasChunk(IILorg/spongepowered/asm/mixin/injection/callback/CallbackInfoReturnable;)V does use it's CallbackInfoReturnable
[06Aug2026 12:15:07.943] [main/DEBUG] [mixin/]: sable.mixins.json:plot.ServerChunkCacheMixin from mod sable->@Inject::getChunkForLighting(IILorg/spongepowered/asm/mixin/injection/callback/CallbackInfoReturnable;)V does use it's CallbackInfoReturnable
[06Aug2026 12:15:07.943] [main/DEBUG] [mixin/]: sable.mixins.json:plot.ServerChunkCacheMixin from mod sable->@Inject::isPositionTicking(JLorg/spongepowered/asm/mixin/injection/callback/CallbackInfoReturnable;)V does use it's CallbackInfoReturnable
[06Aug2026 12:15:07.944] [main/DEBUG] [mixin/]: sable.mixins.json:plot.ServerChunkCacheMixin from mod sable->@Inject::getFullChunk(JLjava/util/function/Consumer;Lorg/spongepowered/asm/mixin/injection/callback/CallbackInfo;)V does use it's CallbackInfo
[06Aug2026 12:15:07.944] [main/DEBUG] [mixin/]: sable.mixins.json:plot.ServerChunkCacheMixin from mod sable->@Inject::blockChanged(Lnet/minecraft/core/BlockPos;Lorg/spongepowered/asm/mixin/injection/callback/CallbackInfo;)V does use it's CallbackInfo
[06Aug2026 12:15:07.944] [main/DEBUG] [mixin/]: sable.mixins.json:plot.ServerChunkCacheMixin from mod sable->@Inject::getVisibleChunkIfPresent(JLorg/spongepowered/asm/mixin/injection/callback/CallbackInfoReturnable;)V does use it's CallbackInfoReturnable
[06Aug2026 12:15:07.944] [main/DEBUG] [mixin/]: sable.mixins.json:plot.ServerChunkCacheMixin from mod sable->@Inject::addRegionTicket(Lnet/minecraft/server/level/TicketType;Lnet/minecraft/world/level/ChunkPos;ILjava/lang/Object;Lorg/spongepowered/asm/mixin/injection/callback/CallbackInfo;)V does use it's CallbackInfo
[06Aug2026 12:15:07.946] [main/DEBUG] [mixin/]: Mixing rope.ClientSubLevelContainerMixin from simulated.mixins.json into dev.ryanhcode.sable.api.sublevel.ClientSubLevelContainer
[06Aug2026 12:15:07.947] [main/DEBUG] [mixin/]: simulated.mixins.json:rope.ClientSubLevelContainerMixin from mod simulated->@Inject::sable$tickRopeInterpolation(Lorg/spongepowered/asm/mixin/injection/callback/CallbackInfo;)V doesn't use it's CallbackInfo
[06Aug2026 12:15:07.947] [main/DEBUG] [mixin/]: simulated.mixins.json:rope.ClientSubLevelContainerMixin from mod simulated->@Inject::sable$tickRopeInterpolation(Lorg/spongepowered/asm/mixin/injection/callback/CallbackInfo;)V has 0 override(s) in child classes
[06Aug2026 12:15:07.947] [main/DEBUG] [mixin/]: simulated.mixins.json:rope.ClientSubLevelContainerMixin from mod simulated->@Inject::sable$tickRopeInterpolation(Lorg/spongepowered/asm/mixin/injection/callback/CallbackInfo;)V won't be passed a CallbackInfo as a result
[06Aug2026 12:15:07.949] [main/DEBUG] [mixin/]: Mixing MapItemSavedDataMixin from create.mixins.json into net.minecraft.world.level.saveddata.maps.MapItemSavedData
[06Aug2026 12:15:07.957] [main/DEBUG] [mixin/]: create.mixins.json:MapItemSavedDataMixin from mod create->@Inject::create$onLoad(Lnet/minecraft/nbt/CompoundTag;Lnet/minecraft/core/HolderLookup$Provider;Lorg/spongepowered/asm/mixin/injection/callback/CallbackInfoReturnable;)V does use it's CallbackInfoReturnable
[06Aug2026 12:15:07.957] [main/DEBUG] [mixin/]: create.mixins.json:MapItemSavedDataMixin from mod create->@Inject::create$onSave(Lnet/minecraft/nbt/CompoundTag;Lnet/minecraft/core/HolderLookup$Provider;Lorg/spongepowered/asm/mixin/injection/callback/CallbackInfoReturnable;)V doesn't use it's CallbackInfoReturnable
[06Aug2026 12:15:07.957] [main/DEBUG] [mixin/]: create.mixins.json:MapItemSavedDataMixin from mod create->@Inject::create$onSave(Lnet/minecraft/nbt/CompoundTag;Lnet/minecraft/core/HolderLookup$Provider;Lorg/spongepowered/asm/mixin/injection/callback/CallbackInfoReturnable;)V has 0 override(s) in child classes
[06Aug2026 12:15:07.957] [main/DEBUG] [mixin/]: create.mixins.json:MapItemSavedDataMixin from mod create->@Inject::create$onSave(Lnet/minecraft/nbt/CompoundTag;Lnet/minecraft/core/HolderLookup$Provider;Lorg/spongepowered/asm/mixin/injection/callback/CallbackInfoReturnable;)V won't be passed a CallbackInfoReturnable as a result
[06Aug2026 12:15:07.957] [main/DEBUG] [mixin/]: create.mixins.json:MapItemSavedDataMixin from mod create->@Inject::create$onCheckBanners(Lnet/minecraft/world/level/BlockGetter;IILorg/spongepowered/asm/mixin/injection/callback/CallbackInfo;)V doesn't use it's CallbackInfo
[06Aug2026 12:15:07.957] [main/DEBUG] [mixin/]: create.mixins.json:MapItemSavedDataMixin from mod create->@Inject::create$onCheckBanners(Lnet/minecraft/world/level/BlockGetter;IILorg/spongepowered/asm/mixin/injection/callback/CallbackInfo;)V has 0 override(s) in child classes
[06Aug2026 12:15:07.957] [main/DEBUG] [mixin/]: create.mixins.json:MapItemSavedDataMixin from mod create->@Inject::create$onCheckBanners(Lnet/minecraft/world/level/BlockGetter;IILorg/spongepowered/asm/mixin/injection/callback/CallbackInfo;)V won't be passed a CallbackInfo as a result
[06Aug2026 12:15:08.181] [main/DEBUG] [mixin/]: Mixing command.ExecuteCommandMixin from sable.mixins.json into net.minecraft.server.commands.ExecuteCommand
[06Aug2026 12:15:08.181] [main/DEBUG] [mixin/]: Renaming synthetic method lambda$sable$then$2(Lcom/mojang/brigadier/context/CommandContext;)Ljava/util/Collection; to mdb5b860$sable$lambda$sable$then$2$0 in sable.mixins.json:command.ExecuteCommandMixin from mod sable
[06Aug2026 12:15:08.181] [main/DEBUG] [mixin/]: Renaming synthetic method lambda$sable$then$1(Lcom/mojang/brigadier/context/CommandContext;)Ljava/util/Collection; to mdb5b860$sable$lambda$sable$then$1$1 in sable.mixins.json:command.ExecuteCommandMixin from mod sable
[06Aug2026 12:15:08.181] [main/DEBUG] [mixin/]: Renaming synthetic method lambda$sable$then$0(Lcom/mojang/brigadier/context/CommandContext;)Ljava/util/Collection; to mdb5b860$sable$lambda$sable$then$0$2 in sable.mixins.json:command.ExecuteCommandMixin from mod sable
[06Aug2026 12:15:08.206] [main/DEBUG] [mixin/]: Mixing command.DataCommandsMixin from sable.mixins.json into net.minecraft.server.commands.data.DataCommands
[06Aug2026 12:15:08.348] [main/DEBUG] [mixin/]: Mixing game_test.TestCommandMixin from sable.mixins.json into net.minecraft.gametest.framework.TestCommand
[06Aug2026 12:15:08.349] [main/DEBUG] [mixin/]: sable.mixins.json:game_test.TestCommandMixin from mod sable->@Inject::resetGameTestInfo(Lnet/minecraft/gametest/framework/GameTestInfo;Lorg/spongepowered/asm/mixin/injection/callback/CallbackInfoReturnable;)V doesn't use it's CallbackInfoReturnable
[06Aug2026 12:15:08.394] [main/WARN] [net.minecraft.commands.Commands/]: Ambiguity between arguments [teleport, location] and [teleport, destination] with inputs: [0.1 -0.5 .9, 0 0 0]
[06Aug2026 12:15:08.395] [main/WARN] [net.minecraft.commands.Commands/]: Ambiguity between arguments [teleport, location] and [teleport, targets] with inputs: [0.1 -0.5 .9, 0 0 0]
[06Aug2026 12:15:08.398] [main/WARN] [net.minecraft.commands.Commands/]: Ambiguity between arguments [teleport, destination] and [teleport, targets] with inputs: [Player, 0123, @e, dd12be42-52a9-4a91-a8a1-11c01849e498]
[06Aug2026 12:15:08.399] [main/WARN] [net.minecraft.commands.Commands/]: Ambiguity between arguments [teleport, targets] and [teleport, destination] with inputs: [Player, 0123, dd12be42-52a9-4a91-a8a1-11c01849e498]
[06Aug2026 12:15:08.400] [main/WARN] [net.minecraft.commands.Commands/]: Ambiguity between arguments [teleport, targets, location] and [teleport, targets, destination] with inputs: [0.1 -0.5 .9, 0 0 0]
[06Aug2026 12:15:08.411] [Render thread/DEBUG] [mixin/]: Mixing client.PipelineRenderSystemMixin from veil.pipeline.mixins.json into com.mojang.blaze3d.systems.RenderSystem
[06Aug2026 12:15:08.412] [Render thread/DEBUG] [mixin/]: Mixing RenderSystemMixin from flywheel.backend.mixins.json into com.mojang.blaze3d.systems.RenderSystem
[06Aug2026 12:15:08.412] [Render thread/DEBUG] [mixin/]: Mixing client.accessor.RenderSystemAccessor from ponder-common.mixins.json into com.mojang.blaze3d.systems.RenderSystem
[06Aug2026 12:15:08.412] [Render thread/DEBUG] [mixin/]: ponder-common.mixins.json:client.accessor.RenderSystemAccessor from mod ponder: Class version 65 required is higher than the class version supported by the current version of Mixin (JAVA_17 supports class version 61)
[06Aug2026 12:15:08.412] [Render thread/DEBUG] [mixin/]: Renaming @Accessor method catnip$getShaderLightDirections()[Lorg/joml/Vector3f; to catnip$getShaderLightDirections$ponder_$md$b5b860$0 in ponder-common.mixins.json:client.accessor.RenderSystemAccessor from mod ponder
[06Aug2026 12:15:08.414] [Render thread/DEBUG] [mixin/]: veil.pipeline.mixins.json:client.PipelineRenderSystemMixin from mod veil->@Inject::setShader(Ljava/util/function/Supplier;Lorg/spongepowered/asm/mixin/injection/callback/CallbackInfo;)V doesn't use it's CallbackInfo
[06Aug2026 12:15:08.414] [Render thread/DEBUG] [mixin/]: veil.pipeline.mixins.json:client.PipelineRenderSystemMixin from mod veil->@Inject::setShaderLights(Lorg/joml/Vector3f;Lorg/joml/Vector3f;Lorg/spongepowered/asm/mixin/injection/callback/CallbackInfo;)V doesn't use it's CallbackInfo
[06Aug2026 12:15:08.414] [Render thread/DEBUG] [mixin/]: flywheel.backend.mixins.json:RenderSystemMixin from mod flywheel->@Inject::flywheel$onInitRenderer(Lorg/spongepowered/asm/mixin/injection/callback/CallbackInfo;)V doesn't use it's CallbackInfo
[06Aug2026 12:15:08.414] [Render thread/DEBUG] [mixin/]: flywheel.backend.mixins.json:RenderSystemMixin from mod flywheel->@Inject::flywheel$onSetFogStart(Lorg/spongepowered/asm/mixin/injection/callback/CallbackInfo;)V doesn't use it's CallbackInfo
[06Aug2026 12:15:08.414] [Render thread/DEBUG] [mixin/]: flywheel.backend.mixins.json:RenderSystemMixin from mod flywheel->@Inject::flywheel$onSetFogEnd(Lorg/spongepowered/asm/mixin/injection/callback/CallbackInfo;)V doesn't use it's CallbackInfo
[06Aug2026 12:15:08.414] [Render thread/DEBUG] [mixin/]: flywheel.backend.mixins.json:RenderSystemMixin from mod flywheel->@Inject::flywheel$onSetFogShape(Lorg/spongepowered/asm/mixin/injection/callback/CallbackInfo;)V doesn't use it's CallbackInfo
[06Aug2026 12:15:08.414] [Render thread/DEBUG] [mixin/]: flywheel.backend.mixins.json:RenderSystemMixin from mod flywheel->@Inject::flywheel$onSetFogColor(Lorg/spongepowered/asm/mixin/injection/callback/CallbackInfo;)V doesn't use it's CallbackInfo
[06Aug2026 12:15:08.420] [Render thread/DEBUG] [mixin/]: Mixing client.DebugAutoStorageIndexBufferMixin from veil.debug.mixins.json into com.mojang.blaze3d.systems.RenderSystem$AutoStorageIndexBuffer
[06Aug2026 12:15:08.420] [Render thread/DEBUG] [mixin/]: Mixing client.PipelineAutoStorageIndexBufferMixin from veil.pipeline.mixins.json into com.mojang.blaze3d.systems.RenderSystem$AutoStorageIndexBuffer
[06Aug2026 12:15:08.422] [Render thread/DEBUG] [mixin/]: veil.debug.mixins.json:client.DebugAutoStorageIndexBufferMixin from mod veil->@Inject::nameBuffer(Lorg/spongepowered/asm/mixin/injection/callback/CallbackInfo;)V doesn't use it's CallbackInfo
[06Aug2026 12:15:08.428] [Render thread/DEBUG] [mixin/]: Mixing accessor.FramebufferRenderTargetAccessor from veil.framebuffer.mixins.json into com.mojang.blaze3d.pipeline.RenderTarget
[06Aug2026 12:15:08.428] [Render thread/DEBUG] [mixin/]: Mixing client.PerformanceRenderTargetMixin from veil.performance.mixins.json into com.mojang.blaze3d.pipeline.RenderTarget
[06Aug2026 12:15:08.435] [Render thread/DEBUG] [mixin/]: Mixing client.PipelineRenderTargetMixin from veil.pipeline.mixins.json into com.mojang.blaze3d.pipeline.RenderTarget
[06Aug2026 12:15:08.446] [Render thread/DEBUG] [mixin/]: veil.performance.mixins.json:client.PerformanceRenderTargetMixin from mod veil->@Inject::copyDepthFrom(Lcom/mojang/blaze3d/pipeline/RenderTarget;Lorg/spongepowered/asm/mixin/injection/callback/CallbackInfo;)V does use it's CallbackInfo
[06Aug2026 12:15:08.446] [Render thread/DEBUG] [mixin/]: veil.performance.mixins.json:client.PerformanceRenderTargetMixin from mod veil->@Inject::clear(ZLorg/spongepowered/asm/mixin/injection/callback/CallbackInfo;)V does use it's CallbackInfo
[06Aug2026 12:15:08.446] [Render thread/DEBUG] [mixin/]: veil.performance.mixins.json:client.PerformanceRenderTargetMixin from mod veil->@Inject::_blitToScreen(IIZLorg/spongepowered/asm/mixin/injection/callback/CallbackInfo;)V does use it's CallbackInfo
[06Aug2026 12:15:08.446] [Render thread/DEBUG] [mixin/]: veil.pipeline.mixins.json:client.PipelineRenderTargetMixin from mod veil->@Inject::destroyBuffers(Lorg/spongepowered/asm/mixin/injection/callback/CallbackInfo;)V doesn't use it's CallbackInfo
[06Aug2026 12:15:08.446] [Render thread/DEBUG] [mixin/]: veil.pipeline.mixins.json:client.PipelineRenderTargetMixin from mod veil->@Inject::destroyBuffers(Lorg/spongepowered/asm/mixin/injection/callback/CallbackInfo;)V has 0 override(s) in child classes
[06Aug2026 12:15:08.446] [Render thread/DEBUG] [mixin/]: veil.pipeline.mixins.json:client.PipelineRenderTargetMixin from mod veil->@Inject::destroyBuffers(Lorg/spongepowered/asm/mixin/injection/callback/CallbackInfo;)V won't be passed a CallbackInfo as a result
[06Aug2026 12:15:08.446] [Render thread/DEBUG] [mixin/]: veil.pipeline.mixins.json:client.PipelineRenderTargetMixin from mod veil->@Inject::createBuffers(Lorg/spongepowered/asm/mixin/injection/callback/CallbackInfo;)V doesn't use it's CallbackInfo
[06Aug2026 12:15:08.446] [Render thread/DEBUG] [mixin/]: veil.pipeline.mixins.json:client.PipelineRenderTargetMixin from mod veil->@Inject::createBuffers(Lorg/spongepowered/asm/mixin/injection/callback/CallbackInfo;)V has 0 override(s) in child classes
[06Aug2026 12:15:08.446] [Render thread/DEBUG] [mixin/]: veil.pipeline.mixins.json:client.PipelineRenderTargetMixin from mod veil->@Inject::createBuffers(Lorg/spongepowered/asm/mixin/injection/callback/CallbackInfo;)V won't be passed a CallbackInfo as a result
[06Aug2026 12:15:08.446] [Render thread/DEBUG] [mixin/]: veil.pipeline.mixins.json:client.PipelineRenderTargetMixin from mod veil->@Inject::bindRead(Lorg/spongepowered/asm/mixin/injection/callback/CallbackInfo;)V does use it's CallbackInfo
[06Aug2026 12:15:08.446] [Render thread/DEBUG] [mixin/]: veil.pipeline.mixins.json:client.PipelineRenderTargetMixin from mod veil->@Inject::bindWrite(ZLorg/spongepowered/asm/mixin/injection/callback/CallbackInfo;)V does use it's CallbackInfo
[06Aug2026 12:15:08.446] [Render thread/DEBUG] [mixin/]: veil.pipeline.mixins.json:client.PipelineRenderTargetMixin from mod veil->@Inject::getColorTextureId(Lorg/spongepowered/asm/mixin/injection/callback/CallbackInfoReturnable;)V does use it's CallbackInfoReturnable
[06Aug2026 12:15:08.446] [Render thread/DEBUG] [mixin/]: veil.pipeline.mixins.json:client.PipelineRenderTargetMixin from mod veil->@Inject::getDepthTextureId(Lorg/spongepowered/asm/mixin/injection/callback/CallbackInfoReturnable;)V does use it's CallbackInfoReturnable
[06Aug2026 12:15:08.450] [Render thread/DEBUG] [mixin/]: Mixing client.accessor.ScreenAccessor from ponder-common.mixins.json into net.minecraft.client.gui.screens.Screen
[06Aug2026 12:15:08.450] [Render thread/DEBUG] [mixin/]: ponder-common.mixins.json:client.accessor.ScreenAccessor from mod ponder: Class version 65 required is higher than the class version supported by the current version of Mixin (JAVA_17 supports class version 61)
[06Aug2026 12:15:08.456] [Render thread/DEBUG] [mixin/]: Mixing client.NecromancerClientLevelMixin from veil.necromancer.mixins.json into net.minecraft.client.multiplayer.ClientLevel
[06Aug2026 12:15:08.457] [Render thread/DEBUG] [mixin/]: Mixing entity.entity_aabb_lookup.LevelsMixin from sable.mixins.json into net.minecraft.client.multiplayer.ClientLevel
[06Aug2026 12:15:08.457] [Render thread/DEBUG] [mixin/]: Mixing plot.LevelsMixin from sable.mixins.json into net.minecraft.client.multiplayer.ClientLevel
[06Aug2026 12:15:08.458] [Render thread/DEBUG] [mixin/]: Mixing water_occlusion.LevelsMixin from sable.mixins.json into net.minecraft.client.multiplayer.ClientLevel
[06Aug2026 12:15:08.458] [Render thread/DEBUG] [mixin/]: Mixing clip_overwrite.ClientLevelMixin from sable.mixins.json into net.minecraft.client.multiplayer.ClientLevel
[06Aug2026 12:15:08.459] [Render thread/DEBUG] [mixin/]: Mixing particle.ClientLevelMixin from sable.mixins.json into net.minecraft.client.multiplayer.ClientLevel
[06Aug2026 12:15:08.460] [Render thread/DEBUG] [mixin/]: Mixing sublevel_sounds.ClientLevelMixin from sable.mixins.json into net.minecraft.client.multiplayer.ClientLevel
[06Aug2026 12:15:08.460] [Render thread/DEBUG] [mixin/]: Mixing client.multimining_destruction_progress.ClientLevelAccessor from offroad.mixins.json into net.minecraft.client.multiplayer.ClientLevel
[06Aug2026 12:15:08.460] [Render thread/DEBUG] [mixin/]: offroad.mixins.json:client.multimining_destruction_progress.ClientLevelAccessor from mod offroad: Class version 65 required is higher than the class version supported by the current version of Mixin (JAVA_18 supports class version 62)
[06Aug2026 12:15:08.465] [Render thread/DEBUG] [mixin/]: veil.necromancer.mixins.json:client.NecromancerClientLevelMixin from mod veil->@Inject::addEntity(Lnet/minecraft/world/entity/Entity;Lorg/spongepowered/asm/mixin/injection/callback/CallbackInfo;)V doesn't use it's CallbackInfo
[06Aug2026 12:15:08.465] [Render thread/DEBUG] [mixin/]: veil.necromancer.mixins.json:client.NecromancerClientLevelMixin from mod veil->@Inject::addEntity(Lnet/minecraft/world/entity/Entity;Lorg/spongepowered/asm/mixin/injection/callback/CallbackInfo;)V has 0 override(s) in child classes
[06Aug2026 12:15:08.465] [Render thread/DEBUG] [mixin/]: veil.necromancer.mixins.json:client.NecromancerClientLevelMixin from mod veil->@Inject::addEntity(Lnet/minecraft/world/entity/Entity;Lorg/spongepowered/asm/mixin/injection/callback/CallbackInfo;)V won't be passed a CallbackInfo as a result
[06Aug2026 12:15:08.465] [Render thread/DEBUG] [mixin/]: sable.mixins.json:entity.entity_aabb_lookup.LevelsMixin from mod sable->@Inject::sable$postGetEntities(Lorg/spongepowered/asm/mixin/injection/callback/CallbackInfoReturnable;)V does use it's CallbackInfoReturnable
[06Aug2026 12:15:08.465] [Render thread/DEBUG] [mixin/]: sable.mixins.json:particle.ClientLevelMixin from mod sable->@Inject::sable$subLevelAnimateTick(IIILorg/spongepowered/asm/mixin/injection/callback/CallbackInfo;)V doesn't use it's CallbackInfo
[06Aug2026 12:15:08.465] [Render thread/DEBUG] [mixin/]: sable.mixins.json:particle.ClientLevelMixin from mod sable->@Inject::sable$subLevelAnimateTick(IIILorg/spongepowered/asm/mixin/injection/callback/CallbackInfo;)V has 0 override(s) in child classes
[06Aug2026 12:15:08.465] [Render thread/DEBUG] [mixin/]: sable.mixins.json:particle.ClientLevelMixin from mod sable->@Inject::sable$subLevelAnimateTick(IIILorg/spongepowered/asm/mixin/injection/callback/CallbackInfo;)V won't be passed a CallbackInfo as a result
[06Aug2026 12:15:08.470] [Render thread/DEBUG] [mixin/]: Mixing handle.LocalPlayerMixin from simulated.mixins.json into net.minecraft.client.player.LocalPlayer
[06Aug2026 12:15:08.471] [Render thread/DEBUG] [mixin/]: Mixing hold_interaction.LocalPlayerMixin from simulated.mixins.json into net.minecraft.client.player.LocalPlayer
[06Aug2026 12:15:08.471] [Render thread/DEBUG] [mixin/]: Mixing client.HeavyBootsOnPlayerMixin from create.mixins.json into net.minecraft.client.player.LocalPlayer
[06Aug2026 12:15:08.472] [Render thread/DEBUG] [mixin/]: Mixing entity.entities_stick_sublevels.effects.LocalPlayerMixin from sable.mixins.json into net.minecraft.client.player.LocalPlayer
[06Aug2026 12:15:08.472] [Render thread/DEBUG] [mixin/]: Mixing entity.entities_stick_sublevels.player.LocalPlayerMixin from sable.mixins.json into net.minecraft.client.player.LocalPlayer
[06Aug2026 12:15:08.473] [Render thread/DEBUG] [mixin/]: Mixing entity.entity_rotations_and_riding.LocalPlayerMixin from sable.mixins.json into net.minecraft.client.player.LocalPlayer
[06Aug2026 12:15:08.475] [Render thread/DEBUG] [mixin/]: Mixing player_freezing.LocalPlayerMixin from sable.mixins.json into net.minecraft.client.player.LocalPlayer
[06Aug2026 12:15:08.482] [Render thread/DEBUG] [mixin/]: simulated.mixins.json:handle.LocalPlayerMixin from mod simulated->@Inject::simulated$alwaysMovingSlowly(Lorg/spongepowered/asm/mixin/injection/callback/CallbackInfoReturnable;)V does use it's CallbackInfoReturnable
[06Aug2026 12:15:08.482] [Render thread/DEBUG] [mixin/]: simulated.mixins.json:hold_interaction.LocalPlayerMixin from mod simulated->@Inject::simulated$handlerShiftBlock(Lorg/spongepowered/asm/mixin/injection/callback/CallbackInfoReturnable;)V does use it's CallbackInfoReturnable
[06Aug2026 12:15:08.482] [Render thread/DEBUG] [mixin/]: create.mixins.json:client.HeavyBootsOnPlayerMixin from mod create->@Inject::create$noSwimmingWithHeavyBootsOn(Lorg/spongepowered/asm/mixin/injection/callback/CallbackInfoReturnable;)V does use it's CallbackInfoReturnable
[06Aug2026 12:15:08.482] [Render thread/DEBUG] [mixin/]: sable.mixins.json:entity.entities_stick_sublevels.effects.LocalPlayerMixin from mod sable->@Inject::sable$playSound(Lnet/minecraft/sounds/SoundEvent;FFLorg/spongepowered/asm/mixin/injection/callback/CallbackInfo;)V does use it's CallbackInfo
[06Aug2026 12:15:08.482] [Render thread/DEBUG] [mixin/]: sable.mixins.json:entity.entities_stick_sublevels.player.LocalPlayerMixin from mod sable->@Inject::sable$preSendPosition(Lorg/spongepowered/asm/mixin/injection/callback/CallbackInfo;)V doesn't use it's CallbackInfo
[06Aug2026 12:15:08.482] [Render thread/DEBUG] [mixin/]: sable.mixins.json:entity.entities_stick_sublevels.player.LocalPlayerMixin from mod sable->@Inject::sable$preSendPosition(Lorg/spongepowered/asm/mixin/injection/callback/CallbackInfo;)V has 0 override(s) in child classes
[06Aug2026 12:15:08.482] [Render thread/DEBUG] [mixin/]: sable.mixins.json:entity.entities_stick_sublevels.player.LocalPlayerMixin from mod sable->@Inject::sable$preSendPosition(Lorg/spongepowered/asm/mixin/injection/callback/CallbackInfo;)V won't be passed a CallbackInfo as a result
[06Aug2026 12:15:08.482] [Render thread/DEBUG] [mixin/]: sable.mixins.json:entity.entities_stick_sublevels.player.LocalPlayerMixin from mod sable->@Inject::sable$postSendPosition(Lorg/spongepowered/asm/mixin/injection/callback/CallbackInfo;)V doesn't use it's CallbackInfo
[06Aug2026 12:15:08.482] [Render thread/DEBUG] [mixin/]: sable.mixins.json:entity.entities_stick_sublevels.player.LocalPlayerMixin from mod sable->@Inject::sable$postSendPosition(Lorg/spongepowered/asm/mixin/injection/callback/CallbackInfo;)V has 0 override(s) in child classes
[06Aug2026 12:15:08.482] [Render thread/DEBUG] [mixin/]: sable.mixins.json:entity.entities_stick_sublevels.player.LocalPlayerMixin from mod sable->@Inject::sable$postSendPosition(Lorg/spongepowered/asm/mixin/injection/callback/CallbackInfo;)V won't be passed a CallbackInfo as a result
[06Aug2026 12:15:08.482] [Render thread/DEBUG] [mixin/]: sable.mixins.json:entity.entity_rotations_and_riding.LocalPlayerMixin from mod sable->@Inject::sable$onStartRiding(Lnet/minecraft/world/entity/Entity;ZLorg/spongepowered/asm/mixin/injection/callback/CallbackInfoReturnable;)V does use it's CallbackInfoReturnable
[06Aug2026 12:15:08.482] [Render thread/DEBUG] [mixin/]: sable.mixins.json:entity.entity_rotations_and_riding.LocalPlayerMixin from mod sable->@Inject::sable$onStartRiding(Lnet/minecraft/world/entity/Entity;ZLorg/spongepowered/asm/mixin/injection/callback/CallbackInfoReturnable;)V does use it's CallbackInfoReturnable
[06Aug2026 12:15:08.482] [Render thread/DEBUG] [mixin/]: sable.mixins.json:entity.entity_rotations_and_riding.LocalPlayerMixin from mod sable->@Inject::sable$onStopRiding(Lorg/spongepowered/asm/mixin/injection/callback/CallbackInfo;)V doesn't use it's CallbackInfo
[06Aug2026 12:15:08.482] [Render thread/DEBUG] [mixin/]: sable.mixins.json:entity.entity_rotations_and_riding.LocalPlayerMixin from mod sable->@Inject::sable$onStopRiding(Lorg/spongepowered/asm/mixin/injection/callback/CallbackInfo;)V has 0 override(s) in child classes
[06Aug2026 12:15:08.482] [Render thread/DEBUG] [mixin/]: sable.mixins.json:entity.entity_rotations_and_riding.LocalPlayerMixin from mod sable->@Inject::sable$onStopRiding(Lorg/spongepowered/asm/mixin/injection/callback/CallbackInfo;)V won't be passed a CallbackInfo as a result
[06Aug2026 12:15:08.487] [Render thread/DEBUG] [mixin/]: Mixing AbstractClientPlayerAccessor from flywheel.backend.mixins.json into net.minecraft.client.player.AbstractClientPlayer
[06Aug2026 12:15:08.496] [Render thread/DEBUG] [mixin/]: Mixing accessor.CreativeModeInventoryScreenAccessor from simulated.mixins.json into net.minecraft.client.gui.screens.inventory.AbstractContainerScreen
[06Aug2026 12:15:08.503] [Render thread/DEBUG] [mixin/]: Mixing accessor.TimerAccessor from ponder-common.mixins.json into net.minecraft.client.DeltaTracker$Timer
[06Aug2026 12:15:08.503] [Render thread/DEBUG] [mixin/]: ponder-common.mixins.json:accessor.TimerAccessor from mod ponder: Class version 65 required is higher than the class version supported by the current version of Mixin (JAVA_17 supports class version 61)
[06Aug2026 12:15:08.503] [Render thread/DEBUG] [mixin/]: Mixing accessor.TimerAccessor from create.mixins.json into net.minecraft.client.DeltaTracker$Timer
[06Aug2026 12:15:08.555] [Render thread/DEBUG] [mixin/]: Mixing ResourceVanillaPackResourcesMixin from veil.resource.mixins.json into net.minecraft.server.packs.VanillaPackResources
[06Aug2026 12:15:08.561] [Render thread/WARN] [net.minecraft.server.packs.VanillaPackResourcesBuilder/]: Assets URL 'union:/home/tillman/Desktop/programmieren/minecraft/MODS/playerTracker/build/moddev/artifacts/neoforge-21.1.232.jar%23182!/assets/.mcassetsroot' uses unexpected schema
[06Aug2026 12:15:08.561] [Render thread/WARN] [net.minecraft.server.packs.VanillaPackResourcesBuilder/]: Assets URL 'union:/home/tillman/Desktop/programmieren/minecraft/MODS/playerTracker/build/moddev/artifacts/neoforge-21.1.232.jar%23182!/data/.mcassetsroot' uses unexpected schema
[06Aug2026 12:15:08.577] [Render thread/INFO] [com.mojang.authlib.yggdrasil.YggdrasilAuthenticationService/]: Environment: Environment[sessionHost=https://sessionserver.mojang.com, servicesHost=https://api.minecraftservices.com, name=PROD]
[06Aug2026 12:15:08.583] [Render thread/INFO] [net.minecraft.client.Minecraft/]: Setting user: Dev
[06Aug2026 12:15:08.584] [Render thread/DEBUG] [mixin/]: Mixing accessor.KeyMappingsAccessor from simulated.mixins.json into net.minecraft.client.KeyMapping
[06Aug2026 12:15:08.584] [Render thread/DEBUG] [mixin/]: Mixing hold_interaction.KeyMappingInvoker from simulated.mixins.json into net.minecraft.client.KeyMapping
[06Aug2026 12:15:08.588] [Render thread/DEBUG] [mixin/]: Mixing OptionsMixin from flywheel.backend.mixins.json into net.minecraft.client.Options
[06Aug2026 12:15:08.589] [Render thread/DEBUG] [mixin/]: flywheel.backend.mixins.json:OptionsMixin from mod flywheel->@Inject::flywheel$onLoad(Lorg/spongepowered/asm/mixin/injection/callback/CallbackInfo;)V doesn't use it's CallbackInfo
[06Aug2026 12:15:08.589] [Render thread/DEBUG] [mixin/]: flywheel.backend.mixins.json:OptionsMixin from mod flywheel->@Inject::flywheel$onLoad(Lorg/spongepowered/asm/mixin/injection/callback/CallbackInfo;)V has 0 override(s) in child classes
[06Aug2026 12:15:08.589] [Render thread/DEBUG] [mixin/]: flywheel.backend.mixins.json:OptionsMixin from mod flywheel->@Inject::flywheel$onLoad(Lorg/spongepowered/asm/mixin/injection/callback/CallbackInfo;)V won't be passed a CallbackInfo as a result
[06Aug2026 12:15:08.589] [Render thread/DEBUG] [mixin/]: flywheel.backend.mixins.json:OptionsMixin from mod flywheel->@Inject::flywheel$onSave(Lorg/spongepowered/asm/mixin/injection/callback/CallbackInfo;)V doesn't use it's CallbackInfo
[06Aug2026 12:15:08.589] [Render thread/DEBUG] [mixin/]: flywheel.backend.mixins.json:OptionsMixin from mod flywheel->@Inject::flywheel$onSave(Lorg/spongepowered/asm/mixin/injection/callback/CallbackInfo;)V has 0 override(s) in child classes
[06Aug2026 12:15:08.589] [Render thread/DEBUG] [mixin/]: flywheel.backend.mixins.json:OptionsMixin from mod flywheel->@Inject::flywheel$onSave(Lorg/spongepowered/asm/mixin/injection/callback/CallbackInfo;)V won't be passed a CallbackInfo as a result
[06Aug2026 12:15:08.627] [Render thread/DEBUG] [mixin/]: Mixing camera.new_camera_types.CameraTypeMixin from sable.mixins.json into net.minecraft.client.CameraType
[06Aug2026 12:15:08.627] [Render thread/DEBUG] [mixin/]: Renaming @Invoker method create(Ljava/lang/String;IZZ)Lnet/minecraft/client/CameraType; to create$sable_$md$b5b860$0 in sable.mixins.json:camera.new_camera_types.CameraTypeMixin from mod sable
[06Aug2026 12:15:08.655] [Render thread/INFO] [net.minecraft.client.Minecraft/]: Backend library: LWJGL version 3.3.3+5
[06Aug2026 12:15:08.656] [Render thread/DEBUG] [mixin/]: Mixing WindowMixin from veil.fix.mixins.json into com.mojang.blaze3d.platform.Window
[06Aug2026 12:15:08.657] [Render thread/DEBUG] [mixin/]: Mixing client.PipelineWindowMixin from veil.pipeline.mixins.json into com.mojang.blaze3d.platform.Window
[06Aug2026 12:15:08.680] [Render thread/DEBUG] [mixin/]: Mixing client.PipelineGlStateManagerMixin from veil.pipeline.mixins.json into com.mojang.blaze3d.platform.GlStateManager
[06Aug2026 12:15:08.681] [Render thread/DEBUG] [mixin/]: Mixing GlStateManagerMixin from flywheel.backend.mixins.json into com.mojang.blaze3d.platform.GlStateManager
[06Aug2026 12:15:08.689] [Render thread/DEBUG] [mixin/]: flywheel.backend.mixins.json:GlStateManagerMixin from mod flywheel->@Inject::flywheel$onBindBuffer(IILorg/spongepowered/asm/mixin/injection/callback/CallbackInfo;)V doesn't use it's CallbackInfo
[06Aug2026 12:15:08.689] [Render thread/DEBUG] [mixin/]: flywheel.backend.mixins.json:GlStateManagerMixin from mod flywheel->@Inject::flywheel$onBindVertexArray(ILorg/spongepowered/asm/mixin/injection/callback/CallbackInfo;)V doesn't use it's CallbackInfo
[06Aug2026 12:15:08.690] [Render thread/DEBUG] [mixin/]: flywheel.backend.mixins.json:GlStateManagerMixin from mod flywheel->@Inject::flywheel$onUseProgram(ILorg/spongepowered/asm/mixin/injection/callback/CallbackInfo;)V doesn't use it's CallbackInfo
[06Aug2026 12:15:08.690] [Render thread/DEBUG] [mixin/]: flywheel.backend.mixins.json:GlStateManagerMixin from mod flywheel->@Inject::flywheel$onSetupLevelDiffuseLighting(Lorg/joml/Vector3f;Lorg/joml/Vector3f;Lorg/joml/Matrix4f;Lorg/spongepowered/asm/mixin/injection/callback/CallbackInfo;)V doesn't use it's CallbackInfo
[06Aug2026 12:15:08.701] [Render thread/DEBUG] [mixin/]: Mixing resources.PathPackResourcesMixin from veil.neoforge.mixins.json into net.minecraft.server.packs.PathPackResources
[06Aug2026 12:15:08.707] [Render thread/DEBUG] [mixin/]: Mixing NativeImageMixin from veil.fix.mixins.json into com.mojang.blaze3d.platform.NativeImage
[06Aug2026 12:15:08.707] [Render thread/DEBUG] [mixin/]: Mixing accessor.PipelineNativeImageAccessor from veil.pipeline.mixins.json into com.mojang.blaze3d.platform.NativeImage
[06Aug2026 12:15:08.717] [Render thread/DEBUG] [mixin/]: Mixing hold_interaction.MouseHandlerMixin from simulated.mixins.json into net.minecraft.client.MouseHandler
[06Aug2026 12:15:08.717] [Render thread/DEBUG] [mixin/]: Mixing accessor.MouseHandlerAccessor from create.mixins.json into net.minecraft.client.MouseHandler
[06Aug2026 12:15:08.718] [Render thread/DEBUG] [mixin/]: Mixing camera.camera_zoom.MouseHandlerMixin from sable.mixins.json into net.minecraft.client.MouseHandler
[06Aug2026 12:15:08.723] [Render thread/DEBUG] [mixin/]: simulated.mixins.json:hold_interaction.MouseHandlerMixin from mod simulated->@Inject::simulated$turnPlayer(DLorg/spongepowered/asm/mixin/injection/callback/CallbackInfo;)V does use it's CallbackInfo
[06Aug2026 12:15:08.723] [Render thread/DEBUG] [mixin/]: simulated.mixins.json:hold_interaction.MouseHandlerMixin from mod simulated->@Inject::simulated$preOnPress(JIIILorg/spongepowered/asm/mixin/injection/callback/CallbackInfo;)V does use it's CallbackInfo
[06Aug2026 12:15:08.724] [Render thread/DEBUG] [mixin/]: simulated.mixins.json:hold_interaction.MouseHandlerMixin from mod simulated->@Inject::simulated$preOnScroll(JDDLorg/spongepowered/asm/mixin/injection/callback/CallbackInfo;)V does use it's CallbackInfo
[06Aug2026 12:15:08.727] [Render thread/DEBUG] [mixin/]: Mixing client.DebugKeyboardHandlerMixin from veil.debug.mixins.json into net.minecraft.client.KeyboardHandler
[06Aug2026 12:15:08.729] [Render thread/DEBUG] [mixin/]: Mixing hold_interaction.KeyboardHandlerMixin from simulated.mixins.json into net.minecraft.client.KeyboardHandler
[06Aug2026 12:15:08.731] [Render thread/DEBUG] [mixin/]: veil.debug.mixins.json:client.DebugKeyboardHandlerMixin from mod veil->@Inject::handleChunkDebugKeys(ILorg/spongepowered/asm/mixin/injection/callback/CallbackInfoReturnable;)V does use it's CallbackInfoReturnable
[06Aug2026 12:15:08.731] [Render thread/DEBUG] [mixin/]: veil.debug.mixins.json:client.DebugKeyboardHandlerMixin from mod veil->@Inject::printChunkDebugKeys(ILorg/spongepowered/asm/mixin/injection/callback/CallbackInfoReturnable;)V doesn't use it's CallbackInfoReturnable
[06Aug2026 12:15:08.731] [Render thread/DEBUG] [mixin/]: veil.debug.mixins.json:client.DebugKeyboardHandlerMixin from mod veil->@Inject::printChunkDebugKeys(ILorg/spongepowered/asm/mixin/injection/callback/CallbackInfoReturnable;)V has 0 override(s) in child classes
[06Aug2026 12:15:08.731] [Render thread/DEBUG] [mixin/]: veil.debug.mixins.json:client.DebugKeyboardHandlerMixin from mod veil->@Inject::printChunkDebugKeys(ILorg/spongepowered/asm/mixin/injection/callback/CallbackInfoReturnable;)V won't be passed a CallbackInfoReturnable as a result
[06Aug2026 12:15:08.731] [Render thread/DEBUG] [mixin/]: veil.debug.mixins.json:client.DebugKeyboardHandlerMixin from mod veil->@Inject::printChunkDebugKeys(ILorg/spongepowered/asm/mixin/injection/callback/CallbackInfoReturnable;)V doesn't use it's CallbackInfoReturnable
[06Aug2026 12:15:08.731] [Render thread/DEBUG] [mixin/]: veil.debug.mixins.json:client.DebugKeyboardHandlerMixin from mod veil->@Inject::printChunkDebugKeys(ILorg/spongepowered/asm/mixin/injection/callback/CallbackInfoReturnable;)V has 0 override(s) in child classes
[06Aug2026 12:15:08.731] [Render thread/DEBUG] [mixin/]: veil.debug.mixins.json:client.DebugKeyboardHandlerMixin from mod veil->@Inject::printChunkDebugKeys(ILorg/spongepowered/asm/mixin/injection/callback/CallbackInfoReturnable;)V won't be passed a CallbackInfoReturnable as a result
[06Aug2026 12:15:08.731] [Render thread/DEBUG] [mixin/]: veil.debug.mixins.json:client.DebugKeyboardHandlerMixin from mod veil->@Inject::printChunkDebugKeys(ILorg/spongepowered/asm/mixin/injection/callback/CallbackInfoReturnable;)V doesn't use it's CallbackInfoReturnable
[06Aug2026 12:15:08.731] [Render thread/DEBUG] [mixin/]: veil.debug.mixins.json:client.DebugKeyboardHandlerMixin from mod veil->@Inject::printChunkDebugKeys(ILorg/spongepowered/asm/mixin/injection/callback/CallbackInfoReturnable;)V has 0 override(s) in child classes
[06Aug2026 12:15:08.731] [Render thread/DEBUG] [mixin/]: veil.debug.mixins.json:client.DebugKeyboardHandlerMixin from mod veil->@Inject::printChunkDebugKeys(ILorg/spongepowered/asm/mixin/injection/callback/CallbackInfoReturnable;)V won't be passed a CallbackInfoReturnable as a result
[06Aug2026 12:15:08.731] [Render thread/DEBUG] [mixin/]: veil.debug.mixins.json:client.DebugKeyboardHandlerMixin from mod veil->@Inject::printChunkDebugKeys(ILorg/spongepowered/asm/mixin/injection/callback/CallbackInfoReturnable;)V doesn't use it's CallbackInfoReturnable
[06Aug2026 12:15:08.731] [Render thread/DEBUG] [mixin/]: veil.debug.mixins.json:client.DebugKeyboardHandlerMixin from mod veil->@Inject::printChunkDebugKeys(ILorg/spongepowered/asm/mixin/injection/callback/CallbackInfoReturnable;)V has 0 override(s) in child classes
[06Aug2026 12:15:08.731] [Render thread/DEBUG] [mixin/]: veil.debug.mixins.json:client.DebugKeyboardHandlerMixin from mod veil->@Inject::printChunkDebugKeys(ILorg/spongepowered/asm/mixin/injection/callback/CallbackInfoReturnable;)V won't be passed a CallbackInfoReturnable as a result
[06Aug2026 12:15:08.731] [Render thread/DEBUG] [mixin/]: veil.debug.mixins.json:client.DebugKeyboardHandlerMixin from mod veil->@Inject::printChunkDebugKeys(ILorg/spongepowered/asm/mixin/injection/callback/CallbackInfoReturnable;)V doesn't use it's CallbackInfoReturnable
[06Aug2026 12:15:08.731] [Render thread/DEBUG] [mixin/]: veil.debug.mixins.json:client.DebugKeyboardHandlerMixin from mod veil->@Inject::printChunkDebugKeys(ILorg/spongepowered/asm/mixin/injection/callback/CallbackInfoReturnable;)V has 0 override(s) in child classes
[06Aug2026 12:15:08.731] [Render thread/DEBUG] [mixin/]: veil.debug.mixins.json:client.DebugKeyboardHandlerMixin from mod veil->@Inject::printChunkDebugKeys(ILorg/spongepowered/asm/mixin/injection/callback/CallbackInfoReturnable;)V won't be passed a CallbackInfoReturnable as a result
[06Aug2026 12:15:08.731] [Render thread/DEBUG] [mixin/]: veil.debug.mixins.json:client.DebugKeyboardHandlerMixin from mod veil->@Inject::printChunkDebugKeys(ILorg/spongepowered/asm/mixin/injection/callback/CallbackInfoReturnable;)V doesn't use it's CallbackInfoReturnable
[06Aug2026 12:15:08.731] [Render thread/DEBUG] [mixin/]: veil.debug.mixins.json:client.DebugKeyboardHandlerMixin from mod veil->@Inject::printChunkDebugKeys(ILorg/spongepowered/asm/mixin/injection/callback/CallbackInfoReturnable;)V has 0 override(s) in child classes
[06Aug2026 12:15:08.732] [Render thread/DEBUG] [mixin/]: veil.debug.mixins.json:client.DebugKeyboardHandlerMixin from mod veil->@Inject::printChunkDebugKeys(ILorg/spongepowered/asm/mixin/injection/callback/CallbackInfoReturnable;)V won't be passed a CallbackInfoReturnable as a result
[06Aug2026 12:15:08.732] [Render thread/DEBUG] [mixin/]: veil.debug.mixins.json:client.DebugKeyboardHandlerMixin from mod veil->@Inject::printChunkDebugKeys(ILorg/spongepowered/asm/mixin/injection/callback/CallbackInfoReturnable;)V doesn't use it's CallbackInfoReturnable
[06Aug2026 12:15:08.732] [Render thread/DEBUG] [mixin/]: veil.debug.mixins.json:client.DebugKeyboardHandlerMixin from mod veil->@Inject::printChunkDebugKeys(ILorg/spongepowered/asm/mixin/injection/callback/CallbackInfoReturnable;)V has 0 override(s) in child classes
[06Aug2026 12:15:08.732] [Render thread/DEBUG] [mixin/]: veil.debug.mixins.json:client.DebugKeyboardHandlerMixin from mod veil->@Inject::printChunkDebugKeys(ILorg/spongepowered/asm/mixin/injection/callback/CallbackInfoReturnable;)V won't be passed a CallbackInfoReturnable as a result
[06Aug2026 12:15:08.732] [Render thread/DEBUG] [mixin/]: veil.debug.mixins.json:client.DebugKeyboardHandlerMixin from mod veil->@Inject::printChunkDebugKeys(ILorg/spongepowered/asm/mixin/injection/callback/CallbackInfoReturnable;)V doesn't use it's CallbackInfoReturnable
[06Aug2026 12:15:08.732] [Render thread/DEBUG] [mixin/]: veil.debug.mixins.json:client.DebugKeyboardHandlerMixin from mod veil->@Inject::printChunkDebugKeys(ILorg/spongepowered/asm/mixin/injection/callback/CallbackInfoReturnable;)V has 0 override(s) in child classes
[06Aug2026 12:15:08.732] [Render thread/DEBUG] [mixin/]: veil.debug.mixins.json:client.DebugKeyboardHandlerMixin from mod veil->@Inject::printChunkDebugKeys(ILorg/spongepowered/asm/mixin/injection/callback/CallbackInfoReturnable;)V won't be passed a CallbackInfoReturnable as a result
[06Aug2026 12:15:08.732] [Render thread/DEBUG] [mixin/]: veil.debug.mixins.json:client.DebugKeyboardHandlerMixin from mod veil->@Inject::printChunkDebugKeys(ILorg/spongepowered/asm/mixin/injection/callback/CallbackInfoReturnable;)V doesn't use it's CallbackInfoReturnable
[06Aug2026 12:15:08.732] [Render thread/DEBUG] [mixin/]: veil.debug.mixins.json:client.DebugKeyboardHandlerMixin from mod veil->@Inject::printChunkDebugKeys(ILorg/spongepowered/asm/mixin/injection/callback/CallbackInfoReturnable;)V has 0 override(s) in child classes
[06Aug2026 12:15:08.732] [Render thread/DEBUG] [mixin/]: veil.debug.mixins.json:client.DebugKeyboardHandlerMixin from mod veil->@Inject::printChunkDebugKeys(ILorg/spongepowered/asm/mixin/injection/callback/CallbackInfoReturnable;)V won't be passed a CallbackInfoReturnable as a result
[06Aug2026 12:15:08.732] [Render thread/DEBUG] [mixin/]: veil.debug.mixins.json:client.DebugKeyboardHandlerMixin from mod veil->@Inject::printChunkDebugKeys(ILorg/spongepowered/asm/mixin/injection/callback/CallbackInfoReturnable;)V doesn't use it's CallbackInfoReturnable
[06Aug2026 12:15:08.732] [Render thread/DEBUG] [mixin/]: veil.debug.mixins.json:client.DebugKeyboardHandlerMixin from mod veil->@Inject::printChunkDebugKeys(ILorg/spongepowered/asm/mixin/injection/callback/CallbackInfoReturnable;)V has 0 override(s) in child classes
[06Aug2026 12:15:08.732] [Render thread/DEBUG] [mixin/]: veil.debug.mixins.json:client.DebugKeyboardHandlerMixin from mod veil->@Inject::printChunkDebugKeys(ILorg/spongepowered/asm/mixin/injection/callback/CallbackInfoReturnable;)V won't be passed a CallbackInfoReturnable as a result
[06Aug2026 12:15:08.732] [Render thread/DEBUG] [mixin/]: veil.debug.mixins.json:client.DebugKeyboardHandlerMixin from mod veil->@Inject::printChunkDebugKeys(ILorg/spongepowered/asm/mixin/injection/callback/CallbackInfoReturnable;)V doesn't use it's CallbackInfoReturnable
[06Aug2026 12:15:08.732] [Render thread/DEBUG] [mixin/]: veil.debug.mixins.json:client.DebugKeyboardHandlerMixin from mod veil->@Inject::printChunkDebugKeys(ILorg/spongepowered/asm/mixin/injection/callback/CallbackInfoReturnable;)V has 0 override(s) in child classes
[06Aug2026 12:15:08.732] [Render thread/DEBUG] [mixin/]: veil.debug.mixins.json:client.DebugKeyboardHandlerMixin from mod veil->@Inject::printChunkDebugKeys(ILorg/spongepowered/asm/mixin/injection/callback/CallbackInfoReturnable;)V won't be passed a CallbackInfoReturnable as a result
[06Aug2026 12:15:08.732] [Render thread/DEBUG] [mixin/]: veil.debug.mixins.json:client.DebugKeyboardHandlerMixin from mod veil->@Inject::printChunkDebugKeys(ILorg/spongepowered/asm/mixin/injection/callback/CallbackInfoReturnable;)V doesn't use it's CallbackInfoReturnable
[06Aug2026 12:15:08.732] [Render thread/DEBUG] [mixin/]: veil.debug.mixins.json:client.DebugKeyboardHandlerMixin from mod veil->@Inject::printChunkDebugKeys(ILorg/spongepowered/asm/mixin/injection/callback/CallbackInfoReturnable;)V has 0 override(s) in child classes
[06Aug2026 12:15:08.732] [Render thread/DEBUG] [mixin/]: veil.debug.mixins.json:client.DebugKeyboardHandlerMixin from mod veil->@Inject::printChunkDebugKeys(ILorg/spongepowered/asm/mixin/injection/callback/CallbackInfoReturnable;)V won't be passed a CallbackInfoReturnable as a result
[06Aug2026 12:15:08.732] [Render thread/DEBUG] [mixin/]: veil.debug.mixins.json:client.DebugKeyboardHandlerMixin from mod veil->@Inject::printChunkDebugKeys(ILorg/spongepowered/asm/mixin/injection/callback/CallbackInfoReturnable;)V doesn't use it's CallbackInfoReturnable
[06Aug2026 12:15:08.733] [Render thread/DEBUG] [mixin/]: veil.debug.mixins.json:client.DebugKeyboardHandlerMixin from mod veil->@Inject::printChunkDebugKeys(ILorg/spongepowered/asm/mixin/injection/callback/CallbackInfoReturnable;)V has 0 override(s) in child classes
[06Aug2026 12:15:08.733] [Render thread/DEBUG] [mixin/]: veil.debug.mixins.json:client.DebugKeyboardHandlerMixin from mod veil->@Inject::printChunkDebugKeys(ILorg/spongepowered/asm/mixin/injection/callback/CallbackInfoReturnable;)V won't be passed a CallbackInfoReturnable as a result
[06Aug2026 12:15:08.733] [Render thread/DEBUG] [mixin/]: veil.debug.mixins.json:client.DebugKeyboardHandlerMixin from mod veil->@Inject::printChunkDebugKeys(ILorg/spongepowered/asm/mixin/injection/callback/CallbackInfoReturnable;)V doesn't use it's CallbackInfoReturnable
[06Aug2026 12:15:08.733] [Render thread/DEBUG] [mixin/]: veil.debug.mixins.json:client.DebugKeyboardHandlerMixin from mod veil->@Inject::printChunkDebugKeys(ILorg/spongepowered/asm/mixin/injection/callback/CallbackInfoReturnable;)V has 0 override(s) in child classes
[06Aug2026 12:15:08.733] [Render thread/DEBUG] [mixin/]: veil.debug.mixins.json:client.DebugKeyboardHandlerMixin from mod veil->@Inject::printChunkDebugKeys(ILorg/spongepowered/asm/mixin/injection/callback/CallbackInfoReturnable;)V won't be passed a CallbackInfoReturnable as a result
[06Aug2026 12:15:08.733] [Render thread/DEBUG] [mixin/]: veil.debug.mixins.json:client.DebugKeyboardHandlerMixin from mod veil->@Inject::printChunkDebugKeys(ILorg/spongepowered/asm/mixin/injection/callback/CallbackInfoReturnable;)V doesn't use it's CallbackInfoReturnable
[06Aug2026 12:15:08.733] [Render thread/DEBUG] [mixin/]: veil.debug.mixins.json:client.DebugKeyboardHandlerMixin from mod veil->@Inject::printChunkDebugKeys(ILorg/spongepowered/asm/mixin/injection/callback/CallbackInfoReturnable;)V has 0 override(s) in child classes
[06Aug2026 12:15:08.733] [Render thread/DEBUG] [mixin/]: veil.debug.mixins.json:client.DebugKeyboardHandlerMixin from mod veil->@Inject::printChunkDebugKeys(ILorg/spongepowered/asm/mixin/injection/callback/CallbackInfoReturnable;)V won't be passed a CallbackInfoReturnable as a result
[06Aug2026 12:15:08.733] [Render thread/DEBUG] [mixin/]: veil.debug.mixins.json:client.DebugKeyboardHandlerMixin from mod veil->@Inject::printChunkDebugKeys(ILorg/spongepowered/asm/mixin/injection/callback/CallbackInfoReturnable;)V doesn't use it's CallbackInfoReturnable
[06Aug2026 12:15:08.733] [Render thread/DEBUG] [mixin/]: veil.debug.mixins.json:client.DebugKeyboardHandlerMixin from mod veil->@Inject::printChunkDebugKeys(ILorg/spongepowered/asm/mixin/injection/callback/CallbackInfoReturnable;)V has 0 override(s) in child classes
[06Aug2026 12:15:08.733] [Render thread/DEBUG] [mixin/]: veil.debug.mixins.json:client.DebugKeyboardHandlerMixin from mod veil->@Inject::printChunkDebugKeys(ILorg/spongepowered/asm/mixin/injection/callback/CallbackInfoReturnable;)V won't be passed a CallbackInfoReturnable as a result
[06Aug2026 12:15:08.733] [Render thread/DEBUG] [mixin/]: veil.debug.mixins.json:client.DebugKeyboardHandlerMixin from mod veil->@Inject::printChunkDebugKeys(ILorg/spongepowered/asm/mixin/injection/callback/CallbackInfoReturnable;)V doesn't use it's CallbackInfoReturnable
[06Aug2026 12:15:08.733] [Render thread/DEBUG] [mixin/]: veil.debug.mixins.json:client.DebugKeyboardHandlerMixin from mod veil->@Inject::printChunkDebugKeys(ILorg/spongepowered/asm/mixin/injection/callback/CallbackInfoReturnable;)V has 0 override(s) in child classes
[06Aug2026 12:15:08.733] [Render thread/DEBUG] [mixin/]: veil.debug.mixins.json:client.DebugKeyboardHandlerMixin from mod veil->@Inject::printChunkDebugKeys(ILorg/spongepowered/asm/mixin/injection/callback/CallbackInfoReturnable;)V won't be passed a CallbackInfoReturnable as a result
[06Aug2026 12:15:08.733] [Render thread/DEBUG] [mixin/]: veil.debug.mixins.json:client.DebugKeyboardHandlerMixin from mod veil->@Inject::printChunkDebugKeys(ILorg/spongepowered/asm/mixin/injection/callback/CallbackInfoReturnable;)V doesn't use it's CallbackInfoReturnable
[06Aug2026 12:15:08.733] [Render thread/DEBUG] [mixin/]: veil.debug.mixins.json:client.DebugKeyboardHandlerMixin from mod veil->@Inject::printChunkDebugKeys(ILorg/spongepowered/asm/mixin/injection/callback/CallbackInfoReturnable;)V has 0 override(s) in child classes
[06Aug2026 12:15:08.733] [Render thread/DEBUG] [mixin/]: veil.debug.mixins.json:client.DebugKeyboardHandlerMixin from mod veil->@Inject::printChunkDebugKeys(ILorg/spongepowered/asm/mixin/injection/callback/CallbackInfoReturnable;)V won't be passed a CallbackInfoReturnable as a result
[06Aug2026 12:15:08.733] [Render thread/DEBUG] [mixin/]: veil.debug.mixins.json:client.DebugKeyboardHandlerMixin from mod veil->@Inject::printChunkDebugKeys(ILorg/spongepowered/asm/mixin/injection/callback/CallbackInfoReturnable;)V doesn't use it's CallbackInfoReturnable
[06Aug2026 12:15:08.733] [Render thread/DEBUG] [mixin/]: veil.debug.mixins.json:client.DebugKeyboardHandlerMixin from mod veil->@Inject::printChunkDebugKeys(ILorg/spongepowered/asm/mixin/injection/callback/CallbackInfoReturnable;)V has 0 override(s) in child classes
[06Aug2026 12:15:08.733] [Render thread/DEBUG] [mixin/]: veil.debug.mixins.json:client.DebugKeyboardHandlerMixin from mod veil->@Inject::printChunkDebugKeys(ILorg/spongepowered/asm/mixin/injection/callback/CallbackInfoReturnable;)V won't be passed a CallbackInfoReturnable as a result
[06Aug2026 12:15:08.733] [Render thread/DEBUG] [mixin/]: veil.debug.mixins.json:client.DebugKeyboardHandlerMixin from mod veil->@Inject::printChunkDebugKeys(ILorg/spongepowered/asm/mixin/injection/callback/CallbackInfoReturnable;)V doesn't use it's CallbackInfoReturnable
[06Aug2026 12:15:08.733] [Render thread/DEBUG] [mixin/]: veil.debug.mixins.json:client.DebugKeyboardHandlerMixin from mod veil->@Inject::printChunkDebugKeys(ILorg/spongepowered/asm/mixin/injection/callback/CallbackInfoReturnable;)V has 0 override(s) in child classes
[06Aug2026 12:15:08.733] [Render thread/DEBUG] [mixin/]: veil.debug.mixins.json:client.DebugKeyboardHandlerMixin from mod veil->@Inject::printChunkDebugKeys(ILorg/spongepowered/asm/mixin/injection/callback/CallbackInfoReturnable;)V won't be passed a CallbackInfoReturnable as a result
[06Aug2026 12:15:08.733] [Render thread/DEBUG] [mixin/]: veil.debug.mixins.json:client.DebugKeyboardHandlerMixin from mod veil->@Inject::printChunkDebugKeys(ILorg/spongepowered/asm/mixin/injection/callback/CallbackInfoReturnable;)V doesn't use it's CallbackInfoReturnable
[06Aug2026 12:15:08.733] [Render thread/DEBUG] [mixin/]: veil.debug.mixins.json:client.DebugKeyboardHandlerMixin from mod veil->@Inject::printChunkDebugKeys(ILorg/spongepowered/asm/mixin/injection/callback/CallbackInfoReturnable;)V has 0 override(s) in child classes
[06Aug2026 12:15:08.733] [Render thread/DEBUG] [mixin/]: veil.debug.mixins.json:client.DebugKeyboardHandlerMixin from mod veil->@Inject::printChunkDebugKeys(ILorg/spongepowered/asm/mixin/injection/callback/CallbackInfoReturnable;)V won't be passed a CallbackInfoReturnable as a result
[06Aug2026 12:15:08.733] [Render thread/DEBUG] [mixin/]: simulated.mixins.json:hold_interaction.KeyboardHandlerMixin from mod simulated->@Inject::simulated$preOnPress(JIIIILorg/spongepowered/asm/mixin/injection/callback/CallbackInfo;)V does use it's CallbackInfo
[06Aug2026 12:15:08.742] [Render thread/DEBUG] [oshi.util.FileUtil/]: Reading file /sys/devices/system/cpu/cpu0/topology/core_id
[06Aug2026 12:15:08.742] [Render thread/DEBUG] [oshi.util.FileUtil/]: Reading file /sys/devices/system/cpu/cpu0/topology/core_id
[06Aug2026 12:15:08.742] [Render thread/DEBUG] [oshi.util.FileUtil/]: Reading file /sys/devices/system/cpu/cpu0/topology/physical_package_id
[06Aug2026 12:15:08.742] [Render thread/DEBUG] [oshi.util.FileUtil/]: Reading file /sys/devices/system/cpu/cpu0/topology/physical_package_id
[06Aug2026 12:15:08.742] [Render thread/DEBUG] [oshi.util.FileUtil/]: Reading file /sys/devices/system/cpu/cpu0/cpu_capacity
[06Aug2026 12:15:08.742] [Render thread/DEBUG] [oshi.util.FileUtil/]: Reading file /sys/devices/system/cpu/cpu0/cpu_capacity
[06Aug2026 12:15:08.742] [Render thread/DEBUG] [oshi.util.FileUtil/]: Reading file /sys/devices/system/cpu/cpu0/cache/index2/level
[06Aug2026 12:15:08.742] [Render thread/DEBUG] [oshi.util.FileUtil/]: Reading file /sys/devices/system/cpu/cpu0/cache/index2/level
[06Aug2026 12:15:08.742] [Render thread/DEBUG] [oshi.util.FileUtil/]: Reading file /sys/devices/system/cpu/cpu0/cache/index2/type
[06Aug2026 12:15:08.742] [Render thread/DEBUG] [oshi.util.FileUtil/]: Reading file /sys/devices/system/cpu/cpu0/cache/index2/type
[06Aug2026 12:15:08.742] [Render thread/DEBUG] [oshi.util.FileUtil/]: Reading file /sys/devices/system/cpu/cpu0/cache/index2/ways_of_associativity
[06Aug2026 12:15:08.742] [Render thread/DEBUG] [oshi.util.FileUtil/]: Reading file /sys/devices/system/cpu/cpu0/cache/index2/ways_of_associativity
[06Aug2026 12:15:08.742] [Render thread/DEBUG] [oshi.util.FileUtil/]: Reading file /sys/devices/system/cpu/cpu0/cache/index2/coherency_line_size
[06Aug2026 12:15:08.742] [Render thread/DEBUG] [oshi.util.FileUtil/]: Reading file /sys/devices/system/cpu/cpu0/cache/index2/coherency_line_size
[06Aug2026 12:15:08.742] [Render thread/DEBUG] [oshi.util.FileUtil/]: Reading file /sys/devices/system/cpu/cpu0/cache/index2/size
[06Aug2026 12:15:08.742] [Render thread/DEBUG] [oshi.util.FileUtil/]: Reading file /sys/devices/system/cpu/cpu0/cache/index2/size
[06Aug2026 12:15:08.743] [Render thread/DEBUG] [oshi.util.FileUtil/]: Reading file /sys/devices/system/cpu/cpu0/cache/index0/level
[06Aug2026 12:15:08.743] [Render thread/DEBUG] [oshi.util.FileUtil/]: Reading file /sys/devices/system/cpu/cpu0/cache/index0/level
[06Aug2026 12:15:08.743] [Render thread/DEBUG] [oshi.util.FileUtil/]: Reading file /sys/devices/system/cpu/cpu0/cache/index0/type
[06Aug2026 12:15:08.743] [Render thread/DEBUG] [oshi.util.FileUtil/]: Reading file /sys/devices/system/cpu/cpu0/cache/index0/type
[06Aug2026 12:15:08.743] [Render thread/DEBUG] [oshi.util.FileUtil/]: Reading file /sys/devices/system/cpu/cpu0/cache/index0/ways_of_associativity
[06Aug2026 12:15:08.743] [Render thread/DEBUG] [oshi.util.FileUtil/]: Reading file /sys/devices/system/cpu/cpu0/cache/index0/ways_of_associativity
[06Aug2026 12:15:08.743] [Render thread/DEBUG] [oshi.util.FileUtil/]: Reading file /sys/devices/system/cpu/cpu0/cache/index0/coherency_line_size
[06Aug2026 12:15:08.743] [Render thread/DEBUG] [oshi.util.FileUtil/]: Reading file /sys/devices/system/cpu/cpu0/cache/index0/coherency_line_size
[06Aug2026 12:15:08.743] [Render thread/DEBUG] [oshi.util.FileUtil/]: Reading file /sys/devices/system/cpu/cpu0/cache/index0/size
[06Aug2026 12:15:08.743] [Render thread/DEBUG] [oshi.util.FileUtil/]: Reading file /sys/devices/system/cpu/cpu0/cache/index0/size
[06Aug2026 12:15:08.743] [Render thread/DEBUG] [oshi.util.FileUtil/]: Reading file /sys/devices/system/cpu/cpu0/cache/index3/level
[06Aug2026 12:15:08.743] [Render thread/DEBUG] [oshi.util.FileUtil/]: Reading file /sys/devices/system/cpu/cpu0/cache/index3/level
[06Aug2026 12:15:08.743] [Render thread/DEBUG] [oshi.util.FileUtil/]: Reading file /sys/devices/system/cpu/cpu0/cache/index3/type
[06Aug2026 12:15:08.743] [Render thread/DEBUG] [oshi.util.FileUtil/]: Reading file /sys/devices/system/cpu/cpu0/cache/index3/type
[06Aug2026 12:15:08.743] [Render thread/DEBUG] [oshi.util.FileUtil/]: Reading file /sys/devices/system/cpu/cpu0/cache/index3/ways_of_associativity
[06Aug2026 12:15:08.743] [Render thread/DEBUG] [oshi.util.FileUtil/]: Reading file /sys/devices/system/cpu/cpu0/cache/index3/ways_of_associativity
[06Aug2026 12:15:08.743] [Render thread/DEBUG] [oshi.util.FileUtil/]: Reading file /sys/devices/system/cpu/cpu0/cache/index3/coherency_line_size
[06Aug2026 12:15:08.743] [Render thread/DEBUG] [oshi.util.FileUtil/]: Reading file /sys/devices/system/cpu/cpu0/cache/index3/coherency_line_size
[06Aug2026 12:15:08.743] [Render thread/DEBUG] [oshi.util.FileUtil/]: Reading file /sys/devices/system/cpu/cpu0/cache/index3/size
[06Aug2026 12:15:08.743] [Render thread/DEBUG] [oshi.util.FileUtil/]: Reading file /sys/devices/system/cpu/cpu0/cache/index3/size
[06Aug2026 12:15:08.743] [Render thread/DEBUG] [oshi.util.FileUtil/]: Reading file /sys/devices/system/cpu/cpu0/cache/index1/level
[06Aug2026 12:15:08.743] [Render thread/DEBUG] [oshi.util.FileUtil/]: Reading file /sys/devices/system/cpu/cpu0/cache/index1/level
[06Aug2026 12:15:08.743] [Render thread/DEBUG] [oshi.util.FileUtil/]: Reading file /sys/devices/system/cpu/cpu0/cache/index1/type
[06Aug2026 12:15:08.743] [Render thread/DEBUG] [oshi.util.FileUtil/]: Reading file /sys/devices/system/cpu/cpu0/cache/index1/type
[06Aug2026 12:15:08.743] [Render thread/DEBUG] [oshi.util.FileUtil/]: Reading file /sys/devices/system/cpu/cpu0/cache/index1/ways_of_associativity
[06Aug2026 12:15:08.743] [Render thread/DEBUG] [oshi.util.FileUtil/]: Reading file /sys/devices/system/cpu/cpu0/cache/index1/ways_of_associativity
[06Aug2026 12:15:08.743] [Render thread/DEBUG] [oshi.util.FileUtil/]: Reading file /sys/devices/system/cpu/cpu0/cache/index1/coherency_line_size
[06Aug2026 12:15:08.744] [Render thread/DEBUG] [oshi.util.FileUtil/]: Reading file /sys/devices/system/cpu/cpu0/cache/index1/coherency_line_size
[06Aug2026 12:15:08.744] [Render thread/DEBUG] [oshi.util.FileUtil/]: Reading file /sys/devices/system/cpu/cpu0/cache/index1/size
[06Aug2026 12:15:08.744] [Render thread/DEBUG] [oshi.util.FileUtil/]: Reading file /sys/devices/system/cpu/cpu0/cache/index1/size
[06Aug2026 12:15:08.744] [Render thread/DEBUG] [oshi.util.FileUtil/]: Reading file /sys/devices/system/cpu/cpu1/topology/core_id
[06Aug2026 12:15:08.744] [Render thread/DEBUG] [oshi.util.FileUtil/]: Reading file /sys/devices/system/cpu/cpu1/topology/core_id
[06Aug2026 12:15:08.744] [Render thread/DEBUG] [oshi.util.FileUtil/]: Reading file /sys/devices/system/cpu/cpu1/topology/physical_package_id
[06Aug2026 12:15:08.744] [Render thread/DEBUG] [oshi.util.FileUtil/]: Reading file /sys/devices/system/cpu/cpu1/topology/physical_package_id
[06Aug2026 12:15:08.744] [Render thread/DEBUG] [oshi.util.FileUtil/]: Reading file /sys/devices/system/cpu/cpu1/cpu_capacity
[06Aug2026 12:15:08.744] [Render thread/DEBUG] [oshi.util.FileUtil/]: Reading file /sys/devices/system/cpu/cpu1/cpu_capacity
[06Aug2026 12:15:08.744] [Render thread/DEBUG] [oshi.util.FileUtil/]: Reading file /sys/devices/system/cpu/cpu1/cache/index2/level
[06Aug2026 12:15:08.744] [Render thread/DEBUG] [oshi.util.FileUtil/]: Reading file /sys/devices/system/cpu/cpu1/cache/index2/level
[06Aug2026 12:15:08.744] [Render thread/DEBUG] [oshi.util.FileUtil/]: Reading file /sys/devices/system/cpu/cpu1/cache/index2/type
[06Aug2026 12:15:08.744] [Render thread/DEBUG] [oshi.util.FileUtil/]: Reading file /sys/devices/system/cpu/cpu1/cache/index2/type
[06Aug2026 12:15:08.744] [Render thread/DEBUG] [oshi.util.FileUtil/]: Reading file /sys/devices/system/cpu/cpu1/cache/index2/ways_of_associativity
[06Aug2026 12:15:08.744] [Render thread/DEBUG] [oshi.util.FileUtil/]: Reading file /sys/devices/system/cpu/cpu1/cache/index2/ways_of_associativity
[06Aug2026 12:15:08.744] [Render thread/DEBUG] [oshi.util.FileUtil/]: Reading file /sys/devices/system/cpu/cpu1/cache/index2/coherency_line_size
[06Aug2026 12:15:08.744] [Render thread/DEBUG] [oshi.util.FileUtil/]: Reading file /sys/devices/system/cpu/cpu1/cache/index2/coherency_line_size
[06Aug2026 12:15:08.744] [Render thread/DEBUG] [oshi.util.FileUtil/]: Reading file /sys/devices/system/cpu/cpu1/cache/index2/size
[06Aug2026 12:15:08.744] [Render thread/DEBUG] [oshi.util.FileUtil/]: Reading file /sys/devices/system/cpu/cpu1/cache/index2/size
[06Aug2026 12:15:08.744] [Render thread/DEBUG] [oshi.util.FileUtil/]: Reading file /sys/devices/system/cpu/cpu1/cache/index0/level
[06Aug2026 12:15:08.744] [Render thread/DEBUG] [oshi.util.FileUtil/]: Reading file /sys/devices/system/cpu/cpu1/cache/index0/level
[06Aug2026 12:15:08.745] [Render thread/DEBUG] [oshi.util.FileUtil/]: Reading file /sys/devices/system/cpu/cpu1/cache/index0/type
[06Aug2026 12:15:08.745] [Render thread/DEBUG] [oshi.util.FileUtil/]: Reading file /sys/devices/system/cpu/cpu1/cache/index0/type
[06Aug2026 12:15:08.745] [Render thread/DEBUG] [oshi.util.FileUtil/]: Reading file /sys/devices/system/cpu/cpu1/cache/index0/ways_of_associativity
[06Aug2026 12:15:08.745] [Render thread/DEBUG] [oshi.util.FileUtil/]: Reading file /sys/devices/system/cpu/cpu1/cache/index0/ways_of_associativity
[06Aug2026 12:15:08.745] [Render thread/DEBUG] [oshi.util.FileUtil/]: Reading file /sys/devices/system/cpu/cpu1/cache/index0/coherency_line_size
[06Aug2026 12:15:08.745] [Render thread/DEBUG] [oshi.util.FileUtil/]: Reading file /sys/devices/system/cpu/cpu1/cache/index0/coherency_line_size
[06Aug2026 12:15:08.745] [Render thread/DEBUG] [oshi.util.FileUtil/]: Reading file /sys/devices/system/cpu/cpu1/cache/index0/size
[06Aug2026 12:15:08.745] [Render thread/DEBUG] [oshi.util.FileUtil/]: Reading file /sys/devices/system/cpu/cpu1/cache/index0/size
[06Aug2026 12:15:08.745] [Render thread/DEBUG] [oshi.util.FileUtil/]: Reading file /sys/devices/system/cpu/cpu1/cache/index3/level
[06Aug2026 12:15:08.745] [Render thread/DEBUG] [oshi.util.FileUtil/]: Reading file /sys/devices/system/cpu/cpu1/cache/index3/level
[06Aug2026 12:15:08.745] [Render thread/DEBUG] [oshi.util.FileUtil/]: Reading file /sys/devices/system/cpu/cpu1/cache/index3/type
[06Aug2026 12:15:08.745] [Render thread/DEBUG] [oshi.util.FileUtil/]: Reading file /sys/devices/system/cpu/cpu1/cache/index3/type
[06Aug2026 12:15:08.745] [Render thread/DEBUG] [oshi.util.FileUtil/]: Reading file /sys/devices/system/cpu/cpu1/cache/index3/ways_of_associativity
[06Aug2026 12:15:08.745] [Render thread/DEBUG] [oshi.util.FileUtil/]: Reading file /sys/devices/system/cpu/cpu1/cache/index3/ways_of_associativity
[06Aug2026 12:15:08.745] [Render thread/DEBUG] [oshi.util.FileUtil/]: Reading file /sys/devices/system/cpu/cpu1/cache/index3/coherency_line_size
[06Aug2026 12:15:08.745] [Render thread/DEBUG] [oshi.util.FileUtil/]: Reading file /sys/devices/system/cpu/cpu1/cache/index3/coherency_line_size
[06Aug2026 12:15:08.745] [Render thread/DEBUG] [oshi.util.FileUtil/]: Reading file /sys/devices/system/cpu/cpu1/cache/index3/size
[06Aug2026 12:15:08.745] [Render thread/DEBUG] [oshi.util.FileUtil/]: Reading file /sys/devices/system/cpu/cpu1/cache/index3/size
[06Aug2026 12:15:08.745] [Render thread/DEBUG] [oshi.util.FileUtil/]: Reading file /sys/devices/system/cpu/cpu1/cache/index1/level
[06Aug2026 12:15:08.745] [Render thread/DEBUG] [oshi.util.FileUtil/]: Reading file /sys/devices/system/cpu/cpu1/cache/index1/level
[06Aug2026 12:15:08.745] [Render thread/DEBUG] [oshi.util.FileUtil/]: Reading file /sys/devices/system/cpu/cpu1/cache/index1/type
[06Aug2026 12:15:08.745] [Render thread/DEBUG] [oshi.util.FileUtil/]: Reading file /sys/devices/system/cpu/cpu1/cache/index1/type
[06Aug2026 12:15:08.745] [Render thread/DEBUG] [oshi.util.FileUtil/]: Reading file /sys/devices/system/cpu/cpu1/cache/index1/ways_of_associativity
[06Aug2026 12:15:08.745] [Render thread/DEBUG] [oshi.util.FileUtil/]: Reading file /sys/devices/system/cpu/cpu1/cache/index1/ways_of_associativity
[06Aug2026 12:15:08.745] [Render thread/DEBUG] [oshi.util.FileUtil/]: Reading file /sys/devices/system/cpu/cpu1/cache/index1/coherency_line_size
[06Aug2026 12:15:08.745] [Render thread/DEBUG] [oshi.util.FileUtil/]: Reading file /sys/devices/system/cpu/cpu1/cache/index1/coherency_line_size
[06Aug2026 12:15:08.746] [Render thread/DEBUG] [oshi.util.FileUtil/]: Reading file /sys/devices/system/cpu/cpu1/cache/index1/size
[06Aug2026 12:15:08.746] [Render thread/DEBUG] [oshi.util.FileUtil/]: Reading file /sys/devices/system/cpu/cpu1/cache/index1/size
[06Aug2026 12:15:08.746] [Render thread/DEBUG] [oshi.util.FileUtil/]: Reading file /sys/devices/system/cpu/cpu10/topology/core_id
[06Aug2026 12:15:08.746] [Render thread/DEBUG] [oshi.util.FileUtil/]: Reading file /sys/devices/system/cpu/cpu10/topology/core_id
[06Aug2026 12:15:08.746] [Render thread/DEBUG] [oshi.util.FileUtil/]: Reading file /sys/devices/system/cpu/cpu10/topology/physical_package_id
[06Aug2026 12:15:08.746] [Render thread/DEBUG] [oshi.util.FileUtil/]: Reading file /sys/devices/system/cpu/cpu10/topology/physical_package_id
[06Aug2026 12:15:08.746] [Render thread/DEBUG] [oshi.util.FileUtil/]: Reading file /sys/devices/system/cpu/cpu10/cpu_capacity
[06Aug2026 12:15:08.746] [Render thread/DEBUG] [oshi.util.FileUtil/]: Reading file /sys/devices/system/cpu/cpu10/cpu_capacity
[06Aug2026 12:15:08.746] [Render thread/DEBUG] [oshi.util.FileUtil/]: Reading file /sys/devices/system/cpu/cpu10/cache/index2/level
[06Aug2026 12:15:08.746] [Render thread/DEBUG] [oshi.util.FileUtil/]: Reading file /sys/devices/system/cpu/cpu10/cache/index2/level
[06Aug2026 12:15:08.746] [Render thread/DEBUG] [oshi.util.FileUtil/]: Reading file /sys/devices/system/cpu/cpu10/cache/index2/type
[06Aug2026 12:15:08.746] [Render thread/DEBUG] [oshi.util.FileUtil/]: Reading file /sys/devices/system/cpu/cpu10/cache/index2/type
[06Aug2026 12:15:08.747] [Render thread/DEBUG] [oshi.util.FileUtil/]: Reading file /sys/devices/system/cpu/cpu10/cache/index2/ways_of_associativity
[06Aug2026 12:15:08.747] [Render thread/DEBUG] [oshi.util.FileUtil/]: Reading file /sys/devices/system/cpu/cpu10/cache/index2/ways_of_associativity
[06Aug2026 12:15:08.747] [Render thread/DEBUG] [oshi.util.FileUtil/]: Reading file /sys/devices/system/cpu/cpu10/cache/index2/coherency_line_size
[06Aug2026 12:15:08.747] [Render thread/DEBUG] [oshi.util.FileUtil/]: Reading file /sys/devices/system/cpu/cpu10/cache/index2/coherency_line_size
[06Aug2026 12:15:08.747] [Render thread/DEBUG] [oshi.util.FileUtil/]: Reading file /sys/devices/system/cpu/cpu10/cache/index2/size
[06Aug2026 12:15:08.747] [Render thread/DEBUG] [oshi.util.FileUtil/]: Reading file /sys/devices/system/cpu/cpu10/cache/index2/size
[06Aug2026 12:15:08.747] [Render thread/DEBUG] [oshi.util.FileUtil/]: Reading file /sys/devices/system/cpu/cpu10/cache/index0/level
[06Aug2026 12:15:08.747] [Render thread/DEBUG] [oshi.util.FileUtil/]: Reading file /sys/devices/system/cpu/cpu10/cache/index0/level
[06Aug2026 12:15:08.747] [Render thread/DEBUG] [oshi.util.FileUtil/]: Reading file /sys/devices/system/cpu/cpu10/cache/index0/type
[06Aug2026 12:15:08.747] [Render thread/DEBUG] [oshi.util.FileUtil/]: Reading file /sys/devices/system/cpu/cpu10/cache/index0/type
[06Aug2026 12:15:08.747] [Render thread/DEBUG] [oshi.util.FileUtil/]: Reading file /sys/devices/system/cpu/cpu10/cache/index0/ways_of_associativity
[06Aug2026 12:15:08.747] [Render thread/DEBUG] [oshi.util.FileUtil/]: Reading file /sys/devices/system/cpu/cpu10/cache/index0/ways_of_associativity
[06Aug2026 12:15:08.747] [Render thread/DEBUG] [oshi.util.FileUtil/]: Reading file /sys/devices/system/cpu/cpu10/cache/index0/coherency_line_size
[06Aug2026 12:15:08.747] [Render thread/DEBUG] [oshi.util.FileUtil/]: Reading file /sys/devices/system/cpu/cpu10/cache/index0/coherency_line_size
[06Aug2026 12:15:08.747] [Render thread/DEBUG] [oshi.util.FileUtil/]: Reading file /sys/devices/system/cpu/cpu10/cache/index0/size
[06Aug2026 12:15:08.747] [Render thread/DEBUG] [oshi.util.FileUtil/]: Reading file /sys/devices/system/cpu/cpu10/cache/index0/size
[06Aug2026 12:15:08.747] [Render thread/DEBUG] [oshi.util.FileUtil/]: Reading file /sys/devices/system/cpu/cpu10/cache/index3/level
[06Aug2026 12:15:08.747] [Render thread/DEBUG] [oshi.util.FileUtil/]: Reading file /sys/devices/system/cpu/cpu10/cache/index3/level
[06Aug2026 12:15:08.747] [Render thread/DEBUG] [oshi.util.FileUtil/]: Reading file /sys/devices/system/cpu/cpu10/cache/index3/type
[06Aug2026 12:15:08.747] [Render thread/DEBUG] [oshi.util.FileUtil/]: Reading file /sys/devices/system/cpu/cpu10/cache/index3/type
[06Aug2026 12:15:08.747] [Render thread/DEBUG] [oshi.util.FileUtil/]: Reading file /sys/devices/system/cpu/cpu10/cache/index3/ways_of_associativity
[06Aug2026 12:15:08.747] [Render thread/DEBUG] [oshi.util.FileUtil/]: Reading file /sys/devices/system/cpu/cpu10/cache/index3/ways_of_associativity
[06Aug2026 12:15:08.747] [Render thread/DEBUG] [oshi.util.FileUtil/]: Reading file /sys/devices/system/cpu/cpu10/cache/index3/coherency_line_size
[06Aug2026 12:15:08.747] [Render thread/DEBUG] [oshi.util.FileUtil/]: Reading file /sys/devices/system/cpu/cpu10/cache/index3/coherency_line_size
[06Aug2026 12:15:08.747] [Render thread/DEBUG] [oshi.util.FileUtil/]: Reading file /sys/devices/system/cpu/cpu10/cache/index3/size
[06Aug2026 12:15:08.748] [Render thread/DEBUG] [oshi.util.FileUtil/]: Reading file /sys/devices/system/cpu/cpu10/cache/index3/size
[06Aug2026 12:15:08.748] [Render thread/DEBUG] [oshi.util.FileUtil/]: Reading file /sys/devices/system/cpu/cpu10/cache/index1/level
[06Aug2026 12:15:08.748] [Render thread/DEBUG] [oshi.util.FileUtil/]: Reading file /sys/devices/system/cpu/cpu10/cache/index1/level
[06Aug2026 12:15:08.748] [Render thread/DEBUG] [oshi.util.FileUtil/]: Reading file /sys/devices/system/cpu/cpu10/cache/index1/type
[06Aug2026 12:15:08.748] [Render thread/DEBUG] [oshi.util.FileUtil/]: Reading file /sys/devices/system/cpu/cpu10/cache/index1/type
[06Aug2026 12:15:08.748] [Render thread/DEBUG] [oshi.util.FileUtil/]: Reading file /sys/devices/system/cpu/cpu10/cache/index1/ways_of_associativity
[06Aug2026 12:15:08.748] [Render thread/DEBUG] [oshi.util.FileUtil/]: Reading file /sys/devices/system/cpu/cpu10/cache/index1/ways_of_associativity
[06Aug2026 12:15:08.748] [Render thread/DEBUG] [oshi.util.FileUtil/]: Reading file /sys/devices/system/cpu/cpu10/cache/index1/coherency_line_size
[06Aug2026 12:15:08.748] [Render thread/DEBUG] [oshi.util.FileUtil/]: Reading file /sys/devices/system/cpu/cpu10/cache/index1/coherency_line_size
[06Aug2026 12:15:08.748] [Render thread/DEBUG] [oshi.util.FileUtil/]: Reading file /sys/devices/system/cpu/cpu10/cache/index1/size
[06Aug2026 12:15:08.748] [Render thread/DEBUG] [oshi.util.FileUtil/]: Reading file /sys/devices/system/cpu/cpu10/cache/index1/size
[06Aug2026 12:15:08.748] [Render thread/DEBUG] [oshi.util.FileUtil/]: Reading file /sys/devices/system/cpu/cpu11/topology/core_id
[06Aug2026 12:15:08.748] [Render thread/DEBUG] [oshi.util.FileUtil/]: Reading file /sys/devices/system/cpu/cpu11/topology/core_id
[06Aug2026 12:15:08.748] [Render thread/DEBUG] [oshi.util.FileUtil/]: Reading file /sys/devices/system/cpu/cpu11/topology/physical_package_id
[06Aug2026 12:15:08.748] [Render thread/DEBUG] [oshi.util.FileUtil/]: Reading file /sys/devices/system/cpu/cpu11/topology/physical_package_id
[06Aug2026 12:15:08.748] [Render thread/DEBUG] [oshi.util.FileUtil/]: Reading file /sys/devices/system/cpu/cpu11/cpu_capacity
[06Aug2026 12:15:08.748] [Render thread/DEBUG] [oshi.util.FileUtil/]: Reading file /sys/devices/system/cpu/cpu11/cpu_capacity
[06Aug2026 12:15:08.749] [Render thread/DEBUG] [oshi.util.FileUtil/]: Reading file /sys/devices/system/cpu/cpu11/cache/index2/level
[06Aug2026 12:15:08.749] [Render thread/DEBUG] [oshi.util.FileUtil/]: Reading file /sys/devices/system/cpu/cpu11/cache/index2/level
[06Aug2026 12:15:08.749] [Render thread/DEBUG] [oshi.util.FileUtil/]: Reading file /sys/devices/system/cpu/cpu11/cache/index2/type
[06Aug2026 12:15:08.749] [Render thread/DEBUG] [oshi.util.FileUtil/]: Reading file /sys/devices/system/cpu/cpu11/cache/index2/type
[06Aug2026 12:15:08.749] [Render thread/DEBUG] [oshi.util.FileUtil/]: Reading file /sys/devices/system/cpu/cpu11/cache/index2/ways_of_associativity
[06Aug2026 12:15:08.749] [Render thread/DEBUG] [oshi.util.FileUtil/]: Reading file /sys/devices/system/cpu/cpu11/cache/index2/ways_of_associativity
[06Aug2026 12:15:08.749] [Render thread/DEBUG] [oshi.util.FileUtil/]: Reading file /sys/devices/system/cpu/cpu11/cache/index2/coherency_line_size
[06Aug2026 12:15:08.749] [Render thread/DEBUG] [oshi.util.FileUtil/]: Reading file /sys/devices/system/cpu/cpu11/cache/index2/coherency_line_size
[06Aug2026 12:15:08.749] [Render thread/DEBUG] [oshi.util.FileUtil/]: Reading file /sys/devices/system/cpu/cpu11/cache/index2/size
[06Aug2026 12:15:08.749] [Render thread/DEBUG] [oshi.util.FileUtil/]: Reading file /sys/devices/system/cpu/cpu11/cache/index2/size
[06Aug2026 12:15:08.749] [Render thread/DEBUG] [oshi.util.FileUtil/]: Reading file /sys/devices/system/cpu/cpu11/cache/index0/level
[06Aug2026 12:15:08.749] [Render thread/DEBUG] [oshi.util.FileUtil/]: Reading file /sys/devices/system/cpu/cpu11/cache/index0/level
[06Aug2026 12:15:08.749] [Render thread/DEBUG] [oshi.util.FileUtil/]: Reading file /sys/devices/system/cpu/cpu11/cache/index0/type
[06Aug2026 12:15:08.749] [Render thread/DEBUG] [oshi.util.FileUtil/]: Reading file /sys/devices/system/cpu/cpu11/cache/index0/type
[06Aug2026 12:15:08.749] [Render thread/DEBUG] [oshi.util.FileUtil/]: Reading file /sys/devices/system/cpu/cpu11/cache/index0/ways_of_associativity
[06Aug2026 12:15:08.749] [Render thread/DEBUG] [oshi.util.FileUtil/]: Reading file /sys/devices/system/cpu/cpu11/cache/index0/ways_of_associativity
[06Aug2026 12:15:08.749] [Render thread/DEBUG] [oshi.util.FileUtil/]: Reading file /sys/devices/system/cpu/cpu11/cache/index0/coherency_line_size
[06Aug2026 12:15:08.749] [Render thread/DEBUG] [oshi.util.FileUtil/]: Reading file /sys/devices/system/cpu/cpu11/cache/index0/coherency_line_size
[06Aug2026 12:15:08.749] [Render thread/DEBUG] [oshi.util.FileUtil/]: Reading file /sys/devices/system/cpu/cpu11/cache/index0/size
[06Aug2026 12:15:08.749] [Render thread/DEBUG] [oshi.util.FileUtil/]: Reading file /sys/devices/system/cpu/cpu11/cache/index0/size
[06Aug2026 12:15:08.749] [Render thread/DEBUG] [oshi.util.FileUtil/]: Reading file /sys/devices/system/cpu/cpu11/cache/index3/level
[06Aug2026 12:15:08.749] [Render thread/DEBUG] [oshi.util.FileUtil/]: Reading file /sys/devices/system/cpu/cpu11/cache/index3/level
[06Aug2026 12:15:08.749] [Render thread/DEBUG] [oshi.util.FileUtil/]: Reading file /sys/devices/system/cpu/cpu11/cache/index3/type
[06Aug2026 12:15:08.749] [Render thread/DEBUG] [oshi.util.FileUtil/]: Reading file /sys/devices/system/cpu/cpu11/cache/index3/type
[06Aug2026 12:15:08.750] [Render thread/DEBUG] [oshi.util.FileUtil/]: Reading file /sys/devices/system/cpu/cpu11/cache/index3/ways_of_associativity
[06Aug2026 12:15:08.750] [Render thread/DEBUG] [oshi.util.FileUtil/]: Reading file /sys/devices/system/cpu/cpu11/cache/index3/ways_of_associativity
[06Aug2026 12:15:08.750] [Render thread/DEBUG] [oshi.util.FileUtil/]: Reading file /sys/devices/system/cpu/cpu11/cache/index3/coherency_line_size
[06Aug2026 12:15:08.750] [Render thread/DEBUG] [oshi.util.FileUtil/]: Reading file /sys/devices/system/cpu/cpu11/cache/index3/coherency_line_size
[06Aug2026 12:15:08.750] [Render thread/DEBUG] [oshi.util.FileUtil/]: Reading file /sys/devices/system/cpu/cpu11/cache/index3/size
[06Aug2026 12:15:08.750] [Render thread/DEBUG] [oshi.util.FileUtil/]: Reading file /sys/devices/system/cpu/cpu11/cache/index3/size
[06Aug2026 12:15:08.750] [Render thread/DEBUG] [oshi.util.FileUtil/]: Reading file /sys/devices/system/cpu/cpu11/cache/index1/level
[06Aug2026 12:15:08.750] [Render thread/DEBUG] [oshi.util.FileUtil/]: Reading file /sys/devices/system/cpu/cpu11/cache/index1/level
[06Aug2026 12:15:08.750] [Render thread/DEBUG] [oshi.util.FileUtil/]: Reading file /sys/devices/system/cpu/cpu11/cache/index1/type
[06Aug2026 12:15:08.750] [Render thread/DEBUG] [oshi.util.FileUtil/]: Reading file /sys/devices/system/cpu/cpu11/cache/index1/type
[06Aug2026 12:15:08.750] [Render thread/DEBUG] [oshi.util.FileUtil/]: Reading file /sys/devices/system/cpu/cpu11/cache/index1/ways_of_associativity
[06Aug2026 12:15:08.750] [Render thread/DEBUG] [oshi.util.FileUtil/]: Reading file /sys/devices/system/cpu/cpu11/cache/index1/ways_of_associativity
[06Aug2026 12:15:08.750] [Render thread/DEBUG] [oshi.util.FileUtil/]: Reading file /sys/devices/system/cpu/cpu11/cache/index1/coherency_line_size
[06Aug2026 12:15:08.750] [Render thread/DEBUG] [oshi.util.FileUtil/]: Reading file /sys/devices/system/cpu/cpu11/cache/index1/coherency_line_size
[06Aug2026 12:15:08.750] [Render thread/DEBUG] [oshi.util.FileUtil/]: Reading file /sys/devices/system/cpu/cpu11/cache/index1/size
[06Aug2026 12:15:08.750] [Render thread/DEBUG] [oshi.util.FileUtil/]: Reading file /sys/devices/system/cpu/cpu11/cache/index1/size
[06Aug2026 12:15:08.751] [Render thread/DEBUG] [oshi.util.FileUtil/]: Reading file /sys/devices/system/cpu/cpu12/topology/core_id
[06Aug2026 12:15:08.751] [Render thread/DEBUG] [oshi.util.FileUtil/]: Reading file /sys/devices/system/cpu/cpu12/topology/core_id
[06Aug2026 12:15:08.751] [Render thread/DEBUG] [oshi.util.FileUtil/]: Reading file /sys/devices/system/cpu/cpu12/topology/physical_package_id
[06Aug2026 12:15:08.751] [Render thread/DEBUG] [oshi.util.FileUtil/]: Reading file /sys/devices/system/cpu/cpu12/topology/physical_package_id
[06Aug2026 12:15:08.751] [Render thread/DEBUG] [oshi.util.FileUtil/]: Reading file /sys/devices/system/cpu/cpu12/cpu_capacity
[06Aug2026 12:15:08.751] [Render thread/DEBUG] [oshi.util.FileUtil/]: Reading file /sys/devices/system/cpu/cpu12/cpu_capacity
[06Aug2026 12:15:08.751] [Render thread/DEBUG] [oshi.util.FileUtil/]: Reading file /sys/devices/system/cpu/cpu12/cache/index2/level
[06Aug2026 12:15:08.751] [Render thread/DEBUG] [oshi.util.FileUtil/]: Reading file /sys/devices/system/cpu/cpu12/cache/index2/level
[06Aug2026 12:15:08.751] [Render thread/DEBUG] [oshi.util.FileUtil/]: Reading file /sys/devices/system/cpu/cpu12/cache/index2/type
[06Aug2026 12:15:08.751] [Render thread/DEBUG] [oshi.util.FileUtil/]: Reading file /sys/devices/system/cpu/cpu12/cache/index2/type
[06Aug2026 12:15:08.751] [Render thread/DEBUG] [oshi.util.FileUtil/]: Reading file /sys/devices/system/cpu/cpu12/cache/index2/ways_of_associativity
[06Aug2026 12:15:08.751] [Render thread/DEBUG] [oshi.util.FileUtil/]: Reading file /sys/devices/system/cpu/cpu12/cache/index2/ways_of_associativity
[06Aug2026 12:15:08.751] [Render thread/DEBUG] [oshi.util.FileUtil/]: Reading file /sys/devices/system/cpu/cpu12/cache/index2/coherency_line_size
[06Aug2026 12:15:08.751] [Render thread/DEBUG] [oshi.util.FileUtil/]: Reading file /sys/devices/system/cpu/cpu12/cache/index2/coherency_line_size
[06Aug2026 12:15:08.751] [Render thread/DEBUG] [oshi.util.FileUtil/]: Reading file /sys/devices/system/cpu/cpu12/cache/index2/size
[06Aug2026 12:15:08.751] [Render thread/DEBUG] [oshi.util.FileUtil/]: Reading file /sys/devices/system/cpu/cpu12/cache/index2/size
[06Aug2026 12:15:08.751] [Render thread/DEBUG] [oshi.util.FileUtil/]: Reading file /sys/devices/system/cpu/cpu12/cache/index0/level
[06Aug2026 12:15:08.751] [Render thread/DEBUG] [oshi.util.FileUtil/]: Reading file /sys/devices/system/cpu/cpu12/cache/index0/level
[06Aug2026 12:15:08.751] [Render thread/DEBUG] [oshi.util.FileUtil/]: Reading file /sys/devices/system/cpu/cpu12/cache/index0/type
[06Aug2026 12:15:08.751] [Render thread/DEBUG] [oshi.util.FileUtil/]: Reading file /sys/devices/system/cpu/cpu12/cache/index0/type
[06Aug2026 12:15:08.752] [Render thread/DEBUG] [oshi.util.FileUtil/]: Reading file /sys/devices/system/cpu/cpu12/cache/index0/ways_of_associativity
[06Aug2026 12:15:08.752] [Render thread/DEBUG] [oshi.util.FileUtil/]: Reading file /sys/devices/system/cpu/cpu12/cache/index0/ways_of_associativity
[06Aug2026 12:15:08.752] [Render thread/DEBUG] [oshi.util.FileUtil/]: Reading file /sys/devices/system/cpu/cpu12/cache/index0/coherency_line_size
[06Aug2026 12:15:08.752] [Render thread/DEBUG] [oshi.util.FileUtil/]: Reading file /sys/devices/system/cpu/cpu12/cache/index0/coherency_line_size
[06Aug2026 12:15:08.752] [Render thread/DEBUG] [oshi.util.FileUtil/]: Reading file /sys/devices/system/cpu/cpu12/cache/index0/size
[06Aug2026 12:15:08.752] [Render thread/DEBUG] [oshi.util.FileUtil/]: Reading file /sys/devices/system/cpu/cpu12/cache/index0/size
[06Aug2026 12:15:08.752] [Render thread/DEBUG] [oshi.util.FileUtil/]: Reading file /sys/devices/system/cpu/cpu12/cache/index3/level
[06Aug2026 12:15:08.752] [Render thread/DEBUG] [oshi.util.FileUtil/]: Reading file /sys/devices/system/cpu/cpu12/cache/index3/level
[06Aug2026 12:15:08.752] [Render thread/DEBUG] [oshi.util.FileUtil/]: Reading file /sys/devices/system/cpu/cpu12/cache/index3/type
[06Aug2026 12:15:08.752] [Render thread/DEBUG] [oshi.util.FileUtil/]: Reading file /sys/devices/system/cpu/cpu12/cache/index3/type
[06Aug2026 12:15:08.752] [Render thread/DEBUG] [oshi.util.FileUtil/]: Reading file /sys/devices/system/cpu/cpu12/cache/index3/ways_of_associativity
[06Aug2026 12:15:08.752] [Render thread/DEBUG] [oshi.util.FileUtil/]: Reading file /sys/devices/system/cpu/cpu12/cache/index3/ways_of_associativity
[06Aug2026 12:15:08.752] [Render thread/DEBUG] [oshi.util.FileUtil/]: Reading file /sys/devices/system/cpu/cpu12/cache/index3/coherency_line_size
[06Aug2026 12:15:08.752] [Render thread/DEBUG] [oshi.util.FileUtil/]: Reading file /sys/devices/system/cpu/cpu12/cache/index3/coherency_line_size
[06Aug2026 12:15:08.752] [Render thread/DEBUG] [oshi.util.FileUtil/]: Reading file /sys/devices/system/cpu/cpu12/cache/index3/size
[06Aug2026 12:15:08.752] [Render thread/DEBUG] [oshi.util.FileUtil/]: Reading file /sys/devices/system/cpu/cpu12/cache/index3/size
[06Aug2026 12:15:08.752] [Render thread/DEBUG] [oshi.util.FileUtil/]: Reading file /sys/devices/system/cpu/cpu12/cache/index1/level
[06Aug2026 12:15:08.752] [Render thread/DEBUG] [oshi.util.FileUtil/]: Reading file /sys/devices/system/cpu/cpu12/cache/index1/level
[06Aug2026 12:15:08.752] [Render thread/DEBUG] [oshi.util.FileUtil/]: Reading file /sys/devices/system/cpu/cpu12/cache/index1/type
[06Aug2026 12:15:08.752] [Render thread/DEBUG] [oshi.util.FileUtil/]: Reading file /sys/devices/system/cpu/cpu12/cache/index1/type
[06Aug2026 12:15:08.752] [Render thread/DEBUG] [oshi.util.FileUtil/]: Reading file /sys/devices/system/cpu/cpu12/cache/index1/ways_of_associativity
[06Aug2026 12:15:08.752] [Render thread/DEBUG] [oshi.util.FileUtil/]: Reading file /sys/devices/system/cpu/cpu12/cache/index1/ways_of_associativity
[06Aug2026 12:15:08.752] [Render thread/DEBUG] [oshi.util.FileUtil/]: Reading file /sys/devices/system/cpu/cpu12/cache/index1/coherency_line_size
[06Aug2026 12:15:08.752] [Render thread/DEBUG] [oshi.util.FileUtil/]: Reading file /sys/devices/system/cpu/cpu12/cache/index1/coherency_line_size
[06Aug2026 12:15:08.752] [Render thread/DEBUG] [oshi.util.FileUtil/]: Reading file /sys/devices/system/cpu/cpu12/cache/index1/size
[06Aug2026 12:15:08.753] [Render thread/DEBUG] [oshi.util.FileUtil/]: Reading file /sys/devices/system/cpu/cpu12/cache/index1/size
[06Aug2026 12:15:08.753] [Render thread/DEBUG] [oshi.util.FileUtil/]: Reading file /sys/devices/system/cpu/cpu13/topology/core_id
[06Aug2026 12:15:08.753] [Render thread/DEBUG] [oshi.util.FileUtil/]: Reading file /sys/devices/system/cpu/cpu13/topology/core_id
[06Aug2026 12:15:08.753] [Render thread/DEBUG] [oshi.util.FileUtil/]: Reading file /sys/devices/system/cpu/cpu13/topology/physical_package_id
[06Aug2026 12:15:08.753] [Render thread/DEBUG] [oshi.util.FileUtil/]: Reading file /sys/devices/system/cpu/cpu13/topology/physical_package_id
[06Aug2026 12:15:08.753] [Render thread/DEBUG] [oshi.util.FileUtil/]: Reading file /sys/devices/system/cpu/cpu13/cpu_capacity
[06Aug2026 12:15:08.753] [Render thread/DEBUG] [oshi.util.FileUtil/]: Reading file /sys/devices/system/cpu/cpu13/cpu_capacity
[06Aug2026 12:15:08.753] [Render thread/DEBUG] [oshi.util.FileUtil/]: Reading file /sys/devices/system/cpu/cpu13/cache/index2/level
[06Aug2026 12:15:08.753] [Render thread/DEBUG] [oshi.util.FileUtil/]: Reading file /sys/devices/system/cpu/cpu13/cache/index2/level
[06Aug2026 12:15:08.753] [Render thread/DEBUG] [oshi.util.FileUtil/]: Reading file /sys/devices/system/cpu/cpu13/cache/index2/type
[06Aug2026 12:15:08.753] [Render thread/DEBUG] [oshi.util.FileUtil/]: Reading file /sys/devices/system/cpu/cpu13/cache/index2/type
[06Aug2026 12:15:08.753] [Render thread/DEBUG] [oshi.util.FileUtil/]: Reading file /sys/devices/system/cpu/cpu13/cache/index2/ways_of_associativity
[06Aug2026 12:15:08.753] [Render thread/DEBUG] [oshi.util.FileUtil/]: Reading file /sys/devices/system/cpu/cpu13/cache/index2/ways_of_associativity
[06Aug2026 12:15:08.753] [Render thread/DEBUG] [oshi.util.FileUtil/]: Reading file /sys/devices/system/cpu/cpu13/cache/index2/coherency_line_size
[06Aug2026 12:15:08.753] [Render thread/DEBUG] [oshi.util.FileUtil/]: Reading file /sys/devices/system/cpu/cpu13/cache/index2/coherency_line_size
[06Aug2026 12:15:08.753] [Render thread/DEBUG] [oshi.util.FileUtil/]: Reading file /sys/devices/system/cpu/cpu13/cache/index2/size
[06Aug2026 12:15:08.754] [Render thread/DEBUG] [oshi.util.FileUtil/]: Reading file /sys/devices/system/cpu/cpu13/cache/index2/size
[06Aug2026 12:15:08.754] [Render thread/DEBUG] [oshi.util.FileUtil/]: Reading file /sys/devices/system/cpu/cpu13/cache/index0/level
[06Aug2026 12:15:08.754] [Render thread/DEBUG] [oshi.util.FileUtil/]: Reading file /sys/devices/system/cpu/cpu13/cache/index0/level
[06Aug2026 12:15:08.754] [Render thread/DEBUG] [oshi.util.FileUtil/]: Reading file /sys/devices/system/cpu/cpu13/cache/index0/type
[06Aug2026 12:15:08.754] [Render thread/DEBUG] [oshi.util.FileUtil/]: Reading file /sys/devices/system/cpu/cpu13/cache/index0/type
[06Aug2026 12:15:08.754] [Render thread/DEBUG] [oshi.util.FileUtil/]: Reading file /sys/devices/system/cpu/cpu13/cache/index0/ways_of_associativity
[06Aug2026 12:15:08.754] [Render thread/DEBUG] [oshi.util.FileUtil/]: Reading file /sys/devices/system/cpu/cpu13/cache/index0/ways_of_associativity
[06Aug2026 12:15:08.754] [Render thread/DEBUG] [oshi.util.FileUtil/]: Reading file /sys/devices/system/cpu/cpu13/cache/index0/coherency_line_size
[06Aug2026 12:15:08.754] [Render thread/DEBUG] [oshi.util.FileUtil/]: Reading file /sys/devices/system/cpu/cpu13/cache/index0/coherency_line_size
[06Aug2026 12:15:08.754] [Render thread/DEBUG] [oshi.util.FileUtil/]: Reading file /sys/devices/system/cpu/cpu13/cache/index0/size
[06Aug2026 12:15:08.754] [Render thread/DEBUG] [oshi.util.FileUtil/]: Reading file /sys/devices/system/cpu/cpu13/cache/index0/size
[06Aug2026 12:15:08.754] [Render thread/DEBUG] [oshi.util.FileUtil/]: Reading file /sys/devices/system/cpu/cpu13/cache/index3/level
[06Aug2026 12:15:08.754] [Render thread/DEBUG] [oshi.util.FileUtil/]: Reading file /sys/devices/system/cpu/cpu13/cache/index3/level
[06Aug2026 12:15:08.754] [Render thread/DEBUG] [oshi.util.FileUtil/]: Reading file /sys/devices/system/cpu/cpu13/cache/index3/type
[06Aug2026 12:15:08.754] [Render thread/DEBUG] [oshi.util.FileUtil/]: Reading file /sys/devices/system/cpu/cpu13/cache/index3/type
[06Aug2026 12:15:08.754] [Render thread/DEBUG] [oshi.util.FileUtil/]: Reading file /sys/devices/system/cpu/cpu13/cache/index3/ways_of_associativity
[06Aug2026 12:15:08.754] [Render thread/DEBUG] [oshi.util.FileUtil/]: Reading file /sys/devices/system/cpu/cpu13/cache/index3/ways_of_associativity
[06Aug2026 12:15:08.754] [Render thread/DEBUG] [oshi.util.FileUtil/]: Reading file /sys/devices/system/cpu/cpu13/cache/index3/coherency_line_size
[06Aug2026 12:15:08.754] [Render thread/DEBUG] [oshi.util.FileUtil/]: Reading file /sys/devices/system/cpu/cpu13/cache/index3/coherency_line_size
[06Aug2026 12:15:08.754] [Render thread/DEBUG] [oshi.util.FileUtil/]: Reading file /sys/devices/system/cpu/cpu13/cache/index3/size
[06Aug2026 12:15:08.754] [Render thread/DEBUG] [oshi.util.FileUtil/]: Reading file /sys/devices/system/cpu/cpu13/cache/index3/size
[06Aug2026 12:15:08.754] [Render thread/DEBUG] [oshi.util.FileUtil/]: Reading file /sys/devices/system/cpu/cpu13/cache/index1/level
[06Aug2026 12:15:08.754] [Render thread/DEBUG] [oshi.util.FileUtil/]: Reading file /sys/devices/system/cpu/cpu13/cache/index1/level
[06Aug2026 12:15:08.754] [Render thread/DEBUG] [oshi.util.FileUtil/]: Reading file /sys/devices/system/cpu/cpu13/cache/index1/type
[06Aug2026 12:15:08.754] [Render thread/DEBUG] [oshi.util.FileUtil/]: Reading file /sys/devices/system/cpu/cpu13/cache/index1/type
[06Aug2026 12:15:08.754] [Render thread/DEBUG] [oshi.util.FileUtil/]: Reading file /sys/devices/system/cpu/cpu13/cache/index1/ways_of_associativity
[06Aug2026 12:15:08.754] [Render thread/DEBUG] [oshi.util.FileUtil/]: Reading file /sys/devices/system/cpu/cpu13/cache/index1/ways_of_associativity
[06Aug2026 12:15:08.754] [Render thread/DEBUG] [oshi.util.FileUtil/]: Reading file /sys/devices/system/cpu/cpu13/cache/index1/coherency_line_size
[06Aug2026 12:15:08.754] [Render thread/DEBUG] [oshi.util.FileUtil/]: Reading file /sys/devices/system/cpu/cpu13/cache/index1/coherency_line_size
[06Aug2026 12:15:08.754] [Render thread/DEBUG] [oshi.util.FileUtil/]: Reading file /sys/devices/system/cpu/cpu13/cache/index1/size
[06Aug2026 12:15:08.755] [Render thread/DEBUG] [oshi.util.FileUtil/]: Reading file /sys/devices/system/cpu/cpu13/cache/index1/size
[06Aug2026 12:15:08.755] [Render thread/DEBUG] [oshi.util.FileUtil/]: Reading file /sys/devices/system/cpu/cpu14/topology/core_id
[06Aug2026 12:15:08.755] [Render thread/DEBUG] [oshi.util.FileUtil/]: Reading file /sys/devices/system/cpu/cpu14/topology/core_id
[06Aug2026 12:15:08.755] [Render thread/DEBUG] [oshi.util.FileUtil/]: Reading file /sys/devices/system/cpu/cpu14/topology/physical_package_id
[06Aug2026 12:15:08.755] [Render thread/DEBUG] [oshi.util.FileUtil/]: Reading file /sys/devices/system/cpu/cpu14/topology/physical_package_id
[06Aug2026 12:15:08.755] [Render thread/DEBUG] [oshi.util.FileUtil/]: Reading file /sys/devices/system/cpu/cpu14/cpu_capacity
[06Aug2026 12:15:08.755] [Render thread/DEBUG] [oshi.util.FileUtil/]: Reading file /sys/devices/system/cpu/cpu14/cpu_capacity
[06Aug2026 12:15:08.755] [Render thread/DEBUG] [oshi.util.FileUtil/]: Reading file /sys/devices/system/cpu/cpu14/cache/index2/level
[06Aug2026 12:15:08.755] [Render thread/DEBUG] [oshi.util.FileUtil/]: Reading file /sys/devices/system/cpu/cpu14/cache/index2/level
[06Aug2026 12:15:08.755] [Render thread/DEBUG] [oshi.util.FileUtil/]: Reading file /sys/devices/system/cpu/cpu14/cache/index2/type
[06Aug2026 12:15:08.755] [Render thread/DEBUG] [oshi.util.FileUtil/]: Reading file /sys/devices/system/cpu/cpu14/cache/index2/type
[06Aug2026 12:15:08.755] [Render thread/DEBUG] [oshi.util.FileUtil/]: Reading file /sys/devices/system/cpu/cpu14/cache/index2/ways_of_associativity
[06Aug2026 12:15:08.755] [Render thread/DEBUG] [oshi.util.FileUtil/]: Reading file /sys/devices/system/cpu/cpu14/cache/index2/ways_of_associativity
[06Aug2026 12:15:08.755] [Render thread/DEBUG] [oshi.util.FileUtil/]: Reading file /sys/devices/system/cpu/cpu14/cache/index2/coherency_line_size
[06Aug2026 12:15:08.755] [Render thread/DEBUG] [oshi.util.FileUtil/]: Reading file /sys/devices/system/cpu/cpu14/cache/index2/coherency_line_size
[06Aug2026 12:15:08.755] [Render thread/DEBUG] [oshi.util.FileUtil/]: Reading file /sys/devices/system/cpu/cpu14/cache/index2/size
[06Aug2026 12:15:08.755] [Render thread/DEBUG] [oshi.util.FileUtil/]: Reading file /sys/devices/system/cpu/cpu14/cache/index2/size
[06Aug2026 12:15:08.755] [Render thread/DEBUG] [oshi.util.FileUtil/]: Reading file /sys/devices/system/cpu/cpu14/cache/index0/level
[06Aug2026 12:15:08.755] [Render thread/DEBUG] [oshi.util.FileUtil/]: Reading file /sys/devices/system/cpu/cpu14/cache/index0/level
[06Aug2026 12:15:08.756] [Render thread/DEBUG] [oshi.util.FileUtil/]: Reading file /sys/devices/system/cpu/cpu14/cache/index0/type
[06Aug2026 12:15:08.756] [Render thread/DEBUG] [oshi.util.FileUtil/]: Reading file /sys/devices/system/cpu/cpu14/cache/index0/type
[06Aug2026 12:15:08.756] [Render thread/DEBUG] [oshi.util.FileUtil/]: Reading file /sys/devices/system/cpu/cpu14/cache/index0/ways_of_associativity
[06Aug2026 12:15:08.756] [Render thread/DEBUG] [oshi.util.FileUtil/]: Reading file /sys/devices/system/cpu/cpu14/cache/index0/ways_of_associativity
[06Aug2026 12:15:08.756] [Render thread/DEBUG] [oshi.util.FileUtil/]: Reading file /sys/devices/system/cpu/cpu14/cache/index0/coherency_line_size
[06Aug2026 12:15:08.756] [Render thread/DEBUG] [oshi.util.FileUtil/]: Reading file /sys/devices/system/cpu/cpu14/cache/index0/coherency_line_size
[06Aug2026 12:15:08.756] [Render thread/DEBUG] [oshi.util.FileUtil/]: Reading file /sys/devices/system/cpu/cpu14/cache/index0/size
[06Aug2026 12:15:08.756] [Render thread/DEBUG] [oshi.util.FileUtil/]: Reading file /sys/devices/system/cpu/cpu14/cache/index0/size
[06Aug2026 12:15:08.756] [Render thread/DEBUG] [oshi.util.FileUtil/]: Reading file /sys/devices/system/cpu/cpu14/cache/index3/level
[06Aug2026 12:15:08.756] [Render thread/DEBUG] [oshi.util.FileUtil/]: Reading file /sys/devices/system/cpu/cpu14/cache/index3/level
[06Aug2026 12:15:08.756] [Render thread/DEBUG] [oshi.util.FileUtil/]: Reading file /sys/devices/system/cpu/cpu14/cache/index3/type
[06Aug2026 12:15:08.756] [Render thread/DEBUG] [oshi.util.FileUtil/]: Reading file /sys/devices/system/cpu/cpu14/cache/index3/type
[06Aug2026 12:15:08.756] [Render thread/DEBUG] [oshi.util.FileUtil/]: Reading file /sys/devices/system/cpu/cpu14/cache/index3/ways_of_associativity
[06Aug2026 12:15:08.756] [Render thread/DEBUG] [oshi.util.FileUtil/]: Reading file /sys/devices/system/cpu/cpu14/cache/index3/ways_of_associativity
[06Aug2026 12:15:08.756] [Render thread/DEBUG] [oshi.util.FileUtil/]: Reading file /sys/devices/system/cpu/cpu14/cache/index3/coherency_line_size
[06Aug2026 12:15:08.756] [Render thread/DEBUG] [oshi.util.FileUtil/]: Reading file /sys/devices/system/cpu/cpu14/cache/index3/coherency_line_size
[06Aug2026 12:15:08.756] [Render thread/DEBUG] [oshi.util.FileUtil/]: Reading file /sys/devices/system/cpu/cpu14/cache/index3/size
[06Aug2026 12:15:08.756] [Render thread/DEBUG] [oshi.util.FileUtil/]: Reading file /sys/devices/system/cpu/cpu14/cache/index3/size
[06Aug2026 12:15:08.756] [Render thread/DEBUG] [oshi.util.FileUtil/]: Reading file /sys/devices/system/cpu/cpu14/cache/index1/level
[06Aug2026 12:15:08.756] [Render thread/DEBUG] [oshi.util.FileUtil/]: Reading file /sys/devices/system/cpu/cpu14/cache/index1/level
[06Aug2026 12:15:08.756] [Render thread/DEBUG] [oshi.util.FileUtil/]: Reading file /sys/devices/system/cpu/cpu14/cache/index1/type
[06Aug2026 12:15:08.756] [Render thread/DEBUG] [oshi.util.FileUtil/]: Reading file /sys/devices/system/cpu/cpu14/cache/index1/type
[06Aug2026 12:15:08.756] [Render thread/DEBUG] [oshi.util.FileUtil/]: Reading file /sys/devices/system/cpu/cpu14/cache/index1/ways_of_associativity
[06Aug2026 12:15:08.756] [Render thread/DEBUG] [oshi.util.FileUtil/]: Reading file /sys/devices/system/cpu/cpu14/cache/index1/ways_of_associativity
[06Aug2026 12:15:08.756] [Render thread/DEBUG] [oshi.util.FileUtil/]: Reading file /sys/devices/system/cpu/cpu14/cache/index1/coherency_line_size
[06Aug2026 12:15:08.756] [Render thread/DEBUG] [oshi.util.FileUtil/]: Reading file /sys/devices/system/cpu/cpu14/cache/index1/coherency_line_size
[06Aug2026 12:15:08.756] [Render thread/DEBUG] [oshi.util.FileUtil/]: Reading file /sys/devices/system/cpu/cpu14/cache/index1/size
[06Aug2026 12:15:08.756] [Render thread/DEBUG] [oshi.util.FileUtil/]: Reading file /sys/devices/system/cpu/cpu14/cache/index1/size
[06Aug2026 12:15:08.757] [Render thread/DEBUG] [oshi.util.FileUtil/]: Reading file /sys/devices/system/cpu/cpu15/topology/core_id
[06Aug2026 12:15:08.757] [Render thread/DEBUG] [oshi.util.FileUtil/]: Reading file /sys/devices/system/cpu/cpu15/topology/core_id
[06Aug2026 12:15:08.757] [Render thread/DEBUG] [oshi.util.FileUtil/]: Reading file /sys/devices/system/cpu/cpu15/topology/physical_package_id
[06Aug2026 12:15:08.757] [Render thread/DEBUG] [oshi.util.FileUtil/]: Reading file /sys/devices/system/cpu/cpu15/topology/physical_package_id
[06Aug2026 12:15:08.757] [Render thread/DEBUG] [oshi.util.FileUtil/]: Reading file /sys/devices/system/cpu/cpu15/cpu_capacity
[06Aug2026 12:15:08.757] [Render thread/DEBUG] [oshi.util.FileUtil/]: Reading file /sys/devices/system/cpu/cpu15/cpu_capacity
[06Aug2026 12:15:08.757] [Render thread/DEBUG] [oshi.util.FileUtil/]: Reading file /sys/devices/system/cpu/cpu15/cache/index2/level
[06Aug2026 12:15:08.757] [Render thread/DEBUG] [oshi.util.FileUtil/]: Reading file /sys/devices/system/cpu/cpu15/cache/index2/level
[06Aug2026 12:15:08.757] [Render thread/DEBUG] [oshi.util.FileUtil/]: Reading file /sys/devices/system/cpu/cpu15/cache/index2/type
[06Aug2026 12:15:08.757] [Render thread/DEBUG] [oshi.util.FileUtil/]: Reading file /sys/devices/system/cpu/cpu15/cache/index2/type
[06Aug2026 12:15:08.757] [Render thread/DEBUG] [oshi.util.FileUtil/]: Reading file /sys/devices/system/cpu/cpu15/cache/index2/ways_of_associativity
[06Aug2026 12:15:08.757] [Render thread/DEBUG] [oshi.util.FileUtil/]: Reading file /sys/devices/system/cpu/cpu15/cache/index2/ways_of_associativity
[06Aug2026 12:15:08.757] [Render thread/DEBUG] [oshi.util.FileUtil/]: Reading file /sys/devices/system/cpu/cpu15/cache/index2/coherency_line_size
[06Aug2026 12:15:08.757] [Render thread/DEBUG] [oshi.util.FileUtil/]: Reading file /sys/devices/system/cpu/cpu15/cache/index2/coherency_line_size
[06Aug2026 12:15:08.757] [Render thread/DEBUG] [oshi.util.FileUtil/]: Reading file /sys/devices/system/cpu/cpu15/cache/index2/size
[06Aug2026 12:15:08.757] [Render thread/DEBUG] [oshi.util.FileUtil/]: Reading file /sys/devices/system/cpu/cpu15/cache/index2/size
[06Aug2026 12:15:08.757] [Render thread/DEBUG] [oshi.util.FileUtil/]: Reading file /sys/devices/system/cpu/cpu15/cache/index0/level
[06Aug2026 12:15:08.757] [Render thread/DEBUG] [oshi.util.FileUtil/]: Reading file /sys/devices/system/cpu/cpu15/cache/index0/level
[06Aug2026 12:15:08.757] [Render thread/DEBUG] [oshi.util.FileUtil/]: Reading file /sys/devices/system/cpu/cpu15/cache/index0/type
[06Aug2026 12:15:08.757] [Render thread/DEBUG] [oshi.util.FileUtil/]: Reading file /sys/devices/system/cpu/cpu15/cache/index0/type
[06Aug2026 12:15:08.757] [Render thread/DEBUG] [oshi.util.FileUtil/]: Reading file /sys/devices/system/cpu/cpu15/cache/index0/ways_of_associativity
[06Aug2026 12:15:08.757] [Render thread/DEBUG] [oshi.util.FileUtil/]: Reading file /sys/devices/system/cpu/cpu15/cache/index0/ways_of_associativity
[06Aug2026 12:15:08.757] [Render thread/DEBUG] [oshi.util.FileUtil/]: Reading file /sys/devices/system/cpu/cpu15/cache/index0/coherency_line_size
[06Aug2026 12:15:08.757] [Render thread/DEBUG] [oshi.util.FileUtil/]: Reading file /sys/devices/system/cpu/cpu15/cache/index0/coherency_line_size
[06Aug2026 12:15:08.757] [Render thread/DEBUG] [oshi.util.FileUtil/]: Reading file /sys/devices/system/cpu/cpu15/cache/index0/size
[06Aug2026 12:15:08.757] [Render thread/DEBUG] [oshi.util.FileUtil/]: Reading file /sys/devices/system/cpu/cpu15/cache/index0/size
[06Aug2026 12:15:08.757] [Render thread/DEBUG] [oshi.util.FileUtil/]: Reading file /sys/devices/system/cpu/cpu15/cache/index3/level
[06Aug2026 12:15:08.757] [Render thread/DEBUG] [oshi.util.FileUtil/]: Reading file /sys/devices/system/cpu/cpu15/cache/index3/level
[06Aug2026 12:15:08.757] [Render thread/DEBUG] [oshi.util.FileUtil/]: Reading file /sys/devices/system/cpu/cpu15/cache/index3/type
[06Aug2026 12:15:08.757] [Render thread/DEBUG] [oshi.util.FileUtil/]: Reading file /sys/devices/system/cpu/cpu15/cache/index3/type
[06Aug2026 12:15:08.757] [Render thread/DEBUG] [oshi.util.FileUtil/]: Reading file /sys/devices/system/cpu/cpu15/cache/index3/ways_of_associativity
[06Aug2026 12:15:08.757] [Render thread/DEBUG] [oshi.util.FileUtil/]: Reading file /sys/devices/system/cpu/cpu15/cache/index3/ways_of_associativity
[06Aug2026 12:15:08.757] [Render thread/DEBUG] [oshi.util.FileUtil/]: Reading file /sys/devices/system/cpu/cpu15/cache/index3/coherency_line_size
[06Aug2026 12:15:08.757] [Render thread/DEBUG] [oshi.util.FileUtil/]: Reading file /sys/devices/system/cpu/cpu15/cache/index3/coherency_line_size
[06Aug2026 12:15:08.758] [Render thread/DEBUG] [oshi.util.FileUtil/]: Reading file /sys/devices/system/cpu/cpu15/cache/index3/size
[06Aug2026 12:15:08.758] [Render thread/DEBUG] [oshi.util.FileUtil/]: Reading file /sys/devices/system/cpu/cpu15/cache/index3/size
[06Aug2026 12:15:08.758] [Render thread/DEBUG] [oshi.util.FileUtil/]: Reading file /sys/devices/system/cpu/cpu15/cache/index1/level
[06Aug2026 12:15:08.758] [Render thread/DEBUG] [oshi.util.FileUtil/]: Reading file /sys/devices/system/cpu/cpu15/cache/index1/level
[06Aug2026 12:15:08.758] [Render thread/DEBUG] [oshi.util.FileUtil/]: Reading file /sys/devices/system/cpu/cpu15/cache/index1/type
[06Aug2026 12:15:08.758] [Render thread/DEBUG] [oshi.util.FileUtil/]: Reading file /sys/devices/system/cpu/cpu15/cache/index1/type
[06Aug2026 12:15:08.758] [Render thread/DEBUG] [oshi.util.FileUtil/]: Reading file /sys/devices/system/cpu/cpu15/cache/index1/ways_of_associativity
[06Aug2026 12:15:08.758] [Render thread/DEBUG] [oshi.util.FileUtil/]: Reading file /sys/devices/system/cpu/cpu15/cache/index1/ways_of_associativity
[06Aug2026 12:15:08.758] [Render thread/DEBUG] [oshi.util.FileUtil/]: Reading file /sys/devices/system/cpu/cpu15/cache/index1/coherency_line_size
[06Aug2026 12:15:08.758] [Render thread/DEBUG] [oshi.util.FileUtil/]: Reading file /sys/devices/system/cpu/cpu15/cache/index1/coherency_line_size
[06Aug2026 12:15:08.758] [Render thread/DEBUG] [oshi.util.FileUtil/]: Reading file /sys/devices/system/cpu/cpu15/cache/index1/size
[06Aug2026 12:15:08.758] [Render thread/DEBUG] [oshi.util.FileUtil/]: Reading file /sys/devices/system/cpu/cpu15/cache/index1/size
[06Aug2026 12:15:08.758] [Render thread/DEBUG] [oshi.util.FileUtil/]: Reading file /sys/devices/system/cpu/cpu2/topology/core_id
[06Aug2026 12:15:08.758] [Render thread/DEBUG] [oshi.util.FileUtil/]: Reading file /sys/devices/system/cpu/cpu2/topology/core_id
[06Aug2026 12:15:08.758] [Render thread/DEBUG] [oshi.util.FileUtil/]: Reading file /sys/devices/system/cpu/cpu2/topology/physical_package_id
[06Aug2026 12:15:08.758] [Render thread/DEBUG] [oshi.util.FileUtil/]: Reading file /sys/devices/system/cpu/cpu2/topology/physical_package_id
[06Aug2026 12:15:08.758] [Render thread/DEBUG] [oshi.util.FileUtil/]: Reading file /sys/devices/system/cpu/cpu2/cpu_capacity
[06Aug2026 12:15:08.758] [Render thread/DEBUG] [oshi.util.FileUtil/]: Reading file /sys/devices/system/cpu/cpu2/cpu_capacity
[06Aug2026 12:15:08.758] [Render thread/DEBUG] [oshi.util.FileUtil/]: Reading file /sys/devices/system/cpu/cpu2/cache/index2/level
[06Aug2026 12:15:08.758] [Render thread/DEBUG] [oshi.util.FileUtil/]: Reading file /sys/devices/system/cpu/cpu2/cache/index2/level
[06Aug2026 12:15:08.758] [Render thread/DEBUG] [oshi.util.FileUtil/]: Reading file /sys/devices/system/cpu/cpu2/cache/index2/type
[06Aug2026 12:15:08.758] [Render thread/DEBUG] [oshi.util.FileUtil/]: Reading file /sys/devices/system/cpu/cpu2/cache/index2/type
[06Aug2026 12:15:08.758] [Render thread/DEBUG] [oshi.util.FileUtil/]: Reading file /sys/devices/system/cpu/cpu2/cache/index2/ways_of_associativity
[06Aug2026 12:15:08.758] [Render thread/DEBUG] [oshi.util.FileUtil/]: Reading file /sys/devices/system/cpu/cpu2/cache/index2/ways_of_associativity
[06Aug2026 12:15:08.758] [Render thread/DEBUG] [oshi.util.FileUtil/]: Reading file /sys/devices/system/cpu/cpu2/cache/index2/coherency_line_size
[06Aug2026 12:15:08.758] [Render thread/DEBUG] [oshi.util.FileUtil/]: Reading file /sys/devices/system/cpu/cpu2/cache/index2/coherency_line_size
[06Aug2026 12:15:08.759] [Render thread/DEBUG] [oshi.util.FileUtil/]: Reading file /sys/devices/system/cpu/cpu2/cache/index2/size
[06Aug2026 12:15:08.759] [Render thread/DEBUG] [oshi.util.FileUtil/]: Reading file /sys/devices/system/cpu/cpu2/cache/index2/size
[06Aug2026 12:15:08.759] [Render thread/DEBUG] [oshi.util.FileUtil/]: Reading file /sys/devices/system/cpu/cpu2/cache/index0/level
[06Aug2026 12:15:08.759] [Render thread/DEBUG] [oshi.util.FileUtil/]: Reading file /sys/devices/system/cpu/cpu2/cache/index0/level
[06Aug2026 12:15:08.759] [Render thread/DEBUG] [oshi.util.FileUtil/]: Reading file /sys/devices/system/cpu/cpu2/cache/index0/type
[06Aug2026 12:15:08.759] [Render thread/DEBUG] [oshi.util.FileUtil/]: Reading file /sys/devices/system/cpu/cpu2/cache/index0/type
[06Aug2026 12:15:08.759] [Render thread/DEBUG] [oshi.util.FileUtil/]: Reading file /sys/devices/system/cpu/cpu2/cache/index0/ways_of_associativity
[06Aug2026 12:15:08.759] [Render thread/DEBUG] [oshi.util.FileUtil/]: Reading file /sys/devices/system/cpu/cpu2/cache/index0/ways_of_associativity
[06Aug2026 12:15:08.759] [Render thread/DEBUG] [oshi.util.FileUtil/]: Reading file /sys/devices/system/cpu/cpu2/cache/index0/coherency_line_size
[06Aug2026 12:15:08.759] [Render thread/DEBUG] [oshi.util.FileUtil/]: Reading file /sys/devices/system/cpu/cpu2/cache/index0/coherency_line_size
[06Aug2026 12:15:08.759] [Render thread/DEBUG] [oshi.util.FileUtil/]: Reading file /sys/devices/system/cpu/cpu2/cache/index0/size
[06Aug2026 12:15:08.759] [Render thread/DEBUG] [oshi.util.FileUtil/]: Reading file /sys/devices/system/cpu/cpu2/cache/index0/size
[06Aug2026 12:15:08.759] [Render thread/DEBUG] [oshi.util.FileUtil/]: Reading file /sys/devices/system/cpu/cpu2/cache/index3/level
[06Aug2026 12:15:08.759] [Render thread/DEBUG] [oshi.util.FileUtil/]: Reading file /sys/devices/system/cpu/cpu2/cache/index3/level
[06Aug2026 12:15:08.759] [Render thread/DEBUG] [oshi.util.FileUtil/]: Reading file /sys/devices/system/cpu/cpu2/cache/index3/type
[06Aug2026 12:15:08.759] [Render thread/DEBUG] [oshi.util.FileUtil/]: Reading file /sys/devices/system/cpu/cpu2/cache/index3/type
[06Aug2026 12:15:08.759] [Render thread/DEBUG] [oshi.util.FileUtil/]: Reading file /sys/devices/system/cpu/cpu2/cache/index3/ways_of_associativity
[06Aug2026 12:15:08.759] [Render thread/DEBUG] [oshi.util.FileUtil/]: Reading file /sys/devices/system/cpu/cpu2/cache/index3/ways_of_associativity
[06Aug2026 12:15:08.759] [Render thread/DEBUG] [oshi.util.FileUtil/]: Reading file /sys/devices/system/cpu/cpu2/cache/index3/coherency_line_size
[06Aug2026 12:15:08.759] [Render thread/DEBUG] [oshi.util.FileUtil/]: Reading file /sys/devices/system/cpu/cpu2/cache/index3/coherency_line_size
[06Aug2026 12:15:08.759] [Render thread/DEBUG] [oshi.util.FileUtil/]: Reading file /sys/devices/system/cpu/cpu2/cache/index3/size
[06Aug2026 12:15:08.759] [Render thread/DEBUG] [oshi.util.FileUtil/]: Reading file /sys/devices/system/cpu/cpu2/cache/index3/size
[06Aug2026 12:15:08.759] [Render thread/DEBUG] [oshi.util.FileUtil/]: Reading file /sys/devices/system/cpu/cpu2/cache/index1/level
[06Aug2026 12:15:08.759] [Render thread/DEBUG] [oshi.util.FileUtil/]: Reading file /sys/devices/system/cpu/cpu2/cache/index1/level
[06Aug2026 12:15:08.759] [Render thread/DEBUG] [oshi.util.FileUtil/]: Reading file /sys/devices/system/cpu/cpu2/cache/index1/type
[06Aug2026 12:15:08.759] [Render thread/DEBUG] [oshi.util.FileUtil/]: Reading file /sys/devices/system/cpu/cpu2/cache/index1/type
[06Aug2026 12:15:08.759] [Render thread/DEBUG] [oshi.util.FileUtil/]: Reading file /sys/devices/system/cpu/cpu2/cache/index1/ways_of_associativity
[06Aug2026 12:15:08.759] [Render thread/DEBUG] [oshi.util.FileUtil/]: Reading file /sys/devices/system/cpu/cpu2/cache/index1/ways_of_associativity
[06Aug2026 12:15:08.759] [Render thread/DEBUG] [oshi.util.FileUtil/]: Reading file /sys/devices/system/cpu/cpu2/cache/index1/coherency_line_size
[06Aug2026 12:15:08.759] [Render thread/DEBUG] [oshi.util.FileUtil/]: Reading file /sys/devices/system/cpu/cpu2/cache/index1/coherency_line_size
[06Aug2026 12:15:08.759] [Render thread/DEBUG] [oshi.util.FileUtil/]: Reading file /sys/devices/system/cpu/cpu2/cache/index1/size
[06Aug2026 12:15:08.759] [Render thread/DEBUG] [oshi.util.FileUtil/]: Reading file /sys/devices/system/cpu/cpu2/cache/index1/size
[06Aug2026 12:15:08.760] [Render thread/DEBUG] [oshi.util.FileUtil/]: Reading file /sys/devices/system/cpu/cpu3/topology/core_id
[06Aug2026 12:15:08.760] [Render thread/DEBUG] [oshi.util.FileUtil/]: Reading file /sys/devices/system/cpu/cpu3/topology/core_id
[06Aug2026 12:15:08.760] [Render thread/DEBUG] [oshi.util.FileUtil/]: Reading file /sys/devices/system/cpu/cpu3/topology/physical_package_id
[06Aug2026 12:15:08.760] [Render thread/DEBUG] [oshi.util.FileUtil/]: Reading file /sys/devices/system/cpu/cpu3/topology/physical_package_id
[06Aug2026 12:15:08.760] [Render thread/DEBUG] [oshi.util.FileUtil/]: Reading file /sys/devices/system/cpu/cpu3/cpu_capacity
[06Aug2026 12:15:08.760] [Render thread/DEBUG] [oshi.util.FileUtil/]: Reading file /sys/devices/system/cpu/cpu3/cpu_capacity
[06Aug2026 12:15:08.760] [Render thread/DEBUG] [oshi.util.FileUtil/]: Reading file /sys/devices/system/cpu/cpu3/cache/index2/level
[06Aug2026 12:15:08.760] [Render thread/DEBUG] [oshi.util.FileUtil/]: Reading file /sys/devices/system/cpu/cpu3/cache/index2/level
[06Aug2026 12:15:08.760] [Render thread/DEBUG] [oshi.util.FileUtil/]: Reading file /sys/devices/system/cpu/cpu3/cache/index2/type
[06Aug2026 12:15:08.760] [Render thread/DEBUG] [oshi.util.FileUtil/]: Reading file /sys/devices/system/cpu/cpu3/cache/index2/type
[06Aug2026 12:15:08.760] [Render thread/DEBUG] [oshi.util.FileUtil/]: Reading file /sys/devices/system/cpu/cpu3/cache/index2/ways_of_associativity
[06Aug2026 12:15:08.760] [Render thread/DEBUG] [oshi.util.FileUtil/]: Reading file /sys/devices/system/cpu/cpu3/cache/index2/ways_of_associativity
[06Aug2026 12:15:08.760] [Render thread/DEBUG] [oshi.util.FileUtil/]: Reading file /sys/devices/system/cpu/cpu3/cache/index2/coherency_line_size
[06Aug2026 12:15:08.760] [Render thread/DEBUG] [oshi.util.FileUtil/]: Reading file /sys/devices/system/cpu/cpu3/cache/index2/coherency_line_size
[06Aug2026 12:15:08.760] [Render thread/DEBUG] [oshi.util.FileUtil/]: Reading file /sys/devices/system/cpu/cpu3/cache/index2/size
[06Aug2026 12:15:08.760] [Render thread/DEBUG] [oshi.util.FileUtil/]: Reading file /sys/devices/system/cpu/cpu3/cache/index2/size
[06Aug2026 12:15:08.760] [Render thread/DEBUG] [oshi.util.FileUtil/]: Reading file /sys/devices/system/cpu/cpu3/cache/index0/level
[06Aug2026 12:15:08.760] [Render thread/DEBUG] [oshi.util.FileUtil/]: Reading file /sys/devices/system/cpu/cpu3/cache/index0/level
[06Aug2026 12:15:08.761] [Render thread/DEBUG] [oshi.util.FileUtil/]: Reading file /sys/devices/system/cpu/cpu3/cache/index0/type
[06Aug2026 12:15:08.761] [Render thread/DEBUG] [oshi.util.FileUtil/]: Reading file /sys/devices/system/cpu/cpu3/cache/index0/type
[06Aug2026 12:15:08.761] [Render thread/DEBUG] [oshi.util.FileUtil/]: Reading file /sys/devices/system/cpu/cpu3/cache/index0/ways_of_associativity
[06Aug2026 12:15:08.761] [Render thread/DEBUG] [oshi.util.FileUtil/]: Reading file /sys/devices/system/cpu/cpu3/cache/index0/ways_of_associativity
[06Aug2026 12:15:08.761] [Render thread/DEBUG] [oshi.util.FileUtil/]: Reading file /sys/devices/system/cpu/cpu3/cache/index0/coherency_line_size
[06Aug2026 12:15:08.761] [Render thread/DEBUG] [oshi.util.FileUtil/]: Reading file /sys/devices/system/cpu/cpu3/cache/index0/coherency_line_size
[06Aug2026 12:15:08.761] [Render thread/DEBUG] [oshi.util.FileUtil/]: Reading file /sys/devices/system/cpu/cpu3/cache/index0/size
[06Aug2026 12:15:08.761] [Render thread/DEBUG] [oshi.util.FileUtil/]: Reading file /sys/devices/system/cpu/cpu3/cache/index0/size
[06Aug2026 12:15:08.761] [Render thread/DEBUG] [oshi.util.FileUtil/]: Reading file /sys/devices/system/cpu/cpu3/cache/index3/level
[06Aug2026 12:15:08.761] [Render thread/DEBUG] [oshi.util.FileUtil/]: Reading file /sys/devices/system/cpu/cpu3/cache/index3/level
[06Aug2026 12:15:08.761] [Render thread/DEBUG] [oshi.util.FileUtil/]: Reading file /sys/devices/system/cpu/cpu3/cache/index3/type
[06Aug2026 12:15:08.761] [Render thread/DEBUG] [oshi.util.FileUtil/]: Reading file /sys/devices/system/cpu/cpu3/cache/index3/type
[06Aug2026 12:15:08.761] [Render thread/DEBUG] [oshi.util.FileUtil/]: Reading file /sys/devices/system/cpu/cpu3/cache/index3/ways_of_associativity
[06Aug2026 12:15:08.761] [Render thread/DEBUG] [oshi.util.FileUtil/]: Reading file /sys/devices/system/cpu/cpu3/cache/index3/ways_of_associativity
[06Aug2026 12:15:08.761] [Render thread/DEBUG] [oshi.util.FileUtil/]: Reading file /sys/devices/system/cpu/cpu3/cache/index3/coherency_line_size
[06Aug2026 12:15:08.761] [Render thread/DEBUG] [oshi.util.FileUtil/]: Reading file /sys/devices/system/cpu/cpu3/cache/index3/coherency_line_size
[06Aug2026 12:15:08.761] [Render thread/DEBUG] [oshi.util.FileUtil/]: Reading file /sys/devices/system/cpu/cpu3/cache/index3/size
[06Aug2026 12:15:08.761] [Render thread/DEBUG] [oshi.util.FileUtil/]: Reading file /sys/devices/system/cpu/cpu3/cache/index3/size
[06Aug2026 12:15:08.761] [Render thread/DEBUG] [oshi.util.FileUtil/]: Reading file /sys/devices/system/cpu/cpu3/cache/index1/level
[06Aug2026 12:15:08.761] [Render thread/DEBUG] [oshi.util.FileUtil/]: Reading file /sys/devices/system/cpu/cpu3/cache/index1/level
[06Aug2026 12:15:08.761] [Render thread/DEBUG] [oshi.util.FileUtil/]: Reading file /sys/devices/system/cpu/cpu3/cache/index1/type
[06Aug2026 12:15:08.761] [Render thread/DEBUG] [oshi.util.FileUtil/]: Reading file /sys/devices/system/cpu/cpu3/cache/index1/type
[06Aug2026 12:15:08.761] [Render thread/DEBUG] [oshi.util.FileUtil/]: Reading file /sys/devices/system/cpu/cpu3/cache/index1/ways_of_associativity
[06Aug2026 12:15:08.761] [Render thread/DEBUG] [oshi.util.FileUtil/]: Reading file /sys/devices/system/cpu/cpu3/cache/index1/ways_of_associativity
[06Aug2026 12:15:08.761] [Render thread/DEBUG] [oshi.util.FileUtil/]: Reading file /sys/devices/system/cpu/cpu3/cache/index1/coherency_line_size
[06Aug2026 12:15:08.761] [Render thread/DEBUG] [oshi.util.FileUtil/]: Reading file /sys/devices/system/cpu/cpu3/cache/index1/coherency_line_size
[06Aug2026 12:15:08.761] [Render thread/DEBUG] [oshi.util.FileUtil/]: Reading file /sys/devices/system/cpu/cpu3/cache/index1/size
[06Aug2026 12:15:08.761] [Render thread/DEBUG] [oshi.util.FileUtil/]: Reading file /sys/devices/system/cpu/cpu3/cache/index1/size
[06Aug2026 12:15:08.762] [Render thread/DEBUG] [oshi.util.FileUtil/]: Reading file /sys/devices/system/cpu/cpu4/topology/core_id
[06Aug2026 12:15:08.762] [Render thread/DEBUG] [oshi.util.FileUtil/]: Reading file /sys/devices/system/cpu/cpu4/topology/core_id
[06Aug2026 12:15:08.762] [Render thread/DEBUG] [oshi.util.FileUtil/]: Reading file /sys/devices/system/cpu/cpu4/topology/physical_package_id
[06Aug2026 12:15:08.762] [Render thread/DEBUG] [oshi.util.FileUtil/]: Reading file /sys/devices/system/cpu/cpu4/topology/physical_package_id
[06Aug2026 12:15:08.762] [Render thread/DEBUG] [oshi.util.FileUtil/]: Reading file /sys/devices/system/cpu/cpu4/cpu_capacity
[06Aug2026 12:15:08.762] [Render thread/DEBUG] [oshi.util.FileUtil/]: Reading file /sys/devices/system/cpu/cpu4/cpu_capacity
[06Aug2026 12:15:08.762] [Render thread/DEBUG] [oshi.util.FileUtil/]: Reading file /sys/devices/system/cpu/cpu4/cache/index2/level
[06Aug2026 12:15:08.762] [Render thread/DEBUG] [oshi.util.FileUtil/]: Reading file /sys/devices/system/cpu/cpu4/cache/index2/level
[06Aug2026 12:15:08.762] [Render thread/DEBUG] [oshi.util.FileUtil/]: Reading file /sys/devices/system/cpu/cpu4/cache/index2/type
[06Aug2026 12:15:08.762] [Render thread/DEBUG] [oshi.util.FileUtil/]: Reading file /sys/devices/system/cpu/cpu4/cache/index2/type
[06Aug2026 12:15:08.762] [Render thread/DEBUG] [oshi.util.FileUtil/]: Reading file /sys/devices/system/cpu/cpu4/cache/index2/ways_of_associativity
[06Aug2026 12:15:08.762] [Render thread/DEBUG] [oshi.util.FileUtil/]: Reading file /sys/devices/system/cpu/cpu4/cache/index2/ways_of_associativity
[06Aug2026 12:15:08.762] [Render thread/DEBUG] [oshi.util.FileUtil/]: Reading file /sys/devices/system/cpu/cpu4/cache/index2/coherency_line_size
[06Aug2026 12:15:08.762] [Render thread/DEBUG] [oshi.util.FileUtil/]: Reading file /sys/devices/system/cpu/cpu4/cache/index2/coherency_line_size
[06Aug2026 12:15:08.762] [Render thread/DEBUG] [oshi.util.FileUtil/]: Reading file /sys/devices/system/cpu/cpu4/cache/index2/size
[06Aug2026 12:15:08.762] [Render thread/DEBUG] [oshi.util.FileUtil/]: Reading file /sys/devices/system/cpu/cpu4/cache/index2/size
[06Aug2026 12:15:08.762] [Render thread/DEBUG] [oshi.util.FileUtil/]: Reading file /sys/devices/system/cpu/cpu4/cache/index0/level
[06Aug2026 12:15:08.762] [Render thread/DEBUG] [oshi.util.FileUtil/]: Reading file /sys/devices/system/cpu/cpu4/cache/index0/level
[06Aug2026 12:15:08.762] [Render thread/DEBUG] [oshi.util.FileUtil/]: Reading file /sys/devices/system/cpu/cpu4/cache/index0/type
[06Aug2026 12:15:08.762] [Render thread/DEBUG] [oshi.util.FileUtil/]: Reading file /sys/devices/system/cpu/cpu4/cache/index0/type
[06Aug2026 12:15:08.762] [Render thread/DEBUG] [oshi.util.FileUtil/]: Reading file /sys/devices/system/cpu/cpu4/cache/index0/ways_of_associativity
[06Aug2026 12:15:08.762] [Render thread/DEBUG] [oshi.util.FileUtil/]: Reading file /sys/devices/system/cpu/cpu4/cache/index0/ways_of_associativity
[06Aug2026 12:15:08.763] [Render thread/DEBUG] [oshi.util.FileUtil/]: Reading file /sys/devices/system/cpu/cpu4/cache/index0/coherency_line_size
[06Aug2026 12:15:08.763] [Render thread/DEBUG] [oshi.util.FileUtil/]: Reading file /sys/devices/system/cpu/cpu4/cache/index0/coherency_line_size
[06Aug2026 12:15:08.763] [Render thread/DEBUG] [oshi.util.FileUtil/]: Reading file /sys/devices/system/cpu/cpu4/cache/index0/size
[06Aug2026 12:15:08.763] [Render thread/DEBUG] [oshi.util.FileUtil/]: Reading file /sys/devices/system/cpu/cpu4/cache/index0/size
[06Aug2026 12:15:08.763] [Render thread/DEBUG] [oshi.util.FileUtil/]: Reading file /sys/devices/system/cpu/cpu4/cache/index3/level
[06Aug2026 12:15:08.763] [Render thread/DEBUG] [oshi.util.FileUtil/]: Reading file /sys/devices/system/cpu/cpu4/cache/index3/level
[06Aug2026 12:15:08.763] [Render thread/DEBUG] [oshi.util.FileUtil/]: Reading file /sys/devices/system/cpu/cpu4/cache/index3/type
[06Aug2026 12:15:08.763] [Render thread/DEBUG] [oshi.util.FileUtil/]: Reading file /sys/devices/system/cpu/cpu4/cache/index3/type
[06Aug2026 12:15:08.763] [Render thread/DEBUG] [oshi.util.FileUtil/]: Reading file /sys/devices/system/cpu/cpu4/cache/index3/ways_of_associativity
[06Aug2026 12:15:08.763] [Render thread/DEBUG] [oshi.util.FileUtil/]: Reading file /sys/devices/system/cpu/cpu4/cache/index3/ways_of_associativity
[06Aug2026 12:15:08.763] [Render thread/DEBUG] [oshi.util.FileUtil/]: Reading file /sys/devices/system/cpu/cpu4/cache/index3/coherency_line_size
[06Aug2026 12:15:08.763] [Render thread/DEBUG] [oshi.util.FileUtil/]: Reading file /sys/devices/system/cpu/cpu4/cache/index3/coherency_line_size
[06Aug2026 12:15:08.763] [Render thread/DEBUG] [oshi.util.FileUtil/]: Reading file /sys/devices/system/cpu/cpu4/cache/index3/size
[06Aug2026 12:15:08.763] [Render thread/DEBUG] [oshi.util.FileUtil/]: Reading file /sys/devices/system/cpu/cpu4/cache/index3/size
[06Aug2026 12:15:08.763] [Render thread/DEBUG] [oshi.util.FileUtil/]: Reading file /sys/devices/system/cpu/cpu4/cache/index1/level
[06Aug2026 12:15:08.763] [Render thread/DEBUG] [oshi.util.FileUtil/]: Reading file /sys/devices/system/cpu/cpu4/cache/index1/level
[06Aug2026 12:15:08.763] [Render thread/DEBUG] [oshi.util.FileUtil/]: Reading file /sys/devices/system/cpu/cpu4/cache/index1/type
[06Aug2026 12:15:08.763] [Render thread/DEBUG] [oshi.util.FileUtil/]: Reading file /sys/devices/system/cpu/cpu4/cache/index1/type
[06Aug2026 12:15:08.763] [Render thread/DEBUG] [oshi.util.FileUtil/]: Reading file /sys/devices/system/cpu/cpu4/cache/index1/ways_of_associativity
[06Aug2026 12:15:08.763] [Render thread/DEBUG] [oshi.util.FileUtil/]: Reading file /sys/devices/system/cpu/cpu4/cache/index1/ways_of_associativity
[06Aug2026 12:15:08.763] [Render thread/DEBUG] [oshi.util.FileUtil/]: Reading file /sys/devices/system/cpu/cpu4/cache/index1/coherency_line_size
[06Aug2026 12:15:08.764] [Render thread/DEBUG] [oshi.util.FileUtil/]: Reading file /sys/devices/system/cpu/cpu4/cache/index1/coherency_line_size
[06Aug2026 12:15:08.764] [Render thread/DEBUG] [oshi.util.FileUtil/]: Reading file /sys/devices/system/cpu/cpu4/cache/index1/size
[06Aug2026 12:15:08.764] [Render thread/DEBUG] [oshi.util.FileUtil/]: Reading file /sys/devices/system/cpu/cpu4/cache/index1/size
[06Aug2026 12:15:08.764] [Render thread/DEBUG] [oshi.util.FileUtil/]: Reading file /sys/devices/system/cpu/cpu5/topology/core_id
[06Aug2026 12:15:08.764] [Render thread/DEBUG] [oshi.util.FileUtil/]: Reading file /sys/devices/system/cpu/cpu5/topology/core_id
[06Aug2026 12:15:08.764] [Render thread/DEBUG] [oshi.util.FileUtil/]: Reading file /sys/devices/system/cpu/cpu5/topology/physical_package_id
[06Aug2026 12:15:08.764] [Render thread/DEBUG] [oshi.util.FileUtil/]: Reading file /sys/devices/system/cpu/cpu5/topology/physical_package_id
[06Aug2026 12:15:08.764] [Render thread/DEBUG] [oshi.util.FileUtil/]: Reading file /sys/devices/system/cpu/cpu5/cpu_capacity
[06Aug2026 12:15:08.764] [Render thread/DEBUG] [oshi.util.FileUtil/]: Reading file /sys/devices/system/cpu/cpu5/cpu_capacity
[06Aug2026 12:15:08.765] [Render thread/DEBUG] [oshi.util.FileUtil/]: Reading file /sys/devices/system/cpu/cpu5/cache/index2/level
[06Aug2026 12:15:08.765] [Render thread/DEBUG] [oshi.util.FileUtil/]: Reading file /sys/devices/system/cpu/cpu5/cache/index2/level
[06Aug2026 12:15:08.765] [Render thread/DEBUG] [oshi.util.FileUtil/]: Reading file /sys/devices/system/cpu/cpu5/cache/index2/type
[06Aug2026 12:15:08.765] [Render thread/DEBUG] [oshi.util.FileUtil/]: Reading file /sys/devices/system/cpu/cpu5/cache/index2/type
[06Aug2026 12:15:08.765] [Render thread/DEBUG] [oshi.util.FileUtil/]: Reading file /sys/devices/system/cpu/cpu5/cache/index2/ways_of_associativity
[06Aug2026 12:15:08.765] [Render thread/DEBUG] [oshi.util.FileUtil/]: Reading file /sys/devices/system/cpu/cpu5/cache/index2/ways_of_associativity
[06Aug2026 12:15:08.765] [Render thread/DEBUG] [oshi.util.FileUtil/]: Reading file /sys/devices/system/cpu/cpu5/cache/index2/coherency_line_size
[06Aug2026 12:15:08.765] [Render thread/DEBUG] [oshi.util.FileUtil/]: Reading file /sys/devices/system/cpu/cpu5/cache/index2/coherency_line_size
[06Aug2026 12:15:08.765] [Render thread/DEBUG] [oshi.util.FileUtil/]: Reading file /sys/devices/system/cpu/cpu5/cache/index2/size
[06Aug2026 12:15:08.765] [Render thread/DEBUG] [oshi.util.FileUtil/]: Reading file /sys/devices/system/cpu/cpu5/cache/index2/size
[06Aug2026 12:15:08.765] [Render thread/DEBUG] [oshi.util.FileUtil/]: Reading file /sys/devices/system/cpu/cpu5/cache/index0/level
[06Aug2026 12:15:08.765] [Render thread/DEBUG] [oshi.util.FileUtil/]: Reading file /sys/devices/system/cpu/cpu5/cache/index0/level
[06Aug2026 12:15:08.765] [Render thread/DEBUG] [oshi.util.FileUtil/]: Reading file /sys/devices/system/cpu/cpu5/cache/index0/type
[06Aug2026 12:15:08.765] [Render thread/DEBUG] [oshi.util.FileUtil/]: Reading file /sys/devices/system/cpu/cpu5/cache/index0/type
[06Aug2026 12:15:08.765] [Render thread/DEBUG] [oshi.util.FileUtil/]: Reading file /sys/devices/system/cpu/cpu5/cache/index0/ways_of_associativity
[06Aug2026 12:15:08.765] [Render thread/DEBUG] [oshi.util.FileUtil/]: Reading file /sys/devices/system/cpu/cpu5/cache/index0/ways_of_associativity
[06Aug2026 12:15:08.765] [Render thread/DEBUG] [oshi.util.FileUtil/]: Reading file /sys/devices/system/cpu/cpu5/cache/index0/coherency_line_size
[06Aug2026 12:15:08.765] [Render thread/DEBUG] [oshi.util.FileUtil/]: Reading file /sys/devices/system/cpu/cpu5/cache/index0/coherency_line_size
[06Aug2026 12:15:08.765] [Render thread/DEBUG] [oshi.util.FileUtil/]: Reading file /sys/devices/system/cpu/cpu5/cache/index0/size
[06Aug2026 12:15:08.765] [Render thread/DEBUG] [oshi.util.FileUtil/]: Reading file /sys/devices/system/cpu/cpu5/cache/index0/size
[06Aug2026 12:15:08.765] [Render thread/DEBUG] [oshi.util.FileUtil/]: Reading file /sys/devices/system/cpu/cpu5/cache/index3/level
[06Aug2026 12:15:08.765] [Render thread/DEBUG] [oshi.util.FileUtil/]: Reading file /sys/devices/system/cpu/cpu5/cache/index3/level
[06Aug2026 12:15:08.765] [Render thread/DEBUG] [oshi.util.FileUtil/]: Reading file /sys/devices/system/cpu/cpu5/cache/index3/type
[06Aug2026 12:15:08.765] [Render thread/DEBUG] [oshi.util.FileUtil/]: Reading file /sys/devices/system/cpu/cpu5/cache/index3/type
[06Aug2026 12:15:08.766] [Render thread/DEBUG] [oshi.util.FileUtil/]: Reading file /sys/devices/system/cpu/cpu5/cache/index3/ways_of_associativity
[06Aug2026 12:15:08.766] [Render thread/DEBUG] [oshi.util.FileUtil/]: Reading file /sys/devices/system/cpu/cpu5/cache/index3/ways_of_associativity
[06Aug2026 12:15:08.766] [Render thread/DEBUG] [oshi.util.FileUtil/]: Reading file /sys/devices/system/cpu/cpu5/cache/index3/coherency_line_size
[06Aug2026 12:15:08.766] [Render thread/DEBUG] [oshi.util.FileUtil/]: Reading file /sys/devices/system/cpu/cpu5/cache/index3/coherency_line_size
[06Aug2026 12:15:08.766] [Render thread/DEBUG] [oshi.util.FileUtil/]: Reading file /sys/devices/system/cpu/cpu5/cache/index3/size
[06Aug2026 12:15:08.766] [Render thread/DEBUG] [oshi.util.FileUtil/]: Reading file /sys/devices/system/cpu/cpu5/cache/index3/size
[06Aug2026 12:15:08.766] [Render thread/DEBUG] [oshi.util.FileUtil/]: Reading file /sys/devices/system/cpu/cpu5/cache/index1/level
[06Aug2026 12:15:08.766] [Render thread/DEBUG] [oshi.util.FileUtil/]: Reading file /sys/devices/system/cpu/cpu5/cache/index1/level
[06Aug2026 12:15:08.766] [Render thread/DEBUG] [oshi.util.FileUtil/]: Reading file /sys/devices/system/cpu/cpu5/cache/index1/type
[06Aug2026 12:15:08.766] [Render thread/DEBUG] [oshi.util.FileUtil/]: Reading file /sys/devices/system/cpu/cpu5/cache/index1/type
[06Aug2026 12:15:08.766] [Render thread/DEBUG] [oshi.util.FileUtil/]: Reading file /sys/devices/system/cpu/cpu5/cache/index1/ways_of_associativity
[06Aug2026 12:15:08.766] [Render thread/DEBUG] [oshi.util.FileUtil/]: Reading file /sys/devices/system/cpu/cpu5/cache/index1/ways_of_associativity
[06Aug2026 12:15:08.766] [Render thread/DEBUG] [oshi.util.FileUtil/]: Reading file /sys/devices/system/cpu/cpu5/cache/index1/coherency_line_size
[06Aug2026 12:15:08.766] [Render thread/DEBUG] [oshi.util.FileUtil/]: Reading file /sys/devices/system/cpu/cpu5/cache/index1/coherency_line_size
[06Aug2026 12:15:08.766] [Render thread/DEBUG] [oshi.util.FileUtil/]: Reading file /sys/devices/system/cpu/cpu5/cache/index1/size
[06Aug2026 12:15:08.766] [Render thread/DEBUG] [oshi.util.FileUtil/]: Reading file /sys/devices/system/cpu/cpu5/cache/index1/size
[06Aug2026 12:15:08.767] [Render thread/DEBUG] [oshi.util.FileUtil/]: Reading file /sys/devices/system/cpu/cpu6/topology/core_id
[06Aug2026 12:15:08.767] [Render thread/DEBUG] [oshi.util.FileUtil/]: Reading file /sys/devices/system/cpu/cpu6/topology/core_id
[06Aug2026 12:15:08.767] [Render thread/DEBUG] [oshi.util.FileUtil/]: Reading file /sys/devices/system/cpu/cpu6/topology/physical_package_id
[06Aug2026 12:15:08.767] [Render thread/DEBUG] [oshi.util.FileUtil/]: Reading file /sys/devices/system/cpu/cpu6/topology/physical_package_id
[06Aug2026 12:15:08.767] [Render thread/DEBUG] [oshi.util.FileUtil/]: Reading file /sys/devices/system/cpu/cpu6/cpu_capacity
[06Aug2026 12:15:08.767] [Render thread/DEBUG] [oshi.util.FileUtil/]: Reading file /sys/devices/system/cpu/cpu6/cpu_capacity
[06Aug2026 12:15:08.767] [Render thread/DEBUG] [oshi.util.FileUtil/]: Reading file /sys/devices/system/cpu/cpu6/cache/index2/level
[06Aug2026 12:15:08.767] [Render thread/DEBUG] [oshi.util.FileUtil/]: Reading file /sys/devices/system/cpu/cpu6/cache/index2/level
[06Aug2026 12:15:08.767] [Render thread/DEBUG] [oshi.util.FileUtil/]: Reading file /sys/devices/system/cpu/cpu6/cache/index2/type
[06Aug2026 12:15:08.767] [Render thread/DEBUG] [oshi.util.FileUtil/]: Reading file /sys/devices/system/cpu/cpu6/cache/index2/type
[06Aug2026 12:15:08.767] [Render thread/DEBUG] [oshi.util.FileUtil/]: Reading file /sys/devices/system/cpu/cpu6/cache/index2/ways_of_associativity
[06Aug2026 12:15:08.767] [Render thread/DEBUG] [oshi.util.FileUtil/]: Reading file /sys/devices/system/cpu/cpu6/cache/index2/ways_of_associativity
[06Aug2026 12:15:08.767] [Render thread/DEBUG] [oshi.util.FileUtil/]: Reading file /sys/devices/system/cpu/cpu6/cache/index2/coherency_line_size
[06Aug2026 12:15:08.767] [Render thread/DEBUG] [oshi.util.FileUtil/]: Reading file /sys/devices/system/cpu/cpu6/cache/index2/coherency_line_size
[06Aug2026 12:15:08.767] [Render thread/DEBUG] [oshi.util.FileUtil/]: Reading file /sys/devices/system/cpu/cpu6/cache/index2/size
[06Aug2026 12:15:08.767] [Render thread/DEBUG] [oshi.util.FileUtil/]: Reading file /sys/devices/system/cpu/cpu6/cache/index2/size
[06Aug2026 12:15:08.767] [Render thread/DEBUG] [oshi.util.FileUtil/]: Reading file /sys/devices/system/cpu/cpu6/cache/index0/level
[06Aug2026 12:15:08.767] [Render thread/DEBUG] [oshi.util.FileUtil/]: Reading file /sys/devices/system/cpu/cpu6/cache/index0/level
[06Aug2026 12:15:08.767] [Render thread/DEBUG] [oshi.util.FileUtil/]: Reading file /sys/devices/system/cpu/cpu6/cache/index0/type
[06Aug2026 12:15:08.767] [Render thread/DEBUG] [oshi.util.FileUtil/]: Reading file /sys/devices/system/cpu/cpu6/cache/index0/type
[06Aug2026 12:15:08.767] [Render thread/DEBUG] [oshi.util.FileUtil/]: Reading file /sys/devices/system/cpu/cpu6/cache/index0/ways_of_associativity
[06Aug2026 12:15:08.767] [Render thread/DEBUG] [oshi.util.FileUtil/]: Reading file /sys/devices/system/cpu/cpu6/cache/index0/ways_of_associativity
[06Aug2026 12:15:08.767] [Render thread/DEBUG] [oshi.util.FileUtil/]: Reading file /sys/devices/system/cpu/cpu6/cache/index0/coherency_line_size
[06Aug2026 12:15:08.767] [Render thread/DEBUG] [oshi.util.FileUtil/]: Reading file /sys/devices/system/cpu/cpu6/cache/index0/coherency_line_size
[06Aug2026 12:15:08.768] [Render thread/DEBUG] [oshi.util.FileUtil/]: Reading file /sys/devices/system/cpu/cpu6/cache/index0/size
[06Aug2026 12:15:08.768] [Render thread/DEBUG] [oshi.util.FileUtil/]: Reading file /sys/devices/system/cpu/cpu6/cache/index0/size
[06Aug2026 12:15:08.768] [Render thread/DEBUG] [oshi.util.FileUtil/]: Reading file /sys/devices/system/cpu/cpu6/cache/index3/level
[06Aug2026 12:15:08.768] [Render thread/DEBUG] [oshi.util.FileUtil/]: Reading file /sys/devices/system/cpu/cpu6/cache/index3/level
[06Aug2026 12:15:08.768] [Render thread/DEBUG] [oshi.util.FileUtil/]: Reading file /sys/devices/system/cpu/cpu6/cache/index3/type
[06Aug2026 12:15:08.768] [Render thread/DEBUG] [oshi.util.FileUtil/]: Reading file /sys/devices/system/cpu/cpu6/cache/index3/type
[06Aug2026 12:15:08.768] [Render thread/DEBUG] [oshi.util.FileUtil/]: Reading file /sys/devices/system/cpu/cpu6/cache/index3/ways_of_associativity
[06Aug2026 12:15:08.768] [Render thread/DEBUG] [oshi.util.FileUtil/]: Reading file /sys/devices/system/cpu/cpu6/cache/index3/ways_of_associativity
[06Aug2026 12:15:08.768] [Render thread/DEBUG] [oshi.util.FileUtil/]: Reading file /sys/devices/system/cpu/cpu6/cache/index3/coherency_line_size
[06Aug2026 12:15:08.768] [Render thread/DEBUG] [oshi.util.FileUtil/]: Reading file /sys/devices/system/cpu/cpu6/cache/index3/coherency_line_size
[06Aug2026 12:15:08.768] [Render thread/DEBUG] [oshi.util.FileUtil/]: Reading file /sys/devices/system/cpu/cpu6/cache/index3/size
[06Aug2026 12:15:08.768] [Render thread/DEBUG] [oshi.util.FileUtil/]: Reading file /sys/devices/system/cpu/cpu6/cache/index3/size
[06Aug2026 12:15:08.768] [Render thread/DEBUG] [oshi.util.FileUtil/]: Reading file /sys/devices/system/cpu/cpu6/cache/index1/level
[06Aug2026 12:15:08.768] [Render thread/DEBUG] [oshi.util.FileUtil/]: Reading file /sys/devices/system/cpu/cpu6/cache/index1/level
[06Aug2026 12:15:08.768] [Render thread/DEBUG] [oshi.util.FileUtil/]: Reading file /sys/devices/system/cpu/cpu6/cache/index1/type
[06Aug2026 12:15:08.768] [Render thread/DEBUG] [oshi.util.FileUtil/]: Reading file /sys/devices/system/cpu/cpu6/cache/index1/type
[06Aug2026 12:15:08.768] [Render thread/DEBUG] [oshi.util.FileUtil/]: Reading file /sys/devices/system/cpu/cpu6/cache/index1/ways_of_associativity
[06Aug2026 12:15:08.768] [Render thread/DEBUG] [oshi.util.FileUtil/]: Reading file /sys/devices/system/cpu/cpu6/cache/index1/ways_of_associativity
[06Aug2026 12:15:08.768] [Render thread/DEBUG] [oshi.util.FileUtil/]: Reading file /sys/devices/system/cpu/cpu6/cache/index1/coherency_line_size
[06Aug2026 12:15:08.768] [Render thread/DEBUG] [oshi.util.FileUtil/]: Reading file /sys/devices/system/cpu/cpu6/cache/index1/coherency_line_size
[06Aug2026 12:15:08.768] [Render thread/DEBUG] [oshi.util.FileUtil/]: Reading file /sys/devices/system/cpu/cpu6/cache/index1/size
[06Aug2026 12:15:08.768] [Render thread/DEBUG] [oshi.util.FileUtil/]: Reading file /sys/devices/system/cpu/cpu6/cache/index1/size
[06Aug2026 12:15:08.769] [Render thread/DEBUG] [oshi.util.FileUtil/]: Reading file /sys/devices/system/cpu/cpu7/topology/core_id
[06Aug2026 12:15:08.769] [Render thread/DEBUG] [oshi.util.FileUtil/]: Reading file /sys/devices/system/cpu/cpu7/topology/core_id
[06Aug2026 12:15:08.769] [Render thread/DEBUG] [oshi.util.FileUtil/]: Reading file /sys/devices/system/cpu/cpu7/topology/physical_package_id
[06Aug2026 12:15:08.769] [Render thread/DEBUG] [oshi.util.FileUtil/]: Reading file /sys/devices/system/cpu/cpu7/topology/physical_package_id
[06Aug2026 12:15:08.769] [Render thread/DEBUG] [oshi.util.FileUtil/]: Reading file /sys/devices/system/cpu/cpu7/cpu_capacity
[06Aug2026 12:15:08.769] [Render thread/DEBUG] [oshi.util.FileUtil/]: Reading file /sys/devices/system/cpu/cpu7/cpu_capacity
[06Aug2026 12:15:08.769] [Render thread/DEBUG] [oshi.util.FileUtil/]: Reading file /sys/devices/system/cpu/cpu7/cache/index2/level
[06Aug2026 12:15:08.769] [Render thread/DEBUG] [oshi.util.FileUtil/]: Reading file /sys/devices/system/cpu/cpu7/cache/index2/level
[06Aug2026 12:15:08.769] [Render thread/DEBUG] [oshi.util.FileUtil/]: Reading file /sys/devices/system/cpu/cpu7/cache/index2/type
[06Aug2026 12:15:08.769] [Render thread/DEBUG] [oshi.util.FileUtil/]: Reading file /sys/devices/system/cpu/cpu7/cache/index2/type
[06Aug2026 12:15:08.769] [Render thread/DEBUG] [oshi.util.FileUtil/]: Reading file /sys/devices/system/cpu/cpu7/cache/index2/ways_of_associativity
[06Aug2026 12:15:08.769] [Render thread/DEBUG] [oshi.util.FileUtil/]: Reading file /sys/devices/system/cpu/cpu7/cache/index2/ways_of_associativity
[06Aug2026 12:15:08.769] [Render thread/DEBUG] [oshi.util.FileUtil/]: Reading file /sys/devices/system/cpu/cpu7/cache/index2/coherency_line_size
[06Aug2026 12:15:08.769] [Render thread/DEBUG] [oshi.util.FileUtil/]: Reading file /sys/devices/system/cpu/cpu7/cache/index2/coherency_line_size
[06Aug2026 12:15:08.769] [Render thread/DEBUG] [oshi.util.FileUtil/]: Reading file /sys/devices/system/cpu/cpu7/cache/index2/size
[06Aug2026 12:15:08.769] [Render thread/DEBUG] [oshi.util.FileUtil/]: Reading file /sys/devices/system/cpu/cpu7/cache/index2/size
[06Aug2026 12:15:08.769] [Render thread/DEBUG] [oshi.util.FileUtil/]: Reading file /sys/devices/system/cpu/cpu7/cache/index0/level
[06Aug2026 12:15:08.769] [Render thread/DEBUG] [oshi.util.FileUtil/]: Reading file /sys/devices/system/cpu/cpu7/cache/index0/level
[06Aug2026 12:15:08.769] [Render thread/DEBUG] [oshi.util.FileUtil/]: Reading file /sys/devices/system/cpu/cpu7/cache/index0/type
[06Aug2026 12:15:08.769] [Render thread/DEBUG] [oshi.util.FileUtil/]: Reading file /sys/devices/system/cpu/cpu7/cache/index0/type
[06Aug2026 12:15:08.769] [Render thread/DEBUG] [oshi.util.FileUtil/]: Reading file /sys/devices/system/cpu/cpu7/cache/index0/ways_of_associativity
[06Aug2026 12:15:08.769] [Render thread/DEBUG] [oshi.util.FileUtil/]: Reading file /sys/devices/system/cpu/cpu7/cache/index0/ways_of_associativity
[06Aug2026 12:15:08.769] [Render thread/DEBUG] [oshi.util.FileUtil/]: Reading file /sys/devices/system/cpu/cpu7/cache/index0/coherency_line_size
[06Aug2026 12:15:08.769] [Render thread/DEBUG] [oshi.util.FileUtil/]: Reading file /sys/devices/system/cpu/cpu7/cache/index0/coherency_line_size
[06Aug2026 12:15:08.770] [Render thread/DEBUG] [oshi.util.FileUtil/]: Reading file /sys/devices/system/cpu/cpu7/cache/index0/size
[06Aug2026 12:15:08.770] [Render thread/DEBUG] [oshi.util.FileUtil/]: Reading file /sys/devices/system/cpu/cpu7/cache/index0/size
[06Aug2026 12:15:08.770] [Render thread/DEBUG] [oshi.util.FileUtil/]: Reading file /sys/devices/system/cpu/cpu7/cache/index3/level
[06Aug2026 12:15:08.770] [Render thread/DEBUG] [oshi.util.FileUtil/]: Reading file /sys/devices/system/cpu/cpu7/cache/index3/level
[06Aug2026 12:15:08.770] [Render thread/DEBUG] [oshi.util.FileUtil/]: Reading file /sys/devices/system/cpu/cpu7/cache/index3/type
[06Aug2026 12:15:08.770] [Render thread/DEBUG] [oshi.util.FileUtil/]: Reading file /sys/devices/system/cpu/cpu7/cache/index3/type
[06Aug2026 12:15:08.770] [Render thread/DEBUG] [oshi.util.FileUtil/]: Reading file /sys/devices/system/cpu/cpu7/cache/index3/ways_of_associativity
[06Aug2026 12:15:08.770] [Render thread/DEBUG] [oshi.util.FileUtil/]: Reading file /sys/devices/system/cpu/cpu7/cache/index3/ways_of_associativity
[06Aug2026 12:15:08.770] [Render thread/DEBUG] [oshi.util.FileUtil/]: Reading file /sys/devices/system/cpu/cpu7/cache/index3/coherency_line_size
[06Aug2026 12:15:08.770] [Render thread/DEBUG] [oshi.util.FileUtil/]: Reading file /sys/devices/system/cpu/cpu7/cache/index3/coherency_line_size
[06Aug2026 12:15:08.770] [Render thread/DEBUG] [oshi.util.FileUtil/]: Reading file /sys/devices/system/cpu/cpu7/cache/index3/size
[06Aug2026 12:15:08.770] [Render thread/DEBUG] [oshi.util.FileUtil/]: Reading file /sys/devices/system/cpu/cpu7/cache/index3/size
[06Aug2026 12:15:08.770] [Render thread/DEBUG] [oshi.util.FileUtil/]: Reading file /sys/devices/system/cpu/cpu7/cache/index1/level
[06Aug2026 12:15:08.770] [Render thread/DEBUG] [oshi.util.FileUtil/]: Reading file /sys/devices/system/cpu/cpu7/cache/index1/level
[06Aug2026 12:15:08.770] [Render thread/DEBUG] [oshi.util.FileUtil/]: Reading file /sys/devices/system/cpu/cpu7/cache/index1/type
[06Aug2026 12:15:08.770] [Render thread/DEBUG] [oshi.util.FileUtil/]: Reading file /sys/devices/system/cpu/cpu7/cache/index1/type
[06Aug2026 12:15:08.770] [Render thread/DEBUG] [oshi.util.FileUtil/]: Reading file /sys/devices/system/cpu/cpu7/cache/index1/ways_of_associativity
[06Aug2026 12:15:08.770] [Render thread/DEBUG] [oshi.util.FileUtil/]: Reading file /sys/devices/system/cpu/cpu7/cache/index1/ways_of_associativity
[06Aug2026 12:15:08.770] [Render thread/DEBUG] [oshi.util.FileUtil/]: Reading file /sys/devices/system/cpu/cpu7/cache/index1/coherency_line_size
[06Aug2026 12:15:08.770] [Render thread/DEBUG] [oshi.util.FileUtil/]: Reading file /sys/devices/system/cpu/cpu7/cache/index1/coherency_line_size
[06Aug2026 12:15:08.770] [Render thread/DEBUG] [oshi.util.FileUtil/]: Reading file /sys/devices/system/cpu/cpu7/cache/index1/size
[06Aug2026 12:15:08.770] [Render thread/DEBUG] [oshi.util.FileUtil/]: Reading file /sys/devices/system/cpu/cpu7/cache/index1/size
[06Aug2026 12:15:08.771] [Render thread/DEBUG] [oshi.util.FileUtil/]: Reading file /sys/devices/system/cpu/cpu8/topology/core_id
[06Aug2026 12:15:08.771] [Render thread/DEBUG] [oshi.util.FileUtil/]: Reading file /sys/devices/system/cpu/cpu8/topology/core_id
[06Aug2026 12:15:08.771] [Render thread/DEBUG] [oshi.util.FileUtil/]: Reading file /sys/devices/system/cpu/cpu8/topology/physical_package_id
[06Aug2026 12:15:08.771] [Render thread/DEBUG] [oshi.util.FileUtil/]: Reading file /sys/devices/system/cpu/cpu8/topology/physical_package_id
[06Aug2026 12:15:08.771] [Render thread/DEBUG] [oshi.util.FileUtil/]: Reading file /sys/devices/system/cpu/cpu8/cpu_capacity
[06Aug2026 12:15:08.771] [Render thread/DEBUG] [oshi.util.FileUtil/]: Reading file /sys/devices/system/cpu/cpu8/cpu_capacity
[06Aug2026 12:15:08.771] [Render thread/DEBUG] [oshi.util.FileUtil/]: Reading file /sys/devices/system/cpu/cpu8/cache/index2/level
[06Aug2026 12:15:08.771] [Render thread/DEBUG] [oshi.util.FileUtil/]: Reading file /sys/devices/system/cpu/cpu8/cache/index2/level
[06Aug2026 12:15:08.771] [Render thread/DEBUG] [oshi.util.FileUtil/]: Reading file /sys/devices/system/cpu/cpu8/cache/index2/type
[06Aug2026 12:15:08.771] [Render thread/DEBUG] [oshi.util.FileUtil/]: Reading file /sys/devices/system/cpu/cpu8/cache/index2/type
[06Aug2026 12:15:08.771] [Render thread/DEBUG] [oshi.util.FileUtil/]: Reading file /sys/devices/system/cpu/cpu8/cache/index2/ways_of_associativity
[06Aug2026 12:15:08.771] [Render thread/DEBUG] [oshi.util.FileUtil/]: Reading file /sys/devices/system/cpu/cpu8/cache/index2/ways_of_associativity
[06Aug2026 12:15:08.771] [Render thread/DEBUG] [oshi.util.FileUtil/]: Reading file /sys/devices/system/cpu/cpu8/cache/index2/coherency_line_size
[06Aug2026 12:15:08.771] [Render thread/DEBUG] [oshi.util.FileUtil/]: Reading file /sys/devices/system/cpu/cpu8/cache/index2/coherency_line_size
[06Aug2026 12:15:08.771] [Render thread/DEBUG] [oshi.util.FileUtil/]: Reading file /sys/devices/system/cpu/cpu8/cache/index2/size
[06Aug2026 12:15:08.771] [Render thread/DEBUG] [oshi.util.FileUtil/]: Reading file /sys/devices/system/cpu/cpu8/cache/index2/size
[06Aug2026 12:15:08.771] [Render thread/DEBUG] [oshi.util.FileUtil/]: Reading file /sys/devices/system/cpu/cpu8/cache/index0/level
[06Aug2026 12:15:08.771] [Render thread/DEBUG] [oshi.util.FileUtil/]: Reading file /sys/devices/system/cpu/cpu8/cache/index0/level
[06Aug2026 12:15:08.771] [Render thread/DEBUG] [oshi.util.FileUtil/]: Reading file /sys/devices/system/cpu/cpu8/cache/index0/type
[06Aug2026 12:15:08.771] [Render thread/DEBUG] [oshi.util.FileUtil/]: Reading file /sys/devices/system/cpu/cpu8/cache/index0/type
[06Aug2026 12:15:08.771] [Render thread/DEBUG] [oshi.util.FileUtil/]: Reading file /sys/devices/system/cpu/cpu8/cache/index0/ways_of_associativity
[06Aug2026 12:15:08.771] [Render thread/DEBUG] [oshi.util.FileUtil/]: Reading file /sys/devices/system/cpu/cpu8/cache/index0/ways_of_associativity
[06Aug2026 12:15:08.771] [Render thread/DEBUG] [oshi.util.FileUtil/]: Reading file /sys/devices/system/cpu/cpu8/cache/index0/coherency_line_size
[06Aug2026 12:15:08.772] [Render thread/DEBUG] [oshi.util.FileUtil/]: Reading file /sys/devices/system/cpu/cpu8/cache/index0/coherency_line_size
[06Aug2026 12:15:08.772] [Render thread/DEBUG] [oshi.util.FileUtil/]: Reading file /sys/devices/system/cpu/cpu8/cache/index0/size
[06Aug2026 12:15:08.772] [Render thread/DEBUG] [oshi.util.FileUtil/]: Reading file /sys/devices/system/cpu/cpu8/cache/index0/size
[06Aug2026 12:15:08.772] [Render thread/DEBUG] [oshi.util.FileUtil/]: Reading file /sys/devices/system/cpu/cpu8/cache/index3/level
[06Aug2026 12:15:08.772] [Render thread/DEBUG] [oshi.util.FileUtil/]: Reading file /sys/devices/system/cpu/cpu8/cache/index3/level
[06Aug2026 12:15:08.772] [Render thread/DEBUG] [oshi.util.FileUtil/]: Reading file /sys/devices/system/cpu/cpu8/cache/index3/type
[06Aug2026 12:15:08.772] [Render thread/DEBUG] [oshi.util.FileUtil/]: Reading file /sys/devices/system/cpu/cpu8/cache/index3/type
[06Aug2026 12:15:08.772] [Render thread/DEBUG] [oshi.util.FileUtil/]: Reading file /sys/devices/system/cpu/cpu8/cache/index3/ways_of_associativity
[06Aug2026 12:15:08.772] [Render thread/DEBUG] [oshi.util.FileUtil/]: Reading file /sys/devices/system/cpu/cpu8/cache/index3/ways_of_associativity
[06Aug2026 12:15:08.772] [Render thread/DEBUG] [oshi.util.FileUtil/]: Reading file /sys/devices/system/cpu/cpu8/cache/index3/coherency_line_size
[06Aug2026 12:15:08.772] [Render thread/DEBUG] [oshi.util.FileUtil/]: Reading file /sys/devices/system/cpu/cpu8/cache/index3/coherency_line_size
[06Aug2026 12:15:08.772] [Render thread/DEBUG] [oshi.util.FileUtil/]: Reading file /sys/devices/system/cpu/cpu8/cache/index3/size
[06Aug2026 12:15:08.772] [Render thread/DEBUG] [oshi.util.FileUtil/]: Reading file /sys/devices/system/cpu/cpu8/cache/index3/size
[06Aug2026 12:15:08.772] [Render thread/DEBUG] [oshi.util.FileUtil/]: Reading file /sys/devices/system/cpu/cpu8/cache/index1/level
[06Aug2026 12:15:08.772] [Render thread/DEBUG] [oshi.util.FileUtil/]: Reading file /sys/devices/system/cpu/cpu8/cache/index1/level
[06Aug2026 12:15:08.772] [Render thread/DEBUG] [oshi.util.FileUtil/]: Reading file /sys/devices/system/cpu/cpu8/cache/index1/type
[06Aug2026 12:15:08.772] [Render thread/DEBUG] [oshi.util.FileUtil/]: Reading file /sys/devices/system/cpu/cpu8/cache/index1/type
[06Aug2026 12:15:08.772] [Render thread/DEBUG] [oshi.util.FileUtil/]: Reading file /sys/devices/system/cpu/cpu8/cache/index1/ways_of_associativity
[06Aug2026 12:15:08.772] [Render thread/DEBUG] [oshi.util.FileUtil/]: Reading file /sys/devices/system/cpu/cpu8/cache/index1/ways_of_associativity
[06Aug2026 12:15:08.772] [Render thread/DEBUG] [oshi.util.FileUtil/]: Reading file /sys/devices/system/cpu/cpu8/cache/index1/coherency_line_size
[06Aug2026 12:15:08.772] [Render thread/DEBUG] [oshi.util.FileUtil/]: Reading file /sys/devices/system/cpu/cpu8/cache/index1/coherency_line_size
[06Aug2026 12:15:08.772] [Render thread/DEBUG] [oshi.util.FileUtil/]: Reading file /sys/devices/system/cpu/cpu8/cache/index1/size
[06Aug2026 12:15:08.772] [Render thread/DEBUG] [oshi.util.FileUtil/]: Reading file /sys/devices/system/cpu/cpu8/cache/index1/size
[06Aug2026 12:15:08.773] [Render thread/DEBUG] [oshi.util.FileUtil/]: Reading file /sys/devices/system/cpu/cpu9/topology/core_id
[06Aug2026 12:15:08.773] [Render thread/DEBUG] [oshi.util.FileUtil/]: Reading file /sys/devices/system/cpu/cpu9/topology/core_id
[06Aug2026 12:15:08.773] [Render thread/DEBUG] [oshi.util.FileUtil/]: Reading file /sys/devices/system/cpu/cpu9/topology/physical_package_id
[06Aug2026 12:15:08.773] [Render thread/DEBUG] [oshi.util.FileUtil/]: Reading file /sys/devices/system/cpu/cpu9/topology/physical_package_id
[06Aug2026 12:15:08.773] [Render thread/DEBUG] [oshi.util.FileUtil/]: Reading file /sys/devices/system/cpu/cpu9/cpu_capacity
[06Aug2026 12:15:08.773] [Render thread/DEBUG] [oshi.util.FileUtil/]: Reading file /sys/devices/system/cpu/cpu9/cpu_capacity
[06Aug2026 12:15:08.773] [Render thread/DEBUG] [oshi.util.FileUtil/]: Reading file /sys/devices/system/cpu/cpu9/cache/index2/level
[06Aug2026 12:15:08.773] [Render thread/DEBUG] [oshi.util.FileUtil/]: Reading file /sys/devices/system/cpu/cpu9/cache/index2/level
[06Aug2026 12:15:08.773] [Render thread/DEBUG] [oshi.util.FileUtil/]: Reading file /sys/devices/system/cpu/cpu9/cache/index2/type
[06Aug2026 12:15:08.773] [Render thread/DEBUG] [oshi.util.FileUtil/]: Reading file /sys/devices/system/cpu/cpu9/cache/index2/type
[06Aug2026 12:15:08.773] [Render thread/DEBUG] [oshi.util.FileUtil/]: Reading file /sys/devices/system/cpu/cpu9/cache/index2/ways_of_associativity
[06Aug2026 12:15:08.773] [Render thread/DEBUG] [oshi.util.FileUtil/]: Reading file /sys/devices/system/cpu/cpu9/cache/index2/ways_of_associativity
[06Aug2026 12:15:08.773] [Render thread/DEBUG] [oshi.util.FileUtil/]: Reading file /sys/devices/system/cpu/cpu9/cache/index2/coherency_line_size
[06Aug2026 12:15:08.773] [Render thread/DEBUG] [oshi.util.FileUtil/]: Reading file /sys/devices/system/cpu/cpu9/cache/index2/coherency_line_size
[06Aug2026 12:15:08.773] [Render thread/DEBUG] [oshi.util.FileUtil/]: Reading file /sys/devices/system/cpu/cpu9/cache/index2/size
[06Aug2026 12:15:08.773] [Render thread/DEBUG] [oshi.util.FileUtil/]: Reading file /sys/devices/system/cpu/cpu9/cache/index2/size
[06Aug2026 12:15:08.773] [Render thread/DEBUG] [oshi.util.FileUtil/]: Reading file /sys/devices/system/cpu/cpu9/cache/index0/level
[06Aug2026 12:15:08.773] [Render thread/DEBUG] [oshi.util.FileUtil/]: Reading file /sys/devices/system/cpu/cpu9/cache/index0/level
[06Aug2026 12:15:08.773] [Render thread/DEBUG] [oshi.util.FileUtil/]: Reading file /sys/devices/system/cpu/cpu9/cache/index0/type
[06Aug2026 12:15:08.773] [Render thread/DEBUG] [oshi.util.FileUtil/]: Reading file /sys/devices/system/cpu/cpu9/cache/index0/type
[06Aug2026 12:15:08.773] [Render thread/DEBUG] [oshi.util.FileUtil/]: Reading file /sys/devices/system/cpu/cpu9/cache/index0/ways_of_associativity
[06Aug2026 12:15:08.773] [Render thread/DEBUG] [oshi.util.FileUtil/]: Reading file /sys/devices/system/cpu/cpu9/cache/index0/ways_of_associativity
[06Aug2026 12:15:08.773] [Render thread/DEBUG] [oshi.util.FileUtil/]: Reading file /sys/devices/system/cpu/cpu9/cache/index0/coherency_line_size
[06Aug2026 12:15:08.773] [Render thread/DEBUG] [oshi.util.FileUtil/]: Reading file /sys/devices/system/cpu/cpu9/cache/index0/coherency_line_size
[06Aug2026 12:15:08.774] [Render thread/DEBUG] [oshi.util.FileUtil/]: Reading file /sys/devices/system/cpu/cpu9/cache/index0/size
[06Aug2026 12:15:08.774] [Render thread/DEBUG] [oshi.util.FileUtil/]: Reading file /sys/devices/system/cpu/cpu9/cache/index0/size
[06Aug2026 12:15:08.774] [Render thread/DEBUG] [oshi.util.FileUtil/]: Reading file /sys/devices/system/cpu/cpu9/cache/index3/level
[06Aug2026 12:15:08.774] [Render thread/DEBUG] [oshi.util.FileUtil/]: Reading file /sys/devices/system/cpu/cpu9/cache/index3/level
[06Aug2026 12:15:08.774] [Render thread/DEBUG] [oshi.util.FileUtil/]: Reading file /sys/devices/system/cpu/cpu9/cache/index3/type
[06Aug2026 12:15:08.774] [Render thread/DEBUG] [oshi.util.FileUtil/]: Reading file /sys/devices/system/cpu/cpu9/cache/index3/type
[06Aug2026 12:15:08.774] [Render thread/DEBUG] [oshi.util.FileUtil/]: Reading file /sys/devices/system/cpu/cpu9/cache/index3/ways_of_associativity
[06Aug2026 12:15:08.774] [Render thread/DEBUG] [oshi.util.FileUtil/]: Reading file /sys/devices/system/cpu/cpu9/cache/index3/ways_of_associativity
[06Aug2026 12:15:08.774] [Render thread/DEBUG] [oshi.util.FileUtil/]: Reading file /sys/devices/system/cpu/cpu9/cache/index3/coherency_line_size
[06Aug2026 12:15:08.774] [Render thread/DEBUG] [oshi.util.FileUtil/]: Reading file /sys/devices/system/cpu/cpu9/cache/index3/coherency_line_size
[06Aug2026 12:15:08.774] [Render thread/DEBUG] [oshi.util.FileUtil/]: Reading file /sys/devices/system/cpu/cpu9/cache/index3/size
[06Aug2026 12:15:08.774] [Render thread/DEBUG] [oshi.util.FileUtil/]: Reading file /sys/devices/system/cpu/cpu9/cache/index3/size
[06Aug2026 12:15:08.774] [Render thread/DEBUG] [oshi.util.FileUtil/]: Reading file /sys/devices/system/cpu/cpu9/cache/index1/level
[06Aug2026 12:15:08.774] [Render thread/DEBUG] [oshi.util.FileUtil/]: Reading file /sys/devices/system/cpu/cpu9/cache/index1/level
[06Aug2026 12:15:08.774] [Render thread/DEBUG] [oshi.util.FileUtil/]: Reading file /sys/devices/system/cpu/cpu9/cache/index1/type
[06Aug2026 12:15:08.774] [Render thread/DEBUG] [oshi.util.FileUtil/]: Reading file /sys/devices/system/cpu/cpu9/cache/index1/type
[06Aug2026 12:15:08.774] [Render thread/DEBUG] [oshi.util.FileUtil/]: Reading file /sys/devices/system/cpu/cpu9/cache/index1/ways_of_associativity
[06Aug2026 12:15:08.774] [Render thread/DEBUG] [oshi.util.FileUtil/]: Reading file /sys/devices/system/cpu/cpu9/cache/index1/ways_of_associativity
[06Aug2026 12:15:08.774] [Render thread/DEBUG] [oshi.util.FileUtil/]: Reading file /sys/devices/system/cpu/cpu9/cache/index1/coherency_line_size
[06Aug2026 12:15:08.774] [Render thread/DEBUG] [oshi.util.FileUtil/]: Reading file /sys/devices/system/cpu/cpu9/cache/index1/coherency_line_size
[06Aug2026 12:15:08.774] [Render thread/DEBUG] [oshi.util.FileUtil/]: Reading file /sys/devices/system/cpu/cpu9/cache/index1/size
[06Aug2026 12:15:08.774] [Render thread/DEBUG] [oshi.util.FileUtil/]: Reading file /sys/devices/system/cpu/cpu9/cache/index1/size
[06Aug2026 12:15:08.775] [Render thread/DEBUG] [oshi.util.FileUtil/]: Reading file /proc/cpuinfo
[06Aug2026 12:15:08.995] [Render thread/DEBUG] [oshi.util.FileUtil/]: Reading file /proc/self/auxv
[06Aug2026 12:15:08.997] [Render thread/DEBUG] [mixin/]: Mixing client.DebugGlDebugMixin from veil.debug.mixins.json into com.mojang.blaze3d.platform.GlDebug
[06Aug2026 12:15:08.998] [Render thread/DEBUG] [mixin/]: veil.debug.mixins.json:client.DebugGlDebugMixin from mod veil->@Inject::onGLError(IIIIIJJLorg/spongepowered/asm/mixin/injection/callback/CallbackInfo;)V doesn't use it's CallbackInfo
[06Aug2026 12:15:09.025] [Render thread/DEBUG] [mixin/]: Mixing accessor.RenderStateShardAccessor from veil.rendertype.mixins.json into net.minecraft.client.renderer.RenderStateShard
[06Aug2026 12:15:09.028] [Render thread/DEBUG] [mixin/]: Mixing client.RenderTypeMixin from veil.neoforge.mixins.json into net.minecraft.client.renderer.RenderType
[06Aug2026 12:15:09.029] [Render thread/DEBUG] [mixin/]: Mixing accessor.RenderTypeAccessor from veil.rendertype.mixins.json into net.minecraft.client.renderer.RenderType
[06Aug2026 12:15:09.029] [Render thread/DEBUG] [mixin/]: Mixing client.RenderTypeMixin from veil.rendertype.mixins.json into net.minecraft.client.renderer.RenderType
[06Aug2026 12:15:09.030] [Render thread/DEBUG] [mixin/]: Mixing client.accessor.RenderTypeAccessor from ponder-common.mixins.json into net.minecraft.client.renderer.RenderType
[06Aug2026 12:15:09.030] [Render thread/DEBUG] [mixin/]: ponder-common.mixins.json:client.accessor.RenderTypeAccessor from mod ponder: Class version 65 required is higher than the class version supported by the current version of Mixin (JAVA_17 supports class version 61)
[06Aug2026 12:15:09.030] [Render thread/DEBUG] [mixin/]: Renaming @Invoker method catnip$create(Ljava/lang/String;Lcom/mojang/blaze3d/vertex/VertexFormat;Lcom/mojang/blaze3d/vertex/VertexFormat$Mode;IZZLnet/minecraft/client/renderer/RenderType$CompositeState;)Lnet/minecraft/client/renderer/RenderType$CompositeRenderType; to catnip$create$ponder_$md$b5b860$0 in ponder-common.mixins.json:client.accessor.RenderTypeAccessor from mod ponder
[06Aug2026 12:15:09.032] [Render thread/DEBUG] [mixin/]: veil.neoforge.mixins.json:client.RenderTypeMixin from mod veil->@Inject::injectChunkBufferLayers(Lorg/spongepowered/asm/mixin/injection/callback/CallbackInfoReturnable;)V does use it's CallbackInfoReturnable
[06Aug2026 12:15:09.032] [Render thread/DEBUG] [mixin/]: veil.rendertype.mixins.json:client.RenderTypeMixin from mod veil->@Inject::injectShards(Lorg/spongepowered/asm/mixin/injection/callback/CallbackInfoReturnable;)V does use it's CallbackInfoReturnable
[06Aug2026 12:15:09.041] [Render thread/DEBUG] [mixin/]: Mixing accessor.DebugGameRendererAccessor from veil.debug.mixins.json into net.minecraft.client.renderer.GameRenderer
[06Aug2026 12:15:09.042] [Render thread/DEBUG] [mixin/]: Mixing client.profiler.GameRendererMixin from veil.debug.mixins.json into net.minecraft.client.renderer.GameRenderer
[06Aug2026 12:15:09.043] [Render thread/DEBUG] [mixin/]: Mixing accessor.DynamicBufferGameRendererAccessor from veil.dynamicbuffer.mixins.json into net.minecraft.client.renderer.GameRenderer
[06Aug2026 12:15:09.043] [Render thread/DEBUG] [mixin/]: Mixing client.DynamicBufferGameRendererMixin from veil.dynamicbuffer.mixins.json into net.minecraft.client.renderer.GameRenderer
[06Aug2026 12:15:09.045] [Render thread/DEBUG] [mixin/]: Mixing accessor.GameRendererAccessor from veil.perspective.mixins.json into net.minecraft.client.renderer.GameRenderer
[06Aug2026 12:15:09.045] [Render thread/DEBUG] [mixin/]: Mixing client.PipelineGameRendererMixin from veil.pipeline.mixins.json into net.minecraft.client.renderer.GameRenderer
[06Aug2026 12:15:09.050] [Render thread/DEBUG] [mixin/]: Mixing client.ShaderGameRendererMixin from veil.shader.mixins.json into net.minecraft.client.renderer.GameRenderer
[06Aug2026 12:15:09.053] [Render thread/DEBUG] [mixin/]: Mixing throttle_lever.GameRendererMixin from simulated.mixins.json into net.minecraft.client.renderer.GameRenderer
[06Aug2026 12:15:09.055] [Render thread/DEBUG] [mixin/]: Mixing client.accessor.GameRendererAccessor from ponder-common.mixins.json into net.minecraft.client.renderer.GameRenderer
[06Aug2026 12:15:09.055] [Render thread/DEBUG] [mixin/]: ponder-common.mixins.json:client.accessor.GameRendererAccessor from mod ponder: Class version 65 required is higher than the class version supported by the current version of Mixin (JAVA_17 supports class version 61)
[06Aug2026 12:15:09.055] [Render thread/DEBUG] [mixin/]: Mixing client.GameRendererMixin from create.mixins.json into net.minecraft.client.renderer.GameRenderer
[06Aug2026 12:15:09.055] [Render thread/DEBUG] [mixin/]: Mixing camera.new_camera_types.GameRendererMixin from sable.mixins.json into net.minecraft.client.renderer.GameRenderer
[06Aug2026 12:15:09.056] [Render thread/DEBUG] [mixin/]: Mixing clip_overwrite.GameRendererMixin from sable.mixins.json into net.minecraft.client.renderer.GameRenderer
[06Aug2026 12:15:09.056] [Render thread/DEBUG] [mixin/]: Renaming synthetic method lambda$sable$renderLevel$0(FLjava/lang/Object;)Ldev/ryanhcode/sable/companion/math/Pose3dc; to mdb5b860$sable$lambda$sable$renderLevel$0$0 in sable.mixins.json:clip_overwrite.GameRendererMixin from mod sable
[06Aug2026 12:15:09.058] [Render thread/DEBUG] [mixin/]: Mixing config.GameRendererAccessor from sable.mixins.json into net.minecraft.client.renderer.GameRenderer
[06Aug2026 12:15:09.058] [Render thread/DEBUG] [mixin/]: Mixing entity.entities_turn_with_sub_levels.GameRendererMixin from sable.mixins.json into net.minecraft.client.renderer.GameRenderer
[06Aug2026 12:15:09.061] [Render thread/DEBUG] [mixin/]: Mixing water_occlusion.GameRendererMixin from sable.mixins.json into net.minecraft.client.renderer.GameRenderer
[06Aug2026 12:15:09.088] [Render thread/DEBUG] [mixin/]: veil.debug.mixins.json:client.profiler.GameRendererMixin from mod veil->@Inject::preRenderLevel(Lorg/spongepowered/asm/mixin/injection/callback/CallbackInfo;)V doesn't use it's CallbackInfo
[06Aug2026 12:15:09.089] [Render thread/DEBUG] [mixin/]: veil.debug.mixins.json:client.profiler.GameRendererMixin from mod veil->@Inject::preRenderLevel(Lorg/spongepowered/asm/mixin/injection/callback/CallbackInfo;)V has 0 override(s) in child classes
[06Aug2026 12:15:09.089] [Render thread/DEBUG] [mixin/]: veil.debug.mixins.json:client.profiler.GameRendererMixin from mod veil->@Inject::preRenderLevel(Lorg/spongepowered/asm/mixin/injection/callback/CallbackInfo;)V won't be passed a CallbackInfo as a result
[06Aug2026 12:15:09.089] [Render thread/DEBUG] [mixin/]: veil.debug.mixins.json:client.profiler.GameRendererMixin from mod veil->@Inject::preRenderOutline(Lorg/spongepowered/asm/mixin/injection/callback/CallbackInfo;)V doesn't use it's CallbackInfo
[06Aug2026 12:15:09.089] [Render thread/DEBUG] [mixin/]: veil.debug.mixins.json:client.profiler.GameRendererMixin from mod veil->@Inject::preRenderOutline(Lorg/spongepowered/asm/mixin/injection/callback/CallbackInfo;)V has 0 override(s) in child classes
[06Aug2026 12:15:09.089] [Render thread/DEBUG] [mixin/]: veil.debug.mixins.json:client.profiler.GameRendererMixin from mod veil->@Inject::preRenderOutline(Lorg/spongepowered/asm/mixin/injection/callback/CallbackInfo;)V won't be passed a CallbackInfo as a result
[06Aug2026 12:15:09.089] [Render thread/DEBUG] [mixin/]: veil.debug.mixins.json:client.profiler.GameRendererMixin from mod veil->@Inject::preRunPostEffect(Lorg/spongepowered/asm/mixin/injection/callback/CallbackInfo;)V doesn't use it's CallbackInfo
[06Aug2026 12:15:09.089] [Render thread/DEBUG] [mixin/]: veil.debug.mixins.json:client.profiler.GameRendererMixin from mod veil->@Inject::preRunPostEffect(Lorg/spongepowered/asm/mixin/injection/callback/CallbackInfo;)V has 0 override(s) in child classes
[06Aug2026 12:15:09.089] [Render thread/DEBUG] [mixin/]: veil.debug.mixins.json:client.profiler.GameRendererMixin from mod veil->@Inject::preRunPostEffect(Lorg/spongepowered/asm/mixin/injection/callback/CallbackInfo;)V won't be passed a CallbackInfo as a result
[06Aug2026 12:15:09.089] [Render thread/DEBUG] [mixin/]: veil.debug.mixins.json:client.profiler.GameRendererMixin from mod veil->@Inject::postRender(Lorg/spongepowered/asm/mixin/injection/callback/CallbackInfo;)V doesn't use it's CallbackInfo
[06Aug2026 12:15:09.089] [Render thread/DEBUG] [mixin/]: veil.debug.mixins.json:client.profiler.GameRendererMixin from mod veil->@Inject::postRender(Lorg/spongepowered/asm/mixin/injection/callback/CallbackInfo;)V has 0 override(s) in child classes
[06Aug2026 12:15:09.089] [Render thread/DEBUG] [mixin/]: veil.debug.mixins.json:client.profiler.GameRendererMixin from mod veil->@Inject::postRender(Lorg/spongepowered/asm/mixin/injection/callback/CallbackInfo;)V won't be passed a CallbackInfo as a result
[06Aug2026 12:15:09.089] [Render thread/DEBUG] [mixin/]: veil.debug.mixins.json:client.profiler.GameRendererMixin from mod veil->@Inject::preRenderGui(Lorg/spongepowered/asm/mixin/injection/callback/CallbackInfo;)V doesn't use it's CallbackInfo
[06Aug2026 12:15:09.089] [Render thread/DEBUG] [mixin/]: veil.debug.mixins.json:client.profiler.GameRendererMixin from mod veil->@Inject::preRenderGui(Lorg/spongepowered/asm/mixin/injection/callback/CallbackInfo;)V has 0 override(s) in child classes
[06Aug2026 12:15:09.089] [Render thread/DEBUG] [mixin/]: veil.debug.mixins.json:client.profiler.GameRendererMixin from mod veil->@Inject::preRenderGui(Lorg/spongepowered/asm/mixin/injection/callback/CallbackInfo;)V won't be passed a CallbackInfo as a result
[06Aug2026 12:15:09.089] [Render thread/DEBUG] [mixin/]: veil.debug.mixins.json:client.profiler.GameRendererMixin from mod veil->@Inject::postRenderGui(Lorg/spongepowered/asm/mixin/injection/callback/CallbackInfo;)V doesn't use it's CallbackInfo
[06Aug2026 12:15:09.089] [Render thread/DEBUG] [mixin/]: veil.debug.mixins.json:client.profiler.GameRendererMixin from mod veil->@Inject::postRenderGui(Lorg/spongepowered/asm/mixin/injection/callback/CallbackInfo;)V has 0 override(s) in child classes
[06Aug2026 12:15:09.089] [Render thread/DEBUG] [mixin/]: veil.debug.mixins.json:client.profiler.GameRendererMixin from mod veil->@Inject::postRenderGui(Lorg/spongepowered/asm/mixin/injection/callback/CallbackInfo;)V won't be passed a CallbackInfo as a result
[06Aug2026 12:15:09.089] [Render thread/DEBUG] [mixin/]: veil.dynamicbuffer.mixins.json:client.DynamicBufferGameRendererMixin from mod veil->@Inject::reloadShaders(Lnet/minecraft/server/packs/resources/ResourceProvider;Lorg/spongepowered/asm/mixin/injection/callback/CallbackInfo;)V doesn't use it's CallbackInfo
[06Aug2026 12:15:09.089] [Render thread/DEBUG] [mixin/]: veil.dynamicbuffer.mixins.json:client.DynamicBufferGameRendererMixin from mod veil->@Inject::reloadShaders(Lnet/minecraft/server/packs/resources/ResourceProvider;Lorg/spongepowered/asm/mixin/injection/callback/CallbackInfo;)V has 0 override(s) in child classes
[06Aug2026 12:15:09.089] [Render thread/DEBUG] [mixin/]: veil.dynamicbuffer.mixins.json:client.DynamicBufferGameRendererMixin from mod veil->@Inject::reloadShaders(Lnet/minecraft/server/packs/resources/ResourceProvider;Lorg/spongepowered/asm/mixin/injection/callback/CallbackInfo;)V won't be passed a CallbackInfo as a result
[06Aug2026 12:15:09.089] [Render thread/DEBUG] [mixin/]: veil.pipeline.mixins.json:client.PipelineGameRendererMixin from mod veil->@Inject::renderLevelStart(Lorg/spongepowered/asm/mixin/injection/callback/CallbackInfo;)V doesn't use it's CallbackInfo
[06Aug2026 12:15:09.089] [Render thread/DEBUG] [mixin/]: veil.pipeline.mixins.json:client.PipelineGameRendererMixin from mod veil->@Inject::renderLevelStart(Lorg/spongepowered/asm/mixin/injection/callback/CallbackInfo;)V has 0 override(s) in child classes
[06Aug2026 12:15:09.089] [Render thread/DEBUG] [mixin/]: veil.pipeline.mixins.json:client.PipelineGameRendererMixin from mod veil->@Inject::renderLevelStart(Lorg/spongepowered/asm/mixin/injection/callback/CallbackInfo;)V won't be passed a CallbackInfo as a result
[06Aug2026 12:15:09.089] [Render thread/DEBUG] [mixin/]: veil.pipeline.mixins.json:client.PipelineGameRendererMixin from mod veil->@Inject::bobViewSetup(Lorg/spongepowered/asm/mixin/injection/callback/CallbackInfo;)V doesn't use it's CallbackInfo
[06Aug2026 12:15:09.089] [Render thread/DEBUG] [mixin/]: veil.pipeline.mixins.json:client.PipelineGameRendererMixin from mod veil->@Inject::bobViewSetup(Lorg/spongepowered/asm/mixin/injection/callback/CallbackInfo;)V has 0 override(s) in child classes
[06Aug2026 12:15:09.089] [Render thread/DEBUG] [mixin/]: veil.pipeline.mixins.json:client.PipelineGameRendererMixin from mod veil->@Inject::bobViewSetup(Lorg/spongepowered/asm/mixin/injection/callback/CallbackInfo;)V won't be passed a CallbackInfo as a result
[06Aug2026 12:15:09.089] [Render thread/DEBUG] [mixin/]: veil.pipeline.mixins.json:client.PipelineGameRendererMixin from mod veil->@Inject::bobViewClear(Lorg/spongepowered/asm/mixin/injection/callback/CallbackInfo;)V doesn't use it's CallbackInfo
[06Aug2026 12:15:09.089] [Render thread/DEBUG] [mixin/]: veil.pipeline.mixins.json:client.PipelineGameRendererMixin from mod veil->@Inject::bobViewClear(Lorg/spongepowered/asm/mixin/injection/callback/CallbackInfo;)V has 0 override(s) in child classes
[06Aug2026 12:15:09.089] [Render thread/DEBUG] [mixin/]: veil.pipeline.mixins.json:client.PipelineGameRendererMixin from mod veil->@Inject::bobViewClear(Lorg/spongepowered/asm/mixin/injection/callback/CallbackInfo;)V won't be passed a CallbackInfo as a result
[06Aug2026 12:15:09.089] [Render thread/DEBUG] [mixin/]: ArgsClassGenerator assigning org.spongepowered.asm.synthetic.args.Args$1 for descriptor (FFF)V
[06Aug2026 12:15:09.090] [Render thread/DEBUG] [mixin/]: veil.pipeline.mixins.json:client.PipelineGameRendererMixin from mod veil->@Inject::resizeListener(Lorg/spongepowered/asm/mixin/injection/callback/CallbackInfo;)V doesn't use it's CallbackInfo
[06Aug2026 12:15:09.090] [Render thread/DEBUG] [mixin/]: veil.pipeline.mixins.json:client.PipelineGameRendererMixin from mod veil->@Inject::resizeListener(Lorg/spongepowered/asm/mixin/injection/callback/CallbackInfo;)V has 0 override(s) in child classes
[06Aug2026 12:15:09.090] [Render thread/DEBUG] [mixin/]: veil.pipeline.mixins.json:client.PipelineGameRendererMixin from mod veil->@Inject::resizeListener(Lorg/spongepowered/asm/mixin/injection/callback/CallbackInfo;)V won't be passed a CallbackInfo as a result
[06Aug2026 12:15:09.090] [Render thread/DEBUG] [mixin/]: veil.pipeline.mixins.json:client.PipelineGameRendererMixin from mod veil->@Inject::renderPost(Lorg/spongepowered/asm/mixin/injection/callback/CallbackInfo;)V doesn't use it's CallbackInfo
[06Aug2026 12:15:09.090] [Render thread/DEBUG] [mixin/]: veil.pipeline.mixins.json:client.PipelineGameRendererMixin from mod veil->@Inject::renderPost(Lorg/spongepowered/asm/mixin/injection/callback/CallbackInfo;)V has 0 override(s) in child classes
[06Aug2026 12:15:09.090] [Render thread/DEBUG] [mixin/]: veil.pipeline.mixins.json:client.PipelineGameRendererMixin from mod veil->@Inject::renderPost(Lorg/spongepowered/asm/mixin/injection/callback/CallbackInfo;)V won't be passed a CallbackInfo as a result
[06Aug2026 12:15:09.090] [Render thread/DEBUG] [mixin/]: veil.pipeline.mixins.json:client.PipelineGameRendererMixin from mod veil->@Inject::updateGuiCamera(Lorg/spongepowered/asm/mixin/injection/callback/CallbackInfo;)V doesn't use it's CallbackInfo
[06Aug2026 12:15:09.090] [Render thread/DEBUG] [mixin/]: veil.pipeline.mixins.json:client.PipelineGameRendererMixin from mod veil->@Inject::updateGuiCamera(Lorg/spongepowered/asm/mixin/injection/callback/CallbackInfo;)V has 0 override(s) in child classes
[06Aug2026 12:15:09.090] [Render thread/DEBUG] [mixin/]: veil.pipeline.mixins.json:client.PipelineGameRendererMixin from mod veil->@Inject::updateGuiCamera(Lorg/spongepowered/asm/mixin/injection/callback/CallbackInfo;)V won't be passed a CallbackInfo as a result
[06Aug2026 12:15:09.090] [Render thread/DEBUG] [mixin/]: veil.pipeline.mixins.json:client.PipelineGameRendererMixin from mod veil->@Inject::unbindGuiCamera(Lorg/spongepowered/asm/mixin/injection/callback/CallbackInfo;)V doesn't use it's CallbackInfo
[06Aug2026 12:15:09.090] [Render thread/DEBUG] [mixin/]: veil.pipeline.mixins.json:client.PipelineGameRendererMixin from mod veil->@Inject::unbindGuiCamera(Lorg/spongepowered/asm/mixin/injection/callback/CallbackInfo;)V has 0 override(s) in child classes
[06Aug2026 12:15:09.090] [Render thread/DEBUG] [mixin/]: veil.pipeline.mixins.json:client.PipelineGameRendererMixin from mod veil->@Inject::unbindGuiCamera(Lorg/spongepowered/asm/mixin/injection/callback/CallbackInfo;)V won't be passed a CallbackInfo as a result
[06Aug2026 12:15:09.090] [Render thread/DEBUG] [mixin/]: veil.pipeline.mixins.json:client.PipelineGameRendererMixin from mod veil->@Inject::unbindFirstPerson(Lorg/spongepowered/asm/mixin/injection/callback/CallbackInfo;)V doesn't use it's CallbackInfo
[06Aug2026 12:15:09.090] [Render thread/DEBUG] [mixin/]: veil.pipeline.mixins.json:client.PipelineGameRendererMixin from mod veil->@Inject::unbindFirstPerson(Lorg/spongepowered/asm/mixin/injection/callback/CallbackInfo;)V has 0 override(s) in child classes
[06Aug2026 12:15:09.090] [Render thread/DEBUG] [mixin/]: veil.pipeline.mixins.json:client.PipelineGameRendererMixin from mod veil->@Inject::unbindFirstPerson(Lorg/spongepowered/asm/mixin/injection/callback/CallbackInfo;)V won't be passed a CallbackInfo as a result
[06Aug2026 12:15:09.090] [Render thread/DEBUG] [mixin/]: veil.pipeline.mixins.json:client.PipelineGameRendererMixin from mod veil->@Inject::free(Lorg/spongepowered/asm/mixin/injection/callback/CallbackInfo;)V doesn't use it's CallbackInfo
[06Aug2026 12:15:09.090] [Render thread/DEBUG] [mixin/]: veil.pipeline.mixins.json:client.PipelineGameRendererMixin from mod veil->@Inject::free(Lorg/spongepowered/asm/mixin/injection/callback/CallbackInfo;)V has 0 override(s) in child classes
[06Aug2026 12:15:09.090] [Render thread/DEBUG] [mixin/]: veil.pipeline.mixins.json:client.PipelineGameRendererMixin from mod veil->@Inject::free(Lorg/spongepowered/asm/mixin/injection/callback/CallbackInfo;)V won't be passed a CallbackInfo as a result
[06Aug2026 12:15:09.090] [Render thread/DEBUG] [mixin/]: veil.shader.mixins.json:client.ShaderGameRendererMixin from mod veil->@Inject::replaceShaders(Lorg/spongepowered/asm/mixin/injection/callback/CallbackInfo;)V doesn't use it's CallbackInfo
[06Aug2026 12:15:09.090] [Render thread/DEBUG] [mixin/]: veil.shader.mixins.json:client.ShaderGameRendererMixin from mod veil->@Inject::replaceShaders(Lorg/spongepowered/asm/mixin/injection/callback/CallbackInfo;)V has 0 override(s) in child classes
[06Aug2026 12:15:09.090] [Render thread/DEBUG] [mixin/]: veil.shader.mixins.json:client.ShaderGameRendererMixin from mod veil->@Inject::replaceShaders(Lorg/spongepowered/asm/mixin/injection/callback/CallbackInfo;)V won't be passed a CallbackInfo as a result
[06Aug2026 12:15:09.090] [Render thread/DEBUG] [mixin/]: simulated.mixins.json:throttle_lever.GameRendererMixin from mod simulated->@Inject::simulated$pickThrottleLever(FLorg/spongepowered/asm/mixin/injection/callback/CallbackInfo;)V doesn't use it's CallbackInfo
[06Aug2026 12:15:09.090] [Render thread/DEBUG] [mixin/]: simulated.mixins.json:throttle_lever.GameRendererMixin from mod simulated->@Inject::simulated$pickThrottleLever(FLorg/spongepowered/asm/mixin/injection/callback/CallbackInfo;)V has 0 override(s) in child classes
[06Aug2026 12:15:09.090] [Render thread/DEBUG] [mixin/]: simulated.mixins.json:throttle_lever.GameRendererMixin from mod simulated->@Inject::simulated$pickThrottleLever(FLorg/spongepowered/asm/mixin/injection/callback/CallbackInfo;)V won't be passed a CallbackInfo as a result
[06Aug2026 12:15:09.090] [Render thread/DEBUG] [mixin/]: create.mixins.json:client.GameRendererMixin from mod create->@Inject::create$bigShapePick(Lorg/spongepowered/asm/mixin/injection/callback/CallbackInfo;)V doesn't use it's CallbackInfo
[06Aug2026 12:15:09.091] [Render thread/DEBUG] [mixin/]: create.mixins.json:client.GameRendererMixin from mod create->@Inject::create$bigShapePick(Lorg/spongepowered/asm/mixin/injection/callback/CallbackInfo;)V has 0 override(s) in child classes
[06Aug2026 12:15:09.091] [Render thread/DEBUG] [mixin/]: create.mixins.json:client.GameRendererMixin from mod create->@Inject::create$bigShapePick(Lorg/spongepowered/asm/mixin/injection/callback/CallbackInfo;)V won't be passed a CallbackInfo as a result
[06Aug2026 12:15:09.091] [Render thread/DEBUG] [mixin/]: sable.mixins.json:camera.new_camera_types.GameRendererMixin from mod sable->@Inject::sable$setupCamera(Lnet/minecraft/client/DeltaTracker;Lorg/spongepowered/asm/mixin/injection/callback/CallbackInfo;)V doesn't use it's CallbackInfo
[06Aug2026 12:15:09.091] [Render thread/DEBUG] [mixin/]: sable.mixins.json:camera.new_camera_types.GameRendererMixin from mod sable->@Inject::sable$setupCamera(Lnet/minecraft/client/DeltaTracker;Lorg/spongepowered/asm/mixin/injection/callback/CallbackInfo;)V has 0 override(s) in child classes
[06Aug2026 12:15:09.091] [Render thread/DEBUG] [mixin/]: sable.mixins.json:camera.new_camera_types.GameRendererMixin from mod sable->@Inject::sable$setupCamera(Lnet/minecraft/client/DeltaTracker;Lorg/spongepowered/asm/mixin/injection/callback/CallbackInfo;)V won't be passed a CallbackInfo as a result
[06Aug2026 12:15:09.091] [Render thread/DEBUG] [mixin/]: sable.mixins.json:entity.entities_turn_with_sub_levels.GameRendererMixin from mod sable->@Inject::renderLevel(Lnet/minecraft/client/DeltaTracker;Lorg/spongepowered/asm/mixin/injection/callback/CallbackInfo;)V doesn't use it's CallbackInfo
[06Aug2026 12:15:09.091] [Render thread/DEBUG] [mixin/]: sable.mixins.json:entity.entities_turn_with_sub_levels.GameRendererMixin from mod sable->@Inject::renderLevel(Lnet/minecraft/client/DeltaTracker;Lorg/spongepowered/asm/mixin/injection/callback/CallbackInfo;)V has 0 override(s) in child classes
[06Aug2026 12:15:09.091] [Render thread/DEBUG] [mixin/]: sable.mixins.json:entity.entities_turn_with_sub_levels.GameRendererMixin from mod sable->@Inject::renderLevel(Lnet/minecraft/client/DeltaTracker;Lorg/spongepowered/asm/mixin/injection/callback/CallbackInfo;)V won't be passed a CallbackInfo as a result
[06Aug2026 12:15:09.091] [Render thread/DEBUG] [mixin/]: sable.mixins.json:water_occlusion.GameRendererMixin from mod sable->@Inject::sable$updateWaterOcclusionManager(Lnet/minecraft/client/DeltaTracker;ZLorg/spongepowered/asm/mixin/injection/callback/CallbackInfo;)V doesn't use it's CallbackInfo
[06Aug2026 12:15:09.091] [Render thread/DEBUG] [mixin/]: sable.mixins.json:water_occlusion.GameRendererMixin from mod sable->@Inject::sable$updateWaterOcclusionManager(Lnet/minecraft/client/DeltaTracker;ZLorg/spongepowered/asm/mixin/injection/callback/CallbackInfo;)V has 0 override(s) in child classes
[06Aug2026 12:15:09.091] [Render thread/DEBUG] [mixin/]: sable.mixins.json:water_occlusion.GameRendererMixin from mod sable->@Inject::sable$updateWaterOcclusionManager(Lnet/minecraft/client/DeltaTracker;ZLorg/spongepowered/asm/mixin/injection/callback/CallbackInfo;)V won't be passed a CallbackInfo as a result
[06Aug2026 12:15:09.091] [Render thread/DEBUG] [mixin/]: Unexpected: Registered method getShaders()Ljava/util/Map; in net.minecraft.client.renderer.GameRenderer was not merged
[06Aug2026 12:15:09.091] [Render thread/DEBUG] [mixin/]: Unexpected: Registered method getShaders()Ljava/util/Map; in net.minecraft.client.renderer.GameRenderer was not merged
[06Aug2026 12:15:09.101] [Render thread/DEBUG] [mixin/]: Mixing client.ShaderInstanceMixin from veil.shader.mixins.json into net.minecraft.client.renderer.ShaderInstance
[06Aug2026 12:15:09.101] [Render thread/DEBUG] [mixin/]: Renaming synthetic method lambda$updateLocations$0(Lcom/mojang/blaze3d/shaders/Uniform;)Z to mdb5b860$veil$lambda$updateLocations$0$0 in veil.shader.mixins.json:client.ShaderInstanceMixin from mod veil
[06Aug2026 12:15:09.110] [Render thread/DEBUG] [mixin/]: Mixing client.DynamicBufferShaderInstanceMixin from veil.dynamicbuffer.mixins.json into net.minecraft.client.renderer.ShaderInstance
[06Aug2026 12:15:09.117] [Render thread/DEBUG] [mixin/]: Mixing client.PipelineShaderInstanceMixin from veil.pipeline.mixins.json into net.minecraft.client.renderer.ShaderInstance
[06Aug2026 12:15:09.117] [Render thread/DEBUG] [mixin/]: Renaming synthetic method lambda$static$1(I)[Ljava/lang/String; to mdb5b860$veil$lambda$static$1$1 in veil.pipeline.mixins.json:client.PipelineShaderInstanceMixin from mod veil
[06Aug2026 12:15:09.117] [Render thread/DEBUG] [mixin/]: Renaming synthetic method lambda$static$0(Lnet/minecraft/core/Direction;)Ljava/lang/String; to mdb5b860$veil$lambda$static$0$2 in veil.pipeline.mixins.json:client.PipelineShaderInstanceMixin from mod veil
[06Aug2026 12:15:09.132] [Render thread/DEBUG] [mixin/]: veil.shader.mixins.json:client.ShaderInstanceMixin from mod veil->@Inject::veil$cancelDummyProgram(Lnet/minecraft/server/packs/resources/ResourceProvider;Lcom/mojang/blaze3d/shaders/Program$Type;Ljava/lang/String;Lorg/spongepowered/asm/mixin/injection/callback/CallbackInfoReturnable;)V does use it's CallbackInfoReturnable
[06Aug2026 12:15:09.132] [Render thread/DEBUG] [mixin/]: veil.shader.mixins.json:client.ShaderInstanceMixin from mod veil->@Inject::veil$setupFallbackProcessor(Lnet/minecraft/server/packs/resources/ResourceProvider;Lcom/mojang/blaze3d/shaders/Program$Type;Ljava/lang/String;Lorg/spongepowered/asm/mixin/injection/callback/CallbackInfoReturnable;)V doesn't use it's CallbackInfoReturnable
[06Aug2026 12:15:09.132] [Render thread/DEBUG] [mixin/]: veil.shader.mixins.json:client.ShaderInstanceMixin from mod veil->@Inject::veil$clearFallbackProcessor(Lorg/spongepowered/asm/mixin/injection/callback/CallbackInfoReturnable;)V doesn't use it's CallbackInfoReturnable
[06Aug2026 12:15:09.132] [Render thread/DEBUG] [mixin/]: veil.shader.mixins.json:client.ShaderInstanceMixin from mod veil->@Inject::close(Lorg/spongepowered/asm/mixin/injection/callback/CallbackInfo;)V doesn't use it's CallbackInfo
[06Aug2026 12:15:09.132] [Render thread/DEBUG] [mixin/]: veil.shader.mixins.json:client.ShaderInstanceMixin from mod veil->@Inject::close(Lorg/spongepowered/asm/mixin/injection/callback/CallbackInfo;)V has 0 override(s) in child classes
[06Aug2026 12:15:09.132] [Render thread/DEBUG] [mixin/]: veil.shader.mixins.json:client.ShaderInstanceMixin from mod veil->@Inject::close(Lorg/spongepowered/asm/mixin/injection/callback/CallbackInfo;)V won't be passed a CallbackInfo as a result
[06Aug2026 12:15:09.132] [Render thread/DEBUG] [mixin/]: veil.shader.mixins.json:client.ShaderInstanceMixin from mod veil->@Inject::apply(Lorg/spongepowered/asm/mixin/injection/callback/CallbackInfo;)V doesn't use it's CallbackInfo
[06Aug2026 12:15:09.132] [Render thread/DEBUG] [mixin/]: veil.shader.mixins.json:client.ShaderInstanceMixin from mod veil->@Inject::apply(Lorg/spongepowered/asm/mixin/injection/callback/CallbackInfo;)V has 0 override(s) in child classes
[06Aug2026 12:15:09.132] [Render thread/DEBUG] [mixin/]: veil.shader.mixins.json:client.ShaderInstanceMixin from mod veil->@Inject::apply(Lorg/spongepowered/asm/mixin/injection/callback/CallbackInfo;)V won't be passed a CallbackInfo as a result
[06Aug2026 12:15:09.133] [Render thread/DEBUG] [mixin/]: veil.shader.mixins.json:client.ShaderInstanceMixin from mod veil->@Inject::clearSamplerLocations(Lorg/spongepowered/asm/mixin/injection/callback/CallbackInfo;)V doesn't use it's CallbackInfo
[06Aug2026 12:15:09.133] [Render thread/DEBUG] [mixin/]: veil.shader.mixins.json:client.ShaderInstanceMixin from mod veil->@Inject::clearSamplerLocations(Lorg/spongepowered/asm/mixin/injection/callback/CallbackInfo;)V has 0 override(s) in child classes
[06Aug2026 12:15:09.133] [Render thread/DEBUG] [mixin/]: veil.shader.mixins.json:client.ShaderInstanceMixin from mod veil->@Inject::clearSamplerLocations(Lorg/spongepowered/asm/mixin/injection/callback/CallbackInfo;)V won't be passed a CallbackInfo as a result
[06Aug2026 12:15:09.133] [Render thread/DEBUG] [mixin/]: veil.shader.mixins.json:client.ShaderInstanceMixin from mod veil->@Inject::updateLocations(Lorg/spongepowered/asm/mixin/injection/callback/CallbackInfo;)V doesn't use it's CallbackInfo
[06Aug2026 12:15:09.133] [Render thread/DEBUG] [mixin/]: veil.shader.mixins.json:client.ShaderInstanceMixin from mod veil->@Inject::updateLocations(Lorg/spongepowered/asm/mixin/injection/callback/CallbackInfo;)V has 0 override(s) in child classes
[06Aug2026 12:15:09.133] [Render thread/DEBUG] [mixin/]: veil.shader.mixins.json:client.ShaderInstanceMixin from mod veil->@Inject::updateLocations(Lorg/spongepowered/asm/mixin/injection/callback/CallbackInfo;)V won't be passed a CallbackInfo as a result
[06Aug2026 12:15:09.133] [Render thread/DEBUG] [mixin/]: veil.dynamicbuffer.mixins.json:client.DynamicBufferShaderInstanceMixin from mod veil->@Inject::init(Lorg/spongepowered/asm/mixin/injection/callback/CallbackInfo;)V doesn't use it's CallbackInfo
[06Aug2026 12:15:09.133] [Render thread/DEBUG] [mixin/]: veil.dynamicbuffer.mixins.json:client.DynamicBufferShaderInstanceMixin from mod veil->@Inject::init(Lorg/spongepowered/asm/mixin/injection/callback/CallbackInfo;)V has 0 override(s) in child classes
[06Aug2026 12:15:09.133] [Render thread/DEBUG] [mixin/]: veil.dynamicbuffer.mixins.json:client.DynamicBufferShaderInstanceMixin from mod veil->@Inject::init(Lorg/spongepowered/asm/mixin/injection/callback/CallbackInfo;)V won't be passed a CallbackInfo as a result
[06Aug2026 12:15:09.133] [Render thread/DEBUG] [mixin/]: veil.dynamicbuffer.mixins.json:client.DynamicBufferShaderInstanceMixin from mod veil->@Inject::apply(Lorg/spongepowered/asm/mixin/injection/callback/CallbackInfo;)V doesn't use it's CallbackInfo
[06Aug2026 12:15:09.133] [Render thread/DEBUG] [mixin/]: veil.dynamicbuffer.mixins.json:client.DynamicBufferShaderInstanceMixin from mod veil->@Inject::apply(Lorg/spongepowered/asm/mixin/injection/callback/CallbackInfo;)V has 0 override(s) in child classes
[06Aug2026 12:15:09.133] [Render thread/DEBUG] [mixin/]: veil.dynamicbuffer.mixins.json:client.DynamicBufferShaderInstanceMixin from mod veil->@Inject::apply(Lorg/spongepowered/asm/mixin/injection/callback/CallbackInfo;)V won't be passed a CallbackInfo as a result
[06Aug2026 12:15:09.133] [Render thread/DEBUG] [mixin/]: veil.dynamicbuffer.mixins.json:client.DynamicBufferShaderInstanceMixin from mod veil->@Inject::close(Lorg/spongepowered/asm/mixin/injection/callback/CallbackInfo;)V doesn't use it's CallbackInfo
[06Aug2026 12:15:09.133] [Render thread/DEBUG] [mixin/]: veil.dynamicbuffer.mixins.json:client.DynamicBufferShaderInstanceMixin from mod veil->@Inject::close(Lorg/spongepowered/asm/mixin/injection/callback/CallbackInfo;)V has 0 override(s) in child classes
[06Aug2026 12:15:09.133] [Render thread/DEBUG] [mixin/]: veil.dynamicbuffer.mixins.json:client.DynamicBufferShaderInstanceMixin from mod veil->@Inject::close(Lorg/spongepowered/asm/mixin/injection/callback/CallbackInfo;)V won't be passed a CallbackInfo as a result
[06Aug2026 12:15:09.133] [Render thread/DEBUG] [mixin/]: veil.pipeline.mixins.json:client.PipelineShaderInstanceMixin from mod veil->@Inject::setDefaultUniforms(Lcom/mojang/blaze3d/vertex/VertexFormat$Mode;Lorg/joml/Matrix4f;Lorg/joml/Matrix4f;Lcom/mojang/blaze3d/platform/Window;Lorg/spongepowered/asm/mixin/injection/callback/CallbackInfo;)V doesn't use it's CallbackInfo
[06Aug2026 12:15:09.133] [Render thread/DEBUG] [mixin/]: veil.pipeline.mixins.json:client.PipelineShaderInstanceMixin from mod veil->@Inject::setDefaultUniforms(Lcom/mojang/blaze3d/vertex/VertexFormat$Mode;Lorg/joml/Matrix4f;Lorg/joml/Matrix4f;Lcom/mojang/blaze3d/platform/Window;Lorg/spongepowered/asm/mixin/injection/callback/CallbackInfo;)V has 0 override(s) in child classes
[06Aug2026 12:15:09.133] [Render thread/DEBUG] [mixin/]: veil.pipeline.mixins.json:client.PipelineShaderInstanceMixin from mod veil->@Inject::setDefaultUniforms(Lcom/mojang/blaze3d/vertex/VertexFormat$Mode;Lorg/joml/Matrix4f;Lorg/joml/Matrix4f;Lcom/mojang/blaze3d/platform/Window;Lorg/spongepowered/asm/mixin/injection/callback/CallbackInfo;)V won't be passed a CallbackInfo as a result
[06Aug2026 12:15:09.140] [Render thread/DEBUG] [mixin/]: Mixing accessor.ResourceTextureAtlasAccessor from veil.resource.mixins.json into net.minecraft.client.renderer.texture.TextureAtlas
[06Aug2026 12:15:09.141] [Render thread/DEBUG] [mixin/]: Mixing client.ResourceTextureAtlasMixin from veil.resource.mixins.json into net.minecraft.client.renderer.texture.TextureAtlas
[06Aug2026 12:15:09.163] [Render thread/DEBUG] [mixin/]: Mixing accessor.PipelineReloadableResourceManagerAccessor from veil.pipeline.mixins.json into net.minecraft.server.packs.resources.ReloadableResourceManager
[06Aug2026 12:15:09.189] [Render thread/DEBUG] [net.neoforged.fml.ModWorkManager/LOADING]: Using 16 threads for parallel mod-loading
[06Aug2026 12:15:09.201] [Render thread/DEBUG] [net.neoforged.fml.javafmlmod.FMLModContainer/LOADING]: Creating FMLModContainer instance for [foundry.veil.forge.VeilForge, foundry.veil.forge.VeilForgeClient]
[06Aug2026 12:15:09.204] [Render thread/DEBUG] [net.neoforged.fml.javafmlmod.FMLModContainer/LOADING]: Creating FMLModContainer instance for [dev.simulated_team.simulated.neoforge.SimulatedNeoForge, dev.simulated_team.simulated.neoforge.SimulatedNeoForgeClient]
[06Aug2026 12:15:09.204] [Render thread/DEBUG] [net.neoforged.fml.javafmlmod.FMLModContainer/LOADING]: Creating FMLModContainer instance for [dev.levi.playertrackingcompass.PlayerTrackingCompass]
[06Aug2026 12:15:09.205] [Render thread/DEBUG] [net.neoforged.fml.javafmlmod.FMLModContainer/LOADING]: Creating FMLModContainer instance for [dev.eriksonn.aeronautics.neoforge.AeronauticsNeoForge, dev.eriksonn.aeronautics.neoforge.AeronauticsNeoForgeClient]
[06Aug2026 12:15:09.205] [Render thread/DEBUG] [net.neoforged.fml.lowcodemod.LowCodeModContainer/LOADING]: Creating LowCodeModContainer for aeronautics_bundled
[06Aug2026 12:15:09.205] [Render thread/DEBUG] [net.neoforged.fml.javafmlmod.FMLModContainer/LOADING]: Creating FMLModContainer instance for []
[06Aug2026 12:15:09.206] [Render thread/DEBUG] [net.neoforged.fml.javafmlmod.FMLModContainer/LOADING]: Creating FMLModContainer instance for [dev.engine_room.flywheel.impl.FlywheelNeoForge]
[06Aug2026 12:15:09.206] [Render thread/DEBUG] [net.neoforged.fml.javafmlmod.FMLModContainer/LOADING]: Creating FMLModContainer instance for [net.createmod.ponder.NeoForgePonder, net.createmod.ponder.NeoForgePonderClient]
[06Aug2026 12:15:09.207] [Render thread/DEBUG] [net.neoforged.fml.javafmlmod.FMLModContainer/LOADING]: Creating FMLModContainer instance for [com.simibubi.create.Create, com.simibubi.create.CreateClient]
[06Aug2026 12:15:09.209] [Render thread/DEBUG] [net.neoforged.fml.javafmlmod.FMLModContainer/LOADING]: Creating FMLModContainer instance for [dev.ryanhcode.sable.neoforge.SableNeoForge, dev.ryanhcode.sable.neoforge.SableNeoForgeClient]
[06Aug2026 12:15:09.209] [Render thread/DEBUG] [net.neoforged.fml.javafmlmod.FMLModContainer/LOADING]: Creating FMLModContainer instance for [com.bearing.linearbearing.LinearBearing]
[06Aug2026 12:15:09.210] [Render thread/DEBUG] [net.neoforged.fml.javafmlmod.FMLModContainer/LOADING]: Creating FMLModContainer instance for [dev.ryanhcode.offroad.neoforge.OffroadNeoForge, dev.ryanhcode.offroad.neoforge.OffroadNeoForgeClient]
[06Aug2026 12:15:09.210] [Render thread/DEBUG] [net.neoforged.fml.javafmlmod.FMLModContainer/LOADING]: Creating FMLModContainer instance for [net.neoforged.neoforge.common.NeoForgeMod, net.neoforged.neoforge.client.ClientNeoForgeMod]
[06Aug2026 12:15:09.213] [Render thread/DEBUG] [net.neoforged.fml.javafmlmod.FMLModContainer/LOADING]: Creating FMLModContainer instance for [net.mcreator.playertracker.PlayertrackerMod]
[06Aug2026 12:15:09.217] [modloading-worker-0/DEBUG] [net.neoforged.fml.javafmlmod.AutomaticEventSubscriber/LOADING]: Attempting to inject @EventBusSubscriber classes into the eventbus for sablecompanion
[06Aug2026 12:15:09.217] [modloading-worker-0/INFO] [Veil/]: Veil is initializing.
[06Aug2026 12:15:09.218] [modloading-worker-0/DEBUG] [mixin/]: Mixing DeferredRegisterMixin from veil.neoforge.mixins.json into net.neoforged.neoforge.registries.DeferredRegister
[06Aug2026 12:15:09.218] [modloading-worker-0/DEBUG] [mixin/]: Renaming synthetic method lambda$register$0(Ljava/util/function/Function;Lnet/minecraft/resources/ResourceLocation;)Ljava/lang/Object; to mdb5b860$veil$lambda$register$0$0 in veil.neoforge.mixins.json:DeferredRegisterMixin from mod veil
[06Aug2026 12:15:09.231] [modloading-worker-0/DEBUG] [net.neoforged.neoforge.internal.versions.neoforge.NeoForgeVersion/CORE]: Found NeoForge version 21.1.232
[06Aug2026 12:15:09.231] [modloading-worker-0/DEBUG] [net.neoforged.neoforge.internal.versions.neoforge.NeoForgeVersion/CORE]: Found FML version 4.0.42
[06Aug2026 12:15:09.231] [modloading-worker-0/INFO] [net.neoforged.neoforge.common.NeoForgeMod/NEOFORGE-MOD]: NeoForge mod loading, version 21.1.232, for MC 1.21.1
[06Aug2026 12:15:09.231] [modloading-worker-0/DEBUG] [net.neoforged.fml.config.ConfigTracker/CONFIG]: Config file flywheel-client.toml for flywheel tracking
[06Aug2026 12:15:09.235] [modloading-worker-0/DEBUG] [net.neoforged.fml.config.ConfigTracker/CONFIG]: Config file neoforge-client.toml for neoforge tracking
[06Aug2026 12:15:09.236] [modloading-worker-0/DEBUG] [net.neoforged.fml.config.ConfigTracker/CONFIG]: Config file neoforge-server.toml for neoforge tracking
[06Aug2026 12:15:09.236] [modloading-worker-0/DEBUG] [net.neoforged.fml.config.ConfigTracker/CONFIG]: Config file neoforge-common.toml for neoforge tracking
[06Aug2026 12:15:09.236] [modloading-worker-0/DEBUG] [mixin/]: Mixing extra_kinetics.auto_orientation.FixAutoOrientationMixin from simulated.mixins.json into com.simibubi.create.content.kinetics.base.DirectionalAxisKineticBlock
[06Aug2026 12:15:09.240] [modloading-worker-0/DEBUG] [mixin/]: Mixing extra_kinetics.auto_orientation.FixAutoOrientationMixin from simulated.mixins.json into com.simibubi.create.content.kinetics.base.DirectionalKineticBlock
[06Aug2026 12:15:09.243] [modloading-worker-0/DEBUG] [mixin/]: Mixing extra_kinetics.KineticBlockMixin from simulated.mixins.json into com.simibubi.create.content.kinetics.base.KineticBlock
[06Aug2026 12:15:09.245] [modloading-worker-0/DEBUG] [mixin/]: simulated.mixins.json:extra_kinetics.KineticBlockMixin from mod simulated->@Inject::simulated$extraKineticsReset(Lnet/minecraft/world/level/block/state/BlockState;Lnet/minecraft/world/level/LevelAccessor;Lnet/minecraft/core/BlockPos;IILorg/spongepowered/asm/mixin/injection/callback/CallbackInfo;)V doesn't use it's CallbackInfo
[06Aug2026 12:15:09.245] [modloading-worker-0/DEBUG] [mixin/]: simulated.mixins.json:extra_kinetics.KineticBlockMixin from mod simulated->@Inject::simulated$extraKineticsReset(Lnet/minecraft/world/level/block/state/BlockState;Lnet/minecraft/world/level/LevelAccessor;Lnet/minecraft/core/BlockPos;IILorg/spongepowered/asm/mixin/injection/callback/CallbackInfo;)V has 0 override(s) in child classes
[06Aug2026 12:15:09.245] [modloading-worker-0/DEBUG] [mixin/]: simulated.mixins.json:extra_kinetics.KineticBlockMixin from mod simulated->@Inject::simulated$extraKineticsReset(Lnet/minecraft/world/level/block/state/BlockState;Lnet/minecraft/world/level/LevelAccessor;Lnet/minecraft/core/BlockPos;IILorg/spongepowered/asm/mixin/injection/callback/CallbackInfo;)V won't be passed a CallbackInfo as a result
[06Aug2026 12:15:09.245] [modloading-worker-0/DEBUG] [mixin/]: Mixing extra_kinetics.auto_orientation.FixAutoOrientationStaticMixin from simulated.mixins.json into com.simibubi.create.content.kinetics.base.RotatedPillarKineticBlock
[06Aug2026 12:15:09.251] [modloading-worker-0/DEBUG] [mixin/]: Mixing client.DebugVertexFormatMixin from veil.debug.mixins.json into com.mojang.blaze3d.vertex.VertexFormat
[06Aug2026 12:15:09.252] [modloading-worker-0/DEBUG] [mixin/]: veil.debug.mixins.json:client.DebugVertexFormatMixin from mod veil->@Inject::nameImmediateDrawVertexBuffer(Lorg/spongepowered/asm/mixin/injection/callback/CallbackInfoReturnable;)V doesn't use it's CallbackInfoReturnable
[06Aug2026 12:15:09.252] [modloading-worker-0/DEBUG] [mixin/]: veil.debug.mixins.json:client.DebugVertexFormatMixin from mod veil->@Inject::nameImmediateDrawVertexBuffer(Lorg/spongepowered/asm/mixin/injection/callback/CallbackInfoReturnable;)V has 0 override(s) in child classes
[06Aug2026 12:15:09.252] [modloading-worker-0/DEBUG] [mixin/]: veil.debug.mixins.json:client.DebugVertexFormatMixin from mod veil->@Inject::nameImmediateDrawVertexBuffer(Lorg/spongepowered/asm/mixin/injection/callback/CallbackInfoReturnable;)V won't be passed a CallbackInfoReturnable as a result
[06Aug2026 12:15:09.258] [modloading-worker-0/DEBUG] [mixin/]: Mixing client.CompositeStateMixin from veil.rendertype.mixins.json into net.minecraft.client.renderer.RenderType$CompositeState
[06Aug2026 12:15:09.262] [modloading-worker-0/DEBUG] [mixin/]: Mixing accessor.BlockLootSubProviderAccessor from create.mixins.json into net.minecraft.data.loot.BlockLootSubProvider
[06Aug2026 12:15:09.263] [modloading-worker-0/DEBUG] [mixin/]: Mixing client.CompositeStateBuilderMixin from veil.rendertype.mixins.json into net.minecraft.client.renderer.RenderType$CompositeState$CompositeStateBuilder
[06Aug2026 12:15:09.267] [modloading-worker-0/DEBUG] [mixin/]: veil.rendertype.mixins.json:client.CompositeStateBuilderMixin from mod veil->@Inject::addLayers(Lorg/spongepowered/asm/mixin/injection/callback/CallbackInfoReturnable;)V does use it's CallbackInfoReturnable
[06Aug2026 12:15:09.271] [modloading-worker-0/DEBUG] [net.neoforged.fml.javafmlmod.AutomaticEventSubscriber/LOADING]: Attempting to inject @EventBusSubscriber classes into the eventbus for flywheel
[06Aug2026 12:15:09.277] [modloading-worker-0/DEBUG] [net.neoforged.fml.config.ConfigTracker/CONFIG]: Config file ponder-client.toml for ponder tracking
[06Aug2026 12:15:09.277] [modloading-worker-0/DEBUG] [mixin/]: Mixing client.accessor.ItemRendererAccessor from ponder-common.mixins.json into net.minecraft.client.renderer.entity.ItemRenderer
[06Aug2026 12:15:09.278] [modloading-worker-0/DEBUG] [mixin/]: ponder-common.mixins.json:client.accessor.ItemRendererAccessor from mod ponder: Class version 65 required is higher than the class version supported by the current version of Mixin (JAVA_17 supports class version 61)
[06Aug2026 12:15:09.295] [modloading-worker-0/DEBUG] [net.neoforged.fml.javafmlmod.AutomaticEventSubscriber/LOADING]: Attempting to inject @EventBusSubscriber classes into the eventbus for ponder
[06Aug2026 12:15:09.296] [modloading-worker-0/DEBUG] [net.neoforged.fml.javafmlmod.AutomaticEventSubscriber/LOADING]: Scanning class net.createmod.ponder.NeoForgePonderClient$ClientEvents for @SubscribeEvent-annotated methods
[06Aug2026 12:15:09.298] [modloading-worker-0/DEBUG] [net.neoforged.fml.javafmlmod.AutomaticEventSubscriber/]: Subscribing @EventBusSubscriber class Lnet/createmod/ponder/NeoForgePonderClient$ClientEvents; to the game event bus
[06Aug2026 12:15:09.300] [modloading-worker-0/DEBUG] [net.neoforged.fml.javafmlmod.AutomaticEventSubscriber/LOADING]: Scanning class net.createmod.ponder.NeoForgePonder$ModBusEvents for @SubscribeEvent-annotated methods
[06Aug2026 12:15:09.300] [modloading-worker-0/DEBUG] [net.neoforged.fml.javafmlmod.AutomaticEventSubscriber/]: Subscribing @EventBusSubscriber class Lnet/createmod/ponder/NeoForgePonder$ModBusEvents; to the mod event bus of mod ponder
[06Aug2026 12:15:09.301] [modloading-worker-0/DEBUG] [net.neoforged.fml.javafmlmod.AutomaticEventSubscriber/LOADING]: Scanning class net.createmod.ponder.NeoForgePonder$Events for @SubscribeEvent-annotated methods
[06Aug2026 12:15:09.301] [modloading-worker-0/DEBUG] [net.neoforged.fml.javafmlmod.AutomaticEventSubscriber/]: Subscribing @EventBusSubscriber class Lnet/createmod/ponder/NeoForgePonder$Events; to the game event bus
[06Aug2026 12:15:09.301] [modloading-worker-0/DEBUG] [net.neoforged.fml.javafmlmod.AutomaticEventSubscriber/LOADING]: Scanning class net.createmod.ponder.NeoForgePonderClient$ModBusClientEvents for @SubscribeEvent-annotated methods
[06Aug2026 12:15:09.303] [modloading-worker-0/DEBUG] [mixin/]: Mixing client.DynamicBufferLevelRendererMixin from veil.dynamicbuffer.mixins.json into net.minecraft.client.renderer.LevelRenderer
[06Aug2026 12:15:09.305] [modloading-worker-0/DEBUG] [mixin/]: Mixing client.PipelineLevelRendererMixin from veil.pipeline.mixins.json into net.minecraft.client.renderer.LevelRenderer
[06Aug2026 12:15:09.311] [modloading-worker-0/DEBUG] [mixin/]: Mixing render.vanilla.LevelRendererMixin from aeronautics.mixins.json into net.minecraft.client.renderer.LevelRenderer
[06Aug2026 12:15:09.311] [modloading-worker-0/DEBUG] [mixin/]: aeronautics.mixins.json:render.vanilla.LevelRendererMixin from mod aeronautics: Class version 65 required is higher than the class version supported by the current version of Mixin (JAVA_18 supports class version 62)
[06Aug2026 12:15:09.312] [modloading-worker-0/DEBUG] [mixin/]: Mixing accessor.DebugLevelRendererAccessor from veil.debug.mixins.json into net.minecraft.client.renderer.LevelRenderer
[06Aug2026 12:15:09.312] [modloading-worker-0/DEBUG] [mixin/]: Mixing client.DebugLevelRendererMixin from veil.debug.mixins.json into net.minecraft.client.renderer.LevelRenderer
[06Aug2026 12:15:09.313] [modloading-worker-0/DEBUG] [mixin/]: Mixing client.NecromancerLevelRendererMixin from veil.necromancer.mixins.json into net.minecraft.client.renderer.LevelRenderer
[06Aug2026 12:15:09.313] [modloading-worker-0/DEBUG] [mixin/]: Mixing client.PerformanceLevelRendererMixin from veil.performance.mixins.json into net.minecraft.client.renderer.LevelRenderer
[06Aug2026 12:15:09.313] [modloading-worker-0/DEBUG] [mixin/]: Mixing accessor.LevelRendererAccessor from veil.perspective.mixins.json into net.minecraft.client.renderer.LevelRenderer
[06Aug2026 12:15:09.313] [modloading-worker-0/DEBUG] [mixin/]: Mixing client.debug.vanilla.DebugLevelRendererMixin from veil.neoforge.mixins.json into net.minecraft.client.renderer.LevelRenderer
[06Aug2026 12:15:09.314] [modloading-worker-0/DEBUG] [mixin/]: Mixing client.dynamicbuffer.LevelRendererMixin from veil.neoforge.mixins.json into net.minecraft.client.renderer.LevelRenderer
[06Aug2026 12:15:09.314] [modloading-worker-0/DEBUG] [mixin/]: Mixing client.perspective.vanilla.LevelRendererMixin from veil.neoforge.mixins.json into net.minecraft.client.renderer.LevelRenderer
[06Aug2026 12:15:09.316] [modloading-worker-0/DEBUG] [mixin/]: Mixing accessor.LevelRendererAccessor from simulated.mixins.json into net.minecraft.client.renderer.LevelRenderer
[06Aug2026 12:15:09.316] [modloading-worker-0/DEBUG] [mixin/]: Renaming @Invoker method invokeRenderShape(Lcom/mojang/blaze3d/vertex/PoseStack;Lcom/mojang/blaze3d/vertex/VertexConsumer;Lnet/minecraft/world/phys/shapes/VoxelShape;DDDFFFF)V to invokeRenderShape$simulated_$md$b5b860$0 in simulated.mixins.json:accessor.LevelRendererAccessor from mod simulated
[06Aug2026 12:15:09.316] [modloading-worker-0/DEBUG] [mixin/]: Mixing end_sea.LevelRendererMixin from simulated.mixins.json into net.minecraft.client.renderer.LevelRenderer
[06Aug2026 12:15:09.316] [modloading-worker-0/DEBUG] [mixin/]: Mixing rope.LevelRendererMixin from simulated.mixins.json into net.minecraft.client.renderer.LevelRenderer
[06Aug2026 12:15:09.317] [modloading-worker-0/DEBUG] [mixin/]: Mixing LevelRendererAccessor from flywheel.backend.mixins.json into net.minecraft.client.renderer.LevelRenderer
[06Aug2026 12:15:09.317] [modloading-worker-0/DEBUG] [mixin/]: Mixing fix.FixFabulousDepthMixin from flywheel.impl.mixins.json into net.minecraft.client.renderer.LevelRenderer
[06Aug2026 12:15:09.317] [modloading-worker-0/DEBUG] [mixin/]: Mixing visualmanage.LevelRendererMixin from flywheel.impl.mixins.json into net.minecraft.client.renderer.LevelRenderer
[06Aug2026 12:15:09.317] [modloading-worker-0/DEBUG] [mixin/]: Mixing accessor.LevelRendererAccessor from create.mixins.json into net.minecraft.client.renderer.LevelRenderer
[06Aug2026 12:15:09.317] [modloading-worker-0/DEBUG] [mixin/]: Mixing client.LevelRendererMixin from create.mixins.json into net.minecraft.client.renderer.LevelRenderer
[06Aug2026 12:15:09.318] [modloading-worker-0/DEBUG] [mixin/]: Renaming synthetic method lambda$create$onDestroyBlockProgress$0(J)Ljava/util/SortedSet; to mdb5b860$create$lambda$create$onDestroyBlockProgress$0$1 in create.mixins.json:client.LevelRendererMixin from mod create
[06Aug2026 12:15:09.319] [modloading-worker-0/DEBUG] [mixin/]: Mixing block_decal_render.LevelRendererMixin from sable.mixins.json into net.minecraft.client.renderer.LevelRenderer
[06Aug2026 12:15:09.322] [modloading-worker-0/DEBUG] [mixin/]: Mixing debug_render.LevelRendererMixin from sable.mixins.json into net.minecraft.client.renderer.LevelRenderer
[06Aug2026 12:15:09.324] [modloading-worker-0/DEBUG] [mixin/]: Mixing entity.entity_rendering.LevelRendererMixin from sable.mixins.json into net.minecraft.client.renderer.LevelRenderer
[06Aug2026 12:15:09.327] [modloading-worker-0/DEBUG] [mixin/]: Mixing particle.LevelRendererMixin from sable.mixins.json into net.minecraft.client.renderer.LevelRenderer
[06Aug2026 12:15:09.327] [modloading-worker-0/DEBUG] [mixin/]: Mixing sky_light_shadow.LevelRendererMixin from sable.mixins.json into net.minecraft.client.renderer.LevelRenderer
[06Aug2026 12:15:09.327] [modloading-worker-0/DEBUG] [mixin/]: Mixing stop_rain.LevelRenderMixin from sable.mixins.json into net.minecraft.client.renderer.LevelRenderer
[06Aug2026 12:15:09.329] [modloading-worker-0/DEBUG] [mixin/]: Mixing sublevel_render.LevelRendererMixin from sable.mixins.json into net.minecraft.client.renderer.LevelRenderer
[06Aug2026 12:15:09.330] [modloading-worker-0/DEBUG] [mixin/]: Mixing sublevel_render.block_entity_render.LevelRendererMixin from sable.mixins.json into net.minecraft.client.renderer.LevelRenderer
[06Aug2026 12:15:09.332] [modloading-worker-0/DEBUG] [mixin/]: Mixing sublevel_render.impl.vanilla.water_occlusion.LevelRendererMixin from sable.mixins.json into net.minecraft.client.renderer.LevelRenderer
[06Aug2026 12:15:09.332] [modloading-worker-0/DEBUG] [mixin/]: Mixing client.multimining_destruction_progress.LevelRenderMixin from offroad.mixins.json into net.minecraft.client.renderer.LevelRenderer
[06Aug2026 12:15:09.332] [modloading-worker-0/DEBUG] [mixin/]: offroad.mixins.json:client.multimining_destruction_progress.LevelRenderMixin from mod offroad: Class version 65 required is higher than the class version supported by the current version of Mixin (JAVA_18 supports class version 62)
[06Aug2026 12:15:09.333] [modloading-worker-0/DEBUG] [mixin/]: Renaming synthetic method lambda$offroad$manuallyAddMultiDestructionProgress$3(Ljava/util/Map;ILnet/minecraft/core/BlockPos;Ldev/ryanhcode/offroad/handlers/client/MultiMiningClientHandler$ClientBlockBreakingData;)V to mdb5b860$offroad$lambda$offroad$manuallyAddMultiDestructionProgress$3$2 in offroad.mixins.json:client.multimining_destruction_progress.LevelRenderMixin from mod offroad
[06Aug2026 12:15:09.333] [modloading-worker-0/DEBUG] [mixin/]: Renaming synthetic method lambda$offroad$manuallyAddMultiDestructionProgress$2(FZILnet/minecraft/core/BlockPos;Lnet/minecraft/core/BlockPos;Lnet/minecraft/server/level/BlockDestructionProgress;)Lnet/minecraft/server/level/BlockDestructionProgress; to mdb5b860$offroad$lambda$offroad$manuallyAddMultiDestructionProgress$2$3 in offroad.mixins.json:client.multimining_destruction_progress.LevelRenderMixin from mod offroad
[06Aug2026 12:15:09.333] [modloading-worker-0/DEBUG] [mixin/]: Renaming synthetic method lambda$offroad$manuallyAddMultiDestructionProgress$1(J)Ljava/util/SortedSet; to mdb5b860$offroad$lambda$offroad$manuallyAddMultiDestructionProgress$1$4 in offroad.mixins.json:client.multimining_destruction_progress.LevelRenderMixin from mod offroad
[06Aug2026 12:15:09.333] [modloading-worker-0/DEBUG] [mixin/]: Renaming synthetic method lambda$offroad$manuallyAddMultiDestructionProgress$0(II)Lnet/minecraft/server/level/BlockDestructionProgress; to mdb5b860$offroad$lambda$offroad$manuallyAddMultiDestructionProgress$0$5 in offroad.mixins.json:client.multimining_destruction_progress.LevelRenderMixin from mod offroad
[06Aug2026 12:15:09.334] [modloading-worker-0/DEBUG] [mixin/]: Mixing LevelRendererMixin from flywheel.impl.mixins.json into net.minecraft.client.renderer.LevelRenderer
[06Aug2026 12:15:09.335] [modloading-worker-0/DEBUG] [mixin/]: Mixing sublevel_render.impl.vanilla.LevelRendererMixin from sable.mixins.json into net.minecraft.client.renderer.LevelRenderer
[06Aug2026 12:15:09.338] [modloading-worker-0/DEBUG] [mixin/]: Mixing block_entity_visible.LevelRendererMixin from sable-neoforge.mixins.json into net.minecraft.client.renderer.LevelRenderer
[06Aug2026 12:15:09.339] [modloading-worker-0/DEBUG] [mixin/]: Mixing block_outline_render.LevelRendererMixin from sable-neoforge.mixins.json into net.minecraft.client.renderer.LevelRenderer
[06Aug2026 12:15:09.339] [modloading-worker-0/DEBUG] [mixin/]: Renaming @Unique field sable$orientationStorageLorg/joml/Quaternionf; to fdb5b860$sable$sable$orientationStorage$0 in sable-neoforge.mixins.json:block_outline_render.LevelRendererMixin from mod sable
[06Aug2026 12:15:09.413] [modloading-worker-0/DEBUG] [mixin/]: veil.dynamicbuffer.mixins.json:client.DynamicBufferLevelRendererMixin from mod veil->@Inject::setupOpaque(Lorg/spongepowered/asm/mixin/injection/callback/CallbackInfo;)V doesn't use it's CallbackInfo
[06Aug2026 12:15:09.413] [modloading-worker-0/DEBUG] [mixin/]: veil.dynamicbuffer.mixins.json:client.DynamicBufferLevelRendererMixin from mod veil->@Inject::setupOpaque(Lorg/spongepowered/asm/mixin/injection/callback/CallbackInfo;)V has 0 override(s) in child classes
[06Aug2026 12:15:09.413] [modloading-worker-0/DEBUG] [mixin/]: veil.dynamicbuffer.mixins.json:client.DynamicBufferLevelRendererMixin from mod veil->@Inject::setupOpaque(Lorg/spongepowered/asm/mixin/injection/callback/CallbackInfo;)V won't be passed a CallbackInfo as a result
[06Aug2026 12:15:09.413] [modloading-worker-0/DEBUG] [mixin/]: veil.dynamicbuffer.mixins.json:client.DynamicBufferLevelRendererMixin from mod veil->@Inject::endOpaque(Lorg/spongepowered/asm/mixin/injection/callback/CallbackInfo;)V doesn't use it's CallbackInfo
[06Aug2026 12:15:09.413] [modloading-worker-0/DEBUG] [mixin/]: veil.dynamicbuffer.mixins.json:client.DynamicBufferLevelRendererMixin from mod veil->@Inject::endOpaque(Lorg/spongepowered/asm/mixin/injection/callback/CallbackInfo;)V has 0 override(s) in child classes
[06Aug2026 12:15:09.413] [modloading-worker-0/DEBUG] [mixin/]: veil.dynamicbuffer.mixins.json:client.DynamicBufferLevelRendererMixin from mod veil->@Inject::endOpaque(Lorg/spongepowered/asm/mixin/injection/callback/CallbackInfo;)V won't be passed a CallbackInfo as a result
[06Aug2026 12:15:09.413] [modloading-worker-0/DEBUG] [mixin/]: veil.dynamicbuffer.mixins.json:client.DynamicBufferLevelRendererMixin from mod veil->@Inject::blit(Lorg/spongepowered/asm/mixin/injection/callback/CallbackInfo;)V doesn't use it's CallbackInfo
[06Aug2026 12:15:09.413] [modloading-worker-0/DEBUG] [mixin/]: veil.dynamicbuffer.mixins.json:client.DynamicBufferLevelRendererMixin from mod veil->@Inject::blit(Lorg/spongepowered/asm/mixin/injection/callback/CallbackInfo;)V has 0 override(s) in child classes
[06Aug2026 12:15:09.413] [modloading-worker-0/DEBUG] [mixin/]: veil.dynamicbuffer.mixins.json:client.DynamicBufferLevelRendererMixin from mod veil->@Inject::blit(Lorg/spongepowered/asm/mixin/injection/callback/CallbackInfo;)V won't be passed a CallbackInfo as a result
[06Aug2026 12:15:09.413] [modloading-worker-0/DEBUG] [mixin/]: veil.pipeline.mixins.json:client.PipelineLevelRendererMixin from mod veil->@Inject::saveFramebuffer(Lorg/spongepowered/asm/mixin/injection/callback/CallbackInfo;)V doesn't use it's CallbackInfo
[06Aug2026 12:15:09.413] [modloading-worker-0/DEBUG] [mixin/]: veil.pipeline.mixins.json:client.PipelineLevelRendererMixin from mod veil->@Inject::saveFramebuffer(Lorg/spongepowered/asm/mixin/injection/callback/CallbackInfo;)V has 0 override(s) in child classes
[06Aug2026 12:15:09.413] [modloading-worker-0/DEBUG] [mixin/]: veil.pipeline.mixins.json:client.PipelineLevelRendererMixin from mod veil->@Inject::saveFramebuffer(Lorg/spongepowered/asm/mixin/injection/callback/CallbackInfo;)V won't be passed a CallbackInfo as a result
[06Aug2026 12:15:09.413] [modloading-worker-0/DEBUG] [mixin/]: veil.pipeline.mixins.json:client.PipelineLevelRendererMixin from mod veil->@Inject::loadFramebuffer(Lorg/spongepowered/asm/mixin/injection/callback/CallbackInfo;)V doesn't use it's CallbackInfo
[06Aug2026 12:15:09.413] [modloading-worker-0/DEBUG] [mixin/]: veil.pipeline.mixins.json:client.PipelineLevelRendererMixin from mod veil->@Inject::loadFramebuffer(Lorg/spongepowered/asm/mixin/injection/callback/CallbackInfo;)V has 0 override(s) in child classes
[06Aug2026 12:15:09.413] [modloading-worker-0/DEBUG] [mixin/]: veil.pipeline.mixins.json:client.PipelineLevelRendererMixin from mod veil->@Inject::loadFramebuffer(Lorg/spongepowered/asm/mixin/injection/callback/CallbackInfo;)V won't be passed a CallbackInfo as a result
[06Aug2026 12:15:09.413] [modloading-worker-0/DEBUG] [mixin/]: veil.pipeline.mixins.json:client.PipelineLevelRendererMixin from mod veil->@Inject::veil$setupLevelCamera(Lnet/minecraft/world/phys/Vec3;Lorg/joml/Matrix4f;Lorg/joml/Matrix4f;Lorg/spongepowered/asm/mixin/injection/callback/CallbackInfo;)V doesn't use it's CallbackInfo
[06Aug2026 12:15:09.413] [modloading-worker-0/DEBUG] [mixin/]: veil.pipeline.mixins.json:client.PipelineLevelRendererMixin from mod veil->@Inject::veil$setupLevelCamera(Lnet/minecraft/world/phys/Vec3;Lorg/joml/Matrix4f;Lorg/joml/Matrix4f;Lorg/spongepowered/asm/mixin/injection/callback/CallbackInfo;)V has 0 override(s) in child classes
[06Aug2026 12:15:09.413] [modloading-worker-0/DEBUG] [mixin/]: veil.pipeline.mixins.json:client.PipelineLevelRendererMixin from mod veil->@Inject::veil$setupLevelCamera(Lnet/minecraft/world/phys/Vec3;Lorg/joml/Matrix4f;Lorg/joml/Matrix4f;Lorg/spongepowered/asm/mixin/injection/callback/CallbackInfo;)V won't be passed a CallbackInfo as a result
[06Aug2026 12:15:09.413] [modloading-worker-0/DEBUG] [mixin/]: veil.pipeline.mixins.json:client.PipelineLevelRendererMixin from mod veil->@Inject::blit(Lorg/spongepowered/asm/mixin/injection/callback/CallbackInfo;)V doesn't use it's CallbackInfo
[06Aug2026 12:15:09.413] [modloading-worker-0/DEBUG] [mixin/]: veil.pipeline.mixins.json:client.PipelineLevelRendererMixin from mod veil->@Inject::blit(Lorg/spongepowered/asm/mixin/injection/callback/CallbackInfo;)V has 0 override(s) in child classes
[06Aug2026 12:15:09.413] [modloading-worker-0/DEBUG] [mixin/]: veil.pipeline.mixins.json:client.PipelineLevelRendererMixin from mod veil->@Inject::blit(Lorg/spongepowered/asm/mixin/injection/callback/CallbackInfo;)V won't be passed a CallbackInfo as a result
[06Aug2026 12:15:09.414] [modloading-worker-0/DEBUG] [mixin/]: veil.pipeline.mixins.json:client.PipelineLevelRendererMixin from mod veil->@Inject::setRainBlend(Lorg/spongepowered/asm/mixin/injection/callback/CallbackInfo;)V doesn't use it's CallbackInfo
[06Aug2026 12:15:09.414] [modloading-worker-0/DEBUG] [mixin/]: veil.pipeline.mixins.json:client.PipelineLevelRendererMixin from mod veil->@Inject::setRainBlend(Lorg/spongepowered/asm/mixin/injection/callback/CallbackInfo;)V has 0 override(s) in child classes
[06Aug2026 12:15:09.414] [modloading-worker-0/DEBUG] [mixin/]: veil.pipeline.mixins.json:client.PipelineLevelRendererMixin from mod veil->@Inject::setRainBlend(Lorg/spongepowered/asm/mixin/injection/callback/CallbackInfo;)V won't be passed a CallbackInfo as a result
[06Aug2026 12:15:09.414] [modloading-worker-0/DEBUG] [mixin/]: veil.pipeline.mixins.json:client.PipelineLevelRendererMixin from mod veil->@Inject::setRainBlend(Lorg/spongepowered/asm/mixin/injection/callback/CallbackInfo;)V doesn't use it's CallbackInfo
[06Aug2026 12:15:09.414] [modloading-worker-0/DEBUG] [mixin/]: veil.pipeline.mixins.json:client.PipelineLevelRendererMixin from mod veil->@Inject::setRainBlend(Lorg/spongepowered/asm/mixin/injection/callback/CallbackInfo;)V has 0 override(s) in child classes
[06Aug2026 12:15:09.414] [modloading-worker-0/DEBUG] [mixin/]: veil.pipeline.mixins.json:client.PipelineLevelRendererMixin from mod veil->@Inject::setRainBlend(Lorg/spongepowered/asm/mixin/injection/callback/CallbackInfo;)V won't be passed a CallbackInfo as a result
[06Aug2026 12:15:09.414] [modloading-worker-0/DEBUG] [mixin/]: veil.pipeline.mixins.json:client.PipelineLevelRendererMixin from mod veil->@Inject::deinitTransparency(Lorg/spongepowered/asm/mixin/injection/callback/CallbackInfo;)V doesn't use it's CallbackInfo
[06Aug2026 12:15:09.414] [modloading-worker-0/DEBUG] [mixin/]: veil.pipeline.mixins.json:client.PipelineLevelRendererMixin from mod veil->@Inject::deinitTransparency(Lorg/spongepowered/asm/mixin/injection/callback/CallbackInfo;)V has 0 override(s) in child classes
[06Aug2026 12:15:09.414] [modloading-worker-0/DEBUG] [mixin/]: veil.pipeline.mixins.json:client.PipelineLevelRendererMixin from mod veil->@Inject::deinitTransparency(Lorg/spongepowered/asm/mixin/injection/callback/CallbackInfo;)V won't be passed a CallbackInfo as a result
[06Aug2026 12:15:09.414] [modloading-worker-0/DEBUG] [mixin/]: veil.pipeline.mixins.json:client.PipelineLevelRendererMixin from mod veil->@Inject::initTransparency(Lorg/spongepowered/asm/mixin/injection/callback/CallbackInfo;)V doesn't use it's CallbackInfo
[06Aug2026 12:15:09.414] [modloading-worker-0/DEBUG] [mixin/]: veil.pipeline.mixins.json:client.PipelineLevelRendererMixin from mod veil->@Inject::initTransparency(Lorg/spongepowered/asm/mixin/injection/callback/CallbackInfo;)V has 0 override(s) in child classes
[06Aug2026 12:15:09.414] [modloading-worker-0/DEBUG] [mixin/]: veil.pipeline.mixins.json:client.PipelineLevelRendererMixin from mod veil->@Inject::initTransparency(Lorg/spongepowered/asm/mixin/injection/callback/CallbackInfo;)V won't be passed a CallbackInfo as a result
[06Aug2026 12:15:09.414] [modloading-worker-0/DEBUG] [mixin/]: veil.pipeline.mixins.json:client.PipelineLevelRendererMixin from mod veil->@Inject::veil$onBlockChanged(Lnet/minecraft/world/level/BlockGetter;Lnet/minecraft/core/BlockPos;Lnet/minecraft/world/level/block/state/BlockState;Lnet/minecraft/world/level/block/state/BlockState;ILorg/spongepowered/asm/mixin/injection/callback/CallbackInfo;)V doesn't use it's CallbackInfo
[06Aug2026 12:15:09.414] [modloading-worker-0/DEBUG] [mixin/]: veil.pipeline.mixins.json:client.PipelineLevelRendererMixin from mod veil->@Inject::veil$onBlockChanged(Lnet/minecraft/world/level/BlockGetter;Lnet/minecraft/core/BlockPos;Lnet/minecraft/world/level/block/state/BlockState;Lnet/minecraft/world/level/block/state/BlockState;ILorg/spongepowered/asm/mixin/injection/callback/CallbackInfo;)V has 0 override(s) in child classes
[06Aug2026 12:15:09.414] [modloading-worker-0/DEBUG] [mixin/]: veil.pipeline.mixins.json:client.PipelineLevelRendererMixin from mod veil->@Inject::veil$onBlockChanged(Lnet/minecraft/world/level/BlockGetter;Lnet/minecraft/core/BlockPos;Lnet/minecraft/world/level/block/state/BlockState;Lnet/minecraft/world/level/block/state/BlockState;ILorg/spongepowered/asm/mixin/injection/callback/CallbackInfo;)V won't be passed a CallbackInfo as a result
[06Aug2026 12:15:09.414] [modloading-worker-0/DEBUG] [mixin/]: veil.pipeline.mixins.json:client.PipelineLevelRendererMixin from mod veil->@Inject::free(Lnet/minecraft/client/multiplayer/ClientLevel;Lorg/spongepowered/asm/mixin/injection/callback/CallbackInfo;)V doesn't use it's CallbackInfo
[06Aug2026 12:15:09.414] [modloading-worker-0/DEBUG] [mixin/]: veil.pipeline.mixins.json:client.PipelineLevelRendererMixin from mod veil->@Inject::free(Lnet/minecraft/client/multiplayer/ClientLevel;Lorg/spongepowered/asm/mixin/injection/callback/CallbackInfo;)V has 0 override(s) in child classes
[06Aug2026 12:15:09.414] [modloading-worker-0/DEBUG] [mixin/]: veil.pipeline.mixins.json:client.PipelineLevelRendererMixin from mod veil->@Inject::free(Lnet/minecraft/client/multiplayer/ClientLevel;Lorg/spongepowered/asm/mixin/injection/callback/CallbackInfo;)V won't be passed a CallbackInfo as a result
[06Aug2026 12:15:09.414] [modloading-worker-0/DEBUG] [mixin/]: veil.pipeline.mixins.json:client.PipelineLevelRendererMixin from mod veil->@Inject::renderExtraSectionLayers(Lnet/minecraft/client/renderer/RenderType;DDDLorg/joml/Matrix4f;Lorg/joml/Matrix4f;Lorg/spongepowered/asm/mixin/injection/callback/CallbackInfo;)V doesn't use it's CallbackInfo
[06Aug2026 12:15:09.414] [modloading-worker-0/DEBUG] [mixin/]: veil.pipeline.mixins.json:client.PipelineLevelRendererMixin from mod veil->@Inject::renderExtraSectionLayers(Lnet/minecraft/client/renderer/RenderType;DDDLorg/joml/Matrix4f;Lorg/joml/Matrix4f;Lorg/spongepowered/asm/mixin/injection/callback/CallbackInfo;)V has 0 override(s) in child classes
[06Aug2026 12:15:09.414] [modloading-worker-0/DEBUG] [mixin/]: veil.pipeline.mixins.json:client.PipelineLevelRendererMixin from mod veil->@Inject::renderExtraSectionLayers(Lnet/minecraft/client/renderer/RenderType;DDDLorg/joml/Matrix4f;Lorg/joml/Matrix4f;Lorg/spongepowered/asm/mixin/injection/callback/CallbackInfo;)V won't be passed a CallbackInfo as a result
[06Aug2026 12:15:09.414] [modloading-worker-0/DEBUG] [mixin/]: aeronautics.mixins.json:render.vanilla.LevelRendererMixin from mod aeronautics->@Inject::aeronautics$setupLevititeShaders(Lnet/minecraft/client/renderer/RenderType;DDDLorg/joml/Matrix4f;Lorg/joml/Matrix4f;Lorg/spongepowered/asm/mixin/injection/callback/CallbackInfo;)V doesn't use it's CallbackInfo
[06Aug2026 12:15:09.414] [modloading-worker-0/DEBUG] [mixin/]: aeronautics.mixins.json:render.vanilla.LevelRendererMixin from mod aeronautics->@Inject::aeronautics$setupLevititeShaders(Lnet/minecraft/client/renderer/RenderType;DDDLorg/joml/Matrix4f;Lorg/joml/Matrix4f;Lorg/spongepowered/asm/mixin/injection/callback/CallbackInfo;)V has 0 override(s) in child classes
[06Aug2026 12:15:09.414] [modloading-worker-0/DEBUG] [mixin/]: aeronautics.mixins.json:render.vanilla.LevelRendererMixin from mod aeronautics->@Inject::aeronautics$setupLevititeShaders(Lnet/minecraft/client/renderer/RenderType;DDDLorg/joml/Matrix4f;Lorg/joml/Matrix4f;Lorg/spongepowered/asm/mixin/injection/callback/CallbackInfo;)V won't be passed a CallbackInfo as a result
[06Aug2026 12:15:09.415] [modloading-worker-0/DEBUG] [mixin/]: aeronautics.mixins.json:render.vanilla.LevelRendererMixin from mod aeronautics->@Inject::aeronautics$cleanupLevititeShaders(Lnet/minecraft/client/renderer/RenderType;DDDLorg/joml/Matrix4f;Lorg/joml/Matrix4f;Lorg/spongepowered/asm/mixin/injection/callback/CallbackInfo;)V doesn't use it's CallbackInfo
[06Aug2026 12:15:09.415] [modloading-worker-0/DEBUG] [mixin/]: aeronautics.mixins.json:render.vanilla.LevelRendererMixin from mod aeronautics->@Inject::aeronautics$cleanupLevititeShaders(Lnet/minecraft/client/renderer/RenderType;DDDLorg/joml/Matrix4f;Lorg/joml/Matrix4f;Lorg/spongepowered/asm/mixin/injection/callback/CallbackInfo;)V has 0 override(s) in child classes
[06Aug2026 12:15:09.415] [modloading-worker-0/DEBUG] [mixin/]: aeronautics.mixins.json:render.vanilla.LevelRendererMixin from mod aeronautics->@Inject::aeronautics$cleanupLevititeShaders(Lnet/minecraft/client/renderer/RenderType;DDDLorg/joml/Matrix4f;Lorg/joml/Matrix4f;Lorg/spongepowered/asm/mixin/injection/callback/CallbackInfo;)V won't be passed a CallbackInfo as a result
[06Aug2026 12:15:09.415] [modloading-worker-0/DEBUG] [mixin/]: veil.debug.mixins.json:client.DebugLevelRendererMixin from mod veil->@Inject::nameDarkSky(Lorg/spongepowered/asm/mixin/injection/callback/CallbackInfo;)V doesn't use it's CallbackInfo
[06Aug2026 12:15:09.415] [modloading-worker-0/DEBUG] [mixin/]: veil.debug.mixins.json:client.DebugLevelRendererMixin from mod veil->@Inject::nameDarkSky(Lorg/spongepowered/asm/mixin/injection/callback/CallbackInfo;)V has 0 override(s) in child classes
[06Aug2026 12:15:09.415] [modloading-worker-0/DEBUG] [mixin/]: veil.debug.mixins.json:client.DebugLevelRendererMixin from mod veil->@Inject::nameDarkSky(Lorg/spongepowered/asm/mixin/injection/callback/CallbackInfo;)V won't be passed a CallbackInfo as a result
[06Aug2026 12:15:09.415] [modloading-worker-0/DEBUG] [mixin/]: veil.debug.mixins.json:client.DebugLevelRendererMixin from mod veil->@Inject::nameLightSky(Lorg/spongepowered/asm/mixin/injection/callback/CallbackInfo;)V doesn't use it's CallbackInfo
[06Aug2026 12:15:09.415] [modloading-worker-0/DEBUG] [mixin/]: veil.debug.mixins.json:client.DebugLevelRendererMixin from mod veil->@Inject::nameLightSky(Lorg/spongepowered/asm/mixin/injection/callback/CallbackInfo;)V has 0 override(s) in child classes
[06Aug2026 12:15:09.415] [modloading-worker-0/DEBUG] [mixin/]: veil.debug.mixins.json:client.DebugLevelRendererMixin from mod veil->@Inject::nameLightSky(Lorg/spongepowered/asm/mixin/injection/callback/CallbackInfo;)V won't be passed a CallbackInfo as a result
[06Aug2026 12:15:09.415] [modloading-worker-0/DEBUG] [mixin/]: veil.debug.mixins.json:client.DebugLevelRendererMixin from mod veil->@Inject::nameStars(Lorg/spongepowered/asm/mixin/injection/callback/CallbackInfo;)V doesn't use it's CallbackInfo
[06Aug2026 12:15:09.415] [modloading-worker-0/DEBUG] [mixin/]: veil.debug.mixins.json:client.DebugLevelRendererMixin from mod veil->@Inject::nameStars(Lorg/spongepowered/asm/mixin/injection/callback/CallbackInfo;)V has 0 override(s) in child classes
[06Aug2026 12:15:09.415] [modloading-worker-0/DEBUG] [mixin/]: veil.debug.mixins.json:client.DebugLevelRendererMixin from mod veil->@Inject::nameStars(Lorg/spongepowered/asm/mixin/injection/callback/CallbackInfo;)V won't be passed a CallbackInfo as a result
[06Aug2026 12:15:09.415] [modloading-worker-0/DEBUG] [mixin/]: veil.necromancer.mixins.json:client.NecromancerLevelRendererMixin from mod veil->@Inject::veil$levelRenderTick(Lorg/spongepowered/asm/mixin/injection/callback/CallbackInfo;)V doesn't use it's CallbackInfo
[06Aug2026 12:15:09.415] [modloading-worker-0/DEBUG] [mixin/]: veil.necromancer.mixins.json:client.NecromancerLevelRendererMixin from mod veil->@Inject::veil$levelRenderTick(Lorg/spongepowered/asm/mixin/injection/callback/CallbackInfo;)V has 0 override(s) in child classes
[06Aug2026 12:15:09.415] [modloading-worker-0/DEBUG] [mixin/]: veil.necromancer.mixins.json:client.NecromancerLevelRendererMixin from mod veil->@Inject::veil$levelRenderTick(Lorg/spongepowered/asm/mixin/injection/callback/CallbackInfo;)V won't be passed a CallbackInfo as a result
[06Aug2026 12:15:09.415] [modloading-worker-0/DEBUG] [mixin/]: veil.neoforge.mixins.json:client.dynamicbuffer.LevelRendererMixin from mod veil->@Inject::beginTranslucent(Lorg/spongepowered/asm/mixin/injection/callback/CallbackInfo;)V doesn't use it's CallbackInfo
[06Aug2026 12:15:09.415] [modloading-worker-0/DEBUG] [mixin/]: veil.neoforge.mixins.json:client.dynamicbuffer.LevelRendererMixin from mod veil->@Inject::beginTranslucent(Lorg/spongepowered/asm/mixin/injection/callback/CallbackInfo;)V has 0 override(s) in child classes
[06Aug2026 12:15:09.415] [modloading-worker-0/DEBUG] [mixin/]: veil.neoforge.mixins.json:client.dynamicbuffer.LevelRendererMixin from mod veil->@Inject::beginTranslucent(Lorg/spongepowered/asm/mixin/injection/callback/CallbackInfo;)V won't be passed a CallbackInfo as a result
[06Aug2026 12:15:09.415] [modloading-worker-0/DEBUG] [mixin/]: veil.neoforge.mixins.json:client.dynamicbuffer.LevelRendererMixin from mod veil->@Inject::preRenderParticles(Lorg/spongepowered/asm/mixin/injection/callback/CallbackInfo;)V doesn't use it's CallbackInfo
[06Aug2026 12:15:09.415] [modloading-worker-0/DEBUG] [mixin/]: veil.neoforge.mixins.json:client.dynamicbuffer.LevelRendererMixin from mod veil->@Inject::preRenderParticles(Lorg/spongepowered/asm/mixin/injection/callback/CallbackInfo;)V has 0 override(s) in child classes
[06Aug2026 12:15:09.415] [modloading-worker-0/DEBUG] [mixin/]: veil.neoforge.mixins.json:client.dynamicbuffer.LevelRendererMixin from mod veil->@Inject::preRenderParticles(Lorg/spongepowered/asm/mixin/injection/callback/CallbackInfo;)V won't be passed a CallbackInfo as a result
[06Aug2026 12:15:09.415] [modloading-worker-0/DEBUG] [mixin/]: veil.neoforge.mixins.json:client.dynamicbuffer.LevelRendererMixin from mod veil->@Inject::preRenderParticles(Lorg/spongepowered/asm/mixin/injection/callback/CallbackInfo;)V doesn't use it's CallbackInfo
[06Aug2026 12:15:09.415] [modloading-worker-0/DEBUG] [mixin/]: veil.neoforge.mixins.json:client.dynamicbuffer.LevelRendererMixin from mod veil->@Inject::preRenderParticles(Lorg/spongepowered/asm/mixin/injection/callback/CallbackInfo;)V has 0 override(s) in child classes
[06Aug2026 12:15:09.415] [modloading-worker-0/DEBUG] [mixin/]: veil.neoforge.mixins.json:client.dynamicbuffer.LevelRendererMixin from mod veil->@Inject::preRenderParticles(Lorg/spongepowered/asm/mixin/injection/callback/CallbackInfo;)V won't be passed a CallbackInfo as a result
[06Aug2026 12:15:09.415] [modloading-worker-0/DEBUG] [mixin/]: veil.neoforge.mixins.json:client.dynamicbuffer.LevelRendererMixin from mod veil->@Inject::preRenderParticles(Lorg/spongepowered/asm/mixin/injection/callback/CallbackInfo;)V doesn't use it's CallbackInfo
[06Aug2026 12:15:09.415] [modloading-worker-0/DEBUG] [mixin/]: veil.neoforge.mixins.json:client.dynamicbuffer.LevelRendererMixin from mod veil->@Inject::preRenderParticles(Lorg/spongepowered/asm/mixin/injection/callback/CallbackInfo;)V has 0 override(s) in child classes
[06Aug2026 12:15:09.415] [modloading-worker-0/DEBUG] [mixin/]: veil.neoforge.mixins.json:client.dynamicbuffer.LevelRendererMixin from mod veil->@Inject::preRenderParticles(Lorg/spongepowered/asm/mixin/injection/callback/CallbackInfo;)V won't be passed a CallbackInfo as a result
[06Aug2026 12:15:09.415] [modloading-worker-0/DEBUG] [mixin/]: veil.neoforge.mixins.json:client.dynamicbuffer.LevelRendererMixin from mod veil->@Inject::postRenderParticles(Lorg/spongepowered/asm/mixin/injection/callback/CallbackInfo;)V doesn't use it's CallbackInfo
[06Aug2026 12:15:09.415] [modloading-worker-0/DEBUG] [mixin/]: veil.neoforge.mixins.json:client.dynamicbuffer.LevelRendererMixin from mod veil->@Inject::postRenderParticles(Lorg/spongepowered/asm/mixin/injection/callback/CallbackInfo;)V has 0 override(s) in child classes
[06Aug2026 12:15:09.415] [modloading-worker-0/DEBUG] [mixin/]: veil.neoforge.mixins.json:client.dynamicbuffer.LevelRendererMixin from mod veil->@Inject::postRenderParticles(Lorg/spongepowered/asm/mixin/injection/callback/CallbackInfo;)V won't be passed a CallbackInfo as a result
[06Aug2026 12:15:09.415] [modloading-worker-0/DEBUG] [mixin/]: veil.neoforge.mixins.json:client.dynamicbuffer.LevelRendererMixin from mod veil->@Inject::postRenderParticles(Lorg/spongepowered/asm/mixin/injection/callback/CallbackInfo;)V doesn't use it's CallbackInfo
[06Aug2026 12:15:09.415] [modloading-worker-0/DEBUG] [mixin/]: veil.neoforge.mixins.json:client.dynamicbuffer.LevelRendererMixin from mod veil->@Inject::postRenderParticles(Lorg/spongepowered/asm/mixin/injection/callback/CallbackInfo;)V has 0 override(s) in child classes
[06Aug2026 12:15:09.415] [modloading-worker-0/DEBUG] [mixin/]: veil.neoforge.mixins.json:client.dynamicbuffer.LevelRendererMixin from mod veil->@Inject::postRenderParticles(Lorg/spongepowered/asm/mixin/injection/callback/CallbackInfo;)V won't be passed a CallbackInfo as a result
[06Aug2026 12:15:09.415] [modloading-worker-0/DEBUG] [mixin/]: veil.neoforge.mixins.json:client.dynamicbuffer.LevelRendererMixin from mod veil->@Inject::postRenderParticles(Lorg/spongepowered/asm/mixin/injection/callback/CallbackInfo;)V doesn't use it's CallbackInfo
[06Aug2026 12:15:09.415] [modloading-worker-0/DEBUG] [mixin/]: veil.neoforge.mixins.json:client.dynamicbuffer.LevelRendererMixin from mod veil->@Inject::postRenderParticles(Lorg/spongepowered/asm/mixin/injection/callback/CallbackInfo;)V has 0 override(s) in child classes
[06Aug2026 12:15:09.416] [modloading-worker-0/DEBUG] [mixin/]: veil.neoforge.mixins.json:client.dynamicbuffer.LevelRendererMixin from mod veil->@Inject::postRenderParticles(Lorg/spongepowered/asm/mixin/injection/callback/CallbackInfo;)V won't be passed a CallbackInfo as a result
[06Aug2026 12:15:09.416] [modloading-worker-0/DEBUG] [mixin/]: veil.neoforge.mixins.json:client.perspective.vanilla.LevelRendererMixin from mod veil->@Inject::setupRender(Lnet/minecraft/client/Camera;Lnet/minecraft/client/renderer/culling/Frustum;ZZLorg/spongepowered/asm/mixin/injection/callback/CallbackInfo;)V does use it's CallbackInfo
[06Aug2026 12:15:09.416] [modloading-worker-0/DEBUG] [mixin/]: veil.neoforge.mixins.json:client.perspective.vanilla.LevelRendererMixin from mod veil->@Inject::resetSections(Lnet/minecraft/client/DeltaTracker;ZLnet/minecraft/client/Camera;Lnet/minecraft/client/renderer/GameRenderer;Lnet/minecraft/client/renderer/LightTexture;Lorg/joml/Matrix4f;Lorg/joml/Matrix4f;Lorg/spongepowered/asm/mixin/injection/callback/CallbackInfo;)V doesn't use it's CallbackInfo
[06Aug2026 12:15:09.416] [modloading-worker-0/DEBUG] [mixin/]: veil.neoforge.mixins.json:client.perspective.vanilla.LevelRendererMixin from mod veil->@Inject::resetSections(Lnet/minecraft/client/DeltaTracker;ZLnet/minecraft/client/Camera;Lnet/minecraft/client/renderer/GameRenderer;Lnet/minecraft/client/renderer/LightTexture;Lorg/joml/Matrix4f;Lorg/joml/Matrix4f;Lorg/spongepowered/asm/mixin/injection/callback/CallbackInfo;)V has 0 override(s) in child classes
[06Aug2026 12:15:09.416] [modloading-worker-0/DEBUG] [mixin/]: veil.neoforge.mixins.json:client.perspective.vanilla.LevelRendererMixin from mod veil->@Inject::resetSections(Lnet/minecraft/client/DeltaTracker;ZLnet/minecraft/client/Camera;Lnet/minecraft/client/renderer/GameRenderer;Lnet/minecraft/client/renderer/LightTexture;Lorg/joml/Matrix4f;Lorg/joml/Matrix4f;Lorg/spongepowered/asm/mixin/injection/callback/CallbackInfo;)V won't be passed a CallbackInfo as a result
[06Aug2026 12:15:09.416] [modloading-worker-0/DEBUG] [mixin/]: simulated.mixins.json:end_sea.LevelRendererMixin from mod simulated->@Inject::renderLevel(Lnet/minecraft/client/DeltaTracker;ZLnet/minecraft/client/Camera;Lnet/minecraft/client/renderer/GameRenderer;Lnet/minecraft/client/renderer/LightTexture;Lorg/joml/Matrix4f;Lorg/joml/Matrix4f;Lorg/spongepowered/asm/mixin/injection/callback/CallbackInfo;)V doesn't use it's CallbackInfo
[06Aug2026 12:15:09.416] [modloading-worker-0/DEBUG] [mixin/]: simulated.mixins.json:end_sea.LevelRendererMixin from mod simulated->@Inject::renderLevel(Lnet/minecraft/client/DeltaTracker;ZLnet/minecraft/client/Camera;Lnet/minecraft/client/renderer/GameRenderer;Lnet/minecraft/client/renderer/LightTexture;Lorg/joml/Matrix4f;Lorg/joml/Matrix4f;Lorg/spongepowered/asm/mixin/injection/callback/CallbackInfo;)V has 0 override(s) in child classes
[06Aug2026 12:15:09.416] [modloading-worker-0/DEBUG] [mixin/]: simulated.mixins.json:end_sea.LevelRendererMixin from mod simulated->@Inject::renderLevel(Lnet/minecraft/client/DeltaTracker;ZLnet/minecraft/client/Camera;Lnet/minecraft/client/renderer/GameRenderer;Lnet/minecraft/client/renderer/LightTexture;Lorg/joml/Matrix4f;Lorg/joml/Matrix4f;Lorg/spongepowered/asm/mixin/injection/callback/CallbackInfo;)V won't be passed a CallbackInfo as a result
[06Aug2026 12:15:09.416] [modloading-worker-0/DEBUG] [mixin/]: simulated.mixins.json:rope.LevelRendererMixin from mod simulated->@Inject::sable$cancelBlockHitOutline(Lcom/mojang/blaze3d/vertex/PoseStack;Lcom/mojang/blaze3d/vertex/VertexConsumer;Lnet/minecraft/world/entity/Entity;DDDLnet/minecraft/core/BlockPos;Lnet/minecraft/world/level/block/state/BlockState;Lorg/spongepowered/asm/mixin/injection/callback/CallbackInfo;)V does use it's CallbackInfo
[06Aug2026 12:15:09.416] [modloading-worker-0/DEBUG] [mixin/]: flywheel.impl.mixins.json:fix.FixFabulousDepthMixin from mod flywheel->@Inject::flywheel$disableTransparencyShaderDepth(Lorg/spongepowered/asm/mixin/injection/callback/CallbackInfo;)V doesn't use it's CallbackInfo
[06Aug2026 12:15:09.416] [modloading-worker-0/DEBUG] [mixin/]: flywheel.impl.mixins.json:fix.FixFabulousDepthMixin from mod flywheel->@Inject::flywheel$disableTransparencyShaderDepth(Lorg/spongepowered/asm/mixin/injection/callback/CallbackInfo;)V has 0 override(s) in child classes
[06Aug2026 12:15:09.416] [modloading-worker-0/DEBUG] [mixin/]: flywheel.impl.mixins.json:fix.FixFabulousDepthMixin from mod flywheel->@Inject::flywheel$disableTransparencyShaderDepth(Lorg/spongepowered/asm/mixin/injection/callback/CallbackInfo;)V won't be passed a CallbackInfo as a result
[06Aug2026 12:15:09.416] [modloading-worker-0/DEBUG] [mixin/]: flywheel.impl.mixins.json:visualmanage.LevelRendererMixin from mod flywheel->@Inject::flywheel$checkUpdate(Lnet/minecraft/core/BlockPos;Lnet/minecraft/world/level/block/state/BlockState;Lnet/minecraft/world/level/block/state/BlockState;Lorg/spongepowered/asm/mixin/injection/callback/CallbackInfo;)V doesn't use it's CallbackInfo
[06Aug2026 12:15:09.416] [modloading-worker-0/DEBUG] [mixin/]: flywheel.impl.mixins.json:visualmanage.LevelRendererMixin from mod flywheel->@Inject::flywheel$checkUpdate(Lnet/minecraft/core/BlockPos;Lnet/minecraft/world/level/block/state/BlockState;Lnet/minecraft/world/level/block/state/BlockState;Lorg/spongepowered/asm/mixin/injection/callback/CallbackInfo;)V has 0 override(s) in child classes
[06Aug2026 12:15:09.416] [modloading-worker-0/DEBUG] [mixin/]: flywheel.impl.mixins.json:visualmanage.LevelRendererMixin from mod flywheel->@Inject::flywheel$checkUpdate(Lnet/minecraft/core/BlockPos;Lnet/minecraft/world/level/block/state/BlockState;Lnet/minecraft/world/level/block/state/BlockState;Lorg/spongepowered/asm/mixin/injection/callback/CallbackInfo;)V won't be passed a CallbackInfo as a result
[06Aug2026 12:15:09.416] [modloading-worker-0/DEBUG] [mixin/]: create.mixins.json:client.LevelRendererMixin from mod create->@Inject::create$onDestroyBlockProgress(ILnet/minecraft/core/BlockPos;ILorg/spongepowered/asm/mixin/injection/callback/CallbackInfo;Lnet/minecraft/server/level/BlockDestructionProgress;)V doesn't use it's CallbackInfo
[06Aug2026 12:15:09.416] [modloading-worker-0/DEBUG] [mixin/]: create.mixins.json:client.LevelRendererMixin from mod create->@Inject::create$onDestroyBlockProgress(ILnet/minecraft/core/BlockPos;ILorg/spongepowered/asm/mixin/injection/callback/CallbackInfo;Lnet/minecraft/server/level/BlockDestructionProgress;)V has 0 override(s) in child classes
[06Aug2026 12:15:09.416] [modloading-worker-0/DEBUG] [mixin/]: create.mixins.json:client.LevelRendererMixin from mod create->@Inject::create$onDestroyBlockProgress(ILnet/minecraft/core/BlockPos;ILorg/spongepowered/asm/mixin/injection/callback/CallbackInfo;Lnet/minecraft/server/level/BlockDestructionProgress;)V won't be passed a CallbackInfo as a result
[06Aug2026 12:15:09.416] [modloading-worker-0/DEBUG] [mixin/]: create.mixins.json:client.LevelRendererMixin from mod create->@Inject::create$onRemoveProgress(Lnet/minecraft/server/level/BlockDestructionProgress;Lorg/spongepowered/asm/mixin/injection/callback/CallbackInfo;)V doesn't use it's CallbackInfo
[06Aug2026 12:15:09.416] [modloading-worker-0/DEBUG] [mixin/]: create.mixins.json:client.LevelRendererMixin from mod create->@Inject::create$onRemoveProgress(Lnet/minecraft/server/level/BlockDestructionProgress;Lorg/spongepowered/asm/mixin/injection/callback/CallbackInfo;)V has 0 override(s) in child classes
[06Aug2026 12:15:09.416] [modloading-worker-0/DEBUG] [mixin/]: create.mixins.json:client.LevelRendererMixin from mod create->@Inject::create$onRemoveProgress(Lnet/minecraft/server/level/BlockDestructionProgress;Lorg/spongepowered/asm/mixin/injection/callback/CallbackInfo;)V won't be passed a CallbackInfo as a result
[06Aug2026 12:15:09.417] [modloading-worker-0/DEBUG] [mixin/]: sable.mixins.json:block_decal_render.LevelRendererMixin from mod sable->@Inject::sable$preRenderBlockDamage(Lnet/minecraft/client/DeltaTracker;ZLnet/minecraft/client/Camera;Lnet/minecraft/client/renderer/GameRenderer;Lnet/minecraft/client/renderer/LightTexture;Lorg/joml/Matrix4f;Lorg/joml/Matrix4f;Lorg/spongepowered/asm/mixin/injection/callback/CallbackInfo;)V doesn't use it's CallbackInfo
[06Aug2026 12:15:09.417] [modloading-worker-0/DEBUG] [mixin/]: sable.mixins.json:block_decal_render.LevelRendererMixin from mod sable->@Inject::sable$preRenderBlockDamage(Lnet/minecraft/client/DeltaTracker;ZLnet/minecraft/client/Camera;Lnet/minecraft/client/renderer/GameRenderer;Lnet/minecraft/client/renderer/LightTexture;Lorg/joml/Matrix4f;Lorg/joml/Matrix4f;Lorg/spongepowered/asm/mixin/injection/callback/CallbackInfo;)V has 0 override(s) in child classes
[06Aug2026 12:15:09.417] [modloading-worker-0/DEBUG] [mixin/]: sable.mixins.json:block_decal_render.LevelRendererMixin from mod sable->@Inject::sable$preRenderBlockDamage(Lnet/minecraft/client/DeltaTracker;ZLnet/minecraft/client/Camera;Lnet/minecraft/client/renderer/GameRenderer;Lnet/minecraft/client/renderer/LightTexture;Lorg/joml/Matrix4f;Lorg/joml/Matrix4f;Lorg/spongepowered/asm/mixin/injection/callback/CallbackInfo;)V won't be passed a CallbackInfo as a result
[06Aug2026 12:15:09.417] [modloading-worker-0/DEBUG] [mixin/]: sable.mixins.json:block_decal_render.LevelRendererMixin from mod sable->@Inject::sable$preRenderBlockDamage(Lnet/minecraft/client/DeltaTracker;ZLnet/minecraft/client/Camera;Lnet/minecraft/client/renderer/GameRenderer;Lnet/minecraft/client/renderer/LightTexture;Lorg/joml/Matrix4f;Lorg/joml/Matrix4f;Lorg/spongepowered/asm/mixin/injection/callback/CallbackInfo;)V doesn't use it's CallbackInfo
[06Aug2026 12:15:09.417] [modloading-worker-0/DEBUG] [mixin/]: sable.mixins.json:block_decal_render.LevelRendererMixin from mod sable->@Inject::sable$preRenderBlockDamage(Lnet/minecraft/client/DeltaTracker;ZLnet/minecraft/client/Camera;Lnet/minecraft/client/renderer/GameRenderer;Lnet/minecraft/client/renderer/LightTexture;Lorg/joml/Matrix4f;Lorg/joml/Matrix4f;Lorg/spongepowered/asm/mixin/injection/callback/CallbackInfo;)V has 0 override(s) in child classes
[06Aug2026 12:15:09.417] [modloading-worker-0/DEBUG] [mixin/]: sable.mixins.json:block_decal_render.LevelRendererMixin from mod sable->@Inject::sable$preRenderBlockDamage(Lnet/minecraft/client/DeltaTracker;ZLnet/minecraft/client/Camera;Lnet/minecraft/client/renderer/GameRenderer;Lnet/minecraft/client/renderer/LightTexture;Lorg/joml/Matrix4f;Lorg/joml/Matrix4f;Lorg/spongepowered/asm/mixin/injection/callback/CallbackInfo;)V won't be passed a CallbackInfo as a result
[06Aug2026 12:15:09.417] [modloading-worker-0/DEBUG] [mixin/]: sable.mixins.json:debug_render.LevelRendererMixin from mod sable->@Inject::renderLevel(Lnet/minecraft/client/DeltaTracker;ZLnet/minecraft/client/Camera;Lnet/minecraft/client/renderer/GameRenderer;Lnet/minecraft/client/renderer/LightTexture;Lorg/joml/Matrix4f;Lorg/joml/Matrix4f;Lorg/spongepowered/asm/mixin/injection/callback/CallbackInfo;)V doesn't use it's CallbackInfo
[06Aug2026 12:15:09.417] [modloading-worker-0/DEBUG] [mixin/]: sable.mixins.json:debug_render.LevelRendererMixin from mod sable->@Inject::renderLevel(Lnet/minecraft/client/DeltaTracker;ZLnet/minecraft/client/Camera;Lnet/minecraft/client/renderer/GameRenderer;Lnet/minecraft/client/renderer/LightTexture;Lorg/joml/Matrix4f;Lorg/joml/Matrix4f;Lorg/spongepowered/asm/mixin/injection/callback/CallbackInfo;)V has 0 override(s) in child classes
[06Aug2026 12:15:09.417] [modloading-worker-0/DEBUG] [mixin/]: sable.mixins.json:debug_render.LevelRendererMixin from mod sable->@Inject::renderLevel(Lnet/minecraft/client/DeltaTracker;ZLnet/minecraft/client/Camera;Lnet/minecraft/client/renderer/GameRenderer;Lnet/minecraft/client/renderer/LightTexture;Lorg/joml/Matrix4f;Lorg/joml/Matrix4f;Lorg/spongepowered/asm/mixin/injection/callback/CallbackInfo;)V won't be passed a CallbackInfo as a result
[06Aug2026 12:15:09.417] [modloading-worker-0/DEBUG] [mixin/]: sable.mixins.json:entity.entity_rendering.LevelRendererMixin from mod sable->@Inject::renderEntityOnSubLevel(Lnet/minecraft/world/entity/Entity;DDDFLcom/mojang/blaze3d/vertex/PoseStack;Lnet/minecraft/client/renderer/MultiBufferSource;Lorg/spongepowered/asm/mixin/injection/callback/CallbackInfo;)V doesn't use it's CallbackInfo
[06Aug2026 12:15:09.417] [modloading-worker-0/DEBUG] [mixin/]: sable.mixins.json:entity.entity_rendering.LevelRendererMixin from mod sable->@Inject::renderEntityOnSubLevel(Lnet/minecraft/world/entity/Entity;DDDFLcom/mojang/blaze3d/vertex/PoseStack;Lnet/minecraft/client/renderer/MultiBufferSource;Lorg/spongepowered/asm/mixin/injection/callback/CallbackInfo;)V has 0 override(s) in child classes
[06Aug2026 12:15:09.417] [modloading-worker-0/DEBUG] [mixin/]: sable.mixins.json:entity.entity_rendering.LevelRendererMixin from mod sable->@Inject::renderEntityOnSubLevel(Lnet/minecraft/world/entity/Entity;DDDFLcom/mojang/blaze3d/vertex/PoseStack;Lnet/minecraft/client/renderer/MultiBufferSource;Lorg/spongepowered/asm/mixin/injection/callback/CallbackInfo;)V won't be passed a CallbackInfo as a result
[06Aug2026 12:15:09.417] [modloading-worker-0/DEBUG] [mixin/]: sable.mixins.json:sublevel_render.LevelRendererMixin from mod sable->@Inject::sable$allChanged(Lorg/spongepowered/asm/mixin/injection/callback/CallbackInfo;)V doesn't use it's CallbackInfo
[06Aug2026 12:15:09.417] [modloading-worker-0/DEBUG] [mixin/]: sable.mixins.json:sublevel_render.LevelRendererMixin from mod sable->@Inject::sable$allChanged(Lorg/spongepowered/asm/mixin/injection/callback/CallbackInfo;)V has 0 override(s) in child classes
[06Aug2026 12:15:09.417] [modloading-worker-0/DEBUG] [mixin/]: sable.mixins.json:sublevel_render.LevelRendererMixin from mod sable->@Inject::sable$allChanged(Lorg/spongepowered/asm/mixin/injection/callback/CallbackInfo;)V won't be passed a CallbackInfo as a result
[06Aug2026 12:15:09.417] [modloading-worker-0/DEBUG] [mixin/]: sable.mixins.json:sublevel_render.LevelRendererMixin from mod sable->@Inject::sable$renderSingleBlockSubLevels(Lnet/minecraft/client/DeltaTracker;ZLnet/minecraft/client/Camera;Lnet/minecraft/client/renderer/GameRenderer;Lnet/minecraft/client/renderer/LightTexture;Lorg/joml/Matrix4f;Lorg/joml/Matrix4f;Lorg/spongepowered/asm/mixin/injection/callback/CallbackInfo;)V doesn't use it's CallbackInfo
[06Aug2026 12:15:09.418] [modloading-worker-0/DEBUG] [mixin/]: sable.mixins.json:sublevel_render.LevelRendererMixin from mod sable->@Inject::sable$renderSingleBlockSubLevels(Lnet/minecraft/client/DeltaTracker;ZLnet/minecraft/client/Camera;Lnet/minecraft/client/renderer/GameRenderer;Lnet/minecraft/client/renderer/LightTexture;Lorg/joml/Matrix4f;Lorg/joml/Matrix4f;Lorg/spongepowered/asm/mixin/injection/callback/CallbackInfo;)V has 0 override(s) in child classes
[06Aug2026 12:15:09.418] [modloading-worker-0/DEBUG] [mixin/]: sable.mixins.json:sublevel_render.LevelRendererMixin from mod sable->@Inject::sable$renderSingleBlockSubLevels(Lnet/minecraft/client/DeltaTracker;ZLnet/minecraft/client/Camera;Lnet/minecraft/client/renderer/GameRenderer;Lnet/minecraft/client/renderer/LightTexture;Lorg/joml/Matrix4f;Lorg/joml/Matrix4f;Lorg/spongepowered/asm/mixin/injection/callback/CallbackInfo;)V won't be passed a CallbackInfo as a result
[06Aug2026 12:15:09.418] [modloading-worker-0/DEBUG] [mixin/]: sable.mixins.json:sublevel_render.block_entity_render.LevelRendererMixin from mod sable->@Inject::init(Lnet/minecraft/client/Minecraft;Lnet/minecraft/client/renderer/entity/EntityRenderDispatcher;Lnet/minecraft/client/renderer/blockentity/BlockEntityRenderDispatcher;Lnet/minecraft/client/renderer/RenderBuffers;Lorg/spongepowered/asm/mixin/injection/callback/CallbackInfo;)V doesn't use it's CallbackInfo
[06Aug2026 12:15:09.418] [modloading-worker-0/DEBUG] [mixin/]: sable.mixins.json:sublevel_render.block_entity_render.LevelRendererMixin from mod sable->@Inject::init(Lnet/minecraft/client/Minecraft;Lnet/minecraft/client/renderer/entity/EntityRenderDispatcher;Lnet/minecraft/client/renderer/blockentity/BlockEntityRenderDispatcher;Lnet/minecraft/client/renderer/RenderBuffers;Lorg/spongepowered/asm/mixin/injection/callback/CallbackInfo;)V has 0 override(s) in child classes
[06Aug2026 12:15:09.418] [modloading-worker-0/DEBUG] [mixin/]: sable.mixins.json:sublevel_render.block_entity_render.LevelRendererMixin from mod sable->@Inject::init(Lnet/minecraft/client/Minecraft;Lnet/minecraft/client/renderer/entity/EntityRenderDispatcher;Lnet/minecraft/client/renderer/blockentity/BlockEntityRenderDispatcher;Lnet/minecraft/client/renderer/RenderBuffers;Lorg/spongepowered/asm/mixin/injection/callback/CallbackInfo;)V won't be passed a CallbackInfo as a result
[06Aug2026 12:15:09.418] [modloading-worker-0/DEBUG] [mixin/]: sable.mixins.json:sublevel_render.block_entity_render.LevelRendererMixin from mod sable->@Inject::sable$preRenderBEs(Lnet/minecraft/client/DeltaTracker;ZLnet/minecraft/client/Camera;Lnet/minecraft/client/renderer/GameRenderer;Lnet/minecraft/client/renderer/LightTexture;Lorg/joml/Matrix4f;Lorg/joml/Matrix4f;Lorg/spongepowered/asm/mixin/injection/callback/CallbackInfo;)V doesn't use it's CallbackInfo
[06Aug2026 12:15:09.418] [modloading-worker-0/DEBUG] [mixin/]: sable.mixins.json:sublevel_render.block_entity_render.LevelRendererMixin from mod sable->@Inject::sable$preRenderBEs(Lnet/minecraft/client/DeltaTracker;ZLnet/minecraft/client/Camera;Lnet/minecraft/client/renderer/GameRenderer;Lnet/minecraft/client/renderer/LightTexture;Lorg/joml/Matrix4f;Lorg/joml/Matrix4f;Lorg/spongepowered/asm/mixin/injection/callback/CallbackInfo;)V has 0 override(s) in child classes
[06Aug2026 12:15:09.418] [modloading-worker-0/DEBUG] [mixin/]: sable.mixins.json:sublevel_render.block_entity_render.LevelRendererMixin from mod sable->@Inject::sable$preRenderBEs(Lnet/minecraft/client/DeltaTracker;ZLnet/minecraft/client/Camera;Lnet/minecraft/client/renderer/GameRenderer;Lnet/minecraft/client/renderer/LightTexture;Lorg/joml/Matrix4f;Lorg/joml/Matrix4f;Lorg/spongepowered/asm/mixin/injection/callback/CallbackInfo;)V won't be passed a CallbackInfo as a result
[06Aug2026 12:15:09.418] [modloading-worker-0/DEBUG] [mixin/]: sable.mixins.json:sublevel_render.impl.vanilla.water_occlusion.LevelRendererMixin from mod sable->@Inject::sable$preRenderSectionLayers(Lnet/minecraft/client/DeltaTracker;ZLnet/minecraft/client/Camera;Lnet/minecraft/client/renderer/GameRenderer;Lnet/minecraft/client/renderer/LightTexture;Lorg/joml/Matrix4f;Lorg/joml/Matrix4f;Lorg/spongepowered/asm/mixin/injection/callback/CallbackInfo;)V doesn't use it's CallbackInfo
[06Aug2026 12:15:09.418] [modloading-worker-0/DEBUG] [mixin/]: sable.mixins.json:sublevel_render.impl.vanilla.water_occlusion.LevelRendererMixin from mod sable->@Inject::sable$preRenderSectionLayers(Lnet/minecraft/client/DeltaTracker;ZLnet/minecraft/client/Camera;Lnet/minecraft/client/renderer/GameRenderer;Lnet/minecraft/client/renderer/LightTexture;Lorg/joml/Matrix4f;Lorg/joml/Matrix4f;Lorg/spongepowered/asm/mixin/injection/callback/CallbackInfo;)V has 0 override(s) in child classes
[06Aug2026 12:15:09.418] [modloading-worker-0/DEBUG] [mixin/]: sable.mixins.json:sublevel_render.impl.vanilla.water_occlusion.LevelRendererMixin from mod sable->@Inject::sable$preRenderSectionLayers(Lnet/minecraft/client/DeltaTracker;ZLnet/minecraft/client/Camera;Lnet/minecraft/client/renderer/GameRenderer;Lnet/minecraft/client/renderer/LightTexture;Lorg/joml/Matrix4f;Lorg/joml/Matrix4f;Lorg/spongepowered/asm/mixin/injection/callback/CallbackInfo;)V won't be passed a CallbackInfo as a result
[06Aug2026 12:15:09.418] [modloading-worker-0/DEBUG] [mixin/]: sable.mixins.json:sublevel_render.impl.vanilla.water_occlusion.LevelRendererMixin from mod sable->@Inject::sable$onRenderSectionLayer(Lnet/minecraft/client/renderer/RenderType;DDDLorg/joml/Matrix4f;Lorg/joml/Matrix4f;Lorg/spongepowered/asm/mixin/injection/callback/CallbackInfo;)V doesn't use it's CallbackInfo
[06Aug2026 12:15:09.418] [modloading-worker-0/DEBUG] [mixin/]: sable.mixins.json:sublevel_render.impl.vanilla.water_occlusion.LevelRendererMixin from mod sable->@Inject::sable$onRenderSectionLayer(Lnet/minecraft/client/renderer/RenderType;DDDLorg/joml/Matrix4f;Lorg/joml/Matrix4f;Lorg/spongepowered/asm/mixin/injection/callback/CallbackInfo;)V has 0 override(s) in child classes
[06Aug2026 12:15:09.418] [modloading-worker-0/DEBUG] [mixin/]: sable.mixins.json:sublevel_render.impl.vanilla.water_occlusion.LevelRendererMixin from mod sable->@Inject::sable$onRenderSectionLayer(Lnet/minecraft/client/renderer/RenderType;DDDLorg/joml/Matrix4f;Lorg/joml/Matrix4f;Lorg/spongepowered/asm/mixin/injection/callback/CallbackInfo;)V won't be passed a CallbackInfo as a result
[06Aug2026 12:15:09.418] [modloading-worker-0/DEBUG] [mixin/]: flywheel.impl.mixins.json:LevelRendererMixin from mod flywheel->@Inject::flywheel$beginRender(Lnet/minecraft/client/DeltaTracker;ZLnet/minecraft/client/Camera;Lnet/minecraft/client/renderer/GameRenderer;Lnet/minecraft/client/renderer/LightTexture;Lorg/joml/Matrix4f;Lorg/joml/Matrix4f;Lorg/spongepowered/asm/mixin/injection/callback/CallbackInfo;)V doesn't use it's CallbackInfo
[06Aug2026 12:15:09.418] [modloading-worker-0/DEBUG] [mixin/]: flywheel.impl.mixins.json:LevelRendererMixin from mod flywheel->@Inject::flywheel$beginRender(Lnet/minecraft/client/DeltaTracker;ZLnet/minecraft/client/Camera;Lnet/minecraft/client/renderer/GameRenderer;Lnet/minecraft/client/renderer/LightTexture;Lorg/joml/Matrix4f;Lorg/joml/Matrix4f;Lorg/spongepowered/asm/mixin/injection/callback/CallbackInfo;)V has 0 override(s) in child classes
[06Aug2026 12:15:09.418] [modloading-worker-0/DEBUG] [mixin/]: flywheel.impl.mixins.json:LevelRendererMixin from mod flywheel->@Inject::flywheel$beginRender(Lnet/minecraft/client/DeltaTracker;ZLnet/minecraft/client/Camera;Lnet/minecraft/client/renderer/GameRenderer;Lnet/minecraft/client/renderer/LightTexture;Lorg/joml/Matrix4f;Lorg/joml/Matrix4f;Lorg/spongepowered/asm/mixin/injection/callback/CallbackInfo;)V won't be passed a CallbackInfo as a result
[06Aug2026 12:15:09.418] [modloading-worker-0/DEBUG] [mixin/]: flywheel.impl.mixins.json:LevelRendererMixin from mod flywheel->@Inject::flywheel$endRender(Lorg/spongepowered/asm/mixin/injection/callback/CallbackInfo;)V doesn't use it's CallbackInfo
[06Aug2026 12:15:09.418] [modloading-worker-0/DEBUG] [mixin/]: flywheel.impl.mixins.json:LevelRendererMixin from mod flywheel->@Inject::flywheel$endRender(Lorg/spongepowered/asm/mixin/injection/callback/CallbackInfo;)V has 0 override(s) in child classes
[06Aug2026 12:15:09.418] [modloading-worker-0/DEBUG] [mixin/]: flywheel.impl.mixins.json:LevelRendererMixin from mod flywheel->@Inject::flywheel$endRender(Lorg/spongepowered/asm/mixin/injection/callback/CallbackInfo;)V won't be passed a CallbackInfo as a result
[06Aug2026 12:15:09.418] [modloading-worker-0/DEBUG] [mixin/]: flywheel.impl.mixins.json:LevelRendererMixin from mod flywheel->@Inject::flywheel$reload(Lorg/spongepowered/asm/mixin/injection/callback/CallbackInfo;)V doesn't use it's CallbackInfo
[06Aug2026 12:15:09.418] [modloading-worker-0/DEBUG] [mixin/]: flywheel.impl.mixins.json:LevelRendererMixin from mod flywheel->@Inject::flywheel$reload(Lorg/spongepowered/asm/mixin/injection/callback/CallbackInfo;)V has 0 override(s) in child classes
[06Aug2026 12:15:09.418] [modloading-worker-0/DEBUG] [mixin/]: flywheel.impl.mixins.json:LevelRendererMixin from mod flywheel->@Inject::flywheel$reload(Lorg/spongepowered/asm/mixin/injection/callback/CallbackInfo;)V won't be passed a CallbackInfo as a result
[06Aug2026 12:15:09.418] [modloading-worker-0/DEBUG] [mixin/]: flywheel.impl.mixins.json:LevelRendererMixin from mod flywheel->@Inject::flywheel$beforeBlockEntities(Lorg/spongepowered/asm/mixin/injection/callback/CallbackInfo;)V doesn't use it's CallbackInfo
[06Aug2026 12:15:09.418] [modloading-worker-0/DEBUG] [mixin/]: flywheel.impl.mixins.json:LevelRendererMixin from mod flywheel->@Inject::flywheel$beforeBlockEntities(Lorg/spongepowered/asm/mixin/injection/callback/CallbackInfo;)V has 0 override(s) in child classes
[06Aug2026 12:15:09.419] [modloading-worker-0/DEBUG] [mixin/]: flywheel.impl.mixins.json:LevelRendererMixin from mod flywheel->@Inject::flywheel$beforeBlockEntities(Lorg/spongepowered/asm/mixin/injection/callback/CallbackInfo;)V won't be passed a CallbackInfo as a result
[06Aug2026 12:15:09.419] [modloading-worker-0/DEBUG] [mixin/]: flywheel.impl.mixins.json:LevelRendererMixin from mod flywheel->@Inject::flywheel$beforeRenderCrumbling(Lorg/spongepowered/asm/mixin/injection/callback/CallbackInfo;)V doesn't use it's CallbackInfo
[06Aug2026 12:15:09.419] [modloading-worker-0/DEBUG] [mixin/]: flywheel.impl.mixins.json:LevelRendererMixin from mod flywheel->@Inject::flywheel$beforeRenderCrumbling(Lorg/spongepowered/asm/mixin/injection/callback/CallbackInfo;)V has 0 override(s) in child classes
[06Aug2026 12:15:09.419] [modloading-worker-0/DEBUG] [mixin/]: flywheel.impl.mixins.json:LevelRendererMixin from mod flywheel->@Inject::flywheel$beforeRenderCrumbling(Lorg/spongepowered/asm/mixin/injection/callback/CallbackInfo;)V won't be passed a CallbackInfo as a result
[06Aug2026 12:15:09.419] [modloading-worker-0/DEBUG] [mixin/]: flywheel.impl.mixins.json:LevelRendererMixin from mod flywheel->@Inject::flywheel$decideNotToRenderEntity(Lnet/minecraft/world/entity/Entity;DDDFLcom/mojang/blaze3d/vertex/PoseStack;Lnet/minecraft/client/renderer/MultiBufferSource;Lorg/spongepowered/asm/mixin/injection/callback/CallbackInfo;)V does use it's CallbackInfo
[06Aug2026 12:15:09.419] [modloading-worker-0/DEBUG] [mixin/]: sable.mixins.json:sublevel_render.impl.vanilla.LevelRendererMixin from mod sable->@Inject::sable$compileSections(Lnet/minecraft/client/Camera;Lorg/spongepowered/asm/mixin/injection/callback/CallbackInfo;)V doesn't use it's CallbackInfo
[06Aug2026 12:15:09.419] [modloading-worker-0/DEBUG] [mixin/]: sable.mixins.json:sublevel_render.impl.vanilla.LevelRendererMixin from mod sable->@Inject::sable$compileSections(Lnet/minecraft/client/Camera;Lorg/spongepowered/asm/mixin/injection/callback/CallbackInfo;)V has 0 override(s) in child classes
[06Aug2026 12:15:09.419] [modloading-worker-0/DEBUG] [mixin/]: sable.mixins.json:sublevel_render.impl.vanilla.LevelRendererMixin from mod sable->@Inject::sable$compileSections(Lnet/minecraft/client/Camera;Lorg/spongepowered/asm/mixin/injection/callback/CallbackInfo;)V won't be passed a CallbackInfo as a result
[06Aug2026 12:15:09.419] [modloading-worker-0/DEBUG] [mixin/]: sable.mixins.json:sublevel_render.impl.vanilla.LevelRendererMixin from mod sable->@Inject::sable$cull(Lnet/minecraft/client/Camera;Lnet/minecraft/client/renderer/culling/Frustum;ZZLorg/spongepowered/asm/mixin/injection/callback/CallbackInfo;)V doesn't use it's CallbackInfo
[06Aug2026 12:15:09.419] [modloading-worker-0/DEBUG] [mixin/]: sable.mixins.json:sublevel_render.impl.vanilla.LevelRendererMixin from mod sable->@Inject::sable$cull(Lnet/minecraft/client/Camera;Lnet/minecraft/client/renderer/culling/Frustum;ZZLorg/spongepowered/asm/mixin/injection/callback/CallbackInfo;)V has 0 override(s) in child classes
[06Aug2026 12:15:09.419] [modloading-worker-0/DEBUG] [mixin/]: sable.mixins.json:sublevel_render.impl.vanilla.LevelRendererMixin from mod sable->@Inject::sable$cull(Lnet/minecraft/client/Camera;Lnet/minecraft/client/renderer/culling/Frustum;ZZLorg/spongepowered/asm/mixin/injection/callback/CallbackInfo;)V won't be passed a CallbackInfo as a result
[06Aug2026 12:15:09.419] [modloading-worker-0/DEBUG] [mixin/]: sable.mixins.json:sublevel_render.impl.vanilla.LevelRendererMixin from mod sable->@Inject::sable$isSectionCompiled(Lnet/minecraft/core/BlockPos;Lorg/spongepowered/asm/mixin/injection/callback/CallbackInfoReturnable;)V does use it's CallbackInfoReturnable
[06Aug2026 12:15:09.419] [modloading-worker-0/DEBUG] [mixin/]: sable.mixins.json:sublevel_render.impl.vanilla.LevelRendererMixin from mod sable->@Inject::sable$renderSubLevels(Lnet/minecraft/client/renderer/RenderType;DDDLorg/joml/Matrix4f;Lorg/joml/Matrix4f;Lorg/spongepowered/asm/mixin/injection/callback/CallbackInfo;)V doesn't use it's CallbackInfo
[06Aug2026 12:15:09.419] [modloading-worker-0/DEBUG] [mixin/]: sable.mixins.json:sublevel_render.impl.vanilla.LevelRendererMixin from mod sable->@Inject::sable$renderSubLevels(Lnet/minecraft/client/renderer/RenderType;DDDLorg/joml/Matrix4f;Lorg/joml/Matrix4f;Lorg/spongepowered/asm/mixin/injection/callback/CallbackInfo;)V has 0 override(s) in child classes
[06Aug2026 12:15:09.419] [modloading-worker-0/DEBUG] [mixin/]: sable.mixins.json:sublevel_render.impl.vanilla.LevelRendererMixin from mod sable->@Inject::sable$renderSubLevels(Lnet/minecraft/client/renderer/RenderType;DDDLorg/joml/Matrix4f;Lorg/joml/Matrix4f;Lorg/spongepowered/asm/mixin/injection/callback/CallbackInfo;)V won't be passed a CallbackInfo as a result
[06Aug2026 12:15:09.419] [modloading-worker-0/DEBUG] [mixin/]: sable.mixins.json:sublevel_render.impl.vanilla.LevelRendererMixin from mod sable->@Inject::sable$renderSubLevelLayers(Lnet/minecraft/client/renderer/RenderType;DDDLorg/joml/Matrix4f;Lorg/joml/Matrix4f;Lorg/spongepowered/asm/mixin/injection/callback/CallbackInfo;)V doesn't use it's CallbackInfo
[06Aug2026 12:15:09.419] [modloading-worker-0/DEBUG] [mixin/]: sable.mixins.json:sublevel_render.impl.vanilla.LevelRendererMixin from mod sable->@Inject::sable$renderSubLevelLayers(Lnet/minecraft/client/renderer/RenderType;DDDLorg/joml/Matrix4f;Lorg/joml/Matrix4f;Lorg/spongepowered/asm/mixin/injection/callback/CallbackInfo;)V has 0 override(s) in child classes
[06Aug2026 12:15:09.419] [modloading-worker-0/DEBUG] [mixin/]: sable.mixins.json:sublevel_render.impl.vanilla.LevelRendererMixin from mod sable->@Inject::sable$renderSubLevelLayers(Lnet/minecraft/client/renderer/RenderType;DDDLorg/joml/Matrix4f;Lorg/joml/Matrix4f;Lorg/spongepowered/asm/mixin/injection/callback/CallbackInfo;)V won't be passed a CallbackInfo as a result
[06Aug2026 12:15:09.419] [modloading-worker-0/DEBUG] [mixin/]: sable-neoforge.mixins.json:block_outline_render.LevelRendererMixin from mod sable->@Inject::sable$poseRenderHitOutline(Lorg/spongepowered/asm/mixin/injection/callback/CallbackInfo;)V doesn't use it's CallbackInfo
[06Aug2026 12:15:09.419] [modloading-worker-0/DEBUG] [mixin/]: sable-neoforge.mixins.json:block_outline_render.LevelRendererMixin from mod sable->@Inject::sable$poseRenderHitOutline(Lorg/spongepowered/asm/mixin/injection/callback/CallbackInfo;)V has 0 override(s) in child classes
[06Aug2026 12:15:09.419] [modloading-worker-0/DEBUG] [mixin/]: sable-neoforge.mixins.json:block_outline_render.LevelRendererMixin from mod sable->@Inject::sable$poseRenderHitOutline(Lorg/spongepowered/asm/mixin/injection/callback/CallbackInfo;)V won't be passed a CallbackInfo as a result
[06Aug2026 12:15:09.428] [modloading-worker-0/DEBUG] [net.neoforged.fml.javafmlmod.AutomaticEventSubscriber/]: Subscribing @EventBusSubscriber class Lnet/createmod/ponder/NeoForgePonderClient$ModBusClientEvents; to the mod event bus of mod ponder
[06Aug2026 12:15:09.431] [modloading-worker-0/INFO] [com.simibubi.create.Create/]: Create 6.0.10 initializing! Commit hash: ac0c444d9828da3453ae8cc65338e8de063286fb
[06Aug2026 12:15:09.432] [modloading-worker-0/DEBUG] [mixin/]: Mixing extra_kinetics.auto_orientation.FixAutoOrientationStaticMixin from simulated.mixins.json into com.simibubi.create.content.kinetics.base.HorizontalAxisKineticBlock
[06Aug2026 12:15:09.440] [modloading-worker-0/DEBUG] [mixin/]: Mixing compatibility.create.lectern_controller.LecternControllerBlockMixin from sable-neoforge.mixins.json into com.simibubi.create.content.redstone.link.controller.LecternControllerBlock
[06Aug2026 12:15:09.443] [modloading-worker-0/DEBUG] [mixin/]: Mixing nav_table_compat.NixieTubeBlockMixin from simulated.mixins.json into com.simibubi.create.content.redstone.nixieTube.NixieTubeBlock
[06Aug2026 12:15:09.446] [modloading-worker-0/DEBUG] [net.neoforged.fml.javafmlmod.AutomaticEventSubscriber/LOADING]: Attempting to inject @EventBusSubscriber classes into the eventbus for neoforge
[06Aug2026 12:15:09.448] [modloading-worker-0/DEBUG] [net.neoforged.fml.javafmlmod.AutomaticEventSubscriber/LOADING]: Scanning class net.neoforged.neoforge.server.command.ConfigCommand for @SubscribeEvent-annotated methods
[06Aug2026 12:15:09.448] [modloading-worker-0/DEBUG] [mixin/]: Mixing client.BlockDestructionProgressMixin from create.mixins.json into net.minecraft.server.level.BlockDestructionProgress
[06Aug2026 12:15:09.449] [modloading-worker-0/DEBUG] [net.neoforged.fml.javafmlmod.AutomaticEventSubscriber/]: Subscribing @EventBusSubscriber class Lnet/neoforged/neoforge/server/command/ConfigCommand; to the game event bus
[06Aug2026 12:15:09.450] [modloading-worker-0/DEBUG] [net.neoforged.fml.javafmlmod.AutomaticEventSubscriber/LOADING]: Scanning class net.neoforged.neoforge.network.filters.GenericPacketSplitter for @SubscribeEvent-annotated methods
[06Aug2026 12:15:09.452] [modloading-worker-0/DEBUG] [mixin/]: Mixing compatibility.create.sails_providing_lift.SailBlockMixin from sable-neoforge.mixins.json into com.simibubi.create.content.contraptions.bearing.SailBlock
[06Aug2026 12:15:09.459] [modloading-worker-0/DEBUG] [mixin/]: Mixing accessor.PipelineBufferSourceAccessor from veil.pipeline.mixins.json into net.minecraft.client.renderer.MultiBufferSource$BufferSource
[06Aug2026 12:15:09.459] [modloading-worker-0/DEBUG] [mixin/]: Mixing accessor.RenderTypeBufferSourceAccessor from veil.rendertype.mixins.json into net.minecraft.client.renderer.MultiBufferSource$BufferSource
[06Aug2026 12:15:09.463] [modloading-worker-0/DEBUG] [mixin/]: Mixing client.CameraMixin from create.mixins.json into net.minecraft.client.Camera
[06Aug2026 12:15:09.463] [modloading-worker-0/DEBUG] [mixin/]: Mixing camera.camera_zoom.CameraMixin from sable.mixins.json into net.minecraft.client.Camera
[06Aug2026 12:15:09.463] [modloading-worker-0/DEBUG] [mixin/]: Renaming synthetic method lambda$sable$getMaxZoomHead$1(Lnet/minecraft/client/Minecraft;Ljava/lang/Object;)Ldev/ryanhcode/sable/companion/math/Pose3dc; to mdb5b860$sable$lambda$sable$getMaxZoomHead$1$0 in sable.mixins.json:camera.camera_zoom.CameraMixin from mod sable
[06Aug2026 12:15:09.463] [modloading-worker-0/DEBUG] [mixin/]: Renaming synthetic method lambda$sable$clampZoom$0(FLjava/lang/Object;)Ldev/ryanhcode/sable/companion/math/Pose3dc; to mdb5b860$sable$lambda$sable$clampZoom$0$1 in sable.mixins.json:camera.camera_zoom.CameraMixin from mod sable
[06Aug2026 12:15:09.467] [modloading-worker-0/DEBUG] [mixin/]: Mixing entity.entity_sublevel_collision.CameraMixin from sable.mixins.json into net.minecraft.client.Camera
[06Aug2026 12:15:09.468] [modloading-worker-0/DEBUG] [mixin/]: Mixing entity.entity_swimming.CameraMixin from sable.mixins.json into net.minecraft.client.Camera
[06Aug2026 12:15:09.471] [modloading-worker-0/DEBUG] [io.netty.buffer.AbstractByteBuf/]: -Dio.netty.buffer.checkAccessible: true
[06Aug2026 12:15:09.471] [modloading-worker-0/DEBUG] [io.netty.buffer.AbstractByteBuf/]: -Dio.netty.buffer.checkBounds: true
[06Aug2026 12:15:09.472] [modloading-worker-0/DEBUG] [io.netty.util.ResourceLeakDetectorFactory/]: Loaded default ResourceLeakDetector: io.netty.util.ResourceLeakDetector@53f211fd
[06Aug2026 12:15:09.476] [modloading-worker-0/DEBUG] [mixin/]: Mixing water_occlusion.CameraMixin from sable.mixins.json into net.minecraft.client.Camera
[06Aug2026 12:15:09.477] [modloading-worker-0/DEBUG] [mixin/]: Mixing camera_rotation.CameraMixin from sable-neoforge.mixins.json into net.minecraft.client.Camera
[06Aug2026 12:15:09.477] [modloading-worker-0/DEBUG] [mixin/]: Renaming synthetic method lambda$sable$rotateView$0(Ldev/ryanhcode/sable/sublevel/SubLevel;)Ldev/ryanhcode/sable/companion/math/Pose3dc; to mdb5b860$sable$lambda$sable$rotateView$0$2 in sable-neoforge.mixins.json:camera_rotation.CameraMixin from mod sable
[06Aug2026 12:15:09.489] [modloading-worker-0/DEBUG] [mixin/]: sable.mixins.json:camera.camera_zoom.CameraMixin from mod sable->@Inject::sable$preTick(Lorg/spongepowered/asm/mixin/injection/callback/CallbackInfo;)V doesn't use it's CallbackInfo
[06Aug2026 12:15:09.489] [modloading-worker-0/DEBUG] [mixin/]: sable.mixins.json:camera.camera_zoom.CameraMixin from mod sable->@Inject::sable$preTick(Lorg/spongepowered/asm/mixin/injection/callback/CallbackInfo;)V has 0 override(s) in child classes
[06Aug2026 12:15:09.489] [modloading-worker-0/DEBUG] [mixin/]: sable.mixins.json:camera.camera_zoom.CameraMixin from mod sable->@Inject::sable$preTick(Lorg/spongepowered/asm/mixin/injection/callback/CallbackInfo;)V won't be passed a CallbackInfo as a result
[06Aug2026 12:15:09.489] [modloading-worker-0/DEBUG] [mixin/]: sable.mixins.json:camera.camera_zoom.CameraMixin from mod sable->@Inject::sable$setup(Lnet/minecraft/world/level/BlockGetter;Lnet/minecraft/world/entity/Entity;ZZFLorg/spongepowered/asm/mixin/injection/callback/CallbackInfo;)V doesn't use it's CallbackInfo
[06Aug2026 12:15:09.489] [modloading-worker-0/DEBUG] [mixin/]: sable.mixins.json:camera.camera_zoom.CameraMixin from mod sable->@Inject::sable$setup(Lnet/minecraft/world/level/BlockGetter;Lnet/minecraft/world/entity/Entity;ZZFLorg/spongepowered/asm/mixin/injection/callback/CallbackInfo;)V has 0 override(s) in child classes
[06Aug2026 12:15:09.489] [modloading-worker-0/DEBUG] [mixin/]: sable.mixins.json:camera.camera_zoom.CameraMixin from mod sable->@Inject::sable$setup(Lnet/minecraft/world/level/BlockGetter;Lnet/minecraft/world/entity/Entity;ZZFLorg/spongepowered/asm/mixin/injection/callback/CallbackInfo;)V won't be passed a CallbackInfo as a result
[06Aug2026 12:15:09.489] [modloading-worker-0/DEBUG] [mixin/]: sable.mixins.json:camera.camera_zoom.CameraMixin from mod sable->@Inject::sable$getMaxZoomHead(FLorg/spongepowered/asm/mixin/injection/callback/CallbackInfoReturnable;)V does use it's CallbackInfoReturnable
[06Aug2026 12:15:09.489] [modloading-worker-0/DEBUG] [mixin/]: sable.mixins.json:camera.camera_zoom.CameraMixin from mod sable->@Inject::sable$getMaxZoomTail(FLorg/spongepowered/asm/mixin/injection/callback/CallbackInfoReturnable;)V doesn't use it's CallbackInfoReturnable
[06Aug2026 12:15:09.489] [modloading-worker-0/DEBUG] [mixin/]: sable.mixins.json:camera.camera_zoom.CameraMixin from mod sable->@Inject::sable$getMaxZoomTail(FLorg/spongepowered/asm/mixin/injection/callback/CallbackInfoReturnable;)V has 0 override(s) in child classes
[06Aug2026 12:15:09.489] [modloading-worker-0/DEBUG] [mixin/]: sable.mixins.json:camera.camera_zoom.CameraMixin from mod sable->@Inject::sable$getMaxZoomTail(FLorg/spongepowered/asm/mixin/injection/callback/CallbackInfoReturnable;)V won't be passed a CallbackInfoReturnable as a result
[06Aug2026 12:15:09.489] [modloading-worker-0/DEBUG] [mixin/]: sable.mixins.json:entity.entity_swimming.CameraMixin from mod sable->@Inject::sable$getFluidInCamera(Lorg/spongepowered/asm/mixin/injection/callback/CallbackInfoReturnable;)V does use it's CallbackInfoReturnable
[06Aug2026 12:15:09.489] [modloading-worker-0/DEBUG] [mixin/]: sable.mixins.json:entity.entity_swimming.CameraMixin from mod sable->@Inject::sable$getFluidInCamera(Lorg/spongepowered/asm/mixin/injection/callback/CallbackInfoReturnable;)V does use it's CallbackInfoReturnable
[06Aug2026 12:15:09.489] [modloading-worker-0/DEBUG] [mixin/]: sable.mixins.json:entity.entity_swimming.CameraMixin from mod sable->@Inject::sable$getFluidInCamera(Lorg/spongepowered/asm/mixin/injection/callback/CallbackInfoReturnable;)V does use it's CallbackInfoReturnable
[06Aug2026 12:15:09.490] [modloading-worker-0/DEBUG] [mixin/]: sable.mixins.json:entity.entity_swimming.CameraMixin from mod sable->@Inject::sable$getFluidInCamera(Lorg/spongepowered/asm/mixin/injection/callback/CallbackInfoReturnable;)V does use it's CallbackInfoReturnable
[06Aug2026 12:15:09.490] [modloading-worker-0/DEBUG] [mixin/]: sable.mixins.json:entity.entity_swimming.CameraMixin from mod sable->@Inject::sable$getFluidInCamera(Lorg/spongepowered/asm/mixin/injection/callback/CallbackInfoReturnable;)V does use it's CallbackInfoReturnable
[06Aug2026 12:15:09.490] [modloading-worker-0/DEBUG] [mixin/]: sable.mixins.json:water_occlusion.CameraMixin from mod sable->@Inject::sable$getFluidInCamera(Lorg/spongepowered/asm/mixin/injection/callback/CallbackInfoReturnable;)V does use it's CallbackInfoReturnable
[06Aug2026 12:15:09.490] [modloading-worker-0/DEBUG] [mixin/]: sable.mixins.json:water_occlusion.CameraMixin from mod sable->@Inject::sable$getFluidInCamera(Lorg/spongepowered/asm/mixin/injection/callback/CallbackInfoReturnable;)V does use it's CallbackInfoReturnable
[06Aug2026 12:15:09.490] [modloading-worker-0/DEBUG] [mixin/]: sable.mixins.json:water_occlusion.CameraMixin from mod sable->@Inject::sable$getFluidInCamera(Lorg/spongepowered/asm/mixin/injection/callback/CallbackInfoReturnable;)V does use it's CallbackInfoReturnable
[06Aug2026 12:15:09.490] [modloading-worker-0/DEBUG] [mixin/]: sable.mixins.json:water_occlusion.CameraMixin from mod sable->@Inject::sable$getFluidInCamera(Lorg/spongepowered/asm/mixin/injection/callback/CallbackInfoReturnable;)V does use it's CallbackInfoReturnable
[06Aug2026 12:15:09.490] [modloading-worker-0/DEBUG] [mixin/]: sable.mixins.json:water_occlusion.CameraMixin from mod sable->@Inject::sable$getFluidInCamera(Lorg/spongepowered/asm/mixin/injection/callback/CallbackInfoReturnable;)V does use it's CallbackInfoReturnable
[06Aug2026 12:15:09.490] [modloading-worker-0/DEBUG] [mixin/]: sable-neoforge.mixins.json:camera_rotation.CameraMixin from mod sable->@Inject::sable$rotateView(FFFLorg/spongepowered/asm/mixin/injection/callback/CallbackInfo;)V doesn't use it's CallbackInfo
[06Aug2026 12:15:09.490] [modloading-worker-0/DEBUG] [mixin/]: sable-neoforge.mixins.json:camera_rotation.CameraMixin from mod sable->@Inject::sable$rotateView(FFFLorg/spongepowered/asm/mixin/injection/callback/CallbackInfo;)V has 0 override(s) in child classes
[06Aug2026 12:15:09.490] [modloading-worker-0/DEBUG] [mixin/]: sable-neoforge.mixins.json:camera_rotation.CameraMixin from mod sable->@Inject::sable$rotateView(FFFLorg/spongepowered/asm/mixin/injection/callback/CallbackInfo;)V won't be passed a CallbackInfo as a result
[06Aug2026 12:15:09.493] [modloading-worker-0/DEBUG] [mixin/]: Mixing client.FrustumMixin from veil.perspective.mixins.json into net.minecraft.client.renderer.culling.Frustum
[06Aug2026 12:15:09.495] [modloading-worker-0/DEBUG] [mixin/]: Mixing client.PipelineFrustumMixin from veil.pipeline.mixins.json into net.minecraft.client.renderer.culling.Frustum
[06Aug2026 12:15:09.496] [modloading-worker-0/DEBUG] [io.netty.util.internal.InternalThreadLocalMap/]: -Dio.netty.threadLocalMap.stringBuilder.initialSize: 1024
[06Aug2026 12:15:09.496] [modloading-worker-0/DEBUG] [io.netty.util.internal.InternalThreadLocalMap/]: -Dio.netty.threadLocalMap.stringBuilder.maxSize: 4096
[06Aug2026 12:15:09.499] [modloading-worker-0/DEBUG] [io.netty.buffer.PooledByteBufAllocator/]: -Dio.netty.allocator.numHeapArenas: 32
[06Aug2026 12:15:09.499] [modloading-worker-0/DEBUG] [io.netty.buffer.PooledByteBufAllocator/]: -Dio.netty.allocator.numDirectArenas: 32
[06Aug2026 12:15:09.499] [modloading-worker-0/DEBUG] [io.netty.buffer.PooledByteBufAllocator/]: -Dio.netty.allocator.pageSize: 8192
[06Aug2026 12:15:09.499] [modloading-worker-0/DEBUG] [io.netty.buffer.PooledByteBufAllocator/]: -Dio.netty.allocator.maxOrder: 9
[06Aug2026 12:15:09.499] [modloading-worker-0/DEBUG] [io.netty.buffer.PooledByteBufAllocator/]: -Dio.netty.allocator.chunkSize: 4194304
[06Aug2026 12:15:09.499] [modloading-worker-0/DEBUG] [io.netty.buffer.PooledByteBufAllocator/]: -Dio.netty.allocator.smallCacheSize: 256
[06Aug2026 12:15:09.499] [modloading-worker-0/DEBUG] [io.netty.buffer.PooledByteBufAllocator/]: -Dio.netty.allocator.normalCacheSize: 64
[06Aug2026 12:15:09.499] [modloading-worker-0/DEBUG] [io.netty.buffer.PooledByteBufAllocator/]: -Dio.netty.allocator.maxCachedBufferCapacity: 32768
[06Aug2026 12:15:09.499] [modloading-worker-0/DEBUG] [io.netty.buffer.PooledByteBufAllocator/]: -Dio.netty.allocator.cacheTrimInterval: 8192
[06Aug2026 12:15:09.499] [modloading-worker-0/DEBUG] [io.netty.buffer.PooledByteBufAllocator/]: -Dio.netty.allocator.cacheTrimIntervalMillis: 0
[06Aug2026 12:15:09.499] [modloading-worker-0/DEBUG] [io.netty.buffer.PooledByteBufAllocator/]: -Dio.netty.allocator.useCacheForAllThreads: false
[06Aug2026 12:15:09.499] [modloading-worker-0/DEBUG] [io.netty.buffer.PooledByteBufAllocator/]: -Dio.netty.allocator.maxCachedByteBuffersPerChunk: 1023
[06Aug2026 12:15:09.505] [modloading-worker-0/DEBUG] [mixin/]: Mixing extra_kinetics.auto_orientation.FixAutoOrientationMixin from simulated.mixins.json into com.simibubi.create.content.kinetics.base.HorizontalKineticBlock
[06Aug2026 12:15:09.509] [modloading-worker-0/DEBUG] [io.netty.buffer.ByteBufUtil/]: -Dio.netty.allocator.type: pooled
[06Aug2026 12:15:09.509] [modloading-worker-0/DEBUG] [io.netty.buffer.ByteBufUtil/]: -Dio.netty.threadLocalDirectBufferSize: 0
[06Aug2026 12:15:09.509] [modloading-worker-0/DEBUG] [io.netty.buffer.ByteBufUtil/]: -Dio.netty.maxThreadLocalCharBufferSize: 16384
[06Aug2026 12:15:09.513] [modloading-worker-0/DEBUG] [mixin/]: Mixing accessor.RegistryDataAccessor from veil.registry.mixins.json into net.minecraft.resources.RegistryDataLoader$RegistryData
[06Aug2026 12:15:09.517] [modloading-worker-0/DEBUG] [mixin/]: Mixing udp.ConnectionMixin from sable.mixins.json into net.minecraft.network.Connection
[06Aug2026 12:15:09.518] [modloading-worker-0/DEBUG] [mixin/]: Renaming synthetic method lambda$sable$onDisconnect$0(Lio/netty/util/concurrent/Future;)V to mdb5b860$sable$lambda$sable$onDisconnect$0$0 in sable.mixins.json:udp.ConnectionMixin from mod sable
[06Aug2026 12:15:09.526] [modloading-worker-0/DEBUG] [mixin/]: sable.mixins.json:udp.ConnectionMixin from mod sable->@Inject::sable$onDisconnect(Lnet/minecraft/network/DisconnectionDetails;Lorg/spongepowered/asm/mixin/injection/callback/CallbackInfo;)V doesn't use it's CallbackInfo
[06Aug2026 12:15:09.526] [modloading-worker-0/DEBUG] [mixin/]: sable.mixins.json:udp.ConnectionMixin from mod sable->@Inject::sable$onDisconnect(Lnet/minecraft/network/DisconnectionDetails;Lorg/spongepowered/asm/mixin/injection/callback/CallbackInfo;)V has 0 override(s) in child classes
[06Aug2026 12:15:09.526] [modloading-worker-0/DEBUG] [mixin/]: sable.mixins.json:udp.ConnectionMixin from mod sable->@Inject::sable$onDisconnect(Lnet/minecraft/network/DisconnectionDetails;Lorg/spongepowered/asm/mixin/injection/callback/CallbackInfo;)V won't be passed a CallbackInfo as a result
[06Aug2026 12:15:09.526] [modloading-worker-0/DEBUG] [mixin/]: sable.mixins.json:udp.ConnectionMixin from mod sable->@Inject::sable$connect(Ljava/net/InetSocketAddress;ZLnet/minecraft/network/Connection;Lorg/spongepowered/asm/mixin/injection/callback/CallbackInfoReturnable;)V doesn't use it's CallbackInfoReturnable
[06Aug2026 12:15:09.526] [modloading-worker-0/DEBUG] [mixin/]: sable.mixins.json:udp.ConnectionMixin from mod sable->@Inject::sable$connectToLocalServer(Ljava/net/SocketAddress;Lorg/spongepowered/asm/mixin/injection/callback/CallbackInfoReturnable;)V doesn't use it's CallbackInfoReturnable
[06Aug2026 12:15:09.528] [modloading-worker-0/DEBUG] [mixin/]: Mixing extra_kinetics.KineticBlockEntityMixin from simulated.mixins.json into com.simibubi.create.content.kinetics.base.KineticBlockEntity
[06Aug2026 12:15:09.531] [modloading-worker-0/DEBUG] [mixin/]: Mixing extra_kinetics.goggle_tooltips.KineticBlockEntityMixin from simulated.mixins.json into com.simibubi.create.content.kinetics.base.KineticBlockEntity
[06Aug2026 12:15:09.539] [modloading-worker-0/DEBUG] [mixin/]: simulated.mixins.json:extra_kinetics.KineticBlockEntityMixin from mod simulated->@Inject::simulated$switchExtraKinetics(Lnet/minecraft/world/level/Level;Lnet/minecraft/core/BlockPos;Lnet/minecraft/world/level/block/state/BlockState;Lorg/spongepowered/asm/mixin/injection/callback/CallbackInfo;)V doesn't use it's CallbackInfo
[06Aug2026 12:15:09.539] [modloading-worker-0/DEBUG] [mixin/]: simulated.mixins.json:extra_kinetics.KineticBlockEntityMixin from mod simulated->@Inject::simulated$injectRemove(Lorg/spongepowered/asm/mixin/injection/callback/CallbackInfo;)V doesn't use it's CallbackInfo
[06Aug2026 12:15:09.539] [modloading-worker-0/DEBUG] [mixin/]: simulated.mixins.json:extra_kinetics.KineticBlockEntityMixin from mod simulated->@Inject::simulated$injectRemove(Lorg/spongepowered/asm/mixin/injection/callback/CallbackInfo;)V has 0 override(s) in child classes
[06Aug2026 12:15:09.539] [modloading-worker-0/DEBUG] [mixin/]: simulated.mixins.json:extra_kinetics.KineticBlockEntityMixin from mod simulated->@Inject::simulated$injectRemove(Lorg/spongepowered/asm/mixin/injection/callback/CallbackInfo;)V won't be passed a CallbackInfo as a result
[06Aug2026 12:15:09.539] [modloading-worker-0/DEBUG] [mixin/]: simulated.mixins.json:extra_kinetics.KineticBlockEntityMixin from mod simulated->@Inject::simulated$removeConnected(Lorg/spongepowered/asm/mixin/injection/callback/CallbackInfo;)V doesn't use it's CallbackInfo
[06Aug2026 12:15:09.539] [modloading-worker-0/DEBUG] [mixin/]: simulated.mixins.json:extra_kinetics.KineticBlockEntityMixin from mod simulated->@Inject::simulated$removeConnected(Lorg/spongepowered/asm/mixin/injection/callback/CallbackInfo;)V has 0 override(s) in child classes
[06Aug2026 12:15:09.539] [modloading-worker-0/DEBUG] [mixin/]: simulated.mixins.json:extra_kinetics.KineticBlockEntityMixin from mod simulated->@Inject::simulated$removeConnected(Lorg/spongepowered/asm/mixin/injection/callback/CallbackInfo;)V won't be passed a CallbackInfo as a result
[06Aug2026 12:15:09.539] [modloading-worker-0/DEBUG] [mixin/]: simulated.mixins.json:extra_kinetics.KineticBlockEntityMixin from mod simulated->@Inject::simulated$saveConnected(Lnet/minecraft/nbt/CompoundTag;Lnet/minecraft/core/HolderLookup$Provider;ZLorg/spongepowered/asm/mixin/injection/callback/CallbackInfo;)V doesn't use it's CallbackInfo
[06Aug2026 12:15:09.539] [modloading-worker-0/DEBUG] [mixin/]: simulated.mixins.json:extra_kinetics.KineticBlockEntityMixin from mod simulated->@Inject::simulated$saveConnected(Lnet/minecraft/nbt/CompoundTag;Lnet/minecraft/core/HolderLookup$Provider;ZLorg/spongepowered/asm/mixin/injection/callback/CallbackInfo;)V has 0 override(s) in child classes
[06Aug2026 12:15:09.539] [modloading-worker-0/DEBUG] [mixin/]: simulated.mixins.json:extra_kinetics.KineticBlockEntityMixin from mod simulated->@Inject::simulated$saveConnected(Lnet/minecraft/nbt/CompoundTag;Lnet/minecraft/core/HolderLookup$Provider;ZLorg/spongepowered/asm/mixin/injection/callback/CallbackInfo;)V won't be passed a CallbackInfo as a result
[06Aug2026 12:15:09.539] [modloading-worker-0/DEBUG] [mixin/]: simulated.mixins.json:extra_kinetics.KineticBlockEntityMixin from mod simulated->@Inject::simulated$readConnected(Lnet/minecraft/nbt/CompoundTag;Lnet/minecraft/core/HolderLookup$Provider;ZLorg/spongepowered/asm/mixin/injection/callback/CallbackInfo;)V doesn't use it's CallbackInfo
[06Aug2026 12:15:09.539] [modloading-worker-0/DEBUG] [mixin/]: simulated.mixins.json:extra_kinetics.KineticBlockEntityMixin from mod simulated->@Inject::simulated$readConnected(Lnet/minecraft/nbt/CompoundTag;Lnet/minecraft/core/HolderLookup$Provider;ZLorg/spongepowered/asm/mixin/injection/callback/CallbackInfo;)V has 0 override(s) in child classes
[06Aug2026 12:15:09.539] [modloading-worker-0/DEBUG] [mixin/]: simulated.mixins.json:extra_kinetics.KineticBlockEntityMixin from mod simulated->@Inject::simulated$readConnected(Lnet/minecraft/nbt/CompoundTag;Lnet/minecraft/core/HolderLookup$Provider;ZLorg/spongepowered/asm/mixin/injection/callback/CallbackInfo;)V won't be passed a CallbackInfo as a result
[06Aug2026 12:15:09.539] [modloading-worker-0/DEBUG] [mixin/]: simulated.mixins.json:extra_kinetics.goggle_tooltips.KineticBlockEntityMixin from mod simulated->@Inject::simulated$addExtraKineticsInfo(Ljava/util/List;ZLorg/spongepowered/asm/mixin/injection/callback/CallbackInfoReturnable;)V does use it's CallbackInfoReturnable
[06Aug2026 12:15:09.539] [modloading-worker-0/DEBUG] [mixin/]: simulated.mixins.json:extra_kinetics.goggle_tooltips.KineticBlockEntityMixin from mod simulated->@Inject::simulated$addExtraKineticsInfo(Ljava/util/List;ZLorg/spongepowered/asm/mixin/injection/callback/CallbackInfoReturnable;)V does use it's CallbackInfoReturnable
[06Aug2026 12:15:09.539] [modloading-worker-0/DEBUG] [mixin/]: simulated.mixins.json:extra_kinetics.goggle_tooltips.KineticBlockEntityMixin from mod simulated->@Inject::simulated$addExtraKineticsInfo(Ljava/util/List;ZLorg/spongepowered/asm/mixin/injection/callback/CallbackInfoReturnable;)V does use it's CallbackInfoReturnable
[06Aug2026 12:15:09.548] [modloading-worker-0/DEBUG] [net.neoforged.fml.javafmlmod.AutomaticEventSubscriber/]: Subscribing @EventBusSubscriber class Lnet/neoforged/neoforge/network/filters/GenericPacketSplitter; to the mod event bus of mod neoforge
[06Aug2026 12:15:09.551] [modloading-worker-0/DEBUG] [net.neoforged.fml.javafmlmod.AutomaticEventSubscriber/LOADING]: Scanning class net.neoforged.neoforge.network.NetworkInitialization for @SubscribeEvent-annotated methods
[06Aug2026 12:15:09.551] [modloading-worker-0/DEBUG] [net.neoforged.fml.javafmlmod.AutomaticEventSubscriber/]: Subscribing @EventBusSubscriber class Lnet/neoforged/neoforge/network/NetworkInitialization; to the mod event bus of mod neoforge
[06Aug2026 12:15:09.552] [modloading-worker-0/DEBUG] [mixin/]: Mixing create_assembly.MechanicalBearingBlockEntityMixin from simulated.mixins.json into com.simibubi.create.content.contraptions.bearing.MechanicalBearingBlockEntity
[06Aug2026 12:15:09.552] [modloading-worker-0/DEBUG] [net.neoforged.fml.javafmlmod.AutomaticEventSubscriber/LOADING]: Scanning class net.neoforged.neoforge.network.ConfigurationInitialization for @SubscribeEvent-annotated methods
[06Aug2026 12:15:09.552] [modloading-worker-0/DEBUG] [mixin/]: Mixing torsion_spring.MechanicalBearingBlockEntityMixin from simulated.mixins.json into com.simibubi.create.content.contraptions.bearing.MechanicalBearingBlockEntity
[06Aug2026 12:15:09.555] [modloading-worker-0/DEBUG] [mixin/]: Mixing extra_kinetics.GeneratingKineticBlockEntityMixin from simulated.mixins.json into com.simibubi.create.content.kinetics.base.GeneratingKineticBlockEntity
[06Aug2026 12:15:09.557] [modloading-worker-0/DEBUG] [net.neoforged.fml.javafmlmod.AutomaticEventSubscriber/]: Subscribing @EventBusSubscriber class Lnet/neoforged/neoforge/network/ConfigurationInitialization; to the mod event bus of mod neoforge
[06Aug2026 12:15:09.558] [modloading-worker-0/DEBUG] [mixin/]: Mixing extra_kinetics.EncasedCogwheelBlockMixin from simulated.mixins.json into com.simibubi.create.content.kinetics.simpleRelays.encased.EncasedCogwheelBlock
[06Aug2026 12:15:09.558] [modloading-worker-0/DEBUG] [net.neoforged.fml.javafmlmod.AutomaticEventSubscriber/LOADING]: Scanning class net.neoforged.neoforge.common.MonsterRoomHooks for @SubscribeEvent-annotated methods
[06Aug2026 12:15:09.561] [modloading-worker-0/DEBUG] [mixin/]: Mixing diagram.LightTextureMixin from simulated.mixins.json into net.minecraft.client.renderer.LightTexture
[06Aug2026 12:15:09.568] [modloading-worker-0/DEBUG] [mixin/]: Mixing accessor.ContraptionAccessor from simulated.mixins.json into com.simibubi.create.content.contraptions.Contraption
[06Aug2026 12:15:09.569] [modloading-worker-0/DEBUG] [net.neoforged.fml.javafmlmod.AutomaticEventSubscriber/]: Subscribing @EventBusSubscriber class Lnet/neoforged/neoforge/common/MonsterRoomHooks; to the game event bus
[06Aug2026 12:15:09.569] [modloading-worker-0/DEBUG] [net.neoforged.fml.javafmlmod.AutomaticEventSubscriber/LOADING]: Scanning class net.neoforged.neoforge.common.DeferredSpawnEggItem$CommonHandler for @SubscribeEvent-annotated methods
[06Aug2026 12:15:09.570] [modloading-worker-0/DEBUG] [net.neoforged.fml.javafmlmod.AutomaticEventSubscriber/]: Subscribing @EventBusSubscriber class Lnet/neoforged/neoforge/common/DeferredSpawnEggItem$CommonHandler; to the mod event bus of mod neoforge
[06Aug2026 12:15:09.570] [modloading-worker-0/DEBUG] [net.neoforged.fml.javafmlmod.AutomaticEventSubscriber/LOADING]: Scanning class net.neoforged.neoforge.common.DeferredSpawnEggItem$ColorRegisterHandler for @SubscribeEvent-annotated methods
[06Aug2026 12:15:09.571] [modloading-worker-0/DEBUG] [net.neoforged.fml.javafmlmod.AutomaticEventSubscriber/]: Subscribing @EventBusSubscriber class Lnet/neoforged/neoforge/common/DeferredSpawnEggItem$ColorRegisterHandler; to the mod event bus of mod neoforge
[06Aug2026 12:15:09.571] [modloading-worker-0/DEBUG] [net.neoforged.fml.javafmlmod.AutomaticEventSubscriber/LOADING]: Scanning class net.neoforged.neoforge.client.model.data.ModelDataManager for @SubscribeEvent-annotated methods
[06Aug2026 12:15:09.573] [modloading-worker-0/DEBUG] [net.neoforged.fml.javafmlmod.AutomaticEventSubscriber/]: Subscribing @EventBusSubscriber class Lnet/neoforged/neoforge/client/model/data/ModelDataManager; to the game event bus
[06Aug2026 12:15:09.573] [modloading-worker-0/DEBUG] [net.neoforged.fml.javafmlmod.AutomaticEventSubscriber/LOADING]: Scanning class net.neoforged.neoforge.client.ParticleBoundsDebugRenderer for @SubscribeEvent-annotated methods
[06Aug2026 12:15:09.576] [modloading-worker-0/DEBUG] [mixin/]: Mixing propeller_bearing.BearingContraptionMixin from aeronautics.mixins.json into com.simibubi.create.content.contraptions.bearing.BearingContraption
[06Aug2026 12:15:09.576] [modloading-worker-0/DEBUG] [mixin/]: aeronautics.mixins.json:propeller_bearing.BearingContraptionMixin from mod aeronautics: Class version 65 required is higher than the class version supported by the current version of Mixin (JAVA_18 supports class version 62)
[06Aug2026 12:15:09.579] [modloading-worker-0/DEBUG] [mixin/]: aeronautics.mixins.json:propeller_bearing.BearingContraptionMixin from mod aeronautics->@Inject::aeronautics$addSailsWithTempSails(Lnet/minecraft/world/level/Level;Lnet/minecraft/core/BlockPos;Lorg/spongepowered/asm/mixin/injection/callback/CallbackInfoReturnable;)V doesn't use it's CallbackInfoReturnable
[06Aug2026 12:15:09.580] [modloading-worker-0/DEBUG] [mixin/]: aeronautics.mixins.json:propeller_bearing.BearingContraptionMixin from mod aeronautics->@Inject::aeronautics$addSailsWithTempSails(Lnet/minecraft/world/level/Level;Lnet/minecraft/core/BlockPos;Lorg/spongepowered/asm/mixin/injection/callback/CallbackInfoReturnable;)V has 0 override(s) in child classes
[06Aug2026 12:15:09.580] [modloading-worker-0/DEBUG] [mixin/]: aeronautics.mixins.json:propeller_bearing.BearingContraptionMixin from mod aeronautics->@Inject::aeronautics$addSailsWithTempSails(Lnet/minecraft/world/level/Level;Lnet/minecraft/core/BlockPos;Lorg/spongepowered/asm/mixin/injection/callback/CallbackInfoReturnable;)V won't be passed a CallbackInfoReturnable as a result
[06Aug2026 12:15:09.580] [modloading-worker-0/DEBUG] [mixin/]: Mixing client.PipelinePoseStackMixin from veil.pipeline.mixins.json into com.mojang.blaze3d.vertex.PoseStack
[06Aug2026 12:15:09.583] [modloading-worker-0/DEBUG] [mixin/]: Mixing PoseStackAccessor from flywheel.impl.mixins.json into com.mojang.blaze3d.vertex.PoseStack
[06Aug2026 12:15:09.583] [modloading-worker-0/DEBUG] [mixin/]: Mixing PoseStackMixin from flywheel.impl.mixins.json into com.mojang.blaze3d.vertex.PoseStack
[06Aug2026 12:15:09.587] [modloading-worker-0/DEBUG] [mixin/]: Mixing accessor.ControlledContraptionEntityAccessor from simulated.mixins.json into com.simibubi.create.content.contraptions.ControlledContraptionEntity
[06Aug2026 12:15:09.588] [modloading-worker-0/DEBUG] [mixin/]: Mixing multiloader.CommonRedstoneBlockMixin from simulated-neoforge.mixins.json into dev.simulated_team.simulated.multiloader.CommonRedstoneBlock
[06Aug2026 12:15:09.592] [modloading-worker-0/DEBUG] [mixin/]: Mixing compatibility.create.contraptions.AbstractContraptionEntityMixin from sable-neoforge.mixins.json into com.simibubi.create.content.contraptions.AbstractContraptionEntity
[06Aug2026 12:15:09.610] [modloading-worker-0/DEBUG] [mixin/]: sable-neoforge.mixins.json:compatibility.create.contraptions.AbstractContraptionEntityMixin from mod sable->@Inject::sable$contraptionInitialize(Lorg/spongepowered/asm/mixin/injection/callback/CallbackInfo;)V doesn't use it's CallbackInfo
[06Aug2026 12:15:09.610] [modloading-worker-0/DEBUG] [mixin/]: sable-neoforge.mixins.json:compatibility.create.contraptions.AbstractContraptionEntityMixin from mod sable->@Inject::sable$contraptionInitialize(Lorg/spongepowered/asm/mixin/injection/callback/CallbackInfo;)V has 0 override(s) in child classes
[06Aug2026 12:15:09.610] [modloading-worker-0/DEBUG] [mixin/]: sable-neoforge.mixins.json:compatibility.create.contraptions.AbstractContraptionEntityMixin from mod sable->@Inject::sable$contraptionInitialize(Lorg/spongepowered/asm/mixin/injection/callback/CallbackInfo;)V won't be passed a CallbackInfo as a result
[06Aug2026 12:15:09.612] [modloading-worker-0/DEBUG] [mixin/]: Mixing particle.ParticleMixin from sable.mixins.json into net.minecraft.client.particle.Particle
[06Aug2026 12:15:09.612] [modloading-worker-0/DEBUG] [mixin/]: Renaming synthetic method lambda$resolveAABBCollision$0(IIILorg/joml/Vector3d;Ldev/ryanhcode/sable/companion/math/BoundingBox3d;[DLorg/joml/Vector3d;DDDDDD)V to mdb5b860$sable$lambda$resolveAABBCollision$0$0 in sable.mixins.json:particle.ParticleMixin from mod sable
[06Aug2026 12:15:09.639] [modloading-worker-0/DEBUG] [mixin/]: sable.mixins.json:particle.ParticleMixin from mod sable->@Inject::sable$addUpwardsVelocity(Lnet/minecraft/client/multiplayer/ClientLevel;DDDDDDLorg/spongepowered/asm/mixin/injection/callback/CallbackInfo;)V doesn't use it's CallbackInfo
[06Aug2026 12:15:09.639] [modloading-worker-0/DEBUG] [mixin/]: sable.mixins.json:particle.ParticleMixin from mod sable->@Inject::sable$addUpwardsVelocity(Lnet/minecraft/client/multiplayer/ClientLevel;DDDDDDLorg/spongepowered/asm/mixin/injection/callback/CallbackInfo;)V has 0 override(s) in child classes
[06Aug2026 12:15:09.639] [modloading-worker-0/DEBUG] [mixin/]: sable.mixins.json:particle.ParticleMixin from mod sable->@Inject::sable$addUpwardsVelocity(Lnet/minecraft/client/multiplayer/ClientLevel;DDDDDDLorg/spongepowered/asm/mixin/injection/callback/CallbackInfo;)V won't be passed a CallbackInfo as a result
[06Aug2026 12:15:09.639] [modloading-worker-0/DEBUG] [mixin/]: sable.mixins.json:particle.ParticleMixin from mod sable->@Inject::sable$checkSubLevelLightColor(FLorg/spongepowered/asm/mixin/injection/callback/CallbackInfoReturnable;)V does use it's CallbackInfoReturnable
[06Aug2026 12:15:09.642] [modloading-worker-0/DEBUG] [mixin/]: Mixing compatibility.create.belt.BeltBlockMixin from sable-neoforge.mixins.json into com.simibubi.create.content.kinetics.belt.BeltBlock
[06Aug2026 12:15:09.643] [modloading-worker-0/DEBUG] [mixin/]: Mixing compatibility.create.entity_falls_on_block.BeltMillstoneBlocksMixin from sable-neoforge.mixins.json into com.simibubi.create.content.kinetics.belt.BeltBlock
[06Aug2026 12:15:09.643] [modloading-worker-0/DEBUG] [mixin/]: Renaming synthetic method lambda$sable$checkForSubLevels$0(Lcom/tterrag/registrate/util/entry/BlockEntry;Lnet/minecraft/world/level/Level;Ldev/ryanhcode/sable/companion/SubLevelAccess;Lnet/minecraft/core/BlockPos;)Lnet/minecraft/core/BlockPos; to mdb5b860$sable$lambda$sable$checkForSubLevels$0$0 in sable-neoforge.mixins.json:compatibility.create.entity_falls_on_block.BeltMillstoneBlocksMixin from mod sable
[06Aug2026 12:15:09.680] [modloading-worker-0/DEBUG] [mixin/]: Mixing borehead_collision.BoreheadContraptionEntityMixin from offroad.mixins.json into dev.ryanhcode.offroad.content.entities.BoreheadContraptionEntity
[06Aug2026 12:15:09.680] [modloading-worker-0/DEBUG] [net.neoforged.fml.javafmlmod.AutomaticEventSubscriber/]: Subscribing @EventBusSubscriber class Lnet/neoforged/neoforge/client/ParticleBoundsDebugRenderer; to the game event bus
[06Aug2026 12:15:09.680] [modloading-worker-0/DEBUG] [mixin/]: offroad.mixins.json:borehead_collision.BoreheadContraptionEntityMixin from mod offroad: Class version 65 required is higher than the class version supported by the current version of Mixin (JAVA_18 supports class version 62)
[06Aug2026 12:15:09.681] [modloading-worker-0/DEBUG] [net.neoforged.fml.javafmlmod.AutomaticEventSubscriber/LOADING]: Scanning class net.neoforged.neoforge.client.ClientHooks$ClientEvents for @SubscribeEvent-annotated methods
[06Aug2026 12:15:09.682] [modloading-worker-0/DEBUG] [mixin/]: Mixing compatibility.create.belt.BeltBlockEntityMixin from sable-neoforge.mixins.json into com.simibubi.create.content.kinetics.belt.BeltBlockEntity
[06Aug2026 12:15:09.685] [modloading-worker-0/DEBUG] [net.neoforged.fml.javafmlmod.AutomaticEventSubscriber/]: Subscribing @EventBusSubscriber class Lnet/neoforged/neoforge/client/ClientHooks$ClientEvents; to the mod event bus of mod neoforge
[06Aug2026 12:15:09.685] [modloading-worker-0/DEBUG] [net.neoforged.fml.javafmlmod.AutomaticEventSubscriber/LOADING]: Scanning class net.neoforged.neoforge.client.BlockEntityRenderBoundsDebugRenderer for @SubscribeEvent-annotated methods
[06Aug2026 12:15:09.686] [modloading-worker-0/DEBUG] [net.neoforged.fml.javafmlmod.AutomaticEventSubscriber/]: Subscribing @EventBusSubscriber class Lnet/neoforged/neoforge/client/BlockEntityRenderBoundsDebugRenderer; to the game event bus
[06Aug2026 12:15:09.688] [modloading-worker-0/DEBUG] [net.neoforged.fml.javafmlmod.AutomaticEventSubscriber/LOADING]: Scanning class net.neoforged.neoforge.attachment.AttachmentSync for @SubscribeEvent-annotated methods
[06Aug2026 12:15:09.689] [modloading-worker-0/DEBUG] [Ponder/]: Loaded net.createmod.catnip.platform.NeoForgePlatformHelper@3772a340 for service interface net.createmod.catnip.platform.services.PlatformHelper
[06Aug2026 12:15:09.690] [modloading-worker-0/DEBUG] [Ponder/]: Loaded net.createmod.catnip.platform.NeoForgeFluidHelper@7d4d437a for service interface net.createmod.catnip.platform.services.ModFluidHelper
[06Aug2026 12:15:09.691] [modloading-worker-0/DEBUG] [net.neoforged.fml.javafmlmod.AutomaticEventSubscriber/]: Subscribing @EventBusSubscriber class Lnet/neoforged/neoforge/attachment/AttachmentSync; to the game event bus
[06Aug2026 12:15:09.692] [modloading-worker-0/DEBUG] [net.neoforged.fml.javafmlmod.AutomaticEventSubscriber/LOADING]: Scanning class net.neoforged.neoforge.attachment.AttachmentInternals for @SubscribeEvent-annotated methods
[06Aug2026 12:15:09.692] [modloading-worker-0/DEBUG] [net.neoforged.fml.javafmlmod.AutomaticEventSubscriber/]: Subscribing @EventBusSubscriber class Lnet/neoforged/neoforge/attachment/AttachmentInternals; to the game event bus
[06Aug2026 12:15:09.693] [modloading-worker-0/DEBUG] [mixin/]: Mixing compatibility.create.chain_conveyor.ChainConveyorBlockMixin from sable-neoforge.mixins.json into com.simibubi.create.content.kinetics.chainConveyor.ChainConveyorBlock
[06Aug2026 12:15:09.697] [modloading-worker-0/DEBUG] [Ponder/]: Loaded net.createmod.catnip.platform.NeoForgeHooksHelper@24065e75 for service interface net.createmod.catnip.platform.services.ModHooksHelper
[06Aug2026 12:15:09.698] [modloading-worker-0/DEBUG] [Ponder/]: Loaded net.createmod.catnip.platform.NeoForgeNetworkHelper@e3bac11 for service interface net.createmod.catnip.platform.services.NetworkHelper
[06Aug2026 12:15:09.713] [modloading-worker-0/DEBUG] [mixin/]: Mixing compatibility.create.turntable.TurntableBlockMixin from sable-neoforge.mixins.json into com.simibubi.create.content.kinetics.turntable.TurntableBlock
[06Aug2026 12:15:09.722] [modloading-worker-0/DEBUG] [net.neoforged.fml.javafmlmod.AutomaticEventSubscriber/LOADING]: Attempting to inject @EventBusSubscriber classes into the eventbus for playertracker
[06Aug2026 12:15:09.722] [modloading-worker-0/DEBUG] [net.neoforged.fml.javafmlmod.AutomaticEventSubscriber/LOADING]: Scanning class net.mcreator.playertracker.command.UpdateBlockCmdCommand for @SubscribeEvent-annotated methods
[06Aug2026 12:15:09.722] [modloading-worker-0/DEBUG] [mixin/]: Mixing compatibility.create.entity_falls_on_block.BeltMillstoneBlocksMixin from sable-neoforge.mixins.json into com.simibubi.create.content.kinetics.millstone.MillstoneBlock
[06Aug2026 12:15:09.727] [modloading-worker-0/DEBUG] [mixin/]: Mixing compatibility.create.super_glue.SuperGlueEntityMixin from sable-neoforge.mixins.json into com.simibubi.create.content.contraptions.glue.SuperGlueEntity
[06Aug2026 12:15:09.727] [modloading-worker-0/DEBUG] [mixin/]: Renaming synthetic method lambda$sable$collectGlueEntities$0(Ljava/util/List;Lnet/minecraft/world/entity/Entity;)Lnet/minecraft/util/AbortableIterationConsumer$Continuation; to mdb5b860$sable$lambda$sable$collectGlueEntities$0$0 in sable-neoforge.mixins.json:compatibility.create.super_glue.SuperGlueEntityMixin from mod sable
[06Aug2026 12:15:09.731] [modloading-worker-0/DEBUG] [net.neoforged.fml.javafmlmod.AutomaticEventSubscriber/]: Subscribing @EventBusSubscriber class Lnet/mcreator/playertracker/command/UpdateBlockCmdCommand; to the game event bus
[06Aug2026 12:15:09.732] [modloading-worker-0/DEBUG] [mixin/]: Mixing compatibility.create.crushing_wheel.CrushingWheelBlockMixin from sable-neoforge.mixins.json into com.simibubi.create.content.kinetics.crusher.CrushingWheelBlock
[06Aug2026 12:15:09.732] [modloading-worker-0/DEBUG] [net.neoforged.fml.javafmlmod.AutomaticEventSubscriber/LOADING]: Scanning class net.mcreator.playertracker.init.PlayertrackerModTabs for @SubscribeEvent-annotated methods
[06Aug2026 12:15:09.732] [modloading-worker-0/DEBUG] [net.neoforged.fml.javafmlmod.AutomaticEventSubscriber/]: Subscribing @EventBusSubscriber class Lnet/mcreator/playertracker/init/PlayertrackerModTabs; to the mod event bus of mod playertracker
[06Aug2026 12:15:09.732] [modloading-worker-0/DEBUG] [net.neoforged.fml.javafmlmod.AutomaticEventSubscriber/LOADING]: Scanning class net.mcreator.playertracker.init.PlayertrackerModBlockEntities for @SubscribeEvent-annotated methods
[06Aug2026 12:15:09.732] [modloading-worker-0/DEBUG] [net.neoforged.fml.javafmlmod.AutomaticEventSubscriber/]: Subscribing @EventBusSubscriber class Lnet/mcreator/playertracker/init/PlayertrackerModBlockEntities; to the mod event bus of mod playertracker
[06Aug2026 12:15:09.732] [modloading-worker-0/DEBUG] [net.neoforged.fml.javafmlmod.AutomaticEventSubscriber/LOADING]: Scanning class net.mcreator.playertracker.init.PlayertrackerModScreens for @SubscribeEvent-annotated methods
[06Aug2026 12:15:09.736] [modloading-worker-0/DEBUG] [net.neoforged.fml.javafmlmod.AutomaticEventSubscriber/]: Subscribing @EventBusSubscriber class Lnet/mcreator/playertracker/init/PlayertrackerModScreens; to the mod event bus of mod playertracker
[06Aug2026 12:15:09.737] [modloading-worker-0/DEBUG] [net.neoforged.fml.javafmlmod.AutomaticEventSubscriber/LOADING]: Scanning class net.mcreator.playertracker.network.PlayerTrackerGuiButtonMessage for @SubscribeEvent-annotated methods
[06Aug2026 12:15:09.740] [modloading-worker-0/DEBUG] [net.neoforged.fml.javafmlmod.AutomaticEventSubscriber/]: Subscribing @EventBusSubscriber class Lnet/mcreator/playertracker/network/PlayerTrackerGuiButtonMessage; to the mod event bus of mod playertracker
[06Aug2026 12:15:09.741] [modloading-worker-0/DEBUG] [mixin/]: Mixing compatibility.create.entity_falls_on_block.BasinBlockMixin from sable-neoforge.mixins.json into com.simibubi.create.content.processing.basin.BasinBlock
[06Aug2026 12:15:09.742] [modloading-worker-0/DEBUG] [net.neoforged.fml.javafmlmod.AutomaticEventSubscriber/LOADING]: Scanning class net.mcreator.playertracker.network.MenuStateUpdateMessage for @SubscribeEvent-annotated methods
[06Aug2026 12:15:09.744] [modloading-worker-0/DEBUG] [net.neoforged.fml.javafmlmod.AutomaticEventSubscriber/]: Subscribing @EventBusSubscriber class Lnet/mcreator/playertracker/network/MenuStateUpdateMessage; to the mod event bus of mod playertracker
[06Aug2026 12:15:09.745] [modloading-worker-0/DEBUG] [mixin/]: Mixing compatibility.create.basin_interactions.BasinBlockEntityMixin from sable-neoforge.mixins.json into com.simibubi.create.content.processing.basin.BasinBlockEntity
[06Aug2026 12:15:09.745] [modloading-worker-0/DEBUG] [mixin/]: Renaming synthetic method lambda$sable$accountForSubLevels$1(Lcom/llamalad7/mixinextras/injector/wrapoperation/Operation;Lnet/minecraft/world/level/Level;Ldev/ryanhcode/sable/sublevel/SubLevel;Lnet/minecraft/core/BlockPos;)Lnet/minecraft/world/level/block/entity/BlockEntity; to mdb5b860$sable$lambda$sable$accountForSubLevels$1$0 in sable-neoforge.mixins.json:compatibility.create.basin_interactions.BasinBlockEntityMixin from mod sable
[06Aug2026 12:15:09.745] [modloading-worker-0/DEBUG] [mixin/]: Renaming synthetic method lambda$sable$accountForSubLevels$0(Lnet/minecraft/world/level/Level;Ldev/ryanhcode/sable/sublevel/SubLevel;Lnet/minecraft/core/BlockPos;)Lcom/simibubi/create/content/processing/burner/BlazeBurnerBlock$HeatLevel; to mdb5b860$sable$lambda$sable$accountForSubLevels$0$1 in sable-neoforge.mixins.json:compatibility.create.basin_interactions.BasinBlockEntityMixin from mod sable
[06Aug2026 12:15:09.748] [modloading-worker-0/DEBUG] [mixin/]: sable-neoforge.mixins.json:compatibility.create.basin_interactions.BasinBlockEntityMixin from mod sable->@Inject::sable$accountForSubLevels(Lorg/spongepowered/asm/mixin/injection/callback/CallbackInfoReturnable;)V does use it's CallbackInfoReturnable
[06Aug2026 12:15:09.754] [modloading-worker-0/DEBUG] [net.neoforged.fml.ModContainer/]: Attempted to register an empty config for type CLIENT on mod offroad
[06Aug2026 12:15:09.755] [modloading-worker-0/DEBUG] [net.neoforged.fml.config.ConfigTracker/CONFIG]: Config file offroad-server.toml for offroad tracking
[06Aug2026 12:15:09.759] [modloading-worker-0/DEBUG] [mixin/]: Mixing new_ponder.PonderSceneRegistryMixin from simulated.mixins.json into net.createmod.ponder.foundation.registration.PonderSceneRegistry
[06Aug2026 12:15:09.760] [modloading-worker-0/DEBUG] [mixin/]: simulated.mixins.json:new_ponder.PonderSceneRegistryMixin from mod simulated->@Inject::simulated$compile(Lnet/minecraft/resources/ResourceLocation;Lorg/spongepowered/asm/mixin/injection/callback/CallbackInfoReturnable;)V does use it's CallbackInfoReturnable
[06Aug2026 12:15:09.760] [modloading-worker-0/DEBUG] [mixin/]: simulated.mixins.json:new_ponder.PonderSceneRegistryMixin from mod simulated->@Inject::simulated$compile(Lnet/minecraft/resources/ResourceLocation;Lorg/spongepowered/asm/mixin/injection/callback/CallbackInfoReturnable;)V does use it's CallbackInfoReturnable
[06Aug2026 12:15:09.762] [modloading-worker-0/DEBUG] [mixin/]: Mixing self_mixins.DiagramEntityMixin from simulated-neoforge.mixins.json into dev.simulated_team.simulated.content.entities.diagram.DiagramEntity
[06Aug2026 12:15:09.766] [modloading-worker-0/DEBUG] [mixin/]: Mixing MountedItemStorageMixin from offroad.neoforge.mixins.json into com.simibubi.create.api.contraption.storage.item.MountedItemStorage
[06Aug2026 12:15:09.770] [modloading-worker-0/DEBUG] [net.neoforged.fml.javafmlmod.AutomaticEventSubscriber/LOADING]: Attempting to inject @EventBusSubscriber classes into the eventbus for offroad
[06Aug2026 12:15:09.770] [modloading-worker-0/DEBUG] [net.neoforged.fml.javafmlmod.AutomaticEventSubscriber/LOADING]: Scanning class dev.ryanhcode.offroad.neoforge.service.NeoForgeOffroadConfigService for @SubscribeEvent-annotated methods
[06Aug2026 12:15:09.770] [modloading-worker-0/DEBUG] [net.neoforged.fml.javafmlmod.AutomaticEventSubscriber/]: Subscribing @EventBusSubscriber class Ldev/ryanhcode/offroad/neoforge/service/NeoForgeOffroadConfigService; to the mod event bus of mod offroad
[06Aug2026 12:15:09.775] [modloading-worker-0/DEBUG] [mixin/]: Mixing item_renderer.PhysicsStaffItemMixin from simulated-neoforge.mixins.json into dev.simulated_team.simulated.content.physics_staff.PhysicsStaffItem
[06Aug2026 12:15:09.780] [modloading-worker-0/DEBUG] [mixin/]: Mixing compatibility.create.ejector.EjectorBlockMixin from sable-neoforge.mixins.json into com.simibubi.create.content.logistics.depot.EjectorBlock
[06Aug2026 12:15:09.799] [modloading-worker-0/DEBUG] [mixin/]: Mixing self_mixins.PlungerLauncherItemMixin from simulated-neoforge.mixins.json into dev.simulated_team.simulated.content.items.plunger_launcher.PlungerLauncherItem
[06Aug2026 12:15:09.812] [modloading-worker-0/DEBUG] [mixin/]: Mixing assembly_preventer.ServerSubLevelMixin from simulated.mixins.json into dev.ryanhcode.sable.sublevel.ServerSubLevel
[06Aug2026 12:15:09.839] [modloading-worker-0/DEBUG] [mixin/]: Mixing compatibility.create.behaviour_compatibility.BlockEntityBehaviourMixin from sable-neoforge.mixins.json into com.simibubi.create.foundation.blockEntity.behaviour.BlockEntityBehaviour
[06Aug2026 12:15:09.839] [modloading-worker-0/DEBUG] [mixin/]: Renaming synthetic method lambda$sable$accountForSubLevels$0(Lnet/minecraft/world/level/Level;Ldev/ryanhcode/sable/sublevel/SubLevel;Lnet/minecraft/core/BlockPos;)Lnet/minecraft/world/level/block/entity/BlockEntity; to mdb5b860$sable$lambda$sable$accountForSubLevels$0$0 in sable-neoforge.mixins.json:compatibility.create.behaviour_compatibility.BlockEntityBehaviourMixin from mod sable
[06Aug2026 12:15:09.841] [modloading-worker-0/DEBUG] [mixin/]: sable-neoforge.mixins.json:compatibility.create.behaviour_compatibility.BlockEntityBehaviourMixin from mod sable->@Inject::sable$accountForSubLevels(Lnet/minecraft/world/level/BlockGetter;Lnet/minecraft/core/BlockPos;Lcom/simibubi/create/foundation/blockEntity/behaviour/BehaviourType;Lorg/spongepowered/asm/mixin/injection/callback/CallbackInfoReturnable;)V does use it's CallbackInfoReturnable
[06Aug2026 12:15:09.852] [modloading-worker-0/DEBUG] [net.neoforged.fml.javafmlmod.AutomaticEventSubscriber/LOADING]: Attempting to inject @EventBusSubscriber classes into the eventbus for veil
[06Aug2026 12:15:09.852] [modloading-worker-0/DEBUG] [net.neoforged.fml.javafmlmod.AutomaticEventSubscriber/LOADING]: Scanning class foundry.veil.forge.impl.ForgeRenderTypeStageHandler for @SubscribeEvent-annotated methods
[06Aug2026 12:15:09.852] [modloading-worker-0/DEBUG] [net.neoforged.fml.javafmlmod.AutomaticEventSubscriber/]: Subscribing @EventBusSubscriber class Lfoundry/veil/forge/impl/ForgeRenderTypeStageHandler; to the game event bus
[06Aug2026 12:15:09.853] [modloading-worker-0/DEBUG] [net.neoforged.fml.javafmlmod.AutomaticEventSubscriber/LOADING]: Scanning class foundry.veil.forge.VeilForgeEvents for @SubscribeEvent-annotated methods
[06Aug2026 12:15:09.853] [modloading-worker-0/DEBUG] [net.neoforged.fml.javafmlmod.AutomaticEventSubscriber/]: Subscribing @EventBusSubscriber class Lfoundry/veil/forge/VeilForgeEvents; to the game event bus
[06Aug2026 12:15:09.853] [modloading-worker-0/DEBUG] [net.neoforged.fml.javafmlmod.AutomaticEventSubscriber/LOADING]: Scanning class foundry.veil.forge.VeilForgeClientEvents for @SubscribeEvent-annotated methods
[06Aug2026 12:15:09.855] [modloading-worker-0/DEBUG] [net.neoforged.fml.javafmlmod.AutomaticEventSubscriber/]: Subscribing @EventBusSubscriber class Lfoundry/veil/forge/VeilForgeClientEvents; to the game event bus
[06Aug2026 12:15:09.859] [modloading-worker-0/DEBUG] [mixin/]: Mixing compatibility.create.sticker.StickerBlockMixin from sable-neoforge.mixins.json into com.simibubi.create.content.contraptions.chassis.StickerBlock
[06Aug2026 12:15:09.865] [modloading-worker-0/DEBUG] [mixin/]: Mixing compatibility.create.block_breakers.BlockBreakingKineticBlockEntityDamageMixin from sable-neoforge.mixins.json into com.simibubi.create.content.kinetics.drill.DrillBlock
[06Aug2026 12:15:09.869] [modloading-worker-0/DEBUG] [mixin/]: Mixing compatibility.create.behaviour_compatibility.block_breaking_behaviour.BlockBreakingMovementBehaviourMixin from sable-neoforge.mixins.json into com.simibubi.create.content.kinetics.base.BlockBreakingMovementBehaviour
[06Aug2026 12:15:09.870] [modloading-worker-0/DEBUG] [mixin/]: Renaming synthetic method lambda$sable$testBreakingPosDist$1(Lnet/minecraft/nbt/CompoundTag;)Lnet/minecraft/core/BlockPos; to mdb5b860$sable$lambda$sable$testBreakingPosDist$1$0 in sable-neoforge.mixins.json:compatibility.create.behaviour_compatibility.block_breaking_behaviour.BlockBreakingMovementBehaviourMixin from mod sable
[06Aug2026 12:15:09.870] [modloading-worker-0/DEBUG] [mixin/]: Renaming synthetic method lambda$sable$checkPosition$0(Lcom/simibubi/create/content/contraptions/behaviour/MovementContext;Lnet/minecraft/core/BlockPos;Lnet/minecraft/world/level/block/state/BlockState;)Z to mdb5b860$sable$lambda$sable$checkPosition$0$1 in sable-neoforge.mixins.json:compatibility.create.behaviour_compatibility.block_breaking_behaviour.BlockBreakingMovementBehaviourMixin from mod sable
[06Aug2026 12:15:09.874] [modloading-worker-0/DEBUG] [mixin/]: sable-neoforge.mixins.json:compatibility.create.behaviour_compatibility.block_breaking_behaviour.BlockBreakingMovementBehaviourMixin from mod sable->@Inject::sable$testBreakingPosDist(Lcom/simibubi/create/content/contraptions/behaviour/MovementContext;Lorg/spongepowered/asm/mixin/injection/callback/CallbackInfo;)V does use it's CallbackInfo
[06Aug2026 12:15:09.876] [modloading-worker-0/DEBUG] [mixin/]: Mixing compatibility.create.block_breakers.BlockBreakingKineticBlockEntityDamageMixin from sable-neoforge.mixins.json into com.simibubi.create.content.kinetics.saw.SawBlock
[06Aug2026 12:15:09.877] [modloading-worker-0/DEBUG] [mixin/]: Mixing compatibility.create.entity_falls_on_block.SawBlockMixin from sable-neoforge.mixins.json into com.simibubi.create.content.kinetics.saw.SawBlock
[06Aug2026 12:15:09.880] [modloading-worker-0/DEBUG] [mixin/]: Mixing compatibility.create.behaviour_compatibility.block_breaking_behaviour.SawMovementBehaviourMixin from sable-neoforge.mixins.json into com.simibubi.create.content.kinetics.saw.SawMovementBehaviour
[06Aug2026 12:15:09.886] [modloading-worker-0/DEBUG] [mixin/]: Mixing compatibility.create.redstone_contacts.RedstoneContactBlockMixin from sable-neoforge.mixins.json into com.simibubi.create.content.redstone.contact.RedstoneContactBlock
[06Aug2026 12:15:09.891] [modloading-worker-0/DEBUG] [mixin/]: Mixing compatibility.create.behaviour_compatibility.harvester_block_entity.HarvesterBlockMixin from sable-neoforge.mixins.json into com.simibubi.create.content.contraptions.actors.harvester.HarvesterBlock
[06Aug2026 12:15:09.893] [modloading-worker-0/DEBUG] [mixin/]: Mixing compatibility.create.behaviour_compatibility.harvester_behaviour.HarvesterMovementBehaviourMixin from sable-neoforge.mixins.json into com.simibubi.create.content.contraptions.actors.harvester.HarvesterMovementBehaviour
[06Aug2026 12:15:09.893] [modloading-worker-0/DEBUG] [mixin/]: Renaming synthetic method lambda$sable$checkAllPositions$0(Lcom/llamalad7/mixinextras/injector/wrapoperation/Operation;Lcom/simibubi/create/content/contraptions/behaviour/MovementContext;Ldev/ryanhcode/sable/sublevel/SubLevel;Lnet/minecraft/core/BlockPos;)Ljava/lang/Object; to mdb5b860$sable$lambda$sable$checkAllPositions$0$0 in sable-neoforge.mixins.json:compatibility.create.behaviour_compatibility.harvester_behaviour.HarvesterMovementBehaviourMixin from mod sable
[06Aug2026 12:15:09.893] [modloading-worker-0/DEBUG] [mixin/]: Mixing compatibility.create.behaviour_compatibility.harvester_block_entity.HarvesterBlockEntityUsageMixin from sable-neoforge.mixins.json into com.simibubi.create.content.contraptions.actors.harvester.HarvesterMovementBehaviour
[06Aug2026 12:15:09.896] [modloading-worker-0/DEBUG] [mixin/]: Mixing self_mixins.HoneyGlueEntityMixin from simulated-neoforge.mixins.json into dev.simulated_team.simulated.content.entities.honey_glue.HoneyGlueEntity
[06Aug2026 12:15:09.913] [modloading-worker-0/DEBUG] [mixin/]: Mixing compatibility.create.tracks.TrackBlockMixin from sable-neoforge.mixins.json into com.simibubi.create.content.trains.track.TrackBlock
[06Aug2026 12:15:09.918] [modloading-worker-0/DEBUG] [mixin/]: Mixing auger_shaft.GirderBlockMixin from simulated.mixins.json into com.simibubi.create.content.decoration.girder.GirderBlock
[06Aug2026 12:15:09.919] [modloading-worker-0/DEBUG] [mixin/]: simulated.mixins.json:auger_shaft.GirderBlockMixin from mod simulated->@Inject::connectToAugers(Lnet/minecraft/world/level/BlockAndTintGetter;Lnet/minecraft/core/BlockPos;Lnet/minecraft/world/level/block/state/BlockState;Lnet/minecraft/core/Direction;Lorg/spongepowered/asm/mixin/injection/callback/CallbackInfoReturnable;)V does use it's CallbackInfoReturnable
[06Aug2026 12:15:09.924] [modloading-worker-0/DEBUG] [mixin/]: Mixing balloon.SimAssemblyHelperMixin from aeronautics.mixins.json into dev.simulated_team.simulated.util.SimAssemblyHelper
[06Aug2026 12:15:09.924] [modloading-worker-0/DEBUG] [mixin/]: aeronautics.mixins.json:balloon.SimAssemblyHelperMixin from mod aeronautics: Class version 65 required is higher than the class version supported by the current version of Mixin (JAVA_18 supports class version 62)
[06Aug2026 12:15:09.926] [modloading-worker-0/DEBUG] [mixin/]: aeronautics.mixins.json:balloon.SimAssemblyHelperMixin from mod aeronautics->@Inject::aeronautics$needsBitSet(Lnet/minecraft/world/level/Level;Ldev/ryanhcode/sable/sublevel/SubLevel;Lnet/minecraft/core/BlockPos;Lnet/minecraft/core/BlockPos;Lnet/minecraft/world/level/block/Rotation;ZLorg/spongepowered/asm/mixin/injection/callback/CallbackInfo;)V doesn't use it's CallbackInfo
[06Aug2026 12:15:09.929] [modloading-worker-0/DEBUG] [mixin/]: Mixing compatibility.create.tracks.TrackBlockItemMixin from sable-neoforge.mixins.json into com.simibubi.create.content.trains.track.TrackBlockItem
[06Aug2026 12:15:09.937] [modloading-worker-0/DEBUG] [net.neoforged.fml.config.ConfigTracker/CONFIG]: Config file simulated-client.toml for simulated tracking
[06Aug2026 12:15:09.937] [modloading-worker-0/DEBUG] [net.neoforged.fml.config.ConfigTracker/CONFIG]: Config file simulated-server.toml for simulated tracking
[06Aug2026 12:15:09.940] [modloading-worker-0/DEBUG] [mixin/]: Mixing compatibility.create.tracks.TrackBlockItemMixin from sable-neoforge.mixins.json into com.simibubi.create.content.trains.track.TrackTargetingBlockItem
[06Aug2026 12:15:09.945] [modloading-worker-0/DEBUG] [mixin/]: Mixing compatibility.create.funnels.FunnelBlockMixin from sable-neoforge.mixins.json into com.simibubi.create.content.logistics.funnel.FunnelBlock
[06Aug2026 12:15:09.959] [modloading-worker-0/DEBUG] [mixin/]: Mixing compatibility.create.render_fixes.SafeBlockEntityRendererMixin from sable-neoforge.mixins.json into com.simibubi.create.foundation.blockEntity.renderer.SafeBlockEntityRenderer
[06Aug2026 12:15:09.963] [modloading-worker-0/DEBUG] [net.neoforged.fml.javafmlmod.AutomaticEventSubscriber/LOADING]: Attempting to inject @EventBusSubscriber classes into the eventbus for simulated
[06Aug2026 12:15:09.963] [modloading-worker-0/DEBUG] [net.neoforged.fml.javafmlmod.AutomaticEventSubscriber/LOADING]: Scanning class dev.simulated_team.simulated.neoforge.events.SimNeoForgeCommonEvents for @SubscribeEvent-annotated methods
[06Aug2026 12:15:09.963] [modloading-worker-0/DEBUG] [net.neoforged.fml.javafmlmod.AutomaticEventSubscriber/]: Subscribing @EventBusSubscriber class Ldev/simulated_team/simulated/neoforge/events/SimNeoForgeCommonEvents; to the game event bus
[06Aug2026 12:15:09.963] [modloading-worker-0/DEBUG] [net.neoforged.fml.javafmlmod.AutomaticEventSubscriber/LOADING]: Scanning class dev.simulated_team.simulated.neoforge.events.SimNeoForgeCommonEvents$ModBusEvents for @SubscribeEvent-annotated methods
[06Aug2026 12:15:09.963] [modloading-worker-0/DEBUG] [net.neoforged.fml.javafmlmod.AutomaticEventSubscriber/]: Subscribing @EventBusSubscriber class Ldev/simulated_team/simulated/neoforge/events/SimNeoForgeCommonEvents$ModBusEvents; to the mod event bus of mod simulated
[06Aug2026 12:15:09.963] [modloading-worker-0/DEBUG] [net.neoforged.fml.javafmlmod.AutomaticEventSubscriber/LOADING]: Scanning class dev.simulated_team.simulated.neoforge.events.SimNeoForgeClientEvents for @SubscribeEvent-annotated methods
[06Aug2026 12:15:09.963] [modloading-worker-0/DEBUG] [net.neoforged.fml.javafmlmod.AutomaticEventSubscriber/]: Subscribing @EventBusSubscriber class Ldev/simulated_team/simulated/neoforge/events/SimNeoForgeClientEvents; to the game event bus
[06Aug2026 12:15:09.963] [modloading-worker-0/DEBUG] [net.neoforged.fml.javafmlmod.AutomaticEventSubscriber/LOADING]: Scanning class dev.simulated_team.simulated.neoforge.events.SimNeoForgeClientEvents$ModBusEvents for @SubscribeEvent-annotated methods
[06Aug2026 12:15:09.963] [modloading-worker-0/DEBUG] [net.neoforged.fml.javafmlmod.AutomaticEventSubscriber/]: Subscribing @EventBusSubscriber class Ldev/simulated_team/simulated/neoforge/events/SimNeoForgeClientEvents$ModBusEvents; to the mod event bus of mod simulated
[06Aug2026 12:15:09.965] [modloading-worker-0/DEBUG] [mixin/]: Mixing compatibility.create.frogports.FrogportBlockMixin from sable-neoforge.mixins.json into com.simibubi.create.content.logistics.packagePort.frogport.FrogportBlock
[06Aug2026 12:15:09.967] [modloading-worker-0/DEBUG] [net.neoforged.fml.javafmlmod.AutomaticEventSubscriber/LOADING]: Attempting to inject @EventBusSubscriber classes into the eventbus for playertrackingcompass
[06Aug2026 12:15:09.967] [modloading-worker-0/DEBUG] [mixin/]: Mixing compatibility.create.frogports.FrogportBlockEntityMixin from sable-neoforge.mixins.json into com.simibubi.create.content.logistics.packagePort.frogport.FrogportBlockEntity
[06Aug2026 12:15:09.982] [modloading-worker-0/DEBUG] [mixin/]: Mixing compatibility.create.display_link.DisplayLinkBlockMixin from sable-neoforge.mixins.json into com.simibubi.create.content.redstone.displayLink.DisplayLinkBlock
[06Aug2026 12:15:09.984] [modloading-worker-0/DEBUG] [mixin/]: Mixing conditional_display_target.DisplayLinkScreenMixin from simulated.mixins.json into com.simibubi.create.content.redstone.displayLink.DisplayLinkScreen
[06Aug2026 12:15:09.989] [modloading-worker-0/DEBUG] [mixin/]: Mixing compatibility.create.display_link.ClickToLinkBlockItemMixin from sable-neoforge.mixins.json into com.simibubi.create.content.redstone.displayLink.ClickToLinkBlockItem
[06Aug2026 12:15:09.995] [modloading-worker-0/DEBUG] [mixin/]: Mixing nav_table_compat.RedstoneLinkBlockMixin from simulated.mixins.json into com.simibubi.create.content.redstone.link.RedstoneLinkBlock
[06Aug2026 12:15:10.012] [modloading-worker-0/DEBUG] [mixin/]: Mixing compatibility.create.vertical_gearbox.VerticalGearboxItemMixin from sable-neoforge.mixins.json into com.simibubi.create.content.kinetics.gearbox.VerticalGearboxItem
[06Aug2026 12:15:10.016] [modloading-worker-0/DEBUG] [mixin/]: Mixing compatibility.create.blueprint.BlueprintEntityMixin from sable-neoforge.mixins.json into com.simibubi.create.content.equipment.blueprint.BlueprintEntity
[06Aug2026 12:15:10.025] [modloading-worker-0/DEBUG] [mixin/]: Mixing linked_controller_binding.LinkedControllerItemMixin from simulated.mixins.json into com.simibubi.create.content.redstone.link.controller.LinkedControllerItem
[06Aug2026 12:15:10.031] [modloading-worker-0/DEBUG] [mixin/]: Mixing potato_cannon_projectiles.PotatoProjectileEntityMixin from aeronautics.mixins.json into com.simibubi.create.content.equipment.potatoCannon.PotatoProjectileEntity
[06Aug2026 12:15:10.031] [modloading-worker-0/DEBUG] [mixin/]: aeronautics.mixins.json:potato_cannon_projectiles.PotatoProjectileEntityMixin from mod aeronautics: Class version 65 required is higher than the class version supported by the current version of Mixin (JAVA_18 supports class version 62)
[06Aug2026 12:15:10.033] [modloading-worker-0/DEBUG] [mixin/]: aeronautics.mixins.json:potato_cannon_projectiles.PotatoProjectileEntityMixin from mod aeronautics->@Inject::onHitEntity(Lnet/minecraft/world/phys/EntityHitResult;Lorg/spongepowered/asm/mixin/injection/callback/CallbackInfo;)V doesn't use it's CallbackInfo
[06Aug2026 12:15:10.033] [modloading-worker-0/DEBUG] [mixin/]: aeronautics.mixins.json:potato_cannon_projectiles.PotatoProjectileEntityMixin from mod aeronautics->@Inject::onHitEntity(Lnet/minecraft/world/phys/EntityHitResult;Lorg/spongepowered/asm/mixin/injection/callback/CallbackInfo;)V has 0 override(s) in child classes
[06Aug2026 12:15:10.033] [modloading-worker-0/DEBUG] [mixin/]: aeronautics.mixins.json:potato_cannon_projectiles.PotatoProjectileEntityMixin from mod aeronautics->@Inject::onHitEntity(Lnet/minecraft/world/phys/EntityHitResult;Lorg/spongepowered/asm/mixin/injection/callback/CallbackInfo;)V won't be passed a CallbackInfo as a result
[06Aug2026 12:15:10.035] [modloading-worker-0/DEBUG] [mixin/]: Mixing extendo_grip.ExtendoGripItemMixin from simulated.mixins.json into com.simibubi.create.content.equipment.extendoGrip.ExtendoGripItem
[06Aug2026 12:15:10.039] [modloading-worker-0/DEBUG] [mixin/]: Mixing compatibility.create.zapper.ZapperItemMixin from sable-neoforge.mixins.json into com.simibubi.create.content.equipment.zapper.ZapperItem
[06Aug2026 12:15:10.040] [modloading-worker-0/DEBUG] [mixin/]: sable-neoforge.mixins.json:compatibility.create.zapper.ZapperItemMixin from mod sable->@Inject::sable$projectTargetPos(Lnet/minecraft/world/level/Level;Lnet/minecraft/world/entity/player/Player;Lnet/minecraft/world/InteractionHand;Lorg/spongepowered/asm/mixin/injection/callback/CallbackInfoReturnable;)V doesn't use it's CallbackInfoReturnable
[06Aug2026 12:15:10.040] [modloading-worker-0/DEBUG] [mixin/]: sable-neoforge.mixins.json:compatibility.create.zapper.ZapperItemMixin from mod sable->@Inject::sable$projectTargetPos(Lnet/minecraft/world/level/Level;Lnet/minecraft/world/entity/player/Player;Lnet/minecraft/world/InteractionHand;Lorg/spongepowered/asm/mixin/injection/callback/CallbackInfoReturnable;)V has 0 override(s) in child classes
[06Aug2026 12:15:10.040] [modloading-worker-0/DEBUG] [mixin/]: sable-neoforge.mixins.json:compatibility.create.zapper.ZapperItemMixin from mod sable->@Inject::sable$projectTargetPos(Lnet/minecraft/world/level/Level;Lnet/minecraft/world/entity/player/Player;Lnet/minecraft/world/InteractionHand;Lorg/spongepowered/asm/mixin/injection/callback/CallbackInfoReturnable;)V won't be passed a CallbackInfoReturnable as a result
[06Aug2026 12:15:10.040] [modloading-worker-0/DEBUG] [mixin/]: sable-neoforge.mixins.json:compatibility.create.zapper.ZapperItemMixin from mod sable->@Inject::sable$projectTargetPos(Lnet/minecraft/world/level/Level;Lnet/minecraft/world/entity/player/Player;Lnet/minecraft/world/InteractionHand;Lorg/spongepowered/asm/mixin/injection/callback/CallbackInfoReturnable;)V doesn't use it's CallbackInfoReturnable
[06Aug2026 12:15:10.040] [modloading-worker-0/DEBUG] [mixin/]: sable-neoforge.mixins.json:compatibility.create.zapper.ZapperItemMixin from mod sable->@Inject::sable$projectTargetPos(Lnet/minecraft/world/level/Level;Lnet/minecraft/world/entity/player/Player;Lnet/minecraft/world/InteractionHand;Lorg/spongepowered/asm/mixin/injection/callback/CallbackInfoReturnable;)V has 0 override(s) in child classes
[06Aug2026 12:15:10.040] [modloading-worker-0/DEBUG] [mixin/]: sable-neoforge.mixins.json:compatibility.create.zapper.ZapperItemMixin from mod sable->@Inject::sable$projectTargetPos(Lnet/minecraft/world/level/Level;Lnet/minecraft/world/entity/player/Player;Lnet/minecraft/world/InteractionHand;Lorg/spongepowered/asm/mixin/injection/callback/CallbackInfoReturnable;)V won't be passed a CallbackInfoReturnable as a result
[06Aug2026 12:15:10.052] [modloading-worker-0/DEBUG] [mixin/]: Mixing compatibility.create.impact.AbstractBellBlockAccessor from sable-neoforge.mixins.json into com.simibubi.create.content.equipment.bell.AbstractBellBlock
[06Aug2026 12:15:10.052] [modloading-worker-0/DEBUG] [mixin/]: Mixing compatibility.create.impact.AbstractBellBlockMixin from sable-neoforge.mixins.json into com.simibubi.create.content.equipment.bell.AbstractBellBlock
[06Aug2026 12:15:10.077] [modloading-worker-0/DEBUG] [mixin/]: Mixing compatibility.create.entity_falls_on_block.SeatBlockMixin from sable-neoforge.mixins.json into com.simibubi.create.content.contraptions.actors.seat.SeatBlock
[06Aug2026 12:15:10.106] [modloading-worker-0/DEBUG] [mixin/]: Mixing propeller_bearing.PropellerBearingContraptionEntityMixin from aeronautics.mixins.json into dev.eriksonn.aeronautics.content.blocks.propeller.bearing.contraption.PropellerBearingContraptionEntity
[06Aug2026 12:15:10.106] [modloading-worker-0/DEBUG] [mixin/]: aeronautics.mixins.json:propeller_bearing.PropellerBearingContraptionEntityMixin from mod aeronautics: Class version 65 required is higher than the class version supported by the current version of Mixin (JAVA_18 supports class version 62)
[06Aug2026 12:15:10.128] [modloading-worker-0/DEBUG] [net.neoforged.fml.ModContainer/]: Attempted to register an empty config for type CLIENT on mod aeronautics
[06Aug2026 12:15:10.128] [modloading-worker-0/DEBUG] [net.neoforged.fml.config.ConfigTracker/CONFIG]: Config file aeronautics-server.toml for aeronautics tracking
[06Aug2026 12:15:10.142] [modloading-worker-0/DEBUG] [net.neoforged.fml.javafmlmod.AutomaticEventSubscriber/LOADING]: Attempting to inject @EventBusSubscriber classes into the eventbus for aeronautics
[06Aug2026 12:15:10.142] [modloading-worker-0/DEBUG] [net.neoforged.fml.javafmlmod.AutomaticEventSubscriber/LOADING]: Scanning class dev.eriksonn.aeronautics.neoforge.events.AeroNeoForgeCommonEvents for @SubscribeEvent-annotated methods
[06Aug2026 12:15:10.142] [modloading-worker-0/DEBUG] [net.neoforged.fml.javafmlmod.AutomaticEventSubscriber/]: Subscribing @EventBusSubscriber class Ldev/eriksonn/aeronautics/neoforge/events/AeroNeoForgeCommonEvents; to the game event bus
[06Aug2026 12:15:10.142] [modloading-worker-0/DEBUG] [net.neoforged.fml.javafmlmod.AutomaticEventSubscriber/LOADING]: Scanning class dev.eriksonn.aeronautics.neoforge.events.AeroNeoForgeCommonEvents$ModBusEvents for @SubscribeEvent-annotated methods
[06Aug2026 12:15:10.142] [modloading-worker-0/DEBUG] [net.neoforged.fml.javafmlmod.AutomaticEventSubscriber/]: Subscribing @EventBusSubscriber class Ldev/eriksonn/aeronautics/neoforge/events/AeroNeoForgeCommonEvents$ModBusEvents; to the mod event bus of mod aeronautics
[06Aug2026 12:15:10.142] [modloading-worker-0/DEBUG] [net.neoforged.fml.javafmlmod.AutomaticEventSubscriber/LOADING]: Scanning class dev.eriksonn.aeronautics.neoforge.events.AeroNeoForgeClientEvents for @SubscribeEvent-annotated methods
[06Aug2026 12:15:10.142] [modloading-worker-0/DEBUG] [net.neoforged.fml.javafmlmod.AutomaticEventSubscriber/]: Subscribing @EventBusSubscriber class Ldev/eriksonn/aeronautics/neoforge/events/AeroNeoForgeClientEvents; to the game event bus
[06Aug2026 12:15:10.142] [modloading-worker-0/DEBUG] [net.neoforged.fml.javafmlmod.AutomaticEventSubscriber/LOADING]: Scanning class dev.eriksonn.aeronautics.neoforge.events.AeroNeoForgeClientEvents$ModBusEvents for @SubscribeEvent-annotated methods
[06Aug2026 12:15:10.142] [modloading-worker-0/DEBUG] [net.neoforged.fml.javafmlmod.AutomaticEventSubscriber/]: Subscribing @EventBusSubscriber class Ldev/eriksonn/aeronautics/neoforge/events/AeroNeoForgeClientEvents$ModBusEvents; to the mod event bus of mod aeronautics
[06Aug2026 12:15:10.159] [modloading-worker-0/DEBUG] [mixin/]: Mixing compatibility.create.redstone_contacts.AllBlockEntityTypesMixin from sable-neoforge.mixins.json into com.simibubi.create.AllBlockEntityTypes
[06Aug2026 12:15:10.171] [modloading-worker-0/DEBUG] [mixin/]: Mixing compatibility.create.fans_provide_force.EncasedFanBlockEntityMixin from sable-neoforge.mixins.json into com.simibubi.create.content.kinetics.fan.EncasedFanBlockEntity
[06Aug2026 12:15:10.175] [modloading-worker-0/DEBUG] [mixin/]: Mixing compatibility.create.nozzle.NozzleBlockEntityAccessor from sable-neoforge.mixins.json into com.simibubi.create.content.kinetics.fan.NozzleBlockEntity
[06Aug2026 12:15:10.175] [modloading-worker-0/DEBUG] [mixin/]: Mixing compatibility.create.nozzle.block_entity.NozzleBEFixesMixin from sable-neoforge.mixins.json into com.simibubi.create.content.kinetics.fan.NozzleBlockEntity
[06Aug2026 12:15:10.176] [modloading-worker-0/DEBUG] [mixin/]: Mixing compatibility.create.nozzle.block_entity.NozzleHoveringMixin from sable-neoforge.mixins.json into com.simibubi.create.content.kinetics.fan.NozzleBlockEntity
[06Aug2026 12:15:10.178] [modloading-worker-0/DEBUG] [mixin/]: Mixing compatibility.create.nozzle.block_entity.ValidNozzledirectionMixin from sable-neoforge.mixins.json into com.simibubi.create.content.kinetics.fan.NozzleBlockEntity
[06Aug2026 12:15:10.184] [modloading-worker-0/DEBUG] [mixin/]: sable-neoforge.mixins.json:compatibility.create.nozzle.block_entity.NozzleHoveringMixin from mod sable->@Inject::sable$generateRays(Lnet/minecraft/world/level/block/entity/BlockEntityType;Lnet/minecraft/core/BlockPos;Lnet/minecraft/world/level/block/state/BlockState;Lorg/spongepowered/asm/mixin/injection/callback/CallbackInfo;)V doesn't use it's CallbackInfo
[06Aug2026 12:15:10.184] [modloading-worker-0/DEBUG] [mixin/]: sable-neoforge.mixins.json:compatibility.create.nozzle.block_entity.NozzleHoveringMixin from mod sable->@Inject::sable$generateRays(Lnet/minecraft/world/level/block/entity/BlockEntityType;Lnet/minecraft/core/BlockPos;Lnet/minecraft/world/level/block/state/BlockState;Lorg/spongepowered/asm/mixin/injection/callback/CallbackInfo;)V has 0 override(s) in child classes
[06Aug2026 12:15:10.184] [modloading-worker-0/DEBUG] [mixin/]: sable-neoforge.mixins.json:compatibility.create.nozzle.block_entity.NozzleHoveringMixin from mod sable->@Inject::sable$generateRays(Lnet/minecraft/world/level/block/entity/BlockEntityType;Lnet/minecraft/core/BlockPos;Lnet/minecraft/world/level/block/state/BlockState;Lorg/spongepowered/asm/mixin/injection/callback/CallbackInfo;)V won't be passed a CallbackInfo as a result
[06Aug2026 12:15:10.184] [modloading-worker-0/DEBUG] [mixin/]: sable-neoforge.mixins.json:compatibility.create.nozzle.block_entity.NozzleHoveringMixin from mod sable->@Inject::addPhysicsParticles(Lorg/spongepowered/asm/mixin/injection/callback/CallbackInfo;)V doesn't use it's CallbackInfo
[06Aug2026 12:15:10.184] [modloading-worker-0/DEBUG] [mixin/]: sable-neoforge.mixins.json:compatibility.create.nozzle.block_entity.NozzleHoveringMixin from mod sable->@Inject::addPhysicsParticles(Lorg/spongepowered/asm/mixin/injection/callback/CallbackInfo;)V has 0 override(s) in child classes
[06Aug2026 12:15:10.184] [modloading-worker-0/DEBUG] [mixin/]: sable-neoforge.mixins.json:compatibility.create.nozzle.block_entity.NozzleHoveringMixin from mod sable->@Inject::addPhysicsParticles(Lorg/spongepowered/asm/mixin/injection/callback/CallbackInfo;)V won't be passed a CallbackInfo as a result
[06Aug2026 12:15:10.184] [modloading-worker-0/DEBUG] [mixin/]: sable-neoforge.mixins.json:compatibility.create.nozzle.block_entity.ValidNozzledirectionMixin from mod sable->@Inject::sable$updateValidDirections(Lorg/spongepowered/asm/mixin/injection/callback/CallbackInfo;)V doesn't use it's CallbackInfo
[06Aug2026 12:15:10.184] [modloading-worker-0/DEBUG] [mixin/]: sable-neoforge.mixins.json:compatibility.create.nozzle.block_entity.ValidNozzledirectionMixin from mod sable->@Inject::sable$updateValidDirections(Lorg/spongepowered/asm/mixin/injection/callback/CallbackInfo;)V has 0 override(s) in child classes
[06Aug2026 12:15:10.184] [modloading-worker-0/DEBUG] [mixin/]: sable-neoforge.mixins.json:compatibility.create.nozzle.block_entity.ValidNozzledirectionMixin from mod sable->@Inject::sable$updateValidDirections(Lorg/spongepowered/asm/mixin/injection/callback/CallbackInfo;)V won't be passed a CallbackInfo as a result
[06Aug2026 12:15:10.193] [modloading-worker-0/DEBUG] [mixin/]: Mixing compatibility.create.chain_conveyor.ChainConveyorBlockEntityMixin from sable-neoforge.mixins.json into com.simibubi.create.content.kinetics.chainConveyor.ChainConveyorBlockEntity
[06Aug2026 12:15:10.194] [modloading-worker-0/DEBUG] [mixin/]: Mixing compatibility.create.frogports.ChainConveyorBlockEntityMixin from sable-neoforge.mixins.json into com.simibubi.create.content.kinetics.chainConveyor.ChainConveyorBlockEntity
[06Aug2026 12:15:10.200] [modloading-worker-0/DEBUG] [mixin/]: sable-neoforge.mixins.json:compatibility.create.chain_conveyor.ChainConveyorBlockEntityMixin from mod sable->@Inject::dropInvalidPackages(Lorg/spongepowered/asm/mixin/injection/callback/CallbackInfo;)V doesn't use it's CallbackInfo
[06Aug2026 12:15:10.200] [modloading-worker-0/DEBUG] [mixin/]: sable-neoforge.mixins.json:compatibility.create.chain_conveyor.ChainConveyorBlockEntityMixin from mod sable->@Inject::dropInvalidPackages(Lorg/spongepowered/asm/mixin/injection/callback/CallbackInfo;)V has 0 override(s) in child classes
[06Aug2026 12:15:10.200] [modloading-worker-0/DEBUG] [mixin/]: sable-neoforge.mixins.json:compatibility.create.chain_conveyor.ChainConveyorBlockEntityMixin from mod sable->@Inject::dropInvalidPackages(Lorg/spongepowered/asm/mixin/injection/callback/CallbackInfo;)V won't be passed a CallbackInfo as a result
[06Aug2026 12:15:10.210] [modloading-worker-0/DEBUG] [mixin/]: Mixing compatibility.create.hose_pulley.HosePulleyBlockEntityMixin from sable-neoforge.mixins.json into com.simibubi.create.content.fluids.hosePulley.HosePulleyBlockEntity
[06Aug2026 12:15:10.210] [modloading-worker-0/DEBUG] [mixin/]: Renaming synthetic method lambda$sable$getBlockState$0(Lcom/llamalad7/mixinextras/injector/wrapoperation/Operation;Lnet/minecraft/world/level/Level;ZLdev/ryanhcode/sable/sublevel/SubLevel;Lnet/minecraft/core/BlockPos;)Lnet/minecraft/world/level/block/state/BlockState; to mdb5b860$sable$lambda$sable$getBlockState$0$0 in sable-neoforge.mixins.json:compatibility.create.hose_pulley.HosePulleyBlockEntityMixin from mod sable
[06Aug2026 12:15:10.216] [modloading-worker-0/DEBUG] [mixin/]: Mixing compatibility.create.inventory_manipulation.ChuteBlockEntityMixin from sable-neoforge.mixins.json into com.simibubi.create.content.logistics.chute.ChuteBlockEntity
[06Aug2026 12:15:10.216] [modloading-worker-0/DEBUG] [mixin/]: Renaming synthetic method lambda$sable$grabCap$0(Lorg/joml/Vector3d;Lorg/joml/Vector3d;Lnet/minecraft/world/level/Level;Ldev/ryanhcode/sable/sublevel/SubLevel;Lnet/minecraft/core/BlockPos;)Lnet/neoforged/neoforge/items/IItemHandler; to mdb5b860$sable$lambda$sable$grabCap$0$0 in sable-neoforge.mixins.json:compatibility.create.inventory_manipulation.ChuteBlockEntityMixin from mod sable
[06Aug2026 12:15:10.226] [modloading-worker-0/DEBUG] [mixin/]: Mixing compatibility.create.mechnical_arm.MechanicalArmBlockEntity from sable-neoforge.mixins.json into com.simibubi.create.content.kinetics.mechanicalArm.ArmBlockEntity
[06Aug2026 12:15:10.227] [modloading-worker-0/DEBUG] [mixin/]: sable-neoforge.mixins.json:compatibility.create.mechnical_arm.MechanicalArmBlockEntity from mod sable->@Inject::sable$forceMechArmsLoad(Lnet/minecraft/core/BlockPos;ILorg/spongepowered/asm/mixin/injection/callback/CallbackInfoReturnable;)V does use it's CallbackInfoReturnable
[06Aug2026 12:15:10.230] [modloading-worker-0/DEBUG] [mixin/]: Mixing accessor.ItemStackHandlerAccessor from create.mixins.json into net.neoforged.neoforge.items.ItemStackHandler
[06Aug2026 12:15:10.241] [modloading-worker-0/DEBUG] [mixin/]: Mixing create_assembly.LinearActuatorBlockEntityMixin from simulated.mixins.json into com.simibubi.create.content.contraptions.piston.LinearActuatorBlockEntity
[06Aug2026 12:15:10.245] [modloading-worker-0/DEBUG] [mixin/]: Mixing create_assembly.ClockworkBearingBlockEntityMixin from simulated.mixins.json into com.simibubi.create.content.contraptions.bearing.ClockworkBearingBlockEntity
[06Aug2026 12:15:10.249] [modloading-worker-0/DEBUG] [mixin/]: Mixing create_assembly.ElevatorPulleyBlockEntityMixin from simulated.mixins.json into com.simibubi.create.content.contraptions.elevator.ElevatorPulleyBlockEntity
[06Aug2026 12:15:10.253] [modloading-worker-0/DEBUG] [mixin/]: Mixing compatibility.create.sticker.StickerBlockEntityMixin from sable-neoforge.mixins.json into com.simibubi.create.content.contraptions.chassis.StickerBlockEntity
[06Aug2026 12:15:10.253] [modloading-worker-0/DEBUG] [mixin/]: Renaming synthetic method lambda$tick$3()Ljava/lang/Runnable; to mdb5b860$sable$lambda$tick$3$0 in sable-neoforge.mixins.json:compatibility.create.sticker.StickerBlockEntityMixin from mod sable
[06Aug2026 12:15:10.253] [modloading-worker-0/DEBUG] [mixin/]: Renaming synthetic method lambda$tick$2()V to mdb5b860$sable$lambda$tick$2$1 in sable-neoforge.mixins.json:compatibility.create.sticker.StickerBlockEntityMixin from mod sable
[06Aug2026 12:15:10.253] [modloading-worker-0/DEBUG] [mixin/]: Renaming synthetic method lambda$tick$1()Ljava/lang/Runnable; to mdb5b860$sable$lambda$tick$1$2 in sable-neoforge.mixins.json:compatibility.create.sticker.StickerBlockEntityMixin from mod sable
[06Aug2026 12:15:10.253] [modloading-worker-0/DEBUG] [mixin/]: Renaming synthetic method lambda$tick$0()V to mdb5b860$sable$lambda$tick$0$3 in sable-neoforge.mixins.json:compatibility.create.sticker.StickerBlockEntityMixin from mod sable
[06Aug2026 12:15:10.266] [modloading-worker-0/DEBUG] [mixin/]: sable-neoforge.mixins.json:compatibility.create.sticker.StickerBlockEntityMixin from mod sable->@Inject::tick(Lorg/spongepowered/asm/mixin/injection/callback/CallbackInfo;)V doesn't use it's CallbackInfo
[06Aug2026 12:15:10.266] [modloading-worker-0/DEBUG] [mixin/]: sable-neoforge.mixins.json:compatibility.create.sticker.StickerBlockEntityMixin from mod sable->@Inject::tick(Lorg/spongepowered/asm/mixin/injection/callback/CallbackInfo;)V has 0 override(s) in child classes
[06Aug2026 12:15:10.266] [modloading-worker-0/DEBUG] [mixin/]: sable-neoforge.mixins.json:compatibility.create.sticker.StickerBlockEntityMixin from mod sable->@Inject::tick(Lorg/spongepowered/asm/mixin/injection/callback/CallbackInfo;)V won't be passed a CallbackInfo as a result
[06Aug2026 12:15:10.266] [modloading-worker-0/DEBUG] [mixin/]: sable-neoforge.mixins.json:compatibility.create.sticker.StickerBlockEntityMixin from mod sable->@Inject::write(Lnet/minecraft/nbt/CompoundTag;Lnet/minecraft/core/HolderLookup$Provider;ZLorg/spongepowered/asm/mixin/injection/callback/CallbackInfo;)V doesn't use it's CallbackInfo
[06Aug2026 12:15:10.266] [modloading-worker-0/DEBUG] [mixin/]: sable-neoforge.mixins.json:compatibility.create.sticker.StickerBlockEntityMixin from mod sable->@Inject::write(Lnet/minecraft/nbt/CompoundTag;Lnet/minecraft/core/HolderLookup$Provider;ZLorg/spongepowered/asm/mixin/injection/callback/CallbackInfo;)V has 0 override(s) in child classes
[06Aug2026 12:15:10.266] [modloading-worker-0/DEBUG] [mixin/]: sable-neoforge.mixins.json:compatibility.create.sticker.StickerBlockEntityMixin from mod sable->@Inject::write(Lnet/minecraft/nbt/CompoundTag;Lnet/minecraft/core/HolderLookup$Provider;ZLorg/spongepowered/asm/mixin/injection/callback/CallbackInfo;)V won't be passed a CallbackInfo as a result
[06Aug2026 12:15:10.266] [modloading-worker-0/DEBUG] [mixin/]: sable-neoforge.mixins.json:compatibility.create.sticker.StickerBlockEntityMixin from mod sable->@Inject::read(Lnet/minecraft/nbt/CompoundTag;Lnet/minecraft/core/HolderLookup$Provider;ZLorg/spongepowered/asm/mixin/injection/callback/CallbackInfo;)V doesn't use it's CallbackInfo
[06Aug2026 12:15:10.266] [modloading-worker-0/DEBUG] [mixin/]: sable-neoforge.mixins.json:compatibility.create.sticker.StickerBlockEntityMixin from mod sable->@Inject::read(Lnet/minecraft/nbt/CompoundTag;Lnet/minecraft/core/HolderLookup$Provider;ZLorg/spongepowered/asm/mixin/injection/callback/CallbackInfo;)V has 0 override(s) in child classes
[06Aug2026 12:15:10.266] [modloading-worker-0/DEBUG] [mixin/]: sable-neoforge.mixins.json:compatibility.create.sticker.StickerBlockEntityMixin from mod sable->@Inject::read(Lnet/minecraft/nbt/CompoundTag;Lnet/minecraft/core/HolderLookup$Provider;ZLorg/spongepowered/asm/mixin/injection/callback/CallbackInfo;)V won't be passed a CallbackInfo as a result
[06Aug2026 12:15:10.270] [modloading-worker-0/DEBUG] [mixin/]: Mixing harvesters.BlockBreakingTileEntityMixin from simulated-neoforge.mixins.json into com.simibubi.create.content.kinetics.base.BlockBreakingKineticBlockEntity
[06Aug2026 12:15:10.271] [modloading-worker-0/DEBUG] [mixin/]: Mixing compatibility.create.block_breakers.BlockBreakingKineticBlockEntityMixin from sable-neoforge.mixins.json into com.simibubi.create.content.kinetics.base.BlockBreakingKineticBlockEntity
[06Aug2026 12:15:10.271] [modloading-worker-0/DEBUG] [mixin/]: Renaming synthetic method lambda$sable$preGetBlockToBreak$0(Lnet/minecraft/core/BlockPos;Lnet/minecraft/world/level/block/state/BlockState;)Z to mdb5b860$sable$lambda$sable$preGetBlockToBreak$0$0 in sable-neoforge.mixins.json:compatibility.create.block_breakers.BlockBreakingKineticBlockEntityMixin from mod sable
[06Aug2026 12:15:10.273] [modloading-worker-0/DEBUG] [mixin/]: simulated-neoforge.mixins.json:harvesters.BlockBreakingTileEntityMixin from mod simulated->@Inject::checkIfDepositable(Lnet/minecraft/world/phys/Vec3;Lnet/minecraft/world/item/ItemStack;Lorg/spongepowered/asm/mixin/injection/callback/CallbackInfo;)V does use it's CallbackInfo
[06Aug2026 12:15:10.275] [modloading-worker-0/DEBUG] [mixin/]: Mixing harvesters.SawTileEntityMixin from simulated-neoforge.mixins.json into com.simibubi.create.content.kinetics.saw.SawBlockEntity
[06Aug2026 12:15:10.276] [modloading-worker-0/DEBUG] [mixin/]: Mixing compatibility.create.saw.SawBlockEntityMixin from sable-neoforge.mixins.json into com.simibubi.create.content.kinetics.saw.SawBlockEntity
[06Aug2026 12:15:10.277] [modloading-worker-0/DEBUG] [mixin/]: simulated-neoforge.mixins.json:harvesters.SawTileEntityMixin from mod simulated->@Inject::checkDeposit(Lnet/minecraft/core/BlockPos;Lnet/minecraft/world/item/ItemStack;Lorg/spongepowered/asm/mixin/injection/callback/CallbackInfo;)V does use it's CallbackInfo
[06Aug2026 12:15:10.279] [modloading-worker-0/DEBUG] [mixin/]: Mixing harvesters.SableHarvesterMixin from simulated-neoforge.mixins.json into com.simibubi.create.content.contraptions.actors.harvester.HarvesterBlockEntity
[06Aug2026 12:15:10.279] [modloading-worker-0/DEBUG] [mixin/]: Mixing compatibility.create.behaviour_compatibility.harvester_block_entity.HarvesterBlockEntityMixin from sable-neoforge.mixins.json into com.simibubi.create.content.contraptions.actors.harvester.HarvesterBlockEntity
[06Aug2026 12:15:10.279] [modloading-worker-0/DEBUG] [mixin/]: Renaming synthetic method lambda$sable$tick$0(Ldev/ryanhcode/sable/sublevel/SubLevel;Lnet/minecraft/core/BlockPos;)Lnet/minecraft/core/BlockPos; to mdb5b860$sable$lambda$sable$tick$0$0 in sable-neoforge.mixins.json:compatibility.create.behaviour_compatibility.harvester_block_entity.HarvesterBlockEntityMixin from mod sable
[06Aug2026 12:15:10.288] [modloading-worker-0/DEBUG] [mixin/]: Mixing flywheel_block_entity.FlywheelBlockEntityMixin from aeronautics.mixins.json into com.simibubi.create.content.kinetics.flywheel.FlywheelBlockEntity
[06Aug2026 12:15:10.288] [modloading-worker-0/DEBUG] [mixin/]: aeronautics.mixins.json:flywheel_block_entity.FlywheelBlockEntityMixin from mod aeronautics: Class version 65 required is higher than the class version supported by the current version of Mixin (JAVA_18 supports class version 62)
[06Aug2026 12:15:10.288] [modloading-worker-0/DEBUG] [mixin/]: Mixing compatibility.create.flywheel.FlywheelBlockEntityMixin from sable-neoforge.mixins.json into com.simibubi.create.content.kinetics.flywheel.FlywheelBlockEntity
[06Aug2026 12:15:10.290] [modloading-worker-0/DEBUG] [mixin/]: aeronautics.mixins.json:flywheel_block_entity.FlywheelBlockEntityMixin from mod aeronautics->@Inject::read(Lnet/minecraft/nbt/CompoundTag;Lnet/minecraft/core/HolderLookup$Provider;ZLorg/spongepowered/asm/mixin/injection/callback/CallbackInfo;)V doesn't use it's CallbackInfo
[06Aug2026 12:15:10.290] [modloading-worker-0/DEBUG] [mixin/]: aeronautics.mixins.json:flywheel_block_entity.FlywheelBlockEntityMixin from mod aeronautics->@Inject::read(Lnet/minecraft/nbt/CompoundTag;Lnet/minecraft/core/HolderLookup$Provider;ZLorg/spongepowered/asm/mixin/injection/callback/CallbackInfo;)V has 0 override(s) in child classes
[06Aug2026 12:15:10.290] [modloading-worker-0/DEBUG] [mixin/]: aeronautics.mixins.json:flywheel_block_entity.FlywheelBlockEntityMixin from mod aeronautics->@Inject::read(Lnet/minecraft/nbt/CompoundTag;Lnet/minecraft/core/HolderLookup$Provider;ZLorg/spongepowered/asm/mixin/injection/callback/CallbackInfo;)V won't be passed a CallbackInfo as a result
[06Aug2026 12:15:10.290] [modloading-worker-0/DEBUG] [mixin/]: sable-neoforge.mixins.json:compatibility.create.flywheel.FlywheelBlockEntityMixin from mod sable->@Inject::sable$tick(Lorg/spongepowered/asm/mixin/injection/callback/CallbackInfo;)V doesn't use it's CallbackInfo
[06Aug2026 12:15:10.290] [modloading-worker-0/DEBUG] [mixin/]: sable-neoforge.mixins.json:compatibility.create.flywheel.FlywheelBlockEntityMixin from mod sable->@Inject::sable$tick(Lorg/spongepowered/asm/mixin/injection/callback/CallbackInfo;)V has 0 override(s) in child classes
[06Aug2026 12:15:10.290] [modloading-worker-0/DEBUG] [mixin/]: sable-neoforge.mixins.json:compatibility.create.flywheel.FlywheelBlockEntityMixin from mod sable->@Inject::sable$tick(Lorg/spongepowered/asm/mixin/injection/callback/CallbackInfo;)V won't be passed a CallbackInfo as a result
[06Aug2026 12:15:10.290] [modloading-worker-0/DEBUG] [mixin/]: sable-neoforge.mixins.json:compatibility.create.flywheel.FlywheelBlockEntityMixin from mod sable->@Inject::sable$write(Lnet/minecraft/nbt/CompoundTag;Lnet/minecraft/core/HolderLookup$Provider;ZLorg/spongepowered/asm/mixin/injection/callback/CallbackInfo;)V doesn't use it's CallbackInfo
[06Aug2026 12:15:10.290] [modloading-worker-0/DEBUG] [mixin/]: sable-neoforge.mixins.json:compatibility.create.flywheel.FlywheelBlockEntityMixin from mod sable->@Inject::sable$write(Lnet/minecraft/nbt/CompoundTag;Lnet/minecraft/core/HolderLookup$Provider;ZLorg/spongepowered/asm/mixin/injection/callback/CallbackInfo;)V has 0 override(s) in child classes
[06Aug2026 12:15:10.290] [modloading-worker-0/DEBUG] [mixin/]: sable-neoforge.mixins.json:compatibility.create.flywheel.FlywheelBlockEntityMixin from mod sable->@Inject::sable$write(Lnet/minecraft/nbt/CompoundTag;Lnet/minecraft/core/HolderLookup$Provider;ZLorg/spongepowered/asm/mixin/injection/callback/CallbackInfo;)V won't be passed a CallbackInfo as a result
[06Aug2026 12:15:10.290] [modloading-worker-0/DEBUG] [mixin/]: sable-neoforge.mixins.json:compatibility.create.flywheel.FlywheelBlockEntityMixin from mod sable->@Inject::sable$read(Lnet/minecraft/nbt/CompoundTag;Lnet/minecraft/core/HolderLookup$Provider;ZLorg/spongepowered/asm/mixin/injection/callback/CallbackInfo;)V doesn't use it's CallbackInfo
[06Aug2026 12:15:10.290] [modloading-worker-0/DEBUG] [mixin/]: sable-neoforge.mixins.json:compatibility.create.flywheel.FlywheelBlockEntityMixin from mod sable->@Inject::sable$read(Lnet/minecraft/nbt/CompoundTag;Lnet/minecraft/core/HolderLookup$Provider;ZLorg/spongepowered/asm/mixin/injection/callback/CallbackInfo;)V has 0 override(s) in child classes
[06Aug2026 12:15:10.290] [modloading-worker-0/DEBUG] [mixin/]: sable-neoforge.mixins.json:compatibility.create.flywheel.FlywheelBlockEntityMixin from mod sable->@Inject::sable$read(Lnet/minecraft/nbt/CompoundTag;Lnet/minecraft/core/HolderLookup$Provider;ZLorg/spongepowered/asm/mixin/injection/callback/CallbackInfo;)V won't be passed a CallbackInfo as a result
[06Aug2026 12:15:10.293] [modloading-worker-0/DEBUG] [mixin/]: Mixing compatibility.create.crushing_wheel_entity_processing.CrushingWheelControllerBlockEntityMixin from sable-neoforge.mixins.json into com.simibubi.create.content.kinetics.crusher.CrushingWheelControllerBlockEntity
[06Aug2026 12:15:10.295] [modloading-worker-0/DEBUG] [mixin/]: sable-neoforge.mixins.json:compatibility.create.crushing_wheel_entity_processing.CrushingWheelControllerBlockEntityMixin from mod sable->@Inject::sable$initSublevel(Lorg/spongepowered/asm/mixin/injection/callback/CallbackInfo;)V doesn't use it's CallbackInfo
[06Aug2026 12:15:10.295] [modloading-worker-0/DEBUG] [mixin/]: sable-neoforge.mixins.json:compatibility.create.crushing_wheel_entity_processing.CrushingWheelControllerBlockEntityMixin from mod sable->@Inject::sable$initSublevel(Lorg/spongepowered/asm/mixin/injection/callback/CallbackInfo;)V has 0 override(s) in child classes
[06Aug2026 12:15:10.295] [modloading-worker-0/DEBUG] [mixin/]: sable-neoforge.mixins.json:compatibility.create.crushing_wheel_entity_processing.CrushingWheelControllerBlockEntityMixin from mod sable->@Inject::sable$initSublevel(Lorg/spongepowered/asm/mixin/injection/callback/CallbackInfo;)V won't be passed a CallbackInfo as a result
[06Aug2026 12:15:10.299] [modloading-worker-0/DEBUG] [mixin/]: Mixing levitite.WaterWheelBlockEntityMixin from aeronautics.mixins.json into com.simibubi.create.content.kinetics.waterwheel.WaterWheelBlockEntity
[06Aug2026 12:15:10.299] [modloading-worker-0/DEBUG] [mixin/]: aeronautics.mixins.json:levitite.WaterWheelBlockEntityMixin from mod aeronautics: Class version 65 required is higher than the class version supported by the current version of Mixin (JAVA_18 supports class version 62)
[06Aug2026 12:15:10.302] [modloading-worker-0/DEBUG] [mixin/]: Mixing compatibility.create.basin_interactions.BasinOperatingBlockEntityMixin from sable-neoforge.mixins.json into com.simibubi.create.content.processing.basin.BasinOperatingBlockEntity
[06Aug2026 12:15:10.303] [modloading-worker-0/DEBUG] [mixin/]: Renaming synthetic method lambda$sable$accountForSubLevels$0(Lnet/minecraft/world/level/Level;Ldev/ryanhcode/sable/sublevel/SubLevel;Lnet/minecraft/core/BlockPos;)Lnet/minecraft/world/level/block/entity/BlockEntity; to mdb5b860$sable$lambda$sable$accountForSubLevels$0$0 in sable-neoforge.mixins.json:compatibility.create.basin_interactions.BasinOperatingBlockEntityMixin from mod sable
[06Aug2026 12:15:10.304] [modloading-worker-0/DEBUG] [mixin/]: sable-neoforge.mixins.json:compatibility.create.basin_interactions.BasinOperatingBlockEntityMixin from mod sable->@Inject::sable$forceUpdate(Lorg/spongepowered/asm/mixin/injection/callback/CallbackInfo;)V doesn't use it's CallbackInfo
[06Aug2026 12:15:10.304] [modloading-worker-0/DEBUG] [mixin/]: sable-neoforge.mixins.json:compatibility.create.basin_interactions.BasinOperatingBlockEntityMixin from mod sable->@Inject::sable$forceUpdate(Lorg/spongepowered/asm/mixin/injection/callback/CallbackInfo;)V has 0 override(s) in child classes
[06Aug2026 12:15:10.304] [modloading-worker-0/DEBUG] [mixin/]: sable-neoforge.mixins.json:compatibility.create.basin_interactions.BasinOperatingBlockEntityMixin from mod sable->@Inject::sable$forceUpdate(Lorg/spongepowered/asm/mixin/injection/callback/CallbackInfo;)V won't be passed a CallbackInfo as a result
[06Aug2026 12:15:10.307] [modloading-worker-0/DEBUG] [mixin/]: Mixing compatibility.create.deployer.DeployerBlockEntityMixin from sable-neoforge.mixins.json into com.simibubi.create.content.kinetics.deployer.DeployerBlockEntity
[06Aug2026 12:15:10.316] [modloading-worker-0/DEBUG] [mixin/]: Mixing compatibility.create.blaze_burner.BlazeBurnerBlockEntityMixin from sable-neoforge.mixins.json into com.simibubi.create.content.processing.burner.BlazeBurnerBlockEntity
[06Aug2026 12:15:10.318] [modloading-worker-0/DEBUG] [mixin/]: sable-neoforge.mixins.json:compatibility.create.blaze_burner.BlazeBurnerBlockEntityMixin from mod sable->@Inject::sable$projectPlayerPosition(Lorg/spongepowered/asm/mixin/injection/callback/CallbackInfo;)V doesn't use it's CallbackInfo
[06Aug2026 12:15:10.318] [modloading-worker-0/DEBUG] [mixin/]: sable-neoforge.mixins.json:compatibility.create.blaze_burner.BlazeBurnerBlockEntityMixin from mod sable->@Inject::sable$projectPlayerPosition(Lorg/spongepowered/asm/mixin/injection/callback/CallbackInfo;)V has 0 override(s) in child classes
[06Aug2026 12:15:10.318] [modloading-worker-0/DEBUG] [mixin/]: sable-neoforge.mixins.json:compatibility.create.blaze_burner.BlazeBurnerBlockEntityMixin from mod sable->@Inject::sable$projectPlayerPosition(Lorg/spongepowered/asm/mixin/injection/callback/CallbackInfo;)V won't be passed a CallbackInfo as a result
[06Aug2026 12:15:10.321] [modloading-worker-0/DEBUG] [mixin/]: Mixing compatibility.create.inventory_manipulation.CapManipulationBehaviourBaseMixin from sable-neoforge.mixins.json into com.simibubi.create.foundation.blockEntity.behaviour.inventory.CapManipulationBehaviourBase
[06Aug2026 12:15:10.321] [modloading-worker-0/DEBUG] [mixin/]: Renaming synthetic method lambda$sable$findNewCapOnSubLevel$0(Lnet/minecraft/world/level/Level;Ldev/ryanhcode/sable/sublevel/SubLevel;Lnet/minecraft/core/BlockPos;)Lnet/minecraft/world/level/block/entity/BlockEntity; to mdb5b860$sable$lambda$sable$findNewCapOnSubLevel$0$0 in sable-neoforge.mixins.json:compatibility.create.inventory_manipulation.CapManipulationBehaviourBaseMixin from mod sable
[06Aug2026 12:15:10.330] [modloading-worker-0/DEBUG] [mixin/]: Mixing accessor.RedstoneLinkBlockEntityAccessor from simulated.mixins.json into com.simibubi.create.content.redstone.link.RedstoneLinkBlockEntity
[06Aug2026 12:15:10.333] [modloading-worker-0/DEBUG] [mixin/]: Mixing conditional_display_target.DisplayLinkBlockEntityMixin from simulated.mixins.json into com.simibubi.create.content.redstone.displayLink.DisplayLinkBlockEntity
[06Aug2026 12:15:10.334] [modloading-worker-0/DEBUG] [mixin/]: Mixing compatibility.create.display_link.DisplayLinkBlockEntityMixin from sable-neoforge.mixins.json into com.simibubi.create.content.redstone.displayLink.DisplayLinkBlockEntity
[06Aug2026 12:15:10.336] [modloading-worker-0/DEBUG] [mixin/]: simulated.mixins.json:conditional_display_target.DisplayLinkBlockEntityMixin from mod simulated->@Inject::simulated$stopConditionalTransfer(Lorg/spongepowered/asm/mixin/injection/callback/CallbackInfo;)V does use it's CallbackInfo
[06Aug2026 12:15:10.336] [modloading-worker-0/DEBUG] [mixin/]: sable-neoforge.mixins.json:compatibility.create.display_link.DisplayLinkBlockEntityMixin from mod sable->@Inject::sable$accountForSubLevels(Lorg/spongepowered/asm/mixin/injection/callback/CallbackInfoReturnable;)V does use it's CallbackInfoReturnable
[06Aug2026 12:15:10.340] [modloading-worker-0/DEBUG] [mixin/]: Mixing compatibility.create.ejector.EjectorBlockEntityMixin from sable-neoforge.mixins.json into com.simibubi.create.content.logistics.depot.EjectorBlockEntity
[06Aug2026 12:15:10.347] [modloading-worker-0/DEBUG] [mixin/]: sable-neoforge.mixins.json:compatibility.create.ejector.EjectorBlockEntityMixin from mod sable->@Inject::sable$launchSubLevels(Lorg/spongepowered/asm/mixin/injection/callback/CallbackInfo;)V doesn't use it's CallbackInfo
[06Aug2026 12:15:10.347] [modloading-worker-0/DEBUG] [mixin/]: sable-neoforge.mixins.json:compatibility.create.ejector.EjectorBlockEntityMixin from mod sable->@Inject::sable$launchSubLevels(Lorg/spongepowered/asm/mixin/injection/callback/CallbackInfo;)V has 0 override(s) in child classes
[06Aug2026 12:15:10.347] [modloading-worker-0/DEBUG] [mixin/]: sable-neoforge.mixins.json:compatibility.create.ejector.EjectorBlockEntityMixin from mod sable->@Inject::sable$launchSubLevels(Lorg/spongepowered/asm/mixin/injection/callback/CallbackInfo;)V won't be passed a CallbackInfo as a result
[06Aug2026 12:15:10.347] [modloading-worker-0/DEBUG] [mixin/]: sable-neoforge.mixins.json:compatibility.create.ejector.EjectorBlockEntityMixin from mod sable->@Inject::sable$tick(Lorg/spongepowered/asm/mixin/injection/callback/CallbackInfo;)V doesn't use it's CallbackInfo
[06Aug2026 12:15:10.347] [modloading-worker-0/DEBUG] [mixin/]: sable-neoforge.mixins.json:compatibility.create.ejector.EjectorBlockEntityMixin from mod sable->@Inject::sable$tick(Lorg/spongepowered/asm/mixin/injection/callback/CallbackInfo;)V has 0 override(s) in child classes
[06Aug2026 12:15:10.347] [modloading-worker-0/DEBUG] [mixin/]: sable-neoforge.mixins.json:compatibility.create.ejector.EjectorBlockEntityMixin from mod sable->@Inject::sable$tick(Lorg/spongepowered/asm/mixin/injection/callback/CallbackInfo;)V won't be passed a CallbackInfo as a result
[06Aug2026 12:15:10.354] [modloading-worker-0/DEBUG] [mixin/]: Mixing compatibility.create.lectern_controller.LecternControllerBlockEntityMixin from sable-neoforge.mixins.json into com.simibubi.create.content.redstone.link.controller.LecternControllerBlockEntity
[06Aug2026 12:15:10.356] [modloading-worker-0/DEBUG] [mixin/]: sable-neoforge.mixins.json:compatibility.create.lectern_controller.LecternControllerBlockEntityMixin from mod sable->@Inject::sable$dropController(Lnet/minecraft/world/level/block/state/BlockState;Lorg/spongepowered/asm/mixin/injection/callback/CallbackInfo;)V does use it's CallbackInfo
[06Aug2026 12:15:10.391] [modloading-worker-0/DEBUG] [mixin/]: Mixing compatibility.create.schematics.SchematicPlacePacketMixin from sable-neoforge.mixins.json into com.simibubi.create.content.schematics.packet.SchematicPlacePacket
[06Aug2026 12:15:10.392] [modloading-worker-0/DEBUG] [mixin/]: Renaming synthetic method lambda$sable$handle$3(Lnet/createmod/catnip/levelWrappers/SchematicLevel;Lnet/minecraft/world/level/Level;Lnet/minecraft/core/BlockPos;Lnet/minecraft/core/BlockPos;)V to mdb5b860$sable$lambda$sable$handle$3$0 in sable-neoforge.mixins.json:compatibility.create.schematics.SchematicPlacePacketMixin from mod sable
[06Aug2026 12:15:10.392] [modloading-worker-0/DEBUG] [mixin/]: Renaming synthetic method lambda$sable$handle$2(Ldev/ryanhcode/sable/sublevel/SubLevel;Ljava/lang/Object;)Lnet/minecraft/core/BlockPos; to mdb5b860$sable$lambda$sable$handle$2$1 in sable-neoforge.mixins.json:compatibility.create.schematics.SchematicPlacePacketMixin from mod sable
[06Aug2026 12:15:10.392] [modloading-worker-0/DEBUG] [mixin/]: Renaming synthetic method lambda$sable$handle$1(Lnet/minecraft/core/BlockPos;Ljava/lang/Object;)Lnet/minecraft/core/BlockPos; to mdb5b860$sable$lambda$sable$handle$1$2 in sable-neoforge.mixins.json:compatibility.create.schematics.SchematicPlacePacketMixin from mod sable
[06Aug2026 12:15:10.392] [modloading-worker-0/DEBUG] [mixin/]: Renaming synthetic method lambda$sable$handle$0(Lcom/simibubi/create/content/contraptions/StructureTransform;Ljava/lang/Object;)Lnet/minecraft/core/BlockPos; to mdb5b860$sable$lambda$sable$handle$0$3 in sable-neoforge.mixins.json:compatibility.create.schematics.SchematicPlacePacketMixin from mod sable
[06Aug2026 12:15:10.400] [modloading-worker-0/DEBUG] [mixin/]: sable-neoforge.mixins.json:compatibility.create.schematics.SchematicPlacePacketMixin from mod sable->@Inject::sable$preHandle(Lnet/minecraft/server/level/ServerPlayer;Lorg/spongepowered/asm/mixin/injection/callback/CallbackInfo;)V does use it's CallbackInfo
[06Aug2026 12:15:10.401] [modloading-worker-0/DEBUG] [mixin/]: sable-neoforge.mixins.json:compatibility.create.schematics.SchematicPlacePacketMixin from mod sable->@Inject::sable$handle(Lnet/minecraft/server/level/ServerPlayer;Lorg/spongepowered/asm/mixin/injection/callback/CallbackInfo;)V doesn't use it's CallbackInfo
[06Aug2026 12:15:10.401] [modloading-worker-0/DEBUG] [mixin/]: sable-neoforge.mixins.json:compatibility.create.schematics.SchematicPlacePacketMixin from mod sable->@Inject::sable$postHandle(Lnet/minecraft/server/level/ServerPlayer;Lorg/spongepowered/asm/mixin/injection/callback/CallbackInfo;)V doesn't use it's CallbackInfo
[06Aug2026 12:15:10.408] [modloading-worker-0/DEBUG] [mixin/]: Mixing compatibility.create.frogports.PackagePortPlacementPacketMixin from sable-neoforge.mixins.json into com.simibubi.create.content.logistics.packagePort.PackagePortPlacementPacket
[06Aug2026 12:15:10.462] [modloading-worker-0/DEBUG] [mixin/]: Mixing compatibility.create.tracks.CurvedTrackDestroyPacketMixin from sable-neoforge.mixins.json into com.simibubi.create.content.trains.track.CurvedTrackDestroyPacket
[06Aug2026 12:15:10.465] [modloading-worker-0/DEBUG] [mixin/]: Mixing compatibility.create.super_glue.SuperGlueRemovalPacketMixin from sable-neoforge.mixins.json into com.simibubi.create.content.contraptions.glue.SuperGlueRemovalPacket
[06Aug2026 12:15:10.480] [modloading-worker-0/DEBUG] [mixin/]: Mixing compatibility.create.frogports.ChainPackageInteractionPacketMixin from sable-neoforge.mixins.json into com.simibubi.create.content.kinetics.chainConveyor.ChainPackageInteractionPacket
[06Aug2026 12:15:10.482] [modloading-worker-0/DEBUG] [mixin/]: sable-neoforge.mixins.json:compatibility.create.frogports.ChainPackageInteractionPacketMixin from mod sable->@Inject::sable$initialiseLoopingWorldPosition(Lnet/minecraft/server/level/ServerPlayer;Lcom/simibubi/create/content/kinetics/chainConveyor/ChainConveyorBlockEntity;Lorg/spongepowered/asm/mixin/injection/callback/CallbackInfo;)V doesn't use it's CallbackInfo
[06Aug2026 12:15:10.482] [modloading-worker-0/DEBUG] [mixin/]: sable-neoforge.mixins.json:compatibility.create.frogports.ChainPackageInteractionPacketMixin from mod sable->@Inject::sable$initialiseLoopingWorldPosition(Lnet/minecraft/server/level/ServerPlayer;Lcom/simibubi/create/content/kinetics/chainConveyor/ChainConveyorBlockEntity;Lorg/spongepowered/asm/mixin/injection/callback/CallbackInfo;)V has 0 override(s) in child classes
[06Aug2026 12:15:10.482] [modloading-worker-0/DEBUG] [mixin/]: sable-neoforge.mixins.json:compatibility.create.frogports.ChainPackageInteractionPacketMixin from mod sable->@Inject::sable$initialiseLoopingWorldPosition(Lnet/minecraft/server/level/ServerPlayer;Lcom/simibubi/create/content/kinetics/chainConveyor/ChainConveyorBlockEntity;Lorg/spongepowered/asm/mixin/injection/callback/CallbackInfo;)V won't be passed a CallbackInfo as a result
[06Aug2026 12:15:10.482] [modloading-worker-0/DEBUG] [mixin/]: sable-neoforge.mixins.json:compatibility.create.frogports.ChainPackageInteractionPacketMixin from mod sable->@Inject::sable$initialiseTravellingWorldPosition(Lnet/minecraft/server/level/ServerPlayer;Lcom/simibubi/create/content/kinetics/chainConveyor/ChainConveyorBlockEntity;Lorg/spongepowered/asm/mixin/injection/callback/CallbackInfo;)V doesn't use it's CallbackInfo
[06Aug2026 12:15:10.482] [modloading-worker-0/DEBUG] [mixin/]: sable-neoforge.mixins.json:compatibility.create.frogports.ChainPackageInteractionPacketMixin from mod sable->@Inject::sable$initialiseTravellingWorldPosition(Lnet/minecraft/server/level/ServerPlayer;Lcom/simibubi/create/content/kinetics/chainConveyor/ChainConveyorBlockEntity;Lorg/spongepowered/asm/mixin/injection/callback/CallbackInfo;)V has 0 override(s) in child classes
[06Aug2026 12:15:10.482] [modloading-worker-0/DEBUG] [mixin/]: sable-neoforge.mixins.json:compatibility.create.frogports.ChainPackageInteractionPacketMixin from mod sable->@Inject::sable$initialiseTravellingWorldPosition(Lnet/minecraft/server/level/ServerPlayer;Lcom/simibubi/create/content/kinetics/chainConveyor/ChainConveyorBlockEntity;Lorg/spongepowered/asm/mixin/injection/callback/CallbackInfo;)V won't be passed a CallbackInfo as a result
[06Aug2026 12:15:10.509] [modloading-worker-0/DEBUG] [mixin/]: Mixing MountedStorageAccessor from offroad.mixins.json into com.simibubi.create.content.contraptions.MountedStorageManager
[06Aug2026 12:15:10.509] [modloading-worker-0/DEBUG] [mixin/]: offroad.mixins.json:MountedStorageAccessor from mod offroad: Class version 65 required is higher than the class version supported by the current version of Mixin (JAVA_18 supports class version 62)
[06Aug2026 12:15:10.534] [modloading-worker-0/DEBUG] [mixin/]: Mixing compatibility.create.tracks.TrackPlacementMixin from sable-neoforge.mixins.json into com.simibubi.create.content.trains.track.TrackPlacement
[06Aug2026 12:15:10.570] [modloading-worker-0/DEBUG] [net.neoforged.fml.config.ConfigTracker/CONFIG]: Config file create-common.toml for create tracking
[06Aug2026 12:15:10.570] [modloading-worker-0/DEBUG] [net.neoforged.fml.config.ConfigTracker/CONFIG]: Config file create-client.toml for create tracking
[06Aug2026 12:15:10.570] [modloading-worker-0/DEBUG] [net.neoforged.fml.config.ConfigTracker/CONFIG]: Config file create-server.toml for create tracking
[06Aug2026 12:15:10.585] [modloading-worker-0/DEBUG] [mixin/]: Mixing compatibility.create.schematics.SchematicHandlerMixin from sable-neoforge.mixins.json into com.simibubi.create.content.schematics.client.SchematicHandler
[06Aug2026 12:15:10.595] [modloading-worker-0/DEBUG] [mixin/]: Mixing compatibility.create.schematics.SchematicLevelMixin from sable-neoforge.mixins.json into net.createmod.catnip.levelWrappers.SchematicLevel
[06Aug2026 12:15:10.599] [modloading-worker-0/DEBUG] [mixin/]: Mixing compatibility.create.schematics.SchematicRendererMixin from sable-neoforge.mixins.json into com.simibubi.create.content.schematics.client.SchematicRenderer
[06Aug2026 12:15:10.605] [modloading-worker-0/DEBUG] [mixin/]: sable-neoforge.mixins.json:compatibility.create.schematics.SchematicRendererMixin from mod sable->@Inject::sable$drawLayer(Lnet/minecraft/client/renderer/RenderType;Lorg/spongepowered/asm/mixin/injection/callback/CallbackInfoReturnable;)V doesn't use it's CallbackInfoReturnable
[06Aug2026 12:15:10.605] [modloading-worker-0/DEBUG] [mixin/]: sable-neoforge.mixins.json:compatibility.create.schematics.SchematicRendererMixin from mod sable->@Inject::sable$drawLayer(Lnet/minecraft/client/renderer/RenderType;Lorg/spongepowered/asm/mixin/injection/callback/CallbackInfoReturnable;)V has 0 override(s) in child classes
[06Aug2026 12:15:10.605] [modloading-worker-0/DEBUG] [mixin/]: sable-neoforge.mixins.json:compatibility.create.schematics.SchematicRendererMixin from mod sable->@Inject::sable$drawLayer(Lnet/minecraft/client/renderer/RenderType;Lorg/spongepowered/asm/mixin/injection/callback/CallbackInfoReturnable;)V won't be passed a CallbackInfoReturnable as a result
[06Aug2026 12:15:10.606] [modloading-worker-0/DEBUG] [mixin/]: Mixing compatibility.create.schematics.DeployToolMixin from sable-neoforge.mixins.json into com.simibubi.create.content.schematics.client.tools.DeployTool
[06Aug2026 12:15:10.609] [modloading-worker-0/DEBUG] [mixin/]: Mixing compatibility.create.schematics.SchematicToolBaseMixin from sable-neoforge.mixins.json into com.simibubi.create.content.schematics.client.tools.SchematicToolBase
[06Aug2026 12:15:10.612] [modloading-worker-0/DEBUG] [mixin/]: sable-neoforge.mixins.json:compatibility.create.schematics.SchematicToolBaseMixin from mod sable->@Inject::sable$forceUpdateSelection(Lorg/spongepowered/asm/mixin/injection/callback/CallbackInfo;)V doesn't use it's CallbackInfo
[06Aug2026 12:15:10.612] [modloading-worker-0/DEBUG] [mixin/]: sable-neoforge.mixins.json:compatibility.create.schematics.SchematicToolBaseMixin from mod sable->@Inject::sable$forceUpdateSelection(Lorg/spongepowered/asm/mixin/injection/callback/CallbackInfo;)V has 0 override(s) in child classes
[06Aug2026 12:15:10.612] [modloading-worker-0/DEBUG] [mixin/]: sable-neoforge.mixins.json:compatibility.create.schematics.SchematicToolBaseMixin from mod sable->@Inject::sable$forceUpdateSelection(Lorg/spongepowered/asm/mixin/injection/callback/CallbackInfo;)V won't be passed a CallbackInfo as a result
[06Aug2026 12:15:10.614] [modloading-worker-0/DEBUG] [mixin/]: Mixing compatibility.create.render_fixes.LineOutlineMixin from sable-neoforge.mixins.json into net.createmod.catnip.outliner.LineOutline
[06Aug2026 12:15:10.617] [modloading-worker-0/DEBUG] [mixin/]: Mixing compatibility.create.render_fixes.OutlineMixin from sable-neoforge.mixins.json into net.createmod.catnip.outliner.Outline
[06Aug2026 12:15:10.618] [modloading-worker-0/DEBUG] [mixin/]: Mixing compatibility.create.render_fixes.AABBOutlineMixin from sable-neoforge.mixins.json into net.createmod.catnip.outliner.AABBOutline
[06Aug2026 12:15:10.620] [modloading-worker-0/DEBUG] [mixin/]: sable-neoforge.mixins.json:compatibility.create.render_fixes.AABBOutlineMixin from mod sable->@Inject::sable$pushPose(Lcom/mojang/blaze3d/vertex/PoseStack;Lnet/createmod/catnip/render/SuperRenderTypeBuffer;Lnet/minecraft/world/phys/Vec3;FLorg/spongepowered/asm/mixin/injection/callback/CallbackInfo;)V doesn't use it's CallbackInfo
[06Aug2026 12:15:10.620] [modloading-worker-0/DEBUG] [mixin/]: sable-neoforge.mixins.json:compatibility.create.render_fixes.AABBOutlineMixin from mod sable->@Inject::sable$pushPose(Lcom/mojang/blaze3d/vertex/PoseStack;Lnet/createmod/catnip/render/SuperRenderTypeBuffer;Lnet/minecraft/world/phys/Vec3;FLorg/spongepowered/asm/mixin/injection/callback/CallbackInfo;)V has 0 override(s) in child classes
[06Aug2026 12:15:10.620] [modloading-worker-0/DEBUG] [mixin/]: sable-neoforge.mixins.json:compatibility.create.render_fixes.AABBOutlineMixin from mod sable->@Inject::sable$pushPose(Lcom/mojang/blaze3d/vertex/PoseStack;Lnet/createmod/catnip/render/SuperRenderTypeBuffer;Lnet/minecraft/world/phys/Vec3;FLorg/spongepowered/asm/mixin/injection/callback/CallbackInfo;)V won't be passed a CallbackInfo as a result
[06Aug2026 12:15:10.620] [modloading-worker-0/DEBUG] [mixin/]: sable-neoforge.mixins.json:compatibility.create.render_fixes.AABBOutlineMixin from mod sable->@Inject::sable$popPose(Lcom/mojang/blaze3d/vertex/PoseStack;Lnet/createmod/catnip/render/SuperRenderTypeBuffer;Lnet/minecraft/world/phys/Vec3;FLorg/spongepowered/asm/mixin/injection/callback/CallbackInfo;)V doesn't use it's CallbackInfo
[06Aug2026 12:15:10.620] [modloading-worker-0/DEBUG] [mixin/]: sable-neoforge.mixins.json:compatibility.create.render_fixes.AABBOutlineMixin from mod sable->@Inject::sable$popPose(Lcom/mojang/blaze3d/vertex/PoseStack;Lnet/createmod/catnip/render/SuperRenderTypeBuffer;Lnet/minecraft/world/phys/Vec3;FLorg/spongepowered/asm/mixin/injection/callback/CallbackInfo;)V has 0 override(s) in child classes
[06Aug2026 12:15:10.620] [modloading-worker-0/DEBUG] [mixin/]: sable-neoforge.mixins.json:compatibility.create.render_fixes.AABBOutlineMixin from mod sable->@Inject::sable$popPose(Lcom/mojang/blaze3d/vertex/PoseStack;Lnet/createmod/catnip/render/SuperRenderTypeBuffer;Lnet/minecraft/world/phys/Vec3;FLorg/spongepowered/asm/mixin/injection/callback/CallbackInfo;)V won't be passed a CallbackInfo as a result
[06Aug2026 12:15:10.624] [modloading-worker-0/DEBUG] [mixin/]: Mixing compatibility.create.schematics.SchematicTransformMixin from sable-neoforge.mixins.json into com.simibubi.create.content.schematics.client.SchematicTransformation
[06Aug2026 12:15:10.629] [modloading-worker-0/DEBUG] [mixin/]: Mixing compatibility.create.schematics.SchematicAndQuillHandlerMixin from sable-neoforge.mixins.json into com.simibubi.create.content.schematics.client.SchematicAndQuillHandler
[06Aug2026 12:15:10.633] [modloading-worker-0/DEBUG] [mixin/]: sable-neoforge.mixins.json:compatibility.create.schematics.SchematicAndQuillHandlerMixin from mod sable->@Inject::sable$renderSubLevelBoxes(Lorg/spongepowered/asm/mixin/injection/callback/CallbackInfo;)V doesn't use it's CallbackInfo
[06Aug2026 12:15:10.633] [modloading-worker-0/DEBUG] [mixin/]: sable-neoforge.mixins.json:compatibility.create.schematics.SchematicAndQuillHandlerMixin from mod sable->@Inject::sable$renderSubLevelBoxes(Lorg/spongepowered/asm/mixin/injection/callback/CallbackInfo;)V has 0 override(s) in child classes
[06Aug2026 12:15:10.633] [modloading-worker-0/DEBUG] [mixin/]: sable-neoforge.mixins.json:compatibility.create.schematics.SchematicAndQuillHandlerMixin from mod sable->@Inject::sable$renderSubLevelBoxes(Lorg/spongepowered/asm/mixin/injection/callback/CallbackInfo;)V won't be passed a CallbackInfo as a result
[06Aug2026 12:15:10.635] [modloading-worker-0/DEBUG] [mixin/]: Mixing compatibility.create.super_glue.SuperGlueSelectionHandlerMixin from sable-neoforge.mixins.json into com.simibubi.create.content.contraptions.glue.SuperGlueSelectionHandler
[06Aug2026 12:15:10.650] [modloading-worker-0/DEBUG] [net.neoforged.fml.javafmlmod.AutomaticEventSubscriber/LOADING]: Attempting to inject @EventBusSubscriber classes into the eventbus for create
[06Aug2026 12:15:10.650] [modloading-worker-0/DEBUG] [net.neoforged.fml.javafmlmod.AutomaticEventSubscriber/LOADING]: Scanning class com.simibubi.create.compat.trainmap.TrainMapEvents for @SubscribeEvent-annotated methods
[06Aug2026 12:15:10.651] [modloading-worker-0/DEBUG] [net.neoforged.fml.javafmlmod.AutomaticEventSubscriber/]: Subscribing @EventBusSubscriber class Lcom/simibubi/create/compat/trainmap/TrainMapEvents; to the game event bus
[06Aug2026 12:15:10.651] [modloading-worker-0/DEBUG] [net.neoforged.fml.javafmlmod.AutomaticEventSubscriber/LOADING]: Scanning class com.simibubi.create.infrastructure.config.AllConfigs for @SubscribeEvent-annotated methods
[06Aug2026 12:15:10.651] [modloading-worker-0/DEBUG] [net.neoforged.fml.javafmlmod.AutomaticEventSubscriber/]: Subscribing @EventBusSubscriber class Lcom/simibubi/create/infrastructure/config/AllConfigs; to the mod event bus of mod create
[06Aug2026 12:15:10.652] [modloading-worker-0/DEBUG] [net.neoforged.fml.javafmlmod.AutomaticEventSubscriber/LOADING]: Scanning class com.simibubi.create.infrastructure.gui.OpenCreateMenuButton$OpenConfigButtonHandler for @SubscribeEvent-annotated methods
[06Aug2026 12:15:10.652] [modloading-worker-0/DEBUG] [net.neoforged.fml.javafmlmod.AutomaticEventSubscriber/]: Subscribing @EventBusSubscriber class Lcom/simibubi/create/infrastructure/gui/OpenCreateMenuButton$OpenConfigButtonHandler; to the game event bus
[06Aug2026 12:15:10.652] [modloading-worker-0/DEBUG] [net.neoforged.fml.javafmlmod.AutomaticEventSubscriber/LOADING]: Scanning class com.simibubi.create.infrastructure.RemapHelper for @SubscribeEvent-annotated methods
[06Aug2026 12:15:10.654] [modloading-worker-0/DEBUG] [net.neoforged.fml.javafmlmod.AutomaticEventSubscriber/]: Subscribing @EventBusSubscriber class Lcom/simibubi/create/infrastructure/RemapHelper; to the mod event bus of mod create
[06Aug2026 12:15:10.654] [modloading-worker-0/DEBUG] [net.neoforged.fml.javafmlmod.AutomaticEventSubscriber/LOADING]: Scanning class com.simibubi.create.infrastructure.gametest.CreateGameTests for @SubscribeEvent-annotated methods
[06Aug2026 12:15:10.660] [modloading-worker-0/DEBUG] [net.neoforged.fml.javafmlmod.AutomaticEventSubscriber/]: Subscribing @EventBusSubscriber class Lcom/simibubi/create/infrastructure/gametest/CreateGameTests; to the mod event bus of mod create
[06Aug2026 12:15:10.660] [modloading-worker-0/DEBUG] [net.neoforged.fml.javafmlmod.AutomaticEventSubscriber/LOADING]: Scanning class com.simibubi.create.foundation.block.ItemUseOverrides for @SubscribeEvent-annotated methods
[06Aug2026 12:15:10.660] [modloading-worker-0/DEBUG] [net.neoforged.fml.javafmlmod.AutomaticEventSubscriber/]: Subscribing @EventBusSubscriber class Lcom/simibubi/create/foundation/block/ItemUseOverrides; to the game event bus
[06Aug2026 12:15:10.661] [modloading-worker-0/DEBUG] [net.neoforged.fml.javafmlmod.AutomaticEventSubscriber/LOADING]: Scanning class com.simibubi.create.foundation.blockEntity.behaviour.ValueSettingsInputHandler for @SubscribeEvent-annotated methods
[06Aug2026 12:15:10.661] [modloading-worker-0/DEBUG] [net.neoforged.fml.javafmlmod.AutomaticEventSubscriber/]: Subscribing @EventBusSubscriber class Lcom/simibubi/create/foundation/blockEntity/behaviour/ValueSettingsInputHandler; to the game event bus
[06Aug2026 12:15:10.662] [modloading-worker-0/DEBUG] [net.neoforged.fml.javafmlmod.AutomaticEventSubscriber/LOADING]: Scanning class com.simibubi.create.foundation.blockEntity.behaviour.edgeInteraction.EdgeInteractionHandler for @SubscribeEvent-annotated methods
[06Aug2026 12:15:10.662] [modloading-worker-0/DEBUG] [net.neoforged.fml.javafmlmod.AutomaticEventSubscriber/]: Subscribing @EventBusSubscriber class Lcom/simibubi/create/foundation/blockEntity/behaviour/edgeInteraction/EdgeInteractionHandler; to the game event bus
[06Aug2026 12:15:10.662] [modloading-worker-0/DEBUG] [net.neoforged.fml.javafmlmod.AutomaticEventSubscriber/LOADING]: Scanning class com.simibubi.create.foundation.render.RenderTypes$Shaders for @SubscribeEvent-annotated methods
[06Aug2026 12:15:10.663] [modloading-worker-0/DEBUG] [net.neoforged.fml.javafmlmod.AutomaticEventSubscriber/]: Subscribing @EventBusSubscriber class Lcom/simibubi/create/foundation/render/RenderTypes$Shaders; to the mod event bus of mod create
[06Aug2026 12:15:10.663] [modloading-worker-0/DEBUG] [net.neoforged.fml.javafmlmod.AutomaticEventSubscriber/LOADING]: Scanning class com.simibubi.create.foundation.events.InputEvents for @SubscribeEvent-annotated methods
[06Aug2026 12:15:10.664] [modloading-worker-0/DEBUG] [net.neoforged.fml.javafmlmod.AutomaticEventSubscriber/]: Subscribing @EventBusSubscriber class Lcom/simibubi/create/foundation/events/InputEvents; to the game event bus
[06Aug2026 12:15:10.664] [modloading-worker-0/DEBUG] [net.neoforged.fml.javafmlmod.AutomaticEventSubscriber/LOADING]: Scanning class com.simibubi.create.foundation.events.ClientEvents for @SubscribeEvent-annotated methods
[06Aug2026 12:15:10.666] [modloading-worker-0/DEBUG] [net.neoforged.fml.javafmlmod.AutomaticEventSubscriber/LOADING]: Found mix of game bus and mod bus listeners in @EventBusSubscriber class Lcom/simibubi/create/foundation/events/ClientEvents;, registering them separately
[06Aug2026 12:15:10.666] [modloading-worker-0/DEBUG] [net.neoforged.fml.javafmlmod.AutomaticEventSubscriber/LOADING]: Subscribing method public static void com.simibubi.create.foundation.events.ClientEvents.registerClientReloadListeners(net.neoforged.neoforge.client.event.RegisterClientReloadListenersEvent) to the event bus of mod create
[06Aug2026 12:15:10.667] [modloading-worker-0/DEBUG] [net.neoforged.fml.javafmlmod.AutomaticEventSubscriber/LOADING]: Subscribing method public static void com.simibubi.create.foundation.events.ClientEvents.addEntityRendererLayers(net.neoforged.neoforge.client.event.EntityRenderersEvent$AddLayers) to the event bus of mod create
[06Aug2026 12:15:10.667] [modloading-worker-0/DEBUG] [net.neoforged.fml.javafmlmod.AutomaticEventSubscriber/LOADING]: Subscribing method public static void com.simibubi.create.foundation.events.ClientEvents.registerGuiOverlays(net.neoforged.neoforge.client.event.RegisterGuiLayersEvent) to the event bus of mod create
[06Aug2026 12:15:10.667] [modloading-worker-0/DEBUG] [net.neoforged.fml.javafmlmod.AutomaticEventSubscriber/LOADING]: Subscribing method public static void com.simibubi.create.foundation.events.ClientEvents.registerItemDecorations(net.neoforged.neoforge.client.event.RegisterItemDecorationsEvent) to the event bus of mod create
[06Aug2026 12:15:10.667] [modloading-worker-0/DEBUG] [net.neoforged.fml.javafmlmod.AutomaticEventSubscriber/LOADING]: Subscribing method public static void com.simibubi.create.foundation.events.ClientEvents.onLoadComplete(net.neoforged.fml.event.lifecycle.FMLLoadCompleteEvent) to the event bus of mod create
[06Aug2026 12:15:10.667] [modloading-worker-0/DEBUG] [net.neoforged.fml.javafmlmod.AutomaticEventSubscriber/LOADING]: Subscribing method public static void com.simibubi.create.foundation.events.ClientEvents.onLoadWorld(net.neoforged.neoforge.event.level.LevelEvent$Load) to the game event bus
[06Aug2026 12:15:10.667] [modloading-worker-0/DEBUG] [net.neoforged.fml.javafmlmod.AutomaticEventSubscriber/LOADING]: Subscribing method public static void com.simibubi.create.foundation.events.ClientEvents.onUnloadWorld(net.neoforged.neoforge.event.level.LevelEvent$Unload) to the game event bus
[06Aug2026 12:15:10.667] [modloading-worker-0/DEBUG] [net.neoforged.fml.javafmlmod.AutomaticEventSubscriber/LOADING]: Subscribing method public static void com.simibubi.create.foundation.events.ClientEvents.onTickPre(net.neoforged.neoforge.client.event.ClientTickEvent$Pre) to the game event bus
[06Aug2026 12:15:10.668] [modloading-worker-0/DEBUG] [net.neoforged.fml.javafmlmod.AutomaticEventSubscriber/LOADING]: Subscribing method public static void com.simibubi.create.foundation.events.ClientEvents.onRenderWorld(net.neoforged.neoforge.client.event.RenderLevelStageEvent) to the game event bus
[06Aug2026 12:15:10.668] [modloading-worker-0/DEBUG] [net.neoforged.fml.javafmlmod.AutomaticEventSubscriber/LOADING]: Subscribing method public static void com.simibubi.create.foundation.events.ClientEvents.leftClickEmpty(net.neoforged.neoforge.event.entity.player.PlayerInteractEvent$LeftClickEmpty) to the game event bus
[06Aug2026 12:15:10.668] [modloading-worker-0/DEBUG] [net.neoforged.fml.javafmlmod.AutomaticEventSubscriber/LOADING]: Subscribing method public static void com.simibubi.create.foundation.events.ClientEvents.onTickPost(net.neoforged.neoforge.client.event.ClientTickEvent$Post) to the game event bus
[06Aug2026 12:15:10.668] [modloading-worker-0/DEBUG] [net.neoforged.fml.javafmlmod.AutomaticEventSubscriber/LOADING]: Subscribing method public static void com.simibubi.create.foundation.events.ClientEvents.onJoin(net.neoforged.neoforge.client.event.ClientPlayerNetworkEvent$LoggingIn) to the game event bus
[06Aug2026 12:15:10.668] [modloading-worker-0/DEBUG] [net.neoforged.fml.javafmlmod.AutomaticEventSubscriber/LOADING]: Subscribing method public static void com.simibubi.create.foundation.events.ClientEvents.onLeave(net.neoforged.neoforge.client.event.ClientPlayerNetworkEvent$LoggingOut) to the game event bus
[06Aug2026 12:15:10.668] [modloading-worker-0/DEBUG] [net.neoforged.fml.javafmlmod.AutomaticEventSubscriber/LOADING]: Subscribing method public static void com.simibubi.create.foundation.events.ClientEvents.onCameraSetup(net.neoforged.neoforge.client.event.ViewportEvent$ComputeCameraAngles) to the game event bus
[06Aug2026 12:15:10.669] [modloading-worker-0/DEBUG] [net.neoforged.fml.javafmlmod.AutomaticEventSubscriber/LOADING]: Subscribing method public static void com.simibubi.create.foundation.events.ClientEvents.addToItemTooltip(net.neoforged.neoforge.event.entity.player.ItemTooltipEvent) to the game event bus
[06Aug2026 12:15:10.669] [modloading-worker-0/DEBUG] [net.neoforged.fml.javafmlmod.AutomaticEventSubscriber/LOADING]: Subscribing method public static void com.simibubi.create.foundation.events.ClientEvents.onRenderFrame(net.neoforged.neoforge.client.event.RenderFrameEvent$Pre) to the game event bus
[06Aug2026 12:15:10.669] [modloading-worker-0/DEBUG] [net.neoforged.fml.javafmlmod.AutomaticEventSubscriber/LOADING]: Subscribing method public static void com.simibubi.create.foundation.events.ClientEvents.onMount(net.neoforged.neoforge.event.entity.EntityMountEvent) to the game event bus
[06Aug2026 12:15:10.669] [modloading-worker-0/DEBUG] [net.neoforged.fml.javafmlmod.AutomaticEventSubscriber/LOADING]: Subscribing method public static void com.simibubi.create.foundation.events.ClientEvents.getFogDensity(net.neoforged.neoforge.client.event.ViewportEvent$RenderFog) to the game event bus
[06Aug2026 12:15:10.669] [modloading-worker-0/DEBUG] [net.neoforged.fml.javafmlmod.AutomaticEventSubscriber/LOADING]: Subscribing method public static void com.simibubi.create.foundation.events.ClientEvents.registerClientCommands(net.neoforged.neoforge.client.event.RegisterClientCommandsEvent) to the game event bus
[06Aug2026 12:15:10.669] [modloading-worker-0/DEBUG] [net.neoforged.fml.javafmlmod.AutomaticEventSubscriber/LOADING]: Scanning class com.simibubi.create.foundation.events.CommonEvents$ModBusEvents for @SubscribeEvent-annotated methods
[06Aug2026 12:15:10.671] [modloading-worker-0/DEBUG] [net.neoforged.fml.javafmlmod.AutomaticEventSubscriber/]: Subscribing @EventBusSubscriber class Lcom/simibubi/create/foundation/events/CommonEvents$ModBusEvents; to the mod event bus of mod create
[06Aug2026 12:15:10.671] [modloading-worker-0/DEBUG] [net.neoforged.fml.javafmlmod.AutomaticEventSubscriber/LOADING]: Scanning class com.simibubi.create.foundation.events.CommonEvents for @SubscribeEvent-annotated methods
[06Aug2026 12:15:10.672] [modloading-worker-0/DEBUG] [net.neoforged.fml.javafmlmod.AutomaticEventSubscriber/]: Subscribing @EventBusSubscriber class Lcom/simibubi/create/foundation/events/CommonEvents; to the game event bus
[06Aug2026 12:15:10.674] [modloading-worker-0/DEBUG] [net.neoforged.fml.javafmlmod.AutomaticEventSubscriber/LOADING]: Scanning class com.simibubi.create.content.contraptions.glue.SuperGlueHandler for @SubscribeEvent-annotated methods
[06Aug2026 12:15:10.674] [modloading-worker-0/DEBUG] [net.neoforged.fml.javafmlmod.AutomaticEventSubscriber/]: Subscribing @EventBusSubscriber class Lcom/simibubi/create/content/contraptions/glue/SuperGlueHandler; to the game event bus
[06Aug2026 12:15:10.675] [modloading-worker-0/DEBUG] [net.neoforged.fml.javafmlmod.AutomaticEventSubscriber/LOADING]: Scanning class com.simibubi.create.content.contraptions.glue.SuperGlueItem for @SubscribeEvent-annotated methods
[06Aug2026 12:15:10.676] [modloading-worker-0/DEBUG] [net.neoforged.fml.javafmlmod.AutomaticEventSubscriber/]: Subscribing @EventBusSubscriber class Lcom/simibubi/create/content/contraptions/glue/SuperGlueItem; to the game event bus
[06Aug2026 12:15:10.679] [modloading-worker-0/DEBUG] [net.neoforged.fml.javafmlmod.AutomaticEventSubscriber/LOADING]: Scanning class com.simibubi.create.content.contraptions.ContraptionHandlerClient for @SubscribeEvent-annotated methods
[06Aug2026 12:15:10.680] [modloading-worker-0/DEBUG] [mixin/]: Mixing compatibility.create.contraptions.ContraptionHandlerClientMixin from sable-neoforge.mixins.json into com.simibubi.create.content.contraptions.ContraptionHandlerClient
[06Aug2026 12:15:10.683] [modloading-worker-0/DEBUG] [net.neoforged.fml.javafmlmod.AutomaticEventSubscriber/]: Subscribing @EventBusSubscriber class Lcom/simibubi/create/content/contraptions/ContraptionHandlerClient; to the game event bus
[06Aug2026 12:15:10.683] [modloading-worker-0/DEBUG] [net.neoforged.fml.javafmlmod.AutomaticEventSubscriber/LOADING]: Scanning class com.simibubi.create.content.contraptions.minecart.CouplingHandler for @SubscribeEvent-annotated methods
[06Aug2026 12:15:10.686] [modloading-worker-0/DEBUG] [net.neoforged.fml.javafmlmod.AutomaticEventSubscriber/]: Subscribing @EventBusSubscriber class Lcom/simibubi/create/content/contraptions/minecart/CouplingHandler; to the game event bus
[06Aug2026 12:15:10.686] [modloading-worker-0/DEBUG] [net.neoforged.fml.javafmlmod.AutomaticEventSubscriber/LOADING]: Scanning class com.simibubi.create.content.contraptions.minecart.MinecartCouplingItem for @SubscribeEvent-annotated methods
[06Aug2026 12:15:10.686] [modloading-worker-0/DEBUG] [net.neoforged.fml.javafmlmod.AutomaticEventSubscriber/]: Subscribing @EventBusSubscriber class Lcom/simibubi/create/content/contraptions/minecart/MinecartCouplingItem; to the game event bus
[06Aug2026 12:15:10.686] [modloading-worker-0/DEBUG] [net.neoforged.fml.javafmlmod.AutomaticEventSubscriber/LOADING]: Scanning class com.simibubi.create.content.contraptions.mounted.MinecartContraptionItem for @SubscribeEvent-annotated methods
[06Aug2026 12:15:10.687] [modloading-worker-0/DEBUG] [net.neoforged.fml.javafmlmod.AutomaticEventSubscriber/]: Subscribing @EventBusSubscriber class Lcom/simibubi/create/content/contraptions/mounted/MinecartContraptionItem; to the game event bus
[06Aug2026 12:15:10.687] [modloading-worker-0/DEBUG] [net.neoforged.fml.javafmlmod.AutomaticEventSubscriber/LOADING]: Scanning class com.simibubi.create.content.fluids.FluidReactions for @SubscribeEvent-annotated methods
[06Aug2026 12:15:10.688] [modloading-worker-0/DEBUG] [net.neoforged.fml.javafmlmod.AutomaticEventSubscriber/]: Subscribing @EventBusSubscriber class Lcom/simibubi/create/content/fluids/FluidReactions; to the game event bus
[06Aug2026 12:15:10.688] [modloading-worker-0/DEBUG] [net.neoforged.fml.javafmlmod.AutomaticEventSubscriber/LOADING]: Scanning class com.simibubi.create.content.fluids.FluidBottleItemHook for @SubscribeEvent-annotated methods
[06Aug2026 12:15:10.689] [modloading-worker-0/DEBUG] [net.neoforged.fml.javafmlmod.AutomaticEventSubscriber/]: Subscribing @EventBusSubscriber class Lcom/simibubi/create/content/fluids/FluidBottleItemHook; to the game event bus
[06Aug2026 12:15:10.689] [modloading-worker-0/DEBUG] [net.neoforged.fml.javafmlmod.AutomaticEventSubscriber/LOADING]: Scanning class com.simibubi.create.content.trains.track.TrackBlockOutline for @SubscribeEvent-annotated methods
[06Aug2026 12:15:10.689] [modloading-worker-0/DEBUG] [mixin/]: Mixing compatibility.create.tracks.TrackBlockOutlineMixin from sable-neoforge.mixins.json into com.simibubi.create.content.trains.track.TrackBlockOutline
[06Aug2026 12:15:10.698] [modloading-worker-0/DEBUG] [mixin/]: sable-neoforge.mixins.json:compatibility.create.tracks.TrackBlockOutlineMixin from mod sable->@Inject::sable$findBlockEntitySubLevel(Lorg/spongepowered/asm/mixin/injection/callback/CallbackInfo;)V doesn't use it's CallbackInfo
[06Aug2026 12:15:10.705] [modloading-worker-0/DEBUG] [net.neoforged.fml.javafmlmod.AutomaticEventSubscriber/]: Subscribing @EventBusSubscriber class Lcom/simibubi/create/content/trains/track/TrackBlockOutline; to the game event bus
[06Aug2026 12:15:10.706] [modloading-worker-0/DEBUG] [net.neoforged.fml.javafmlmod.AutomaticEventSubscriber/LOADING]: Scanning class com.simibubi.create.content.trains.track.TrackBlockItem for @SubscribeEvent-annotated methods
[06Aug2026 12:15:10.706] [modloading-worker-0/DEBUG] [net.neoforged.fml.javafmlmod.AutomaticEventSubscriber/]: Subscribing @EventBusSubscriber class Lcom/simibubi/create/content/trains/track/TrackBlockItem; to the game event bus
[06Aug2026 12:15:10.706] [modloading-worker-0/DEBUG] [net.neoforged.fml.javafmlmod.AutomaticEventSubscriber/LOADING]: Scanning class com.simibubi.create.content.trains.schedule.ScheduleItemEntityInteraction for @SubscribeEvent-annotated methods
[06Aug2026 12:15:10.707] [modloading-worker-0/DEBUG] [net.neoforged.fml.javafmlmod.AutomaticEventSubscriber/]: Subscribing @EventBusSubscriber class Lcom/simibubi/create/content/trains/schedule/ScheduleItemEntityInteraction; to the game event bus
[06Aug2026 12:15:10.707] [modloading-worker-0/DEBUG] [net.neoforged.fml.javafmlmod.AutomaticEventSubscriber/LOADING]: Scanning class com.simibubi.create.content.logistics.box.PackageClientInteractionHandler for @SubscribeEvent-annotated methods
[06Aug2026 12:15:10.707] [modloading-worker-0/DEBUG] [net.neoforged.fml.javafmlmod.AutomaticEventSubscriber/]: Subscribing @EventBusSubscriber class Lcom/simibubi/create/content/logistics/box/PackageClientInteractionHandler; to the game event bus
[06Aug2026 12:15:10.707] [modloading-worker-0/DEBUG] [net.neoforged.fml.javafmlmod.AutomaticEventSubscriber/LOADING]: Scanning class com.simibubi.create.content.logistics.funnel.FunnelItem for @SubscribeEvent-annotated methods
[06Aug2026 12:15:10.707] [modloading-worker-0/DEBUG] [net.neoforged.fml.javafmlmod.AutomaticEventSubscriber/]: Subscribing @EventBusSubscriber class Lcom/simibubi/create/content/logistics/funnel/FunnelItem; to the game event bus
[06Aug2026 12:15:10.707] [modloading-worker-0/DEBUG] [net.neoforged.fml.javafmlmod.AutomaticEventSubscriber/LOADING]: Scanning class com.simibubi.create.content.logistics.itemHatch.ItemHatchHandler for @SubscribeEvent-annotated methods
[06Aug2026 12:15:10.708] [modloading-worker-0/DEBUG] [net.neoforged.fml.javafmlmod.AutomaticEventSubscriber/]: Subscribing @EventBusSubscriber class Lcom/simibubi/create/content/logistics/itemHatch/ItemHatchHandler; to the game event bus
[06Aug2026 12:15:10.708] [modloading-worker-0/DEBUG] [net.neoforged.fml.javafmlmod.AutomaticEventSubscriber/LOADING]: Scanning class com.simibubi.create.content.logistics.stockTicker.StockTickerInteractionHandler for @SubscribeEvent-annotated methods
[06Aug2026 12:15:10.708] [modloading-worker-0/DEBUG] [mixin/]: Mixing compatibility.create.stock_ticker.StockTickerInteractionHandlerMixin from sable-neoforge.mixins.json into com.simibubi.create.content.logistics.stockTicker.StockTickerInteractionHandler
[06Aug2026 12:15:10.710] [modloading-worker-0/DEBUG] [net.neoforged.fml.javafmlmod.AutomaticEventSubscriber/]: Subscribing @EventBusSubscriber class Lcom/simibubi/create/content/logistics/stockTicker/StockTickerInteractionHandler; to the game event bus
[06Aug2026 12:15:10.710] [modloading-worker-0/DEBUG] [net.neoforged.fml.javafmlmod.AutomaticEventSubscriber/LOADING]: Scanning class com.simibubi.create.content.logistics.depot.EjectorTargetHandler for @SubscribeEvent-annotated methods
[06Aug2026 12:15:10.711] [modloading-worker-0/DEBUG] [net.neoforged.fml.javafmlmod.AutomaticEventSubscriber/]: Subscribing @EventBusSubscriber class Lcom/simibubi/create/content/logistics/depot/EjectorTargetHandler; to the game event bus
[06Aug2026 12:15:10.712] [modloading-worker-0/DEBUG] [net.neoforged.fml.javafmlmod.AutomaticEventSubscriber/LOADING]: Scanning class com.simibubi.create.content.redstone.displayLink.ClickToLinkBlockItem for @SubscribeEvent-annotated methods
[06Aug2026 12:15:10.712] [modloading-worker-0/DEBUG] [net.neoforged.fml.javafmlmod.AutomaticEventSubscriber/]: Subscribing @EventBusSubscriber class Lcom/simibubi/create/content/redstone/displayLink/ClickToLinkBlockItem; to the game event bus
[06Aug2026 12:15:10.712] [modloading-worker-0/DEBUG] [net.neoforged.fml.javafmlmod.AutomaticEventSubscriber/LOADING]: Scanning class com.simibubi.create.content.redstone.link.LinkHandler for @SubscribeEvent-annotated methods
[06Aug2026 12:15:10.712] [modloading-worker-0/DEBUG] [net.neoforged.fml.javafmlmod.AutomaticEventSubscriber/]: Subscribing @EventBusSubscriber class Lcom/simibubi/create/content/redstone/link/LinkHandler; to the game event bus
[06Aug2026 12:15:10.713] [modloading-worker-0/DEBUG] [net.neoforged.fml.javafmlmod.AutomaticEventSubscriber/LOADING]: Scanning class com.simibubi.create.content.equipment.extendoGrip.ExtendoGripItem for @SubscribeEvent-annotated methods
[06Aug2026 12:15:10.713] [modloading-worker-0/DEBUG] [net.neoforged.fml.javafmlmod.AutomaticEventSubscriber/]: Subscribing @EventBusSubscriber class Lcom/simibubi/create/content/equipment/extendoGrip/ExtendoGripItem; to the game event bus
[06Aug2026 12:15:10.714] [modloading-worker-0/DEBUG] [net.neoforged.fml.javafmlmod.AutomaticEventSubscriber/LOADING]: Scanning class com.simibubi.create.content.equipment.extendoGrip.ExtendoGripRenderHandler for @SubscribeEvent-annotated methods
[06Aug2026 12:15:10.715] [modloading-worker-0/DEBUG] [mixin/]: Mixing handle.ExtendoGripRenderHandlerMixin from simulated.mixins.json into com.simibubi.create.content.equipment.extendoGrip.ExtendoGripRenderHandler
[06Aug2026 12:15:10.716] [modloading-worker-0/DEBUG] [mixin/]: simulated.mixins.json:handle.ExtendoGripRenderHandlerMixin from mod simulated->@Inject::handleAnimate(Lorg/spongepowered/asm/mixin/injection/callback/CallbackInfo;)V doesn't use it's CallbackInfo
[06Aug2026 12:15:10.716] [modloading-worker-0/DEBUG] [net.neoforged.fml.javafmlmod.AutomaticEventSubscriber/]: Subscribing @EventBusSubscriber class Lcom/simibubi/create/content/equipment/extendoGrip/ExtendoGripRenderHandler; to the game event bus
[06Aug2026 12:15:10.717] [modloading-worker-0/DEBUG] [net.neoforged.fml.javafmlmod.AutomaticEventSubscriber/LOADING]: Scanning class com.simibubi.create.content.equipment.clipboard.ClipboardValueSettingsHandler for @SubscribeEvent-annotated methods
[06Aug2026 12:15:10.718] [modloading-worker-0/DEBUG] [net.neoforged.fml.javafmlmod.AutomaticEventSubscriber/]: Subscribing @EventBusSubscriber class Lcom/simibubi/create/content/equipment/clipboard/ClipboardValueSettingsHandler; to the game event bus
[06Aug2026 12:15:10.718] [modloading-worker-0/DEBUG] [net.neoforged.fml.javafmlmod.AutomaticEventSubscriber/LOADING]: Scanning class com.simibubi.create.content.equipment.armor.NetheriteDivingHandler for @SubscribeEvent-annotated methods
[06Aug2026 12:15:10.719] [modloading-worker-0/DEBUG] [net.neoforged.fml.javafmlmod.AutomaticEventSubscriber/]: Subscribing @EventBusSubscriber class Lcom/simibubi/create/content/equipment/armor/NetheriteDivingHandler; to the game event bus
[06Aug2026 12:15:10.719] [modloading-worker-0/DEBUG] [net.neoforged.fml.javafmlmod.AutomaticEventSubscriber/LOADING]: Scanning class com.simibubi.create.content.equipment.armor.DivingBootsItem for @SubscribeEvent-annotated methods
[06Aug2026 12:15:10.719] [modloading-worker-0/DEBUG] [net.neoforged.fml.javafmlmod.AutomaticEventSubscriber/]: Subscribing @EventBusSubscriber class Lcom/simibubi/create/content/equipment/armor/DivingBootsItem; to the game event bus
[06Aug2026 12:15:10.719] [modloading-worker-0/DEBUG] [net.neoforged.fml.javafmlmod.AutomaticEventSubscriber/LOADING]: Scanning class com.simibubi.create.content.equipment.armor.CardboardArmorHandlerClient for @SubscribeEvent-annotated methods
[06Aug2026 12:15:10.721] [modloading-worker-0/DEBUG] [net.neoforged.fml.javafmlmod.AutomaticEventSubscriber/]: Subscribing @EventBusSubscriber class Lcom/simibubi/create/content/equipment/armor/CardboardArmorHandlerClient; to the game event bus
[06Aug2026 12:15:10.721] [modloading-worker-0/DEBUG] [net.neoforged.fml.javafmlmod.AutomaticEventSubscriber/LOADING]: Scanning class com.simibubi.create.content.equipment.armor.CardboardArmorHandler for @SubscribeEvent-annotated methods
[06Aug2026 12:15:10.721] [modloading-worker-0/DEBUG] [net.neoforged.fml.javafmlmod.AutomaticEventSubscriber/]: Subscribing @EventBusSubscriber class Lcom/simibubi/create/content/equipment/armor/CardboardArmorHandler; to the game event bus
[06Aug2026 12:15:10.722] [modloading-worker-0/DEBUG] [net.neoforged.fml.javafmlmod.AutomaticEventSubscriber/LOADING]: Scanning class com.simibubi.create.content.equipment.armor.NetheriteBacktankFirstPersonRenderer for @SubscribeEvent-annotated methods
[06Aug2026 12:15:10.722] [modloading-worker-0/DEBUG] [net.neoforged.fml.javafmlmod.AutomaticEventSubscriber/]: Subscribing @EventBusSubscriber class Lcom/simibubi/create/content/equipment/armor/NetheriteBacktankFirstPersonRenderer; to the game event bus
[06Aug2026 12:15:10.722] [modloading-worker-0/DEBUG] [net.neoforged.fml.javafmlmod.AutomaticEventSubscriber/LOADING]: Scanning class com.simibubi.create.content.equipment.armor.DivingHelmetItem for @SubscribeEvent-annotated methods
[06Aug2026 12:15:10.722] [modloading-worker-0/DEBUG] [net.neoforged.fml.javafmlmod.AutomaticEventSubscriber/]: Subscribing @EventBusSubscriber class Lcom/simibubi/create/content/equipment/armor/DivingHelmetItem; to the game event bus
[06Aug2026 12:15:10.723] [modloading-worker-0/DEBUG] [net.neoforged.fml.javafmlmod.AutomaticEventSubscriber/LOADING]: Scanning class com.simibubi.create.content.equipment.wrench.WrenchEventHandler for @SubscribeEvent-annotated methods
[06Aug2026 12:15:10.723] [modloading-worker-0/DEBUG] [net.neoforged.fml.javafmlmod.AutomaticEventSubscriber/]: Subscribing @EventBusSubscriber class Lcom/simibubi/create/content/equipment/wrench/WrenchEventHandler; to the game event bus
[06Aug2026 12:15:10.723] [modloading-worker-0/DEBUG] [net.neoforged.fml.javafmlmod.AutomaticEventSubscriber/LOADING]: Scanning class com.simibubi.create.content.equipment.bell.HauntedBellPulser for @SubscribeEvent-annotated methods
[06Aug2026 12:15:10.724] [modloading-worker-0/DEBUG] [net.neoforged.fml.javafmlmod.AutomaticEventSubscriber/]: Subscribing @EventBusSubscriber class Lcom/simibubi/create/content/equipment/bell/HauntedBellPulser; to the game event bus
[06Aug2026 12:15:10.724] [modloading-worker-0/DEBUG] [net.neoforged.fml.javafmlmod.AutomaticEventSubscriber/LOADING]: Scanning class com.simibubi.create.content.equipment.symmetryWand.SymmetryHandler for @SubscribeEvent-annotated methods
[06Aug2026 12:15:10.724] [modloading-worker-0/DEBUG] [mixin/]: Mixing compatibility.create.wand_of_symmetry.SymmetryHandlerMixin from sable-neoforge.mixins.json into com.simibubi.create.content.equipment.symmetryWand.SymmetryHandler
[06Aug2026 12:15:10.727] [modloading-worker-0/DEBUG] [net.neoforged.fml.javafmlmod.AutomaticEventSubscriber/]: Subscribing @EventBusSubscriber class Lcom/simibubi/create/content/equipment/symmetryWand/SymmetryHandler; to the game event bus
[06Aug2026 12:15:10.728] [modloading-worker-0/DEBUG] [net.neoforged.fml.javafmlmod.AutomaticEventSubscriber/LOADING]: Scanning class com.simibubi.create.content.equipment.zapper.ZapperInteractionHandler for @SubscribeEvent-annotated methods
[06Aug2026 12:15:10.728] [modloading-worker-0/DEBUG] [net.neoforged.fml.javafmlmod.AutomaticEventSubscriber/]: Subscribing @EventBusSubscriber class Lcom/simibubi/create/content/equipment/zapper/ZapperInteractionHandler; to the game event bus
[06Aug2026 12:15:10.728] [modloading-worker-0/DEBUG] [net.neoforged.fml.javafmlmod.AutomaticEventSubscriber/LOADING]: Scanning class com.simibubi.create.content.equipment.tool.CardboardSwordItem for @SubscribeEvent-annotated methods
[06Aug2026 12:15:10.728] [modloading-worker-0/DEBUG] [net.neoforged.fml.javafmlmod.AutomaticEventSubscriber/]: Subscribing @EventBusSubscriber class Lcom/simibubi/create/content/equipment/tool/CardboardSwordItem; to the game event bus
[06Aug2026 12:15:10.729] [modloading-worker-0/DEBUG] [net.neoforged.fml.javafmlmod.AutomaticEventSubscriber/LOADING]: Scanning class com.simibubi.create.content.kinetics.chainConveyor.ChainConveyorInteractionHandler for @SubscribeEvent-annotated methods
[06Aug2026 12:15:10.729] [modloading-worker-0/DEBUG] [mixin/]: Mixing compatibility.create.frogports.ChainConveyorInteractionHandlerMixin from sable-neoforge.mixins.json into com.simibubi.create.content.kinetics.chainConveyor.ChainConveyorInteractionHandler
[06Aug2026 12:15:10.734] [modloading-worker-0/DEBUG] [mixin/]: Mixing compatibility.create.frogports.PackagePortTargetMixin from sable-neoforge.mixins.json into com.simibubi.create.content.logistics.packagePort.PackagePortTarget$ChainConveyorFrogportTarget
[06Aug2026 12:15:10.736] [modloading-worker-0/DEBUG] [mixin/]: sable-neoforge.mixins.json:compatibility.create.frogports.PackagePortTargetMixin from mod sable->@Inject::sable$testSublevelDistance(Lnet/minecraft/world/level/LevelAccessor;Lnet/minecraft/core/BlockPos;Lnet/minecraft/world/item/ItemStack;ZLorg/spongepowered/asm/mixin/injection/callback/CallbackInfoReturnable;)V does use it's CallbackInfoReturnable
[06Aug2026 12:15:10.738] [modloading-worker-0/DEBUG] [mixin/]: Mixing compatibility.create.frogports.ChainConveyorShapeAccessor from sable-neoforge.mixins.json into com.simibubi.create.content.kinetics.chainConveyor.ChainConveyorShape
[06Aug2026 12:15:10.741] [modloading-worker-0/DEBUG] [net.neoforged.fml.javafmlmod.AutomaticEventSubscriber/]: Subscribing @EventBusSubscriber class Lcom/simibubi/create/content/kinetics/chainConveyor/ChainConveyorInteractionHandler; to the game event bus
[06Aug2026 12:15:10.741] [modloading-worker-0/DEBUG] [net.neoforged.fml.javafmlmod.AutomaticEventSubscriber/LOADING]: Scanning class com.simibubi.create.content.kinetics.chainConveyor.ChainConveyorConnectionHandler for @SubscribeEvent-annotated methods
[06Aug2026 12:15:10.742] [modloading-worker-0/DEBUG] [net.neoforged.fml.javafmlmod.AutomaticEventSubscriber/]: Subscribing @EventBusSubscriber class Lcom/simibubi/create/content/kinetics/chainConveyor/ChainConveyorConnectionHandler; to the game event bus
[06Aug2026 12:15:10.742] [modloading-worker-0/DEBUG] [net.neoforged.fml.javafmlmod.AutomaticEventSubscriber/LOADING]: Scanning class com.simibubi.create.content.kinetics.crank.ValveHandleBlock for @SubscribeEvent-annotated methods
[06Aug2026 12:15:10.742] [modloading-worker-0/DEBUG] [net.neoforged.fml.javafmlmod.AutomaticEventSubscriber/]: Subscribing @EventBusSubscriber class Lcom/simibubi/create/content/kinetics/crank/ValveHandleBlock; to the game event bus
[06Aug2026 12:15:10.744] [modloading-worker-0/DEBUG] [net.neoforged.fml.javafmlmod.AutomaticEventSubscriber/LOADING]: Scanning class com.simibubi.create.content.kinetics.crusher.CrushingWheelBlockEntity for @SubscribeEvent-annotated methods
[06Aug2026 12:15:10.745] [modloading-worker-0/DEBUG] [net.neoforged.fml.javafmlmod.AutomaticEventSubscriber/]: Subscribing @EventBusSubscriber class Lcom/simibubi/create/content/kinetics/crusher/CrushingWheelBlockEntity; to the game event bus
[06Aug2026 12:15:10.745] [modloading-worker-0/DEBUG] [mixin/]: Mixing extra_kinetics.KineticNetworkMixin from simulated.mixins.json into com.simibubi.create.content.kinetics.KineticNetwork
[06Aug2026 12:15:10.750] [modloading-worker-0/DEBUG] [net.neoforged.fml.javafmlmod.AutomaticEventSubscriber/LOADING]: Scanning class com.simibubi.create.content.kinetics.deployer.ManualApplicationRecipe for @SubscribeEvent-annotated methods
[06Aug2026 12:15:10.750] [modloading-worker-0/DEBUG] [net.neoforged.fml.javafmlmod.AutomaticEventSubscriber/]: Subscribing @EventBusSubscriber class Lcom/simibubi/create/content/kinetics/deployer/ManualApplicationRecipe; to the game event bus
[06Aug2026 12:15:10.751] [modloading-worker-0/DEBUG] [net.neoforged.fml.javafmlmod.AutomaticEventSubscriber/LOADING]: Scanning class com.simibubi.create.content.kinetics.deployer.DeployerFakePlayer for @SubscribeEvent-annotated methods
[06Aug2026 12:15:10.755] [modloading-worker-0/DEBUG] [mixin/]: Mixing entity.entities_stick_sublevels.player.ServerGamePacketListenerImplMixin from sable.mixins.json into net.minecraft.server.network.ServerGamePacketListenerImpl
[06Aug2026 12:15:10.756] [modloading-worker-0/DEBUG] [mixin/]: Mixing entity.entity_sublevel_collision.ServerGamePacketListenerImplMixin from sable.mixins.json into net.minecraft.server.network.ServerGamePacketListenerImpl
[06Aug2026 12:15:10.758] [modloading-worker-0/DEBUG] [mixin/]: sable.mixins.json:entity.entities_stick_sublevels.player.ServerGamePacketListenerImplMixin from mod sable->@Inject::handleMovePlayer(Lnet/minecraft/network/protocol/game/ServerboundMovePlayerPacket;Lorg/spongepowered/asm/mixin/injection/callback/CallbackInfo;)V doesn't use it's CallbackInfo
[06Aug2026 12:15:10.758] [modloading-worker-0/DEBUG] [mixin/]: sable.mixins.json:entity.entities_stick_sublevels.player.ServerGamePacketListenerImplMixin from mod sable->@Inject::handleMovePlayer(Lnet/minecraft/network/protocol/game/ServerboundMovePlayerPacket;Lorg/spongepowered/asm/mixin/injection/callback/CallbackInfo;)V has 0 override(s) in child classes
[06Aug2026 12:15:10.758] [modloading-worker-0/DEBUG] [mixin/]: sable.mixins.json:entity.entities_stick_sublevels.player.ServerGamePacketListenerImplMixin from mod sable->@Inject::handleMovePlayer(Lnet/minecraft/network/protocol/game/ServerboundMovePlayerPacket;Lorg/spongepowered/asm/mixin/injection/callback/CallbackInfo;)V won't be passed a CallbackInfo as a result
[06Aug2026 12:15:10.767] [modloading-worker-0/DEBUG] [net.neoforged.fml.javafmlmod.AutomaticEventSubscriber/]: Subscribing @EventBusSubscriber class Lcom/simibubi/create/content/kinetics/deployer/DeployerFakePlayer; to the game event bus
[06Aug2026 12:15:10.776] [modloading-worker-0/DEBUG] [mixin/]: Mixing death_message.CombatTrackerMixin from sable.mixins.json into net.minecraft.world.damagesource.CombatTracker
[06Aug2026 12:15:10.785] [modloading-worker-0/DEBUG] [mixin/]: Mixing entity.entities_stick_sublevels.ServerEntityMixin from sable.mixins.json into net.minecraft.server.level.ServerEntity
[06Aug2026 12:15:10.786] [modloading-worker-0/DEBUG] [mixin/]: Mixing entity.entity_rotations_and_riding.ServerEntityMixin from sable.mixins.json into net.minecraft.server.level.ServerEntity
[06Aug2026 12:15:10.787] [modloading-worker-0/DEBUG] [mixin/]: sable.mixins.json:entity.entities_stick_sublevels.ServerEntityMixin from mod sable->@Inject::sable$pre(Lorg/spongepowered/asm/mixin/injection/callback/CallbackInfo;)V doesn't use it's CallbackInfo
[06Aug2026 12:15:10.787] [modloading-worker-0/DEBUG] [mixin/]: sable.mixins.json:entity.entities_stick_sublevels.ServerEntityMixin from mod sable->@Inject::sable$pre(Lorg/spongepowered/asm/mixin/injection/callback/CallbackInfo;)V has 0 override(s) in child classes
[06Aug2026 12:15:10.787] [modloading-worker-0/DEBUG] [mixin/]: sable.mixins.json:entity.entities_stick_sublevels.ServerEntityMixin from mod sable->@Inject::sable$pre(Lorg/spongepowered/asm/mixin/injection/callback/CallbackInfo;)V won't be passed a CallbackInfo as a result
[06Aug2026 12:15:10.787] [modloading-worker-0/DEBUG] [mixin/]: sable.mixins.json:entity.entities_stick_sublevels.ServerEntityMixin from mod sable->@Inject::sable$pre(Lorg/spongepowered/asm/mixin/injection/callback/CallbackInfo;)V doesn't use it's CallbackInfo
[06Aug2026 12:15:10.787] [modloading-worker-0/DEBUG] [mixin/]: sable.mixins.json:entity.entities_stick_sublevels.ServerEntityMixin from mod sable->@Inject::sable$pre(Lorg/spongepowered/asm/mixin/injection/callback/CallbackInfo;)V has 0 override(s) in child classes
[06Aug2026 12:15:10.787] [modloading-worker-0/DEBUG] [mixin/]: sable.mixins.json:entity.entities_stick_sublevels.ServerEntityMixin from mod sable->@Inject::sable$pre(Lorg/spongepowered/asm/mixin/injection/callback/CallbackInfo;)V won't be passed a CallbackInfo as a result
[06Aug2026 12:15:10.787] [modloading-worker-0/DEBUG] [mixin/]: sable.mixins.json:entity.entities_stick_sublevels.ServerEntityMixin from mod sable->@Inject::sable$postTransform(Lorg/spongepowered/asm/mixin/injection/callback/CallbackInfo;)V doesn't use it's CallbackInfo
[06Aug2026 12:15:10.787] [modloading-worker-0/DEBUG] [mixin/]: sable.mixins.json:entity.entities_stick_sublevels.ServerEntityMixin from mod sable->@Inject::sable$postTransform(Lorg/spongepowered/asm/mixin/injection/callback/CallbackInfo;)V has 0 override(s) in child classes
[06Aug2026 12:15:10.787] [modloading-worker-0/DEBUG] [mixin/]: sable.mixins.json:entity.entities_stick_sublevels.ServerEntityMixin from mod sable->@Inject::sable$postTransform(Lorg/spongepowered/asm/mixin/injection/callback/CallbackInfo;)V won't be passed a CallbackInfo as a result
[06Aug2026 12:15:10.788] [modloading-worker-0/DEBUG] [mixin/]: sable.mixins.json:entity.entity_rotations_and_riding.ServerEntityMixin from mod sable->@Inject::sable$beforeSendChanges(Lorg/spongepowered/asm/mixin/injection/callback/CallbackInfo;)V doesn't use it's CallbackInfo
[06Aug2026 12:15:10.788] [modloading-worker-0/DEBUG] [mixin/]: sable.mixins.json:entity.entity_rotations_and_riding.ServerEntityMixin from mod sable->@Inject::sable$beforeSendChanges(Lorg/spongepowered/asm/mixin/injection/callback/CallbackInfo;)V has 0 override(s) in child classes
[06Aug2026 12:15:10.788] [modloading-worker-0/DEBUG] [mixin/]: sable.mixins.json:entity.entity_rotations_and_riding.ServerEntityMixin from mod sable->@Inject::sable$beforeSendChanges(Lorg/spongepowered/asm/mixin/injection/callback/CallbackInfo;)V won't be passed a CallbackInfo as a result
[06Aug2026 12:15:10.788] [modloading-worker-0/DEBUG] [mixin/]: sable.mixins.json:entity.entity_rotations_and_riding.ServerEntityMixin from mod sable->@Inject::sable$beforeSendChanges(Lorg/spongepowered/asm/mixin/injection/callback/CallbackInfo;)V doesn't use it's CallbackInfo
[06Aug2026 12:15:10.788] [modloading-worker-0/DEBUG] [mixin/]: sable.mixins.json:entity.entity_rotations_and_riding.ServerEntityMixin from mod sable->@Inject::sable$beforeSendChanges(Lorg/spongepowered/asm/mixin/injection/callback/CallbackInfo;)V has 0 override(s) in child classes
[06Aug2026 12:15:10.788] [modloading-worker-0/DEBUG] [mixin/]: sable.mixins.json:entity.entity_rotations_and_riding.ServerEntityMixin from mod sable->@Inject::sable$beforeSendChanges(Lorg/spongepowered/asm/mixin/injection/callback/CallbackInfo;)V won't be passed a CallbackInfo as a result
[06Aug2026 12:15:10.788] [modloading-worker-0/DEBUG] [mixin/]: sable.mixins.json:entity.entity_rotations_and_riding.ServerEntityMixin from mod sable->@Inject::sable$beforeSendChanges(Lorg/spongepowered/asm/mixin/injection/callback/CallbackInfo;)V doesn't use it's CallbackInfo
[06Aug2026 12:15:10.788] [modloading-worker-0/DEBUG] [mixin/]: sable.mixins.json:entity.entity_rotations_and_riding.ServerEntityMixin from mod sable->@Inject::sable$beforeSendChanges(Lorg/spongepowered/asm/mixin/injection/callback/CallbackInfo;)V has 0 override(s) in child classes
[06Aug2026 12:15:10.788] [modloading-worker-0/DEBUG] [mixin/]: sable.mixins.json:entity.entity_rotations_and_riding.ServerEntityMixin from mod sable->@Inject::sable$beforeSendChanges(Lorg/spongepowered/asm/mixin/injection/callback/CallbackInfo;)V won't be passed a CallbackInfo as a result
[06Aug2026 12:15:10.788] [modloading-worker-0/DEBUG] [mixin/]: sable.mixins.json:entity.entity_rotations_and_riding.ServerEntityMixin from mod sable->@Inject::sable$beforeSendChanges(Lorg/spongepowered/asm/mixin/injection/callback/CallbackInfo;)V doesn't use it's CallbackInfo
[06Aug2026 12:15:10.788] [modloading-worker-0/DEBUG] [mixin/]: sable.mixins.json:entity.entity_rotations_and_riding.ServerEntityMixin from mod sable->@Inject::sable$beforeSendChanges(Lorg/spongepowered/asm/mixin/injection/callback/CallbackInfo;)V has 0 override(s) in child classes
[06Aug2026 12:15:10.788] [modloading-worker-0/DEBUG] [mixin/]: sable.mixins.json:entity.entity_rotations_and_riding.ServerEntityMixin from mod sable->@Inject::sable$beforeSendChanges(Lorg/spongepowered/asm/mixin/injection/callback/CallbackInfo;)V won't be passed a CallbackInfo as a result
[06Aug2026 12:15:10.788] [modloading-worker-0/DEBUG] [mixin/]: sable.mixins.json:entity.entity_rotations_and_riding.ServerEntityMixin from mod sable->@Inject::sable$beforeSendChanges(Lorg/spongepowered/asm/mixin/injection/callback/CallbackInfo;)V doesn't use it's CallbackInfo
[06Aug2026 12:15:10.788] [modloading-worker-0/DEBUG] [mixin/]: sable.mixins.json:entity.entity_rotations_and_riding.ServerEntityMixin from mod sable->@Inject::sable$beforeSendChanges(Lorg/spongepowered/asm/mixin/injection/callback/CallbackInfo;)V has 0 override(s) in child classes
[06Aug2026 12:15:10.788] [modloading-worker-0/DEBUG] [mixin/]: sable.mixins.json:entity.entity_rotations_and_riding.ServerEntityMixin from mod sable->@Inject::sable$beforeSendChanges(Lorg/spongepowered/asm/mixin/injection/callback/CallbackInfo;)V won't be passed a CallbackInfo as a result
[06Aug2026 12:15:10.788] [modloading-worker-0/DEBUG] [mixin/]: sable.mixins.json:entity.entity_rotations_and_riding.ServerEntityMixin from mod sable->@Inject::sable$beforeSendChanges(Lorg/spongepowered/asm/mixin/injection/callback/CallbackInfo;)V doesn't use it's CallbackInfo
[06Aug2026 12:15:10.788] [modloading-worker-0/DEBUG] [mixin/]: sable.mixins.json:entity.entity_rotations_and_riding.ServerEntityMixin from mod sable->@Inject::sable$beforeSendChanges(Lorg/spongepowered/asm/mixin/injection/callback/CallbackInfo;)V has 0 override(s) in child classes
[06Aug2026 12:15:10.788] [modloading-worker-0/DEBUG] [mixin/]: sable.mixins.json:entity.entity_rotations_and_riding.ServerEntityMixin from mod sable->@Inject::sable$beforeSendChanges(Lorg/spongepowered/asm/mixin/injection/callback/CallbackInfo;)V won't be passed a CallbackInfo as a result
[06Aug2026 12:15:10.794] [modloading-worker-0/DEBUG] [net.neoforged.fml.javafmlmod.AutomaticEventSubscriber/LOADING]: Scanning class com.simibubi.create.content.kinetics.mechanicalArm.ArmInteractionPointHandler for @SubscribeEvent-annotated methods
[06Aug2026 12:15:10.795] [modloading-worker-0/DEBUG] [mixin/]: Mixing compatibility.create.mechnical_arm.MechanicalArmSublevelFailure from sable-neoforge.mixins.json into com.simibubi.create.content.kinetics.mechanicalArm.ArmInteractionPointHandler
[06Aug2026 12:15:10.798] [modloading-worker-0/DEBUG] [mixin/]: sable-neoforge.mixins.json:compatibility.create.mechnical_arm.MechanicalArmSublevelFailure from mod sable->@Inject::sable$gatherSublevelInformation(Lnet/minecraft/core/BlockPos;Lorg/spongepowered/asm/mixin/injection/callback/CallbackInfo;)V doesn't use it's CallbackInfo
[06Aug2026 12:15:10.798] [modloading-worker-0/DEBUG] [mixin/]: sable-neoforge.mixins.json:compatibility.create.mechnical_arm.MechanicalArmSublevelFailure from mod sable->@Inject::sable$removeDifferentSublevelPoints(Lnet/minecraft/core/BlockPos;Lorg/spongepowered/asm/mixin/injection/callback/CallbackInfo;)V doesn't use it's CallbackInfo
[06Aug2026 12:15:10.800] [modloading-worker-0/DEBUG] [net.neoforged.fml.javafmlmod.AutomaticEventSubscriber/]: Subscribing @EventBusSubscriber class Lcom/simibubi/create/content/kinetics/mechanicalArm/ArmInteractionPointHandler; to the game event bus
[06Aug2026 12:15:10.801] [modloading-worker-0/DEBUG] [net.neoforged.fml.javafmlmod.AutomaticEventSubscriber/LOADING]: Scanning class com.simibubi.create.content.processing.burner.BlazeBurnerHandler for @SubscribeEvent-annotated methods
[06Aug2026 12:15:10.801] [modloading-worker-0/DEBUG] [net.neoforged.fml.javafmlmod.AutomaticEventSubscriber/]: Subscribing @EventBusSubscriber class Lcom/simibubi/create/content/processing/burner/BlazeBurnerHandler; to the game event bus
[06Aug2026 12:15:10.801] [modloading-worker-0/DEBUG] [net.neoforged.fml.javafmlmod.AutomaticEventSubscriber/LOADING]: Scanning class com.simibubi.create.AllKeys for @SubscribeEvent-annotated methods
[06Aug2026 12:15:10.802] [modloading-worker-0/DEBUG] [net.neoforged.fml.javafmlmod.AutomaticEventSubscriber/]: Subscribing @EventBusSubscriber class Lcom/simibubi/create/AllKeys; to the mod event bus of mod create
[06Aug2026 12:15:10.802] [modloading-worker-0/DEBUG] [net.neoforged.fml.javafmlmod.AutomaticEventSubscriber/LOADING]: Scanning class com.simibubi.create.impl.registry.CreateDataMapsImpl for @SubscribeEvent-annotated methods
[06Aug2026 12:15:10.802] [modloading-worker-0/DEBUG] [net.neoforged.fml.javafmlmod.AutomaticEventSubscriber/]: Subscribing @EventBusSubscriber class Lcom/simibubi/create/impl/registry/CreateDataMapsImpl; to the mod event bus of mod create
[06Aug2026 12:15:10.802] [modloading-worker-0/DEBUG] [net.neoforged.fml.javafmlmod.AutomaticEventSubscriber/LOADING]: Scanning class com.simibubi.create.impl.registry.CreateRegistriesImpl for @SubscribeEvent-annotated methods
[06Aug2026 12:15:10.803] [modloading-worker-0/DEBUG] [net.neoforged.fml.javafmlmod.AutomaticEventSubscriber/]: Subscribing @EventBusSubscriber class Lcom/simibubi/create/impl/registry/CreateRegistriesImpl; to the mod event bus of mod create
[06Aug2026 12:15:10.816] [modloading-worker-0/INFO] [dev.ryanhcode.sable.Sable/]: Sable loaded!
[06Aug2026 12:15:10.823] [modloading-worker-0/DEBUG] [net.neoforged.fml.config.ConfigTracker/CONFIG]: Config file sable-common.toml for sable tracking
[06Aug2026 12:15:10.829] [modloading-worker-0/DEBUG] [net.neoforged.fml.config.ConfigTracker/CONFIG]: Config file sable-client.toml for sable tracking
[06Aug2026 12:15:10.831] [modloading-worker-0/WARN] [dev.ryanhcode.sable.Sable/]: NOTE: Sable is loaded with Flywheel. Sable contains extensive shader overrides and a full light-storage replacement. Expect this to cause compatibility issues. If issues arise, please report them to the Sable issue tracker (https://github.com/ryanhcode/sable/issues) instead of the Flywheel issue tracker.
[06Aug2026 12:15:10.831] [modloading-worker-0/DEBUG] [net.neoforged.fml.javafmlmod.AutomaticEventSubscriber/LOADING]: Attempting to inject @EventBusSubscriber classes into the eventbus for sable
[06Aug2026 12:15:10.838] [modloading-worker-0/DEBUG] [net.neoforged.fml.javafmlmod.AutomaticEventSubscriber/LOADING]: Attempting to inject @EventBusSubscriber classes into the eventbus for linearbearing
[06Aug2026 12:15:11.507] [modloading-sync-worker/DEBUG] [mixin/]: Mixing dynamic_stress.KineticStatsMixin from simulated.mixins.json into com.simibubi.create.foundation.item.KineticStats
[06Aug2026 12:15:11.521] [modloading-sync-worker/DEBUG] [mixin/]: Mixing handle.HumanoidModelMixin from simulated.mixins.json into net.minecraft.client.model.HumanoidModel
[06Aug2026 12:15:11.522] [modloading-sync-worker/DEBUG] [mixin/]: Mixing client.HumanoidModelMixin from create.mixins.json into net.minecraft.client.model.HumanoidModel
[06Aug2026 12:15:11.523] [modloading-sync-worker/DEBUG] [mixin/]: simulated.mixins.json:handle.HumanoidModelMixin from mod simulated->@Inject::simulated$afterSetupAnim(Lnet/minecraft/world/entity/LivingEntity;FFFFFLorg/spongepowered/asm/mixin/injection/callback/CallbackInfo;)V doesn't use it's CallbackInfo
[06Aug2026 12:15:11.523] [modloading-sync-worker/DEBUG] [mixin/]: simulated.mixins.json:handle.HumanoidModelMixin from mod simulated->@Inject::simulated$afterSetupAnim(Lnet/minecraft/world/entity/LivingEntity;FFFFFLorg/spongepowered/asm/mixin/injection/callback/CallbackInfo;)V has 0 override(s) in child classes
[06Aug2026 12:15:11.523] [modloading-sync-worker/DEBUG] [mixin/]: simulated.mixins.json:handle.HumanoidModelMixin from mod simulated->@Inject::simulated$afterSetupAnim(Lnet/minecraft/world/entity/LivingEntity;FFFFFLorg/spongepowered/asm/mixin/injection/callback/CallbackInfo;)V won't be passed a CallbackInfo as a result
[06Aug2026 12:15:11.523] [modloading-sync-worker/DEBUG] [mixin/]: simulated.mixins.json:handle.HumanoidModelMixin from mod simulated->@Inject::simulated$afterSetupAnim(Lnet/minecraft/world/entity/LivingEntity;FFFFFLorg/spongepowered/asm/mixin/injection/callback/CallbackInfo;)V doesn't use it's CallbackInfo
[06Aug2026 12:15:11.523] [modloading-sync-worker/DEBUG] [mixin/]: simulated.mixins.json:handle.HumanoidModelMixin from mod simulated->@Inject::simulated$afterSetupAnim(Lnet/minecraft/world/entity/LivingEntity;FFFFFLorg/spongepowered/asm/mixin/injection/callback/CallbackInfo;)V has 0 override(s) in child classes
[06Aug2026 12:15:11.523] [modloading-sync-worker/DEBUG] [mixin/]: simulated.mixins.json:handle.HumanoidModelMixin from mod simulated->@Inject::simulated$afterSetupAnim(Lnet/minecraft/world/entity/LivingEntity;FFFFFLorg/spongepowered/asm/mixin/injection/callback/CallbackInfo;)V won't be passed a CallbackInfo as a result
[06Aug2026 12:15:11.523] [modloading-sync-worker/DEBUG] [mixin/]: create.mixins.json:client.HumanoidModelMixin from mod create->@Inject::create$afterSetupAnim(Lnet/minecraft/world/entity/LivingEntity;FFFFFLorg/spongepowered/asm/mixin/injection/callback/CallbackInfo;)V doesn't use it's CallbackInfo
[06Aug2026 12:15:11.523] [modloading-sync-worker/DEBUG] [mixin/]: create.mixins.json:client.HumanoidModelMixin from mod create->@Inject::create$afterSetupAnim(Lnet/minecraft/world/entity/LivingEntity;FFFFFLorg/spongepowered/asm/mixin/injection/callback/CallbackInfo;)V has 0 override(s) in child classes
[06Aug2026 12:15:11.523] [modloading-sync-worker/DEBUG] [mixin/]: create.mixins.json:client.HumanoidModelMixin from mod create->@Inject::create$afterSetupAnim(Lnet/minecraft/world/entity/LivingEntity;FFFFFLorg/spongepowered/asm/mixin/injection/callback/CallbackInfo;)V won't be passed a CallbackInfo as a result
[06Aug2026 12:15:11.523] [modloading-sync-worker/DEBUG] [mixin/]: create.mixins.json:client.HumanoidModelMixin from mod create->@Inject::create$afterSetupAnim(Lnet/minecraft/world/entity/LivingEntity;FFFFFLorg/spongepowered/asm/mixin/injection/callback/CallbackInfo;)V doesn't use it's CallbackInfo
[06Aug2026 12:15:11.523] [modloading-sync-worker/DEBUG] [mixin/]: create.mixins.json:client.HumanoidModelMixin from mod create->@Inject::create$afterSetupAnim(Lnet/minecraft/world/entity/LivingEntity;FFFFFLorg/spongepowered/asm/mixin/injection/callback/CallbackInfo;)V has 0 override(s) in child classes
[06Aug2026 12:15:11.523] [modloading-sync-worker/DEBUG] [mixin/]: create.mixins.json:client.HumanoidModelMixin from mod create->@Inject::create$afterSetupAnim(Lnet/minecraft/world/entity/LivingEntity;FFFFFLorg/spongepowered/asm/mixin/injection/callback/CallbackInfo;)V won't be passed a CallbackInfo as a result
[06Aug2026 12:15:11.523] [modloading-sync-worker/DEBUG] [mixin/]: create.mixins.json:client.HumanoidModelMixin from mod create->@Inject::create$beforeSetupAnim(Lnet/minecraft/world/entity/LivingEntity;FFFFFLorg/spongepowered/asm/mixin/injection/callback/CallbackInfo;)V doesn't use it's CallbackInfo
[06Aug2026 12:15:11.523] [modloading-sync-worker/DEBUG] [mixin/]: create.mixins.json:client.HumanoidModelMixin from mod create->@Inject::create$beforeSetupAnim(Lnet/minecraft/world/entity/LivingEntity;FFFFFLorg/spongepowered/asm/mixin/injection/callback/CallbackInfo;)V has 0 override(s) in child classes
[06Aug2026 12:15:11.523] [modloading-sync-worker/DEBUG] [mixin/]: create.mixins.json:client.HumanoidModelMixin from mod create->@Inject::create$beforeSetupAnim(Lnet/minecraft/world/entity/LivingEntity;FFFFFLorg/spongepowered/asm/mixin/injection/callback/CallbackInfo;)V won't be passed a CallbackInfo as a result
[06Aug2026 12:15:11.523] [modloading-sync-worker/DEBUG] [mixin/]: create.mixins.json:client.HumanoidModelMixin from mod create->@Inject::create$beforeSetupAnim(Lnet/minecraft/world/entity/LivingEntity;FFFFFLorg/spongepowered/asm/mixin/injection/callback/CallbackInfo;)V doesn't use it's CallbackInfo
[06Aug2026 12:15:11.523] [modloading-sync-worker/DEBUG] [mixin/]: create.mixins.json:client.HumanoidModelMixin from mod create->@Inject::create$beforeSetupAnim(Lnet/minecraft/world/entity/LivingEntity;FFFFFLorg/spongepowered/asm/mixin/injection/callback/CallbackInfo;)V has 0 override(s) in child classes
[06Aug2026 12:15:11.523] [modloading-sync-worker/DEBUG] [mixin/]: create.mixins.json:client.HumanoidModelMixin from mod create->@Inject::create$beforeSetupAnim(Lnet/minecraft/world/entity/LivingEntity;FFFFFLorg/spongepowered/asm/mixin/injection/callback/CallbackInfo;)V won't be passed a CallbackInfo as a result
[06Aug2026 12:15:11.525] [modloading-sync-worker/DEBUG] [mixin/]: Mixing accessor.AgeableListModelAccessor from create.mixins.json into net.minecraft.client.model.AgeableListModel
[06Aug2026 12:15:11.532] [modloading-sync-worker/DEBUG] [mixin/]: Mixing accessor.ItemModelGeneratorsAccessor from create.mixins.json into net.minecraft.data.models.ItemModelGenerators
[06Aug2026 12:15:11.532] [modloading-sync-worker/DEBUG] [mixin/]: Renaming @Accessor method create$getGENERATED_TRIM_MODELS()Ljava/util/List; to getGENERATED_TRIM_MODELS$create_$md$b5b860$0 in create.mixins.json:accessor.ItemModelGeneratorsAccessor from mod create
[06Aug2026 12:15:11.534] [modloading-sync-worker/DEBUG] [mixin/]: Mixing lodestone_compat.CompassItemPropertyFunctionMixin from simulated.mixins.json into net.minecraft.client.renderer.item.CompassItemPropertyFunction
[06Aug2026 12:15:11.535] [modloading-sync-worker/DEBUG] [mixin/]: Mixing camera.camera_rotation.CompassItemPropertyFunctionMixin from sable.mixins.json into net.minecraft.client.renderer.item.CompassItemPropertyFunction
[06Aug2026 12:15:11.565] [modloading-sync-worker/DEBUG] [mixin/]: Mixing accessor.FontAccessor from create.mixins.json into net.minecraft.client.gui.Font
[06Aug2026 12:15:12.509] [modloading-sync-worker/DEBUG] [net.neoforged.fml.config.ConfigTracker/CONFIG]: Loading configs type CLIENT
[06Aug2026 12:15:12.517] [modloading-sync-worker/DEBUG] [net.neoforged.fml.config.ConfigTracker/CONFIG]: Loaded TOML config file /home/tillman/Desktop/programmieren/minecraft/MODS/playerTracker/run/config/flywheel-client.toml
[06Aug2026 12:15:12.521] [modloading-sync-worker/DEBUG] [net.neoforged.fml.config.ConfigTracker/CONFIG]: Watching TOML config file /home/tillman/Desktop/programmieren/minecraft/MODS/playerTracker/run/config/flywheel-client.toml for changes
[06Aug2026 12:15:12.522] [modloading-sync-worker/DEBUG] [net.neoforged.neoforge.common.NeoForgeConfig/FORGEMOD]: Loaded NeoForge config file neoforge-client.toml
[06Aug2026 12:15:12.522] [modloading-sync-worker/DEBUG] [net.neoforged.fml.config.ConfigTracker/CONFIG]: Loaded TOML config file /home/tillman/Desktop/programmieren/minecraft/MODS/playerTracker/run/config/neoforge-client.toml
[06Aug2026 12:15:12.522] [modloading-sync-worker/DEBUG] [net.neoforged.fml.config.ConfigTracker/CONFIG]: Watching TOML config file /home/tillman/Desktop/programmieren/minecraft/MODS/playerTracker/run/config/neoforge-client.toml for changes
[06Aug2026 12:15:12.523] [modloading-sync-worker/DEBUG] [net.neoforged.fml.config.ConfigTracker/CONFIG]: Loaded TOML config file /home/tillman/Desktop/programmieren/minecraft/MODS/playerTracker/run/config/ponder-client.toml
[06Aug2026 12:15:12.523] [modloading-sync-worker/DEBUG] [net.neoforged.fml.config.ConfigTracker/CONFIG]: Watching TOML config file /home/tillman/Desktop/programmieren/minecraft/MODS/playerTracker/run/config/ponder-client.toml for changes
[06Aug2026 12:15:12.523] [modloading-sync-worker/DEBUG] [net.neoforged.fml.config.ConfigTracker/CONFIG]: Loaded TOML config file /home/tillman/Desktop/programmieren/minecraft/MODS/playerTracker/run/config/simulated-client.toml
[06Aug2026 12:15:12.523] [modloading-sync-worker/DEBUG] [net.neoforged.fml.config.ConfigTracker/CONFIG]: Watching TOML config file /home/tillman/Desktop/programmieren/minecraft/MODS/playerTracker/run/config/simulated-client.toml for changes
[06Aug2026 12:15:12.524] [modloading-sync-worker/DEBUG] [net.neoforged.fml.config.ConfigTracker/CONFIG]: Loaded TOML config file /home/tillman/Desktop/programmieren/minecraft/MODS/playerTracker/run/config/create-client.toml
[06Aug2026 12:15:12.524] [modloading-sync-worker/DEBUG] [net.neoforged.fml.config.ConfigTracker/CONFIG]: Watching TOML config file /home/tillman/Desktop/programmieren/minecraft/MODS/playerTracker/run/config/create-client.toml for changes
[06Aug2026 12:15:12.525] [modloading-sync-worker/DEBUG] [net.neoforged.fml.config.ConfigTracker/CONFIG]: Loaded TOML config file /home/tillman/Desktop/programmieren/minecraft/MODS/playerTracker/run/config/sable-client.toml
[06Aug2026 12:15:12.525] [modloading-sync-worker/DEBUG] [net.neoforged.fml.config.ConfigTracker/CONFIG]: Watching TOML config file /home/tillman/Desktop/programmieren/minecraft/MODS/playerTracker/run/config/sable-client.toml for changes
[06Aug2026 12:15:12.525] [modloading-sync-worker/DEBUG] [net.neoforged.fml.config.ConfigTracker/CONFIG]: Loading configs type COMMON
[06Aug2026 12:15:12.525] [modloading-sync-worker/DEBUG] [net.neoforged.neoforge.common.NeoForgeConfig/FORGEMOD]: Loaded NeoForge config file neoforge-common.toml
[06Aug2026 12:15:12.525] [modloading-sync-worker/DEBUG] [net.neoforged.fml.config.ConfigTracker/CONFIG]: Loaded TOML config file /home/tillman/Desktop/programmieren/minecraft/MODS/playerTracker/run/config/neoforge-common.toml
[06Aug2026 12:15:12.525] [modloading-sync-worker/DEBUG] [net.neoforged.fml.config.ConfigTracker/CONFIG]: Watching TOML config file /home/tillman/Desktop/programmieren/minecraft/MODS/playerTracker/run/config/neoforge-common.toml for changes
[06Aug2026 12:15:12.525] [modloading-sync-worker/DEBUG] [net.neoforged.fml.config.ConfigTracker/CONFIG]: Loaded TOML config file /home/tillman/Desktop/programmieren/minecraft/MODS/playerTracker/run/config/create-common.toml
[06Aug2026 12:15:12.525] [modloading-sync-worker/DEBUG] [net.neoforged.fml.config.ConfigTracker/CONFIG]: Watching TOML config file /home/tillman/Desktop/programmieren/minecraft/MODS/playerTracker/run/config/create-common.toml for changes
[06Aug2026 12:15:12.526] [modloading-sync-worker/DEBUG] [net.neoforged.fml.config.ConfigTracker/CONFIG]: Loaded TOML config file /home/tillman/Desktop/programmieren/minecraft/MODS/playerTracker/run/config/sable-common.toml
[06Aug2026 12:15:12.526] [modloading-sync-worker/DEBUG] [net.neoforged.fml.config.ConfigTracker/CONFIG]: Watching TOML config file /home/tillman/Desktop/programmieren/minecraft/MODS/playerTracker/run/config/sable-common.toml for changes
[06Aug2026 12:15:12.580] [Render thread/DEBUG] [mixin/]: Mixing client.DebugTextureManagerMixin from veil.debug.mixins.json into net.minecraft.client.renderer.texture.TextureManager
[06Aug2026 12:15:12.580] [Render thread/DEBUG] [mixin/]: Renaming synthetic method lambda$applyLabel$0(Lnet/minecraft/client/renderer/texture/AbstractTexture;Lfoundry/veil/api/client/render/ext/VeilDebug;Lnet/minecraft/resources/ResourceLocation;)V to mdb5b860$veil$lambda$applyLabel$0$0 in veil.debug.mixins.json:client.DebugTextureManagerMixin from mod veil
[06Aug2026 12:15:12.581] [Render thread/DEBUG] [mixin/]: Mixing client.PipelineTextureManagerMixin from veil.pipeline.mixins.json into net.minecraft.client.renderer.texture.TextureManager
[06Aug2026 12:15:12.581] [Render thread/DEBUG] [mixin/]: Renaming synthetic method lambda$veil$registerPreloadedTexture$2(Ljava/lang/Runnable;)V to mdb5b860$veil$lambda$veil$registerPreloadedTexture$2$1 in veil.pipeline.mixins.json:client.PipelineTextureManagerMixin from mod veil
[06Aug2026 12:15:12.582] [Render thread/DEBUG] [mixin/]: Renaming synthetic method lambda$veil$registerPreloadedTexture$1(Ljava/lang/Runnable;)V to mdb5b860$veil$lambda$veil$registerPreloadedTexture$1$2 in veil.pipeline.mixins.json:client.PipelineTextureManagerMixin from mod veil
[06Aug2026 12:15:12.582] [Render thread/DEBUG] [mixin/]: Renaming synthetic method lambda$veil$registerPreloadedTexture$0(Lnet/minecraft/resources/ResourceLocation;Lnet/minecraft/client/renderer/texture/AbstractTexture;)V to mdb5b860$veil$lambda$veil$registerPreloadedTexture$0$3 in veil.pipeline.mixins.json:client.PipelineTextureManagerMixin from mod veil
[06Aug2026 12:15:12.587] [Render thread/DEBUG] [mixin/]: veil.debug.mixins.json:client.DebugTextureManagerMixin from mod veil->@Inject::applyLabel(Lnet/minecraft/resources/ResourceLocation;Lnet/minecraft/client/renderer/texture/AbstractTexture;Lorg/spongepowered/asm/mixin/injection/callback/CallbackInfo;)V doesn't use it's CallbackInfo
[06Aug2026 12:15:12.587] [Render thread/DEBUG] [mixin/]: veil.debug.mixins.json:client.DebugTextureManagerMixin from mod veil->@Inject::applyLabel(Lnet/minecraft/resources/ResourceLocation;Lnet/minecraft/client/renderer/texture/AbstractTexture;Lorg/spongepowered/asm/mixin/injection/callback/CallbackInfo;)V has 0 override(s) in child classes
[06Aug2026 12:15:12.587] [Render thread/DEBUG] [mixin/]: veil.debug.mixins.json:client.DebugTextureManagerMixin from mod veil->@Inject::applyLabel(Lnet/minecraft/resources/ResourceLocation;Lnet/minecraft/client/renderer/texture/AbstractTexture;Lorg/spongepowered/asm/mixin/injection/callback/CallbackInfo;)V won't be passed a CallbackInfo as a result
[06Aug2026 12:15:12.597] [Render thread/DEBUG] [mixin/]: Mixing sounds.SoundManagerMixin from simulated.mixins.json into net.minecraft.client.sounds.SoundManager
[06Aug2026 12:15:12.601] [Render thread/DEBUG] [mixin/]: Mixing sounds.SoundEngineMixin from simulated.mixins.json into net.minecraft.client.sounds.SoundEngine
[06Aug2026 12:15:12.601] [Render thread/DEBUG] [mixin/]: Mixing sublevel_sounds.SoundEngineMixin from sable.mixins.json into net.minecraft.client.sounds.SoundEngine
[06Aug2026 12:15:12.604] [Render thread/DEBUG] [mixin/]: sable.mixins.json:sublevel_sounds.SoundEngineMixin from mod sable->@Inject::sable$tick(Lorg/spongepowered/asm/mixin/injection/callback/CallbackInfo;Ljava/util/Iterator;Lnet/minecraft/client/resources/sounds/TickableSoundInstance;FFLnet/minecraft/world/phys/Vec3;Lnet/minecraft/client/sounds/ChannelAccess$ChannelHandle;)V doesn't use it's CallbackInfo
[06Aug2026 12:15:12.604] [Render thread/DEBUG] [mixin/]: sable.mixins.json:sublevel_sounds.SoundEngineMixin from mod sable->@Inject::sable$tick(Lorg/spongepowered/asm/mixin/injection/callback/CallbackInfo;Ljava/util/Iterator;Lnet/minecraft/client/resources/sounds/TickableSoundInstance;FFLnet/minecraft/world/phys/Vec3;Lnet/minecraft/client/sounds/ChannelAccess$ChannelHandle;)V has 0 override(s) in child classes
[06Aug2026 12:15:12.604] [Render thread/DEBUG] [mixin/]: sable.mixins.json:sublevel_sounds.SoundEngineMixin from mod sable->@Inject::sable$tick(Lorg/spongepowered/asm/mixin/injection/callback/CallbackInfo;Ljava/util/Iterator;Lnet/minecraft/client/resources/sounds/TickableSoundInstance;FFLnet/minecraft/world/phys/Vec3;Lnet/minecraft/client/sounds/ChannelAccess$ChannelHandle;)V won't be passed a CallbackInfo as a result
[06Aug2026 12:15:12.604] [Render thread/DEBUG] [mixin/]: sable.mixins.json:sublevel_sounds.SoundEngineMixin from mod sable->@Inject::sable$clear(Lnet/minecraft/client/resources/sounds/SoundInstance;Lorg/spongepowered/asm/mixin/injection/callback/CallbackInfo;Lnet/minecraft/client/sounds/ChannelAccess$ChannelHandle;)V doesn't use it's CallbackInfo
[06Aug2026 12:15:12.604] [Render thread/DEBUG] [mixin/]: sable.mixins.json:sublevel_sounds.SoundEngineMixin from mod sable->@Inject::sable$clear(Lnet/minecraft/client/resources/sounds/SoundInstance;Lorg/spongepowered/asm/mixin/injection/callback/CallbackInfo;Lnet/minecraft/client/sounds/ChannelAccess$ChannelHandle;)V has 0 override(s) in child classes
[06Aug2026 12:15:12.604] [Render thread/DEBUG] [mixin/]: sable.mixins.json:sublevel_sounds.SoundEngineMixin from mod sable->@Inject::sable$clear(Lnet/minecraft/client/resources/sounds/SoundInstance;Lorg/spongepowered/asm/mixin/injection/callback/CallbackInfo;Lnet/minecraft/client/sounds/ChannelAccess$ChannelHandle;)V won't be passed a CallbackInfo as a result
[06Aug2026 12:15:12.629] [Render thread/DEBUG] [mixin/]: Mixing custom_situational_music.MusicManagerAccessor from aeronautics.mixins.json into net.minecraft.client.sounds.MusicManager
[06Aug2026 12:15:12.629] [Render thread/DEBUG] [mixin/]: aeronautics.mixins.json:custom_situational_music.MusicManagerAccessor from mod aeronautics: Class version 65 required is higher than the class version supported by the current version of Mixin (JAVA_18 supports class version 62)
[06Aug2026 12:15:12.640] [Render thread/INFO] [Veil/]: GL Debug supported
[06Aug2026 12:15:12.661] [Render thread/DEBUG] [mixin/]: Mixing accessor.ResourceModelManagerAccessor from veil.resource.mixins.json into net.minecraft.client.resources.model.ModelManager
[06Aug2026 12:15:12.669] [Render thread/DEBUG] [mixin/]: Mixing accessor.ResourceAtlasSetAccessor from veil.resource.mixins.json into net.minecraft.client.resources.model.AtlasSet
[06Aug2026 12:15:12.672] [Render thread/DEBUG] [mixin/]: Mixing sublevel_render.BlockEntityRenderDispatcherMixin from sable.mixins.json into net.minecraft.client.renderer.blockentity.BlockEntityRenderDispatcher
[06Aug2026 12:15:12.675] [Render thread/DEBUG] [mixin/]: Mixing BlockRenderDispatcherMixin from aeronautics.neoforge.mixins.json into net.minecraft.client.renderer.block.BlockRenderDispatcher
[06Aug2026 12:15:12.678] [Render thread/DEBUG] [mixin/]: Mixing accessor.EntityRenderDispatcherAccessor from create.mixins.json into net.minecraft.client.renderer.entity.EntityRenderDispatcher
[06Aug2026 12:15:12.678] [Render thread/DEBUG] [mixin/]: Mixing entity.entities_stick_sublevels.EntityRenderDispatcherMixin from sable.mixins.json into net.minecraft.client.renderer.entity.EntityRenderDispatcher
[06Aug2026 12:15:12.679] [Render thread/DEBUG] [mixin/]: Mixing entity.entity_rendering.shadows.EntityRenderDispatcherMixin from sable.mixins.json into net.minecraft.client.renderer.entity.EntityRenderDispatcher
[06Aug2026 12:15:12.680] [Render thread/DEBUG] [mixin/]: Mixing entity.entity_rotations_and_riding.EntityRenderDispatcherMixin from sable.mixins.json into net.minecraft.client.renderer.entity.EntityRenderDispatcher
[06Aug2026 12:15:12.680] [Render thread/DEBUG] [mixin/]: Renaming synthetic method lambda$sable$rotateEntity$0(Ldev/ryanhcode/sable/sublevel/SubLevel;)Ldev/ryanhcode/sable/companion/math/Pose3dc; to mdb5b860$sable$lambda$sable$rotateEntity$0$0 in sable.mixins.json:entity.entity_rotations_and_riding.EntityRenderDispatcherMixin from mod sable
[06Aug2026 12:15:12.684] [Render thread/DEBUG] [mixin/]: sable.mixins.json:entity.entities_stick_sublevels.EntityRenderDispatcherMixin from mod sable->@Inject::renderHitbox(Lcom/mojang/blaze3d/vertex/PoseStack;Lcom/mojang/blaze3d/vertex/VertexConsumer;Lnet/minecraft/world/entity/Entity;FFFFLorg/spongepowered/asm/mixin/injection/callback/CallbackInfo;)V doesn't use it's CallbackInfo
[06Aug2026 12:15:12.684] [Render thread/DEBUG] [mixin/]: sable.mixins.json:entity.entity_rendering.shadows.EntityRenderDispatcherMixin from mod sable->@Inject::sable$renderShadowsOnSubLevels(Lcom/mojang/blaze3d/vertex/PoseStack;Lnet/minecraft/client/renderer/MultiBufferSource;Lnet/minecraft/world/entity/Entity;FFLnet/minecraft/world/level/LevelReader;FLorg/spongepowered/asm/mixin/injection/callback/CallbackInfo;)V doesn't use it's CallbackInfo
[06Aug2026 12:15:12.684] [Render thread/DEBUG] [mixin/]: sable.mixins.json:entity.entity_rotations_and_riding.EntityRenderDispatcherMixin from mod sable->@Inject::sable$rotateEntity(Lnet/minecraft/world/entity/Entity;DDDFFLcom/mojang/blaze3d/vertex/PoseStack;Lnet/minecraft/client/renderer/MultiBufferSource;ILorg/spongepowered/asm/mixin/injection/callback/CallbackInfo;)V doesn't use it's CallbackInfo
[06Aug2026 12:15:12.684] [Render thread/DEBUG] [mixin/]: sable.mixins.json:entity.entity_rotations_and_riding.EntityRenderDispatcherMixin from mod sable->@Inject::sable$rotateEntity(Lnet/minecraft/world/entity/Entity;DDDFFLcom/mojang/blaze3d/vertex/PoseStack;Lnet/minecraft/client/renderer/MultiBufferSource;ILorg/spongepowered/asm/mixin/injection/callback/CallbackInfo;)V has 0 override(s) in child classes
[06Aug2026 12:15:12.684] [Render thread/DEBUG] [mixin/]: sable.mixins.json:entity.entity_rotations_and_riding.EntityRenderDispatcherMixin from mod sable->@Inject::sable$rotateEntity(Lnet/minecraft/world/entity/Entity;DDDFFLcom/mojang/blaze3d/vertex/PoseStack;Lnet/minecraft/client/renderer/MultiBufferSource;ILorg/spongepowered/asm/mixin/injection/callback/CallbackInfo;)V won't be passed a CallbackInfo as a result
[06Aug2026 12:15:12.684] [Render thread/DEBUG] [mixin/]: sable.mixins.json:entity.entity_rotations_and_riding.EntityRenderDispatcherMixin from mod sable->@Inject::sable$popPose1(Lnet/minecraft/world/entity/Entity;DDDFFLcom/mojang/blaze3d/vertex/PoseStack;Lnet/minecraft/client/renderer/MultiBufferSource;ILorg/spongepowered/asm/mixin/injection/callback/CallbackInfo;)V doesn't use it's CallbackInfo
[06Aug2026 12:15:12.684] [Render thread/DEBUG] [mixin/]: sable.mixins.json:entity.entity_rotations_and_riding.EntityRenderDispatcherMixin from mod sable->@Inject::sable$popPose1(Lnet/minecraft/world/entity/Entity;DDDFFLcom/mojang/blaze3d/vertex/PoseStack;Lnet/minecraft/client/renderer/MultiBufferSource;ILorg/spongepowered/asm/mixin/injection/callback/CallbackInfo;)V has 0 override(s) in child classes
[06Aug2026 12:15:12.684] [Render thread/DEBUG] [mixin/]: sable.mixins.json:entity.entity_rotations_and_riding.EntityRenderDispatcherMixin from mod sable->@Inject::sable$popPose1(Lnet/minecraft/world/entity/Entity;DDDFFLcom/mojang/blaze3d/vertex/PoseStack;Lnet/minecraft/client/renderer/MultiBufferSource;ILorg/spongepowered/asm/mixin/injection/callback/CallbackInfo;)V won't be passed a CallbackInfo as a result
[06Aug2026 12:15:12.684] [Render thread/DEBUG] [mixin/]: sable.mixins.json:entity.entity_rotations_and_riding.EntityRenderDispatcherMixin from mod sable->@Inject::sable$popPose1(Lnet/minecraft/world/entity/Entity;DDDFFLcom/mojang/blaze3d/vertex/PoseStack;Lnet/minecraft/client/renderer/MultiBufferSource;ILorg/spongepowered/asm/mixin/injection/callback/CallbackInfo;)V doesn't use it's CallbackInfo
[06Aug2026 12:15:12.684] [Render thread/DEBUG] [mixin/]: sable.mixins.json:entity.entity_rotations_and_riding.EntityRenderDispatcherMixin from mod sable->@Inject::sable$popPose1(Lnet/minecraft/world/entity/Entity;DDDFFLcom/mojang/blaze3d/vertex/PoseStack;Lnet/minecraft/client/renderer/MultiBufferSource;ILorg/spongepowered/asm/mixin/injection/callback/CallbackInfo;)V has 0 override(s) in child classes
[06Aug2026 12:15:12.684] [Render thread/DEBUG] [mixin/]: sable.mixins.json:entity.entity_rotations_and_riding.EntityRenderDispatcherMixin from mod sable->@Inject::sable$popPose1(Lnet/minecraft/world/entity/Entity;DDDFFLcom/mojang/blaze3d/vertex/PoseStack;Lnet/minecraft/client/renderer/MultiBufferSource;ILorg/spongepowered/asm/mixin/injection/callback/CallbackInfo;)V won't be passed a CallbackInfo as a result
[06Aug2026 12:15:12.684] [Render thread/DEBUG] [mixin/]: sable.mixins.json:entity.entity_rotations_and_riding.EntityRenderDispatcherMixin from mod sable->@Inject::sable$popPose2(Lnet/minecraft/world/entity/Entity;DDDFFLcom/mojang/blaze3d/vertex/PoseStack;Lnet/minecraft/client/renderer/MultiBufferSource;ILorg/spongepowered/asm/mixin/injection/callback/CallbackInfo;)V doesn't use it's CallbackInfo
[06Aug2026 12:15:12.684] [Render thread/DEBUG] [mixin/]: sable.mixins.json:entity.entity_rotations_and_riding.EntityRenderDispatcherMixin from mod sable->@Inject::sable$popPose2(Lnet/minecraft/world/entity/Entity;DDDFFLcom/mojang/blaze3d/vertex/PoseStack;Lnet/minecraft/client/renderer/MultiBufferSource;ILorg/spongepowered/asm/mixin/injection/callback/CallbackInfo;)V has 0 override(s) in child classes
[06Aug2026 12:15:12.684] [Render thread/DEBUG] [mixin/]: sable.mixins.json:entity.entity_rotations_and_riding.EntityRenderDispatcherMixin from mod sable->@Inject::sable$popPose2(Lnet/minecraft/world/entity/Entity;DDDFFLcom/mojang/blaze3d/vertex/PoseStack;Lnet/minecraft/client/renderer/MultiBufferSource;ILorg/spongepowered/asm/mixin/injection/callback/CallbackInfo;)V won't be passed a CallbackInfo as a result
[06Aug2026 12:15:12.688] [Render thread/DEBUG] [mixin/]: Mixing client.RenderBuffersMixin from veil.neoforge.mixins.json into net.minecraft.client.renderer.RenderBuffers
[06Aug2026 12:15:12.689] [Render thread/DEBUG] [mixin/]: Renaming synthetic method lambda$init$0(Ljava/util/Set;Lnet/minecraft/client/renderer/RenderType;)V to mdb5b860$veil$lambda$init$0$0 in veil.neoforge.mixins.json:client.RenderBuffersMixin from mod veil
[06Aug2026 12:15:12.690] [Render thread/DEBUG] [mixin/]: veil.neoforge.mixins.json:client.RenderBuffersMixin from mod veil->@Inject::init(Lorg/spongepowered/asm/mixin/injection/callback/CallbackInfo;)V doesn't use it's CallbackInfo
[06Aug2026 12:15:12.712] [Render thread/DEBUG] [mixin/]: Mixing ModelBlockRendererMixin from flywheel.impl.neoforge.mixins.json into net.minecraft.client.renderer.block.ModelBlockRenderer
[06Aug2026 12:15:12.712] [Render thread/DEBUG] [mixin/]: flywheel.impl.neoforge.mixins.json:ModelBlockRendererMixin from mod flywheel: Class version 65 required is higher than the class version supported by the current version of Mixin (JAVA_17 supports class version 61)
[06Aug2026 12:15:12.712] [Render thread/DEBUG] [mixin/]: Mixing dynamic_directional_shading.ModelBlockRendererMixin from sable.mixins.json into net.minecraft.client.renderer.block.ModelBlockRenderer
[06Aug2026 12:15:12.714] [Render thread/DEBUG] [mixin/]: flywheel.impl.neoforge.mixins.json:ModelBlockRendererMixin from mod flywheel->@Inject::onTesselateBlock(Lnet/minecraft/world/level/BlockAndTintGetter;Lnet/minecraft/client/resources/model/BakedModel;Lnet/minecraft/world/level/block/state/BlockState;Lnet/minecraft/core/BlockPos;Lcom/mojang/blaze3d/vertex/PoseStack;Lcom/mojang/blaze3d/vertex/VertexConsumer;ZLnet/minecraft/util/RandomSource;JILnet/neoforged/neoforge/client/model/data/ModelData;Lnet/minecraft/client/renderer/RenderType;Lorg/spongepowered/asm/mixin/injection/callback/CallbackInfo;Z)V doesn't use it's CallbackInfo
[06Aug2026 12:15:12.715] [Render thread/DEBUG] [mixin/]: flywheel.impl.neoforge.mixins.json:ModelBlockRendererMixin from mod flywheel->@Inject::onTesselateBlock(Lnet/minecraft/world/level/BlockAndTintGetter;Lnet/minecraft/client/resources/model/BakedModel;Lnet/minecraft/world/level/block/state/BlockState;Lnet/minecraft/core/BlockPos;Lcom/mojang/blaze3d/vertex/PoseStack;Lcom/mojang/blaze3d/vertex/VertexConsumer;ZLnet/minecraft/util/RandomSource;JILnet/neoforged/neoforge/client/model/data/ModelData;Lnet/minecraft/client/renderer/RenderType;Lorg/spongepowered/asm/mixin/injection/callback/CallbackInfo;Z)V has 0 override(s) in child classes
[06Aug2026 12:15:12.715] [Render thread/DEBUG] [mixin/]: flywheel.impl.neoforge.mixins.json:ModelBlockRendererMixin from mod flywheel->@Inject::onTesselateBlock(Lnet/minecraft/world/level/BlockAndTintGetter;Lnet/minecraft/client/resources/model/BakedModel;Lnet/minecraft/world/level/block/state/BlockState;Lnet/minecraft/core/BlockPos;Lcom/mojang/blaze3d/vertex/PoseStack;Lcom/mojang/blaze3d/vertex/VertexConsumer;ZLnet/minecraft/util/RandomSource;JILnet/neoforged/neoforge/client/model/data/ModelData;Lnet/minecraft/client/renderer/RenderType;Lorg/spongepowered/asm/mixin/injection/callback/CallbackInfo;Z)V won't be passed a CallbackInfo as a result
[06Aug2026 12:15:12.718] [Render thread/DEBUG] [mixin/]: Mixing dynamic_directional_shading.ModelBlockRendererCacheMixin from sable.mixins.json into net.minecraft.client.renderer.block.ModelBlockRenderer$Cache
[06Aug2026 12:15:12.727] [Render thread/DEBUG] [mixin/]: Mixing client.QuasarParticleEngineMixin from veil.quasar.mixins.json into net.minecraft.client.particle.ParticleEngine
[06Aug2026 12:15:12.728] [Render thread/DEBUG] [mixin/]: Mixing client.accessor.ParticleEngineAccessor from ponder.mixins.json into net.minecraft.client.particle.ParticleEngine
[06Aug2026 12:15:12.728] [Render thread/DEBUG] [mixin/]: ponder.mixins.json:client.accessor.ParticleEngineAccessor from mod ponder: Class version 65 required is higher than the class version supported by the current version of Mixin (JAVA_17 supports class version 61)
[06Aug2026 12:15:12.728] [Render thread/DEBUG] [mixin/]: Mixing particle.ParticleEngineMixin from sable.mixins.json into net.minecraft.client.particle.ParticleEngine
[06Aug2026 12:15:12.731] [Render thread/DEBUG] [mixin/]: veil.quasar.mixins.json:client.QuasarParticleEngineMixin from mod veil->@Inject::tick(Lorg/spongepowered/asm/mixin/injection/callback/CallbackInfo;)V doesn't use it's CallbackInfo
[06Aug2026 12:15:12.731] [Render thread/DEBUG] [mixin/]: veil.quasar.mixins.json:client.QuasarParticleEngineMixin from mod veil->@Inject::tick(Lorg/spongepowered/asm/mixin/injection/callback/CallbackInfo;)V has 0 override(s) in child classes
[06Aug2026 12:15:12.731] [Render thread/DEBUG] [mixin/]: veil.quasar.mixins.json:client.QuasarParticleEngineMixin from mod veil->@Inject::tick(Lorg/spongepowered/asm/mixin/injection/callback/CallbackInfo;)V won't be passed a CallbackInfo as a result
[06Aug2026 12:15:12.731] [Render thread/DEBUG] [mixin/]: veil.quasar.mixins.json:client.QuasarParticleEngineMixin from mod veil->@Inject::countParticles(Lorg/spongepowered/asm/mixin/injection/callback/CallbackInfoReturnable;)V does use it's CallbackInfoReturnable
[06Aug2026 12:15:12.731] [Render thread/DEBUG] [mixin/]: veil.quasar.mixins.json:client.QuasarParticleEngineMixin from mod veil->@Inject::setLevel(Lnet/minecraft/client/multiplayer/ClientLevel;Lorg/spongepowered/asm/mixin/injection/callback/CallbackInfo;)V doesn't use it's CallbackInfo
[06Aug2026 12:15:12.731] [Render thread/DEBUG] [mixin/]: veil.quasar.mixins.json:client.QuasarParticleEngineMixin from mod veil->@Inject::setLevel(Lnet/minecraft/client/multiplayer/ClientLevel;Lorg/spongepowered/asm/mixin/injection/callback/CallbackInfo;)V has 0 override(s) in child classes
[06Aug2026 12:15:12.731] [Render thread/DEBUG] [mixin/]: veil.quasar.mixins.json:client.QuasarParticleEngineMixin from mod veil->@Inject::setLevel(Lnet/minecraft/client/multiplayer/ClientLevel;Lorg/spongepowered/asm/mixin/injection/callback/CallbackInfo;)V won't be passed a CallbackInfo as a result
[06Aug2026 12:15:12.731] [Render thread/DEBUG] [mixin/]: veil.quasar.mixins.json:client.QuasarParticleEngineMixin from mod veil->@Inject::clear(Lorg/spongepowered/asm/mixin/injection/callback/CallbackInfo;)V doesn't use it's CallbackInfo
[06Aug2026 12:15:12.731] [Render thread/DEBUG] [mixin/]: veil.quasar.mixins.json:client.QuasarParticleEngineMixin from mod veil->@Inject::clear(Lorg/spongepowered/asm/mixin/injection/callback/CallbackInfo;)V has 0 override(s) in child classes
[06Aug2026 12:15:12.731] [Render thread/DEBUG] [mixin/]: veil.quasar.mixins.json:client.QuasarParticleEngineMixin from mod veil->@Inject::clear(Lorg/spongepowered/asm/mixin/injection/callback/CallbackInfo;)V won't be passed a CallbackInfo as a result
[06Aug2026 12:15:12.731] [Render thread/DEBUG] [mixin/]: sable.mixins.json:particle.ParticleEngineMixin from mod sable->@Inject::sable$onParticleAdd(Lnet/minecraft/client/particle/Particle;Lorg/spongepowered/asm/mixin/injection/callback/CallbackInfo;)V doesn't use it's CallbackInfo
[06Aug2026 12:15:12.731] [Render thread/DEBUG] [mixin/]: sable.mixins.json:particle.ParticleEngineMixin from mod sable->@Inject::sable$onParticleAdd(Lnet/minecraft/client/particle/Particle;Lorg/spongepowered/asm/mixin/injection/callback/CallbackInfo;)V has 0 override(s) in child classes
[06Aug2026 12:15:12.731] [Render thread/DEBUG] [mixin/]: sable.mixins.json:particle.ParticleEngineMixin from mod sable->@Inject::sable$onParticleAdd(Lnet/minecraft/client/particle/Particle;Lorg/spongepowered/asm/mixin/injection/callback/CallbackInfo;)V won't be passed a CallbackInfo as a result
[06Aug2026 12:15:12.735] [Render thread/DEBUG] [mixin/]: Mixing levitite.TerrainParticleMixin from aeronautics.mixins.json into net.minecraft.client.particle.TerrainParticle
[06Aug2026 12:15:12.735] [Render thread/DEBUG] [mixin/]: aeronautics.mixins.json:levitite.TerrainParticleMixin from mod aeronautics: Class version 65 required is higher than the class version supported by the current version of Mixin (JAVA_18 supports class version 62)
[06Aug2026 12:15:12.736] [Render thread/DEBUG] [mixin/]: Mixing particle.TerrainParticleMixin from sable.mixins.json into net.minecraft.client.particle.TerrainParticle
[06Aug2026 12:15:12.738] [Render thread/DEBUG] [mixin/]: aeronautics.mixins.json:levitite.TerrainParticleMixin from mod aeronautics->@Inject::levititeParticles(Lnet/minecraft/client/multiplayer/ClientLevel;DDDDDDLnet/minecraft/world/level/block/state/BlockState;Lnet/minecraft/core/BlockPos;Lorg/spongepowered/asm/mixin/injection/callback/CallbackInfo;)V doesn't use it's CallbackInfo
[06Aug2026 12:15:12.738] [Render thread/DEBUG] [mixin/]: aeronautics.mixins.json:levitite.TerrainParticleMixin from mod aeronautics->@Inject::levititeParticles(Lnet/minecraft/client/multiplayer/ClientLevel;DDDDDDLnet/minecraft/world/level/block/state/BlockState;Lnet/minecraft/core/BlockPos;Lorg/spongepowered/asm/mixin/injection/callback/CallbackInfo;)V has 0 override(s) in child classes
[06Aug2026 12:15:12.738] [Render thread/DEBUG] [mixin/]: aeronautics.mixins.json:levitite.TerrainParticleMixin from mod aeronautics->@Inject::levititeParticles(Lnet/minecraft/client/multiplayer/ClientLevel;DDDDDDLnet/minecraft/world/level/block/state/BlockState;Lnet/minecraft/core/BlockPos;Lorg/spongepowered/asm/mixin/injection/callback/CallbackInfo;)V won't be passed a CallbackInfo as a result
[06Aug2026 12:15:12.741] [Render thread/DEBUG] [mixin/]: Mixing client.PipelineParticleRenderTypeMixin from veil.pipeline.mixins.json into net.minecraft.client.particle.ParticleRenderType$1
[06Aug2026 12:15:12.742] [Render thread/DEBUG] [mixin/]: Mixing client.PipelineParticleRenderTypeMixin from veil.pipeline.mixins.json into net.minecraft.client.particle.ParticleRenderType$3
[06Aug2026 12:15:12.744] [Render thread/DEBUG] [mixin/]: Mixing particle.BlockMarkerMixin from sable.mixins.json into net.minecraft.client.particle.BlockMarker
[06Aug2026 12:15:12.785] [Render thread/DEBUG] [mixin/]: Mixing particle.FlameParticleMixin from sable.mixins.json into net.minecraft.client.particle.FlameParticle
[06Aug2026 12:15:12.797] [Render thread/DEBUG] [mixin/]: Mixing particle.SuspendedParticleMixin from sable.mixins.json into net.minecraft.client.particle.SuspendedParticle
[06Aug2026 12:15:12.810] [Render thread/DEBUG] [mixin/]: Mixing compatibility.create.particles.AirFlowParticleMixin from sable-neoforge.mixins.json into com.simibubi.create.content.kinetics.fan.AirFlowParticle
[06Aug2026 12:15:12.816] [Render thread/DEBUG] [mixin/]: sable-neoforge.mixins.json:compatibility.create.particles.AirFlowParticleMixin from mod sable->@Inject::sable$fixAirflowParticle(Lorg/spongepowered/asm/mixin/injection/callback/CallbackInfo;)V does use it's CallbackInfo
[06Aug2026 12:15:12.816] [Render thread/DEBUG] [mixin/]: sable-neoforge.mixins.json:compatibility.create.particles.AirFlowParticleMixin from mod sable->@Inject::sable$transformNormal(Lorg/spongepowered/asm/mixin/injection/callback/CallbackInfo;)V doesn't use it's CallbackInfo
[06Aug2026 12:15:12.816] [Render thread/DEBUG] [mixin/]: sable-neoforge.mixins.json:compatibility.create.particles.AirFlowParticleMixin from mod sable->@Inject::sable$transformNormal(Lorg/spongepowered/asm/mixin/injection/callback/CallbackInfo;)V has 0 override(s) in child classes
[06Aug2026 12:15:12.816] [Render thread/DEBUG] [mixin/]: sable-neoforge.mixins.json:compatibility.create.particles.AirFlowParticleMixin from mod sable->@Inject::sable$transformNormal(Lorg/spongepowered/asm/mixin/injection/callback/CallbackInfo;)V won't be passed a CallbackInfo as a result
[06Aug2026 12:15:12.818] [Render thread/DEBUG] [mixin/]: Mixing compatibility.create.particles.AirParticleMixin from sable-neoforge.mixins.json into com.simibubi.create.foundation.particle.AirParticle
[06Aug2026 12:15:12.821] [Render thread/DEBUG] [mixin/]: sable-neoforge.mixins.json:compatibility.create.particles.AirParticleMixin from mod sable->@Inject::sable$postInit(Lnet/minecraft/client/multiplayer/ClientLevel;Lcom/simibubi/create/foundation/particle/AirParticleData;DDDDDDLnet/minecraft/client/particle/SpriteSet;Lorg/spongepowered/asm/mixin/injection/callback/CallbackInfo;)V doesn't use it's CallbackInfo
[06Aug2026 12:15:12.821] [Render thread/DEBUG] [mixin/]: sable-neoforge.mixins.json:compatibility.create.particles.AirParticleMixin from mod sable->@Inject::sable$postInit(Lnet/minecraft/client/multiplayer/ClientLevel;Lcom/simibubi/create/foundation/particle/AirParticleData;DDDDDDLnet/minecraft/client/particle/SpriteSet;Lorg/spongepowered/asm/mixin/injection/callback/CallbackInfo;)V has 0 override(s) in child classes
[06Aug2026 12:15:12.821] [Render thread/DEBUG] [mixin/]: sable-neoforge.mixins.json:compatibility.create.particles.AirParticleMixin from mod sable->@Inject::sable$postInit(Lnet/minecraft/client/multiplayer/ClientLevel;Lcom/simibubi/create/foundation/particle/AirParticleData;DDDDDDLnet/minecraft/client/particle/SpriteSet;Lorg/spongepowered/asm/mixin/injection/callback/CallbackInfo;)V won't be passed a CallbackInfo as a result
[06Aug2026 12:15:12.823] [Render thread/DEBUG] [mixin/]: Mixing client.ResourceTextureAtlasHolderMixin from veil.resource.mixins.json into net.minecraft.client.resources.TextureAtlasHolder
[06Aug2026 12:15:12.839] [Render thread/DEBUG] [mixin/]: Mixing client.DebugVertexBufferMixin from veil.debug.mixins.json into com.mojang.blaze3d.vertex.VertexBuffer
[06Aug2026 12:15:12.840] [Render thread/DEBUG] [mixin/]: Mixing client.PipelineVertexBufferMixin from veil.pipeline.mixins.json into com.mojang.blaze3d.vertex.VertexBuffer
[06Aug2026 12:15:12.840] [Render thread/DEBUG] [mixin/]: Renaming synthetic method lambda$veil$drawIndirect$1(JII)V to mdb5b860$veil$lambda$veil$drawIndirect$1$0 in veil.pipeline.mixins.json:client.PipelineVertexBufferMixin from mod veil
[06Aug2026 12:15:12.840] [Render thread/DEBUG] [mixin/]: Renaming synthetic method lambda$veil$drawInstanced$0(I)V to mdb5b860$veil$lambda$veil$drawInstanced$0$1 in veil.pipeline.mixins.json:client.PipelineVertexBufferMixin from mod veil
[06Aug2026 12:15:12.844] [Render thread/DEBUG] [mixin/]: veil.pipeline.mixins.json:client.PipelineVertexBufferMixin from mod veil->@Inject::drawPatches(Lorg/spongepowered/asm/mixin/injection/callback/CallbackInfo;)V does use it's CallbackInfo
[06Aug2026 12:15:12.847] [Render thread/DEBUG] [mixin/]: Mixing client.accessor.BufferBuilderAccessor from ponder-common.mixins.json into com.mojang.blaze3d.vertex.BufferBuilder
[06Aug2026 12:15:12.847] [Render thread/DEBUG] [mixin/]: ponder-common.mixins.json:client.accessor.BufferBuilderAccessor from mod ponder: Class version 65 required is higher than the class version supported by the current version of Mixin (JAVA_17 supports class version 61)
[06Aug2026 12:15:12.863] [Render thread/DEBUG] [mixin/]: Mixing accessor.GuiAccessor from create.mixins.json into net.minecraft.client.gui.Gui
[06Aug2026 12:15:12.863] [Render thread/DEBUG] [mixin/]: Mixing camera.camera_rotation.GuiMixin from sable.mixins.json into net.minecraft.client.gui.Gui
[06Aug2026 12:15:12.863] [Render thread/DEBUG] [mixin/]: Renaming synthetic method lambda$sable$onRenderCrosshair$0(Ldev/ryanhcode/sable/sublevel/SubLevel;)Ldev/ryanhcode/sable/companion/math/Pose3dc; to mdb5b860$sable$lambda$sable$onRenderCrosshair$0$0 in sable.mixins.json:camera.camera_rotation.GuiMixin from mod sable
[06Aug2026 12:15:12.866] [Render thread/DEBUG] [mixin/]: sable.mixins.json:camera.camera_rotation.GuiMixin from mod sable->@Inject::sable$onRenderCrosshair(Lorg/spongepowered/asm/mixin/injection/callback/CallbackInfo;)V doesn't use it's CallbackInfo
[06Aug2026 12:15:12.866] [Render thread/DEBUG] [mixin/]: sable.mixins.json:camera.camera_rotation.GuiMixin from mod sable->@Inject::sable$onRenderCrosshair(Lorg/spongepowered/asm/mixin/injection/callback/CallbackInfo;)V has 0 override(s) in child classes
[06Aug2026 12:15:12.866] [Render thread/DEBUG] [mixin/]: sable.mixins.json:camera.camera_rotation.GuiMixin from mod sable->@Inject::sable$onRenderCrosshair(Lorg/spongepowered/asm/mixin/injection/callback/CallbackInfo;)V won't be passed a CallbackInfo as a result
[06Aug2026 12:15:12.872] [Render thread/DEBUG] [mixin/]: Mixing toast.IntegratedServerMixin from sable.mixins.json into net.minecraft.client.server.IntegratedServer
[06Aug2026 12:15:12.879] [Render thread/DEBUG] [mixin/]: Mixing client.PipelineDebugScreenOverlayMixin from veil.pipeline.mixins.json into net.minecraft.client.gui.components.DebugScreenOverlay
[06Aug2026 12:15:12.880] [Render thread/DEBUG] [mixin/]: Mixing debug_render.DebugScreenOverlayMixin from sable.mixins.json into net.minecraft.client.gui.components.DebugScreenOverlay
[06Aug2026 12:15:12.893] [Render thread/DEBUG] [mixin/]: Mixing debug_render.DebugRendererMixin from sable.mixins.json into net.minecraft.client.renderer.debug.DebugRenderer
[06Aug2026 12:15:12.898] [Render thread/DEBUG] [mixin/]: Mixing loaded_chunk_debug.ChunkBorderRendererMixin from sable.mixins.json into net.minecraft.client.renderer.debug.ChunkBorderRenderer
[06Aug2026 12:15:12.899] [Render thread/DEBUG] [mixin/]: sable.mixins.json:loaded_chunk_debug.ChunkBorderRendererMixin from mod sable->@Inject::render(Lcom/mojang/blaze3d/vertex/PoseStack;Lnet/minecraft/client/renderer/MultiBufferSource;DDDLorg/spongepowered/asm/mixin/injection/callback/CallbackInfo;)V does use it's CallbackInfo
[06Aug2026 12:15:12.918] [Render thread/INFO] [net.neoforged.neoforge.gametest.GameTestHooks/]: Enabled Gametest Namespaces: []
[06Aug2026 12:15:12.922] [Render thread/DEBUG] [mixin/]: Mixing accessor.GameTestHelperAccessor from create.mixins.json into net.minecraft.gametest.framework.GameTestHelper
[06Aug2026 12:15:12.931] [Render thread/DEBUG] [mixin/]: Mixing game_test.StructureUtilsMixin from sable.mixins.json into net.minecraft.gametest.framework.StructureUtils
[06Aug2026 12:15:12.932] [Render thread/DEBUG] [mixin/]: sable.mixins.json:game_test.StructureUtilsMixin from mod sable->@Inject::clearSpaceForStructure(Lnet/minecraft/world/level/levelgen/structure/BoundingBox;Lnet/minecraft/server/level/ServerLevel;Lorg/spongepowered/asm/mixin/injection/callback/CallbackInfo;)V doesn't use it's CallbackInfo
[06Aug2026 12:15:13.002] [Render thread/DEBUG] [mixin/]: Mixing entity.entity_leashing.EntityRendererMixin from sable.mixins.json into net.minecraft.client.renderer.entity.EntityRenderer
[06Aug2026 12:15:13.005] [Render thread/DEBUG] [mixin/]: Mixing entity.entity_rendering.EntityRendererMixin from sable.mixins.json into net.minecraft.client.renderer.entity.EntityRenderer
[06Aug2026 12:15:13.011] [Render thread/DEBUG] [mixin/]: Mixing entity.entity_rotations_and_riding.EntityRendererMixin from sable.mixins.json into net.minecraft.client.renderer.entity.EntityRenderer
[06Aug2026 12:15:13.011] [Render thread/DEBUG] [mixin/]: Renaming synthetic method lambda$sable$renderNameTag$0(Ldev/ryanhcode/sable/sublevel/SubLevel;)Ldev/ryanhcode/sable/companion/math/Pose3dc; to mdb5b860$sable$lambda$sable$renderNameTag$0$0 in sable.mixins.json:entity.entity_rotations_and_riding.EntityRendererMixin from mod sable
[06Aug2026 12:15:13.018] [Render thread/DEBUG] [mixin/]: sable.mixins.json:entity.entity_rendering.EntityRendererMixin from mod sable->@Inject::sable$shouldRender(Lnet/minecraft/world/entity/Entity;Lnet/minecraft/client/renderer/culling/Frustum;DDDLorg/spongepowered/asm/mixin/injection/callback/CallbackInfoReturnable;)V does use it's CallbackInfoReturnable
[06Aug2026 12:15:13.023] [Render thread/DEBUG] [mixin/]: Mixing client.PlayerRendererMixin from create.mixins.json into net.minecraft.client.renderer.entity.player.PlayerRenderer
[06Aug2026 12:15:13.024] [Render thread/DEBUG] [mixin/]: create.mixins.json:client.PlayerRendererMixin from mod create->@Inject::create$onGetArmPose(Lnet/minecraft/client/player/AbstractClientPlayer;Lnet/minecraft/world/InteractionHand;Lorg/spongepowered/asm/mixin/injection/callback/CallbackInfoReturnable;)V does use it's CallbackInfoReturnable
[06Aug2026 12:15:13.026] [Render thread/DEBUG] [mixin/]: Mixing respawn_point.sleeping.LivingEntityRendererMixin from sable.mixins.json into net.minecraft.client.renderer.entity.LivingEntityRenderer
[06Aug2026 12:15:13.027] [Render thread/DEBUG] [mixin/]: sable.mixins.json:respawn_point.sleeping.LivingEntityRendererMixin from mod sable->@Inject::sable$setupRotations(Lnet/minecraft/world/entity/LivingEntity;FFLcom/mojang/blaze3d/vertex/PoseStack;Lnet/minecraft/client/renderer/MultiBufferSource;ILorg/spongepowered/asm/mixin/injection/callback/CallbackInfo;)V doesn't use it's CallbackInfo
[06Aug2026 12:15:13.027] [Render thread/DEBUG] [mixin/]: sable.mixins.json:respawn_point.sleeping.LivingEntityRendererMixin from mod sable->@Inject::sable$setupRotations(Lnet/minecraft/world/entity/LivingEntity;FFLcom/mojang/blaze3d/vertex/PoseStack;Lnet/minecraft/client/renderer/MultiBufferSource;ILorg/spongepowered/asm/mixin/injection/callback/CallbackInfo;)V has 0 override(s) in child classes
[06Aug2026 12:15:13.027] [Render thread/DEBUG] [mixin/]: sable.mixins.json:respawn_point.sleeping.LivingEntityRendererMixin from mod sable->@Inject::sable$setupRotations(Lnet/minecraft/world/entity/LivingEntity;FFLcom/mojang/blaze3d/vertex/PoseStack;Lnet/minecraft/client/renderer/MultiBufferSource;ILorg/spongepowered/asm/mixin/injection/callback/CallbackInfo;)V won't be passed a CallbackInfo as a result
[06Aug2026 12:15:13.036] [Render thread/DEBUG] [mixin/]: Mixing accessor.HumanoidArmorLayerAccessor from create.mixins.json into net.minecraft.client.renderer.entity.layers.HumanoidArmorLayer
[06Aug2026 12:15:13.036] [Render thread/DEBUG] [mixin/]: Renaming @Accessor method create$getArmorLocationCache()Ljava/util/Map; to getArmorLocationCache$create_$md$b5b860$0 in create.mixins.json:accessor.HumanoidArmorLayerAccessor from mod create
[06Aug2026 12:15:13.036] [Render thread/DEBUG] [mixin/]: Mixing client.HumanoidArmorLayerMixin from create.mixins.json into net.minecraft.client.renderer.entity.layers.HumanoidArmorLayer
[06Aug2026 12:15:13.037] [Render thread/DEBUG] [mixin/]: create.mixins.json:client.HumanoidArmorLayerMixin from mod create->@Inject::create$onRenderArmorPiece(Lcom/mojang/blaze3d/vertex/PoseStack;Lnet/minecraft/client/renderer/MultiBufferSource;Lnet/minecraft/world/entity/LivingEntity;Lnet/minecraft/world/entity/EquipmentSlot;ILnet/minecraft/client/model/HumanoidModel;FFFFFFLorg/spongepowered/asm/mixin/injection/callback/CallbackInfo;)V does use it's CallbackInfo
[06Aug2026 12:15:13.124] [Render thread/DEBUG] [mixin/]: Mixing hold_interaction.GoggleOverlayRendererMixin from simulated.mixins.json into com.simibubi.create.content.equipment.goggles.GoggleOverlayRenderer
[06Aug2026 12:15:13.126] [Render thread/DEBUG] [mixin/]: simulated.mixins.json:hold_interaction.GoggleOverlayRendererMixin from mod simulated->@Inject::decrementRenderTicks(Lorg/spongepowered/asm/mixin/injection/callback/CallbackInfo;)V doesn't use it's CallbackInfo
[06Aug2026 12:15:13.126] [Render thread/DEBUG] [mixin/]: simulated.mixins.json:hold_interaction.GoggleOverlayRendererMixin from mod simulated->@Inject::dontRenderTheText(Lnet/minecraft/client/gui/GuiGraphics;Lnet/minecraft/client/DeltaTracker;Lorg/spongepowered/asm/mixin/injection/callback/CallbackInfo;)V does use it's CallbackInfo
[06Aug2026 12:15:13.129] [Render thread/DEBUG] [mixin/]: Mixing compatibility.create.render_fixes.BlockClusterOutlineMixin from sable-neoforge.mixins.json into net.createmod.catnip.outliner.BlockClusterOutline
[06Aug2026 12:15:13.131] [Render thread/DEBUG] [mixin/]: sable-neoforge.mixins.json:compatibility.create.render_fixes.BlockClusterOutlineMixin from mod sable->@Inject::sable$gatherSublevel(Ljava/lang/Iterable;Lorg/spongepowered/asm/mixin/injection/callback/CallbackInfo;)V doesn't use it's CallbackInfo
[06Aug2026 12:15:13.131] [Render thread/DEBUG] [mixin/]: sable-neoforge.mixins.json:compatibility.create.render_fixes.BlockClusterOutlineMixin from mod sable->@Inject::sable$gatherSublevel(Ljava/lang/Iterable;Lorg/spongepowered/asm/mixin/injection/callback/CallbackInfo;)V has 0 override(s) in child classes
[06Aug2026 12:15:13.131] [Render thread/DEBUG] [mixin/]: sable-neoforge.mixins.json:compatibility.create.render_fixes.BlockClusterOutlineMixin from mod sable->@Inject::sable$gatherSublevel(Ljava/lang/Iterable;Lorg/spongepowered/asm/mixin/injection/callback/CallbackInfo;)V won't be passed a CallbackInfo as a result
[06Aug2026 12:15:13.131] [Render thread/DEBUG] [mixin/]: sable-neoforge.mixins.json:compatibility.create.render_fixes.BlockClusterOutlineMixin from mod sable->@Inject::sable$projectFromSublevel(Lcom/mojang/blaze3d/vertex/PoseStack;Lnet/createmod/catnip/render/SuperRenderTypeBuffer;Lnet/minecraft/world/phys/Vec3;FLorg/spongepowered/asm/mixin/injection/callback/CallbackInfo;)V doesn't use it's CallbackInfo
[06Aug2026 12:15:13.131] [Render thread/DEBUG] [mixin/]: sable-neoforge.mixins.json:compatibility.create.render_fixes.BlockClusterOutlineMixin from mod sable->@Inject::sable$projectFromSublevel(Lcom/mojang/blaze3d/vertex/PoseStack;Lnet/createmod/catnip/render/SuperRenderTypeBuffer;Lnet/minecraft/world/phys/Vec3;FLorg/spongepowered/asm/mixin/injection/callback/CallbackInfo;)V has 0 override(s) in child classes
[06Aug2026 12:15:13.131] [Render thread/DEBUG] [mixin/]: sable-neoforge.mixins.json:compatibility.create.render_fixes.BlockClusterOutlineMixin from mod sable->@Inject::sable$projectFromSublevel(Lcom/mojang/blaze3d/vertex/PoseStack;Lnet/createmod/catnip/render/SuperRenderTypeBuffer;Lnet/minecraft/world/phys/Vec3;FLorg/spongepowered/asm/mixin/injection/callback/CallbackInfo;)V won't be passed a CallbackInfo as a result
[06Aug2026 12:15:13.131] [Render thread/DEBUG] [mixin/]: sable-neoforge.mixins.json:compatibility.create.render_fixes.BlockClusterOutlineMixin from mod sable->@Inject::sable$popPose(Lcom/mojang/blaze3d/vertex/PoseStack;Lnet/createmod/catnip/render/SuperRenderTypeBuffer;Lnet/minecraft/world/phys/Vec3;FLorg/spongepowered/asm/mixin/injection/callback/CallbackInfo;)V doesn't use it's CallbackInfo
[06Aug2026 12:15:13.131] [Render thread/DEBUG] [mixin/]: sable-neoforge.mixins.json:compatibility.create.render_fixes.BlockClusterOutlineMixin from mod sable->@Inject::sable$popPose(Lcom/mojang/blaze3d/vertex/PoseStack;Lnet/createmod/catnip/render/SuperRenderTypeBuffer;Lnet/minecraft/world/phys/Vec3;FLorg/spongepowered/asm/mixin/injection/callback/CallbackInfo;)V has 0 override(s) in child classes
[06Aug2026 12:15:13.131] [Render thread/DEBUG] [mixin/]: sable-neoforge.mixins.json:compatibility.create.render_fixes.BlockClusterOutlineMixin from mod sable->@Inject::sable$popPose(Lcom/mojang/blaze3d/vertex/PoseStack;Lnet/createmod/catnip/render/SuperRenderTypeBuffer;Lnet/minecraft/world/phys/Vec3;FLorg/spongepowered/asm/mixin/injection/callback/CallbackInfo;)V won't be passed a CallbackInfo as a result
[06Aug2026 12:15:13.131] [Render thread/DEBUG] [mixin/]: Mixing compatibility.create.render_fixes.ChasingAABBOutlineMixin from sable-neoforge.mixins.json into net.createmod.catnip.outliner.ChasingAABBOutline
[06Aug2026 12:15:13.132] [Render thread/DEBUG] [mixin/]: Mixing compatibility.create.render_fixes.ChasingAABBOutlinerMixin from sable-neoforge.mixins.json into net.createmod.catnip.outliner.ChasingAABBOutline
[06Aug2026 12:15:13.132] [Render thread/DEBUG] [mixin/]: sable-neoforge.mixins.json:compatibility.create.render_fixes.ChasingAABBOutlineMixin from mod sable->@Inject::sable$pushPose(Lcom/mojang/blaze3d/vertex/PoseStack;Lnet/createmod/catnip/render/SuperRenderTypeBuffer;Lnet/minecraft/world/phys/Vec3;FLorg/spongepowered/asm/mixin/injection/callback/CallbackInfo;)V doesn't use it's CallbackInfo
[06Aug2026 12:15:13.132] [Render thread/DEBUG] [mixin/]: sable-neoforge.mixins.json:compatibility.create.render_fixes.ChasingAABBOutlineMixin from mod sable->@Inject::sable$pushPose(Lcom/mojang/blaze3d/vertex/PoseStack;Lnet/createmod/catnip/render/SuperRenderTypeBuffer;Lnet/minecraft/world/phys/Vec3;FLorg/spongepowered/asm/mixin/injection/callback/CallbackInfo;)V has 0 override(s) in child classes
[06Aug2026 12:15:13.132] [Render thread/DEBUG] [mixin/]: sable-neoforge.mixins.json:compatibility.create.render_fixes.ChasingAABBOutlineMixin from mod sable->@Inject::sable$pushPose(Lcom/mojang/blaze3d/vertex/PoseStack;Lnet/createmod/catnip/render/SuperRenderTypeBuffer;Lnet/minecraft/world/phys/Vec3;FLorg/spongepowered/asm/mixin/injection/callback/CallbackInfo;)V won't be passed a CallbackInfo as a result
[06Aug2026 12:15:13.132] [Render thread/DEBUG] [mixin/]: sable-neoforge.mixins.json:compatibility.create.render_fixes.ChasingAABBOutlineMixin from mod sable->@Inject::sable$popPose(Lcom/mojang/blaze3d/vertex/PoseStack;Lnet/createmod/catnip/render/SuperRenderTypeBuffer;Lnet/minecraft/world/phys/Vec3;FLorg/spongepowered/asm/mixin/injection/callback/CallbackInfo;)V doesn't use it's CallbackInfo
[06Aug2026 12:15:13.132] [Render thread/DEBUG] [mixin/]: sable-neoforge.mixins.json:compatibility.create.render_fixes.ChasingAABBOutlineMixin from mod sable->@Inject::sable$popPose(Lcom/mojang/blaze3d/vertex/PoseStack;Lnet/createmod/catnip/render/SuperRenderTypeBuffer;Lnet/minecraft/world/phys/Vec3;FLorg/spongepowered/asm/mixin/injection/callback/CallbackInfo;)V has 0 override(s) in child classes
[06Aug2026 12:15:13.132] [Render thread/DEBUG] [mixin/]: sable-neoforge.mixins.json:compatibility.create.render_fixes.ChasingAABBOutlineMixin from mod sable->@Inject::sable$popPose(Lcom/mojang/blaze3d/vertex/PoseStack;Lnet/createmod/catnip/render/SuperRenderTypeBuffer;Lnet/minecraft/world/phys/Vec3;FLorg/spongepowered/asm/mixin/injection/callback/CallbackInfo;)V won't be passed a CallbackInfo as a result
[06Aug2026 12:15:13.132] [Render thread/DEBUG] [mixin/]: sable-neoforge.mixins.json:compatibility.create.render_fixes.ChasingAABBOutlinerMixin from mod sable->@Inject::sable$bbDistanceCheck(Lnet/minecraft/world/phys/AABB;Lnet/minecraft/world/phys/AABB;FLorg/spongepowered/asm/mixin/injection/callback/CallbackInfoReturnable;)V does use it's CallbackInfoReturnable
[06Aug2026 12:15:13.136] [Render thread/DEBUG] [mixin/]: Mixing compatibility.create.toolbox.ToolBoxClientHandlerMixin from sable-neoforge.mixins.json into com.simibubi.create.content.equipment.toolbox.ToolboxHandlerClient
[06Aug2026 12:15:13.145] [Render thread/DEBUG] [mixin/]: Mixing world_presets.CreateWorldScreenMixin from simulated.mixins.json into net.minecraft.client.gui.screens.worldselection.CreateWorldScreen
[06Aug2026 12:15:13.148] [Render thread/DEBUG] [mixin/]: simulated.mixins.json:world_presets.CreateWorldScreenMixin from mod simulated->@Inject::simulated$createNewWorld(Lorg/spongepowered/asm/mixin/injection/callback/CallbackInfo;)V doesn't use it's CallbackInfo
[06Aug2026 12:15:13.148] [Render thread/DEBUG] [mixin/]: simulated.mixins.json:world_presets.CreateWorldScreenMixin from mod simulated->@Inject::simulated$createNewWorld(Lorg/spongepowered/asm/mixin/injection/callback/CallbackInfo;)V has 0 override(s) in child classes
[06Aug2026 12:15:13.148] [Render thread/DEBUG] [mixin/]: simulated.mixins.json:world_presets.CreateWorldScreenMixin from mod simulated->@Inject::simulated$createNewWorld(Lorg/spongepowered/asm/mixin/injection/callback/CallbackInfo;)V won't be passed a CallbackInfo as a result
[06Aug2026 12:15:13.148] [Render thread/DEBUG] [mixin/]: simulated.mixins.json:world_presets.CreateWorldScreenMixin from mod simulated->@Inject::simulated$createNewWorld2(Lorg/spongepowered/asm/mixin/injection/callback/CallbackInfo;)V doesn't use it's CallbackInfo
[06Aug2026 12:15:13.148] [Render thread/DEBUG] [mixin/]: simulated.mixins.json:world_presets.CreateWorldScreenMixin from mod simulated->@Inject::simulated$createNewWorld2(Lorg/spongepowered/asm/mixin/injection/callback/CallbackInfo;)V has 0 override(s) in child classes
[06Aug2026 12:15:13.148] [Render thread/DEBUG] [mixin/]: simulated.mixins.json:world_presets.CreateWorldScreenMixin from mod simulated->@Inject::simulated$createNewWorld2(Lorg/spongepowered/asm/mixin/injection/callback/CallbackInfo;)V won't be passed a CallbackInfo as a result
[06Aug2026 12:15:13.156] [Render thread/DEBUG] [mixin/]: Mixing ModelPartAccessor from flywheel.impl.mixins.json into net.minecraft.client.model.geom.ModelPart
[06Aug2026 12:15:13.185] [Render thread/DEBUG] [mixin/]: Mixing accessor.DynamicBufferProgramAccessor from veil.dynamicbuffer.mixins.json into com.mojang.blaze3d.shaders.Program
[06Aug2026 12:15:13.186] [Render thread/DEBUG] [mixin/]: Mixing sublevel_render.fancy.ProgramMixin from sable.mixins.json into com.mojang.blaze3d.shaders.Program
[06Aug2026 12:15:13.192] [Render thread/DEBUG] [mixin/]: Mixing client.ShaderProgramManagerMixin from veil.shader.mixins.json into com.mojang.blaze3d.shaders.ProgramManager
[06Aug2026 12:15:13.193] [Render thread/DEBUG] [mixin/]: veil.shader.mixins.json:client.ShaderProgramManagerMixin from mod veil->@Inject::veil$cancelProgram(Lorg/spongepowered/asm/mixin/injection/callback/CallbackInfoReturnable;)V does use it's CallbackInfoReturnable
[06Aug2026 12:15:13.193] [Render thread/DEBUG] [mixin/]: veil.shader.mixins.json:client.ShaderProgramManagerMixin from mod veil->@Inject::veil$cancelLinkShader(Lcom/mojang/blaze3d/shaders/Shader;Lorg/spongepowered/asm/mixin/injection/callback/CallbackInfo;)V does use it's CallbackInfo
[06Aug2026 12:15:13.249] [Render thread/INFO] [net.minecraft.server.packs.resources.ReloadableResourceManager/]: Reloading ResourceManager: vanilla, mod_resources, mod/veil, mod/simulated, mod/playertrackingcompass, mod/aeronautics, mod/aeronautics_bundled, mod/sablecompanion, mod/flywheel, mod/ponder, mod/create, mod/sable, mod/linearbearing, mod/offroad, mod/neoforge, mod/playertracker
[06Aug2026 12:15:13.256] [Render thread/DEBUG] [mixin/]: Mixing SimpleReloadInstanceMixin from veil.debug.mixins.json into net.minecraft.server.packs.resources.SimpleReloadInstance
[06Aug2026 12:15:13.263] [Worker-Main-4/DEBUG] [mixin/]: Mixing accessor.FluidInteractionRegistryAccessor from create.mixins.json into net.neoforged.neoforge.fluids.FluidInteractionRegistry
[06Aug2026 12:15:13.263] [Worker-Main-4/DEBUG] [mixin/]: Renaming @Accessor method getInteractions()Ljava/util/Map; to getInteractions$create_$md$b5b860$0 in create.mixins.json:accessor.FluidInteractionRegistryAccessor from mod create
[06Aug2026 12:15:13.264] [Render thread/DEBUG] [mixin/]: Mixing options.OptionsScreenMixin from sable.mixins.json into net.minecraft.client.gui.screens.options.OptionsScreen
[06Aug2026 12:15:13.264] [Render thread/DEBUG] [mixin/]: Renaming synthetic method lambda$sable$createSableButton$0(Lnet/minecraft/client/gui/components/Button;)V to mdb5b860$sable$lambda$sable$createSableButton$0$0 in sable.mixins.json:options.OptionsScreenMixin from mod sable
[06Aug2026 12:15:13.267] [Render thread/DEBUG] [mixin/]: sable.mixins.json:options.OptionsScreenMixin from mod sable->@Inject::sable$createSableButton(Lorg/spongepowered/asm/mixin/injection/callback/CallbackInfoReturnable;)V does use it's CallbackInfoReturnable
[06Aug2026 12:15:13.267] [Render thread/DEBUG] [mixin/]: sable.mixins.json:options.OptionsScreenMixin from mod sable->@Inject::sable$createSableButton(Lorg/spongepowered/asm/mixin/injection/callback/CallbackInfoReturnable;)V does use it's CallbackInfoReturnable
[06Aug2026 12:15:13.267] [Render thread/DEBUG] [mixin/]: sable.mixins.json:options.OptionsScreenMixin from mod sable->@Inject::sable$createSableButton(Lorg/spongepowered/asm/mixin/injection/callback/CallbackInfoReturnable;)V does use it's CallbackInfoReturnable
[06Aug2026 12:15:13.284] [Render thread/DEBUG] [mixin/]: Mixing creative_tab_sections.SpriteContentsMixin from simulated.mixins.json into net.minecraft.client.renderer.texture.SpriteContents
[06Aug2026 12:15:13.286] [Render thread/DEBUG] [mixin/]: simulated.mixins.json:creative_tab_sections.SpriteContentsMixin from mod simulated->@Inject::simulated$createTicker(Lorg/spongepowered/asm/mixin/injection/callback/CallbackInfoReturnable;)V does use it's CallbackInfoReturnable
[06Aug2026 12:15:13.296] [NeoForge Version Check/INFO] [net.neoforged.fml.VersionChecker/]: [create] Starting version check at https://api.modrinth.com/updates/create/forge_updates.json?neoforge=only
[06Aug2026 12:15:13.327] [Worker-Main-4/INFO] [net.minecraft.client.gui.font.providers.UnihexProvider/]: Found unifont_all_no_pua-15.1.05.hex, loading
[06Aug2026 12:15:13.329] [Render thread/DEBUG] [mixin/]: Mixing end_sea.VanillaSubLevelRenderDispatcherMixin from simulated.mixins.json into dev.ryanhcode.sable.sublevel.render.dispatcher.VanillaSubLevelRenderDispatcher
[06Aug2026 12:15:13.330] [Render thread/DEBUG] [mixin/]: Mixing diagram.VanillaSubLevelRenderDispatcherMixin from simulated.mixins.json into dev.ryanhcode.sable.sublevel.render.dispatcher.VanillaSubLevelRenderDispatcher
[06Aug2026 12:15:13.337] [Render thread/DEBUG] [mixin/]: simulated.mixins.json:end_sea.VanillaSubLevelRenderDispatcherMixin from mod simulated->@Inject::setupDynamicEffects(Lnet/minecraft/client/renderer/ShaderInstance;ZZLorg/spongepowered/asm/mixin/injection/callback/CallbackInfo;)V doesn't use it's CallbackInfo
[06Aug2026 12:15:13.358] [Render thread/DEBUG] [net.neoforged.fml.DeferredWorkQueue/LOADING]: Dispatching synchronous work for work queue Common setup: 2 jobs
[06Aug2026 12:15:13.391] [Render thread/DEBUG] [net.neoforged.fml.DeferredWorkQueue/LOADING]: Synchronous work queue completed in 32.35 ms
[06Aug2026 12:15:13.395] [Render thread/DEBUG] [mixin/]: Mixing compatibility.create.big_outlines_interaction.BigOutlinesMixin from sable-neoforge.mixins.json into com.simibubi.create.foundation.block.BigOutlines
[06Aug2026 12:15:13.396] [Render thread/DEBUG] [mixin/]: Renaming synthetic method lambda$sable$useSubLevelInclusiveCast$0(Ljava/util/function/Predicate;Ldev/ryanhcode/sable/sublevel/SubLevel;Lnet/minecraft/core/BlockPos;)Z to mdb5b860$sable$lambda$sable$useSubLevelInclusiveCast$0$0 in sable-neoforge.mixins.json:compatibility.create.big_outlines_interaction.BigOutlinesMixin from mod sable
[06Aug2026 12:15:13.416] [Worker-Main-7/DEBUG] [mixin/]: Mixing compatibility.flywheel.AbstractBlockEntityVisualMixin from sable-neoforge.mixins.json into dev.engine_room.flywheel.lib.visual.AbstractBlockEntityVisual
[06Aug2026 12:15:13.420] [Worker-Main-8/DEBUG] [mixin/]: Mixing compatibility.create.frogports.SmartBlockEntityRendererMixin from sable-neoforge.mixins.json into com.simibubi.create.foundation.blockEntity.renderer.SmartBlockEntityRenderer
[06Aug2026 12:15:13.427] [Worker-Main-15/DEBUG] [mixin/]: Mixing accessor.WorldSectionElementAccessor from simulated.mixins.json into net.createmod.ponder.foundation.element.WorldSectionElementImpl
[06Aug2026 12:15:13.428] [Worker-Main-15/DEBUG] [mixin/]: Mixing ponder.WorldSectionElementImplMixin from simulated.mixins.json into net.createmod.ponder.foundation.element.WorldSectionElementImpl
[06Aug2026 12:15:13.428] [Worker-Main-15/DEBUG] [mixin/]: Mixing ponder.WorldSectionElementImplAccessor from aeronautics.mixins.json into net.createmod.ponder.foundation.element.WorldSectionElementImpl
[06Aug2026 12:15:13.428] [Worker-Main-15/DEBUG] [mixin/]: aeronautics.mixins.json:ponder.WorldSectionElementImplAccessor from mod aeronautics: Class version 65 required is higher than the class version supported by the current version of Mixin (JAVA_18 supports class version 62)
[06Aug2026 12:15:13.433] [Worker-Main-15/DEBUG] [mixin/]: Unexpected: Registered method getCenterOfRotation()Lnet/minecraft/world/phys/Vec3; in net.createmod.ponder.foundation.element.WorldSectionElementImpl was not merged
[06Aug2026 12:15:13.445] [Render thread/DEBUG] [mixin/]: Mixing water_occlusion.FogRendererMixin from sable.mixins.json into net.minecraft.client.renderer.FogRenderer
[06Aug2026 12:15:13.526] [Worker-Main-6/INFO] [net.minecraft.client.gui.font.providers.UnihexProvider/]: Found unifont_jp_patch-15.1.05.hex, loading
[06Aug2026 12:15:13.523] [Worker-Main-12/DEBUG] [mixin/]: Mixing compatibility.create.contraptions.ContraptionVisualMixin from sable-neoforge.mixins.json into com.simibubi.create.content.contraptions.render.ContraptionVisual
[06Aug2026 12:15:13.558] [Worker-Main-12/DEBUG] [mixin/]: sable-neoforge.mixins.json:compatibility.create.contraptions.ContraptionVisualMixin from mod sable->@Inject::sable$setEmbeddingMatrices(FLorg/spongepowered/asm/mixin/injection/callback/CallbackInfo;)V does use it's CallbackInfo
[06Aug2026 12:15:13.564] [Worker-Main-15/DEBUG] [mixin/]: Mixing compatibility.create.trains.CarriageContraptionVisualMixin from sable-neoforge.mixins.json into com.simibubi.create.content.trains.entity.CarriageContraptionVisual
[06Aug2026 12:15:13.576] [Worker-Main-12/DEBUG] [mixin/]: Mixing levitite.ChunkRenderTypeSetAccessor from aeronautics.mixins.json into net.neoforged.neoforge.client.ChunkRenderTypeSet
[06Aug2026 12:15:13.576] [Worker-Main-12/DEBUG] [mixin/]: aeronautics.mixins.json:levitite.ChunkRenderTypeSetAccessor from mod aeronautics: Class version 65 required is higher than the class version supported by the current version of Mixin (JAVA_18 supports class version 62)
[06Aug2026 12:15:13.576] [Worker-Main-12/DEBUG] [mixin/]: Renaming @Accessor method setChunkRenderTypesList(Ljava/util/List;)V to setChunkRenderTypesList$aeronautics_$md$b5b860$0 in aeronautics.mixins.json:levitite.ChunkRenderTypeSetAccessor from mod aeronautics
[06Aug2026 12:15:13.576] [Worker-Main-12/DEBUG] [mixin/]: Renaming @Accessor method setChunkRenderTypes([Lnet/minecraft/client/renderer/RenderType;)V to setChunkRenderTypes$aeronautics_$md$b5b860$1 in aeronautics.mixins.json:levitite.ChunkRenderTypeSetAccessor from mod aeronautics
[06Aug2026 12:15:13.606] [Worker-Main-15/DEBUG] [mixin/]: Mixing compatibility.create.render_fixes.ChainConveyorRendererMixin from sable-neoforge.mixins.json into com.simibubi.create.content.kinetics.chainConveyor.ChainConveyorRenderer
[06Aug2026 12:15:13.631] [Worker-Main-15/DEBUG] [mixin/]: Mixing compatibility.create.belt.BeltRendererMixin from sable-neoforge.mixins.json into com.simibubi.create.content.kinetics.belt.BeltRenderer
[06Aug2026 12:15:13.632] [Worker-Main-15/DEBUG] [mixin/]: Mixing compatibility.create.render_fixes.BeltRendererMixin from sable-neoforge.mixins.json into com.simibubi.create.content.kinetics.belt.BeltRenderer
[06Aug2026 12:15:13.660] [Worker-Main-15/DEBUG] [mixin/]: Mixing compatibility.create.frogports.FrogportVisualMixin from sable-neoforge.mixins.json into com.simibubi.create.content.logistics.packagePort.frogport.FrogportVisual
[06Aug2026 12:15:13.673] [Worker-Main-15/DEBUG] [mixin/]: Mixing compatibility.create.frogports.FrogportRendererMixin from sable-neoforge.mixins.json into com.simibubi.create.content.logistics.packagePort.frogport.FrogportRenderer
[06Aug2026 12:15:13.690] [Worker-Main-15/DEBUG] [mixin/]: Mixing compatibility.create.contraptions.ContraptionControlsRendererMixin from sable-neoforge.mixins.json into com.simibubi.create.content.contraptions.actors.contraptionControls.ContraptionControlsRenderer
[06Aug2026 12:15:13.699] [Worker-Main-15/DEBUG] [mixin/]: Mixing compatibility.create.behaviour_compatibility.harvester_block_entity.HarvesterRendererMixin from sable-neoforge.mixins.json into com.simibubi.create.content.contraptions.actors.harvester.HarvesterRenderer
[06Aug2026 12:15:13.712] [Render thread/DEBUG] [Ponder/]: Loaded net.createmod.catnip.platform.NeoForgeClientHooksHelper@7bb2b910 for service interface net.createmod.catnip.platform.services.ModClientHooksHelper
[06Aug2026 12:15:13.747] [Worker-Main-15/DEBUG] [mixin/]: Mixing compatibility.create.depot.DepotRendererMixin from sable-neoforge.mixins.json into com.simibubi.create.content.logistics.depot.DepotRenderer
[06Aug2026 12:15:13.881] [Render thread/DEBUG] [net.neoforged.fml.DeferredWorkQueue/LOADING]: Dispatching synchronous work for work queue Sided setup: 1 jobs
[06Aug2026 12:15:13.882] [Render thread/DEBUG] [net.neoforged.fml.DeferredWorkQueue/LOADING]: Synchronous work queue completed in 109.3 μs
[06Aug2026 12:15:14.696] [NeoForge Version Check/DEBUG] [net.neoforged.fml.VersionChecker/]: [create] Received version check data:
{"homepage":"https://modrinth.com/mod/create","promos":{"1.21.1-recommended":"6.0.10+mc1.21.1","1.21.1-latest":"6.0.10+mc1.21.1","1.20.1-recommended":"mc1.20.1-6.0.8","1.20.1-latest":"mc1.20.1-6.0.8"}}
[06Aug2026 12:15:14.697] [NeoForge Version Check/INFO] [net.neoforged.fml.VersionChecker/]: [create] Found status: OUTDATED Current: 6.0.10 Target: 6.0.10+mc1.21.1
[06Aug2026 12:15:15.687] [Render thread/INFO] [Veil/]: Loaded 0 shader modifications
[06Aug2026 12:15:15.866] [Render thread/INFO] [Veil/]: Loaded 29 shaders from: pinwheel/shaders/program
[06Aug2026 12:15:15.955] [Worker-Main-7/DEBUG] [mixin/]: Mixing ponder.TickingInstructionAccessor from aeronautics.mixins.json into net.createmod.ponder.foundation.instruction.TickingInstruction
[06Aug2026 12:15:15.955] [Worker-Main-7/DEBUG] [mixin/]: aeronautics.mixins.json:ponder.TickingInstructionAccessor from mod aeronautics: Class version 65 required is higher than the class version supported by the current version of Mixin (JAVA_18 supports class version 62)
[06Aug2026 12:15:15.956] [Worker-Main-7/DEBUG] [mixin/]: Mixing ponder.TickingInstructionMixin from aeronautics.mixins.json into net.createmod.ponder.foundation.instruction.TickingInstruction
[06Aug2026 12:15:15.956] [Worker-Main-7/DEBUG] [mixin/]: aeronautics.mixins.json:ponder.TickingInstructionMixin from mod aeronautics: Class version 65 required is higher than the class version supported by the current version of Mixin (JAVA_18 supports class version 62)
[06Aug2026 12:15:15.958] [Worker-Main-7/DEBUG] [mixin/]: aeronautics.mixins.json:ponder.TickingInstructionMixin from mod aeronautics->@Inject::isComplete(Lorg/spongepowered/asm/mixin/injection/callback/CallbackInfoReturnable;)V does use it's CallbackInfoReturnable
[06Aug2026 12:15:15.985] [Worker-Main-7/DEBUG] [mixin/]: Mixing ponder.DisplayWorldSectionInstructionMixin from aeronautics.mixins.json into net.createmod.ponder.foundation.instruction.DisplayWorldSectionInstruction
[06Aug2026 12:15:15.985] [Worker-Main-7/DEBUG] [mixin/]: aeronautics.mixins.json:ponder.DisplayWorldSectionInstructionMixin from mod aeronautics: Class version 65 required is higher than the class version supported by the current version of Mixin (JAVA_18 supports class version 62)
[06Aug2026 12:15:15.985] [Worker-Main-7/DEBUG] [mixin/]: Renaming synthetic method lambda$firstTick$0(Ljava/util/function/Supplier;)V to mdb5b860$aeronautics$lambda$firstTick$0$0 in aeronautics.mixins.json:ponder.DisplayWorldSectionInstructionMixin from mod aeronautics
[06Aug2026 12:15:15.987] [Worker-Main-7/DEBUG] [mixin/]: aeronautics.mixins.json:ponder.DisplayWorldSectionInstructionMixin from mod aeronautics->@Inject::firstTick(Lnet/createmod/ponder/foundation/PonderScene;Lorg/spongepowered/asm/mixin/injection/callback/CallbackInfo;)V doesn't use it's CallbackInfo
[06Aug2026 12:15:15.987] [Worker-Main-7/DEBUG] [mixin/]: aeronautics.mixins.json:ponder.DisplayWorldSectionInstructionMixin from mod aeronautics->@Inject::firstTick(Lnet/createmod/ponder/foundation/PonderScene;Lorg/spongepowered/asm/mixin/injection/callback/CallbackInfo;)V has 0 override(s) in child classes
[06Aug2026 12:15:15.987] [Worker-Main-7/DEBUG] [mixin/]: aeronautics.mixins.json:ponder.DisplayWorldSectionInstructionMixin from mod aeronautics->@Inject::firstTick(Lnet/createmod/ponder/foundation/PonderScene;Lorg/spongepowered/asm/mixin/injection/callback/CallbackInfo;)V won't be passed a CallbackInfo as a result
[06Aug2026 12:15:16.012] [Worker-Main-7/INFO] [PonderIndex/]: Registering Ponder Scenes took 124.9 ms
[06Aug2026 12:15:16.016] [Worker-Main-7/INFO] [PonderIndex/]: Registering Ponder Tags took 3.814 ms
[06Aug2026 12:15:16.020] [Render thread/DEBUG] [net.neoforged.fml.DeferredWorkQueue/LOADING]: Dispatching synchronous work for work queue Complete loading of 15 mods: 1 jobs
[06Aug2026 12:15:16.042] [Render thread/DEBUG] [net.neoforged.fml.DeferredWorkQueue/LOADING]: Synchronous work queue completed in 21.66 ms
[06Aug2026 12:15:16.138] [Render thread/WARN] [net.minecraft.client.sounds.SoundEngine/]: Missing sound for event: minecraft:item.goat_horn.play
[06Aug2026 12:15:16.138] [Render thread/WARN] [net.minecraft.client.sounds.SoundEngine/]: Missing sound for event: minecraft:entity.goat.screaming.horn_break
[06Aug2026 12:15:16.186] [Render thread/INFO] [com.mojang.blaze3d.audio.Library/]: OpenAL initialized on device Stream 750 HD llluminated Analog Stereo
[06Aug2026 12:15:16.187] [Render thread/INFO] [net.minecraft.client.sounds.SoundEngine/SOUNDS]: Sound engine started
[06Aug2026 12:15:16.286] [Render thread/INFO] [net.minecraft.client.renderer.texture.TextureAtlas/]: Created: 2048x1024x2 minecraft:textures/atlas/blocks.png-atlas
[06Aug2026 12:15:16.290] [Render thread/DEBUG] [mixin/]: Mixing creative_tab_sections.SpriteContentsTickerMixin from simulated.mixins.json into net.minecraft.client.renderer.texture.SpriteContents$Ticker
[06Aug2026 12:15:16.301] [Render thread/INFO] [net.minecraft.client.renderer.texture.TextureAtlas/]: Created: 256x256x2 minecraft:textures/atlas/signs.png-atlas
[06Aug2026 12:15:16.302] [Render thread/INFO] [net.minecraft.client.renderer.texture.TextureAtlas/]: Created: 512x512x2 minecraft:textures/atlas/shield_patterns.png-atlas
[06Aug2026 12:15:16.302] [Render thread/INFO] [net.minecraft.client.renderer.texture.TextureAtlas/]: Created: 512x512x2 minecraft:textures/atlas/banner_patterns.png-atlas
[06Aug2026 12:15:16.303] [Render thread/INFO] [net.minecraft.client.renderer.texture.TextureAtlas/]: Created: 2048x1024x2 minecraft:textures/atlas/armor_trims.png-atlas
[06Aug2026 12:15:16.309] [Render thread/INFO] [net.minecraft.client.renderer.texture.TextureAtlas/]: Created: 128x64x2 minecraft:textures/atlas/decorated_pot.png-atlas
[06Aug2026 12:15:16.310] [Render thread/INFO] [net.minecraft.client.renderer.texture.TextureAtlas/]: Created: 256x256x2 minecraft:textures/atlas/chest.png-atlas
[06Aug2026 12:15:16.310] [Render thread/INFO] [net.minecraft.client.renderer.texture.TextureAtlas/]: Created: 512x256x2 minecraft:textures/atlas/beds.png-atlas
[06Aug2026 12:15:16.310] [Render thread/INFO] [net.minecraft.client.renderer.texture.TextureAtlas/]: Created: 512x256x2 minecraft:textures/atlas/shulker_boxes.png-atlas
[06Aug2026 12:15:16.371] [Render thread/INFO] [net.minecraft.client.renderer.texture.TextureAtlas/]: Created: 512x512x0 minecraft:textures/atlas/particles.png-atlas
[06Aug2026 12:15:16.372] [Render thread/INFO] [net.minecraft.client.renderer.texture.TextureAtlas/]: Created: 512x256x0 minecraft:textures/atlas/paintings.png-atlas
[06Aug2026 12:15:16.373] [Render thread/INFO] [net.minecraft.client.renderer.texture.TextureAtlas/]: Created: 256x128x0 minecraft:textures/atlas/mob_effects.png-atlas
[06Aug2026 12:15:16.373] [Render thread/INFO] [net.minecraft.client.renderer.texture.TextureAtlas/]: Created: 64x64x0 minecraft:textures/atlas/map_decorations.png-atlas
[06Aug2026 12:15:16.373] [Render thread/INFO] [net.minecraft.client.renderer.texture.TextureAtlas/]: Created: 1024x512x0 minecraft:textures/atlas/gui.png-atlas
[06Aug2026 12:15:16.398] [Render thread/WARN] [net.minecraft.client.renderer.ShaderInstance/]: Shader rendertype_entity_translucent_emissive could not find sampler named Sampler2 in the specified shader program.
[06Aug2026 12:15:16.433] [Render thread/DEBUG] [mixin/]: Mixing accessor.DebugPostChainAccessor from veil.debug.mixins.json into net.minecraft.client.renderer.PostChain
[06Aug2026 12:15:16.436] [Render thread/DEBUG] [mixin/]: Mixing client.ShaderEffectInstanceMixin from veil.shader.mixins.json into net.minecraft.client.renderer.EffectInstance
[06Aug2026 12:15:16.438] [Render thread/DEBUG] [mixin/]: veil.shader.mixins.json:client.ShaderEffectInstanceMixin from mod veil->@Inject::veil$setupFallbackProcessor(Lnet/minecraft/server/packs/resources/ResourceProvider;Lcom/mojang/blaze3d/shaders/Program$Type;Ljava/lang/String;Lorg/spongepowered/asm/mixin/injection/callback/CallbackInfoReturnable;)V doesn't use it's CallbackInfoReturnable
[06Aug2026 12:15:16.438] [Render thread/DEBUG] [mixin/]: veil.shader.mixins.json:client.ShaderEffectInstanceMixin from mod veil->@Inject::veil$clearFallbackProcessor(Lorg/spongepowered/asm/mixin/injection/callback/CallbackInfoReturnable;)V doesn't use it's CallbackInfoReturnable
[06Aug2026 12:15:16.445] [Render thread/DEBUG] [Veil/]: Shader worldborder detected uniform: vec4 ColorModulator
[06Aug2026 12:15:16.445] [Render thread/DEBUG] [Veil/]: Shader worldborder detected uniform: mat4 ModelViewMat
[06Aug2026 12:15:16.445] [Render thread/DEBUG] [Veil/]: Shader worldborder detected uniform: mat4 ProjMat
[06Aug2026 12:15:16.445] [Render thread/DEBUG] [Veil/]: Shader worldborder detected sampler: sampler2D Sampler0
[06Aug2026 12:15:16.456] [Render thread/INFO] [Veil/]: Loaded 3 framebuffers
[06Aug2026 12:15:16.483] [Render thread/INFO] [Veil/]: Loaded 6 post pipelines
[06Aug2026 12:15:16.492] [Render thread/INFO] [Veil/]: Loaded 4 render types
[06Aug2026 12:15:16.493] [Render thread/INFO] [Veil/]: Enabled bloom pipeline
[06Aug2026 12:15:16.493] [Render thread/INFO] [Veil/]: Loaded 0 quasar particles
[06Aug2026 12:15:16.494] [Render thread/INFO] [Veil/]: Loaded 0 templates
[06Aug2026 12:15:16.494] [Render thread/INFO] [Veil/]: Loaded 0 modules
[06Aug2026 12:15:16.499] [Render thread/DEBUG] [mixin/]: Mixing compatibility.flywheel.ShaderSourcesMixin from sable-neoforge.mixins.json into dev.engine_room.flywheel.backend.glsl.ShaderSources
[06Aug2026 12:15:16.526] [Render thread/INFO] [flywheel/backend/shaders/]: Loaded 77 shader sources in 23.860 ms
[06Aug2026 12:15:16.551] [Render thread/INFO] [com.simibubi.create.Create/]: Loaded 58 train hat configurations.
[06Aug2026 12:15:16.552] [Render thread/INFO] [net.neoforged.neoforge.client.entity.animation.json.AnimationLoader/]: Loaded 0 entity animations
[06Aug2026 12:15:16.561] [Render thread/DEBUG] [mixin/]: Mixing diagram.VisualizationManagerImplMixin from simulated-neoforge.mixins.json into dev.engine_room.flywheel.impl.visualization.VisualizationManagerImpl
[06Aug2026 12:15:16.563] [Render thread/DEBUG] [mixin/]: simulated-neoforge.mixins.json:diagram.VisualizationManagerImplMixin from mod simulated->@Inject::simulated$supportsVisualization(Lnet/minecraft/world/level/LevelAccessor;Lorg/spongepowered/asm/mixin/injection/callback/CallbackInfoReturnable;)V does use it's CallbackInfoReturnable
[06Aug2026 12:15:16.566] [Render thread/DEBUG] [mixin/]: Mixing compatibility.flywheel.BlockEntityStorageMixin from sable-neoforge.mixins.json into dev.engine_room.flywheel.impl.visualization.storage.BlockEntityStorage
[06Aug2026 12:15:16.567] [Render thread/DEBUG] [mixin/]: Discarding sythetic bridge method synthetic in remove because existing method in sable-neoforge.mixins.json:compatibility.flywheel.BlockEntityStorageMixin from mod sable is compatible
[06Aug2026 12:15:16.618] [Render thread/INFO] [Veil/]: Compiled 58 vanilla shaders in 169.2 ms
[06Aug2026 12:15:16.619] [Render thread/DEBUG] [mixin/]: Mixing linked_typewriter.PonderTooltipHandlerMixin from simulated.mixins.json into net.createmod.ponder.foundation.PonderTooltipHandler
[06Aug2026 12:15:16.619] [Render thread/DEBUG] [mixin/]: Mixing new_ponder.PonderTooltipHandlerAccessor from simulated.mixins.json into net.createmod.ponder.foundation.PonderTooltipHandler
[06Aug2026 12:15:16.619] [Render thread/DEBUG] [mixin/]: Renaming @Accessor method getTrackingStack()Lnet/minecraft/world/item/ItemStack; to getTrackingStack$simulated_$md$b5b860$0 in simulated.mixins.json:new_ponder.PonderTooltipHandlerAccessor from mod simulated
[06Aug2026 12:15:16.619] [Render thread/DEBUG] [mixin/]: Mixing new_ponder.PonderTooltipHandlerMixin from simulated.mixins.json into net.createmod.ponder.foundation.PonderTooltipHandler
[06Aug2026 12:15:16.626] [Render thread/DEBUG] [mixin/]: Mixing new_ponder.PonderUIMixin from simulated.mixins.json into net.createmod.ponder.foundation.ui.PonderUI
[06Aug2026 12:15:16.627] [Render thread/DEBUG] [mixin/]: Mixing ponder.PonderUIMixin from simulated.mixins.json into net.createmod.ponder.foundation.ui.PonderUI
[06Aug2026 12:15:16.628] [Render thread/DEBUG] [mixin/]: Mixing levitite.PonderUIMixin from aeronautics.mixins.json into net.createmod.ponder.foundation.ui.PonderUI
[06Aug2026 12:15:16.628] [Render thread/DEBUG] [mixin/]: aeronautics.mixins.json:levitite.PonderUIMixin from mod aeronautics: Class version 65 required is higher than the class version supported by the current version of Mixin (JAVA_18 supports class version 62)
[06Aug2026 12:15:16.630] [Render thread/DEBUG] [mixin/]: simulated.mixins.json:new_ponder.PonderUIMixin from mod simulated->@Inject::simulated$begin(ZLorg/spongepowered/asm/mixin/injection/callback/CallbackInfoReturnable;)V doesn't use it's CallbackInfoReturnable
[06Aug2026 12:15:16.630] [Render thread/DEBUG] [mixin/]: simulated.mixins.json:new_ponder.PonderUIMixin from mod simulated->@Inject::simulated$begin(ZLorg/spongepowered/asm/mixin/injection/callback/CallbackInfoReturnable;)V has 0 override(s) in child classes
[06Aug2026 12:15:16.630] [Render thread/DEBUG] [mixin/]: simulated.mixins.json:new_ponder.PonderUIMixin from mod simulated->@Inject::simulated$begin(ZLorg/spongepowered/asm/mixin/injection/callback/CallbackInfoReturnable;)V won't be passed a CallbackInfoReturnable as a result
[06Aug2026 12:15:16.631] [Render thread/DEBUG] [mixin/]: simulated.mixins.json:ponder.PonderUIMixin from mod simulated->@Inject::shadowTranslate(Lnet/minecraft/client/gui/GuiGraphics;IIIFLorg/spongepowered/asm/mixin/injection/callback/CallbackInfo;)V doesn't use it's CallbackInfo
[06Aug2026 12:15:16.631] [Render thread/DEBUG] [mixin/]: simulated.mixins.json:ponder.PonderUIMixin from mod simulated->@Inject::shadowTranslate(Lnet/minecraft/client/gui/GuiGraphics;IIIFLorg/spongepowered/asm/mixin/injection/callback/CallbackInfo;)V has 0 override(s) in child classes
[06Aug2026 12:15:16.631] [Render thread/DEBUG] [mixin/]: simulated.mixins.json:ponder.PonderUIMixin from mod simulated->@Inject::shadowTranslate(Lnet/minecraft/client/gui/GuiGraphics;IIIFLorg/spongepowered/asm/mixin/injection/callback/CallbackInfo;)V won't be passed a CallbackInfo as a result
[06Aug2026 12:15:16.631] [Render thread/DEBUG] [mixin/]: aeronautics.mixins.json:levitite.PonderUIMixin from mod aeronautics->@Inject::renderScene(Lnet/minecraft/client/gui/GuiGraphics;IIIFLorg/spongepowered/asm/mixin/injection/callback/CallbackInfo;)V doesn't use it's CallbackInfo
[06Aug2026 12:15:16.631] [Render thread/DEBUG] [mixin/]: aeronautics.mixins.json:levitite.PonderUIMixin from mod aeronautics->@Inject::renderScene(Lnet/minecraft/client/gui/GuiGraphics;IIIFLorg/spongepowered/asm/mixin/injection/callback/CallbackInfo;)V has 0 override(s) in child classes
[06Aug2026 12:15:16.631] [Render thread/DEBUG] [mixin/]: aeronautics.mixins.json:levitite.PonderUIMixin from mod aeronautics->@Inject::renderScene(Lnet/minecraft/client/gui/GuiGraphics;IIIFLorg/spongepowered/asm/mixin/injection/callback/CallbackInfo;)V won't be passed a CallbackInfo as a result
[06Aug2026 12:15:16.648] [Render thread/DEBUG] [Veil/]: Shader rendertype_translucent detected uniform: float EndSeaCameraY
[06Aug2026 12:15:16.649] [Render thread/DEBUG] [Veil/]: Shader rendertype_translucent detected uniform: mat3 NormalMat
[06Aug2026 12:15:16.649] [Render thread/DEBUG] [Veil/]: Shader rendertype_translucent detected sampler: sampler2D SableCloseSampler
[06Aug2026 12:15:16.649] [Render thread/DEBUG] [Veil/]: Shader rendertype_translucent detected uniform: float SableEnableNormalLighting
[06Aug2026 12:15:16.649] [Render thread/DEBUG] [Veil/]: Shader rendertype_translucent detected sampler: sampler2D SableFarSampler
[06Aug2026 12:15:16.649] [Render thread/DEBUG] [Veil/]: Shader rendertype_translucent detected uniform: float SableSkyLightScale
[06Aug2026 12:15:16.649] [Render thread/DEBUG] [Veil/]: Shader rendertype_translucent detected uniform: float SableWaterOcclusionEnabled
[06Aug2026 12:15:16.649] [Render thread/DEBUG] [Veil/]: Shader rendertype_translucent detected uniform: vec2 ScreenSize
[06Aug2026 12:15:16.649] [Render thread/DEBUG] [Veil/]: Shader rendertype_translucent detected uniform: float VeilBlockFaceBrightness[0]
[06Aug2026 12:15:16.649] [Render thread/DEBUG] [Veil/]: Shader rendertype_translucent detected uniform: float VeilBlockFaceBrightness[1]
[06Aug2026 12:15:16.649] [Render thread/DEBUG] [Veil/]: Shader rendertype_translucent detected uniform: float VeilBlockFaceBrightness[2]
[06Aug2026 12:15:16.649] [Render thread/DEBUG] [Veil/]: Shader rendertype_translucent detected uniform: float VeilBlockFaceBrightness[3]
[06Aug2026 12:15:16.649] [Render thread/DEBUG] [Veil/]: Shader rendertype_translucent detected uniform: float VeilBlockFaceBrightness[4]
[06Aug2026 12:15:16.649] [Render thread/DEBUG] [Veil/]: Shader rendertype_translucent detected uniform: float VeilBlockFaceBrightness[5]
[06Aug2026 12:15:16.751] [Render thread/DEBUG] [Veil/]: Shader rendertype_cutout detected uniform: float EndSeaCameraY
[06Aug2026 12:15:16.751] [Render thread/DEBUG] [Veil/]: Shader rendertype_cutout detected uniform: mat3 NormalMat
[06Aug2026 12:15:16.751] [Render thread/DEBUG] [Veil/]: Shader rendertype_cutout detected uniform: float SableEnableNormalLighting
[06Aug2026 12:15:16.751] [Render thread/DEBUG] [Veil/]: Shader rendertype_cutout detected uniform: float SableSkyLightScale
[06Aug2026 12:15:16.752] [Render thread/DEBUG] [Veil/]: Shader rendertype_cutout detected uniform: float VeilBlockFaceBrightness[0]
[06Aug2026 12:15:16.752] [Render thread/DEBUG] [Veil/]: Shader rendertype_cutout detected uniform: float VeilBlockFaceBrightness[1]
[06Aug2026 12:15:16.752] [Render thread/DEBUG] [Veil/]: Shader rendertype_cutout detected uniform: float VeilBlockFaceBrightness[2]
[06Aug2026 12:15:16.752] [Render thread/DEBUG] [Veil/]: Shader rendertype_cutout detected uniform: float VeilBlockFaceBrightness[3]
[06Aug2026 12:15:16.752] [Render thread/DEBUG] [Veil/]: Shader rendertype_cutout detected uniform: float VeilBlockFaceBrightness[4]
[06Aug2026 12:15:16.752] [Render thread/DEBUG] [Veil/]: Shader rendertype_cutout detected uniform: float VeilBlockFaceBrightness[5]
[06Aug2026 12:15:16.785] [Render thread/DEBUG] [Veil/]: Shader worldborder detected uniform: vec4 ColorModulator
[06Aug2026 12:15:16.785] [Render thread/DEBUG] [Veil/]: Shader worldborder detected uniform: mat4 ModelViewMat
[06Aug2026 12:15:16.786] [Render thread/DEBUG] [Veil/]: Shader worldborder detected uniform: mat4 ProjMat
[06Aug2026 12:15:16.802] [Render thread/DEBUG] [Veil/]: Shader rendertype_solid detected uniform: float EndSeaCameraY
[06Aug2026 12:15:16.802] [Render thread/DEBUG] [Veil/]: Shader rendertype_solid detected uniform: mat3 NormalMat
[06Aug2026 12:15:16.802] [Render thread/DEBUG] [Veil/]: Shader rendertype_solid detected uniform: float SableEnableNormalLighting
[06Aug2026 12:15:16.802] [Render thread/DEBUG] [Veil/]: Shader rendertype_solid detected uniform: float SableSkyLightScale
[06Aug2026 12:15:16.803] [Render thread/DEBUG] [Veil/]: Shader rendertype_solid detected uniform: float VeilBlockFaceBrightness[0]
[06Aug2026 12:15:16.803] [Render thread/DEBUG] [Veil/]: Shader rendertype_solid detected uniform: float VeilBlockFaceBrightness[1]
[06Aug2026 12:15:16.803] [Render thread/DEBUG] [Veil/]: Shader rendertype_solid detected uniform: float VeilBlockFaceBrightness[2]
[06Aug2026 12:15:16.803] [Render thread/DEBUG] [Veil/]: Shader rendertype_solid detected uniform: float VeilBlockFaceBrightness[3]
[06Aug2026 12:15:16.803] [Render thread/DEBUG] [Veil/]: Shader rendertype_solid detected uniform: float VeilBlockFaceBrightness[4]
[06Aug2026 12:15:16.803] [Render thread/DEBUG] [Veil/]: Shader rendertype_solid detected uniform: float VeilBlockFaceBrightness[5]
[06Aug2026 12:15:16.852] [Render thread/DEBUG] [Veil/]: Shader rendertype_cutout_mipped detected uniform: float EndSeaCameraY
[06Aug2026 12:15:16.852] [Render thread/DEBUG] [Veil/]: Shader rendertype_cutout_mipped detected uniform: mat3 NormalMat
[06Aug2026 12:15:16.852] [Render thread/DEBUG] [Veil/]: Shader rendertype_cutout_mipped detected uniform: float SableEnableNormalLighting
[06Aug2026 12:15:16.852] [Render thread/DEBUG] [Veil/]: Shader rendertype_cutout_mipped detected uniform: float SableSkyLightScale
[06Aug2026 12:15:16.853] [Render thread/DEBUG] [Veil/]: Shader rendertype_cutout_mipped detected uniform: float VeilBlockFaceBrightness[0]
[06Aug2026 12:15:16.853] [Render thread/DEBUG] [Veil/]: Shader rendertype_cutout_mipped detected uniform: float VeilBlockFaceBrightness[1]
[06Aug2026 12:15:16.853] [Render thread/DEBUG] [Veil/]: Shader rendertype_cutout_mipped detected uniform: float VeilBlockFaceBrightness[2]
[06Aug2026 12:15:16.853] [Render thread/DEBUG] [Veil/]: Shader rendertype_cutout_mipped detected uniform: float VeilBlockFaceBrightness[3]
[06Aug2026 12:15:16.853] [Render thread/DEBUG] [Veil/]: Shader rendertype_cutout_mipped detected uniform: float VeilBlockFaceBrightness[4]
[06Aug2026 12:15:16.853] [Render thread/DEBUG] [Veil/]: Shader rendertype_cutout_mipped detected uniform: float VeilBlockFaceBrightness[5]
[06Aug2026 12:15:17.540] [Render thread/DEBUG] [Veil/]: Shader rendertype_tripwire detected uniform: float EndSeaCameraY
[06Aug2026 12:15:17.540] [Render thread/DEBUG] [Veil/]: Shader rendertype_tripwire detected uniform: mat3 NormalMat
[06Aug2026 12:15:17.540] [Render thread/DEBUG] [Veil/]: Shader rendertype_tripwire detected uniform: float SableEnableNormalLighting
[06Aug2026 12:15:17.540] [Render thread/DEBUG] [Veil/]: Shader rendertype_tripwire detected uniform: float SableSkyLightScale
[06Aug2026 12:15:17.540] [Render thread/DEBUG] [Veil/]: Shader rendertype_tripwire detected uniform: float VeilBlockFaceBrightness[0]
[06Aug2026 12:15:17.540] [Render thread/DEBUG] [Veil/]: Shader rendertype_tripwire detected uniform: float VeilBlockFaceBrightness[1]
[06Aug2026 12:15:17.540] [Render thread/DEBUG] [Veil/]: Shader rendertype_tripwire detected uniform: float VeilBlockFaceBrightness[2]
[06Aug2026 12:15:17.540] [Render thread/DEBUG] [Veil/]: Shader rendertype_tripwire detected uniform: float VeilBlockFaceBrightness[3]
[06Aug2026 12:15:17.540] [Render thread/DEBUG] [Veil/]: Shader rendertype_tripwire detected uniform: float VeilBlockFaceBrightness[4]
[06Aug2026 12:15:17.540] [Render thread/DEBUG] [Veil/]: Shader rendertype_tripwire detected uniform: float VeilBlockFaceBrightness[5]
[06Aug2026 12:15:17.540] [Render thread/INFO] [Veil/]: Finished uploading vanilla shaders
[06Aug2026 12:15:17.875] [Render thread/DEBUG] [mixin/]: Mixing sublevel_sounds.AbstractSoundInstanceMixin from sable.mixins.json into net.minecraft.client.resources.sounds.AbstractSoundInstance
[06Aug2026 12:15:17.879] [Sound engine/DEBUG] [mixin/]: Mixing sublevel_sounds.ChannelAccessor from sable.mixins.json into com.mojang.blaze3d.audio.Channel
[06Aug2026 12:15:25.396] [Render thread/INFO] [com.simibubi.create.Create/]: Created 157 recipes which will be injected into the game
[06Aug2026 12:15:25.401] [Render thread/INFO] [com.simibubi.create.Create/]: Created 0 tags which will be injected into the game
[06Aug2026 12:15:25.807] [Render thread/DEBUG] [mixin/]: Mixing world_presets.PrimaryLevelDataMixin from simulated.mixins.json into net.minecraft.world.level.storage.PrimaryLevelData
[06Aug2026 12:15:25.809] [Render thread/DEBUG] [mixin/]: simulated.mixins.json:world_presets.PrimaryLevelDataMixin from mod simulated->@Inject::simulated$parse(Lcom/mojang/serialization/Dynamic;Lnet/minecraft/world/level/LevelSettings;Lnet/minecraft/world/level/storage/PrimaryLevelData$SpecialWorldProperty;Lnet/minecraft/world/level/levelgen/WorldOptions;Lcom/mojang/serialization/Lifecycle;Lorg/spongepowered/asm/mixin/injection/callback/CallbackInfoReturnable;)V does use it's CallbackInfoReturnable
[06Aug2026 12:15:25.809] [Render thread/DEBUG] [mixin/]: simulated.mixins.json:world_presets.PrimaryLevelDataMixin from mod simulated->@Inject::simulated$setTagData(Lnet/minecraft/core/RegistryAccess;Lnet/minecraft/nbt/CompoundTag;Lnet/minecraft/nbt/CompoundTag;Lorg/spongepowered/asm/mixin/injection/callback/CallbackInfo;)V doesn't use it's CallbackInfo
[06Aug2026 12:15:25.809] [Render thread/DEBUG] [mixin/]: simulated.mixins.json:world_presets.PrimaryLevelDataMixin from mod simulated->@Inject::simulated$setTagData(Lnet/minecraft/core/RegistryAccess;Lnet/minecraft/nbt/CompoundTag;Lnet/minecraft/nbt/CompoundTag;Lorg/spongepowered/asm/mixin/injection/callback/CallbackInfo;)V has 0 override(s) in child classes
[06Aug2026 12:15:25.809] [Render thread/DEBUG] [mixin/]: simulated.mixins.json:world_presets.PrimaryLevelDataMixin from mod simulated->@Inject::simulated$setTagData(Lnet/minecraft/core/RegistryAccess;Lnet/minecraft/nbt/CompoundTag;Lnet/minecraft/nbt/CompoundTag;Lorg/spongepowered/asm/mixin/injection/callback/CallbackInfo;)V won't be passed a CallbackInfo as a result
[06Aug2026 12:15:26.276] [Render thread/INFO] [net.minecraft.world.item.crafting.RecipeManager/]: Loaded 2949 recipes
[06Aug2026 12:15:26.440] [Render thread/INFO] [net.minecraft.advancements.AdvancementTree/]: Loaded 2645 advancements
[06Aug2026 12:15:26.449] [Render thread/ERROR] [dev.ryanhcode.sable.Sable/]: DataResult.Error['No key dimension in MapLike[{"block":"linearbearing:mechanical_linear_moving","physics_properties":{"universal_drag":0.09,"apply_kinetic_force":true,"force_modifier":100.0,"axis_alignment":"facing"}}]']
[06Aug2026 12:15:26.450] [Render thread/ERROR] [dev.ryanhcode.sable.Sable/]: Error while loading dimension data "linearbearing:mechanical_linear_moving" : No key dimension in MapLike[{"block":"linearbearing:mechanical_linear_moving","physics_properties":{"universal_drag":0.09,"apply_kinetic_force":true,"force_modifier":100.0,"axis_alignment":"facing"}}] 
[06Aug2026 12:15:27.523] [Render thread/DEBUG] [net.neoforged.neoforge.common.CommonHooks/WP]: Gathered mod list to write to world save Aeronautics testing
[06Aug2026 12:15:27.538] [Render thread/DEBUG] [mixin/]: Mixing player_freezing.PlayerListMixin from sable.mixins.json into net.minecraft.server.players.PlayerList
[06Aug2026 12:15:27.539] [Render thread/DEBUG] [mixin/]: Mixing plot.PlayerListMixin from sable.mixins.json into net.minecraft.server.players.PlayerList
[06Aug2026 12:15:27.540] [Render thread/DEBUG] [mixin/]: Mixing udp.PlayerListMixin from sable.mixins.json into net.minecraft.server.players.PlayerList
[06Aug2026 12:15:27.541] [Render thread/DEBUG] [mixin/]: sable.mixins.json:player_freezing.PlayerListMixin from mod sable->@Inject::sable$player(Lnet/minecraft/network/Connection;Lnet/minecraft/server/level/ServerPlayer;Lnet/minecraft/server/network/CommonListenerCookie;Lorg/spongepowered/asm/mixin/injection/callback/CallbackInfo;)V doesn't use it's CallbackInfo
[06Aug2026 12:15:27.541] [Render thread/DEBUG] [mixin/]: sable.mixins.json:player_freezing.PlayerListMixin from mod sable->@Inject::sable$player(Lnet/minecraft/network/Connection;Lnet/minecraft/server/level/ServerPlayer;Lnet/minecraft/server/network/CommonListenerCookie;Lorg/spongepowered/asm/mixin/injection/callback/CallbackInfo;)V has 0 override(s) in child classes
[06Aug2026 12:15:27.541] [Render thread/DEBUG] [mixin/]: sable.mixins.json:player_freezing.PlayerListMixin from mod sable->@Inject::sable$player(Lnet/minecraft/network/Connection;Lnet/minecraft/server/level/ServerPlayer;Lnet/minecraft/server/network/CommonListenerCookie;Lorg/spongepowered/asm/mixin/injection/callback/CallbackInfo;)V won't be passed a CallbackInfo as a result
[06Aug2026 12:15:27.541] [Render thread/DEBUG] [mixin/]: sable.mixins.json:player_freezing.PlayerListMixin from mod sable->@Inject::sable$respawn(Lnet/minecraft/server/level/ServerPlayer;ZLnet/minecraft/world/entity/Entity$RemovalReason;Lorg/spongepowered/asm/mixin/injection/callback/CallbackInfoReturnable;)V does use it's CallbackInfoReturnable
[06Aug2026 12:15:27.541] [Render thread/DEBUG] [mixin/]: sable.mixins.json:udp.PlayerListMixin from mod sable->@Inject::onPlayerJoin(Lnet/minecraft/network/Connection;Lnet/minecraft/server/level/ServerPlayer;Lnet/minecraft/server/network/CommonListenerCookie;Lorg/spongepowered/asm/mixin/injection/callback/CallbackInfo;)V doesn't use it's CallbackInfo
[06Aug2026 12:15:27.541] [Render thread/DEBUG] [mixin/]: sable.mixins.json:udp.PlayerListMixin from mod sable->@Inject::onPlayerJoin(Lnet/minecraft/network/Connection;Lnet/minecraft/server/level/ServerPlayer;Lnet/minecraft/server/network/CommonListenerCookie;Lorg/spongepowered/asm/mixin/injection/callback/CallbackInfo;)V has 0 override(s) in child classes
[06Aug2026 12:15:27.541] [Render thread/DEBUG] [mixin/]: sable.mixins.json:udp.PlayerListMixin from mod sable->@Inject::onPlayerJoin(Lnet/minecraft/network/Connection;Lnet/minecraft/server/level/ServerPlayer;Lnet/minecraft/server/network/CommonListenerCookie;Lorg/spongepowered/asm/mixin/injection/callback/CallbackInfo;)V won't be passed a CallbackInfo as a result
[06Aug2026 12:15:27.549] [Render thread/DEBUG] [mixin/]: Mixing udp.ServerConnectionListenerMixin from sable.mixins.json into net.minecraft.server.network.ServerConnectionListener
[06Aug2026 12:15:27.553] [Render thread/DEBUG] [mixin/]: sable.mixins.json:udp.ServerConnectionListenerMixin from mod sable->@Inject::sable$startTcpServerListener(Ljava/net/InetAddress;ILorg/spongepowered/asm/mixin/injection/callback/CallbackInfo;)V doesn't use it's CallbackInfo
[06Aug2026 12:15:27.554] [Render thread/DEBUG] [mixin/]: sable.mixins.json:udp.ServerConnectionListenerMixin from mod sable->@Inject::sable$startTcpServerListener(Ljava/net/InetAddress;ILorg/spongepowered/asm/mixin/injection/callback/CallbackInfo;)V has 0 override(s) in child classes
[06Aug2026 12:15:27.554] [Render thread/DEBUG] [mixin/]: sable.mixins.json:udp.ServerConnectionListenerMixin from mod sable->@Inject::sable$startTcpServerListener(Ljava/net/InetAddress;ILorg/spongepowered/asm/mixin/injection/callback/CallbackInfo;)V won't be passed a CallbackInfo as a result
[06Aug2026 12:15:27.554] [Render thread/DEBUG] [mixin/]: sable.mixins.json:udp.ServerConnectionListenerMixin from mod sable->@Inject::sable$startMemoryChannel(Lorg/spongepowered/asm/mixin/injection/callback/CallbackInfoReturnable;)V doesn't use it's CallbackInfoReturnable
[06Aug2026 12:15:27.554] [Render thread/DEBUG] [mixin/]: sable.mixins.json:udp.ServerConnectionListenerMixin from mod sable->@Inject::sable$startMemoryChannel(Lorg/spongepowered/asm/mixin/injection/callback/CallbackInfoReturnable;)V has 0 override(s) in child classes
[06Aug2026 12:15:27.554] [Render thread/DEBUG] [mixin/]: sable.mixins.json:udp.ServerConnectionListenerMixin from mod sable->@Inject::sable$startMemoryChannel(Lorg/spongepowered/asm/mixin/injection/callback/CallbackInfoReturnable;)V won't be passed a CallbackInfoReturnable as a result
[06Aug2026 12:15:27.554] [Render thread/DEBUG] [mixin/]: sable.mixins.json:udp.ServerConnectionListenerMixin from mod sable->@Inject::sable$stop(Lorg/spongepowered/asm/mixin/injection/callback/CallbackInfo;)V doesn't use it's CallbackInfo
[06Aug2026 12:15:27.554] [Render thread/DEBUG] [mixin/]: sable.mixins.json:udp.ServerConnectionListenerMixin from mod sable->@Inject::sable$stop(Lorg/spongepowered/asm/mixin/injection/callback/CallbackInfo;)V has 0 override(s) in child classes
[06Aug2026 12:15:27.554] [Render thread/DEBUG] [mixin/]: sable.mixins.json:udp.ServerConnectionListenerMixin from mod sable->@Inject::sable$stop(Lorg/spongepowered/asm/mixin/injection/callback/CallbackInfo;)V won't be passed a CallbackInfo as a result
[06Aug2026 12:15:27.559] [Render thread/DEBUG] [mixin/]: Mixing accessor.PotionBrewingAccessor from create.mixins.json into net.minecraft.world.item.alchemy.PotionBrewing
[06Aug2026 12:15:27.569] [Server thread/INFO] [net.minecraft.client.server.IntegratedServer/]: Starting integrated minecraft server version 1.21.1
[06Aug2026 12:15:27.569] [Server thread/INFO] [net.minecraft.server.MinecraftServer/]: Generating keypair
[06Aug2026 12:15:27.648] [Server thread/DEBUG] [net.neoforged.fml.config.ConfigTracker/CONFIG]: Loading configs type SERVER
[06Aug2026 12:15:27.649] [Server thread/DEBUG] [net.neoforged.neoforge.common.NeoForgeConfig/FORGEMOD]: Loaded NeoForge config file neoforge-server.toml
[06Aug2026 12:15:27.649] [Server thread/DEBUG] [net.neoforged.fml.config.ConfigTracker/CONFIG]: Loaded TOML config file /home/tillman/Desktop/programmieren/minecraft/MODS/playerTracker/run/config/neoforge-server.toml
[06Aug2026 12:15:27.649] [Server thread/DEBUG] [net.neoforged.fml.config.ConfigTracker/CONFIG]: Watching TOML config file /home/tillman/Desktop/programmieren/minecraft/MODS/playerTracker/run/config/neoforge-server.toml for changes
[06Aug2026 12:15:27.649] [Server thread/DEBUG] [net.neoforged.fml.config.ConfigTracker/CONFIG]: Loaded TOML config file /home/tillman/Desktop/programmieren/minecraft/MODS/playerTracker/run/config/offroad-server.toml
[06Aug2026 12:15:27.649] [Server thread/DEBUG] [net.neoforged.fml.config.ConfigTracker/CONFIG]: Watching TOML config file /home/tillman/Desktop/programmieren/minecraft/MODS/playerTracker/run/config/offroad-server.toml for changes
[06Aug2026 12:15:27.651] [Server thread/DEBUG] [net.neoforged.fml.config.ConfigTracker/CONFIG]: Loaded TOML config file /home/tillman/Desktop/programmieren/minecraft/MODS/playerTracker/run/config/simulated-server.toml
[06Aug2026 12:15:27.651] [Server thread/DEBUG] [net.neoforged.fml.config.ConfigTracker/CONFIG]: Watching TOML config file /home/tillman/Desktop/programmieren/minecraft/MODS/playerTracker/run/config/simulated-server.toml for changes
[06Aug2026 12:15:27.652] [Server thread/DEBUG] [net.neoforged.fml.config.ConfigTracker/CONFIG]: Loaded TOML config file /home/tillman/Desktop/programmieren/minecraft/MODS/playerTracker/run/config/aeronautics-server.toml
[06Aug2026 12:15:27.652] [Server thread/DEBUG] [net.neoforged.fml.config.ConfigTracker/CONFIG]: Watching TOML config file /home/tillman/Desktop/programmieren/minecraft/MODS/playerTracker/run/config/aeronautics-server.toml for changes
[06Aug2026 12:15:27.654] [Server thread/DEBUG] [net.neoforged.fml.config.ConfigTracker/CONFIG]: Loaded TOML config file /home/tillman/Desktop/programmieren/minecraft/MODS/playerTracker/run/config/create-server.toml
[06Aug2026 12:15:27.654] [Server thread/DEBUG] [net.neoforged.fml.config.ConfigTracker/CONFIG]: Watching TOML config file /home/tillman/Desktop/programmieren/minecraft/MODS/playerTracker/run/config/create-server.toml for changes
[06Aug2026 12:15:27.684] [Server thread/DEBUG] [mixin/]: Mixing accessor.BiomeManagerAccessor from ponder-common.mixins.json into net.minecraft.world.level.biome.BiomeManager
[06Aug2026 12:15:27.684] [Server thread/DEBUG] [mixin/]: ponder-common.mixins.json:accessor.BiomeManagerAccessor from mod ponder: Class version 65 required is higher than the class version supported by the current version of Mixin (JAVA_17 supports class version 61)
[06Aug2026 12:15:27.698] [Server thread/INFO] [dev.ryanhcode.sable.Sable/]: Creating physics pipeline for ResourceKey[minecraft:dimension / minecraft:overworld] using RapierPhysicsPipelineProvider
[06Aug2026 12:15:27.883] [Server thread/DEBUG] [mixin/]: Mixing plot.serialization.LevelChunkTicksMixin from sable.mixins.json into net.minecraft.world.ticks.LevelChunkTicks
[06Aug2026 12:15:27.898] [Server thread/DEBUG] [mixin/]: Mixing entity.entity_unloading.PersistentEntitySectionManagerMixin from sable.mixins.json into net.minecraft.world.level.entity.PersistentEntitySectionManager
[06Aug2026 12:15:27.901] [Server thread/DEBUG] [mixin/]: sable.mixins.json:entity.entity_unloading.PersistentEntitySectionManagerMixin from mod sable->@Inject::processChunkUnload(JLorg/spongepowered/asm/mixin/injection/callback/CallbackInfoReturnable;)V doesn't use it's CallbackInfoReturnable
[06Aug2026 12:15:27.901] [Server thread/DEBUG] [mixin/]: sable.mixins.json:entity.entity_unloading.PersistentEntitySectionManagerMixin from mod sable->@Inject::processChunkUnload(JLorg/spongepowered/asm/mixin/injection/callback/CallbackInfoReturnable;)V has 0 override(s) in child classes
[06Aug2026 12:15:27.901] [Server thread/DEBUG] [mixin/]: sable.mixins.json:entity.entity_unloading.PersistentEntitySectionManagerMixin from mod sable->@Inject::processChunkUnload(JLorg/spongepowered/asm/mixin/injection/callback/CallbackInfoReturnable;)V won't be passed a CallbackInfoReturnable as a result
[06Aug2026 12:15:27.909] [Server thread/DEBUG] [mixin/]: Mixing entity.server_entities_tick.ChunkMapMixin from sable.mixins.json into net.minecraft.server.level.ChunkMap
[06Aug2026 12:15:27.910] [Server thread/DEBUG] [mixin/]: Mixing plot.ChunkMapMixin from sable.mixins.json into net.minecraft.server.level.ChunkMap
[06Aug2026 12:15:27.910] [Server thread/DEBUG] [mixin/]: Renaming synthetic method lambda$sable$hasWork$0(Lnet/minecraft/server/level/ChunkHolder;)Z to mdb5b860$sable$lambda$sable$hasWork$0$0 in sable.mixins.json:plot.ChunkMapMixin from mod sable
[06Aug2026 12:15:27.912] [Server thread/DEBUG] [mixin/]: Mixing plot.serialization.ChunkMapMixin from sable.mixins.json into net.minecraft.server.level.ChunkMap
[06Aug2026 12:15:27.918] [Server thread/DEBUG] [mixin/]: sable.mixins.json:plot.ChunkMapMixin from mod sable->@Inject::sable$getPlayers(Lnet/minecraft/world/level/ChunkPos;ZLorg/spongepowered/asm/mixin/injection/callback/CallbackInfoReturnable;)V does use it's CallbackInfoReturnable
[06Aug2026 12:15:27.919] [Server thread/DEBUG] [mixin/]: sable.mixins.json:plot.ChunkMapMixin from mod sable->@Inject::sable$saveChunkIfNeeded(Lnet/minecraft/server/level/ChunkHolder;Lorg/spongepowered/asm/mixin/injection/callback/CallbackInfoReturnable;)V does use it's CallbackInfoReturnable
[06Aug2026 12:15:27.919] [Server thread/DEBUG] [mixin/]: sable.mixins.json:plot.ChunkMapMixin from mod sable->@Inject::sable$isChunkTracked(Lnet/minecraft/server/level/ServerPlayer;IILorg/spongepowered/asm/mixin/injection/callback/CallbackInfoReturnable;)V does use it's CallbackInfoReturnable
[06Aug2026 12:15:27.919] [Server thread/DEBUG] [mixin/]: sable.mixins.json:plot.ChunkMapMixin from mod sable->@Inject::sable$anyPlayerCloseEnoughForSpawning(Lnet/minecraft/world/level/ChunkPos;Lorg/spongepowered/asm/mixin/injection/callback/CallbackInfoReturnable;)V does use it's CallbackInfoReturnable
[06Aug2026 12:15:27.919] [Server thread/DEBUG] [mixin/]: sable.mixins.json:plot.serialization.ChunkMapMixin from mod sable->@Inject::sable$init(Lnet/minecraft/server/level/ServerLevel;Lnet/minecraft/world/level/storage/LevelStorageSource$LevelStorageAccess;Lcom/mojang/datafixers/DataFixer;Lnet/minecraft/world/level/levelgen/structure/templatesystem/StructureTemplateManager;Ljava/util/concurrent/Executor;Lnet/minecraft/util/thread/BlockableEventLoop;Lnet/minecraft/world/level/chunk/LightChunkGetter;Lnet/minecraft/world/level/chunk/ChunkGenerator;Lnet/minecraft/server/level/progress/ChunkProgressListener;Lnet/minecraft/world/level/entity/ChunkStatusUpdateListener;Ljava/util/function/Supplier;IZLorg/spongepowered/asm/mixin/injection/callback/CallbackInfo;)V doesn't use it's CallbackInfo
[06Aug2026 12:15:27.919] [Server thread/DEBUG] [mixin/]: sable.mixins.json:plot.serialization.ChunkMapMixin from mod sable->@Inject::sable$init(Lnet/minecraft/server/level/ServerLevel;Lnet/minecraft/world/level/storage/LevelStorageSource$LevelStorageAccess;Lcom/mojang/datafixers/DataFixer;Lnet/minecraft/world/level/levelgen/structure/templatesystem/StructureTemplateManager;Ljava/util/concurrent/Executor;Lnet/minecraft/util/thread/BlockableEventLoop;Lnet/minecraft/world/level/chunk/LightChunkGetter;Lnet/minecraft/world/level/chunk/ChunkGenerator;Lnet/minecraft/server/level/progress/ChunkProgressListener;Lnet/minecraft/world/level/entity/ChunkStatusUpdateListener;Ljava/util/function/Supplier;IZLorg/spongepowered/asm/mixin/injection/callback/CallbackInfo;)V has 0 override(s) in child classes
[06Aug2026 12:15:27.919] [Server thread/DEBUG] [mixin/]: sable.mixins.json:plot.serialization.ChunkMapMixin from mod sable->@Inject::sable$init(Lnet/minecraft/server/level/ServerLevel;Lnet/minecraft/world/level/storage/LevelStorageSource$LevelStorageAccess;Lcom/mojang/datafixers/DataFixer;Lnet/minecraft/world/level/levelgen/structure/templatesystem/StructureTemplateManager;Ljava/util/concurrent/Executor;Lnet/minecraft/util/thread/BlockableEventLoop;Lnet/minecraft/world/level/chunk/LightChunkGetter;Lnet/minecraft/world/level/chunk/ChunkGenerator;Lnet/minecraft/server/level/progress/ChunkProgressListener;Lnet/minecraft/world/level/entity/ChunkStatusUpdateListener;Ljava/util/function/Supplier;IZLorg/spongepowered/asm/mixin/injection/callback/CallbackInfo;)V won't be passed a CallbackInfo as a result
[06Aug2026 12:15:27.919] [Server thread/DEBUG] [mixin/]: sable.mixins.json:plot.serialization.ChunkMapMixin from mod sable->@Inject::sable$onStatusChange(Lnet/minecraft/world/level/ChunkPos;Lnet/minecraft/server/level/FullChunkStatus;Lorg/spongepowered/asm/mixin/injection/callback/CallbackInfo;)V doesn't use it's CallbackInfo
[06Aug2026 12:15:27.919] [Server thread/DEBUG] [mixin/]: sable.mixins.json:plot.serialization.ChunkMapMixin from mod sable->@Inject::sable$onStatusChange(Lnet/minecraft/world/level/ChunkPos;Lnet/minecraft/server/level/FullChunkStatus;Lorg/spongepowered/asm/mixin/injection/callback/CallbackInfo;)V has 0 override(s) in child classes
[06Aug2026 12:15:27.919] [Server thread/DEBUG] [mixin/]: sable.mixins.json:plot.serialization.ChunkMapMixin from mod sable->@Inject::sable$onStatusChange(Lnet/minecraft/world/level/ChunkPos;Lnet/minecraft/server/level/FullChunkStatus;Lorg/spongepowered/asm/mixin/injection/callback/CallbackInfo;)V won't be passed a CallbackInfo as a result
[06Aug2026 12:15:27.949] [Server thread/DEBUG] [mixin/]: Mixing light.LightEngineAccessor from flywheel.backend.mixins.json into net.minecraft.world.level.lighting.LightEngine
[06Aug2026 12:15:27.952] [Server thread/DEBUG] [mixin/]: Mixing light.LayerLightSectionStorageAccessor from flywheel.backend.mixins.json into net.minecraft.world.level.lighting.LayerLightSectionStorage
[06Aug2026 12:15:27.954] [Server thread/DEBUG] [mixin/]: Mixing light.SkyLightSectionStorageMixin from flywheel.backend.mixins.json into net.minecraft.world.level.lighting.SkyLightSectionStorage
[06Aug2026 12:15:27.957] [Server thread/DEBUG] [mixin/]: Mixing light.SkyDataLayerStorageMapAccessor from flywheel.backend.mixins.json into net.minecraft.world.level.lighting.SkyLightSectionStorage$SkyDataLayerStorageMap
[06Aug2026 12:15:27.973] [Server thread/DEBUG] [mixin/]: Mixing chunk_container_replacement.LevelChunkSectionMixin from sable.mixins.json into net.minecraft.world.level.chunk.LevelChunkSection
[06Aug2026 12:15:28.012] [Server thread/DEBUG] [mixin/]: Mixing sculk_vibrations.GameEventDispatcherMixin from sable.mixins.json into net.minecraft.world.level.gameevent.GameEventDispatcher
[06Aug2026 12:15:28.013] [Server thread/DEBUG] [mixin/]: Renaming synthetic method lambda$sable$visitShipListeners$0(Ldev/ryanhcode/sable/companion/math/BoundingBox3dc;Lcom/llamalad7/mixinextras/sugar/ref/LocalRef;Ldev/ryanhcode/sable/companion/math/BoundingBox3i;Lcom/llamalad7/mixinextras/injector/wrapoperation/Operation;Lnet/minecraft/core/Holder;Lnet/minecraft/world/phys/Vec3;Lnet/minecraft/world/level/gameevent/GameEvent$Context;Ldev/ryanhcode/sable/sublevel/SubLevel;)V to mdb5b860$sable$lambda$sable$visitShipListeners$0$0 in sable.mixins.json:sculk_vibrations.GameEventDispatcherMixin from mod sable
[06Aug2026 12:15:28.017] [Server thread/DEBUG] [mixin/]: sable.mixins.json:sculk_vibrations.GameEventDispatcherMixin from mod sable->@Inject::sable$useBBIntersection(Lnet/minecraft/core/Holder;Lnet/minecraft/world/phys/Vec3;Lnet/minecraft/world/level/gameevent/GameEvent$Context;Lorg/spongepowered/asm/mixin/injection/callback/CallbackInfo;)V doesn't use it's CallbackInfo
[06Aug2026 12:15:28.017] [Server thread/DEBUG] [mixin/]: sable.mixins.json:sculk_vibrations.GameEventDispatcherMixin from mod sable->@Inject::sable$useBBIntersection(Lnet/minecraft/core/Holder;Lnet/minecraft/world/phys/Vec3;Lnet/minecraft/world/level/gameevent/GameEvent$Context;Lorg/spongepowered/asm/mixin/injection/callback/CallbackInfo;)V has 0 override(s) in child classes
[06Aug2026 12:15:28.017] [Server thread/DEBUG] [mixin/]: sable.mixins.json:sculk_vibrations.GameEventDispatcherMixin from mod sable->@Inject::sable$useBBIntersection(Lnet/minecraft/core/Holder;Lnet/minecraft/world/phys/Vec3;Lnet/minecraft/world/level/gameevent/GameEvent$Context;Lorg/spongepowered/asm/mixin/injection/callback/CallbackInfo;)V won't be passed a CallbackInfo as a result
[06Aug2026 12:15:28.026] [Server thread/DEBUG] [com.simibubi.create.Create/]: Prepared Redstone Network Space for minecraft:overworld
[06Aug2026 12:15:28.026] [Server thread/DEBUG] [com.simibubi.create.Create/]: Prepared Kinetic Network Space for minecraft:overworld
[06Aug2026 12:15:28.028] [Server thread/INFO] [dev.ryanhcode.sable.Sable/]: Creating physics pipeline for ResourceKey[minecraft:dimension / minecraft:the_end] using RapierPhysicsPipelineProvider
[06Aug2026 12:15:28.064] [Server thread/DEBUG] [com.simibubi.create.Create/]: Prepared Redstone Network Space for minecraft:the_end
[06Aug2026 12:15:28.064] [Server thread/DEBUG] [com.simibubi.create.Create/]: Prepared Kinetic Network Space for minecraft:the_end
[06Aug2026 12:15:28.065] [Server thread/INFO] [dev.ryanhcode.sable.Sable/]: Creating physics pipeline for ResourceKey[minecraft:dimension / minecraft:the_nether] using RapierPhysicsPipelineProvider
[06Aug2026 12:15:28.080] [Server thread/DEBUG] [com.simibubi.create.Create/]: Prepared Redstone Network Space for minecraft:the_nether
[06Aug2026 12:15:28.080] [Server thread/DEBUG] [com.simibubi.create.Create/]: Prepared Kinetic Network Space for minecraft:the_nether
[06Aug2026 12:15:28.081] [Server thread/INFO] [net.minecraft.server.MinecraftServer/]: Preparing start region for dimension minecraft:overworld
[06Aug2026 12:15:28.226] [progressListener/INFO] [net.minecraft.server.level.progress.LoggerChunkProgressListener/]: Preparing spawn area: 0%
[06Aug2026 12:15:28.267] [entity-deserializer/DEBUG] [mixin/]: Mixing entity.entity_pathfinding.WalkNodeEvaluatorMixin from sable.mixins.json into net.minecraft.world.level.pathfinder.WalkNodeEvaluator
[06Aug2026 12:15:28.272] [entity-deserializer/DEBUG] [mixin/]: sable.mixins.json:entity.entity_pathfinding.WalkNodeEvaluatorMixin from mod sable->@Inject::sable$init(Lorg/spongepowered/asm/mixin/injection/callback/CallbackInfoReturnable;)V doesn't use it's CallbackInfoReturnable
[06Aug2026 12:15:28.272] [entity-deserializer/DEBUG] [mixin/]: sable.mixins.json:entity.entity_pathfinding.WalkNodeEvaluatorMixin from mod sable->@Inject::sable$init(Lorg/spongepowered/asm/mixin/injection/callback/CallbackInfoReturnable;)V has 0 override(s) in child classes
[06Aug2026 12:15:28.272] [entity-deserializer/DEBUG] [mixin/]: sable.mixins.json:entity.entity_pathfinding.WalkNodeEvaluatorMixin from mod sable->@Inject::sable$init(Lorg/spongepowered/asm/mixin/injection/callback/CallbackInfoReturnable;)V won't be passed a CallbackInfoReturnable as a result
[06Aug2026 12:15:28.272] [entity-deserializer/DEBUG] [mixin/]: sable.mixins.json:entity.entity_pathfinding.WalkNodeEvaluatorMixin from mod sable->@Inject::sable$canReachWithoutCollision(Lorg/spongepowered/asm/mixin/injection/callback/CallbackInfoReturnable;)V doesn't use it's CallbackInfoReturnable
[06Aug2026 12:15:28.272] [entity-deserializer/DEBUG] [mixin/]: sable.mixins.json:entity.entity_pathfinding.WalkNodeEvaluatorMixin from mod sable->@Inject::sable$canReachWithoutCollision(Lorg/spongepowered/asm/mixin/injection/callback/CallbackInfoReturnable;)V has 0 override(s) in child classes
[06Aug2026 12:15:28.272] [entity-deserializer/DEBUG] [mixin/]: sable.mixins.json:entity.entity_pathfinding.WalkNodeEvaluatorMixin from mod sable->@Inject::sable$canReachWithoutCollision(Lorg/spongepowered/asm/mixin/injection/callback/CallbackInfoReturnable;)V won't be passed a CallbackInfoReturnable as a result
[06Aug2026 12:15:28.285] [Server thread/INFO] [net.neoforged.neoforge.server.permission.PermissionAPI/]: Successfully initialized permission handler neoforge:default_handler
[06Aug2026 12:15:28.296] [progressListener/INFO] [net.minecraft.server.level.progress.LoggerChunkProgressListener/]: Time elapsed: 206 ms
[06Aug2026 12:15:28.337] [Server thread/DEBUG] [mixin/]: Mixing compatibility.create.contraptions.VisualizationEventHandlerMixin from sable-neoforge.mixins.json into dev.engine_room.flywheel.impl.visualization.VisualizationEventHandler
[06Aug2026 12:15:28.338] [Server thread/DEBUG] [mixin/]: sable-neoforge.mixins.json:compatibility.create.contraptions.VisualizationEventHandlerMixin from mod sable->@Inject::sable$onEntityJoinLevel(Lnet/minecraft/world/level/Level;Lnet/minecraft/world/entity/Entity;Lorg/spongepowered/asm/mixin/injection/callback/CallbackInfo;)V doesn't use it's CallbackInfo
[06Aug2026 12:15:28.341] [Server thread/DEBUG] [mixin/]: Mixing entity.entity_tracking.TrackedEntityMixin from sable.mixins.json into net.minecraft.server.level.ChunkMap$TrackedEntity
[06Aug2026 12:15:28.367] [Server thread/INFO] [net.minecraft.client.server.IntegratedServer/]: Changing view distance to 5, from 10
[06Aug2026 12:15:28.367] [Server thread/INFO] [net.minecraft.client.server.IntegratedServer/]: Changing simulation distance to 12, from 0
[06Aug2026 12:15:28.388] [Render thread/DEBUG] [io.netty.channel.MultithreadEventLoopGroup/]: -Dio.netty.eventLoopThreads: 32
[06Aug2026 12:15:28.397] [Render thread/DEBUG] [io.netty.util.concurrent.GlobalEventExecutor/]: -Dio.netty.globalEventExecutor.quietPeriodSeconds: 1
[06Aug2026 12:15:28.409] [Render thread/DEBUG] [io.netty.channel.nio.NioEventLoop/]: -Dio.netty.noKeySetOptimization: false
[06Aug2026 12:15:28.410] [Render thread/DEBUG] [io.netty.channel.nio.NioEventLoop/]: -Dio.netty.selectorAutoRebuildThreshold: 512
[06Aug2026 12:15:28.418] [Render thread/DEBUG] [io.netty.util.internal.PlatformDependent/]: org.jctools-core.MpscChunkedArrayQueue: available
[06Aug2026 12:15:28.433] [Render thread/DEBUG] [io.netty.channel.DefaultChannelId/]: -Dio.netty.processId: 36420 (auto-detected)
[06Aug2026 12:15:28.434] [Render thread/DEBUG] [io.netty.util.NetUtil/]: -Djava.net.preferIPv4Stack: false
[06Aug2026 12:15:28.434] [Render thread/DEBUG] [io.netty.util.NetUtil/]: -Djava.net.preferIPv6Addresses: system
[06Aug2026 12:15:28.435] [Render thread/DEBUG] [io.netty.util.NetUtilInitializations/]: Loopback interface: lo (lo, 0:0:0:0:0:0:0:1%lo)
[06Aug2026 12:15:28.438] [Render thread/DEBUG] [io.netty.util.NetUtil/]: /proc/sys/net/core/somaxconn: 4096
[06Aug2026 12:15:28.439] [Render thread/DEBUG] [io.netty.channel.DefaultChannelId/]: -Dio.netty.machineId: dc:62:79:ff:fe:cb:d5:74 (auto-detected)
[06Aug2026 12:15:28.454] [Render thread/INFO] [dev.ryanhcode.sable.Sable/]: Adding local UDP server channel future
[06Aug2026 12:15:28.455] [Render thread/DEBUG] [mixin/]: Generating mapped inner class net/minecraft/server/network/ServerConnectionListener$Anonymous$5be5a0d03d634161b0f1bab784f2b418 (originally dev/ryanhcode/sable/mixin/udp/ServerConnectionListenerMixin$2)
[06Aug2026 12:15:28.463] [Render thread/WARN] [io.netty.bootstrap.Bootstrap/]: Unknown channel option 'SO_BROADCAST' for channel '[id: 0x7ca04f3a]'
[06Aug2026 12:15:28.467] [Netty Server IO #1/INFO] [dev.ryanhcode.sable.Sable/]: Server UDP channel active
[06Aug2026 12:15:28.484] [Render thread/INFO] [dev.ryanhcode.sable.Sable/]: Starting local client UDP channel future
[06Aug2026 12:15:28.485] [Render thread/DEBUG] [mixin/]: Generating mapped inner class net/minecraft/network/Connection$Anonymous$9dea30e0992349c6b20b6f17e7d4e27c (originally dev/ryanhcode/sable/mixin/udp/ConnectionMixin$2)
[06Aug2026 12:15:28.489] [Netty Local Client IO #1/INFO] [dev.ryanhcode.sable.Sable/]: Client UDP channel active
[06Aug2026 12:15:28.503] [Render thread/DEBUG] [io.netty.util.Recycler/]: -Dio.netty.recycler.maxCapacityPerThread: 4096
[06Aug2026 12:15:28.503] [Render thread/DEBUG] [io.netty.util.Recycler/]: -Dio.netty.recycler.ratio: 8
[06Aug2026 12:15:28.503] [Render thread/DEBUG] [io.netty.util.Recycler/]: -Dio.netty.recycler.chunkSize: 32
[06Aug2026 12:15:28.503] [Render thread/DEBUG] [io.netty.util.Recycler/]: -Dio.netty.recycler.blocking: false
[06Aug2026 12:15:28.503] [Render thread/DEBUG] [io.netty.util.Recycler/]: -Dio.netty.recycler.batchFastThreadLocalOnly: true
[06Aug2026 12:15:28.622] [Netty Server IO #2/DEBUG] [net.neoforged.neoforge.network.filters.NetworkFilters/]: Injected net.neoforged.neoforge.network.filters.GenericPacketSplitter@77878dae into net.minecraft.network.Connection@3486f47b
[06Aug2026 12:15:28.640] [Netty Local Client IO #0/DEBUG] [net.neoforged.neoforge.network.filters.NetworkFilters/]: Injected net.neoforged.neoforge.network.filters.GenericPacketSplitter@21b29222 into net.minecraft.network.Connection@7f25c90b
[06Aug2026 12:15:28.703] [Render thread/INFO] [com.simibubi.create.Create/]: Created 157 recipes which will be injected into the game
[06Aug2026 12:15:28.705] [Render thread/INFO] [com.simibubi.create.Create/]: Created 0 tags which will be injected into the game
[06Aug2026 12:15:28.801] [Render thread/DEBUG] [mixin/]: Mixing entity.entities_stick_sublevels.player.ServerboundMovePlayerPacketMixin from sable.mixins.json into net.minecraft.network.protocol.game.ServerboundMovePlayerPacket
[06Aug2026 12:15:28.817] [Render thread/DEBUG] [mixin/]: Mixing loaded_chunk_debug.BlockUpdatePacketMixin from sable.mixins.json into net.minecraft.network.protocol.game.ClientboundBlockUpdatePacket
[06Aug2026 12:15:28.819] [Render thread/DEBUG] [mixin/]: sable.mixins.json:loaded_chunk_debug.BlockUpdatePacketMixin from mod sable->@Inject::preHandle(Lnet/minecraft/network/protocol/game/ClientGamePacketListener;Lorg/spongepowered/asm/mixin/injection/callback/CallbackInfo;)V doesn't use it's CallbackInfo
[06Aug2026 12:15:28.819] [Render thread/DEBUG] [mixin/]: sable.mixins.json:loaded_chunk_debug.BlockUpdatePacketMixin from mod sable->@Inject::preHandle(Lnet/minecraft/network/protocol/game/ClientGamePacketListener;Lorg/spongepowered/asm/mixin/injection/callback/CallbackInfo;)V has 0 override(s) in child classes
[06Aug2026 12:15:28.819] [Render thread/DEBUG] [mixin/]: sable.mixins.json:loaded_chunk_debug.BlockUpdatePacketMixin from mod sable->@Inject::preHandle(Lnet/minecraft/network/protocol/game/ClientGamePacketListener;Lorg/spongepowered/asm/mixin/injection/callback/CallbackInfo;)V won't be passed a CallbackInfo as a result
[06Aug2026 12:15:28.833] [Render thread/DEBUG] [mixin/]: Mixing entity.entities_stick_sublevels.packet_mixin.ClientboundMoveEntityPacketPosMixin from sable.mixins.json into net.minecraft.network.protocol.game.ClientboundMoveEntityPacket$Pos
[06Aug2026 12:15:28.835] [Render thread/DEBUG] [mixin/]: sable.mixins.json:entity.entities_stick_sublevels.packet_mixin.ClientboundMoveEntityPacketPosMixin from mod sable->@Inject::sable$writeActuallyInSubLevel(Lnet/minecraft/network/FriendlyByteBuf;Lorg/spongepowered/asm/mixin/injection/callback/CallbackInfo;)V doesn't use it's CallbackInfo
[06Aug2026 12:15:28.835] [Render thread/DEBUG] [mixin/]: sable.mixins.json:entity.entities_stick_sublevels.packet_mixin.ClientboundMoveEntityPacketPosMixin from mod sable->@Inject::sable$writeActuallyInSubLevel(Lnet/minecraft/network/FriendlyByteBuf;Lorg/spongepowered/asm/mixin/injection/callback/CallbackInfo;)V has 0 override(s) in child classes
[06Aug2026 12:15:28.835] [Render thread/DEBUG] [mixin/]: sable.mixins.json:entity.entities_stick_sublevels.packet_mixin.ClientboundMoveEntityPacketPosMixin from mod sable->@Inject::sable$writeActuallyInSubLevel(Lnet/minecraft/network/FriendlyByteBuf;Lorg/spongepowered/asm/mixin/injection/callback/CallbackInfo;)V won't be passed a CallbackInfo as a result
[06Aug2026 12:15:28.835] [Render thread/DEBUG] [mixin/]: sable.mixins.json:entity.entities_stick_sublevels.packet_mixin.ClientboundMoveEntityPacketPosMixin from mod sable->@Inject::sable$readActuallyInSubLevel(Lnet/minecraft/network/FriendlyByteBuf;Lorg/spongepowered/asm/mixin/injection/callback/CallbackInfoReturnable;)V does use it's CallbackInfoReturnable
[06Aug2026 12:15:28.836] [Render thread/DEBUG] [mixin/]: Mixing entity.entities_stick_sublevels.packet_mixin.ClientboundMoveEntityPacketPosRotMixin from sable.mixins.json into net.minecraft.network.protocol.game.ClientboundMoveEntityPacket$PosRot
[06Aug2026 12:15:28.837] [Render thread/DEBUG] [mixin/]: sable.mixins.json:entity.entities_stick_sublevels.packet_mixin.ClientboundMoveEntityPacketPosRotMixin from mod sable->@Inject::sable$writeActuallyInSubLevel(Lnet/minecraft/network/FriendlyByteBuf;Lorg/spongepowered/asm/mixin/injection/callback/CallbackInfo;)V doesn't use it's CallbackInfo
[06Aug2026 12:15:28.837] [Render thread/DEBUG] [mixin/]: sable.mixins.json:entity.entities_stick_sublevels.packet_mixin.ClientboundMoveEntityPacketPosRotMixin from mod sable->@Inject::sable$writeActuallyInSubLevel(Lnet/minecraft/network/FriendlyByteBuf;Lorg/spongepowered/asm/mixin/injection/callback/CallbackInfo;)V has 0 override(s) in child classes
[06Aug2026 12:15:28.837] [Render thread/DEBUG] [mixin/]: sable.mixins.json:entity.entities_stick_sublevels.packet_mixin.ClientboundMoveEntityPacketPosRotMixin from mod sable->@Inject::sable$writeActuallyInSubLevel(Lnet/minecraft/network/FriendlyByteBuf;Lorg/spongepowered/asm/mixin/injection/callback/CallbackInfo;)V won't be passed a CallbackInfo as a result
[06Aug2026 12:15:28.837] [Render thread/DEBUG] [mixin/]: sable.mixins.json:entity.entities_stick_sublevels.packet_mixin.ClientboundMoveEntityPacketPosRotMixin from mod sable->@Inject::sable$readActuallyInSubLevel(Lnet/minecraft/network/FriendlyByteBuf;Lorg/spongepowered/asm/mixin/injection/callback/CallbackInfoReturnable;)V does use it's CallbackInfoReturnable
[06Aug2026 12:15:28.855] [Render thread/DEBUG] [mixin/]: Mixing entity.entities_stick_sublevels.packet_mixin.ClientboundTeleportEntityPacketMixin from sable.mixins.json into net.minecraft.network.protocol.game.ClientboundTeleportEntityPacket
[06Aug2026 12:15:28.856] [Render thread/DEBUG] [mixin/]: sable.mixins.json:entity.entities_stick_sublevels.packet_mixin.ClientboundTeleportEntityPacketMixin from mod sable->@Inject::sable$readActuallyInSubLevel(Lnet/minecraft/network/FriendlyByteBuf;Lorg/spongepowered/asm/mixin/injection/callback/CallbackInfo;)V doesn't use it's CallbackInfo
[06Aug2026 12:15:28.856] [Render thread/DEBUG] [mixin/]: sable.mixins.json:entity.entities_stick_sublevels.packet_mixin.ClientboundTeleportEntityPacketMixin from mod sable->@Inject::sable$readActuallyInSubLevel(Lnet/minecraft/network/FriendlyByteBuf;Lorg/spongepowered/asm/mixin/injection/callback/CallbackInfo;)V has 0 override(s) in child classes
[06Aug2026 12:15:28.856] [Render thread/DEBUG] [mixin/]: sable.mixins.json:entity.entities_stick_sublevels.packet_mixin.ClientboundTeleportEntityPacketMixin from mod sable->@Inject::sable$readActuallyInSubLevel(Lnet/minecraft/network/FriendlyByteBuf;Lorg/spongepowered/asm/mixin/injection/callback/CallbackInfo;)V won't be passed a CallbackInfo as a result
[06Aug2026 12:15:28.856] [Render thread/DEBUG] [mixin/]: sable.mixins.json:entity.entities_stick_sublevels.packet_mixin.ClientboundTeleportEntityPacketMixin from mod sable->@Inject::sable$writeActuallyInSubLevel(Lnet/minecraft/network/FriendlyByteBuf;Lorg/spongepowered/asm/mixin/injection/callback/CallbackInfo;)V doesn't use it's CallbackInfo
[06Aug2026 12:15:28.856] [Render thread/DEBUG] [mixin/]: sable.mixins.json:entity.entities_stick_sublevels.packet_mixin.ClientboundTeleportEntityPacketMixin from mod sable->@Inject::sable$writeActuallyInSubLevel(Lnet/minecraft/network/FriendlyByteBuf;Lorg/spongepowered/asm/mixin/injection/callback/CallbackInfo;)V has 0 override(s) in child classes
[06Aug2026 12:15:28.856] [Render thread/DEBUG] [mixin/]: sable.mixins.json:entity.entities_stick_sublevels.packet_mixin.ClientboundTeleportEntityPacketMixin from mod sable->@Inject::sable$writeActuallyInSubLevel(Lnet/minecraft/network/FriendlyByteBuf;Lorg/spongepowered/asm/mixin/injection/callback/CallbackInfo;)V won't be passed a CallbackInfo as a result
[06Aug2026 12:15:28.863] [Render thread/DEBUG] [mixin/]: Mixing client.accessor.ClientPacketListenerAccessor from ponder-common.mixins.json into net.minecraft.client.multiplayer.ClientPacketListener
[06Aug2026 12:15:28.864] [Render thread/DEBUG] [mixin/]: ponder-common.mixins.json:client.accessor.ClientPacketListenerAccessor from mod ponder: Class version 65 required is higher than the class version supported by the current version of Mixin (JAVA_17 supports class version 61)
[06Aug2026 12:15:28.864] [Render thread/DEBUG] [mixin/]: Mixing entity.entities_stick_sublevels.ClientPacketListenerMixin from sable.mixins.json into net.minecraft.client.multiplayer.ClientPacketListener
[06Aug2026 12:15:28.865] [Render thread/DEBUG] [mixin/]: Mixing entity.entity_rotations_and_riding.ClientPacketListenerMixin from sable.mixins.json into net.minecraft.client.multiplayer.ClientPacketListener
[06Aug2026 12:15:28.866] [Render thread/DEBUG] [mixin/]: Mixing plot.lighting.ClientPacketListenerMixin from sable.mixins.json into net.minecraft.client.multiplayer.ClientPacketListener
[06Aug2026 12:15:28.869] [Render thread/DEBUG] [mixin/]: sable.mixins.json:entity.entity_rotations_and_riding.ClientPacketListenerMixin from mod sable->@Inject::sable$onHandleMovePlayer(Lnet/minecraft/network/protocol/game/ClientboundPlayerPositionPacket;Lorg/spongepowered/asm/mixin/injection/callback/CallbackInfo;)V doesn't use it's CallbackInfo
[06Aug2026 12:15:28.869] [Render thread/DEBUG] [mixin/]: sable.mixins.json:entity.entity_rotations_and_riding.ClientPacketListenerMixin from mod sable->@Inject::sable$onHandleMovePlayer(Lnet/minecraft/network/protocol/game/ClientboundPlayerPositionPacket;Lorg/spongepowered/asm/mixin/injection/callback/CallbackInfo;)V has 0 override(s) in child classes
[06Aug2026 12:15:28.869] [Render thread/DEBUG] [mixin/]: sable.mixins.json:entity.entity_rotations_and_riding.ClientPacketListenerMixin from mod sable->@Inject::sable$onHandleMovePlayer(Lnet/minecraft/network/protocol/game/ClientboundPlayerPositionPacket;Lorg/spongepowered/asm/mixin/injection/callback/CallbackInfo;)V won't be passed a CallbackInfo as a result
[06Aug2026 12:15:28.879] [Render thread/DEBUG] [mixin/]: Mixing entity.entities_stick_sublevels.player.RemotePlayerMixin from sable.mixins.json into net.minecraft.client.player.RemotePlayer
[06Aug2026 12:15:28.880] [Render thread/DEBUG] [mixin/]: sable.mixins.json:entity.entities_stick_sublevels.player.RemotePlayerMixin from mod sable->@Inject::sable$updateRotLerp(Lorg/spongepowered/asm/mixin/injection/callback/CallbackInfo;)V doesn't use it's CallbackInfo
[06Aug2026 12:15:28.880] [Render thread/DEBUG] [mixin/]: sable.mixins.json:entity.entities_stick_sublevels.player.RemotePlayerMixin from mod sable->@Inject::sable$updateRotLerp(Lorg/spongepowered/asm/mixin/injection/callback/CallbackInfo;)V has 0 override(s) in child classes
[06Aug2026 12:15:28.880] [Render thread/DEBUG] [mixin/]: sable.mixins.json:entity.entities_stick_sublevels.player.RemotePlayerMixin from mod sable->@Inject::sable$updateRotLerp(Lorg/spongepowered/asm/mixin/injection/callback/CallbackInfo;)V won't be passed a CallbackInfo as a result
[06Aug2026 12:15:28.880] [Render thread/DEBUG] [mixin/]: sable.mixins.json:entity.entities_stick_sublevels.player.RemotePlayerMixin from mod sable->@Inject::sable$updateSubLevelPosition(Lorg/spongepowered/asm/mixin/injection/callback/CallbackInfo;)V doesn't use it's CallbackInfo
[06Aug2026 12:15:28.880] [Render thread/DEBUG] [mixin/]: sable.mixins.json:entity.entities_stick_sublevels.player.RemotePlayerMixin from mod sable->@Inject::sable$updateSubLevelPosition(Lorg/spongepowered/asm/mixin/injection/callback/CallbackInfo;)V has 0 override(s) in child classes
[06Aug2026 12:15:28.880] [Render thread/DEBUG] [mixin/]: sable.mixins.json:entity.entities_stick_sublevels.player.RemotePlayerMixin from mod sable->@Inject::sable$updateSubLevelPosition(Lorg/spongepowered/asm/mixin/injection/callback/CallbackInfo;)V won't be passed a CallbackInfo as a result
[06Aug2026 12:15:28.885] [Render thread/DEBUG] [mixin/]: Mixing search_alias.SessionSearchTreesMixin from simulated.mixins.json into net.minecraft.client.multiplayer.SessionSearchTrees
[06Aug2026 12:15:28.886] [Render thread/DEBUG] [mixin/]: Mixing tooltip_flag.SessionSearchTreesMixin from simulated.mixins.json into net.minecraft.client.multiplayer.SessionSearchTrees
[06Aug2026 12:15:28.890] [Render thread/DEBUG] [mixin/]: Mixing client.ClientCommandSourceMixin from veil.command.mixins.json into net.minecraft.client.multiplayer.ClientSuggestionProvider
[06Aug2026 12:15:28.896] [Netty Server IO #2/DEBUG] [net.neoforged.neoforge.network.filters.NetworkFilters/]: Injected net.neoforged.neoforge.network.filters.GenericPacketSplitter@8418943 into net.minecraft.network.Connection@3486f47b
[06Aug2026 12:15:28.978] [Server thread/INFO] [net.minecraft.server.players.PlayerList/]: Dev[local:E:c4abd1cb] logged in with entity id 12 at (30.76302716178398, -54.89575974927083, 63.777952222376065)
[06Aug2026 12:15:28.982] [Server thread/INFO] [dev.ryanhcode.sable.Sable/]: Beginning attempted authentication with player Dev
[06Aug2026 12:15:28.984] [Server thread/DEBUG] [mixin/]: Mixing sable_hooks.SableCommonEventsMixin from simulated.mixins.json into dev.ryanhcode.sable.SableCommonEvents
[06Aug2026 12:15:28.984] [Server thread/DEBUG] [mixin/]: Mixing sable_hooks.SableCommonEventsMixin from aeronautics.mixins.json into dev.ryanhcode.sable.SableCommonEvents
[06Aug2026 12:15:28.984] [Server thread/DEBUG] [mixin/]: aeronautics.mixins.json:sable_hooks.SableCommonEventsMixin from mod aeronautics: Class version 65 required is higher than the class version supported by the current version of Mixin (JAVA_18 supports class version 62)
[06Aug2026 12:15:28.985] [Server thread/DEBUG] [mixin/]: simulated.mixins.json:sable_hooks.SableCommonEventsMixin from mod simulated->@Inject::onBlockChange(Lnet/minecraft/server/level/ServerLevel;Lnet/minecraft/world/level/chunk/LevelChunk;IIILnet/minecraft/world/level/block/state/BlockState;Lnet/minecraft/world/level/block/state/BlockState;Lorg/spongepowered/asm/mixin/injection/callback/CallbackInfo;)V doesn't use it's CallbackInfo
[06Aug2026 12:15:28.985] [Server thread/DEBUG] [mixin/]: aeronautics.mixins.json:sable_hooks.SableCommonEventsMixin from mod aeronautics->@Inject::onBlockChange(Lnet/minecraft/server/level/ServerLevel;Lnet/minecraft/world/level/chunk/LevelChunk;IIILnet/minecraft/world/level/block/state/BlockState;Lnet/minecraft/world/level/block/state/BlockState;Lorg/spongepowered/asm/mixin/injection/callback/CallbackInfo;)V doesn't use it's CallbackInfo
[06Aug2026 12:15:28.996] [Render thread/DEBUG] [mixin/]: Mixing quiet_use.MultiPlayerGameModeMixin from simulated.mixins.json into net.minecraft.client.multiplayer.MultiPlayerGameMode
[06Aug2026 12:15:28.997] [Render thread/DEBUG] [mixin/]: Mixing punching.MultiPlayerGameModeMixin from sable.mixins.json into net.minecraft.client.multiplayer.MultiPlayerGameMode
[06Aug2026 12:15:29.000] [Render thread/DEBUG] [mixin/]: simulated.mixins.json:quiet_use.MultiPlayerGameModeMixin from mod simulated->@Inject::quietUseIntercept(Lnet/minecraft/client/player/LocalPlayer;Lnet/minecraft/world/InteractionHand;Lnet/minecraft/world/phys/BlockHitResult;Lorg/spongepowered/asm/mixin/injection/callback/CallbackInfoReturnable;)V does use it's CallbackInfoReturnable
[06Aug2026 12:15:29.000] [Render thread/DEBUG] [mixin/]: sable.mixins.json:punching.MultiPlayerGameModeMixin from mod sable->@Inject::onBlockBreakStart(Lnet/minecraft/core/BlockPos;Lnet/minecraft/core/Direction;Lorg/spongepowered/asm/mixin/injection/callback/CallbackInfoReturnable;)V doesn't use it's CallbackInfoReturnable
[06Aug2026 12:15:29.000] [Render thread/DEBUG] [mixin/]: sable.mixins.json:punching.MultiPlayerGameModeMixin from mod sable->@Inject::onBlockBreakStart(Lnet/minecraft/core/BlockPos;Lnet/minecraft/core/Direction;Lorg/spongepowered/asm/mixin/injection/callback/CallbackInfoReturnable;)V has 0 override(s) in child classes
[06Aug2026 12:15:29.000] [Render thread/DEBUG] [mixin/]: sable.mixins.json:punching.MultiPlayerGameModeMixin from mod sable->@Inject::onBlockBreakStart(Lnet/minecraft/core/BlockPos;Lnet/minecraft/core/Direction;Lorg/spongepowered/asm/mixin/injection/callback/CallbackInfoReturnable;)V won't be passed a CallbackInfoReturnable as a result
[06Aug2026 12:15:29.005] [Render thread/DEBUG] [mixin/]: Mixing ClientChunkCacheMixin from flywheel.impl.mixins.json into net.minecraft.client.multiplayer.ClientChunkCache
[06Aug2026 12:15:29.006] [Render thread/DEBUG] [mixin/]: Mixing plot.ClientChunkCacheMixin from sable.mixins.json into net.minecraft.client.multiplayer.ClientChunkCache
[06Aug2026 12:15:29.014] [Render thread/DEBUG] [mixin/]: flywheel.impl.mixins.json:ClientChunkCacheMixin from mod flywheel->@Inject::flywheel$onLightUpdate(Lnet/minecraft/world/level/LightLayer;Lnet/minecraft/core/SectionPos;Lorg/spongepowered/asm/mixin/injection/callback/CallbackInfo;)V doesn't use it's CallbackInfo
[06Aug2026 12:15:29.014] [Render thread/DEBUG] [mixin/]: flywheel.impl.mixins.json:ClientChunkCacheMixin from mod flywheel->@Inject::flywheel$onLightUpdate(Lnet/minecraft/world/level/LightLayer;Lnet/minecraft/core/SectionPos;Lorg/spongepowered/asm/mixin/injection/callback/CallbackInfo;)V has 0 override(s) in child classes
[06Aug2026 12:15:29.014] [Render thread/DEBUG] [mixin/]: flywheel.impl.mixins.json:ClientChunkCacheMixin from mod flywheel->@Inject::flywheel$onLightUpdate(Lnet/minecraft/world/level/LightLayer;Lnet/minecraft/core/SectionPos;Lorg/spongepowered/asm/mixin/injection/callback/CallbackInfo;)V won't be passed a CallbackInfo as a result
[06Aug2026 12:15:29.014] [Render thread/DEBUG] [mixin/]: sable.mixins.json:plot.ClientChunkCacheMixin from mod sable->@Inject::getChunk(IILnet/minecraft/world/level/chunk/status/ChunkStatus;ZLorg/spongepowered/asm/mixin/injection/callback/CallbackInfoReturnable;)V does use it's CallbackInfoReturnable
[06Aug2026 12:15:29.014] [Render thread/DEBUG] [mixin/]: sable.mixins.json:plot.ClientChunkCacheMixin from mod sable->@Inject::drop(Lnet/minecraft/world/level/ChunkPos;Lorg/spongepowered/asm/mixin/injection/callback/CallbackInfo;)V does use it's CallbackInfo
[06Aug2026 12:15:29.014] [Render thread/DEBUG] [mixin/]: sable.mixins.json:plot.ClientChunkCacheMixin from mod sable->@Inject::replaceBiomes(IILnet/minecraft/network/FriendlyByteBuf;Lorg/spongepowered/asm/mixin/injection/callback/CallbackInfo;)V doesn't use it's CallbackInfo
[06Aug2026 12:15:29.014] [Render thread/DEBUG] [mixin/]: sable.mixins.json:plot.ClientChunkCacheMixin from mod sable->@Inject::replaceBiomes(IILnet/minecraft/network/FriendlyByteBuf;Lorg/spongepowered/asm/mixin/injection/callback/CallbackInfo;)V has 0 override(s) in child classes
[06Aug2026 12:15:29.014] [Render thread/DEBUG] [mixin/]: sable.mixins.json:plot.ClientChunkCacheMixin from mod sable->@Inject::replaceBiomes(IILnet/minecraft/network/FriendlyByteBuf;Lorg/spongepowered/asm/mixin/injection/callback/CallbackInfo;)V won't be passed a CallbackInfo as a result
[06Aug2026 12:15:29.014] [Render thread/DEBUG] [mixin/]: sable.mixins.json:plot.ClientChunkCacheMixin from mod sable->@Inject::replaceWithPacketData(IILnet/minecraft/network/FriendlyByteBuf;Lnet/minecraft/nbt/CompoundTag;Ljava/util/function/Consumer;Lorg/spongepowered/asm/mixin/injection/callback/CallbackInfoReturnable;)V does use it's CallbackInfoReturnable
[06Aug2026 12:15:29.022] [Render thread/DEBUG] [mixin/]: Generating mapped inner class net/minecraft/client/multiplayer/ClientLevel$Anonymous$7fe28c259d934a2b9d3c7b1971f0bdfc (originally dev/ryanhcode/sable/mixin/clip_overwrite/ClientLevelMixin$1)
[06Aug2026 12:15:29.028] [Server thread/INFO] [net.minecraft.server.MinecraftServer/]: Dev joined the game
[06Aug2026 12:15:29.040] [Render thread/DEBUG] [mixin/]: Mixing loaded_chunk_debug.ClientChunkCacheStorageAccessor from sable.mixins.json into net.minecraft.client.multiplayer.ClientChunkCache$Storage
[06Aug2026 12:15:29.048] [Render thread/DEBUG] [com.simibubi.create.Create/]: Prepared Redstone Network Space for minecraft:overworld
[06Aug2026 12:15:29.049] [Render thread/DEBUG] [com.simibubi.create.Create/]: Prepared Kinetic Network Space for minecraft:overworld
[06Aug2026 12:15:29.056] [Render thread/DEBUG] [mixin/]: Mixing visualmanage.SectionCompilerMixin from flywheel.impl.mixins.json into net.minecraft.client.renderer.chunk.SectionCompiler
[06Aug2026 12:15:29.056] [Render thread/DEBUG] [mixin/]: Mixing dynamic_directional_shading.SectionCompilerMixin from sable-neoforge.mixins.json into net.minecraft.client.renderer.chunk.SectionCompiler
[06Aug2026 12:15:29.059] [Render thread/DEBUG] [mixin/]: flywheel.impl.mixins.json:visualmanage.SectionCompilerMixin from mod flywheel->@Inject::flywheel$tryAddBlockEntity(Ljava/lang/Object;Lnet/minecraft/world/level/block/entity/BlockEntity;Lorg/spongepowered/asm/mixin/injection/callback/CallbackInfo;)V does use it's CallbackInfo
[06Aug2026 12:15:29.059] [Render thread/DEBUG] [mixin/]: sable-neoforge.mixins.json:dynamic_directional_shading.SectionCompilerMixin from mod sable->@Inject::sable$preCompile(Lnet/minecraft/core/SectionPos;Lnet/minecraft/client/renderer/chunk/RenderChunkRegion;Lcom/mojang/blaze3d/vertex/VertexSorting;Lnet/minecraft/client/renderer/SectionBufferBuilderPack;Ljava/util/List;Lorg/spongepowered/asm/mixin/injection/callback/CallbackInfoReturnable;)V doesn't use it's CallbackInfoReturnable
[06Aug2026 12:15:29.059] [Render thread/DEBUG] [mixin/]: sable-neoforge.mixins.json:dynamic_directional_shading.SectionCompilerMixin from mod sable->@Inject::sable$preCompile(Lnet/minecraft/core/SectionPos;Lnet/minecraft/client/renderer/chunk/RenderChunkRegion;Lcom/mojang/blaze3d/vertex/VertexSorting;Lnet/minecraft/client/renderer/SectionBufferBuilderPack;Ljava/util/List;Lorg/spongepowered/asm/mixin/injection/callback/CallbackInfoReturnable;)V has 0 override(s) in child classes
[06Aug2026 12:15:29.059] [Render thread/DEBUG] [mixin/]: sable-neoforge.mixins.json:dynamic_directional_shading.SectionCompilerMixin from mod sable->@Inject::sable$preCompile(Lnet/minecraft/core/SectionPos;Lnet/minecraft/client/renderer/chunk/RenderChunkRegion;Lcom/mojang/blaze3d/vertex/VertexSorting;Lnet/minecraft/client/renderer/SectionBufferBuilderPack;Ljava/util/List;Lorg/spongepowered/asm/mixin/injection/callback/CallbackInfoReturnable;)V won't be passed a CallbackInfoReturnable as a result
[06Aug2026 12:15:29.059] [Render thread/DEBUG] [mixin/]: sable-neoforge.mixins.json:dynamic_directional_shading.SectionCompilerMixin from mod sable->@Inject::sable$postCompile(Lnet/minecraft/core/SectionPos;Lnet/minecraft/client/renderer/chunk/RenderChunkRegion;Lcom/mojang/blaze3d/vertex/VertexSorting;Lnet/minecraft/client/renderer/SectionBufferBuilderPack;Ljava/util/List;Lorg/spongepowered/asm/mixin/injection/callback/CallbackInfoReturnable;)V doesn't use it's CallbackInfoReturnable
[06Aug2026 12:15:29.059] [Render thread/DEBUG] [mixin/]: sable-neoforge.mixins.json:dynamic_directional_shading.SectionCompilerMixin from mod sable->@Inject::sable$postCompile(Lnet/minecraft/core/SectionPos;Lnet/minecraft/client/renderer/chunk/RenderChunkRegion;Lcom/mojang/blaze3d/vertex/VertexSorting;Lnet/minecraft/client/renderer/SectionBufferBuilderPack;Ljava/util/List;Lorg/spongepowered/asm/mixin/injection/callback/CallbackInfoReturnable;)V has 0 override(s) in child classes
[06Aug2026 12:15:29.059] [Render thread/DEBUG] [mixin/]: sable-neoforge.mixins.json:dynamic_directional_shading.SectionCompilerMixin from mod sable->@Inject::sable$postCompile(Lnet/minecraft/core/SectionPos;Lnet/minecraft/client/renderer/chunk/RenderChunkRegion;Lcom/mojang/blaze3d/vertex/VertexSorting;Lnet/minecraft/client/renderer/SectionBufferBuilderPack;Ljava/util/List;Lorg/spongepowered/asm/mixin/injection/callback/CallbackInfoReturnable;)V won't be passed a CallbackInfoReturnable as a result
[06Aug2026 12:15:29.060] [Server thread/DEBUG] [mixin/]: Mixing compatibility.create.toolbox.ToolboxHandlerMixin from sable-neoforge.mixins.json into com.simibubi.create.content.equipment.toolbox.ToolboxHandler
[06Aug2026 12:15:29.060] [Server thread/DEBUG] [mixin/]: Renaming synthetic method lambda$sable$getNearestToolBoxRedirect$1(Lnet/minecraft/world/level/LevelAccessor;Lnet/minecraft/world/phys/Vec3;Lnet/minecraft/core/BlockPos;)D to mdb5b860$sable$lambda$sable$getNearestToolBoxRedirect$1$0 in sable-neoforge.mixins.json:compatibility.create.toolbox.ToolboxHandlerMixin from mod sable
[06Aug2026 12:15:29.060] [Server thread/DEBUG] [mixin/]: Renaming synthetic method lambda$sable$getNearestToolBoxRedirect$0(Lnet/minecraft/world/level/LevelAccessor;Lnet/minecraft/world/phys/Vec3;DLnet/minecraft/core/BlockPos;)Z to mdb5b860$sable$lambda$sable$getNearestToolBoxRedirect$0$1 in sable-neoforge.mixins.json:compatibility.create.toolbox.ToolboxHandlerMixin from mod sable
[06Aug2026 12:15:29.066] [Server thread/DEBUG] [mixin/]: sable-neoforge.mixins.json:compatibility.create.toolbox.ToolboxHandlerMixin from mod sable->@Inject::sable$withinRangeToolBoxRedirect(Lnet/minecraft/world/entity/player/Player;Lcom/simibubi/create/content/equipment/toolbox/ToolboxBlockEntity;Lorg/spongepowered/asm/mixin/injection/callback/CallbackInfoReturnable;)V does use it's CallbackInfoReturnable
[06Aug2026 12:15:29.067] [Server thread/DEBUG] [mixin/]: sable-neoforge.mixins.json:compatibility.create.toolbox.ToolboxHandlerMixin from mod sable->@Inject::sable$getNearestToolBoxRedirect(Lnet/minecraft/world/level/LevelAccessor;Lnet/minecraft/world/entity/player/Player;ILorg/spongepowered/asm/mixin/injection/callback/CallbackInfoReturnable;)V does use it's CallbackInfoReturnable
[06Aug2026 12:15:29.067] [Render thread/DEBUG] [mixin/]: Mixing sublevel_render.impl.vanilla.ViewAreaMixin from sable.mixins.json into net.minecraft.client.renderer.ViewArea
[06Aug2026 12:15:29.069] [Render thread/DEBUG] [mixin/]: sable.mixins.json:sublevel_render.impl.vanilla.ViewAreaMixin from mod sable->@Inject::sable$setDirty(IIIZLorg/spongepowered/asm/mixin/injection/callback/CallbackInfo;)V does use it's CallbackInfo
[06Aug2026 12:15:29.070] [Render thread/DEBUG] [mixin/]: Mixing sublevel_render.RenderSectionAccessor from sable.mixins.json into net.minecraft.client.renderer.chunk.SectionRenderDispatcher$RenderSection
[06Aug2026 12:15:29.071] [Render thread/DEBUG] [mixin/]: Mixing sublevel_render.RenderSectionMixin from sable.mixins.json into net.minecraft.client.renderer.chunk.SectionRenderDispatcher$RenderSection
[06Aug2026 12:15:29.071] [Render thread/DEBUG] [mixin/]: Renaming synthetic method lambda$setDirty$0()V to mdb5b860$sable$lambda$setDirty$0$0 in sable.mixins.json:sublevel_render.RenderSectionMixin from mod sable
[06Aug2026 12:15:29.074] [Render thread/DEBUG] [mixin/]: sable.mixins.json:sublevel_render.RenderSectionMixin from mod sable->@Inject::setDirty(ZLorg/spongepowered/asm/mixin/injection/callback/CallbackInfo;)V doesn't use it's CallbackInfo
[06Aug2026 12:15:29.074] [Render thread/DEBUG] [mixin/]: sable.mixins.json:sublevel_render.RenderSectionMixin from mod sable->@Inject::setDirty(ZLorg/spongepowered/asm/mixin/injection/callback/CallbackInfo;)V has 0 override(s) in child classes
[06Aug2026 12:15:29.074] [Render thread/DEBUG] [mixin/]: sable.mixins.json:sublevel_render.RenderSectionMixin from mod sable->@Inject::setDirty(ZLorg/spongepowered/asm/mixin/injection/callback/CallbackInfo;)V won't be passed a CallbackInfo as a result
[06Aug2026 12:15:29.421] [Server thread/DEBUG] [mixin/]: Mixing extra_kinetics.RotationPropagatorMixin from simulated.mixins.json into com.simibubi.create.content.kinetics.RotationPropagator
[06Aug2026 12:15:29.425] [Server thread/DEBUG] [mixin/]: Mixing RotationPropagatorMixin from offroad.mixins.json into com.simibubi.create.content.kinetics.RotationPropagator
[06Aug2026 12:15:29.425] [Server thread/DEBUG] [mixin/]: offroad.mixins.json:RotationPropagatorMixin from mod offroad: Class version 65 required is higher than the class version supported by the current version of Mixin (JAVA_18 supports class version 62)
[06Aug2026 12:15:29.426] [Server thread/DEBUG] [mixin/]: Mixing flicker_tally_removal.RotationPropagatorMixin from simulated.mixins.json into com.simibubi.create.content.kinetics.RotationPropagator
[06Aug2026 12:15:29.433] [Server thread/DEBUG] [mixin/]: simulated.mixins.json:extra_kinetics.RotationPropagatorMixin from mod simulated->@Inject::simulated$addExtraKineticsBlockEntities(Lcom/simibubi/create/content/kinetics/base/KineticBlockEntity;Lorg/spongepowered/asm/mixin/injection/callback/CallbackInfoReturnable;)V does use it's CallbackInfoReturnable
[06Aug2026 12:15:29.433] [Server thread/DEBUG] [mixin/]: simulated.mixins.json:extra_kinetics.RotationPropagatorMixin from mod simulated->@Inject::simulated$getExtraKineticsBlockPositions(Lcom/simibubi/create/content/kinetics/base/KineticBlockEntity;Lorg/spongepowered/asm/mixin/injection/callback/CallbackInfoReturnable;)V does use it's CallbackInfoReturnable
[06Aug2026 12:15:29.515] [Render thread/DEBUG] [mixin/]: Mixing client.command.ClientCommandSourceStackMixin from veil.neoforge.mixins.json into net.neoforged.neoforge.client.ClientCommandSourceStack
[06Aug2026 12:15:29.519] [Render thread/DEBUG] [mixin/]: Mixing compatibility.flywheel.RenderDispatcherImplMixin from sable-neoforge.mixins.json into dev.engine_room.flywheel.impl.visualization.VisualizationManagerImpl$RenderDispatcherImpl
[06Aug2026 12:15:29.520] [Render thread/DEBUG] [mixin/]: sable-neoforge.mixins.json:compatibility.flywheel.RenderDispatcherImplMixin from mod sable->@Inject::sable$onStartLevelRender(Ldev/engine_room/flywheel/api/backend/RenderContext;Lorg/spongepowered/asm/mixin/injection/callback/CallbackInfo;)V doesn't use it's CallbackInfo
[06Aug2026 12:15:29.520] [Render thread/DEBUG] [mixin/]: sable-neoforge.mixins.json:compatibility.flywheel.RenderDispatcherImplMixin from mod sable->@Inject::sable$onStartLevelRender(Ldev/engine_room/flywheel/api/backend/RenderContext;Lorg/spongepowered/asm/mixin/injection/callback/CallbackInfo;)V has 0 override(s) in child classes
[06Aug2026 12:15:29.520] [Render thread/DEBUG] [mixin/]: sable-neoforge.mixins.json:compatibility.flywheel.RenderDispatcherImplMixin from mod sable->@Inject::sable$onStartLevelRender(Ldev/engine_room/flywheel/api/backend/RenderContext;Lorg/spongepowered/asm/mixin/injection/callback/CallbackInfo;)V won't be passed a CallbackInfo as a result
[06Aug2026 12:15:29.525] [Render thread/INFO] [flywheel/]: Started 10 worker threads
[06Aug2026 12:15:29.526] [Render thread/DEBUG] [mixin/]: Mixing diagram.VisualManagerImplMixin from simulated-neoforge.mixins.json into dev.engine_room.flywheel.impl.visualization.VisualManagerImpl
[06Aug2026 12:15:29.527] [Render thread/DEBUG] [mixin/]: Mixing compatibility.flywheel.VisualManagerImplMixin from sable-neoforge.mixins.json into dev.engine_room.flywheel.impl.visualization.VisualManagerImpl
[06Aug2026 12:15:29.527] [Render thread/DEBUG] [mixin/]: sable-neoforge.mixins.json:compatibility.flywheel.VisualManagerImplMixin from mod sable->@Inject::sable$preFramePlan(Ldev/engine_room/flywheel/api/visualization/VisualizationContext;Lorg/spongepowered/asm/mixin/injection/callback/CallbackInfoReturnable;)V doesn't use it's CallbackInfoReturnable
[06Aug2026 12:15:29.527] [Render thread/DEBUG] [mixin/]: sable-neoforge.mixins.json:compatibility.flywheel.VisualManagerImplMixin from mod sable->@Inject::sable$preFramePlan(Ldev/engine_room/flywheel/api/visualization/VisualizationContext;Lorg/spongepowered/asm/mixin/injection/callback/CallbackInfoReturnable;)V has 0 override(s) in child classes
[06Aug2026 12:15:29.527] [Render thread/DEBUG] [mixin/]: sable-neoforge.mixins.json:compatibility.flywheel.VisualManagerImplMixin from mod sable->@Inject::sable$preFramePlan(Ldev/engine_room/flywheel/api/visualization/VisualizationContext;Lorg/spongepowered/asm/mixin/injection/callback/CallbackInfoReturnable;)V won't be passed a CallbackInfoReturnable as a result
[06Aug2026 12:15:29.566] [Render thread/DEBUG] [mixin/]: Mixing tooltip_flag.TooltipFlagDefaultMixin from simulated.mixins.json into net.minecraft.world.item.TooltipFlag$Default
[06Aug2026 12:15:29.567] [Render thread/DEBUG] [mixin/]: Mixing tooltip_flag.ClientTooltipFlagMixin from simulated-neoforge.mixins.json into net.neoforged.neoforge.client.ClientTooltipFlag
[06Aug2026 12:15:29.586] [Render thread/INFO] [net.minecraft.advancements.AdvancementTree/]: Loaded 133 advancements
[06Aug2026 12:15:29.635] [Render thread/DEBUG] [mixin/]: Mixing levitite.VanillaChunkedSubLevelRenderDataMixin from aeronautics.mixins.json into dev.ryanhcode.sable.sublevel.render.vanilla.VanillaChunkedSubLevelRenderData
[06Aug2026 12:15:29.635] [Render thread/DEBUG] [mixin/]: aeronautics.mixins.json:levitite.VanillaChunkedSubLevelRenderDataMixin from mod aeronautics: Class version 65 required is higher than the class version supported by the current version of Mixin (JAVA_18 supports class version 62)
[06Aug2026 12:15:29.646] [Render thread/DEBUG] [mixin/]: Mixing compatibility.flywheel.EngineImplMixin from sable-neoforge.mixins.json into dev.engine_room.flywheel.backend.engine.EngineImpl
[06Aug2026 12:15:29.648] [Render thread/DEBUG] [mixin/]: sable-neoforge.mixins.json:compatibility.flywheel.EngineImplMixin from mod sable->@Inject::sable$replaceLightStorage(Lnet/minecraft/world/level/LevelAccessor;Ldev/engine_room/flywheel/backend/engine/DrawManager;ILorg/spongepowered/asm/mixin/injection/callback/CallbackInfo;)V doesn't use it's CallbackInfo
[06Aug2026 12:15:29.648] [Render thread/DEBUG] [mixin/]: sable-neoforge.mixins.json:compatibility.flywheel.EngineImplMixin from mod sable->@Inject::sable$replaceLightStorage(Lnet/minecraft/world/level/LevelAccessor;Ldev/engine_room/flywheel/backend/engine/DrawManager;ILorg/spongepowered/asm/mixin/injection/callback/CallbackInfo;)V has 0 override(s) in child classes
[06Aug2026 12:15:29.648] [Render thread/DEBUG] [mixin/]: sable-neoforge.mixins.json:compatibility.flywheel.EngineImplMixin from mod sable->@Inject::sable$replaceLightStorage(Lnet/minecraft/world/level/LevelAccessor;Ldev/engine_room/flywheel/backend/engine/DrawManager;ILorg/spongepowered/asm/mixin/injection/callback/CallbackInfo;)V won't be passed a CallbackInfo as a result
[06Aug2026 12:15:29.650] [Render thread/DEBUG] [mixin/]: Mixing compatibility.flywheel.LightStorageAccessor from sable-neoforge.mixins.json into dev.engine_room.flywheel.backend.engine.LightStorage
[06Aug2026 12:15:29.693] [Render thread/DEBUG] [mixin/]: Mixing compatibility.flywheel.MatrixBufferMixin from sable-neoforge.mixins.json into dev.engine_room.flywheel.backend.engine.indirect.MatrixBuffer
[06Aug2026 12:15:29.705] [Render thread/DEBUG] [mixin/]: Mixing compatibility.flywheel.EnvironmentStorageMixin from sable-neoforge.mixins.json into dev.engine_room.flywheel.backend.engine.embed.EnvironmentStorage
[06Aug2026 12:15:29.784] [Render thread/DEBUG] [mixin/]: Mixing clip_overwrite.ClipContextMixin from sable.mixins.json into net.minecraft.world.level.ClipContext
[06Aug2026 12:15:29.791] [Render thread/DEBUG] [mixin/]: Mixing ProjectileUtilMixin from create.mixins.json into net.minecraft.world.entity.projectile.ProjectileUtil
[06Aug2026 12:15:29.792] [Render thread/DEBUG] [mixin/]: Mixing entity.entity_interaction.ProjectileUtilMixin from sable.mixins.json into net.minecraft.world.entity.projectile.ProjectileUtil
[06Aug2026 12:15:29.802] [Render thread/DEBUG] [mixin/]: Mixing compatibility.create.raycast.RaycastHelperMixin from sable-neoforge.mixins.json into com.simibubi.create.foundation.utility.RaycastHelper
[06Aug2026 12:15:29.806] [Render thread/DEBUG] [mixin/]: sable-neoforge.mixins.json:compatibility.create.raycast.RaycastHelperMixin from mod sable->@Inject::sable$rayTraceSublevels(Lnet/minecraft/world/entity/player/Player;DLjava/util/function/Predicate;Lorg/spongepowered/asm/mixin/injection/callback/CallbackInfoReturnable;)V does use it's CallbackInfoReturnable
[06Aug2026 12:15:29.841] [Render thread/DEBUG] [mixin/]: Mixing plot.lighting.RenderChunkRegionMixin from sable.mixins.json into net.minecraft.client.renderer.chunk.RenderChunkRegion
[06Aug2026 12:15:29.874] [Render thread/DEBUG] [mixin/]: Mixing compatibility.flywheel.EmbeddedEnvironmentMixin from sable-neoforge.mixins.json into dev.engine_room.flywheel.backend.engine.embed.EmbeddedEnvironment
[06Aug2026 12:15:29.877] [Render thread/DEBUG] [mixin/]: sable-neoforge.mixins.json:compatibility.flywheel.EmbeddedEnvironmentMixin from mod sable->@Inject::sable$setupDraw(Ldev/engine_room/flywheel/backend/gl/shader/GlProgram;Lorg/spongepowered/asm/mixin/injection/callback/CallbackInfo;)V doesn't use it's CallbackInfo
[06Aug2026 12:15:29.877] [Render thread/DEBUG] [mixin/]: sable-neoforge.mixins.json:compatibility.flywheel.EmbeddedEnvironmentMixin from mod sable->@Inject::sable$setupDraw(Ldev/engine_room/flywheel/backend/gl/shader/GlProgram;Lorg/spongepowered/asm/mixin/injection/callback/CallbackInfo;)V has 0 override(s) in child classes
[06Aug2026 12:15:29.877] [Render thread/DEBUG] [mixin/]: sable-neoforge.mixins.json:compatibility.flywheel.EmbeddedEnvironmentMixin from mod sable->@Inject::sable$setupDraw(Ldev/engine_room/flywheel/backend/gl/shader/GlProgram;Lorg/spongepowered/asm/mixin/injection/callback/CallbackInfo;)V won't be passed a CallbackInfo as a result
[06Aug2026 12:15:29.877] [Render thread/DEBUG] [mixin/]: sable-neoforge.mixins.json:compatibility.flywheel.EmbeddedEnvironmentMixin from mod sable->@Inject::sable$flush(JLorg/spongepowered/asm/mixin/injection/callback/CallbackInfo;)V doesn't use it's CallbackInfo
[06Aug2026 12:15:29.877] [Render thread/DEBUG] [mixin/]: sable-neoforge.mixins.json:compatibility.flywheel.EmbeddedEnvironmentMixin from mod sable->@Inject::sable$flush(JLorg/spongepowered/asm/mixin/injection/callback/CallbackInfo;)V has 0 override(s) in child classes
[06Aug2026 12:15:29.877] [Render thread/DEBUG] [mixin/]: sable-neoforge.mixins.json:compatibility.flywheel.EmbeddedEnvironmentMixin from mod sable->@Inject::sable$flush(JLorg/spongepowered/asm/mixin/injection/callback/CallbackInfo;)V won't be passed a CallbackInfo as a result
[06Aug2026 12:15:29.891] [Render thread/DEBUG] [mixin/]: Mixing compatibility.create.tracks.TrackTargetingClientMixin from sable-neoforge.mixins.json into com.simibubi.create.content.trains.track.TrackTargetingClient
[06Aug2026 12:15:29.942] [Render thread/INFO] [Veil/]: Multi-Bind supported, using core
[06Aug2026 12:15:29.948] [Render thread/DEBUG] [mixin/]: Mixing client.PerformanceScreenEffectRendererMixin from veil.performance.mixins.json into net.minecraft.client.renderer.ScreenEffectRenderer
[06Aug2026 12:15:29.953] [Render thread/DEBUG] [mixin/]: veil.performance.mixins.json:client.PerformanceScreenEffectRendererMixin from mod veil->@Inject::renderTex(Lnet/minecraft/client/renderer/texture/TextureAtlasSprite;Lcom/mojang/blaze3d/vertex/PoseStack;Lorg/spongepowered/asm/mixin/injection/callback/CallbackInfo;)V does use it's CallbackInfo
[06Aug2026 12:15:29.953] [Render thread/DEBUG] [mixin/]: veil.performance.mixins.json:client.PerformanceScreenEffectRendererMixin from mod veil->@Inject::renderWater(Lnet/minecraft/client/Minecraft;Lcom/mojang/blaze3d/vertex/PoseStack;Lorg/spongepowered/asm/mixin/injection/callback/CallbackInfo;)V does use it's CallbackInfo
[06Aug2026 12:15:29.960] [Render thread/DEBUG] [mixin/]: Mixing compatibility.create.render_fixes.PlacementClientMixin from sable-neoforge.mixins.json into net.createmod.catnip.placement.PlacementClient
[06Aug2026 12:15:29.963] [Server thread/DEBUG] [mixin/]: Mixing entity.entity_pathfinding.RandomPosMixin from sable.mixins.json into net.minecraft.world.entity.ai.util.RandomPos
[06Aug2026 12:15:29.966] [Server thread/DEBUG] [mixin/]: Mixing entity.entity_pathfinding.PathfindingContextMixin from sable.mixins.json into net.minecraft.world.level.pathfinder.PathfindingContext
[06Aug2026 12:15:29.968] [Server thread/DEBUG] [mixin/]: sable.mixins.json:entity.entity_pathfinding.PathfindingContextMixin from mod sable->@Inject::sable$init(Lnet/minecraft/world/level/CollisionGetter;Lnet/minecraft/world/entity/Mob;Lorg/spongepowered/asm/mixin/injection/callback/CallbackInfo;)V doesn't use it's CallbackInfo
[06Aug2026 12:15:29.968] [Server thread/DEBUG] [mixin/]: sable.mixins.json:entity.entity_pathfinding.PathfindingContextMixin from mod sable->@Inject::sable$init(Lnet/minecraft/world/level/CollisionGetter;Lnet/minecraft/world/entity/Mob;Lorg/spongepowered/asm/mixin/injection/callback/CallbackInfo;)V has 0 override(s) in child classes
[06Aug2026 12:15:29.968] [Server thread/DEBUG] [mixin/]: sable.mixins.json:entity.entity_pathfinding.PathfindingContextMixin from mod sable->@Inject::sable$init(Lnet/minecraft/world/level/CollisionGetter;Lnet/minecraft/world/entity/Mob;Lorg/spongepowered/asm/mixin/injection/callback/CallbackInfo;)V won't be passed a CallbackInfo as a result
[06Aug2026 12:15:29.984] [Server thread/DEBUG] [mixin/]: Mixing entity.entity_pathfinding.PathMixin from sable.mixins.json into net.minecraft.world.level.pathfinder.Path
[06Aug2026 12:15:29.986] [Server thread/DEBUG] [mixin/]: sable.mixins.json:entity.entity_pathfinding.PathMixin from mod sable->@Inject::sable$getNextEntityPos(Lnet/minecraft/world/entity/Entity;Lorg/spongepowered/asm/mixin/injection/callback/CallbackInfoReturnable;)V does use it's CallbackInfoReturnable
[06Aug2026 12:15:29.986] [Server thread/DEBUG] [mixin/]: sable.mixins.json:entity.entity_pathfinding.PathMixin from mod sable->@Inject::sable$getNextNodePos(Lorg/spongepowered/asm/mixin/injection/callback/CallbackInfoReturnable;)V does use it's CallbackInfoReturnable
[06Aug2026 12:15:29.986] [Server thread/DEBUG] [mixin/]: sable.mixins.json:entity.entity_pathfinding.PathMixin from mod sable->@Inject::sable$getNodePos(ILorg/spongepowered/asm/mixin/injection/callback/CallbackInfoReturnable;)V does use it's CallbackInfoReturnable
[06Aug2026 12:15:30.017] [Render thread/DEBUG] [mixin/]: Mixing compatibility.create.render_fixes.FilteringRendererMixin from sable-neoforge.mixins.json into com.simibubi.create.foundation.blockEntity.behaviour.filtering.FilteringRenderer
[06Aug2026 12:15:30.022] [Render thread/DEBUG] [mixin/]: Mixing compatibility.create.render_fixes.ValueBoxMixin from sable-neoforge.mixins.json into com.simibubi.create.foundation.blockEntity.behaviour.ValueBox
[06Aug2026 12:15:30.022] [Flywheel Task Executor #7/DEBUG] [io.netty.util.internal.ThreadLocalRandom/]: -Dio.netty.initialSeedUniquifier: 0xc0186bb10a61b4d5
[06Aug2026 12:15:30.025] [Render thread/DEBUG] [mixin/]: Mixing compatibility.create.render_fixes.LinkRendererMixin from sable-neoforge.mixins.json into com.simibubi.create.content.redstone.link.LinkRenderer
[06Aug2026 12:15:30.035] [Render thread/DEBUG] [mixin/]: Mixing compatibility.create.frogports.ChainConveyorRidingHandlerMixin from sable-neoforge.mixins.json into com.simibubi.create.content.kinetics.chainConveyor.ChainConveyorRidingHandler
[06Aug2026 12:15:30.039] [Render thread/DEBUG] [mixin/]: Mixing compatibility.create.frogports.PackagePortTargetSelectionHandlerMixin from sable-neoforge.mixins.json into com.simibubi.create.content.logistics.packagePort.PackagePortTargetSelectionHandler
[06Aug2026 12:15:30.045] [Render thread/DEBUG] [mixin/]: Mixing compatibility.create.factory_panel.FactoryPanelConnectionHandlerMixin from sable-neoforge.mixins.json into com.simibubi.create.content.logistics.factoryBoard.FactoryPanelConnectionHandler
[06Aug2026 12:15:30.128] [Render thread/DEBUG] [flywheel/backend/shaders/]: Compiled culling/create_instance_cull_rotating in 13.302 ms
[06Aug2026 12:15:30.130] [Render thread/DEBUG] [flywheel/backend/shaders/]: Linked dev.engine_room.flywheel.lib.instance.SimpleInstanceType@3973f567 in 15.669 ms
[06Aug2026 12:15:30.140] [Render thread/DEBUG] [flywheel/backend/shaders/]: Compiled utilities/flywheel_internal_indirect_scatter in 580.626 μs
[06Aug2026 12:15:30.141] [Render thread/DEBUG] [flywheel/backend/shaders/]: Linked flywheel:internal/indirect/scatter.glsl in 1.184 ms
[06Aug2026 12:15:30.144] [Render thread/DEBUG] [flywheel/backend/shaders/]: Compiled utilities/flywheel_internal_indirect_downsample_first in 583.785 μs
[06Aug2026 12:15:30.146] [Render thread/DEBUG] [flywheel/backend/shaders/]: Linked flywheel:internal/indirect/downsample_first.glsl in 3.251 ms
[06Aug2026 12:15:30.151] [Render thread/DEBUG] [flywheel/backend/shaders/]: Compiled utilities/flywheel_internal_indirect_downsample_second in 3.908 ms
[06Aug2026 12:15:30.153] [Render thread/DEBUG] [flywheel/backend/shaders/]: Linked flywheel:internal/indirect/downsample_second.glsl in 6.375 ms
[06Aug2026 12:15:30.159] [Render thread/DEBUG] [flywheel/backend/shaders/]: Compiled utilities/flywheel_internal_indirect_apply in 2.246 ms
[06Aug2026 12:15:30.160] [Render thread/DEBUG] [flywheel/backend/shaders/]: Linked flywheel:internal/indirect/apply.glsl in 3.025 ms
[06Aug2026 12:15:30.166] [Render thread/DEBUG] [flywheel/backend/shaders/]: Compiled pipeline/indirect/create_instance_rotating/flywheel_material_default_embedded in 2.075 ms
[06Aug2026 12:15:30.169] [Render thread/DEBUG] [flywheel/backend/shaders/]: Compiled pipeline/indirect/frag/flywheel_material_default/flywheel_light_smooth_when_embedded_embedded in 2.828 ms
[06Aug2026 12:15:30.174] [Render thread/DEBUG] [dev.engine_room.flywheel.backend.gl.shader.GlProgram/]: No active uniform '_flw_depthRange' exists. Could be unused.
[06Aug2026 12:15:30.174] [Render thread/DEBUG] [dev.engine_room.flywheel.backend.gl.shader.GlProgram/]: No active uniform '_flw_coefficients' exists. Could be unused.
[06Aug2026 12:15:30.174] [Render thread/DEBUG] [dev.engine_room.flywheel.backend.gl.shader.GlProgram/]: No active uniform '_flw_blueNoise' exists. Could be unused.
[06Aug2026 12:15:30.179] [Render thread/DEBUG] [flywheel/backend/shaders/]: Linked PipelineProgramKey[instanceType=dev.engine_room.flywheel.lib.instance.SimpleInstanceType@3973f567, contextShader=EMBEDDED, light=SimpleLightShader[source=flywheel:light/smooth_when_embedded.glsl], materialShaders=SimpleMaterialShaders[vertexSource=flywheel:material/default.vert, fragmentSource=flywheel:material/default.frag], useCutout=false, debugEnabled=false, oit=OFF] in 10.892 ms
[06Aug2026 12:15:30.330] [Render thread/DEBUG] [flywheel/backend/shaders/]: Compiled pipeline/indirect/create_instance_rotating/flywheel_material_default_default in 790.373 μs
[06Aug2026 12:15:30.330] [Render thread/DEBUG] [flywheel/backend/shaders/]: Compiled pipeline/indirect/frag/flywheel_material_default/flywheel_light_smooth_when_embedded_default in 504.526 μs
[06Aug2026 12:15:30.331] [Render thread/DEBUG] [dev.engine_room.flywheel.backend.gl.shader.GlProgram/]: No active uniform '_flw_depthRange' exists. Could be unused.
[06Aug2026 12:15:30.332] [Render thread/DEBUG] [dev.engine_room.flywheel.backend.gl.shader.GlProgram/]: No active uniform '_flw_coefficients' exists. Could be unused.
[06Aug2026 12:15:30.332] [Render thread/DEBUG] [dev.engine_room.flywheel.backend.gl.shader.GlProgram/]: No active uniform '_flw_blueNoise' exists. Could be unused.
[06Aug2026 12:15:30.332] [Render thread/DEBUG] [flywheel/backend/shaders/]: Linked PipelineProgramKey[instanceType=dev.engine_room.flywheel.lib.instance.SimpleInstanceType@3973f567, contextShader=DEFAULT, light=SimpleLightShader[source=flywheel:light/smooth_when_embedded.glsl], materialShaders=SimpleMaterialShaders[vertexSource=flywheel:material/default.vert, fragmentSource=flywheel:material/default.frag], useCutout=false, debugEnabled=false, oit=OFF] in 2.750 ms
[06Aug2026 12:15:30.340] [Server thread/INFO] [net.minecraft.client.server.IntegratedServer/]: Saving and pausing game...
[06Aug2026 12:15:30.371] [Server thread/INFO] [net.minecraft.server.MinecraftServer/]: Saving chunks for level 'ServerLevel[Aeronautics testing]'/minecraft:overworld
[06Aug2026 12:15:30.371] [Server thread/INFO] [dev.ryanhcode.sable.Sable/]: Saving sub-levels for level 'ServerLevel[Aeronautics testing]'/minecraft:overworld
[06Aug2026 12:15:30.423] [Server thread/INFO] [net.minecraft.server.MinecraftServer/]: Saving chunks for level 'ServerLevel[Aeronautics testing]'/minecraft:the_end
[06Aug2026 12:15:30.423] [Server thread/INFO] [dev.ryanhcode.sable.Sable/]: Saving sub-levels for level 'ServerLevel[Aeronautics testing]'/minecraft:the_end
[06Aug2026 12:15:30.424] [Server thread/INFO] [net.minecraft.server.MinecraftServer/]: Saving chunks for level 'ServerLevel[Aeronautics testing]'/minecraft:the_nether
[06Aug2026 12:15:30.424] [Server thread/INFO] [dev.ryanhcode.sable.Sable/]: Saving sub-levels for level 'ServerLevel[Aeronautics testing]'/minecraft:the_nether
[06Aug2026 12:15:30.425] [Server thread/DEBUG] [net.neoforged.neoforge.common.CommonHooks/WP]: Gathered mod list to write to world save Aeronautics testing
[06Aug2026 12:15:31.951] [Server thread/DEBUG] [mixin/]: Mixing sculk_vibrations.EuclideanGameEventListenerRegistryMixin from sable.mixins.json into net.minecraft.world.level.gameevent.EuclideanGameEventListenerRegistry
[06Aug2026 12:15:32.756] [Render thread/DEBUG] [flywheel/backend/shaders/]: Compiled culling/flywheel_instance_cull_transformed in 910.743 μs
[06Aug2026 12:15:32.757] [Render thread/DEBUG] [flywheel/backend/shaders/]: Linked dev.engine_room.flywheel.lib.instance.SimpleInstanceType@7c21a50d in 1.844 ms
[06Aug2026 12:15:32.760] [Render thread/DEBUG] [flywheel/backend/shaders/]: Compiled pipeline/indirect/create_instance_rotating/flywheel_material_default_default in 1.105 ms
[06Aug2026 12:15:32.761] [Render thread/DEBUG] [flywheel/backend/shaders/]: Compiled pipeline/indirect/frag/flywheel_material_default/flywheel_light_smooth_when_embedded_default in 477.556 μs
[06Aug2026 12:15:32.761] [Render thread/DEBUG] [dev.engine_room.flywheel.backend.gl.shader.GlProgram/]: No active uniform '_flw_depthRange' exists. Could be unused.
[06Aug2026 12:15:32.761] [Render thread/DEBUG] [dev.engine_room.flywheel.backend.gl.shader.GlProgram/]: No active uniform '_flw_coefficients' exists. Could be unused.
[06Aug2026 12:15:32.762] [Render thread/DEBUG] [dev.engine_room.flywheel.backend.gl.shader.GlProgram/]: No active uniform '_flw_blueNoise' exists. Could be unused.
[06Aug2026 12:15:32.762] [Render thread/DEBUG] [flywheel/backend/shaders/]: Linked PipelineProgramKey[instanceType=dev.engine_room.flywheel.lib.instance.SimpleInstanceType@3973f567, contextShader=DEFAULT, light=SimpleLightShader[source=flywheel:light/smooth_when_embedded.glsl], materialShaders=SimpleMaterialShaders[vertexSource=flywheel:material/default.vert, fragmentSource=flywheel:material/default.frag], useCutout=false, debugEnabled=false, oit=OFF] in 2.700 ms
[06Aug2026 12:15:32.763] [Render thread/DEBUG] [flywheel/backend/shaders/]: Compiled pipeline/indirect/create_instance_rotating/flywheel_material_default_embedded in 898.693 μs
[06Aug2026 12:15:32.763] [Render thread/DEBUG] [flywheel/backend/shaders/]: Compiled pipeline/indirect/frag/flywheel_material_default/flywheel_light_smooth_when_embedded_embedded in 539.005 μs
[06Aug2026 12:15:32.767] [Render thread/DEBUG] [dev.engine_room.flywheel.backend.gl.shader.GlProgram/]: No active uniform '_flw_depthRange' exists. Could be unused.
[06Aug2026 12:15:32.767] [Render thread/DEBUG] [dev.engine_room.flywheel.backend.gl.shader.GlProgram/]: No active uniform '_flw_coefficients' exists. Could be unused.
[06Aug2026 12:15:32.767] [Render thread/DEBUG] [dev.engine_room.flywheel.backend.gl.shader.GlProgram/]: No active uniform '_flw_blueNoise' exists. Could be unused.
[06Aug2026 12:15:32.767] [Render thread/DEBUG] [flywheel/backend/shaders/]: Linked PipelineProgramKey[instanceType=dev.engine_room.flywheel.lib.instance.SimpleInstanceType@3973f567, contextShader=EMBEDDED, light=SimpleLightShader[source=flywheel:light/smooth_when_embedded.glsl], materialShaders=SimpleMaterialShaders[vertexSource=flywheel:material/default.vert, fragmentSource=flywheel:material/default.frag], useCutout=false, debugEnabled=false, oit=OFF] in 5.090 ms
[06Aug2026 12:15:32.770] [Render thread/DEBUG] [flywheel/backend/shaders/]: Compiled pipeline/indirect/flywheel_instance_transformed/flywheel_material_default_default in 3.058 ms
[06Aug2026 12:15:32.771] [Render thread/DEBUG] [flywheel/backend/shaders/]: Compiled pipeline/indirect/frag/flywheel_material_default/flywheel_light_smooth_when_embedded_default in 693.735 μs
[06Aug2026 12:15:32.772] [Render thread/DEBUG] [dev.engine_room.flywheel.backend.gl.shader.GlProgram/]: No active uniform '_flw_depthRange' exists. Could be unused.
[06Aug2026 12:15:32.772] [Render thread/DEBUG] [dev.engine_room.flywheel.backend.gl.shader.GlProgram/]: No active uniform '_flw_coefficients' exists. Could be unused.
[06Aug2026 12:15:32.772] [Render thread/DEBUG] [dev.engine_room.flywheel.backend.gl.shader.GlProgram/]: No active uniform '_flw_blueNoise' exists. Could be unused.
[06Aug2026 12:15:32.772] [Render thread/DEBUG] [flywheel/backend/shaders/]: Linked PipelineProgramKey[instanceType=dev.engine_room.flywheel.lib.instance.SimpleInstanceType@7c21a50d, contextShader=DEFAULT, light=SimpleLightShader[source=flywheel:light/smooth_when_embedded.glsl], materialShaders=SimpleMaterialShaders[vertexSource=flywheel:material/default.vert, fragmentSource=flywheel:material/default.frag], useCutout=false, debugEnabled=false, oit=OFF] in 4.983 ms
[06Aug2026 12:15:32.772] [Render thread/DEBUG] [flywheel/backend/shaders/]: Compiled pipeline/indirect/flywheel_instance_transformed/flywheel_material_default_default in 36.440 μs
[06Aug2026 12:15:32.773] [Render thread/DEBUG] [flywheel/backend/shaders/]: Compiled pipeline/indirect/frag/flywheel_material_default/flywheel_light_smooth_when_embedded_default_cutout in 1.133 ms
[06Aug2026 12:15:32.774] [Render thread/DEBUG] [dev.engine_room.flywheel.backend.gl.shader.GlProgram/]: No active uniform '_flw_depthRange' exists. Could be unused.
[06Aug2026 12:15:32.774] [Render thread/DEBUG] [dev.engine_room.flywheel.backend.gl.shader.GlProgram/]: No active uniform '_flw_coefficients' exists. Could be unused.
[06Aug2026 12:15:32.774] [Render thread/DEBUG] [dev.engine_room.flywheel.backend.gl.shader.GlProgram/]: No active uniform '_flw_blueNoise' exists. Could be unused.
[06Aug2026 12:15:32.774] [Render thread/DEBUG] [flywheel/backend/shaders/]: Linked PipelineProgramKey[instanceType=dev.engine_room.flywheel.lib.instance.SimpleInstanceType@7c21a50d, contextShader=DEFAULT, light=SimpleLightShader[source=flywheel:light/smooth_when_embedded.glsl], materialShaders=SimpleMaterialShaders[vertexSource=flywheel:material/default.vert, fragmentSource=flywheel:material/default.frag], useCutout=true, debugEnabled=false, oit=OFF] in 2.099 ms
[06Aug2026 12:15:34.865] [Render thread/DEBUG] [mixin/]: Mixing compatibility.create.elevator_controls.ElevatorControlsHandlerMixin from sable-neoforge.mixins.json into com.simibubi.create.content.contraptions.elevator.ElevatorControlsHandler
[06Aug2026 12:15:35.762] [Render thread/DEBUG] [mixin/]: Mixing sound.MovingSoundInstanceDelegateMixin from sable-neoforge.mixins.json into dev.ryanhcode.sable.sound.MovingSoundInstanceDelegate
[06Aug2026 12:15:37.811] [Render thread/DEBUG] [mixin/]: Mixing compatibility.create.frogports.ChainPackageInteractionHandlerMixin from sable-neoforge.mixins.json into com.simibubi.create.content.kinetics.chainConveyor.ChainPackageInteractionHandler
[06Aug2026 12:15:38.011] [Render thread/DEBUG] [mixin/]: Mixing creative_tab_sections.CreativeModeInventoryScreenMixin from simulated.mixins.json into net.minecraft.client.gui.screens.inventory.CreativeModeInventoryScreen
[06Aug2026 12:15:38.014] [Render thread/DEBUG] [mixin/]: simulated.mixins.json:creative_tab_sections.CreativeModeInventoryScreenMixin from mod simulated->@Inject::simulated$render(Lnet/minecraft/client/gui/GuiGraphics;IIFLorg/spongepowered/asm/mixin/injection/callback/CallbackInfo;)V doesn't use it's CallbackInfo
[06Aug2026 12:15:38.014] [Render thread/DEBUG] [mixin/]: simulated.mixins.json:creative_tab_sections.CreativeModeInventoryScreenMixin from mod simulated->@Inject::simulated$render(Lnet/minecraft/client/gui/GuiGraphics;IIFLorg/spongepowered/asm/mixin/injection/callback/CallbackInfo;)V has 0 override(s) in child classes
[06Aug2026 12:15:38.014] [Render thread/DEBUG] [mixin/]: simulated.mixins.json:creative_tab_sections.CreativeModeInventoryScreenMixin from mod simulated->@Inject::simulated$render(Lnet/minecraft/client/gui/GuiGraphics;IIFLorg/spongepowered/asm/mixin/injection/callback/CallbackInfo;)V won't be passed a CallbackInfo as a result
[06Aug2026 12:15:38.015] [Render thread/DEBUG] [mixin/]: simulated.mixins.json:creative_tab_sections.CreativeModeInventoryScreenMixin from mod simulated->@Inject::simulated$getTooltipFromContainerItem(Lnet/minecraft/world/item/ItemStack;Lorg/spongepowered/asm/mixin/injection/callback/CallbackInfoReturnable;)V doesn't use it's CallbackInfoReturnable
[06Aug2026 12:15:38.015] [Render thread/DEBUG] [mixin/]: simulated.mixins.json:creative_tab_sections.CreativeModeInventoryScreenMixin from mod simulated->@Inject::simulated$getTooltipFromContainerItem(Lnet/minecraft/world/item/ItemStack;Lorg/spongepowered/asm/mixin/injection/callback/CallbackInfoReturnable;)V has 0 override(s) in child classes
[06Aug2026 12:15:38.015] [Render thread/DEBUG] [mixin/]: simulated.mixins.json:creative_tab_sections.CreativeModeInventoryScreenMixin from mod simulated->@Inject::simulated$getTooltipFromContainerItem(Lnet/minecraft/world/item/ItemStack;Lorg/spongepowered/asm/mixin/injection/callback/CallbackInfoReturnable;)V won't be passed a CallbackInfoReturnable as a result
[06Aug2026 12:15:38.021] [Render thread/DEBUG] [mixin/]: Mixing creative_tab_sections.ItemPickerMenuMixin from simulated.mixins.json into net.minecraft.client.gui.screens.inventory.CreativeModeInventoryScreen$ItemPickerMenu
[06Aug2026 12:15:38.022] [Render thread/DEBUG] [mixin/]: simulated.mixins.json:creative_tab_sections.ItemPickerMenuMixin from mod simulated->@Inject::simulated$scrollTo(FLorg/spongepowered/asm/mixin/injection/callback/CallbackInfo;)V doesn't use it's CallbackInfo
[06Aug2026 12:15:38.022] [Render thread/DEBUG] [mixin/]: simulated.mixins.json:creative_tab_sections.ItemPickerMenuMixin from mod simulated->@Inject::simulated$scrollTo(FLorg/spongepowered/asm/mixin/injection/callback/CallbackInfo;)V has 0 override(s) in child classes
[06Aug2026 12:15:38.022] [Render thread/DEBUG] [mixin/]: simulated.mixins.json:creative_tab_sections.ItemPickerMenuMixin from mod simulated->@Inject::simulated$scrollTo(FLorg/spongepowered/asm/mixin/injection/callback/CallbackInfo;)V won't be passed a CallbackInfo as a result
[06Aug2026 12:15:43.394] [Server thread/DEBUG] [mixin/]: Mixing balloon.SubLevelAssemblyHelperMixin from aeronautics.mixins.json into dev.ryanhcode.sable.api.SubLevelAssemblyHelper
[06Aug2026 12:15:43.394] [Server thread/DEBUG] [mixin/]: aeronautics.mixins.json:balloon.SubLevelAssemblyHelperMixin from mod aeronautics: Class version 65 required is higher than the class version supported by the current version of Mixin (JAVA_18 supports class version 62)
[06Aug2026 12:15:43.398] [Server thread/DEBUG] [mixin/]: aeronautics.mixins.json:balloon.SubLevelAssemblyHelperMixin from mod aeronautics->@Inject::aeronautics$needsBitSet(Lnet/minecraft/server/level/ServerLevel;Ldev/ryanhcode/sable/companion/math/BoundingBox3ic;Ljava/util/List;Lorg/spongepowered/asm/mixin/injection/callback/CallbackInfoReturnable;)V does use it's CallbackInfoReturnable
[06Aug2026 12:15:43.398] [Server thread/DEBUG] [mixin/]: aeronautics.mixins.json:balloon.SubLevelAssemblyHelperMixin from mod aeronautics->@Inject::aeronautics$assemble(Lnet/minecraft/server/level/ServerLevel;Ldev/ryanhcode/sable/api/SubLevelAssemblyHelper$AssemblyTransform;Ljava/lang/Iterable;Ldev/ryanhcode/sable/companion/math/BoundingBox3ic;Lorg/spongepowered/asm/mixin/injection/callback/CallbackInfo;)V doesn't use it's CallbackInfo
[06Aug2026 12:17:03.863] [Render thread/INFO] [net.minecraft.client.gui.components.ChatComponent/]: [System] [CHAT] 19, -60, 89 has the following block data: {x: 19, y: -60, Items: [], z: 89, id: "playertracker:player_tracker_block", NeoForgeData: {playerTracked: "380df991-f603-344c-a090-369bad2a924a"}}
[06Aug2026 12:19:18.437] [Server thread/INFO] [net.minecraft.client.server.IntegratedServer/]: Saving and pausing game...
[06Aug2026 12:19:18.454] [Server thread/INFO] [net.minecraft.server.MinecraftServer/]: Saving chunks for level 'ServerLevel[Aeronautics testing]'/minecraft:overworld
[06Aug2026 12:19:18.454] [Server thread/INFO] [dev.ryanhcode.sable.Sable/]: Saving sub-levels for level 'ServerLevel[Aeronautics testing]'/minecraft:overworld
[06Aug2026 12:19:18.482] [Server thread/INFO] [net.minecraft.server.MinecraftServer/]: Saving chunks for level 'ServerLevel[Aeronautics testing]'/minecraft:the_end
[06Aug2026 12:19:18.482] [Server thread/INFO] [dev.ryanhcode.sable.Sable/]: Saving sub-levels for level 'ServerLevel[Aeronautics testing]'/minecraft:the_end
[06Aug2026 12:19:18.483] [Server thread/INFO] [net.minecraft.server.MinecraftServer/]: Saving chunks for level 'ServerLevel[Aeronautics testing]'/minecraft:the_nether
[06Aug2026 12:19:18.483] [Server thread/INFO] [dev.ryanhcode.sable.Sable/]: Saving sub-levels for level 'ServerLevel[Aeronautics testing]'/minecraft:the_nether
[06Aug2026 12:19:18.485] [Server thread/DEBUG] [net.neoforged.neoforge.common.CommonHooks/WP]: Gathered mod list to write to world save Aeronautics testing
[06Aug2026 12:20:56.937] [Server thread/INFO] [net.minecraft.client.server.IntegratedServer/]: Saving and pausing game...
[06Aug2026 12:20:56.953] [Server thread/INFO] [net.minecraft.server.MinecraftServer/]: Saving chunks for level 'ServerLevel[Aeronautics testing]'/minecraft:overworld
[06Aug2026 12:20:56.953] [Server thread/INFO] [dev.ryanhcode.sable.Sable/]: Saving sub-levels for level 'ServerLevel[Aeronautics testing]'/minecraft:overworld
[06Aug2026 12:20:56.975] [Server thread/INFO] [net.minecraft.server.MinecraftServer/]: Saving chunks for level 'ServerLevel[Aeronautics testing]'/minecraft:the_end
[06Aug2026 12:20:56.976] [Server thread/INFO] [dev.ryanhcode.sable.Sable/]: Saving sub-levels for level 'ServerLevel[Aeronautics testing]'/minecraft:the_end
[06Aug2026 12:20:56.976] [Server thread/INFO] [net.minecraft.server.MinecraftServer/]: Saving chunks for level 'ServerLevel[Aeronautics testing]'/minecraft:the_nether
[06Aug2026 12:20:56.977] [Server thread/INFO] [dev.ryanhcode.sable.Sable/]: Saving sub-levels for level 'ServerLevel[Aeronautics testing]'/minecraft:the_nether
[06Aug2026 12:20:56.978] [Server thread/DEBUG] [net.neoforged.neoforge.common.CommonHooks/WP]: Gathered mod list to write to world save Aeronautics testing
[06Aug2026 12:30:45.993] [Netty Local Client IO #1/INFO] [dev.ryanhcode.sable.Sable/]: Client UDP channel inactive
[06Aug2026 12:30:45.993] [Netty Local Client IO #1/INFO] [dev.ryanhcode.sable.Sable/]: Closed UDP channel!
[06Aug2026 12:30:46.004] [Render thread/DEBUG] [com.simibubi.create.Create/]: Removed Redstone Network Space for minecraft:overworld
[06Aug2026 12:30:46.005] [Render thread/DEBUG] [com.simibubi.create.Create/]: Removed Kinetic Network Space for minecraft:overworld
[06Aug2026 12:30:46.044] [Server thread/INFO] [net.minecraft.server.network.ServerGamePacketListenerImpl/]: Dev lost connection: Disconnected
[06Aug2026 12:30:46.045] [Server thread/INFO] [net.minecraft.server.MinecraftServer/]: Dev left the game
[06Aug2026 12:30:46.056] [Server thread/INFO] [net.minecraft.server.network.ServerCommonPacketListenerImpl/]: Stopping singleplayer server as player logged out
[06Aug2026 12:30:46.088] [Server thread/INFO] [net.minecraft.server.MinecraftServer/]: Stopping server
[06Aug2026 12:30:46.089] [Server thread/INFO] [net.minecraft.server.MinecraftServer/]: Saving players
[06Aug2026 12:30:46.089] [Server thread/INFO] [net.minecraft.server.MinecraftServer/]: Saving worlds
[06Aug2026 12:30:46.196] [Server thread/INFO] [net.minecraft.server.MinecraftServer/]: Saving chunks for level 'ServerLevel[Aeronautics testing]'/minecraft:overworld
[06Aug2026 12:30:46.197] [Server thread/INFO] [dev.ryanhcode.sable.Sable/]: Saving sub-levels for level 'ServerLevel[Aeronautics testing]'/minecraft:overworld
[06Aug2026 12:30:46.245] [Server thread/INFO] [net.minecraft.server.MinecraftServer/]: Saving chunks for level 'ServerLevel[Aeronautics testing]'/minecraft:the_end
[06Aug2026 12:30:46.245] [Server thread/INFO] [dev.ryanhcode.sable.Sable/]: Saving sub-levels for level 'ServerLevel[Aeronautics testing]'/minecraft:the_end
[06Aug2026 12:30:46.253] [Server thread/INFO] [net.minecraft.server.MinecraftServer/]: Saving chunks for level 'ServerLevel[Aeronautics testing]'/minecraft:the_nether
[06Aug2026 12:30:46.253] [Server thread/INFO] [dev.ryanhcode.sable.Sable/]: Saving sub-levels for level 'ServerLevel[Aeronautics testing]'/minecraft:the_nether
[06Aug2026 12:30:46.262] [Server thread/DEBUG] [net.neoforged.neoforge.common.CommonHooks/WP]: Gathered mod list to write to world save Aeronautics testing
[06Aug2026 12:30:46.267] [Server thread/INFO] [net.minecraft.server.MinecraftServer/]: ThreadedAnvilChunkStorage (Aeronautics testing): All chunks are saved
[06Aug2026 12:30:46.268] [Server thread/INFO] [net.minecraft.server.MinecraftServer/]: ThreadedAnvilChunkStorage (DIM1): All chunks are saved
[06Aug2026 12:30:46.268] [Server thread/INFO] [net.minecraft.server.MinecraftServer/]: ThreadedAnvilChunkStorage (DIM-1): All chunks are saved
[06Aug2026 12:30:46.268] [Server thread/INFO] [net.minecraft.server.MinecraftServer/]: ThreadedAnvilChunkStorage: All dimensions are saved
[06Aug2026 12:30:46.269] [Server thread/DEBUG] [com.simibubi.create.Create/]: Removed Redstone Network Space for minecraft:overworld
[06Aug2026 12:30:46.270] [Server thread/DEBUG] [com.simibubi.create.Create/]: Removed Kinetic Network Space for minecraft:overworld
[06Aug2026 12:30:46.286] [Server thread/DEBUG] [com.simibubi.create.Create/]: Removed Redstone Network Space for minecraft:the_end
[06Aug2026 12:30:46.286] [Server thread/DEBUG] [com.simibubi.create.Create/]: Removed Kinetic Network Space for minecraft:the_end
[06Aug2026 12:30:46.287] [Server thread/DEBUG] [com.simibubi.create.Create/]: Removed Redstone Network Space for minecraft:the_nether
[06Aug2026 12:30:46.287] [Server thread/DEBUG] [com.simibubi.create.Create/]: Removed Kinetic Network Space for minecraft:the_nether
[06Aug2026 12:30:46.288] [Server thread/DEBUG] [net.neoforged.fml.config.ConfigTracker/CONFIG]: Unloading configs type SERVER
[06Aug2026 12:30:46.941] [Render thread/INFO] [net.minecraft.client.Minecraft/]: Stopping!
