[07Aug2026 18:36:32.368] [main/INFO] [net.neoforged.fml.startup.Entrypoint/]: JVM Uptime at startup: 296ms
[07Aug2026 18:36:32.378] [main/INFO] [net.neoforged.fml.loading.FMLLoader/]: Starting FancyModLoader version 11.0.13 (CLIENT in DEV)
[07Aug2026 18:36:32.379] [main/INFO] [net.neoforged.fml.loading.FMLLoader/]: Game directory: /home/tillman/Desktop/programmieren/minecraft/MODS/TIllmansCooleMod/run
[07Aug2026 18:36:32.380] [main/DEBUG] [net.neoforged.fml.loading.FMLPaths/CORE]: Path GAMEDIR is /home/tillman/Desktop/programmieren/minecraft/MODS/TIllmansCooleMod/run
[07Aug2026 18:36:32.380] [main/DEBUG] [net.neoforged.fml.loading.FMLPaths/CORE]: Path JIJ_CACHEDIR is /home/tillman/Desktop/programmieren/minecraft/MODS/TIllmansCooleMod/run/.cache/jij
[07Aug2026 18:36:32.380] [main/DEBUG] [net.neoforged.fml.loading.FMLPaths/CORE]: Path MODSDIR is /home/tillman/Desktop/programmieren/minecraft/MODS/TIllmansCooleMod/run/mods
[07Aug2026 18:36:32.380] [main/DEBUG] [net.neoforged.fml.loading.FMLPaths/CORE]: Path CONFIGDIR is /home/tillman/Desktop/programmieren/minecraft/MODS/TIllmansCooleMod/run/config
[07Aug2026 18:36:32.381] [main/DEBUG] [net.neoforged.fml.loading.FMLPaths/CORE]: Path FMLCONFIG is /home/tillman/Desktop/programmieren/minecraft/MODS/TIllmansCooleMod/run/config/fml.toml
[07Aug2026 18:36:32.408] [ForkJoinPool.commonPool-worker-6/DEBUG] [net.neoforged.fml.loading.EarlyServiceDiscovery/]: /home/tillman/.mcreator/gradle/caches/modules-2/files-2.1/net.neoforged.fancymodloader/earlydisplay/11.0.13/491a1bedecb33802fa118cae384b60f91f6f0241/earlydisplay-11.0.13.jar contains early service net.neoforged.neoforgespi.earlywindow.ImmediateWindowProvider
[07Aug2026 18:36:32.408] [ForkJoinPool.commonPool-worker-3/DEBUG] [net.neoforged.fml.loading.EarlyServiceDiscovery/]: /home/tillman/.mcreator/gradle/caches/modules-2/files-2.1/net.neoforged.fancymodloader/loader/11.0.13/c9c89eaf35535990110088224d188748d81eaecf/loader-11.0.13.jar contains early service net.neoforged.neoforgespi.locating.IModFileReader
[07Aug2026 18:36:32.408] [ForkJoinPool.commonPool-worker-8/DEBUG] [net.neoforged.fml.loading.EarlyServiceDiscovery/]: /home/tillman/Desktop/programmieren/minecraft/MODS/TIllmansCooleMod/run/mods/sodium-neoforge-0.9.1+mc26.1.2.jar contains early service net.neoforged.neoforgespi.earlywindow.GraphicsBootstrapper
[07Aug2026 18:36:32.415] [ForkJoinPool.commonPool-worker-3/DEBUG] [net.neoforged.fml.loading.moddiscovery.ModFile/LOADING]: Loading mod file /home/tillman/.mcreator/gradle/caches/modules-2/files-2.1/net.neoforged.fancymodloader/loader/11.0.13/c9c89eaf35535990110088224d188748d81eaecf/loader-11.0.13.jar with languages []
[07Aug2026 18:36:32.415] [ForkJoinPool.commonPool-worker-6/DEBUG] [net.neoforged.fml.loading.moddiscovery.ModFile/LOADING]: Loading mod file /home/tillman/.mcreator/gradle/caches/modules-2/files-2.1/net.neoforged.fancymodloader/earlydisplay/11.0.13/491a1bedecb33802fa118cae384b60f91f6f0241/earlydisplay-11.0.13.jar with languages []
[07Aug2026 18:36:32.415] [ForkJoinPool.commonPool-worker-8/DEBUG] [net.neoforged.fml.loading.moddiscovery.ModFile/LOADING]: Loading mod file /home/tillman/Desktop/programmieren/minecraft/MODS/TIllmansCooleMod/run/mods/sodium-neoforge-0.9.1+mc26.1.2.jar with languages []
[07Aug2026 18:36:32.416] [main/INFO] [net.neoforged.fml.loading.EarlyServiceDiscovery/]: Found 3 early service jars (out of 105) in 15ms
[07Aug2026 18:36:32.417] [main/INFO] [net.neoforged.fml.loading.FMLLoader/]: Loading FML Early Services:
[07Aug2026 18:36:32.418] [main/INFO] [net.neoforged.fml.loading.FMLLoader/]:  - mods/sodium-neoforge-0.9.1+mc26.1.2.jar
[07Aug2026 18:36:32.419] [main/INFO] [net.neoforged.fml.loading.FMLLoader/]:  - /home/tillman/.mcreator/gradle/caches/modules-2/files-2.1/net.neoforged.fancymodloader/earlydisplay/11.0.13/491a1bedecb33802fa118cae384b60f91f6f0241/earlydisplay-11.0.13.jar
[07Aug2026 18:36:32.419] [main/INFO] [net.neoforged.fml.loading.FMLLoader/]:  - /home/tillman/.mcreator/gradle/caches/modules-2/files-2.1/net.neoforged.fancymodloader/loader/11.0.13/c9c89eaf35535990110088224d188748d81eaecf/loader-11.0.13.jar
[07Aug2026 18:36:32.424] [main/DEBUG] [net.neoforged.fml.util.ServiceLoaderUtil/CORE]: Found 1 implementations of GraphicsBootstrapper:
[07Aug2026 18:36:32.424] [main/DEBUG] [net.neoforged.fml.util.ServiceLoaderUtil/CORE]: 	net.caffeinemc.mods.sodium.service.SodiumWorkarounds from mods/sodium-neoforge-0.9.1+mc26.1.2.jar
[07Aug2026 18:36:32.425] [main/INFO] [net.neoforged.fml.loading.ImmediateWindowHandler/]: Running graphics bootstrap plugin sodium
[07Aug2026 18:36:32.427] [main/INFO] [Sodium-GraphicsAdapterProbe/]: Searching for graphics cards...
[07Aug2026 18:36:32.445] [main/INFO] [Sodium-GraphicsAdapterProbe/]: Found graphics adapter: LinuxPciAdapterInfo[vendor=NVIDIA, name=GA106 [GeForce RTX 3060], pciVendorId=0x10de, pciDeviceId=0x2503]
[07Aug2026 18:36:32.448] [main/WARN] [Sodium-Workarounds/]: Sodium has applied one or more workarounds to prevent crashes or other issues on your system: [NVIDIA_THREADED_OPTIMIZATIONS_BROKEN, NO_ERROR_CONTEXT_UNSUPPORTED]
[07Aug2026 18:36:32.449] [main/WARN] [Sodium-Workarounds/]: This is not necessarily an issue, but it may result in certain features or optimizations being disabled. You can sometimes fix these issues by upgrading your graphics driver.
[07Aug2026 18:36:32.449] [main/INFO] [Sodium-NvidiaWorkarounds/]: Modifying process environment to apply workarounds for the NVIDIA graphics driver...
[07Aug2026 18:36:32.587] [main/INFO] [net.neoforged.fml.loading.ImmediateWindowHandler/]: Loading ImmediateWindowProvider fmlearlywindow
[07Aug2026 18:36:32.591] [main/DEBUG] [net.neoforged.fml.util.ServiceLoaderUtil/CORE]: Found 1 implementations of ImmediateWindowProvider:
[07Aug2026 18:36:32.591] [main/DEBUG] [net.neoforged.fml.util.ServiceLoaderUtil/CORE]: 	net.neoforged.fml.earlydisplay.DisplayWindow from /home/tillman/.mcreator/gradle/caches/modules-2/files-2.1/net.neoforged.fancymodloader/earlydisplay/11.0.13/491a1bedecb33802fa118cae384b60f91f6f0241/earlydisplay-11.0.13.jar
[07Aug2026 18:36:32.617] [main/DEBUG] [net.neoforged.fml.earlydisplay.theme.ThemeLoader/]: Loading built-in theme default
[07Aug2026 18:36:32.883] [ForkJoinPool.commonPool-worker-15/DEBUG] [net.neoforged.fml.util.ServiceLoaderUtil/CORE]: Found 4 implementations of IModFileCandidateLocator:
[07Aug2026 18:36:32.884] [ForkJoinPool.commonPool-worker-15/DEBUG] [net.neoforged.fml.util.ServiceLoaderUtil/CORE]: 	    1000 - [built-in] net.neoforged.fml.loading.moddiscovery.locators.GameLocator from /home/tillman/.mcreator/gradle/caches/modules-2/files-2.1/net.neoforged.fancymodloader/loader/11.0.13/c9c89eaf35535990110088224d188748d81eaecf/loader-11.0.13.jar
[07Aug2026 18:36:32.884] [ForkJoinPool.commonPool-worker-15/DEBUG] [net.neoforged.fml.util.ServiceLoaderUtil/CORE]: 	    1000 - [built-in] net.neoforged.fml.loading.moddiscovery.locators.InDevFolderLocator from /home/tillman/.mcreator/gradle/caches/modules-2/files-2.1/net.neoforged.fancymodloader/loader/11.0.13/c9c89eaf35535990110088224d188748d81eaecf/loader-11.0.13.jar
[07Aug2026 18:36:32.885] [ForkJoinPool.commonPool-worker-15/DEBUG] [net.neoforged.fml.util.ServiceLoaderUtil/CORE]: 	    1000 - [built-in] net.neoforged.fml.loading.moddiscovery.locators.InDevJarLocator from /home/tillman/.mcreator/gradle/caches/modules-2/files-2.1/net.neoforged.fancymodloader/loader/11.0.13/c9c89eaf35535990110088224d188748d81eaecf/loader-11.0.13.jar
[07Aug2026 18:36:32.885] [ForkJoinPool.commonPool-worker-15/DEBUG] [net.neoforged.fml.util.ServiceLoaderUtil/CORE]: 	       0 - [built-in] net.neoforged.fml.loading.moddiscovery.locators.ModsFolderLocator from /home/tillman/.mcreator/gradle/caches/modules-2/files-2.1/net.neoforged.fancymodloader/loader/11.0.13/c9c89eaf35535990110088224d188748d81eaecf/loader-11.0.13.jar
[07Aug2026 18:36:32.887] [ForkJoinPool.commonPool-worker-15/DEBUG] [net.neoforged.fml.util.ServiceLoaderUtil/CORE]: Found 2 implementations of IModFileReader:
[07Aug2026 18:36:32.888] [ForkJoinPool.commonPool-worker-15/DEBUG] [net.neoforged.fml.util.ServiceLoaderUtil/CORE]: 	       0 - net.neoforged.fml.loading.moddiscovery.readers.JarModsDotTomlModFileReader from /home/tillman/.mcreator/gradle/caches/modules-2/files-2.1/net.neoforged.fancymodloader/loader/11.0.13/c9c89eaf35535990110088224d188748d81eaecf/loader-11.0.13.jar
[07Aug2026 18:36:32.888] [ForkJoinPool.commonPool-worker-15/DEBUG] [net.neoforged.fml.util.ServiceLoaderUtil/CORE]: 	   -1000 - net.neoforged.fml.loading.moddiscovery.readers.NestedLibraryModReader from /home/tillman/.mcreator/gradle/caches/modules-2/files-2.1/net.neoforged.fancymodloader/loader/11.0.13/c9c89eaf35535990110088224d188748d81eaecf/loader-11.0.13.jar
[07Aug2026 18:36:32.891] [ForkJoinPool.commonPool-worker-15/DEBUG] [net.neoforged.fml.util.ServiceLoaderUtil/CORE]: Found 1 implementations of IDependencyLocator:
[07Aug2026 18:36:32.891] [ForkJoinPool.commonPool-worker-15/DEBUG] [net.neoforged.fml.util.ServiceLoaderUtil/CORE]: 	       0 - net.neoforged.fml.loading.moddiscovery.locators.JarInJarDependencyLocator from /home/tillman/.mcreator/gradle/caches/modules-2/files-2.1/net.neoforged.fancymodloader/loader/11.0.13/c9c89eaf35535990110088224d188748d81eaecf/loader-11.0.13.jar
[07Aug2026 18:36:32.936] [ForkJoinPool.commonPool-worker-15/DEBUG] [net.neoforged.fml.loading.moddiscovery.locators.RequiredSystemFiles/]: Found NeoForge MANIFEST.MF in jar(/home/tillman/.mcreator/gradle/caches/modules-2/files-2.1/net.neoforged/neoforge/26.1.2.71/2fb61eae2ea7b55fe17d0dba69cab130beb0a054/neoforge-26.1.2.71-universal.jar)
[07Aug2026 18:36:32.936] [ForkJoinPool.commonPool-worker-15/INFO] [net.neoforged.fml.loading.moddiscovery.locators.GameLocator/]: Detected a joined NeoForge and Minecraft configuration. Applying filtering...
[07Aug2026 18:36:33.013] [ForkJoinPool.commonPool-worker-15/DEBUG] [net.neoforged.fml.loading.moddiscovery.ModFileInfo/LOADING]: Found valid mod file minecraft-patched-26.1.2.71.jar with {minecraft} mods - versions {26.1.2}
[07Aug2026 18:36:33.014] [ForkJoinPool.commonPool-worker-15/DEBUG] [net.neoforged.fml.loading.moddiscovery.ModFile/LOADING]: Loading mod file /home/tillman/Desktop/programmieren/minecraft/MODS/TIllmansCooleMod/build/moddev/artifacts/minecraft-patched-26.1.2.71.jar with languages [LanguageSpec[languageName=minecraft, acceptedVersions=1]]
[07Aug2026 18:36:33.016] [ForkJoinPool.commonPool-worker-15/DEBUG] [net.neoforged.fml.loading.moddiscovery.ModFileParser/LOADING]: Considering mod file candidate /home/tillman/.mcreator/gradle/caches/modules-2/files-2.1/net.neoforged/neoforge/26.1.2.71/2fb61eae2ea7b55fe17d0dba69cab130beb0a054/neoforge-26.1.2.71-universal.jar
[07Aug2026 18:36:33.016] [fml-loadingscreen/INFO] [net.neoforged.fml.earlydisplay.render.LoadingScreenRenderer/]: GL info: NVIDIA GeForce RTX 3060/PCIe/SSE2 GL version 3.3.0 NVIDIA 595.84, NVIDIA Corporation
[07Aug2026 18:36:33.020] [ForkJoinPool.commonPool-worker-15/DEBUG] [net.neoforged.fml.loading.moddiscovery.ModFileInfo/LOADING]: Found valid mod file neoforge-26.1.2.71-universal.jar with {neoforge} mods - versions {26.1.2.71}
[07Aug2026 18:36:33.020] [ForkJoinPool.commonPool-worker-15/DEBUG] [net.neoforged.fml.loading.moddiscovery.ModFile/LOADING]: Loading mod file /home/tillman/.mcreator/gradle/caches/modules-2/files-2.1/net.neoforged/neoforge/26.1.2.71/2fb61eae2ea7b55fe17d0dba69cab130beb0a054/neoforge-26.1.2.71-universal.jar with languages [LanguageSpec[languageName=javafml, acceptedVersions=[3,]]]
[07Aug2026 18:36:33.022] [ForkJoinPool.commonPool-worker-15/DEBUG] [net.neoforged.fml.loading.moddiscovery.ModFile/LOADING]: Found mixin config MixinConfig[config=neoforge.mixins.json, requiredMods=[], behaviorVersion=null]
[07Aug2026 18:36:33.023] [ForkJoinPool.commonPool-worker-15/INFO] [net.neoforged.fml.loading.moddiscovery.locators.InDevFolderLocator/CORE]: Got mod coordinates mcreator%%/home/tillman/Desktop/programmieren/minecraft/MODS/TIllmansCooleMod/build/classes/java/main:mcreator%%/home/tillman/Desktop/programmieren/minecraft/MODS/TIllmansCooleMod/build/resources/main from env
[07Aug2026 18:36:33.029] [ForkJoinPool.commonPool-worker-15/DEBUG] [net.neoforged.fml.loading.moddiscovery.ModFileParser/LOADING]: Considering mod file candidate /home/tillman/Desktop/programmieren/minecraft/MODS/TIllmansCooleMod/build/classes/java/main
[07Aug2026 18:36:33.035] [ForkJoinPool.commonPool-worker-15/DEBUG] [net.neoforged.fml.loading.moddiscovery.ModFileInfo/LOADING]: Found valid mod file main with {tillmanstollemod} mods - versions {1.0.0}
[07Aug2026 18:36:33.035] [ForkJoinPool.commonPool-worker-15/DEBUG] [net.neoforged.fml.loading.moddiscovery.ModFile/LOADING]: Loading mod file /home/tillman/Desktop/programmieren/minecraft/MODS/TIllmansCooleMod/build/classes/java/main with languages [LanguageSpec[languageName=javafml, acceptedVersions=[4,)]]
[07Aug2026 18:36:33.037] [ForkJoinPool.commonPool-worker-15/DEBUG] [net.neoforged.fml.loading.moddiscovery.ModDiscoverer/]: Skipping /home/tillman/Desktop/programmieren/minecraft/MODS/TIllmansCooleMod/build/moddev/artifacts/minecraft-patched-26.1.2.71.jar because it was already located earlier
[07Aug2026 18:36:33.038] [ForkJoinPool.commonPool-worker-15/DEBUG] [net.neoforged.fml.loading.moddiscovery.ModDiscoverer/]: Skipping /home/tillman/.mcreator/gradle/caches/modules-2/files-2.1/net.neoforged/neoforge/26.1.2.71/2fb61eae2ea7b55fe17d0dba69cab130beb0a054/neoforge-26.1.2.71-universal.jar because it was already located earlier
[07Aug2026 18:36:33.038] [ForkJoinPool.commonPool-worker-15/DEBUG] [net.neoforged.fml.loading.moddiscovery.ModDiscoverer/]: Skipping /home/tillman/Desktop/programmieren/minecraft/MODS/TIllmansCooleMod/run/mods/sodium-neoforge-0.9.1+mc26.1.2.jar because it was already located earlier
[07Aug2026 18:36:33.074] [ForkJoinPool.commonPool-worker-15/DEBUG] [net.neoforged.fml.loading.moddiscovery.ModDiscoverer/]: Skipping /home/tillman/Desktop/programmieren/minecraft/MODS/TIllmansCooleMod/run/mods/sodium-neoforge-0.9.1+mc26.1.2.jar because it was already located earlier
[07Aug2026 18:36:33.075] [ForkJoinPool.commonPool-worker-15/DEBUG] [net.neoforged.fml.loading.moddiscovery.ModFileParser/LOADING]: Considering mod file candidate /home/tillman/Desktop/programmieren/minecraft/MODS/TIllmansCooleMod/run/mods/appleskin-neoforge-mc26.1-3.0.9.jar
[07Aug2026 18:36:33.079] [ForkJoinPool.commonPool-worker-15/DEBUG] [net.neoforged.fml.loading.moddiscovery.ModFileInfo/LOADING]: Found valid mod file appleskin-neoforge-mc26.1-3.0.9.jar with {appleskin} mods - versions {3.0.9+mc26.1}
[07Aug2026 18:36:33.080] [ForkJoinPool.commonPool-worker-15/DEBUG] [net.neoforged.fml.loading.moddiscovery.ModFile/LOADING]: Loading mod file /home/tillman/Desktop/programmieren/minecraft/MODS/TIllmansCooleMod/run/mods/appleskin-neoforge-mc26.1-3.0.9.jar with languages [LanguageSpec[languageName=javafml, acceptedVersions=[2,)]]
[07Aug2026 18:36:33.080] [ForkJoinPool.commonPool-worker-15/DEBUG] [net.neoforged.fml.loading.moddiscovery.ModFileParser/LOADING]: Considering mod file candidate /home/tillman/Desktop/programmieren/minecraft/MODS/TIllmansCooleMod/run/mods/easy-villagers-neoforge-1.1.42+26.1.2.jar
[07Aug2026 18:36:33.081] [ForkJoinPool.commonPool-worker-15/DEBUG] [net.neoforged.fml.loading.moddiscovery.ModFileInfo/LOADING]: Found valid mod file easy-villagers-neoforge-1.1.42+26.1.2.jar with {easy_villagers} mods - versions {1.1.42+26.1.2}
[07Aug2026 18:36:33.081] [ForkJoinPool.commonPool-worker-15/DEBUG] [net.neoforged.fml.loading.moddiscovery.ModFile/LOADING]: Loading mod file /home/tillman/Desktop/programmieren/minecraft/MODS/TIllmansCooleMod/run/mods/easy-villagers-neoforge-1.1.42+26.1.2.jar with languages [LanguageSpec[languageName=javafml, acceptedVersions=*]]
[07Aug2026 18:36:33.082] [ForkJoinPool.commonPool-worker-15/DEBUG] [net.neoforged.fml.loading.moddiscovery.ModFileParser/LOADING]: Considering mod file candidate /home/tillman/Desktop/programmieren/minecraft/MODS/TIllmansCooleMod/run/mods/iris-neoforge-1.11.2+mc26.1.2.jar
[07Aug2026 18:36:33.084] [ForkJoinPool.commonPool-worker-15/DEBUG] [net.neoforged.fml.loading.moddiscovery.ModFileInfo/LOADING]: Found valid mod file iris-neoforge-1.11.2+mc26.1.2.jar with {iris} mods - versions {1.11.2-snapshot+mc26.1.2-local}
[07Aug2026 18:36:33.084] [ForkJoinPool.commonPool-worker-15/DEBUG] [net.neoforged.fml.loading.moddiscovery.ModFile/LOADING]: Loading mod file /home/tillman/Desktop/programmieren/minecraft/MODS/TIllmansCooleMod/run/mods/iris-neoforge-1.11.2+mc26.1.2.jar with languages [LanguageSpec[languageName=javafml, acceptedVersions=*]]
[07Aug2026 18:36:33.084] [ForkJoinPool.commonPool-worker-15/DEBUG] [net.neoforged.fml.loading.moddiscovery.ModFile/LOADING]: Found mixin config MixinConfig[config=mixins.iris.json, requiredMods=[], behaviorVersion=null]
[07Aug2026 18:36:33.084] [ForkJoinPool.commonPool-worker-15/DEBUG] [net.neoforged.fml.loading.moddiscovery.ModFile/LOADING]: Found mixin config MixinConfig[config=mixins.iris.vertexformat.json, requiredMods=[], behaviorVersion=null]
[07Aug2026 18:36:33.084] [ForkJoinPool.commonPool-worker-15/DEBUG] [net.neoforged.fml.loading.moddiscovery.ModFile/LOADING]: Found mixin config MixinConfig[config=mixins.iris.compat.sodium.json, requiredMods=[], behaviorVersion=null]
[07Aug2026 18:36:33.084] [ForkJoinPool.commonPool-worker-15/DEBUG] [net.neoforged.fml.loading.moddiscovery.ModFile/LOADING]: Found mixin config MixinConfig[config=mixins.iris.compat.dh.json, requiredMods=[], behaviorVersion=null]
[07Aug2026 18:36:33.085] [ForkJoinPool.commonPool-worker-15/DEBUG] [net.neoforged.fml.loading.moddiscovery.ModFile/LOADING]: Found mixin config MixinConfig[config=mixins.iris.forge.json, requiredMods=[], behaviorVersion=null]
[07Aug2026 18:36:33.085] [ForkJoinPool.commonPool-worker-15/DEBUG] [net.neoforged.fml.loading.moddiscovery.ModFileParser/LOADING]: Considering mod file candidate /home/tillman/Desktop/programmieren/minecraft/MODS/TIllmansCooleMod/run/mods/Jade-mc26.1-NeoForge-26.1.8.jar
[07Aug2026 18:36:33.086] [ForkJoinPool.commonPool-worker-15/DEBUG] [net.neoforged.fml.loading.moddiscovery.ModFileInfo/LOADING]: Found valid mod file Jade-mc26.1-NeoForge-26.1.8.jar with {jade} mods - versions {26.1.8+neoforge}
[07Aug2026 18:36:33.086] [ForkJoinPool.commonPool-worker-15/DEBUG] [net.neoforged.fml.loading.moddiscovery.ModFile/LOADING]: Loading mod file /home/tillman/Desktop/programmieren/minecraft/MODS/TIllmansCooleMod/run/mods/Jade-mc26.1-NeoForge-26.1.8.jar with languages [LanguageSpec[languageName=javafml, acceptedVersions=*]]
[07Aug2026 18:36:33.086] [ForkJoinPool.commonPool-worker-15/DEBUG] [net.neoforged.fml.loading.moddiscovery.ModFile/LOADING]: Found mixin config MixinConfig[config=jade.mixins.json, requiredMods=[], behaviorVersion=null]
[07Aug2026 18:36:33.086] [ForkJoinPool.commonPool-worker-15/DEBUG] [net.neoforged.fml.loading.moddiscovery.ModFileParser/LOADING]: Considering mod file candidate /home/tillman/Desktop/programmieren/minecraft/MODS/TIllmansCooleMod/run/mods/justzoom_neoforge_2.1.4_MC_1.21.11.jar
[07Aug2026 18:36:33.087] [ForkJoinPool.commonPool-worker-15/DEBUG] [net.neoforged.fml.loading.moddiscovery.ModFileInfo/LOADING]: Found valid mod file justzoom_neoforge_2.1.4_MC_1.21.11.jar with {justzoom} mods - versions {2.1.4}
[07Aug2026 18:36:33.088] [ForkJoinPool.commonPool-worker-15/DEBUG] [net.neoforged.fml.loading.moddiscovery.ModFile/LOADING]: Loading mod file /home/tillman/Desktop/programmieren/minecraft/MODS/TIllmansCooleMod/run/mods/justzoom_neoforge_2.1.4_MC_1.21.11.jar with languages [LanguageSpec[languageName=javafml, acceptedVersions=[2,)]]
[07Aug2026 18:36:33.088] [ForkJoinPool.commonPool-worker-15/DEBUG] [net.neoforged.fml.loading.moddiscovery.ModFile/LOADING]: Found mixin config MixinConfig[config=justzoom.mixins.json, requiredMods=[], behaviorVersion=null]
[07Aug2026 18:36:33.088] [ForkJoinPool.commonPool-worker-15/DEBUG] [net.neoforged.fml.loading.moddiscovery.ModFile/LOADING]: Found mixin config MixinConfig[config=justzoom.neoforge.mixins.json, requiredMods=[], behaviorVersion=null]
[07Aug2026 18:36:33.088] [ForkJoinPool.commonPool-worker-15/DEBUG] [net.neoforged.fml.loading.moddiscovery.ModFileParser/LOADING]: Considering mod file candidate /home/tillman/Desktop/programmieren/minecraft/MODS/TIllmansCooleMod/run/mods/konkrete_neoforge_1.10.1_MC_26.1.1.jar
[07Aug2026 18:36:33.089] [ForkJoinPool.commonPool-worker-15/DEBUG] [net.neoforged.fml.loading.moddiscovery.ModFileInfo/LOADING]: Found valid mod file konkrete_neoforge_1.10.1_MC_26.1.1.jar with {konkrete} mods - versions {1.10.1}
[07Aug2026 18:36:33.089] [ForkJoinPool.commonPool-worker-15/DEBUG] [net.neoforged.fml.loading.moddiscovery.ModFile/LOADING]: Loading mod file /home/tillman/Desktop/programmieren/minecraft/MODS/TIllmansCooleMod/run/mods/konkrete_neoforge_1.10.1_MC_26.1.1.jar with languages [LanguageSpec[languageName=javafml, acceptedVersions=[2,)]]
[07Aug2026 18:36:33.089] [ForkJoinPool.commonPool-worker-15/DEBUG] [net.neoforged.fml.loading.moddiscovery.ModFile/LOADING]: Found mixin config MixinConfig[config=konkrete.mixins.json, requiredMods=[], behaviorVersion=null]
[07Aug2026 18:36:33.089] [ForkJoinPool.commonPool-worker-15/DEBUG] [net.neoforged.fml.loading.moddiscovery.ModFile/LOADING]: Found mixin config MixinConfig[config=konkrete.neoforge.mixins.json, requiredMods=[], behaviorVersion=null]
[07Aug2026 18:36:33.090] [ForkJoinPool.commonPool-worker-15/DEBUG] [net.neoforged.fml.loading.moddiscovery.ModFileParser/LOADING]: Considering mod file candidate /home/tillman/Desktop/programmieren/minecraft/MODS/TIllmansCooleMod/run/mods/MouseTweaks-neoforge-mc26.1-2.31.jar
[07Aug2026 18:36:33.090] [ForkJoinPool.commonPool-worker-15/DEBUG] [net.neoforged.fml.loading.moddiscovery.ModFileInfo/LOADING]: Found valid mod file MouseTweaks-neoforge-mc26.1-2.31.jar with {mousetweaks} mods - versions {2.31}
[07Aug2026 18:36:33.090] [ForkJoinPool.commonPool-worker-15/DEBUG] [net.neoforged.fml.loading.moddiscovery.ModFile/LOADING]: Loading mod file /home/tillman/Desktop/programmieren/minecraft/MODS/TIllmansCooleMod/run/mods/MouseTweaks-neoforge-mc26.1-2.31.jar with languages [LanguageSpec[languageName=javafml, acceptedVersions=[4,)]]
[07Aug2026 18:36:33.090] [ForkJoinPool.commonPool-worker-15/DEBUG] [net.neoforged.fml.loading.moddiscovery.ModFile/LOADING]: Found mixin config MixinConfig[config=mousetweaks.mixins.json, requiredMods=[], behaviorVersion=null]
[07Aug2026 18:36:33.091] [ForkJoinPool.commonPool-worker-15/DEBUG] [net.neoforged.fml.loading.moddiscovery.ModFileParser/LOADING]: Considering mod file candidate /home/tillman/Desktop/programmieren/minecraft/MODS/TIllmansCooleMod/run/mods/ok_zoomer-17.0.0-beta.5.jar
[07Aug2026 18:36:33.092] [ForkJoinPool.commonPool-worker-15/DEBUG] [net.neoforged.fml.loading.moddiscovery.ModFileInfo/LOADING]: Found valid mod file ok_zoomer-17.0.0-beta.5.jar with {ok_zoomer} mods - versions {17.0.0-beta.5}
[07Aug2026 18:36:33.092] [ForkJoinPool.commonPool-worker-15/DEBUG] [net.neoforged.fml.loading.moddiscovery.ModFile/LOADING]: Loading mod file /home/tillman/Desktop/programmieren/minecraft/MODS/TIllmansCooleMod/run/mods/ok_zoomer-17.0.0-beta.5.jar with languages [LanguageSpec[languageName=javafml, acceptedVersions=*]]
[07Aug2026 18:36:33.092] [ForkJoinPool.commonPool-worker-15/DEBUG] [net.neoforged.fml.loading.moddiscovery.ModFile/LOADING]: Found mixin config MixinConfig[config=ok_zoomer.mixins.json, requiredMods=[], behaviorVersion=null]
[07Aug2026 18:36:33.092] [ForkJoinPool.commonPool-worker-15/DEBUG] [net.neoforged.fml.loading.moddiscovery.ModDiscoverer/]: Skipping /home/tillman/Desktop/programmieren/minecraft/MODS/TIllmansCooleMod/run/mods/sodium-neoforge-0.9.1+mc26.1.2.jar because it was already located earlier
[07Aug2026 18:36:33.092] [ForkJoinPool.commonPool-worker-15/DEBUG] [net.neoforged.fml.loading.moddiscovery.ModFileParser/LOADING]: Considering mod file candidate /home/tillman/Desktop/programmieren/minecraft/MODS/TIllmansCooleMod/run/mods/ToolBelt-26.1.2-2.9.5.jar
[07Aug2026 18:36:33.093] [ForkJoinPool.commonPool-worker-15/DEBUG] [net.neoforged.fml.loading.moddiscovery.ModFileInfo/LOADING]: Found valid mod file ToolBelt-26.1.2-2.9.5.jar with {toolbelt} mods - versions {2.9.5}
[07Aug2026 18:36:33.093] [ForkJoinPool.commonPool-worker-15/DEBUG] [net.neoforged.fml.loading.moddiscovery.ModFile/LOADING]: Loading mod file /home/tillman/Desktop/programmieren/minecraft/MODS/TIllmansCooleMod/run/mods/ToolBelt-26.1.2-2.9.5.jar with languages [LanguageSpec[languageName=javafml, acceptedVersions=[1,)]]
[07Aug2026 18:36:33.094] [ForkJoinPool.commonPool-worker-15/DEBUG] [net.neoforged.fml.loading.moddiscovery.ModFileParser/LOADING]: Considering mod file candidate /home/tillman/Desktop/programmieren/minecraft/MODS/TIllmansCooleMod/run/mods/xaerominimap-neoforge-26.1.2-26.4.2.jar
[07Aug2026 18:36:33.095] [ForkJoinPool.commonPool-worker-15/DEBUG] [net.neoforged.fml.loading.moddiscovery.ModFileInfo/LOADING]: Found valid mod file xaerominimap-neoforge-26.1.2-26.4.2.jar with {xaerominimap} mods - versions {26.4.2}
[07Aug2026 18:36:33.095] [ForkJoinPool.commonPool-worker-15/DEBUG] [net.neoforged.fml.loading.moddiscovery.ModFile/LOADING]: Loading mod file /home/tillman/Desktop/programmieren/minecraft/MODS/TIllmansCooleMod/run/mods/xaerominimap-neoforge-26.1.2-26.4.2.jar with languages [LanguageSpec[languageName=javafml, acceptedVersions=[4,)]]
[07Aug2026 18:36:33.095] [ForkJoinPool.commonPool-worker-15/DEBUG] [net.neoforged.fml.loading.moddiscovery.ModFile/LOADING]: Found mixin config MixinConfig[config=xaerohud.mixins.json, requiredMods=[], behaviorVersion=null]
[07Aug2026 18:36:33.095] [ForkJoinPool.commonPool-worker-15/DEBUG] [net.neoforged.fml.loading.moddiscovery.ModFile/LOADING]: Found mixin config MixinConfig[config=xaerohud.neoforge.mixins.json, requiredMods=[], behaviorVersion=null]
[07Aug2026 18:36:33.095] [ForkJoinPool.commonPool-worker-15/DEBUG] [net.neoforged.fml.loading.moddiscovery.ModFile/LOADING]: Found mixin config MixinConfig[config=xaerominimap.mixins.json, requiredMods=[], behaviorVersion=null]
[07Aug2026 18:36:33.095] [ForkJoinPool.commonPool-worker-15/DEBUG] [net.neoforged.fml.loading.moddiscovery.ModFile/LOADING]: Found mixin config MixinConfig[config=xaerominimap.neoforge.mixins.json, requiredMods=[], behaviorVersion=null]
[07Aug2026 18:36:33.096] [ForkJoinPool.commonPool-worker-15/DEBUG] [net.neoforged.fml.loading.moddiscovery.ModFileParser/LOADING]: Considering mod file candidate /home/tillman/Desktop/programmieren/minecraft/MODS/TIllmansCooleMod/run/mods/xaeroworldmap-neoforge-26.1.2-1.44.2.jar
[07Aug2026 18:36:33.097] [ForkJoinPool.commonPool-worker-15/DEBUG] [net.neoforged.fml.loading.moddiscovery.ModFileInfo/LOADING]: Found valid mod file xaeroworldmap-neoforge-26.1.2-1.44.2.jar with {xaeroworldmap} mods - versions {1.44.2}
[07Aug2026 18:36:33.097] [ForkJoinPool.commonPool-worker-15/DEBUG] [net.neoforged.fml.loading.moddiscovery.ModFile/LOADING]: Loading mod file /home/tillman/Desktop/programmieren/minecraft/MODS/TIllmansCooleMod/run/mods/xaeroworldmap-neoforge-26.1.2-1.44.2.jar with languages [LanguageSpec[languageName=javafml, acceptedVersions=[4,)]]
[07Aug2026 18:36:33.097] [ForkJoinPool.commonPool-worker-15/DEBUG] [net.neoforged.fml.loading.moddiscovery.ModFile/LOADING]: Found mixin config MixinConfig[config=xaeroworldmap.mixins.json, requiredMods=[], behaviorVersion=null]
[07Aug2026 18:36:33.097] [ForkJoinPool.commonPool-worker-15/DEBUG] [net.neoforged.fml.loading.moddiscovery.ModFile/LOADING]: Found mixin config MixinConfig[config=xaeroworldmap.neoforge.mixins.json, requiredMods=[], behaviorVersion=null]
[07Aug2026 18:36:33.128] [ForkJoinPool.commonPool-worker-15/DEBUG] [net.neoforged.fml.loading.moddiscovery.ModFileParser/LOADING]: Considering mod file candidate /home/tillman/Desktop/programmieren/minecraft/MODS/TIllmansCooleMod/run/.cache/jij/d834085cb6553563a968f1b82b304be8766dd24d1405526ebc9d96e8af9caf8c/xaerolib-neoforge-26.1.2-1.7.1.jar
[07Aug2026 18:36:33.130] [ForkJoinPool.commonPool-worker-15/DEBUG] [net.neoforged.fml.loading.moddiscovery.ModFileInfo/LOADING]: Found valid mod file xaerolib-neoforge-26.1.2-1.7.1.jar with {xaerolib} mods - versions {1.7.1}
[07Aug2026 18:36:33.130] [ForkJoinPool.commonPool-worker-15/DEBUG] [net.neoforged.fml.loading.moddiscovery.ModFile/LOADING]: Loading mod file /home/tillman/Desktop/programmieren/minecraft/MODS/TIllmansCooleMod/run/.cache/jij/d834085cb6553563a968f1b82b304be8766dd24d1405526ebc9d96e8af9caf8c/xaerolib-neoforge-26.1.2-1.7.1.jar with languages [LanguageSpec[languageName=javafml, acceptedVersions=[4,)]]
[07Aug2026 18:36:33.130] [ForkJoinPool.commonPool-worker-15/DEBUG] [net.neoforged.fml.loading.moddiscovery.ModFile/LOADING]: Found mixin config MixinConfig[config=xaerolib.mixins.json, requiredMods=[], behaviorVersion=null]
[07Aug2026 18:36:33.130] [ForkJoinPool.commonPool-worker-15/DEBUG] [net.neoforged.fml.loading.moddiscovery.ModFile/LOADING]: Found mixin config MixinConfig[config=xaerolib.neoforge.mixins.json, requiredMods=[], behaviorVersion=null]
[07Aug2026 18:36:33.132] [ForkJoinPool.commonPool-worker-15/DEBUG] [net.neoforged.fml.loading.moddiscovery.ModFileParser/LOADING]: Considering mod file candidate /home/tillman/Desktop/programmieren/minecraft/MODS/TIllmansCooleMod/run/.cache/jij/6489f4bfb7b3022362248b5347d8cf24b6c64c44a4917d08f94492fe02290842/api_neoforge-0.8.1.jar
[07Aug2026 18:36:33.132] [ForkJoinPool.commonPool-worker-15/DEBUG] [net.neoforged.fml.loading.moddiscovery.ModFileInfo/LOADING]: Found valid mod file api_neoforge-0.8.1.jar with {wrench_wrapper} mods - versions {0.8.1}
[07Aug2026 18:36:33.132] [ForkJoinPool.commonPool-worker-15/DEBUG] [net.neoforged.fml.loading.moddiscovery.ModFile/LOADING]: Loading mod file /home/tillman/Desktop/programmieren/minecraft/MODS/TIllmansCooleMod/run/.cache/jij/6489f4bfb7b3022362248b5347d8cf24b6c64c44a4917d08f94492fe02290842/api_neoforge-0.8.1.jar with languages [LanguageSpec[languageName=javafml, acceptedVersions=*]]
[07Aug2026 18:36:33.135] [ForkJoinPool.commonPool-worker-15/DEBUG] [net.neoforged.fml.loading.moddiscovery.ModFileParser/LOADING]: Considering mod file candidate /home/tillman/Desktop/programmieren/minecraft/MODS/TIllmansCooleMod/run/.cache/jij/4ab10b70215628d6653b59daf408a5f83dfbde7294052a258eb8f90297c30fac/impl-0.8.1.jar
[07Aug2026 18:36:33.136] [ForkJoinPool.commonPool-worker-15/DEBUG] [net.neoforged.fml.loading.moddiscovery.ModFileInfo/LOADING]: Found valid mod file impl-0.8.1.jar with {wrench_wrapper_backend} mods - versions {0.8.1}
[07Aug2026 18:36:33.136] [ForkJoinPool.commonPool-worker-15/DEBUG] [net.neoforged.fml.loading.moddiscovery.ModFile/LOADING]: Loading mod file /home/tillman/Desktop/programmieren/minecraft/MODS/TIllmansCooleMod/run/.cache/jij/4ab10b70215628d6653b59daf408a5f83dfbde7294052a258eb8f90297c30fac/impl-0.8.1.jar with languages [LanguageSpec[languageName=javafml, acceptedVersions=*]]
[07Aug2026 18:36:33.141] [ForkJoinPool.commonPool-worker-15/DEBUG] [net.neoforged.fml.loading.moddiscovery.ModFileParser/LOADING]: Considering mod file candidate /home/tillman/Desktop/programmieren/minecraft/MODS/TIllmansCooleMod/run/.cache/jij/d834085cb6553563a968f1b82b304be8766dd24d1405526ebc9d96e8af9caf8c/xaerolib-neoforge-26.1.2-1.7.1.jar
[07Aug2026 18:36:33.142] [ForkJoinPool.commonPool-worker-15/DEBUG] [net.neoforged.fml.loading.moddiscovery.ModFileInfo/LOADING]: Found valid mod file xaerolib-neoforge-26.1.2-1.7.1.jar with {xaerolib} mods - versions {1.7.1}
[07Aug2026 18:36:33.142] [ForkJoinPool.commonPool-worker-15/DEBUG] [net.neoforged.fml.loading.moddiscovery.ModFile/LOADING]: Loading mod file /home/tillman/Desktop/programmieren/minecraft/MODS/TIllmansCooleMod/run/.cache/jij/d834085cb6553563a968f1b82b304be8766dd24d1405526ebc9d96e8af9caf8c/xaerolib-neoforge-26.1.2-1.7.1.jar with languages [LanguageSpec[languageName=javafml, acceptedVersions=[4,)]]
[07Aug2026 18:36:33.142] [ForkJoinPool.commonPool-worker-15/DEBUG] [net.neoforged.fml.loading.moddiscovery.ModFile/LOADING]: Found mixin config MixinConfig[config=xaerolib.mixins.json, requiredMods=[], behaviorVersion=null]
[07Aug2026 18:36:33.142] [ForkJoinPool.commonPool-worker-15/DEBUG] [net.neoforged.fml.loading.moddiscovery.ModFile/LOADING]: Found mixin config MixinConfig[config=xaerolib.neoforge.mixins.json, requiredMods=[], behaviorVersion=null]
[07Aug2026 18:36:33.148] [ForkJoinPool.commonPool-worker-15/DEBUG] [net.neoforged.fml.loading.moddiscovery.ModFile/LOADING]: Loading mod file /home/tillman/Desktop/programmieren/minecraft/MODS/TIllmansCooleMod/run/.cache/jij/6a464b1c603b716033f3561a0632a7cc7be17c9d75af1cab7f1db5fe98c3888a/mixinextras-neoforge-0.5.4.jar with languages []
[07Aug2026 18:36:33.149] [ForkJoinPool.commonPool-worker-15/DEBUG] [net.neoforged.fml.loading.moddiscovery.ModFile/LOADING]: Loading mod file /home/tillman/Desktop/programmieren/minecraft/MODS/TIllmansCooleMod/run/.cache/jij/909b72f1d8225a13c4f00a23b3a5d04217543745de857d98694d4943708fc969/net.neoforged.neoforge-coremods-26.1.2.71.jar with languages []
[07Aug2026 18:36:33.156] [ForkJoinPool.commonPool-worker-15/DEBUG] [net.neoforged.fml.loading.moddiscovery.ModFile/LOADING]: Loading mod file /home/tillman/Desktop/programmieren/minecraft/MODS/TIllmansCooleMod/run/.cache/jij/0d55650fb8e58dad25b714d447a1ed5a713a6b6120a06610ce216c9b26e852d7/glsl-transformer-3.0.0-pre3.jar with languages []
[07Aug2026 18:36:33.158] [ForkJoinPool.commonPool-worker-15/DEBUG] [net.neoforged.fml.loading.moddiscovery.ModFile/LOADING]: Loading mod file /home/tillman/Desktop/programmieren/minecraft/MODS/TIllmansCooleMod/run/.cache/jij/e47d785bff4d116bf5223b96aabd57a03498a91bd259b4919ded6c511b47cc8c/jcpp-1.4.14.jar with languages []
[07Aug2026 18:36:33.161] [ForkJoinPool.commonPool-worker-15/DEBUG] [net.neoforged.fml.loading.moddiscovery.ModFile/LOADING]: Loading mod file /home/tillman/Desktop/programmieren/minecraft/MODS/TIllmansCooleMod/run/.cache/jij/54665d2838cc66458343468efc539e454fc95b46a8a04b13c6ac43fc9be63505/antlr4-runtime-4.13.1.jar with languages []
[07Aug2026 18:36:33.170] [ForkJoinPool.commonPool-worker-15/DEBUG] [net.neoforged.fml.loading.moddiscovery.ModFileParser/LOADING]: Considering mod file candidate /home/tillman/Desktop/programmieren/minecraft/MODS/TIllmansCooleMod/run/.cache/jij/73780c4ee946bf7c4be7ee8ba8feaf0cd573b8df46b88d7b65e15ab9135ddde1/net.caffeinemc.sodium-neoforge-0.9.1+mc26.1.2-mod.jar
[07Aug2026 18:36:33.171] [ForkJoinPool.commonPool-worker-15/DEBUG] [net.neoforged.fml.loading.moddiscovery.ModFileInfo/LOADING]: Found valid mod file net.caffeinemc.sodium-neoforge-0.9.1+mc26.1.2-mod.jar with {sodium} mods - versions {0.9.1+mc26.1.2}
[07Aug2026 18:36:33.171] [ForkJoinPool.commonPool-worker-15/DEBUG] [net.neoforged.fml.loading.moddiscovery.ModFile/LOADING]: Loading mod file /home/tillman/Desktop/programmieren/minecraft/MODS/TIllmansCooleMod/run/.cache/jij/73780c4ee946bf7c4be7ee8ba8feaf0cd573b8df46b88d7b65e15ab9135ddde1/net.caffeinemc.sodium-neoforge-0.9.1+mc26.1.2-mod.jar with languages [LanguageSpec[languageName=javafml, acceptedVersions=[4,)]]
[07Aug2026 18:36:33.171] [ForkJoinPool.commonPool-worker-15/DEBUG] [net.neoforged.fml.loading.moddiscovery.ModFile/LOADING]: Found mixin config MixinConfig[config=sodium-common.mixins.json, requiredMods=[], behaviorVersion=null]
[07Aug2026 18:36:33.171] [ForkJoinPool.commonPool-worker-15/DEBUG] [net.neoforged.fml.loading.moddiscovery.ModFile/LOADING]: Found mixin config MixinConfig[config=sodium-neoforge.mixins.json, requiredMods=[], behaviorVersion=null]
[07Aug2026 18:36:33.207] [ForkJoinPool.commonPool-worker-15/INFO] [net.neoforged.fml.loading.moddiscovery.locators.JarInJarDependencyLocator/]: Found 9 dependencies adding them to mods collection
[07Aug2026 18:36:33.209] [ForkJoinPool.commonPool-worker-15/INFO] [net.neoforged.fml.loading.moddiscovery.ModDiscoverer/]: 
     Mod List:
		Name Version (Mod Id)

		AppleSkin 3.0.9+mc26.1 (appleskin)
		Easy Villagers 1.1.42+26.1.2 (easy_villagers)
		Iris 1.11.2-snapshot+mc26.1.2-local (iris)
		Jade 26.1.8+neoforge (jade)
		Just Zoom 2.1.4 (justzoom)
		Konkrete 1.10.1 (konkrete)
		Minecraft 26.1.2 (minecraft)
		Mouse Tweaks 2.31 (mousetweaks)
		NeoForge 26.1.2.71 (neoforge)
		Ok Zoomer 17.0.0-beta.5 (ok_zoomer)
		Sodium 0.9.1+mc26.1.2 (sodium)
		TillmansTolleMod 1.0.0 (tillmanstollemod)
		Tool Belt 2.9.5 (toolbelt)
		Wrench Wrapper 0.8.1 (wrench_wrapper)
		Wrench Wrapper (Backend) 0.8.1 (wrench_wrapper_backend)
		Xaero's Minimap 26.4.2 (xaerominimap)
		Xaero's World Map 1.44.2 (xaeroworldmap)
		XaeroLib 1.7.1 (xaerolib)
[07Aug2026 18:36:33.216] [ForkJoinPool.commonPool-worker-15/DEBUG] [net.neoforged.fml.loading.ModSorter/]: Configured system mods: [minecraft, neoforge]
[07Aug2026 18:36:33.217] [ForkJoinPool.commonPool-worker-15/DEBUG] [net.neoforged.fml.loading.ModSorter/]: Found system mod: minecraft
[07Aug2026 18:36:33.217] [ForkJoinPool.commonPool-worker-15/DEBUG] [net.neoforged.fml.loading.ModSorter/]: Found system mod: neoforge
[07Aug2026 18:36:33.219] [ForkJoinPool.commonPool-worker-15/DEBUG] [net.neoforged.fml.loading.ModSorter/LOADING]: Found 37 mod requirements (26 mandatory, 11 optional)
[07Aug2026 18:36:33.220] [ForkJoinPool.commonPool-worker-15/DEBUG] [net.neoforged.fml.loading.ModSorter/LOADING]: Found 0 mod requirements missing (0 mandatory, 0 optional)
[07Aug2026 18:36:33.482] [main/INFO] [mixin/]: SpongePowered MIXIN Subsystem Version=0.8.7 Source=file:/home/tillman/.mcreator/gradle/caches/modules-2/files-2.1/net.fabricmc/sponge-mixin/0.17.3+mixin.0.8.7/41c4a3984a80f4679e759fb9f495587acc5cdac7/sponge-mixin-0.17.3+mixin.0.8.7.jar Service=FML Env=CLIENT
[07Aug2026 18:36:33.498] [main/DEBUG] [mixin/]: Initialising Mixin Platform Manager
[07Aug2026 18:36:33.499] [main/DEBUG] [mixin/]: Adding mixin platform agents for container ContainerHandleVirtual(fml:18c85)
[07Aug2026 18:36:33.500] [main/DEBUG] [mixin/]: Instancing new MixinPlatformAgentDefault for ContainerHandleVirtual(fml:18c85)
[07Aug2026 18:36:33.502] [main/DEBUG] [mixin/]: MixinPlatformAgentDefault accepted container ContainerHandleVirtual(fml:18c85)
[07Aug2026 18:36:33.503] [main/DEBUG] [mixin/]: Instancing new MixinPlatformAgentDefault for ContainerHandleVirtual(fml:18c85)
[07Aug2026 18:36:33.503] [main/DEBUG] [mixin/]: MixinPlatformAgentDefault accepted container ContainerHandleVirtual(fml:18c85)
[07Aug2026 18:36:33.503] [main/DEBUG] [mixin/]: Processing prepare() for PlatformAgent[MixinPlatformAgentDefault:ContainerHandleVirtual(fml:18c85)]
[07Aug2026 18:36:33.504] [main/DEBUG] [mixin/]: Processing prepare() for PlatformAgent[MixinPlatformAgentDefault:ContainerHandleVirtual(fml:18c85)]
[07Aug2026 18:36:33.505] [main/INFO] [net.neoforged.fml.loading.FMLLoader/]: Loading FML Plugins:
[07Aug2026 18:36:33.505] [main/INFO] [net.neoforged.fml.loading.FMLLoader/]:  - mods/iris-neoforge-1.11.2+mc26.1.2.jar > jcpp-1.4.14.jar
[07Aug2026 18:36:33.506] [main/INFO] [net.neoforged.fml.loading.FMLLoader/]:  - mods/iris-neoforge-1.11.2+mc26.1.2.jar > antlr4-runtime-4.13.1.jar
[07Aug2026 18:36:33.507] [main/INFO] [net.neoforged.fml.loading.FMLLoader/]:  - /home/tillman/.mcreator/gradle/caches/modules-2/files-2.1/net.neoforged/neoforge/26.1.2.71/2fb61eae2ea7b55fe17d0dba69cab130beb0a054/neoforge-26.1.2.71-universal.jar > net.neoforged.neoforge-coremods-26.1.2.71.jar
[07Aug2026 18:36:33.508] [main/INFO] [net.neoforged.fml.loading.FMLLoader/]:  - mods/iris-neoforge-1.11.2+mc26.1.2.jar > glsl-transformer-3.0.0-pre3.jar
[07Aug2026 18:36:33.515] [main/DEBUG] [net.neoforged.fml.util.ServiceLoaderUtil/CORE]: Found 2 implementations of IModLanguageLoader:
[07Aug2026 18:36:33.516] [main/DEBUG] [net.neoforged.fml.util.ServiceLoaderUtil/CORE]: 	net.neoforged.fml.javafmlmod.FMLJavaModLanguageProvider from /home/tillman/.mcreator/gradle/caches/modules-2/files-2.1/net.neoforged.fancymodloader/loader/11.0.13/c9c89eaf35535990110088224d188748d81eaecf/loader-11.0.13.jar
[07Aug2026 18:36:33.516] [main/DEBUG] [net.neoforged.fml.util.ServiceLoaderUtil/CORE]: 	net.neoforged.fml.mclanguageprovider.MinecraftModLanguageProvider from /home/tillman/.mcreator/gradle/caches/modules-2/files-2.1/net.neoforged.fancymodloader/loader/11.0.13/c9c89eaf35535990110088224d188748d81eaecf/loader-11.0.13.jar
[07Aug2026 18:36:33.517] [main/DEBUG] [net.neoforged.fml.loading.LanguageProviderLoader/CORE]: Found language provider javafml, version 11.0
[07Aug2026 18:36:33.518] [main/DEBUG] [net.neoforged.fml.loading.LanguageProviderLoader/CORE]: Found language provider minecraft, version 11.0
[07Aug2026 18:36:33.522] [main/DEBUG] [net.neoforged.fml.loading.FMLLoader/]: Adding Access Transformer META-INF/accesstransformer.cfg in jar(mods/iris-neoforge-1.11.2+mc26.1.2.jar)
[07Aug2026 18:36:33.545] [main/DEBUG] [net.neoforged.fml.loading.FMLLoader/]: Adding Access Transformer META-INF/accesstransformer.cfg in jar(mods/ToolBelt-26.1.2-2.9.5.jar)
[07Aug2026 18:36:33.546] [main/DEBUG] [net.neoforged.fml.loading.FMLLoader/]: Adding Access Transformer META-INF/accesstransformer.cfg in jar(mods/Jade-mc26.1-NeoForge-26.1.8.jar)
[07Aug2026 18:36:33.552] [main/DEBUG] [net.neoforged.fml.loading.FMLLoader/]: Adding Access Transformer META-INF/accesstransformer.cfg in jar(mods/appleskin-neoforge-mc26.1-3.0.9.jar)
[07Aug2026 18:36:33.553] [main/DEBUG] [net.neoforged.fml.loading.FMLLoader/]: Adding Access Transformer META-INF/accesstransformer.cfg in jar(mods/sodium-neoforge-0.9.1+mc26.1.2.jar) > jar(mods/sodium-neoforge-0.9.1+mc26.1.2.jar > net.caffeinemc.sodium-neoforge-0.9.1+mc26.1.2-mod.jar)
[07Aug2026 18:36:33.555] [main/DEBUG] [net.neoforged.fml.loading.FMLLoader/]: Adding Access Transformer META-INF/accesstransformer.cfg in jar(mods/easy-villagers-neoforge-1.1.42+26.1.2.jar)
[07Aug2026 18:36:33.555] [main/DEBUG] [net.neoforged.fml.loading.FMLLoader/]: Adding Access Transformer META-INF/accesstransformer.cfg in composite(filtered(jar(/home/tillman/.mcreator/gradle/caches/modules-2/files-2.1/net.neoforged/neoforge/26.1.2.71/2fb61eae2ea7b55fe17d0dba69cab130beb0a054/neoforge-26.1.2.71-universal.jar)))
[07Aug2026 18:36:33.568] [main/DEBUG] [net.neoforged.fml.loading.FMLLoader/]: Adding Access Transformer META-INF/accesstransformergenerated.cfg in composite(filtered(jar(/home/tillman/.mcreator/gradle/caches/modules-2/files-2.1/net.neoforged/neoforge/26.1.2.71/2fb61eae2ea7b55fe17d0dba69cab130beb0a054/neoforge-26.1.2.71-universal.jar)))
[07Aug2026 18:36:33.577] [main/DEBUG] [net.neoforged.fml.loading.FMLLoader/]: Adding Access Transformer META-INF/accesstransformer.cfg in composite(folder(/home/tillman/Desktop/programmieren/minecraft/MODS/TIllmansCooleMod/build/classes/java/main), folder(/home/tillman/Desktop/programmieren/minecraft/MODS/TIllmansCooleMod/build/resources/main))
[07Aug2026 18:36:33.590] [main/DEBUG] [net.neoforged.fml.util.ServiceLoaderUtil/CORE]: Found 5 implementations of ClassProcessor:
[07Aug2026 18:36:33.590] [main/DEBUG] [net.neoforged.fml.util.ServiceLoaderUtil/CORE]: 	[built-in] net.neoforged.fml.common.asm.AccessTransformerService from /home/tillman/.mcreator/gradle/caches/modules-2/files-2.1/net.neoforged.fancymodloader/loader/11.0.13/c9c89eaf35535990110088224d188748d81eaecf/loader-11.0.13.jar
[07Aug2026 18:36:33.590] [main/DEBUG] [net.neoforged.fml.util.ServiceLoaderUtil/CORE]: 	[built-in] net.neoforged.fml.common.asm.enumextension.RuntimeEnumExtender from /home/tillman/.mcreator/gradle/caches/modules-2/files-2.1/net.neoforged.fancymodloader/loader/11.0.13/c9c89eaf35535990110088224d188748d81eaecf/loader-11.0.13.jar
[07Aug2026 18:36:33.590] [main/DEBUG] [net.neoforged.fml.util.ServiceLoaderUtil/CORE]: 	[built-in] net.neoforged.fml.common.asm.SimpleProcessorsGroup from /home/tillman/.mcreator/gradle/caches/modules-2/files-2.1/net.neoforged.fancymodloader/loader/11.0.13/c9c89eaf35535990110088224d188748d81eaecf/loader-11.0.13.jar
[07Aug2026 18:36:33.590] [main/DEBUG] [net.neoforged.fml.util.ServiceLoaderUtil/CORE]: 	[built-in] net.neoforged.fml.loading.moddiscovery.locators.NeoForgeDevDistCleaner from /home/tillman/.mcreator/gradle/caches/modules-2/files-2.1/net.neoforged.fancymodloader/loader/11.0.13/c9c89eaf35535990110088224d188748d81eaecf/loader-11.0.13.jar
[07Aug2026 18:36:33.591] [main/DEBUG] [net.neoforged.fml.util.ServiceLoaderUtil/CORE]: 	[built-in] net.neoforged.fml.loading.mixin.FMLMixinClassProcessor from /home/tillman/.mcreator/gradle/caches/modules-2/files-2.1/net.neoforged.fancymodloader/loader/11.0.13/c9c89eaf35535990110088224d188748d81eaecf/loader-11.0.13.jar
[07Aug2026 18:36:33.592] [main/DEBUG] [net.neoforged.fml.util.ServiceLoaderUtil/CORE]: Found 1 implementations of ClassProcessorProvider:
[07Aug2026 18:36:33.592] [main/DEBUG] [net.neoforged.fml.util.ServiceLoaderUtil/CORE]: 	net.neoforged.neoforge.coremods.NeoForgeCoreMod from /home/tillman/.mcreator/gradle/caches/modules-2/files-2.1/net.neoforged/neoforge/26.1.2.71/2fb61eae2ea7b55fe17d0dba69cab130beb0a054/neoforge-26.1.2.71-universal.jar > net.neoforged.neoforge-coremods-26.1.2.71.jar
[07Aug2026 18:36:33.608] [main/DEBUG] [net.neoforged.fml.loading.FMLLoader/]: Masking classpath elements: [/home/tillman/Desktop/programmieren/minecraft/MODS/TIllmansCooleMod/build/resources/main, /home/tillman/.mcreator/gradle/caches/modules-2/files-2.1/net.neoforged/neoforge/26.1.2.71/2fb61eae2ea7b55fe17d0dba69cab130beb0a054/neoforge-26.1.2.71-universal.jar, /home/tillman/Desktop/programmieren/minecraft/MODS/TIllmansCooleMod/build/moddev/artifacts/minecraft-patched-26.1.2.71.jar, /home/tillman/Desktop/programmieren/minecraft/MODS/TIllmansCooleMod/build/classes/java/main]
[07Aug2026 18:36:33.624] [main/INFO] [net.neoforged.fml.loading.FMLLoader/]: Building game content classloader:
 - appleskin (jar(mods/appleskin-neoforge-mc26.1-3.0.9.jar))
 - easy_villagers (jar(mods/easy-villagers-neoforge-1.1.42+26.1.2.jar))
 - iris (jar(mods/iris-neoforge-1.11.2+mc26.1.2.jar))
 - jade (jar(mods/Jade-mc26.1-NeoForge-26.1.8.jar))
 - justzoom (jar(mods/justzoom_neoforge_2.1.4_MC_1.21.11.jar))
 - konkrete (jar(mods/konkrete_neoforge_1.10.1_MC_26.1.1.jar))
 - minecraft (composite(filtered(jar(/home/tillman/Desktop/programmieren/minecraft/MODS/TIllmansCooleMod/build/moddev/artifacts/minecraft-patched-26.1.2.71.jar)), filtered(jar(/home/tillman/Desktop/programmieren/minecraft/MODS/TIllmansCooleMod/build/moddev/artifacts/minecraft-patched-26.1.2.71.jar))))
 - mixinextras.neoforge (jar(/home/tillman/.mcreator/gradle/caches/modules-2/files-2.1/net.neoforged/neoforge/26.1.2.71/2fb61eae2ea7b55fe17d0dba69cab130beb0a054/neoforge-26.1.2.71-universal.jar > mixinextras-neoforge-0.5.4.jar))
 - mousetweaks (jar(mods/MouseTweaks-neoforge-mc26.1-2.31.jar))
 - neoforge (composite(filtered(jar(/home/tillman/.mcreator/gradle/caches/modules-2/files-2.1/net.neoforged/neoforge/26.1.2.71/2fb61eae2ea7b55fe17d0dba69cab130beb0a054/neoforge-26.1.2.71-universal.jar))))
 - net.neoforged.fml.generated (empty(VirtualJar/net.neoforged.fml.generated))
 - ok_zoomer (jar(mods/ok_zoomer-17.0.0-beta.5.jar))
 - sodium (jar(mods/sodium-neoforge-0.9.1+mc26.1.2.jar > net.caffeinemc.sodium-neoforge-0.9.1+mc26.1.2-mod.jar))
 - tillmanstollemod (composite(folder(/home/tillman/Desktop/programmieren/minecraft/MODS/TIllmansCooleMod/build/classes/java/main), folder(/home/tillman/Desktop/programmieren/minecraft/MODS/TIllmansCooleMod/build/resources/main)))
 - toolbelt (jar(mods/ToolBelt-26.1.2-2.9.5.jar))
 - wrench_wrapper (jar(mods/ok_zoomer-17.0.0-beta.5.jar > api_neoforge-0.8.1.jar))
 - wrench_wrapper_backend (jar(mods/ok_zoomer-17.0.0-beta.5.jar > impl-0.8.1.jar))
 - xaerolib (jar(mods/xaeroworldmap-neoforge-26.1.2-1.44.2.jar > xaerolib-neoforge-26.1.2-1.7.1.jar))
 - xaerominimap (jar(mods/xaerominimap-neoforge-26.1.2-26.4.2.jar))
 - xaeroworldmap (jar(mods/xaeroworldmap-neoforge-26.1.2-1.44.2.jar))
[07Aug2026 18:36:33.638] [main/INFO] [net.neoforged.fml.loading.FMLLoader/]: Built game content classloader in 30ms
[07Aug2026 18:36:33.663] [main/DEBUG] [mixin/]: Compatibility level JAVA_8 specified by mixins.iris.json is lower than the default level supported by the current mixin service (JAVA_21).
[07Aug2026 18:36:33.664] [main/DEBUG] [mixin/]: Compatibility level JAVA_8 specified by mixins.iris.vertexformat.json is lower than the default level supported by the current mixin service (JAVA_21).
[07Aug2026 18:36:33.665] [main/DEBUG] [mixin/]: Compatibility level JAVA_8 specified by mixins.iris.compat.sodium.json is lower than the default level supported by the current mixin service (JAVA_21).
[07Aug2026 18:36:33.665] [main/DEBUG] [mixin/]: Compatibility level JAVA_8 specified by mixins.iris.compat.dh.json is lower than the default level supported by the current mixin service (JAVA_21).
[07Aug2026 18:36:33.666] [main/DEBUG] [mixin/]: Compatibility level JAVA_8 specified by mixins.iris.forge.json is lower than the default level supported by the current mixin service (JAVA_21).
[07Aug2026 18:36:33.668] [main/DEBUG] [mixin/]: Compatibility level JAVA_17 specified by justzoom.mixins.json is lower than the default level supported by the current mixin service (JAVA_21).
[07Aug2026 18:36:33.668] [main/DEBUG] [mixin/]: Compatibility level JAVA_17 specified by justzoom.mixins.json is higher than the maximum level supported by this version of mixin (JAVA_13).
[07Aug2026 18:36:33.668] [main/DEBUG] [mixin/]: Compatibility level JAVA_17 specified by justzoom.neoforge.mixins.json is lower than the default level supported by the current mixin service (JAVA_21).
[07Aug2026 18:36:33.668] [main/DEBUG] [mixin/]: Compatibility level JAVA_17 specified by justzoom.neoforge.mixins.json is higher than the maximum level supported by this version of mixin (JAVA_13).
[07Aug2026 18:36:33.669] [main/DEBUG] [mixin/]: Compatibility level JAVA_17 specified by sodium-common.mixins.json is lower than the default level supported by the current mixin service (JAVA_21).
[07Aug2026 18:36:33.669] [main/DEBUG] [mixin/]: Compatibility level JAVA_17 specified by sodium-common.mixins.json is higher than the maximum level supported by this version of mixin (JAVA_13).
[07Aug2026 18:36:33.669] [main/DEBUG] [mixin/]: Mixin config sodium-common.mixins.json does not specify "minVersion" or "requiredFeatures" property
[07Aug2026 18:36:33.670] [main/DEBUG] [mixin/]: Compatibility level JAVA_17 specified by sodium-neoforge.mixins.json is lower than the default level supported by the current mixin service (JAVA_21).
[07Aug2026 18:36:33.670] [main/DEBUG] [mixin/]: Compatibility level JAVA_17 specified by sodium-neoforge.mixins.json is higher than the maximum level supported by this version of mixin (JAVA_13).
[07Aug2026 18:36:33.670] [main/DEBUG] [mixin/]: Mixin config sodium-neoforge.mixins.json does not specify "minVersion" or "requiredFeatures" property
[07Aug2026 18:36:33.670] [main/DEBUG] [mixin/]: Compatibility level JAVA_17 specified by xaerolib.mixins.json is lower than the default level supported by the current mixin service (JAVA_21).
[07Aug2026 18:36:33.670] [main/DEBUG] [mixin/]: Compatibility level JAVA_17 specified by xaerolib.mixins.json is higher than the maximum level supported by this version of mixin (JAVA_13).
[07Aug2026 18:36:33.671] [main/DEBUG] [mixin/]: Compatibility level JAVA_17 specified by xaerolib.neoforge.mixins.json is lower than the default level supported by the current mixin service (JAVA_21).
[07Aug2026 18:36:33.671] [main/DEBUG] [mixin/]: Compatibility level JAVA_17 specified by xaerolib.neoforge.mixins.json is higher than the maximum level supported by this version of mixin (JAVA_13).
[07Aug2026 18:36:33.671] [main/DEBUG] [mixin/]: Compatibility level JAVA_17 specified by xaerohud.mixins.json is lower than the default level supported by the current mixin service (JAVA_21).
[07Aug2026 18:36:33.671] [main/DEBUG] [mixin/]: Compatibility level JAVA_17 specified by xaerohud.mixins.json is higher than the maximum level supported by this version of mixin (JAVA_13).
[07Aug2026 18:36:33.672] [main/DEBUG] [mixin/]: Compatibility level JAVA_17 specified by xaerohud.neoforge.mixins.json is lower than the default level supported by the current mixin service (JAVA_21).
[07Aug2026 18:36:33.672] [main/DEBUG] [mixin/]: Compatibility level JAVA_17 specified by xaerohud.neoforge.mixins.json is higher than the maximum level supported by this version of mixin (JAVA_13).
[07Aug2026 18:36:33.672] [main/DEBUG] [mixin/]: Compatibility level JAVA_17 specified by xaerominimap.mixins.json is lower than the default level supported by the current mixin service (JAVA_21).
[07Aug2026 18:36:33.672] [main/DEBUG] [mixin/]: Compatibility level JAVA_17 specified by xaerominimap.mixins.json is higher than the maximum level supported by this version of mixin (JAVA_13).
[07Aug2026 18:36:33.672] [main/DEBUG] [mixin/]: Compatibility level JAVA_17 specified by xaerominimap.neoforge.mixins.json is lower than the default level supported by the current mixin service (JAVA_21).
[07Aug2026 18:36:33.672] [main/DEBUG] [mixin/]: Compatibility level JAVA_17 specified by xaerominimap.neoforge.mixins.json is higher than the maximum level supported by this version of mixin (JAVA_13).
[07Aug2026 18:36:33.673] [main/DEBUG] [mixin/]: Compatibility level JAVA_25 specified by ok_zoomer.mixins.json is higher than the maximum level supported by this version of mixin (JAVA_13).
[07Aug2026 18:36:33.679] [main/INFO] [mixin/]: Compatibility level set to JAVA_25
[07Aug2026 18:36:33.680] [main/DEBUG] [mixin/]: Compatibility level JAVA_17 specified by konkrete.mixins.json is lower than the default level supported by the current mixin service (JAVA_21).
[07Aug2026 18:36:33.680] [main/DEBUG] [mixin/]: Compatibility level JAVA_17 specified by konkrete.mixins.json is higher than the maximum level supported by this version of mixin (JAVA_13).
[07Aug2026 18:36:33.680] [main/DEBUG] [mixin/]: Compatibility level JAVA_17 specified by konkrete.neoforge.mixins.json is lower than the default level supported by the current mixin service (JAVA_21).
[07Aug2026 18:36:33.680] [main/DEBUG] [mixin/]: Compatibility level JAVA_17 specified by konkrete.neoforge.mixins.json is higher than the maximum level supported by this version of mixin (JAVA_13).
[07Aug2026 18:36:33.681] [main/DEBUG] [mixin/]: Compatibility level JAVA_17 specified by xaeroworldmap.mixins.json is lower than the default level supported by the current mixin service (JAVA_21).
[07Aug2026 18:36:33.681] [main/DEBUG] [mixin/]: Compatibility level JAVA_17 specified by xaeroworldmap.mixins.json is higher than the maximum level supported by this version of mixin (JAVA_13).
[07Aug2026 18:36:33.682] [main/DEBUG] [mixin/]: Compatibility level JAVA_17 specified by xaeroworldmap.neoforge.mixins.json is lower than the default level supported by the current mixin service (JAVA_21).
[07Aug2026 18:36:33.682] [main/DEBUG] [mixin/]: Compatibility level JAVA_17 specified by xaeroworldmap.neoforge.mixins.json is higher than the maximum level supported by this version of mixin (JAVA_13).
[07Aug2026 18:36:33.683] [main/DEBUG] [mixin/]: Processing launch tasks for PlatformAgent[MixinPlatformAgentDefault:ContainerHandleVirtual(fml:18c85)]
[07Aug2026 18:36:33.683] [main/DEBUG] [mixin/]: Processing launch tasks for PlatformAgent[MixinPlatformAgentDefault:ContainerHandleVirtual(fml:18c85)]
[07Aug2026 18:36:33.684] [main/DEBUG] [mixin/]: Adding agents for Mixin Container jar(mods/iris-neoforge-1.11.2+mc26.1.2.jar) > jar(mods/iris-neoforge-1.11.2+mc26.1.2.jar > jcpp-1.4.14.jar)
[07Aug2026 18:36:33.684] [main/DEBUG] [mixin/]: Adding mixin platform agents for container jar(mods/iris-neoforge-1.11.2+mc26.1.2.jar) > jar(mods/iris-neoforge-1.11.2+mc26.1.2.jar > jcpp-1.4.14.jar)
[07Aug2026 18:36:33.684] [main/DEBUG] [mixin/]: Instancing new MixinPlatformAgentDefault for jar(mods/iris-neoforge-1.11.2+mc26.1.2.jar) > jar(mods/iris-neoforge-1.11.2+mc26.1.2.jar > jcpp-1.4.14.jar)
[07Aug2026 18:36:33.684] [main/DEBUG] [mixin/]: MixinPlatformAgentDefault accepted container jar(mods/iris-neoforge-1.11.2+mc26.1.2.jar) > jar(mods/iris-neoforge-1.11.2+mc26.1.2.jar > jcpp-1.4.14.jar)
[07Aug2026 18:36:33.684] [main/DEBUG] [mixin/]: Instancing new MixinPlatformAgentDefault for jar(mods/iris-neoforge-1.11.2+mc26.1.2.jar) > jar(mods/iris-neoforge-1.11.2+mc26.1.2.jar > jcpp-1.4.14.jar)
[07Aug2026 18:36:33.684] [main/DEBUG] [mixin/]: MixinPlatformAgentDefault accepted container jar(mods/iris-neoforge-1.11.2+mc26.1.2.jar) > jar(mods/iris-neoforge-1.11.2+mc26.1.2.jar > jcpp-1.4.14.jar)
[07Aug2026 18:36:33.684] [main/DEBUG] [mixin/]: Processing prepare() for PlatformAgent[MixinPlatformAgentDefault:jar(mods/iris-neoforge-1.11.2+mc26.1.2.jar) > jar(mods/iris-neoforge-1.11.2+mc26.1.2.jar > jcpp-1.4.14.jar)]
[07Aug2026 18:36:33.684] [main/DEBUG] [mixin/]: Processing prepare() for PlatformAgent[MixinPlatformAgentDefault:jar(mods/iris-neoforge-1.11.2+mc26.1.2.jar) > jar(mods/iris-neoforge-1.11.2+mc26.1.2.jar > jcpp-1.4.14.jar)]
[07Aug2026 18:36:33.684] [main/DEBUG] [mixin/]: Adding agents for Mixin Container jar(mods/iris-neoforge-1.11.2+mc26.1.2.jar) > jar(mods/iris-neoforge-1.11.2+mc26.1.2.jar > antlr4-runtime-4.13.1.jar)
[07Aug2026 18:36:33.685] [main/DEBUG] [mixin/]: Adding mixin platform agents for container jar(mods/iris-neoforge-1.11.2+mc26.1.2.jar) > jar(mods/iris-neoforge-1.11.2+mc26.1.2.jar > antlr4-runtime-4.13.1.jar)
[07Aug2026 18:36:33.685] [main/DEBUG] [mixin/]: Instancing new MixinPlatformAgentDefault for jar(mods/iris-neoforge-1.11.2+mc26.1.2.jar) > jar(mods/iris-neoforge-1.11.2+mc26.1.2.jar > antlr4-runtime-4.13.1.jar)
[07Aug2026 18:36:33.685] [main/DEBUG] [mixin/]: MixinPlatformAgentDefault accepted container jar(mods/iris-neoforge-1.11.2+mc26.1.2.jar) > jar(mods/iris-neoforge-1.11.2+mc26.1.2.jar > antlr4-runtime-4.13.1.jar)
[07Aug2026 18:36:33.685] [main/DEBUG] [mixin/]: Instancing new MixinPlatformAgentDefault for jar(mods/iris-neoforge-1.11.2+mc26.1.2.jar) > jar(mods/iris-neoforge-1.11.2+mc26.1.2.jar > antlr4-runtime-4.13.1.jar)
[07Aug2026 18:36:33.685] [main/DEBUG] [mixin/]: MixinPlatformAgentDefault accepted container jar(mods/iris-neoforge-1.11.2+mc26.1.2.jar) > jar(mods/iris-neoforge-1.11.2+mc26.1.2.jar > antlr4-runtime-4.13.1.jar)
[07Aug2026 18:36:33.685] [main/DEBUG] [mixin/]: Processing prepare() for PlatformAgent[MixinPlatformAgentDefault:jar(mods/iris-neoforge-1.11.2+mc26.1.2.jar) > jar(mods/iris-neoforge-1.11.2+mc26.1.2.jar > antlr4-runtime-4.13.1.jar)]
[07Aug2026 18:36:33.685] [main/DEBUG] [mixin/]: Processing prepare() for PlatformAgent[MixinPlatformAgentDefault:jar(mods/iris-neoforge-1.11.2+mc26.1.2.jar) > jar(mods/iris-neoforge-1.11.2+mc26.1.2.jar > antlr4-runtime-4.13.1.jar)]
[07Aug2026 18:36:33.685] [main/DEBUG] [mixin/]: Adding agents for Mixin Container composite(filtered(jar(/home/tillman/.mcreator/gradle/caches/modules-2/files-2.1/net.neoforged/neoforge/26.1.2.71/2fb61eae2ea7b55fe17d0dba69cab130beb0a054/neoforge-26.1.2.71-universal.jar))) > jar(/home/tillman/.mcreator/gradle/caches/modules-2/files-2.1/net.neoforged/neoforge/26.1.2.71/2fb61eae2ea7b55fe17d0dba69cab130beb0a054/neoforge-26.1.2.71-universal.jar > net.neoforged.neoforge-coremods-26.1.2.71.jar)
[07Aug2026 18:36:33.685] [main/DEBUG] [mixin/]: Adding mixin platform agents for container composite(filtered(jar(/home/tillman/.mcreator/gradle/caches/modules-2/files-2.1/net.neoforged/neoforge/26.1.2.71/2fb61eae2ea7b55fe17d0dba69cab130beb0a054/neoforge-26.1.2.71-universal.jar))) > jar(/home/tillman/.mcreator/gradle/caches/modules-2/files-2.1/net.neoforged/neoforge/26.1.2.71/2fb61eae2ea7b55fe17d0dba69cab130beb0a054/neoforge-26.1.2.71-universal.jar > net.neoforged.neoforge-coremods-26.1.2.71.jar)
[07Aug2026 18:36:33.685] [main/DEBUG] [mixin/]: Instancing new MixinPlatformAgentDefault for composite(filtered(jar(/home/tillman/.mcreator/gradle/caches/modules-2/files-2.1/net.neoforged/neoforge/26.1.2.71/2fb61eae2ea7b55fe17d0dba69cab130beb0a054/neoforge-26.1.2.71-universal.jar))) > jar(/home/tillman/.mcreator/gradle/caches/modules-2/files-2.1/net.neoforged/neoforge/26.1.2.71/2fb61eae2ea7b55fe17d0dba69cab130beb0a054/neoforge-26.1.2.71-universal.jar > net.neoforged.neoforge-coremods-26.1.2.71.jar)
[07Aug2026 18:36:33.685] [main/DEBUG] [mixin/]: MixinPlatformAgentDefault accepted container composite(filtered(jar(/home/tillman/.mcreator/gradle/caches/modules-2/files-2.1/net.neoforged/neoforge/26.1.2.71/2fb61eae2ea7b55fe17d0dba69cab130beb0a054/neoforge-26.1.2.71-universal.jar))) > jar(/home/tillman/.mcreator/gradle/caches/modules-2/files-2.1/net.neoforged/neoforge/26.1.2.71/2fb61eae2ea7b55fe17d0dba69cab130beb0a054/neoforge-26.1.2.71-universal.jar > net.neoforged.neoforge-coremods-26.1.2.71.jar)
[07Aug2026 18:36:33.685] [main/DEBUG] [mixin/]: Instancing new MixinPlatformAgentDefault for composite(filtered(jar(/home/tillman/.mcreator/gradle/caches/modules-2/files-2.1/net.neoforged/neoforge/26.1.2.71/2fb61eae2ea7b55fe17d0dba69cab130beb0a054/neoforge-26.1.2.71-universal.jar))) > jar(/home/tillman/.mcreator/gradle/caches/modules-2/files-2.1/net.neoforged/neoforge/26.1.2.71/2fb61eae2ea7b55fe17d0dba69cab130beb0a054/neoforge-26.1.2.71-universal.jar > net.neoforged.neoforge-coremods-26.1.2.71.jar)
[07Aug2026 18:36:33.685] [main/DEBUG] [mixin/]: MixinPlatformAgentDefault accepted container composite(filtered(jar(/home/tillman/.mcreator/gradle/caches/modules-2/files-2.1/net.neoforged/neoforge/26.1.2.71/2fb61eae2ea7b55fe17d0dba69cab130beb0a054/neoforge-26.1.2.71-universal.jar))) > jar(/home/tillman/.mcreator/gradle/caches/modules-2/files-2.1/net.neoforged/neoforge/26.1.2.71/2fb61eae2ea7b55fe17d0dba69cab130beb0a054/neoforge-26.1.2.71-universal.jar > net.neoforged.neoforge-coremods-26.1.2.71.jar)
[07Aug2026 18:36:33.686] [main/DEBUG] [mixin/]: Processing prepare() for PlatformAgent[MixinPlatformAgentDefault:composite(filtered(jar(/home/tillman/.mcreator/gradle/caches/modules-2/files-2.1/net.neoforged/neoforge/26.1.2.71/2fb61eae2ea7b55fe17d0dba69cab130beb0a054/neoforge-26.1.2.71-universal.jar))) > jar(/home/tillman/.mcreator/gradle/caches/modules-2/files-2.1/net.neoforged/neoforge/26.1.2.71/2fb61eae2ea7b55fe17d0dba69cab130beb0a054/neoforge-26.1.2.71-universal.jar > net.neoforged.neoforge-coremods-26.1.2.71.jar)]
[07Aug2026 18:36:33.686] [main/DEBUG] [mixin/]: Processing prepare() for PlatformAgent[MixinPlatformAgentDefault:composite(filtered(jar(/home/tillman/.mcreator/gradle/caches/modules-2/files-2.1/net.neoforged/neoforge/26.1.2.71/2fb61eae2ea7b55fe17d0dba69cab130beb0a054/neoforge-26.1.2.71-universal.jar))) > jar(/home/tillman/.mcreator/gradle/caches/modules-2/files-2.1/net.neoforged/neoforge/26.1.2.71/2fb61eae2ea7b55fe17d0dba69cab130beb0a054/neoforge-26.1.2.71-universal.jar > net.neoforged.neoforge-coremods-26.1.2.71.jar)]
[07Aug2026 18:36:33.686] [main/DEBUG] [mixin/]: Adding agents for Mixin Container jar(mods/iris-neoforge-1.11.2+mc26.1.2.jar) > jar(mods/iris-neoforge-1.11.2+mc26.1.2.jar > glsl-transformer-3.0.0-pre3.jar)
[07Aug2026 18:36:33.686] [main/DEBUG] [mixin/]: Adding mixin platform agents for container jar(mods/iris-neoforge-1.11.2+mc26.1.2.jar) > jar(mods/iris-neoforge-1.11.2+mc26.1.2.jar > glsl-transformer-3.0.0-pre3.jar)
[07Aug2026 18:36:33.686] [main/DEBUG] [mixin/]: Instancing new MixinPlatformAgentDefault for jar(mods/iris-neoforge-1.11.2+mc26.1.2.jar) > jar(mods/iris-neoforge-1.11.2+mc26.1.2.jar > glsl-transformer-3.0.0-pre3.jar)
[07Aug2026 18:36:33.686] [main/DEBUG] [mixin/]: MixinPlatformAgentDefault accepted container jar(mods/iris-neoforge-1.11.2+mc26.1.2.jar) > jar(mods/iris-neoforge-1.11.2+mc26.1.2.jar > glsl-transformer-3.0.0-pre3.jar)
[07Aug2026 18:36:33.686] [main/DEBUG] [mixin/]: Instancing new MixinPlatformAgentDefault for jar(mods/iris-neoforge-1.11.2+mc26.1.2.jar) > jar(mods/iris-neoforge-1.11.2+mc26.1.2.jar > glsl-transformer-3.0.0-pre3.jar)
[07Aug2026 18:36:33.686] [main/DEBUG] [mixin/]: MixinPlatformAgentDefault accepted container jar(mods/iris-neoforge-1.11.2+mc26.1.2.jar) > jar(mods/iris-neoforge-1.11.2+mc26.1.2.jar > glsl-transformer-3.0.0-pre3.jar)
[07Aug2026 18:36:33.686] [main/DEBUG] [mixin/]: Processing prepare() for PlatformAgent[MixinPlatformAgentDefault:jar(mods/iris-neoforge-1.11.2+mc26.1.2.jar) > jar(mods/iris-neoforge-1.11.2+mc26.1.2.jar > glsl-transformer-3.0.0-pre3.jar)]
[07Aug2026 18:36:33.686] [main/DEBUG] [mixin/]: Processing prepare() for PlatformAgent[MixinPlatformAgentDefault:jar(mods/iris-neoforge-1.11.2+mc26.1.2.jar) > jar(mods/iris-neoforge-1.11.2+mc26.1.2.jar > glsl-transformer-3.0.0-pre3.jar)]
[07Aug2026 18:36:33.686] [main/DEBUG] [mixin/]: Adding agents for Mixin Container composite(filtered(jar(/home/tillman/.mcreator/gradle/caches/modules-2/files-2.1/net.neoforged/neoforge/26.1.2.71/2fb61eae2ea7b55fe17d0dba69cab130beb0a054/neoforge-26.1.2.71-universal.jar))) > jar(/home/tillman/.mcreator/gradle/caches/modules-2/files-2.1/net.neoforged/neoforge/26.1.2.71/2fb61eae2ea7b55fe17d0dba69cab130beb0a054/neoforge-26.1.2.71-universal.jar > mixinextras-neoforge-0.5.4.jar)
[07Aug2026 18:36:33.687] [main/DEBUG] [mixin/]: Adding mixin platform agents for container composite(filtered(jar(/home/tillman/.mcreator/gradle/caches/modules-2/files-2.1/net.neoforged/neoforge/26.1.2.71/2fb61eae2ea7b55fe17d0dba69cab130beb0a054/neoforge-26.1.2.71-universal.jar))) > jar(/home/tillman/.mcreator/gradle/caches/modules-2/files-2.1/net.neoforged/neoforge/26.1.2.71/2fb61eae2ea7b55fe17d0dba69cab130beb0a054/neoforge-26.1.2.71-universal.jar > mixinextras-neoforge-0.5.4.jar)
[07Aug2026 18:36:33.687] [main/DEBUG] [mixin/]: Instancing new MixinPlatformAgentDefault for composite(filtered(jar(/home/tillman/.mcreator/gradle/caches/modules-2/files-2.1/net.neoforged/neoforge/26.1.2.71/2fb61eae2ea7b55fe17d0dba69cab130beb0a054/neoforge-26.1.2.71-universal.jar))) > jar(/home/tillman/.mcreator/gradle/caches/modules-2/files-2.1/net.neoforged/neoforge/26.1.2.71/2fb61eae2ea7b55fe17d0dba69cab130beb0a054/neoforge-26.1.2.71-universal.jar > mixinextras-neoforge-0.5.4.jar)
[07Aug2026 18:36:33.687] [main/DEBUG] [mixin/]: MixinPlatformAgentDefault accepted container composite(filtered(jar(/home/tillman/.mcreator/gradle/caches/modules-2/files-2.1/net.neoforged/neoforge/26.1.2.71/2fb61eae2ea7b55fe17d0dba69cab130beb0a054/neoforge-26.1.2.71-universal.jar))) > jar(/home/tillman/.mcreator/gradle/caches/modules-2/files-2.1/net.neoforged/neoforge/26.1.2.71/2fb61eae2ea7b55fe17d0dba69cab130beb0a054/neoforge-26.1.2.71-universal.jar > mixinextras-neoforge-0.5.4.jar)
[07Aug2026 18:36:33.687] [main/DEBUG] [mixin/]: Instancing new MixinPlatformAgentDefault for composite(filtered(jar(/home/tillman/.mcreator/gradle/caches/modules-2/files-2.1/net.neoforged/neoforge/26.1.2.71/2fb61eae2ea7b55fe17d0dba69cab130beb0a054/neoforge-26.1.2.71-universal.jar))) > jar(/home/tillman/.mcreator/gradle/caches/modules-2/files-2.1/net.neoforged/neoforge/26.1.2.71/2fb61eae2ea7b55fe17d0dba69cab130beb0a054/neoforge-26.1.2.71-universal.jar > mixinextras-neoforge-0.5.4.jar)
[07Aug2026 18:36:33.688] [main/DEBUG] [mixin/]: MixinPlatformAgentDefault accepted container composite(filtered(jar(/home/tillman/.mcreator/gradle/caches/modules-2/files-2.1/net.neoforged/neoforge/26.1.2.71/2fb61eae2ea7b55fe17d0dba69cab130beb0a054/neoforge-26.1.2.71-universal.jar))) > jar(/home/tillman/.mcreator/gradle/caches/modules-2/files-2.1/net.neoforged/neoforge/26.1.2.71/2fb61eae2ea7b55fe17d0dba69cab130beb0a054/neoforge-26.1.2.71-universal.jar > mixinextras-neoforge-0.5.4.jar)
[07Aug2026 18:36:33.688] [main/DEBUG] [mixin/]: Processing prepare() for PlatformAgent[MixinPlatformAgentDefault:composite(filtered(jar(/home/tillman/.mcreator/gradle/caches/modules-2/files-2.1/net.neoforged/neoforge/26.1.2.71/2fb61eae2ea7b55fe17d0dba69cab130beb0a054/neoforge-26.1.2.71-universal.jar))) > jar(/home/tillman/.mcreator/gradle/caches/modules-2/files-2.1/net.neoforged/neoforge/26.1.2.71/2fb61eae2ea7b55fe17d0dba69cab130beb0a054/neoforge-26.1.2.71-universal.jar > mixinextras-neoforge-0.5.4.jar)]
[07Aug2026 18:36:33.688] [main/DEBUG] [mixin/]: Registering mixin config: mixinextras.init.mixins.json source=composite(filtered(jar(/home/tillman/.mcreator/gradle/caches/modules-2/files-2.1/net.neoforged/neoforge/26.1.2.71/2fb61eae2ea7b55fe17d0dba69cab130beb0a054/neoforge-26.1.2.71-universal.jar))) > jar(/home/tillman/.mcreator/gradle/caches/modules-2/files-2.1/net.neoforged/neoforge/26.1.2.71/2fb61eae2ea7b55fe17d0dba69cab130beb0a054/neoforge-26.1.2.71-universal.jar > mixinextras-neoforge-0.5.4.jar)
[07Aug2026 18:36:33.690] [main/DEBUG] [mixin/]: Processing prepare() for PlatformAgent[MixinPlatformAgentDefault:composite(filtered(jar(/home/tillman/.mcreator/gradle/caches/modules-2/files-2.1/net.neoforged/neoforge/26.1.2.71/2fb61eae2ea7b55fe17d0dba69cab130beb0a054/neoforge-26.1.2.71-universal.jar))) > jar(/home/tillman/.mcreator/gradle/caches/modules-2/files-2.1/net.neoforged/neoforge/26.1.2.71/2fb61eae2ea7b55fe17d0dba69cab130beb0a054/neoforge-26.1.2.71-universal.jar > mixinextras-neoforge-0.5.4.jar)]
[07Aug2026 18:36:33.690] [main/DEBUG] [mixin/]: Registering mixin config: mixinextras.init.mixins.json source=composite(filtered(jar(/home/tillman/.mcreator/gradle/caches/modules-2/files-2.1/net.neoforged/neoforge/26.1.2.71/2fb61eae2ea7b55fe17d0dba69cab130beb0a054/neoforge-26.1.2.71-universal.jar))) > jar(/home/tillman/.mcreator/gradle/caches/modules-2/files-2.1/net.neoforged/neoforge/26.1.2.71/2fb61eae2ea7b55fe17d0dba69cab130beb0a054/neoforge-26.1.2.71-universal.jar > mixinextras-neoforge-0.5.4.jar)
[07Aug2026 18:36:33.690] [main/DEBUG] [mixin/]: inject() running with 6 agents
[07Aug2026 18:36:33.690] [main/DEBUG] [mixin/]: Processing inject() for PlatformAgent[MixinPlatformAgentDefault:ContainerHandleVirtual(fml:18c85)]
[07Aug2026 18:36:33.690] [main/DEBUG] [mixin/]: Processing inject() for PlatformAgent[MixinPlatformAgentDefault:ContainerHandleVirtual(fml:18c85)]
[07Aug2026 18:36:33.690] [main/DEBUG] [mixin/]: Processing inject() for PlatformAgent[MixinPlatformAgentDefault:jar(mods/iris-neoforge-1.11.2+mc26.1.2.jar) > jar(mods/iris-neoforge-1.11.2+mc26.1.2.jar > jcpp-1.4.14.jar)]
[07Aug2026 18:36:33.690] [main/DEBUG] [mixin/]: Processing inject() for PlatformAgent[MixinPlatformAgentDefault:jar(mods/iris-neoforge-1.11.2+mc26.1.2.jar) > jar(mods/iris-neoforge-1.11.2+mc26.1.2.jar > jcpp-1.4.14.jar)]
[07Aug2026 18:36:33.690] [main/DEBUG] [mixin/]: Processing inject() for PlatformAgent[MixinPlatformAgentDefault:jar(mods/iris-neoforge-1.11.2+mc26.1.2.jar) > jar(mods/iris-neoforge-1.11.2+mc26.1.2.jar > antlr4-runtime-4.13.1.jar)]
[07Aug2026 18:36:33.690] [main/DEBUG] [mixin/]: Processing inject() for PlatformAgent[MixinPlatformAgentDefault:jar(mods/iris-neoforge-1.11.2+mc26.1.2.jar) > jar(mods/iris-neoforge-1.11.2+mc26.1.2.jar > antlr4-runtime-4.13.1.jar)]
[07Aug2026 18:36:33.690] [main/DEBUG] [mixin/]: Processing inject() for PlatformAgent[MixinPlatformAgentDefault:composite(filtered(jar(/home/tillman/.mcreator/gradle/caches/modules-2/files-2.1/net.neoforged/neoforge/26.1.2.71/2fb61eae2ea7b55fe17d0dba69cab130beb0a054/neoforge-26.1.2.71-universal.jar))) > jar(/home/tillman/.mcreator/gradle/caches/modules-2/files-2.1/net.neoforged/neoforge/26.1.2.71/2fb61eae2ea7b55fe17d0dba69cab130beb0a054/neoforge-26.1.2.71-universal.jar > net.neoforged.neoforge-coremods-26.1.2.71.jar)]
[07Aug2026 18:36:33.690] [main/DEBUG] [mixin/]: Processing inject() for PlatformAgent[MixinPlatformAgentDefault:composite(filtered(jar(/home/tillman/.mcreator/gradle/caches/modules-2/files-2.1/net.neoforged/neoforge/26.1.2.71/2fb61eae2ea7b55fe17d0dba69cab130beb0a054/neoforge-26.1.2.71-universal.jar))) > jar(/home/tillman/.mcreator/gradle/caches/modules-2/files-2.1/net.neoforged/neoforge/26.1.2.71/2fb61eae2ea7b55fe17d0dba69cab130beb0a054/neoforge-26.1.2.71-universal.jar > net.neoforged.neoforge-coremods-26.1.2.71.jar)]
[07Aug2026 18:36:33.690] [main/DEBUG] [mixin/]: Processing inject() for PlatformAgent[MixinPlatformAgentDefault:jar(mods/iris-neoforge-1.11.2+mc26.1.2.jar) > jar(mods/iris-neoforge-1.11.2+mc26.1.2.jar > glsl-transformer-3.0.0-pre3.jar)]
[07Aug2026 18:36:33.690] [main/DEBUG] [mixin/]: Processing inject() for PlatformAgent[MixinPlatformAgentDefault:jar(mods/iris-neoforge-1.11.2+mc26.1.2.jar) > jar(mods/iris-neoforge-1.11.2+mc26.1.2.jar > glsl-transformer-3.0.0-pre3.jar)]
[07Aug2026 18:36:33.690] [main/DEBUG] [mixin/]: Processing inject() for PlatformAgent[MixinPlatformAgentDefault:composite(filtered(jar(/home/tillman/.mcreator/gradle/caches/modules-2/files-2.1/net.neoforged/neoforge/26.1.2.71/2fb61eae2ea7b55fe17d0dba69cab130beb0a054/neoforge-26.1.2.71-universal.jar))) > jar(/home/tillman/.mcreator/gradle/caches/modules-2/files-2.1/net.neoforged/neoforge/26.1.2.71/2fb61eae2ea7b55fe17d0dba69cab130beb0a054/neoforge-26.1.2.71-universal.jar > mixinextras-neoforge-0.5.4.jar)]
[07Aug2026 18:36:33.690] [main/DEBUG] [mixin/]: Processing inject() for PlatformAgent[MixinPlatformAgentDefault:composite(filtered(jar(/home/tillman/.mcreator/gradle/caches/modules-2/files-2.1/net.neoforged/neoforge/26.1.2.71/2fb61eae2ea7b55fe17d0dba69cab130beb0a054/neoforge-26.1.2.71-universal.jar))) > jar(/home/tillman/.mcreator/gradle/caches/modules-2/files-2.1/net.neoforged/neoforge/26.1.2.71/2fb61eae2ea7b55fe17d0dba69cab130beb0a054/neoforge-26.1.2.71-universal.jar > mixinextras-neoforge-0.5.4.jar)]
[07Aug2026 18:36:33.693] [main/DEBUG] [mixin/]: Preparing mixins for MixinEnvironment[DEFAULT]
[07Aug2026 18:36:33.693] [main/DEBUG] [mixin/]: Selecting config mixins.iris.json
[07Aug2026 18:36:33.696] [main/WARN] [mixin/]: Reference map 'iris.refmap.json' for mixins.iris.json could not be read. If this is a development environment you can ignore this message
[07Aug2026 18:36:33.696] [main/DEBUG] [mixin/]: Selecting config mixins.iris.vertexformat.json
[07Aug2026 18:36:33.696] [main/WARN] [mixin/]: Reference map 'iris.refmap.json' for mixins.iris.vertexformat.json could not be read. If this is a development environment you can ignore this message
[07Aug2026 18:36:33.696] [main/DEBUG] [mixin/]: Selecting config mixins.iris.compat.sodium.json
[07Aug2026 18:36:33.697] [main/WARN] [mixin/]: Reference map 'iris.refmap.json' for mixins.iris.compat.sodium.json could not be read. If this is a development environment you can ignore this message
[07Aug2026 18:36:33.697] [main/DEBUG] [mixin/]: Selecting config mixins.iris.compat.dh.json
[07Aug2026 18:36:33.697] [main/DEBUG] [mixin/]: Selecting config mixins.iris.forge.json
[07Aug2026 18:36:33.698] [main/DEBUG] [mixin/]: Selecting config mousetweaks.mixins.json
[07Aug2026 18:36:33.698] [main/DEBUG] [mixin/]: Selecting config jade.mixins.json
[07Aug2026 18:36:33.698] [main/DEBUG] [mixin/]: Selecting config justzoom.mixins.json
[07Aug2026 18:36:33.699] [main/DEBUG] [mixin/]: Selecting config justzoom.neoforge.mixins.json
[07Aug2026 18:36:33.699] [main/DEBUG] [mixin/]: Selecting config sodium-common.mixins.json
[07Aug2026 18:36:33.704] [main/DEBUG] [Sodium (Service)/]: Loaded net.caffeinemc.mods.sodium.neoforge.ForgeMixinOverrides@4a1e3ac1 for service interface net.caffeinemc.mods.sodium.client.services.PlatformMixinOverrides
[07Aug2026 18:36:33.706] [main/DEBUG] [Sodium (Service)/]: Loaded net.caffeinemc.mods.sodium.neoforge.NeoForgeRuntimeInformation@712ca57b for service interface net.caffeinemc.mods.sodium.client.services.PlatformRuntimeInformation
[07Aug2026 18:36:33.706] [main/INFO] [Sodium/]: Loaded configuration file for Sodium: 36 options available, 1 override(s) found
[07Aug2026 18:36:33.707] [main/DEBUG] [mixin/]: Selecting config sodium-neoforge.mixins.json
[07Aug2026 18:36:33.707] [main/DEBUG] [mixin/]: Selecting config xaerolib.mixins.json
[07Aug2026 18:36:33.708] [main/WARN] [mixin/]: Reference map 'xaerolib.refmap.json' for xaerolib.mixins.json could not be read. If this is a development environment you can ignore this message
[07Aug2026 18:36:33.708] [main/DEBUG] [mixin/]: Selecting config xaerolib.neoforge.mixins.json
[07Aug2026 18:36:33.709] [main/DEBUG] [mixin/]: Selecting config xaerohud.mixins.json
[07Aug2026 18:36:33.709] [main/DEBUG] [mixin/]: Selecting config xaerohud.neoforge.mixins.json
[07Aug2026 18:36:33.709] [main/DEBUG] [mixin/]: Selecting config xaerominimap.mixins.json
[07Aug2026 18:36:33.709] [main/DEBUG] [mixin/]: Selecting config xaerominimap.neoforge.mixins.json
[07Aug2026 18:36:33.709] [main/DEBUG] [mixin/]: Selecting config ok_zoomer.mixins.json
[07Aug2026 18:36:33.709] [main/DEBUG] [mixin/]: Selecting config konkrete.mixins.json
[07Aug2026 18:36:33.711] [main/DEBUG] [mixin/]: Selecting config konkrete.neoforge.mixins.json
[07Aug2026 18:36:33.711] [main/DEBUG] [mixin/]: Selecting config xaeroworldmap.mixins.json
[07Aug2026 18:36:33.711] [main/WARN] [mixin/]: Reference map 'xaeroworldmap.refmap.json' for xaeroworldmap.mixins.json could not be read. If this is a development environment you can ignore this message
[07Aug2026 18:36:33.711] [main/DEBUG] [mixin/]: Selecting config xaeroworldmap.neoforge.mixins.json
[07Aug2026 18:36:33.712] [main/DEBUG] [mixin/]: Selecting config neoforge.mixins.json
[07Aug2026 18:36:33.712] [main/DEBUG] [mixin/]: Selecting config mixinextras.init.mixins.json
[07Aug2026 18:36:33.735] [main/DEBUG] [MixinExtras|Service/]: com.llamalad7.mixinextras.service.MixinExtrasServiceImpl(version=0.5.4) is taking over from null
[07Aug2026 18:36:33.754] [main/DEBUG] [mixin/]: Registering new injector for @Inject with org.spongepowered.asm.mixin.injection.struct.CallbackInjectionInfo
[07Aug2026 18:36:33.755] [main/DEBUG] [mixin/]: Registering new injector for @ModifyArg with org.spongepowered.asm.mixin.injection.struct.ModifyArgInjectionInfo
[07Aug2026 18:36:33.755] [main/DEBUG] [mixin/]: Registering new injector for @ModifyArgs with org.spongepowered.asm.mixin.injection.struct.ModifyArgsInjectionInfo
[07Aug2026 18:36:33.756] [main/DEBUG] [mixin/]: Registering new injector for @Redirect with org.spongepowered.asm.mixin.injection.struct.RedirectInjectionInfo
[07Aug2026 18:36:33.757] [main/DEBUG] [mixin/]: Registering new injector for @ModifyVariable with org.spongepowered.asm.mixin.injection.struct.ModifyVariableInjectionInfo
[07Aug2026 18:36:33.757] [main/DEBUG] [mixin/]: Registering new injector for @ModifyConstant with org.spongepowered.asm.mixin.injection.struct.ModifyConstantInjectionInfo
[07Aug2026 18:36:33.764] [main/DEBUG] [mixin/]: Preparing mixins.iris.json (130)
[07Aug2026 18:36:34.066] [main/DEBUG] [mixin/]: Preparing mixins.iris.vertexformat.json (7)
[07Aug2026 18:36:34.072] [main/DEBUG] [mixin/]: Preparing mixins.iris.compat.sodium.json (21)
[07Aug2026 18:36:34.094] [main/DEBUG] [mixin/]: Preparing mixins.iris.compat.dh.json (4)
[07Aug2026 18:36:34.099] [main/DEBUG] [mixin/]: Preparing mixins.iris.forge.json (12)
[07Aug2026 18:36:34.104] [main/WARN] [mixin/]: Error loading class: com/portingdeadmods/cable_facades/events/GameClientEvents$2 (java.lang.ClassNotFoundException: com.portingdeadmods.cable_facades.events.GameClientEvents$2)
[07Aug2026 18:36:34.104] [main/DEBUG] [mixin/]: Skipping virtual target com/portingdeadmods/cable_facades/events/GameClientEvents$2 for mixins.iris.forge.json:MixinGameClientEvents from mod iris
[07Aug2026 18:36:34.105] [main/WARN] [mixin/]: Error loading class: com/direwolf20/justdirethings/client/renderers/OurRenderTypes (java.lang.ClassNotFoundException: com.direwolf20.justdirethings.client.renderers.OurRenderTypes)
[07Aug2026 18:36:34.105] [main/DEBUG] [mixin/]: Skipping virtual target com/direwolf20/justdirethings/client/renderers/OurRenderTypes for mixins.iris.forge.json:MixinGooBlock from mod iris
[07Aug2026 18:36:34.105] [main/WARN] [mixin/]: Error loading class: mekanism/client/render/entity/RenderFlame (java.lang.ClassNotFoundException: mekanism.client.render.entity.RenderFlame)
[07Aug2026 18:36:34.105] [main/DEBUG] [mixin/]: Skipping virtual target mekanism/client/render/entity/RenderFlame for mixins.iris.forge.json:MixinRenderFlame from mod iris
[07Aug2026 18:36:34.106] [main/WARN] [mixin/]: Error loading class: mekanism/client/render/armor/MekaSuitArmor (java.lang.ClassNotFoundException: mekanism.client.render.armor.MekaSuitArmor)
[07Aug2026 18:36:34.106] [main/DEBUG] [mixin/]: Skipping virtual target mekanism/client/render/armor/MekaSuitArmor for mixins.iris.forge.json:MixinRenderMekasuit from mod iris
[07Aug2026 18:36:34.106] [main/WARN] [mixin/]: Error loading class: mekanism/client/render/lib/effect/BillboardingEffectRenderer (java.lang.ClassNotFoundException: mekanism.client.render.lib.effect.BillboardingEffectRenderer)
[07Aug2026 18:36:34.106] [main/DEBUG] [mixin/]: Skipping virtual target mekanism.client.render.lib.effect.BillboardingEffectRenderer for mixins.iris.forge.json:MixinRenderSPS from mod iris
[07Aug2026 18:36:34.108] [main/WARN] [mixin/]: Error loading class: blusunrize/immersiveengineering/client/utils/IEGLShaders (java.lang.ClassNotFoundException: blusunrize.immersiveengineering.client.utils.IEGLShaders)
[07Aug2026 18:36:34.108] [main/DEBUG] [mixin/]: Skipping virtual target blusunrize/immersiveengineering/client/utils/IEGLShaders for mixins.iris.forge.json:MixinVBOIE from mod iris
[07Aug2026 18:36:34.109] [main/DEBUG] [mixin/]: Preparing mousetweaks.mixins.json (1)
[07Aug2026 18:36:34.113] [main/DEBUG] [mixin/]: Preparing jade.mixins.json (14)
[07Aug2026 18:36:34.180] [main/DEBUG] [mixin/]: Preparing justzoom.mixins.json (7)
[07Aug2026 18:36:34.187] [main/DEBUG] [mixin/]: Preparing justzoom.neoforge.mixins.json (1)
[07Aug2026 18:36:34.187] [main/DEBUG] [mixin/]: Preparing sodium-common.mixins.json (77)
[07Aug2026 18:36:34.210] [main/WARN] [Sodium/]: Force-disabling mixin 'features.render.world.sky.LevelRendererMixin' as rule 'mixin.features.render.world.sky' (added by mods [iris]) disables it and children
[07Aug2026 18:36:34.262] [main/DEBUG] [mixin/]: Preparing sodium-neoforge.mixins.json (10)
[07Aug2026 18:36:34.269] [main/DEBUG] [mixin/]: Preparing xaerolib.mixins.json (10)
[07Aug2026 18:36:34.274] [main/DEBUG] [mixin/]: Preparing xaerolib.neoforge.mixins.json (0)
[07Aug2026 18:36:34.274] [main/DEBUG] [mixin/]: Preparing xaerohud.mixins.json (20)
[07Aug2026 18:36:34.293] [main/DEBUG] [mixin/]: Preparing xaerohud.neoforge.mixins.json (3)
[07Aug2026 18:36:34.294] [main/DEBUG] [mixin/]: Preparing xaerominimap.mixins.json (0)
[07Aug2026 18:36:34.294] [main/DEBUG] [mixin/]: Preparing xaerominimap.neoforge.mixins.json (0)
[07Aug2026 18:36:34.294] [main/DEBUG] [mixin/]: Preparing ok_zoomer.mixins.json (9)
[07Aug2026 18:36:34.298] [main/DEBUG] [mixin/]: Preparing konkrete.mixins.json (6)
[07Aug2026 18:36:34.303] [main/DEBUG] [mixin/]: Preparing konkrete.neoforge.mixins.json (0)
[07Aug2026 18:36:34.304] [main/DEBUG] [mixin/]: Preparing xaeroworldmap.mixins.json (13)
[07Aug2026 18:36:34.312] [main/DEBUG] [mixin/]: Preparing xaeroworldmap.neoforge.mixins.json (2)
[07Aug2026 18:36:34.314] [main/DEBUG] [mixin/]: Preparing neoforge.mixins.json (2)
[07Aug2026 18:36:34.315] [main/DEBUG] [mixin/]: Preparing mixinextras.init.mixins.json (0)
[07Aug2026 18:36:34.326] [main/DEBUG] [mixin/]: Inner class net/irisshaders/iris/mixin/MixinChunkBorderRenderer$1 in net/irisshaders/iris/mixin/MixinChunkBorderRenderer on net/minecraft/client/renderer/debug/ChunkBorderRenderer gets unique name net/minecraft/client/renderer/debug/ChunkBorderRenderer$Anonymous$1545619595203986828ae7978aa71e08
[07Aug2026 18:36:34.342] [main/DEBUG] [mixin/]: Inner class net/irisshaders/iris/mixin/sky/MixinOptions_CloudsOverride$1 in net/irisshaders/iris/mixin/sky/MixinOptions_CloudsOverride on net/minecraft/client/Options gets unique name net/minecraft/client/Options$Anonymous$96a1caa2358a30f3a6a35ff1c6c7dbc8
[07Aug2026 18:36:34.346] [main/DEBUG] [mixin/]: Inner class net/irisshaders/iris/compat/sodium/mixin/MixinBlockRenderer$1 in net/irisshaders/iris/compat/sodium/mixin/MixinBlockRenderer on net/caffeinemc/mods/sodium/client/render/chunk/compile/pipeline/BlockRenderer gets unique name net/caffeinemc/mods/sodium/client/render/chunk/compile/pipeline/BlockRenderer$Anonymous$6858c527c2da3f5d94b99198fe4cee29
[07Aug2026 18:36:34.361] [main/DEBUG] [mixin/]: Inner class page/langeweile/ok_zoomer/mixin/common/AbstractClientPlayerMixin$1 in page/langeweile/ok_zoomer/mixin/common/AbstractClientPlayerMixin on net/minecraft/client/player/AbstractClientPlayer gets unique name net/minecraft/client/player/AbstractClientPlayer$Anonymous$3b90a36f7ec33471a06fcb3cbc7efa41
[07Aug2026 18:36:34.362] [main/DEBUG] [mixin/]: Inner class page/langeweile/ok_zoomer/mixin/common/GuiMixin$1 in page/langeweile/ok_zoomer/mixin/common/GuiMixin on net/minecraft/client/gui/Gui gets unique name net/minecraft/client/gui/Gui$Anonymous$1986e347fc2e376b84fe04e41a96a585
[07Aug2026 18:36:34.363] [main/DEBUG] [mixin/]: Inner class page/langeweile/ok_zoomer/mixin/common/MouseHandlerMixin$1 in page/langeweile/ok_zoomer/mixin/common/MouseHandlerMixin on net/minecraft/client/MouseHandler gets unique name net/minecraft/client/MouseHandler$Anonymous$b5937a94232f3b9aa7502386666a945b
[07Aug2026 18:36:34.365] [main/DEBUG] [mixin/]: Prepared 336 mixins in 0.672 sec (2.0ms avg) (0ms load, 0ms transform, 0ms plugin)
[07Aug2026 18:36:34.373] [main/INFO] [MixinExtras|Service/]: Initializing MixinExtras via com.llamalad7.mixinextras.service.MixinExtrasServiceImpl(version=0.5.4).
[07Aug2026 18:36:34.374] [main/DEBUG] [mixin/]: Registering new injector for @SugarWrapper with com.llamalad7.mixinextras.sugar.impl.SugarWrapperInjectionInfo
[07Aug2026 18:36:34.375] [main/DEBUG] [mixin/]: Registering new injector for @FactoryRedirectWrapper with com.llamalad7.mixinextras.wrapper.factory.FactoryRedirectWrapperInjectionInfo
[07Aug2026 18:36:34.375] [main/DEBUG] [mixin/]: Registering new injector for @ExpressionInjectorWrapper with com.llamalad7.mixinextras.expression.impl.wrapper.ExpressionInjectorWrapperInjectionInfo
[07Aug2026 18:36:34.383] [main/DEBUG] [mixin/]: Mixing platform.neoforge.ClientHooksMixin from sodium-neoforge.mixins.json into net.neoforged.neoforge.client.ClientHooks
[07Aug2026 18:36:34.384] [main/DEBUG] [mixin/]: sodium-neoforge.mixins.json:platform.neoforge.ClientHooksMixin from mod sodium: Class version 69 required is higher than the class version supported by the current version of Mixin (JAVA_17 supports class version 61)
[07Aug2026 18:36:34.441] [main/DEBUG] [mixin/]: Mixing texture.MixinIdentifier from mixins.iris.json into net.minecraft.resources.Identifier
[07Aug2026 18:36:34.441] [main/DEBUG] [mixin/]: mixins.iris.json:texture.MixinIdentifier from mod iris: Class version 69 required is higher than the class version supported by the current version of Mixin (JAVA_8 supports class version 52)
[07Aug2026 18:36:34.460] [main/DEBUG] [mixin/]: mixins.iris.json:texture.MixinIdentifier from mod iris->@Inject::iris$blockDUMMY(Ljava/lang/String;Lorg/spongepowered/asm/mixin/injection/callback/CallbackInfoReturnable;)V does use it's CallbackInfoReturnable
[07Aug2026 18:36:34.460] [main/DEBUG] [mixin/]: mixins.iris.json:texture.MixinIdentifier from mod iris->@Inject::iris$allowInvalidPaths(CLorg/spongepowered/asm/mixin/injection/callback/CallbackInfoReturnable;)V does use it's CallbackInfoReturnable
[07Aug2026 18:36:34.554] [main/DEBUG] [io.netty.util.internal.logging.InternalLoggerFactory/]: Using SLF4J as the default logging framework
[07Aug2026 18:36:34.555] [main/DEBUG] [io.netty.util.ResourceLeakDetector/]: -Dio.netty.leakDetection.level: simple
[07Aug2026 18:36:34.555] [main/DEBUG] [io.netty.util.ResourceLeakDetector/]: -Dio.netty.leakDetection.targetRecords: 4
[07Aug2026 18:36:35.053] [main/DEBUG] [mixin/]: Mixing MixinSystemReport from mixins.iris.json into net.minecraft.SystemReport
[07Aug2026 18:36:35.054] [main/DEBUG] [mixin/]: mixins.iris.json:MixinSystemReport from mod iris: Class version 69 required is higher than the class version supported by the current version of Mixin (JAVA_8 supports class version 52)
[07Aug2026 18:36:35.054] [main/DEBUG] [mixin/]: Renaming synthetic method lambda$fillSystemDetails$0()Ljava/lang/String; to md02832a$iris$lambda$fillSystemDetails$0$0 in mixins.iris.json:MixinSystemReport from mod iris
[07Aug2026 18:36:35.055] [main/DEBUG] [mixin/]: Renaming synthetic method lambda$fillSystemDetails$1(Ljava/lang/StringBuilder;Lnet/irisshaders/iris/shaderpack/ShaderPack;)V to md02832a$iris$lambda$fillSystemDetails$1$1 in mixins.iris.json:MixinSystemReport from mod iris
[07Aug2026 18:36:35.057] [main/DEBUG] [mixin/]: mixins.iris.json:MixinSystemReport from mod iris->@Inject::fillSystemDetails(Lorg/spongepowered/asm/mixin/injection/callback/CallbackInfo;)V doesn't use it's CallbackInfo
[07Aug2026 18:36:35.057] [main/DEBUG] [mixin/]: mixins.iris.json:MixinSystemReport from mod iris->@Inject::fillSystemDetails(Lorg/spongepowered/asm/mixin/injection/callback/CallbackInfo;)V has 0 override(s) in child classes
[07Aug2026 18:36:35.057] [main/DEBUG] [mixin/]: mixins.iris.json:MixinSystemReport from mod iris->@Inject::fillSystemDetails(Lorg/spongepowered/asm/mixin/injection/callback/CallbackInfo;)V won't be passed a CallbackInfo as a result
[07Aug2026 18:36:35.122] [main/DEBUG] [oshi.util.FileUtil/]: Reading file /proc/self/auxv
[07Aug2026 18:36:35.122] [main/DEBUG] [oshi.util.FileUtil/]: Reading file /proc/self/auxv
[07Aug2026 18:36:35.129] [main/DEBUG] [oshi.util.FileUtil/]: Reading file /proc/stat
[07Aug2026 18:36:35.147] [main/DEBUG] [oshi.util.FileUtil/]: Reading file /sys/devices/system/cpu/cpu0/topology/core_id
[07Aug2026 18:36:35.148] [main/DEBUG] [oshi.util.FileUtil/]: Reading file /sys/devices/system/cpu/cpu0/topology/core_id
[07Aug2026 18:36:35.148] [main/DEBUG] [oshi.util.FileUtil/]: Reading file /sys/devices/system/cpu/cpu0/topology/physical_package_id
[07Aug2026 18:36:35.148] [main/DEBUG] [oshi.util.FileUtil/]: Reading file /sys/devices/system/cpu/cpu0/topology/physical_package_id
[07Aug2026 18:36:35.148] [main/DEBUG] [oshi.util.FileUtil/]: Reading file /sys/devices/system/cpu/cpu0/cpu_capacity
[07Aug2026 18:36:35.148] [main/DEBUG] [oshi.util.FileUtil/]: Reading file /sys/devices/system/cpu/cpu0/cpu_capacity
[07Aug2026 18:36:35.149] [main/DEBUG] [oshi.util.FileUtil/]: Reading file /sys/devices/system/cpu/cpu0/cache/index2/level
[07Aug2026 18:36:35.150] [main/DEBUG] [oshi.util.FileUtil/]: Reading file /sys/devices/system/cpu/cpu0/cache/index2/level
[07Aug2026 18:36:35.150] [main/DEBUG] [oshi.util.FileUtil/]: Reading file /sys/devices/system/cpu/cpu0/cache/index2/type
[07Aug2026 18:36:35.150] [main/DEBUG] [oshi.util.FileUtil/]: Reading file /sys/devices/system/cpu/cpu0/cache/index2/type
[07Aug2026 18:36:35.150] [main/DEBUG] [oshi.util.FileUtil/]: Reading file /sys/devices/system/cpu/cpu0/cache/index2/ways_of_associativity
[07Aug2026 18:36:35.150] [main/DEBUG] [oshi.util.FileUtil/]: Reading file /sys/devices/system/cpu/cpu0/cache/index2/ways_of_associativity
[07Aug2026 18:36:35.150] [main/DEBUG] [oshi.util.FileUtil/]: Reading file /sys/devices/system/cpu/cpu0/cache/index2/coherency_line_size
[07Aug2026 18:36:35.150] [main/DEBUG] [oshi.util.FileUtil/]: Reading file /sys/devices/system/cpu/cpu0/cache/index2/coherency_line_size
[07Aug2026 18:36:35.150] [main/DEBUG] [oshi.util.FileUtil/]: Reading file /sys/devices/system/cpu/cpu0/cache/index2/size
[07Aug2026 18:36:35.151] [main/DEBUG] [oshi.util.FileUtil/]: Reading file /sys/devices/system/cpu/cpu0/cache/index2/size
[07Aug2026 18:36:35.151] [main/DEBUG] [oshi.util.FileUtil/]: Reading file /sys/devices/system/cpu/cpu0/cache/index0/level
[07Aug2026 18:36:35.151] [main/DEBUG] [oshi.util.FileUtil/]: Reading file /sys/devices/system/cpu/cpu0/cache/index0/level
[07Aug2026 18:36:35.151] [main/DEBUG] [oshi.util.FileUtil/]: Reading file /sys/devices/system/cpu/cpu0/cache/index0/type
[07Aug2026 18:36:35.151] [main/DEBUG] [oshi.util.FileUtil/]: Reading file /sys/devices/system/cpu/cpu0/cache/index0/type
[07Aug2026 18:36:35.151] [main/DEBUG] [oshi.util.FileUtil/]: Reading file /sys/devices/system/cpu/cpu0/cache/index0/ways_of_associativity
[07Aug2026 18:36:35.151] [main/DEBUG] [oshi.util.FileUtil/]: Reading file /sys/devices/system/cpu/cpu0/cache/index0/ways_of_associativity
[07Aug2026 18:36:35.151] [main/DEBUG] [oshi.util.FileUtil/]: Reading file /sys/devices/system/cpu/cpu0/cache/index0/coherency_line_size
[07Aug2026 18:36:35.151] [main/DEBUG] [oshi.util.FileUtil/]: Reading file /sys/devices/system/cpu/cpu0/cache/index0/coherency_line_size
[07Aug2026 18:36:35.151] [main/DEBUG] [oshi.util.FileUtil/]: Reading file /sys/devices/system/cpu/cpu0/cache/index0/size
[07Aug2026 18:36:35.151] [main/DEBUG] [oshi.util.FileUtil/]: Reading file /sys/devices/system/cpu/cpu0/cache/index0/size
[07Aug2026 18:36:35.152] [main/DEBUG] [oshi.util.FileUtil/]: Reading file /sys/devices/system/cpu/cpu0/cache/index3/level
[07Aug2026 18:36:35.152] [main/DEBUG] [oshi.util.FileUtil/]: Reading file /sys/devices/system/cpu/cpu0/cache/index3/level
[07Aug2026 18:36:35.152] [main/DEBUG] [oshi.util.FileUtil/]: Reading file /sys/devices/system/cpu/cpu0/cache/index3/type
[07Aug2026 18:36:35.152] [main/DEBUG] [oshi.util.FileUtil/]: Reading file /sys/devices/system/cpu/cpu0/cache/index3/type
[07Aug2026 18:36:35.152] [main/DEBUG] [oshi.util.FileUtil/]: Reading file /sys/devices/system/cpu/cpu0/cache/index3/ways_of_associativity
[07Aug2026 18:36:35.152] [main/DEBUG] [oshi.util.FileUtil/]: Reading file /sys/devices/system/cpu/cpu0/cache/index3/ways_of_associativity
[07Aug2026 18:36:35.152] [main/DEBUG] [oshi.util.FileUtil/]: Reading file /sys/devices/system/cpu/cpu0/cache/index3/coherency_line_size
[07Aug2026 18:36:35.152] [main/DEBUG] [oshi.util.FileUtil/]: Reading file /sys/devices/system/cpu/cpu0/cache/index3/coherency_line_size
[07Aug2026 18:36:35.152] [main/DEBUG] [oshi.util.FileUtil/]: Reading file /sys/devices/system/cpu/cpu0/cache/index3/size
[07Aug2026 18:36:35.152] [main/DEBUG] [oshi.util.FileUtil/]: Reading file /sys/devices/system/cpu/cpu0/cache/index3/size
[07Aug2026 18:36:35.152] [main/DEBUG] [oshi.util.FileUtil/]: Reading file /sys/devices/system/cpu/cpu0/cache/index1/level
[07Aug2026 18:36:35.152] [main/DEBUG] [oshi.util.FileUtil/]: Reading file /sys/devices/system/cpu/cpu0/cache/index1/level
[07Aug2026 18:36:35.152] [main/DEBUG] [oshi.util.FileUtil/]: Reading file /sys/devices/system/cpu/cpu0/cache/index1/type
[07Aug2026 18:36:35.152] [main/DEBUG] [oshi.util.FileUtil/]: Reading file /sys/devices/system/cpu/cpu0/cache/index1/type
[07Aug2026 18:36:35.152] [main/DEBUG] [oshi.util.FileUtil/]: Reading file /sys/devices/system/cpu/cpu0/cache/index1/ways_of_associativity
[07Aug2026 18:36:35.152] [main/DEBUG] [oshi.util.FileUtil/]: Reading file /sys/devices/system/cpu/cpu0/cache/index1/ways_of_associativity
[07Aug2026 18:36:35.152] [main/DEBUG] [oshi.util.FileUtil/]: Reading file /sys/devices/system/cpu/cpu0/cache/index1/coherency_line_size
[07Aug2026 18:36:35.153] [main/DEBUG] [oshi.util.FileUtil/]: Reading file /sys/devices/system/cpu/cpu0/cache/index1/coherency_line_size
[07Aug2026 18:36:35.153] [main/DEBUG] [oshi.util.FileUtil/]: Reading file /sys/devices/system/cpu/cpu0/cache/index1/size
[07Aug2026 18:36:35.154] [main/DEBUG] [oshi.util.FileUtil/]: Reading file /sys/devices/system/cpu/cpu0/cache/index1/size
[07Aug2026 18:36:35.155] [main/DEBUG] [oshi.util.FileUtil/]: Reading file /sys/devices/system/cpu/cpu1/topology/core_id
[07Aug2026 18:36:35.155] [main/DEBUG] [oshi.util.FileUtil/]: Reading file /sys/devices/system/cpu/cpu1/topology/core_id
[07Aug2026 18:36:35.155] [main/DEBUG] [oshi.util.FileUtil/]: Reading file /sys/devices/system/cpu/cpu1/topology/physical_package_id
[07Aug2026 18:36:35.156] [main/DEBUG] [oshi.util.FileUtil/]: Reading file /sys/devices/system/cpu/cpu1/topology/physical_package_id
[07Aug2026 18:36:35.156] [main/DEBUG] [oshi.util.FileUtil/]: Reading file /sys/devices/system/cpu/cpu1/cpu_capacity
[07Aug2026 18:36:35.156] [main/DEBUG] [oshi.util.FileUtil/]: Reading file /sys/devices/system/cpu/cpu1/cpu_capacity
[07Aug2026 18:36:35.156] [main/DEBUG] [oshi.util.FileUtil/]: Reading file /sys/devices/system/cpu/cpu1/cache/index2/level
[07Aug2026 18:36:35.156] [main/DEBUG] [oshi.util.FileUtil/]: Reading file /sys/devices/system/cpu/cpu1/cache/index2/level
[07Aug2026 18:36:35.157] [main/DEBUG] [oshi.util.FileUtil/]: Reading file /sys/devices/system/cpu/cpu1/cache/index2/type
[07Aug2026 18:36:35.157] [main/DEBUG] [oshi.util.FileUtil/]: Reading file /sys/devices/system/cpu/cpu1/cache/index2/type
[07Aug2026 18:36:35.157] [main/DEBUG] [oshi.util.FileUtil/]: Reading file /sys/devices/system/cpu/cpu1/cache/index2/ways_of_associativity
[07Aug2026 18:36:35.157] [main/DEBUG] [oshi.util.FileUtil/]: Reading file /sys/devices/system/cpu/cpu1/cache/index2/ways_of_associativity
[07Aug2026 18:36:35.157] [main/DEBUG] [oshi.util.FileUtil/]: Reading file /sys/devices/system/cpu/cpu1/cache/index2/coherency_line_size
[07Aug2026 18:36:35.157] [main/DEBUG] [oshi.util.FileUtil/]: Reading file /sys/devices/system/cpu/cpu1/cache/index2/coherency_line_size
[07Aug2026 18:36:35.157] [main/DEBUG] [oshi.util.FileUtil/]: Reading file /sys/devices/system/cpu/cpu1/cache/index2/size
[07Aug2026 18:36:35.157] [main/DEBUG] [oshi.util.FileUtil/]: Reading file /sys/devices/system/cpu/cpu1/cache/index2/size
[07Aug2026 18:36:35.157] [main/DEBUG] [oshi.util.FileUtil/]: Reading file /sys/devices/system/cpu/cpu1/cache/index0/level
[07Aug2026 18:36:35.157] [main/DEBUG] [oshi.util.FileUtil/]: Reading file /sys/devices/system/cpu/cpu1/cache/index0/level
[07Aug2026 18:36:35.157] [main/DEBUG] [oshi.util.FileUtil/]: Reading file /sys/devices/system/cpu/cpu1/cache/index0/type
[07Aug2026 18:36:35.157] [main/DEBUG] [oshi.util.FileUtil/]: Reading file /sys/devices/system/cpu/cpu1/cache/index0/type
[07Aug2026 18:36:35.157] [main/DEBUG] [oshi.util.FileUtil/]: Reading file /sys/devices/system/cpu/cpu1/cache/index0/ways_of_associativity
[07Aug2026 18:36:35.157] [main/DEBUG] [oshi.util.FileUtil/]: Reading file /sys/devices/system/cpu/cpu1/cache/index0/ways_of_associativity
[07Aug2026 18:36:35.157] [main/DEBUG] [oshi.util.FileUtil/]: Reading file /sys/devices/system/cpu/cpu1/cache/index0/coherency_line_size
[07Aug2026 18:36:35.157] [main/DEBUG] [oshi.util.FileUtil/]: Reading file /sys/devices/system/cpu/cpu1/cache/index0/coherency_line_size
[07Aug2026 18:36:35.157] [main/DEBUG] [oshi.util.FileUtil/]: Reading file /sys/devices/system/cpu/cpu1/cache/index0/size
[07Aug2026 18:36:35.157] [main/DEBUG] [oshi.util.FileUtil/]: Reading file /sys/devices/system/cpu/cpu1/cache/index0/size
[07Aug2026 18:36:35.158] [main/DEBUG] [oshi.util.FileUtil/]: Reading file /sys/devices/system/cpu/cpu1/cache/index3/level
[07Aug2026 18:36:35.158] [main/DEBUG] [oshi.util.FileUtil/]: Reading file /sys/devices/system/cpu/cpu1/cache/index3/level
[07Aug2026 18:36:35.158] [main/DEBUG] [oshi.util.FileUtil/]: Reading file /sys/devices/system/cpu/cpu1/cache/index3/type
[07Aug2026 18:36:35.158] [main/DEBUG] [oshi.util.FileUtil/]: Reading file /sys/devices/system/cpu/cpu1/cache/index3/type
[07Aug2026 18:36:35.158] [main/DEBUG] [oshi.util.FileUtil/]: Reading file /sys/devices/system/cpu/cpu1/cache/index3/ways_of_associativity
[07Aug2026 18:36:35.158] [main/DEBUG] [oshi.util.FileUtil/]: Reading file /sys/devices/system/cpu/cpu1/cache/index3/ways_of_associativity
[07Aug2026 18:36:35.158] [main/DEBUG] [oshi.util.FileUtil/]: Reading file /sys/devices/system/cpu/cpu1/cache/index3/coherency_line_size
[07Aug2026 18:36:35.158] [main/DEBUG] [oshi.util.FileUtil/]: Reading file /sys/devices/system/cpu/cpu1/cache/index3/coherency_line_size
[07Aug2026 18:36:35.158] [main/DEBUG] [oshi.util.FileUtil/]: Reading file /sys/devices/system/cpu/cpu1/cache/index3/size
[07Aug2026 18:36:35.158] [main/DEBUG] [oshi.util.FileUtil/]: Reading file /sys/devices/system/cpu/cpu1/cache/index3/size
[07Aug2026 18:36:35.158] [main/DEBUG] [oshi.util.FileUtil/]: Reading file /sys/devices/system/cpu/cpu1/cache/index1/level
[07Aug2026 18:36:35.158] [main/DEBUG] [oshi.util.FileUtil/]: Reading file /sys/devices/system/cpu/cpu1/cache/index1/level
[07Aug2026 18:36:35.158] [main/DEBUG] [oshi.util.FileUtil/]: Reading file /sys/devices/system/cpu/cpu1/cache/index1/type
[07Aug2026 18:36:35.158] [main/DEBUG] [oshi.util.FileUtil/]: Reading file /sys/devices/system/cpu/cpu1/cache/index1/type
[07Aug2026 18:36:35.158] [main/DEBUG] [oshi.util.FileUtil/]: Reading file /sys/devices/system/cpu/cpu1/cache/index1/ways_of_associativity
[07Aug2026 18:36:35.158] [main/DEBUG] [oshi.util.FileUtil/]: Reading file /sys/devices/system/cpu/cpu1/cache/index1/ways_of_associativity
[07Aug2026 18:36:35.158] [main/DEBUG] [oshi.util.FileUtil/]: Reading file /sys/devices/system/cpu/cpu1/cache/index1/coherency_line_size
[07Aug2026 18:36:35.158] [main/DEBUG] [oshi.util.FileUtil/]: Reading file /sys/devices/system/cpu/cpu1/cache/index1/coherency_line_size
[07Aug2026 18:36:35.159] [main/DEBUG] [oshi.util.FileUtil/]: Reading file /sys/devices/system/cpu/cpu1/cache/index1/size
[07Aug2026 18:36:35.159] [main/DEBUG] [oshi.util.FileUtil/]: Reading file /sys/devices/system/cpu/cpu1/cache/index1/size
[07Aug2026 18:36:35.159] [main/DEBUG] [oshi.util.FileUtil/]: Reading file /sys/devices/system/cpu/cpu10/topology/core_id
[07Aug2026 18:36:35.160] [main/DEBUG] [oshi.util.FileUtil/]: Reading file /sys/devices/system/cpu/cpu10/topology/core_id
[07Aug2026 18:36:35.160] [main/DEBUG] [oshi.util.FileUtil/]: Reading file /sys/devices/system/cpu/cpu10/topology/physical_package_id
[07Aug2026 18:36:35.160] [main/DEBUG] [oshi.util.FileUtil/]: Reading file /sys/devices/system/cpu/cpu10/topology/physical_package_id
[07Aug2026 18:36:35.160] [main/DEBUG] [oshi.util.FileUtil/]: Reading file /sys/devices/system/cpu/cpu10/cpu_capacity
[07Aug2026 18:36:35.160] [main/DEBUG] [oshi.util.FileUtil/]: Reading file /sys/devices/system/cpu/cpu10/cpu_capacity
[07Aug2026 18:36:35.160] [main/DEBUG] [oshi.util.FileUtil/]: Reading file /sys/devices/system/cpu/cpu10/cache/index2/level
[07Aug2026 18:36:35.160] [main/DEBUG] [oshi.util.FileUtil/]: Reading file /sys/devices/system/cpu/cpu10/cache/index2/level
[07Aug2026 18:36:35.160] [main/DEBUG] [oshi.util.FileUtil/]: Reading file /sys/devices/system/cpu/cpu10/cache/index2/type
[07Aug2026 18:36:35.160] [main/DEBUG] [oshi.util.FileUtil/]: Reading file /sys/devices/system/cpu/cpu10/cache/index2/type
[07Aug2026 18:36:35.160] [main/DEBUG] [oshi.util.FileUtil/]: Reading file /sys/devices/system/cpu/cpu10/cache/index2/ways_of_associativity
[07Aug2026 18:36:35.160] [main/DEBUG] [oshi.util.FileUtil/]: Reading file /sys/devices/system/cpu/cpu10/cache/index2/ways_of_associativity
[07Aug2026 18:36:35.160] [main/DEBUG] [oshi.util.FileUtil/]: Reading file /sys/devices/system/cpu/cpu10/cache/index2/coherency_line_size
[07Aug2026 18:36:35.160] [main/DEBUG] [oshi.util.FileUtil/]: Reading file /sys/devices/system/cpu/cpu10/cache/index2/coherency_line_size
[07Aug2026 18:36:35.160] [main/DEBUG] [oshi.util.FileUtil/]: Reading file /sys/devices/system/cpu/cpu10/cache/index2/size
[07Aug2026 18:36:35.161] [main/DEBUG] [oshi.util.FileUtil/]: Reading file /sys/devices/system/cpu/cpu10/cache/index2/size
[07Aug2026 18:36:35.161] [main/DEBUG] [oshi.util.FileUtil/]: Reading file /sys/devices/system/cpu/cpu10/cache/index0/level
[07Aug2026 18:36:35.161] [main/DEBUG] [oshi.util.FileUtil/]: Reading file /sys/devices/system/cpu/cpu10/cache/index0/level
[07Aug2026 18:36:35.161] [main/DEBUG] [oshi.util.FileUtil/]: Reading file /sys/devices/system/cpu/cpu10/cache/index0/type
[07Aug2026 18:36:35.161] [main/DEBUG] [oshi.util.FileUtil/]: Reading file /sys/devices/system/cpu/cpu10/cache/index0/type
[07Aug2026 18:36:35.161] [main/DEBUG] [oshi.util.FileUtil/]: Reading file /sys/devices/system/cpu/cpu10/cache/index0/ways_of_associativity
[07Aug2026 18:36:35.161] [main/DEBUG] [oshi.util.FileUtil/]: Reading file /sys/devices/system/cpu/cpu10/cache/index0/ways_of_associativity
[07Aug2026 18:36:35.161] [main/DEBUG] [oshi.util.FileUtil/]: Reading file /sys/devices/system/cpu/cpu10/cache/index0/coherency_line_size
[07Aug2026 18:36:35.161] [main/DEBUG] [oshi.util.FileUtil/]: Reading file /sys/devices/system/cpu/cpu10/cache/index0/coherency_line_size
[07Aug2026 18:36:35.161] [main/DEBUG] [oshi.util.FileUtil/]: Reading file /sys/devices/system/cpu/cpu10/cache/index0/size
[07Aug2026 18:36:35.162] [main/DEBUG] [oshi.util.FileUtil/]: Reading file /sys/devices/system/cpu/cpu10/cache/index0/size
[07Aug2026 18:36:35.162] [main/DEBUG] [oshi.util.FileUtil/]: Reading file /sys/devices/system/cpu/cpu10/cache/index3/level
[07Aug2026 18:36:35.162] [main/DEBUG] [oshi.util.FileUtil/]: Reading file /sys/devices/system/cpu/cpu10/cache/index3/level
[07Aug2026 18:36:35.162] [main/DEBUG] [oshi.util.FileUtil/]: Reading file /sys/devices/system/cpu/cpu10/cache/index3/type
[07Aug2026 18:36:35.162] [main/DEBUG] [oshi.util.FileUtil/]: Reading file /sys/devices/system/cpu/cpu10/cache/index3/type
[07Aug2026 18:36:35.162] [main/DEBUG] [oshi.util.FileUtil/]: Reading file /sys/devices/system/cpu/cpu10/cache/index3/ways_of_associativity
[07Aug2026 18:36:35.162] [main/DEBUG] [oshi.util.FileUtil/]: Reading file /sys/devices/system/cpu/cpu10/cache/index3/ways_of_associativity
[07Aug2026 18:36:35.163] [main/DEBUG] [oshi.util.FileUtil/]: Reading file /sys/devices/system/cpu/cpu10/cache/index3/coherency_line_size
[07Aug2026 18:36:35.163] [main/DEBUG] [oshi.util.FileUtil/]: Reading file /sys/devices/system/cpu/cpu10/cache/index3/coherency_line_size
[07Aug2026 18:36:35.163] [main/DEBUG] [oshi.util.FileUtil/]: Reading file /sys/devices/system/cpu/cpu10/cache/index3/size
[07Aug2026 18:36:35.163] [main/DEBUG] [oshi.util.FileUtil/]: Reading file /sys/devices/system/cpu/cpu10/cache/index3/size
[07Aug2026 18:36:35.163] [main/DEBUG] [oshi.util.FileUtil/]: Reading file /sys/devices/system/cpu/cpu10/cache/index1/level
[07Aug2026 18:36:35.163] [main/DEBUG] [oshi.util.FileUtil/]: Reading file /sys/devices/system/cpu/cpu10/cache/index1/level
[07Aug2026 18:36:35.163] [main/DEBUG] [oshi.util.FileUtil/]: Reading file /sys/devices/system/cpu/cpu10/cache/index1/type
[07Aug2026 18:36:35.163] [main/DEBUG] [oshi.util.FileUtil/]: Reading file /sys/devices/system/cpu/cpu10/cache/index1/type
[07Aug2026 18:36:35.163] [main/DEBUG] [oshi.util.FileUtil/]: Reading file /sys/devices/system/cpu/cpu10/cache/index1/ways_of_associativity
[07Aug2026 18:36:35.163] [main/DEBUG] [oshi.util.FileUtil/]: Reading file /sys/devices/system/cpu/cpu10/cache/index1/ways_of_associativity
[07Aug2026 18:36:35.163] [main/DEBUG] [oshi.util.FileUtil/]: Reading file /sys/devices/system/cpu/cpu10/cache/index1/coherency_line_size
[07Aug2026 18:36:35.163] [main/DEBUG] [oshi.util.FileUtil/]: Reading file /sys/devices/system/cpu/cpu10/cache/index1/coherency_line_size
[07Aug2026 18:36:35.163] [main/DEBUG] [oshi.util.FileUtil/]: Reading file /sys/devices/system/cpu/cpu10/cache/index1/size
[07Aug2026 18:36:35.163] [main/DEBUG] [oshi.util.FileUtil/]: Reading file /sys/devices/system/cpu/cpu10/cache/index1/size
[07Aug2026 18:36:35.164] [main/DEBUG] [oshi.util.FileUtil/]: Reading file /sys/devices/system/cpu/cpu11/topology/core_id
[07Aug2026 18:36:35.164] [main/DEBUG] [oshi.util.FileUtil/]: Reading file /sys/devices/system/cpu/cpu11/topology/core_id
[07Aug2026 18:36:35.164] [main/DEBUG] [oshi.util.FileUtil/]: Reading file /sys/devices/system/cpu/cpu11/topology/physical_package_id
[07Aug2026 18:36:35.164] [main/DEBUG] [oshi.util.FileUtil/]: Reading file /sys/devices/system/cpu/cpu11/topology/physical_package_id
[07Aug2026 18:36:35.164] [main/DEBUG] [oshi.util.FileUtil/]: Reading file /sys/devices/system/cpu/cpu11/cpu_capacity
[07Aug2026 18:36:35.164] [main/DEBUG] [oshi.util.FileUtil/]: Reading file /sys/devices/system/cpu/cpu11/cpu_capacity
[07Aug2026 18:36:35.165] [main/DEBUG] [oshi.util.FileUtil/]: Reading file /sys/devices/system/cpu/cpu11/cache/index2/level
[07Aug2026 18:36:35.165] [main/DEBUG] [oshi.util.FileUtil/]: Reading file /sys/devices/system/cpu/cpu11/cache/index2/level
[07Aug2026 18:36:35.165] [main/DEBUG] [oshi.util.FileUtil/]: Reading file /sys/devices/system/cpu/cpu11/cache/index2/type
[07Aug2026 18:36:35.165] [main/DEBUG] [oshi.util.FileUtil/]: Reading file /sys/devices/system/cpu/cpu11/cache/index2/type
[07Aug2026 18:36:35.165] [main/DEBUG] [oshi.util.FileUtil/]: Reading file /sys/devices/system/cpu/cpu11/cache/index2/ways_of_associativity
[07Aug2026 18:36:35.165] [main/DEBUG] [oshi.util.FileUtil/]: Reading file /sys/devices/system/cpu/cpu11/cache/index2/ways_of_associativity
[07Aug2026 18:36:35.165] [main/DEBUG] [oshi.util.FileUtil/]: Reading file /sys/devices/system/cpu/cpu11/cache/index2/coherency_line_size
[07Aug2026 18:36:35.165] [main/DEBUG] [oshi.util.FileUtil/]: Reading file /sys/devices/system/cpu/cpu11/cache/index2/coherency_line_size
[07Aug2026 18:36:35.165] [main/DEBUG] [oshi.util.FileUtil/]: Reading file /sys/devices/system/cpu/cpu11/cache/index2/size
[07Aug2026 18:36:35.165] [main/DEBUG] [oshi.util.FileUtil/]: Reading file /sys/devices/system/cpu/cpu11/cache/index2/size
[07Aug2026 18:36:35.165] [main/DEBUG] [oshi.util.FileUtil/]: Reading file /sys/devices/system/cpu/cpu11/cache/index0/level
[07Aug2026 18:36:35.165] [main/DEBUG] [oshi.util.FileUtil/]: Reading file /sys/devices/system/cpu/cpu11/cache/index0/level
[07Aug2026 18:36:35.165] [main/DEBUG] [oshi.util.FileUtil/]: Reading file /sys/devices/system/cpu/cpu11/cache/index0/type
[07Aug2026 18:36:35.165] [main/DEBUG] [oshi.util.FileUtil/]: Reading file /sys/devices/system/cpu/cpu11/cache/index0/type
[07Aug2026 18:36:35.165] [main/DEBUG] [oshi.util.FileUtil/]: Reading file /sys/devices/system/cpu/cpu11/cache/index0/ways_of_associativity
[07Aug2026 18:36:35.165] [main/DEBUG] [oshi.util.FileUtil/]: Reading file /sys/devices/system/cpu/cpu11/cache/index0/ways_of_associativity
[07Aug2026 18:36:35.166] [main/DEBUG] [oshi.util.FileUtil/]: Reading file /sys/devices/system/cpu/cpu11/cache/index0/coherency_line_size
[07Aug2026 18:36:35.166] [main/DEBUG] [oshi.util.FileUtil/]: Reading file /sys/devices/system/cpu/cpu11/cache/index0/coherency_line_size
[07Aug2026 18:36:35.166] [main/DEBUG] [oshi.util.FileUtil/]: Reading file /sys/devices/system/cpu/cpu11/cache/index0/size
[07Aug2026 18:36:35.166] [main/DEBUG] [oshi.util.FileUtil/]: Reading file /sys/devices/system/cpu/cpu11/cache/index0/size
[07Aug2026 18:36:35.166] [main/DEBUG] [oshi.util.FileUtil/]: Reading file /sys/devices/system/cpu/cpu11/cache/index3/level
[07Aug2026 18:36:35.166] [main/DEBUG] [oshi.util.FileUtil/]: Reading file /sys/devices/system/cpu/cpu11/cache/index3/level
[07Aug2026 18:36:35.166] [main/DEBUG] [oshi.util.FileUtil/]: Reading file /sys/devices/system/cpu/cpu11/cache/index3/type
[07Aug2026 18:36:35.166] [main/DEBUG] [oshi.util.FileUtil/]: Reading file /sys/devices/system/cpu/cpu11/cache/index3/type
[07Aug2026 18:36:35.166] [main/DEBUG] [oshi.util.FileUtil/]: Reading file /sys/devices/system/cpu/cpu11/cache/index3/ways_of_associativity
[07Aug2026 18:36:35.166] [main/DEBUG] [oshi.util.FileUtil/]: Reading file /sys/devices/system/cpu/cpu11/cache/index3/ways_of_associativity
[07Aug2026 18:36:35.166] [main/DEBUG] [oshi.util.FileUtil/]: Reading file /sys/devices/system/cpu/cpu11/cache/index3/coherency_line_size
[07Aug2026 18:36:35.166] [main/DEBUG] [oshi.util.FileUtil/]: Reading file /sys/devices/system/cpu/cpu11/cache/index3/coherency_line_size
[07Aug2026 18:36:35.166] [main/DEBUG] [oshi.util.FileUtil/]: Reading file /sys/devices/system/cpu/cpu11/cache/index3/size
[07Aug2026 18:36:35.166] [main/DEBUG] [oshi.util.FileUtil/]: Reading file /sys/devices/system/cpu/cpu11/cache/index3/size
[07Aug2026 18:36:35.167] [main/DEBUG] [oshi.util.FileUtil/]: Reading file /sys/devices/system/cpu/cpu11/cache/index1/level
[07Aug2026 18:36:35.167] [main/DEBUG] [oshi.util.FileUtil/]: Reading file /sys/devices/system/cpu/cpu11/cache/index1/level
[07Aug2026 18:36:35.167] [main/DEBUG] [oshi.util.FileUtil/]: Reading file /sys/devices/system/cpu/cpu11/cache/index1/type
[07Aug2026 18:36:35.167] [main/DEBUG] [oshi.util.FileUtil/]: Reading file /sys/devices/system/cpu/cpu11/cache/index1/type
[07Aug2026 18:36:35.167] [main/DEBUG] [oshi.util.FileUtil/]: Reading file /sys/devices/system/cpu/cpu11/cache/index1/ways_of_associativity
[07Aug2026 18:36:35.167] [main/DEBUG] [oshi.util.FileUtil/]: Reading file /sys/devices/system/cpu/cpu11/cache/index1/ways_of_associativity
[07Aug2026 18:36:35.167] [main/DEBUG] [oshi.util.FileUtil/]: Reading file /sys/devices/system/cpu/cpu11/cache/index1/coherency_line_size
[07Aug2026 18:36:35.167] [main/DEBUG] [oshi.util.FileUtil/]: Reading file /sys/devices/system/cpu/cpu11/cache/index1/coherency_line_size
[07Aug2026 18:36:35.167] [main/DEBUG] [oshi.util.FileUtil/]: Reading file /sys/devices/system/cpu/cpu11/cache/index1/size
[07Aug2026 18:36:35.167] [main/DEBUG] [oshi.util.FileUtil/]: Reading file /sys/devices/system/cpu/cpu11/cache/index1/size
[07Aug2026 18:36:35.167] [main/DEBUG] [oshi.util.FileUtil/]: Reading file /sys/devices/system/cpu/cpu12/topology/core_id
[07Aug2026 18:36:35.167] [main/DEBUG] [oshi.util.FileUtil/]: Reading file /sys/devices/system/cpu/cpu12/topology/core_id
[07Aug2026 18:36:35.167] [main/DEBUG] [oshi.util.FileUtil/]: Reading file /sys/devices/system/cpu/cpu12/topology/physical_package_id
[07Aug2026 18:36:35.167] [main/DEBUG] [oshi.util.FileUtil/]: Reading file /sys/devices/system/cpu/cpu12/topology/physical_package_id
[07Aug2026 18:36:35.168] [main/DEBUG] [oshi.util.FileUtil/]: Reading file /sys/devices/system/cpu/cpu12/cpu_capacity
[07Aug2026 18:36:35.168] [main/DEBUG] [oshi.util.FileUtil/]: Reading file /sys/devices/system/cpu/cpu12/cpu_capacity
[07Aug2026 18:36:35.168] [main/DEBUG] [oshi.util.FileUtil/]: Reading file /sys/devices/system/cpu/cpu12/cache/index2/level
[07Aug2026 18:36:35.168] [main/DEBUG] [oshi.util.FileUtil/]: Reading file /sys/devices/system/cpu/cpu12/cache/index2/level
[07Aug2026 18:36:35.168] [main/DEBUG] [oshi.util.FileUtil/]: Reading file /sys/devices/system/cpu/cpu12/cache/index2/type
[07Aug2026 18:36:35.168] [main/DEBUG] [oshi.util.FileUtil/]: Reading file /sys/devices/system/cpu/cpu12/cache/index2/type
[07Aug2026 18:36:35.168] [main/DEBUG] [oshi.util.FileUtil/]: Reading file /sys/devices/system/cpu/cpu12/cache/index2/ways_of_associativity
[07Aug2026 18:36:35.168] [main/DEBUG] [oshi.util.FileUtil/]: Reading file /sys/devices/system/cpu/cpu12/cache/index2/ways_of_associativity
[07Aug2026 18:36:35.168] [main/DEBUG] [oshi.util.FileUtil/]: Reading file /sys/devices/system/cpu/cpu12/cache/index2/coherency_line_size
[07Aug2026 18:36:35.168] [main/DEBUG] [oshi.util.FileUtil/]: Reading file /sys/devices/system/cpu/cpu12/cache/index2/coherency_line_size
[07Aug2026 18:36:35.168] [main/DEBUG] [oshi.util.FileUtil/]: Reading file /sys/devices/system/cpu/cpu12/cache/index2/size
[07Aug2026 18:36:35.168] [main/DEBUG] [oshi.util.FileUtil/]: Reading file /sys/devices/system/cpu/cpu12/cache/index2/size
[07Aug2026 18:36:35.168] [main/DEBUG] [oshi.util.FileUtil/]: Reading file /sys/devices/system/cpu/cpu12/cache/index0/level
[07Aug2026 18:36:35.168] [main/DEBUG] [oshi.util.FileUtil/]: Reading file /sys/devices/system/cpu/cpu12/cache/index0/level
[07Aug2026 18:36:35.168] [main/DEBUG] [oshi.util.FileUtil/]: Reading file /sys/devices/system/cpu/cpu12/cache/index0/type
[07Aug2026 18:36:35.168] [main/DEBUG] [oshi.util.FileUtil/]: Reading file /sys/devices/system/cpu/cpu12/cache/index0/type
[07Aug2026 18:36:35.169] [main/DEBUG] [oshi.util.FileUtil/]: Reading file /sys/devices/system/cpu/cpu12/cache/index0/ways_of_associativity
[07Aug2026 18:36:35.169] [main/DEBUG] [oshi.util.FileUtil/]: Reading file /sys/devices/system/cpu/cpu12/cache/index0/ways_of_associativity
[07Aug2026 18:36:35.169] [main/DEBUG] [oshi.util.FileUtil/]: Reading file /sys/devices/system/cpu/cpu12/cache/index0/coherency_line_size
[07Aug2026 18:36:35.169] [main/DEBUG] [oshi.util.FileUtil/]: Reading file /sys/devices/system/cpu/cpu12/cache/index0/coherency_line_size
[07Aug2026 18:36:35.169] [main/DEBUG] [oshi.util.FileUtil/]: Reading file /sys/devices/system/cpu/cpu12/cache/index0/size
[07Aug2026 18:36:35.169] [main/DEBUG] [oshi.util.FileUtil/]: Reading file /sys/devices/system/cpu/cpu12/cache/index0/size
[07Aug2026 18:36:35.169] [main/DEBUG] [oshi.util.FileUtil/]: Reading file /sys/devices/system/cpu/cpu12/cache/index3/level
[07Aug2026 18:36:35.169] [main/DEBUG] [oshi.util.FileUtil/]: Reading file /sys/devices/system/cpu/cpu12/cache/index3/level
[07Aug2026 18:36:35.169] [main/DEBUG] [oshi.util.FileUtil/]: Reading file /sys/devices/system/cpu/cpu12/cache/index3/type
[07Aug2026 18:36:35.169] [main/DEBUG] [oshi.util.FileUtil/]: Reading file /sys/devices/system/cpu/cpu12/cache/index3/type
[07Aug2026 18:36:35.169] [main/DEBUG] [oshi.util.FileUtil/]: Reading file /sys/devices/system/cpu/cpu12/cache/index3/ways_of_associativity
[07Aug2026 18:36:35.169] [main/DEBUG] [oshi.util.FileUtil/]: Reading file /sys/devices/system/cpu/cpu12/cache/index3/ways_of_associativity
[07Aug2026 18:36:35.169] [main/DEBUG] [oshi.util.FileUtil/]: Reading file /sys/devices/system/cpu/cpu12/cache/index3/coherency_line_size
[07Aug2026 18:36:35.169] [main/DEBUG] [oshi.util.FileUtil/]: Reading file /sys/devices/system/cpu/cpu12/cache/index3/coherency_line_size
[07Aug2026 18:36:35.169] [main/DEBUG] [oshi.util.FileUtil/]: Reading file /sys/devices/system/cpu/cpu12/cache/index3/size
[07Aug2026 18:36:35.169] [main/DEBUG] [oshi.util.FileUtil/]: Reading file /sys/devices/system/cpu/cpu12/cache/index3/size
[07Aug2026 18:36:35.169] [main/DEBUG] [oshi.util.FileUtil/]: Reading file /sys/devices/system/cpu/cpu12/cache/index1/level
[07Aug2026 18:36:35.169] [main/DEBUG] [oshi.util.FileUtil/]: Reading file /sys/devices/system/cpu/cpu12/cache/index1/level
[07Aug2026 18:36:35.170] [main/DEBUG] [oshi.util.FileUtil/]: Reading file /sys/devices/system/cpu/cpu12/cache/index1/type
[07Aug2026 18:36:35.170] [main/DEBUG] [oshi.util.FileUtil/]: Reading file /sys/devices/system/cpu/cpu12/cache/index1/type
[07Aug2026 18:36:35.170] [main/DEBUG] [oshi.util.FileUtil/]: Reading file /sys/devices/system/cpu/cpu12/cache/index1/ways_of_associativity
[07Aug2026 18:36:35.170] [main/DEBUG] [oshi.util.FileUtil/]: Reading file /sys/devices/system/cpu/cpu12/cache/index1/ways_of_associativity
[07Aug2026 18:36:35.170] [main/DEBUG] [oshi.util.FileUtil/]: Reading file /sys/devices/system/cpu/cpu12/cache/index1/coherency_line_size
[07Aug2026 18:36:35.170] [main/DEBUG] [oshi.util.FileUtil/]: Reading file /sys/devices/system/cpu/cpu12/cache/index1/coherency_line_size
[07Aug2026 18:36:35.170] [main/DEBUG] [oshi.util.FileUtil/]: Reading file /sys/devices/system/cpu/cpu12/cache/index1/size
[07Aug2026 18:36:35.170] [main/DEBUG] [oshi.util.FileUtil/]: Reading file /sys/devices/system/cpu/cpu12/cache/index1/size
[07Aug2026 18:36:35.170] [main/DEBUG] [oshi.util.FileUtil/]: Reading file /sys/devices/system/cpu/cpu13/topology/core_id
[07Aug2026 18:36:35.170] [main/DEBUG] [oshi.util.FileUtil/]: Reading file /sys/devices/system/cpu/cpu13/topology/core_id
[07Aug2026 18:36:35.170] [main/DEBUG] [oshi.util.FileUtil/]: Reading file /sys/devices/system/cpu/cpu13/topology/physical_package_id
[07Aug2026 18:36:35.171] [main/DEBUG] [oshi.util.FileUtil/]: Reading file /sys/devices/system/cpu/cpu13/topology/physical_package_id
[07Aug2026 18:36:35.171] [main/DEBUG] [oshi.util.FileUtil/]: Reading file /sys/devices/system/cpu/cpu13/cpu_capacity
[07Aug2026 18:36:35.171] [main/DEBUG] [oshi.util.FileUtil/]: Reading file /sys/devices/system/cpu/cpu13/cpu_capacity
[07Aug2026 18:36:35.171] [main/DEBUG] [oshi.util.FileUtil/]: Reading file /sys/devices/system/cpu/cpu13/cache/index2/level
[07Aug2026 18:36:35.171] [main/DEBUG] [oshi.util.FileUtil/]: Reading file /sys/devices/system/cpu/cpu13/cache/index2/level
[07Aug2026 18:36:35.171] [main/DEBUG] [oshi.util.FileUtil/]: Reading file /sys/devices/system/cpu/cpu13/cache/index2/type
[07Aug2026 18:36:35.171] [main/DEBUG] [oshi.util.FileUtil/]: Reading file /sys/devices/system/cpu/cpu13/cache/index2/type
[07Aug2026 18:36:35.171] [main/DEBUG] [oshi.util.FileUtil/]: Reading file /sys/devices/system/cpu/cpu13/cache/index2/ways_of_associativity
[07Aug2026 18:36:35.171] [main/DEBUG] [oshi.util.FileUtil/]: Reading file /sys/devices/system/cpu/cpu13/cache/index2/ways_of_associativity
[07Aug2026 18:36:35.171] [main/DEBUG] [oshi.util.FileUtil/]: Reading file /sys/devices/system/cpu/cpu13/cache/index2/coherency_line_size
[07Aug2026 18:36:35.171] [main/DEBUG] [oshi.util.FileUtil/]: Reading file /sys/devices/system/cpu/cpu13/cache/index2/coherency_line_size
[07Aug2026 18:36:35.171] [main/DEBUG] [oshi.util.FileUtil/]: Reading file /sys/devices/system/cpu/cpu13/cache/index2/size
[07Aug2026 18:36:35.171] [main/DEBUG] [oshi.util.FileUtil/]: Reading file /sys/devices/system/cpu/cpu13/cache/index2/size
[07Aug2026 18:36:35.171] [main/DEBUG] [oshi.util.FileUtil/]: Reading file /sys/devices/system/cpu/cpu13/cache/index0/level
[07Aug2026 18:36:35.171] [main/DEBUG] [oshi.util.FileUtil/]: Reading file /sys/devices/system/cpu/cpu13/cache/index0/level
[07Aug2026 18:36:35.172] [main/DEBUG] [oshi.util.FileUtil/]: Reading file /sys/devices/system/cpu/cpu13/cache/index0/type
[07Aug2026 18:36:35.172] [main/DEBUG] [oshi.util.FileUtil/]: Reading file /sys/devices/system/cpu/cpu13/cache/index0/type
[07Aug2026 18:36:35.172] [main/DEBUG] [oshi.util.FileUtil/]: Reading file /sys/devices/system/cpu/cpu13/cache/index0/ways_of_associativity
[07Aug2026 18:36:35.172] [main/DEBUG] [oshi.util.FileUtil/]: Reading file /sys/devices/system/cpu/cpu13/cache/index0/ways_of_associativity
[07Aug2026 18:36:35.172] [main/DEBUG] [oshi.util.FileUtil/]: Reading file /sys/devices/system/cpu/cpu13/cache/index0/coherency_line_size
[07Aug2026 18:36:35.172] [main/DEBUG] [oshi.util.FileUtil/]: Reading file /sys/devices/system/cpu/cpu13/cache/index0/coherency_line_size
[07Aug2026 18:36:35.172] [main/DEBUG] [oshi.util.FileUtil/]: Reading file /sys/devices/system/cpu/cpu13/cache/index0/size
[07Aug2026 18:36:35.172] [main/DEBUG] [oshi.util.FileUtil/]: Reading file /sys/devices/system/cpu/cpu13/cache/index0/size
[07Aug2026 18:36:35.172] [main/DEBUG] [oshi.util.FileUtil/]: Reading file /sys/devices/system/cpu/cpu13/cache/index3/level
[07Aug2026 18:36:35.172] [main/DEBUG] [oshi.util.FileUtil/]: Reading file /sys/devices/system/cpu/cpu13/cache/index3/level
[07Aug2026 18:36:35.172] [main/DEBUG] [oshi.util.FileUtil/]: Reading file /sys/devices/system/cpu/cpu13/cache/index3/type
[07Aug2026 18:36:35.172] [main/DEBUG] [oshi.util.FileUtil/]: Reading file /sys/devices/system/cpu/cpu13/cache/index3/type
[07Aug2026 18:36:35.172] [main/DEBUG] [oshi.util.FileUtil/]: Reading file /sys/devices/system/cpu/cpu13/cache/index3/ways_of_associativity
[07Aug2026 18:36:35.172] [main/DEBUG] [oshi.util.FileUtil/]: Reading file /sys/devices/system/cpu/cpu13/cache/index3/ways_of_associativity
[07Aug2026 18:36:35.172] [main/DEBUG] [oshi.util.FileUtil/]: Reading file /sys/devices/system/cpu/cpu13/cache/index3/coherency_line_size
[07Aug2026 18:36:35.172] [main/DEBUG] [oshi.util.FileUtil/]: Reading file /sys/devices/system/cpu/cpu13/cache/index3/coherency_line_size
[07Aug2026 18:36:35.172] [main/DEBUG] [oshi.util.FileUtil/]: Reading file /sys/devices/system/cpu/cpu13/cache/index3/size
[07Aug2026 18:36:35.172] [main/DEBUG] [oshi.util.FileUtil/]: Reading file /sys/devices/system/cpu/cpu13/cache/index3/size
[07Aug2026 18:36:35.172] [main/DEBUG] [oshi.util.FileUtil/]: Reading file /sys/devices/system/cpu/cpu13/cache/index1/level
[07Aug2026 18:36:35.172] [main/DEBUG] [oshi.util.FileUtil/]: Reading file /sys/devices/system/cpu/cpu13/cache/index1/level
[07Aug2026 18:36:35.172] [main/DEBUG] [oshi.util.FileUtil/]: Reading file /sys/devices/system/cpu/cpu13/cache/index1/type
[07Aug2026 18:36:35.172] [main/DEBUG] [oshi.util.FileUtil/]: Reading file /sys/devices/system/cpu/cpu13/cache/index1/type
[07Aug2026 18:36:35.173] [main/DEBUG] [oshi.util.FileUtil/]: Reading file /sys/devices/system/cpu/cpu13/cache/index1/ways_of_associativity
[07Aug2026 18:36:35.173] [main/DEBUG] [oshi.util.FileUtil/]: Reading file /sys/devices/system/cpu/cpu13/cache/index1/ways_of_associativity
[07Aug2026 18:36:35.173] [main/DEBUG] [oshi.util.FileUtil/]: Reading file /sys/devices/system/cpu/cpu13/cache/index1/coherency_line_size
[07Aug2026 18:36:35.173] [main/DEBUG] [oshi.util.FileUtil/]: Reading file /sys/devices/system/cpu/cpu13/cache/index1/coherency_line_size
[07Aug2026 18:36:35.173] [main/DEBUG] [oshi.util.FileUtil/]: Reading file /sys/devices/system/cpu/cpu13/cache/index1/size
[07Aug2026 18:36:35.173] [main/DEBUG] [oshi.util.FileUtil/]: Reading file /sys/devices/system/cpu/cpu13/cache/index1/size
[07Aug2026 18:36:35.173] [main/DEBUG] [oshi.util.FileUtil/]: Reading file /sys/devices/system/cpu/cpu14/topology/core_id
[07Aug2026 18:36:35.173] [main/DEBUG] [oshi.util.FileUtil/]: Reading file /sys/devices/system/cpu/cpu14/topology/core_id
[07Aug2026 18:36:35.173] [main/DEBUG] [oshi.util.FileUtil/]: Reading file /sys/devices/system/cpu/cpu14/topology/physical_package_id
[07Aug2026 18:36:35.173] [main/DEBUG] [oshi.util.FileUtil/]: Reading file /sys/devices/system/cpu/cpu14/topology/physical_package_id
[07Aug2026 18:36:35.173] [main/DEBUG] [oshi.util.FileUtil/]: Reading file /sys/devices/system/cpu/cpu14/cpu_capacity
[07Aug2026 18:36:35.173] [main/DEBUG] [oshi.util.FileUtil/]: Reading file /sys/devices/system/cpu/cpu14/cpu_capacity
[07Aug2026 18:36:35.174] [main/DEBUG] [oshi.util.FileUtil/]: Reading file /sys/devices/system/cpu/cpu14/cache/index2/level
[07Aug2026 18:36:35.174] [main/DEBUG] [oshi.util.FileUtil/]: Reading file /sys/devices/system/cpu/cpu14/cache/index2/level
[07Aug2026 18:36:35.174] [main/DEBUG] [oshi.util.FileUtil/]: Reading file /sys/devices/system/cpu/cpu14/cache/index2/type
[07Aug2026 18:36:35.174] [main/DEBUG] [oshi.util.FileUtil/]: Reading file /sys/devices/system/cpu/cpu14/cache/index2/type
[07Aug2026 18:36:35.174] [main/DEBUG] [oshi.util.FileUtil/]: Reading file /sys/devices/system/cpu/cpu14/cache/index2/ways_of_associativity
[07Aug2026 18:36:35.174] [main/DEBUG] [oshi.util.FileUtil/]: Reading file /sys/devices/system/cpu/cpu14/cache/index2/ways_of_associativity
[07Aug2026 18:36:35.174] [main/DEBUG] [oshi.util.FileUtil/]: Reading file /sys/devices/system/cpu/cpu14/cache/index2/coherency_line_size
[07Aug2026 18:36:35.174] [main/DEBUG] [oshi.util.FileUtil/]: Reading file /sys/devices/system/cpu/cpu14/cache/index2/coherency_line_size
[07Aug2026 18:36:35.174] [main/DEBUG] [oshi.util.FileUtil/]: Reading file /sys/devices/system/cpu/cpu14/cache/index2/size
[07Aug2026 18:36:35.174] [main/DEBUG] [oshi.util.FileUtil/]: Reading file /sys/devices/system/cpu/cpu14/cache/index2/size
[07Aug2026 18:36:35.174] [main/DEBUG] [oshi.util.FileUtil/]: Reading file /sys/devices/system/cpu/cpu14/cache/index0/level
[07Aug2026 18:36:35.174] [main/DEBUG] [oshi.util.FileUtil/]: Reading file /sys/devices/system/cpu/cpu14/cache/index0/level
[07Aug2026 18:36:35.174] [main/DEBUG] [oshi.util.FileUtil/]: Reading file /sys/devices/system/cpu/cpu14/cache/index0/type
[07Aug2026 18:36:35.174] [main/DEBUG] [oshi.util.FileUtil/]: Reading file /sys/devices/system/cpu/cpu14/cache/index0/type
[07Aug2026 18:36:35.174] [main/DEBUG] [oshi.util.FileUtil/]: Reading file /sys/devices/system/cpu/cpu14/cache/index0/ways_of_associativity
[07Aug2026 18:36:35.174] [main/DEBUG] [oshi.util.FileUtil/]: Reading file /sys/devices/system/cpu/cpu14/cache/index0/ways_of_associativity
[07Aug2026 18:36:35.174] [main/DEBUG] [oshi.util.FileUtil/]: Reading file /sys/devices/system/cpu/cpu14/cache/index0/coherency_line_size
[07Aug2026 18:36:35.174] [main/DEBUG] [oshi.util.FileUtil/]: Reading file /sys/devices/system/cpu/cpu14/cache/index0/coherency_line_size
[07Aug2026 18:36:35.174] [main/DEBUG] [oshi.util.FileUtil/]: Reading file /sys/devices/system/cpu/cpu14/cache/index0/size
[07Aug2026 18:36:35.174] [main/DEBUG] [oshi.util.FileUtil/]: Reading file /sys/devices/system/cpu/cpu14/cache/index0/size
[07Aug2026 18:36:35.175] [main/DEBUG] [oshi.util.FileUtil/]: Reading file /sys/devices/system/cpu/cpu14/cache/index3/level
[07Aug2026 18:36:35.175] [main/DEBUG] [oshi.util.FileUtil/]: Reading file /sys/devices/system/cpu/cpu14/cache/index3/level
[07Aug2026 18:36:35.175] [main/DEBUG] [oshi.util.FileUtil/]: Reading file /sys/devices/system/cpu/cpu14/cache/index3/type
[07Aug2026 18:36:35.175] [main/DEBUG] [oshi.util.FileUtil/]: Reading file /sys/devices/system/cpu/cpu14/cache/index3/type
[07Aug2026 18:36:35.175] [main/DEBUG] [oshi.util.FileUtil/]: Reading file /sys/devices/system/cpu/cpu14/cache/index3/ways_of_associativity
[07Aug2026 18:36:35.175] [main/DEBUG] [oshi.util.FileUtil/]: Reading file /sys/devices/system/cpu/cpu14/cache/index3/ways_of_associativity
[07Aug2026 18:36:35.175] [main/DEBUG] [oshi.util.FileUtil/]: Reading file /sys/devices/system/cpu/cpu14/cache/index3/coherency_line_size
[07Aug2026 18:36:35.175] [main/DEBUG] [oshi.util.FileUtil/]: Reading file /sys/devices/system/cpu/cpu14/cache/index3/coherency_line_size
[07Aug2026 18:36:35.175] [main/DEBUG] [oshi.util.FileUtil/]: Reading file /sys/devices/system/cpu/cpu14/cache/index3/size
[07Aug2026 18:36:35.175] [main/DEBUG] [oshi.util.FileUtil/]: Reading file /sys/devices/system/cpu/cpu14/cache/index3/size
[07Aug2026 18:36:35.175] [main/DEBUG] [oshi.util.FileUtil/]: Reading file /sys/devices/system/cpu/cpu14/cache/index1/level
[07Aug2026 18:36:35.175] [main/DEBUG] [oshi.util.FileUtil/]: Reading file /sys/devices/system/cpu/cpu14/cache/index1/level
[07Aug2026 18:36:35.175] [main/DEBUG] [oshi.util.FileUtil/]: Reading file /sys/devices/system/cpu/cpu14/cache/index1/type
[07Aug2026 18:36:35.175] [main/DEBUG] [oshi.util.FileUtil/]: Reading file /sys/devices/system/cpu/cpu14/cache/index1/type
[07Aug2026 18:36:35.175] [main/DEBUG] [oshi.util.FileUtil/]: Reading file /sys/devices/system/cpu/cpu14/cache/index1/ways_of_associativity
[07Aug2026 18:36:35.175] [main/DEBUG] [oshi.util.FileUtil/]: Reading file /sys/devices/system/cpu/cpu14/cache/index1/ways_of_associativity
[07Aug2026 18:36:35.175] [main/DEBUG] [oshi.util.FileUtil/]: Reading file /sys/devices/system/cpu/cpu14/cache/index1/coherency_line_size
[07Aug2026 18:36:35.175] [main/DEBUG] [oshi.util.FileUtil/]: Reading file /sys/devices/system/cpu/cpu14/cache/index1/coherency_line_size
[07Aug2026 18:36:35.175] [main/DEBUG] [oshi.util.FileUtil/]: Reading file /sys/devices/system/cpu/cpu14/cache/index1/size
[07Aug2026 18:36:35.175] [main/DEBUG] [oshi.util.FileUtil/]: Reading file /sys/devices/system/cpu/cpu14/cache/index1/size
[07Aug2026 18:36:35.176] [main/DEBUG] [oshi.util.FileUtil/]: Reading file /sys/devices/system/cpu/cpu15/topology/core_id
[07Aug2026 18:36:35.176] [main/DEBUG] [oshi.util.FileUtil/]: Reading file /sys/devices/system/cpu/cpu15/topology/core_id
[07Aug2026 18:36:35.176] [main/DEBUG] [oshi.util.FileUtil/]: Reading file /sys/devices/system/cpu/cpu15/topology/physical_package_id
[07Aug2026 18:36:35.176] [main/DEBUG] [oshi.util.FileUtil/]: Reading file /sys/devices/system/cpu/cpu15/topology/physical_package_id
[07Aug2026 18:36:35.176] [main/DEBUG] [oshi.util.FileUtil/]: Reading file /sys/devices/system/cpu/cpu15/cpu_capacity
[07Aug2026 18:36:35.176] [main/DEBUG] [oshi.util.FileUtil/]: Reading file /sys/devices/system/cpu/cpu15/cpu_capacity
[07Aug2026 18:36:35.176] [main/DEBUG] [oshi.util.FileUtil/]: Reading file /sys/devices/system/cpu/cpu15/cache/index2/level
[07Aug2026 18:36:35.176] [main/DEBUG] [oshi.util.FileUtil/]: Reading file /sys/devices/system/cpu/cpu15/cache/index2/level
[07Aug2026 18:36:35.176] [main/DEBUG] [oshi.util.FileUtil/]: Reading file /sys/devices/system/cpu/cpu15/cache/index2/type
[07Aug2026 18:36:35.176] [main/DEBUG] [oshi.util.FileUtil/]: Reading file /sys/devices/system/cpu/cpu15/cache/index2/type
[07Aug2026 18:36:35.176] [main/DEBUG] [oshi.util.FileUtil/]: Reading file /sys/devices/system/cpu/cpu15/cache/index2/ways_of_associativity
[07Aug2026 18:36:35.176] [main/DEBUG] [oshi.util.FileUtil/]: Reading file /sys/devices/system/cpu/cpu15/cache/index2/ways_of_associativity
[07Aug2026 18:36:35.176] [main/DEBUG] [oshi.util.FileUtil/]: Reading file /sys/devices/system/cpu/cpu15/cache/index2/coherency_line_size
[07Aug2026 18:36:35.176] [main/DEBUG] [oshi.util.FileUtil/]: Reading file /sys/devices/system/cpu/cpu15/cache/index2/coherency_line_size
[07Aug2026 18:36:35.177] [main/DEBUG] [oshi.util.FileUtil/]: Reading file /sys/devices/system/cpu/cpu15/cache/index2/size
[07Aug2026 18:36:35.177] [main/DEBUG] [oshi.util.FileUtil/]: Reading file /sys/devices/system/cpu/cpu15/cache/index2/size
[07Aug2026 18:36:35.177] [main/DEBUG] [oshi.util.FileUtil/]: Reading file /sys/devices/system/cpu/cpu15/cache/index0/level
[07Aug2026 18:36:35.177] [main/DEBUG] [oshi.util.FileUtil/]: Reading file /sys/devices/system/cpu/cpu15/cache/index0/level
[07Aug2026 18:36:35.177] [main/DEBUG] [oshi.util.FileUtil/]: Reading file /sys/devices/system/cpu/cpu15/cache/index0/type
[07Aug2026 18:36:35.177] [main/DEBUG] [oshi.util.FileUtil/]: Reading file /sys/devices/system/cpu/cpu15/cache/index0/type
[07Aug2026 18:36:35.177] [main/DEBUG] [oshi.util.FileUtil/]: Reading file /sys/devices/system/cpu/cpu15/cache/index0/ways_of_associativity
[07Aug2026 18:36:35.177] [main/DEBUG] [oshi.util.FileUtil/]: Reading file /sys/devices/system/cpu/cpu15/cache/index0/ways_of_associativity
[07Aug2026 18:36:35.177] [main/DEBUG] [oshi.util.FileUtil/]: Reading file /sys/devices/system/cpu/cpu15/cache/index0/coherency_line_size
[07Aug2026 18:36:35.177] [main/DEBUG] [oshi.util.FileUtil/]: Reading file /sys/devices/system/cpu/cpu15/cache/index0/coherency_line_size
[07Aug2026 18:36:35.177] [main/DEBUG] [oshi.util.FileUtil/]: Reading file /sys/devices/system/cpu/cpu15/cache/index0/size
[07Aug2026 18:36:35.177] [main/DEBUG] [oshi.util.FileUtil/]: Reading file /sys/devices/system/cpu/cpu15/cache/index0/size
[07Aug2026 18:36:35.177] [main/DEBUG] [oshi.util.FileUtil/]: Reading file /sys/devices/system/cpu/cpu15/cache/index3/level
[07Aug2026 18:36:35.177] [main/DEBUG] [oshi.util.FileUtil/]: Reading file /sys/devices/system/cpu/cpu15/cache/index3/level
[07Aug2026 18:36:35.177] [main/DEBUG] [oshi.util.FileUtil/]: Reading file /sys/devices/system/cpu/cpu15/cache/index3/type
[07Aug2026 18:36:35.177] [main/DEBUG] [oshi.util.FileUtil/]: Reading file /sys/devices/system/cpu/cpu15/cache/index3/type
[07Aug2026 18:36:35.177] [main/DEBUG] [oshi.util.FileUtil/]: Reading file /sys/devices/system/cpu/cpu15/cache/index3/ways_of_associativity
[07Aug2026 18:36:35.177] [main/DEBUG] [oshi.util.FileUtil/]: Reading file /sys/devices/system/cpu/cpu15/cache/index3/ways_of_associativity
[07Aug2026 18:36:35.177] [main/DEBUG] [oshi.util.FileUtil/]: Reading file /sys/devices/system/cpu/cpu15/cache/index3/coherency_line_size
[07Aug2026 18:36:35.177] [main/DEBUG] [oshi.util.FileUtil/]: Reading file /sys/devices/system/cpu/cpu15/cache/index3/coherency_line_size
[07Aug2026 18:36:35.177] [main/DEBUG] [oshi.util.FileUtil/]: Reading file /sys/devices/system/cpu/cpu15/cache/index3/size
[07Aug2026 18:36:35.177] [main/DEBUG] [oshi.util.FileUtil/]: Reading file /sys/devices/system/cpu/cpu15/cache/index3/size
[07Aug2026 18:36:35.178] [main/DEBUG] [oshi.util.FileUtil/]: Reading file /sys/devices/system/cpu/cpu15/cache/index1/level
[07Aug2026 18:36:35.178] [main/DEBUG] [oshi.util.FileUtil/]: Reading file /sys/devices/system/cpu/cpu15/cache/index1/level
[07Aug2026 18:36:35.178] [main/DEBUG] [oshi.util.FileUtil/]: Reading file /sys/devices/system/cpu/cpu15/cache/index1/type
[07Aug2026 18:36:35.178] [main/DEBUG] [oshi.util.FileUtil/]: Reading file /sys/devices/system/cpu/cpu15/cache/index1/type
[07Aug2026 18:36:35.178] [main/DEBUG] [oshi.util.FileUtil/]: Reading file /sys/devices/system/cpu/cpu15/cache/index1/ways_of_associativity
[07Aug2026 18:36:35.178] [main/DEBUG] [oshi.util.FileUtil/]: Reading file /sys/devices/system/cpu/cpu15/cache/index1/ways_of_associativity
[07Aug2026 18:36:35.178] [main/DEBUG] [oshi.util.FileUtil/]: Reading file /sys/devices/system/cpu/cpu15/cache/index1/coherency_line_size
[07Aug2026 18:36:35.178] [main/DEBUG] [oshi.util.FileUtil/]: Reading file /sys/devices/system/cpu/cpu15/cache/index1/coherency_line_size
[07Aug2026 18:36:35.178] [main/DEBUG] [oshi.util.FileUtil/]: Reading file /sys/devices/system/cpu/cpu15/cache/index1/size
[07Aug2026 18:36:35.178] [main/DEBUG] [oshi.util.FileUtil/]: Reading file /sys/devices/system/cpu/cpu15/cache/index1/size
[07Aug2026 18:36:35.178] [main/DEBUG] [oshi.util.FileUtil/]: Reading file /sys/devices/system/cpu/cpu2/topology/core_id
[07Aug2026 18:36:35.178] [main/DEBUG] [oshi.util.FileUtil/]: Reading file /sys/devices/system/cpu/cpu2/topology/core_id
[07Aug2026 18:36:35.178] [main/DEBUG] [oshi.util.FileUtil/]: Reading file /sys/devices/system/cpu/cpu2/topology/physical_package_id
[07Aug2026 18:36:35.178] [main/DEBUG] [oshi.util.FileUtil/]: Reading file /sys/devices/system/cpu/cpu2/topology/physical_package_id
[07Aug2026 18:36:35.178] [main/DEBUG] [oshi.util.FileUtil/]: Reading file /sys/devices/system/cpu/cpu2/cpu_capacity
[07Aug2026 18:36:35.179] [main/DEBUG] [oshi.util.FileUtil/]: Reading file /sys/devices/system/cpu/cpu2/cpu_capacity
[07Aug2026 18:36:35.179] [main/DEBUG] [oshi.util.FileUtil/]: Reading file /sys/devices/system/cpu/cpu2/cache/index2/level
[07Aug2026 18:36:35.179] [main/DEBUG] [oshi.util.FileUtil/]: Reading file /sys/devices/system/cpu/cpu2/cache/index2/level
[07Aug2026 18:36:35.179] [main/DEBUG] [oshi.util.FileUtil/]: Reading file /sys/devices/system/cpu/cpu2/cache/index2/type
[07Aug2026 18:36:35.179] [main/DEBUG] [oshi.util.FileUtil/]: Reading file /sys/devices/system/cpu/cpu2/cache/index2/type
[07Aug2026 18:36:35.179] [main/DEBUG] [oshi.util.FileUtil/]: Reading file /sys/devices/system/cpu/cpu2/cache/index2/ways_of_associativity
[07Aug2026 18:36:35.179] [main/DEBUG] [oshi.util.FileUtil/]: Reading file /sys/devices/system/cpu/cpu2/cache/index2/ways_of_associativity
[07Aug2026 18:36:35.179] [main/DEBUG] [oshi.util.FileUtil/]: Reading file /sys/devices/system/cpu/cpu2/cache/index2/coherency_line_size
[07Aug2026 18:36:35.179] [main/DEBUG] [oshi.util.FileUtil/]: Reading file /sys/devices/system/cpu/cpu2/cache/index2/coherency_line_size
[07Aug2026 18:36:35.179] [main/DEBUG] [oshi.util.FileUtil/]: Reading file /sys/devices/system/cpu/cpu2/cache/index2/size
[07Aug2026 18:36:35.179] [main/DEBUG] [oshi.util.FileUtil/]: Reading file /sys/devices/system/cpu/cpu2/cache/index2/size
[07Aug2026 18:36:35.179] [main/DEBUG] [oshi.util.FileUtil/]: Reading file /sys/devices/system/cpu/cpu2/cache/index0/level
[07Aug2026 18:36:35.179] [main/DEBUG] [oshi.util.FileUtil/]: Reading file /sys/devices/system/cpu/cpu2/cache/index0/level
[07Aug2026 18:36:35.179] [main/DEBUG] [oshi.util.FileUtil/]: Reading file /sys/devices/system/cpu/cpu2/cache/index0/type
[07Aug2026 18:36:35.179] [main/DEBUG] [oshi.util.FileUtil/]: Reading file /sys/devices/system/cpu/cpu2/cache/index0/type
[07Aug2026 18:36:35.179] [main/DEBUG] [oshi.util.FileUtil/]: Reading file /sys/devices/system/cpu/cpu2/cache/index0/ways_of_associativity
[07Aug2026 18:36:35.179] [main/DEBUG] [oshi.util.FileUtil/]: Reading file /sys/devices/system/cpu/cpu2/cache/index0/ways_of_associativity
[07Aug2026 18:36:35.179] [main/DEBUG] [oshi.util.FileUtil/]: Reading file /sys/devices/system/cpu/cpu2/cache/index0/coherency_line_size
[07Aug2026 18:36:35.179] [main/DEBUG] [oshi.util.FileUtil/]: Reading file /sys/devices/system/cpu/cpu2/cache/index0/coherency_line_size
[07Aug2026 18:36:35.180] [main/DEBUG] [oshi.util.FileUtil/]: Reading file /sys/devices/system/cpu/cpu2/cache/index0/size
[07Aug2026 18:36:35.180] [main/DEBUG] [oshi.util.FileUtil/]: Reading file /sys/devices/system/cpu/cpu2/cache/index0/size
[07Aug2026 18:36:35.180] [main/DEBUG] [oshi.util.FileUtil/]: Reading file /sys/devices/system/cpu/cpu2/cache/index3/level
[07Aug2026 18:36:35.180] [main/DEBUG] [oshi.util.FileUtil/]: Reading file /sys/devices/system/cpu/cpu2/cache/index3/level
[07Aug2026 18:36:35.180] [main/DEBUG] [oshi.util.FileUtil/]: Reading file /sys/devices/system/cpu/cpu2/cache/index3/type
[07Aug2026 18:36:35.180] [main/DEBUG] [oshi.util.FileUtil/]: Reading file /sys/devices/system/cpu/cpu2/cache/index3/type
[07Aug2026 18:36:35.180] [main/DEBUG] [oshi.util.FileUtil/]: Reading file /sys/devices/system/cpu/cpu2/cache/index3/ways_of_associativity
[07Aug2026 18:36:35.180] [main/DEBUG] [oshi.util.FileUtil/]: Reading file /sys/devices/system/cpu/cpu2/cache/index3/ways_of_associativity
[07Aug2026 18:36:35.180] [main/DEBUG] [oshi.util.FileUtil/]: Reading file /sys/devices/system/cpu/cpu2/cache/index3/coherency_line_size
[07Aug2026 18:36:35.180] [main/DEBUG] [oshi.util.FileUtil/]: Reading file /sys/devices/system/cpu/cpu2/cache/index3/coherency_line_size
[07Aug2026 18:36:35.180] [main/DEBUG] [oshi.util.FileUtil/]: Reading file /sys/devices/system/cpu/cpu2/cache/index3/size
[07Aug2026 18:36:35.180] [main/DEBUG] [oshi.util.FileUtil/]: Reading file /sys/devices/system/cpu/cpu2/cache/index3/size
[07Aug2026 18:36:35.180] [main/DEBUG] [oshi.util.FileUtil/]: Reading file /sys/devices/system/cpu/cpu2/cache/index1/level
[07Aug2026 18:36:35.180] [main/DEBUG] [oshi.util.FileUtil/]: Reading file /sys/devices/system/cpu/cpu2/cache/index1/level
[07Aug2026 18:36:35.180] [main/DEBUG] [oshi.util.FileUtil/]: Reading file /sys/devices/system/cpu/cpu2/cache/index1/type
[07Aug2026 18:36:35.180] [main/DEBUG] [oshi.util.FileUtil/]: Reading file /sys/devices/system/cpu/cpu2/cache/index1/type
[07Aug2026 18:36:35.180] [main/DEBUG] [oshi.util.FileUtil/]: Reading file /sys/devices/system/cpu/cpu2/cache/index1/ways_of_associativity
[07Aug2026 18:36:35.180] [main/DEBUG] [oshi.util.FileUtil/]: Reading file /sys/devices/system/cpu/cpu2/cache/index1/ways_of_associativity
[07Aug2026 18:36:35.180] [main/DEBUG] [oshi.util.FileUtil/]: Reading file /sys/devices/system/cpu/cpu2/cache/index1/coherency_line_size
[07Aug2026 18:36:35.180] [main/DEBUG] [oshi.util.FileUtil/]: Reading file /sys/devices/system/cpu/cpu2/cache/index1/coherency_line_size
[07Aug2026 18:36:35.180] [main/DEBUG] [oshi.util.FileUtil/]: Reading file /sys/devices/system/cpu/cpu2/cache/index1/size
[07Aug2026 18:36:35.180] [main/DEBUG] [oshi.util.FileUtil/]: Reading file /sys/devices/system/cpu/cpu2/cache/index1/size
[07Aug2026 18:36:35.181] [main/DEBUG] [oshi.util.FileUtil/]: Reading file /sys/devices/system/cpu/cpu3/topology/core_id
[07Aug2026 18:36:35.181] [main/DEBUG] [oshi.util.FileUtil/]: Reading file /sys/devices/system/cpu/cpu3/topology/core_id
[07Aug2026 18:36:35.181] [main/DEBUG] [oshi.util.FileUtil/]: Reading file /sys/devices/system/cpu/cpu3/topology/physical_package_id
[07Aug2026 18:36:35.181] [main/DEBUG] [oshi.util.FileUtil/]: Reading file /sys/devices/system/cpu/cpu3/topology/physical_package_id
[07Aug2026 18:36:35.181] [main/DEBUG] [oshi.util.FileUtil/]: Reading file /sys/devices/system/cpu/cpu3/cpu_capacity
[07Aug2026 18:36:35.181] [main/DEBUG] [oshi.util.FileUtil/]: Reading file /sys/devices/system/cpu/cpu3/cpu_capacity
[07Aug2026 18:36:35.181] [main/DEBUG] [oshi.util.FileUtil/]: Reading file /sys/devices/system/cpu/cpu3/cache/index2/level
[07Aug2026 18:36:35.181] [main/DEBUG] [oshi.util.FileUtil/]: Reading file /sys/devices/system/cpu/cpu3/cache/index2/level
[07Aug2026 18:36:35.181] [main/DEBUG] [oshi.util.FileUtil/]: Reading file /sys/devices/system/cpu/cpu3/cache/index2/type
[07Aug2026 18:36:35.181] [main/DEBUG] [oshi.util.FileUtil/]: Reading file /sys/devices/system/cpu/cpu3/cache/index2/type
[07Aug2026 18:36:35.181] [main/DEBUG] [oshi.util.FileUtil/]: Reading file /sys/devices/system/cpu/cpu3/cache/index2/ways_of_associativity
[07Aug2026 18:36:35.182] [main/DEBUG] [oshi.util.FileUtil/]: Reading file /sys/devices/system/cpu/cpu3/cache/index2/ways_of_associativity
[07Aug2026 18:36:35.182] [main/DEBUG] [oshi.util.FileUtil/]: Reading file /sys/devices/system/cpu/cpu3/cache/index2/coherency_line_size
[07Aug2026 18:36:35.182] [main/DEBUG] [oshi.util.FileUtil/]: Reading file /sys/devices/system/cpu/cpu3/cache/index2/coherency_line_size
[07Aug2026 18:36:35.182] [main/DEBUG] [oshi.util.FileUtil/]: Reading file /sys/devices/system/cpu/cpu3/cache/index2/size
[07Aug2026 18:36:35.182] [main/DEBUG] [oshi.util.FileUtil/]: Reading file /sys/devices/system/cpu/cpu3/cache/index2/size
[07Aug2026 18:36:35.182] [main/DEBUG] [oshi.util.FileUtil/]: Reading file /sys/devices/system/cpu/cpu3/cache/index0/level
[07Aug2026 18:36:35.182] [main/DEBUG] [oshi.util.FileUtil/]: Reading file /sys/devices/system/cpu/cpu3/cache/index0/level
[07Aug2026 18:36:35.182] [main/DEBUG] [oshi.util.FileUtil/]: Reading file /sys/devices/system/cpu/cpu3/cache/index0/type
[07Aug2026 18:36:35.182] [main/DEBUG] [oshi.util.FileUtil/]: Reading file /sys/devices/system/cpu/cpu3/cache/index0/type
[07Aug2026 18:36:35.182] [main/DEBUG] [oshi.util.FileUtil/]: Reading file /sys/devices/system/cpu/cpu3/cache/index0/ways_of_associativity
[07Aug2026 18:36:35.182] [main/DEBUG] [oshi.util.FileUtil/]: Reading file /sys/devices/system/cpu/cpu3/cache/index0/ways_of_associativity
[07Aug2026 18:36:35.182] [main/DEBUG] [oshi.util.FileUtil/]: Reading file /sys/devices/system/cpu/cpu3/cache/index0/coherency_line_size
[07Aug2026 18:36:35.182] [main/DEBUG] [oshi.util.FileUtil/]: Reading file /sys/devices/system/cpu/cpu3/cache/index0/coherency_line_size
[07Aug2026 18:36:35.182] [main/DEBUG] [oshi.util.FileUtil/]: Reading file /sys/devices/system/cpu/cpu3/cache/index0/size
[07Aug2026 18:36:35.182] [main/DEBUG] [oshi.util.FileUtil/]: Reading file /sys/devices/system/cpu/cpu3/cache/index0/size
[07Aug2026 18:36:35.182] [main/DEBUG] [oshi.util.FileUtil/]: Reading file /sys/devices/system/cpu/cpu3/cache/index3/level
[07Aug2026 18:36:35.182] [main/DEBUG] [oshi.util.FileUtil/]: Reading file /sys/devices/system/cpu/cpu3/cache/index3/level
[07Aug2026 18:36:35.182] [main/DEBUG] [oshi.util.FileUtil/]: Reading file /sys/devices/system/cpu/cpu3/cache/index3/type
[07Aug2026 18:36:35.182] [main/DEBUG] [oshi.util.FileUtil/]: Reading file /sys/devices/system/cpu/cpu3/cache/index3/type
[07Aug2026 18:36:35.182] [main/DEBUG] [oshi.util.FileUtil/]: Reading file /sys/devices/system/cpu/cpu3/cache/index3/ways_of_associativity
[07Aug2026 18:36:35.182] [main/DEBUG] [oshi.util.FileUtil/]: Reading file /sys/devices/system/cpu/cpu3/cache/index3/ways_of_associativity
[07Aug2026 18:36:35.182] [main/DEBUG] [oshi.util.FileUtil/]: Reading file /sys/devices/system/cpu/cpu3/cache/index3/coherency_line_size
[07Aug2026 18:36:35.182] [main/DEBUG] [oshi.util.FileUtil/]: Reading file /sys/devices/system/cpu/cpu3/cache/index3/coherency_line_size
[07Aug2026 18:36:35.183] [main/DEBUG] [oshi.util.FileUtil/]: Reading file /sys/devices/system/cpu/cpu3/cache/index3/size
[07Aug2026 18:36:35.183] [main/DEBUG] [oshi.util.FileUtil/]: Reading file /sys/devices/system/cpu/cpu3/cache/index3/size
[07Aug2026 18:36:35.183] [main/DEBUG] [oshi.util.FileUtil/]: Reading file /sys/devices/system/cpu/cpu3/cache/index1/level
[07Aug2026 18:36:35.183] [main/DEBUG] [oshi.util.FileUtil/]: Reading file /sys/devices/system/cpu/cpu3/cache/index1/level
[07Aug2026 18:36:35.183] [main/DEBUG] [oshi.util.FileUtil/]: Reading file /sys/devices/system/cpu/cpu3/cache/index1/type
[07Aug2026 18:36:35.183] [main/DEBUG] [oshi.util.FileUtil/]: Reading file /sys/devices/system/cpu/cpu3/cache/index1/type
[07Aug2026 18:36:35.183] [main/DEBUG] [oshi.util.FileUtil/]: Reading file /sys/devices/system/cpu/cpu3/cache/index1/ways_of_associativity
[07Aug2026 18:36:35.183] [main/DEBUG] [oshi.util.FileUtil/]: Reading file /sys/devices/system/cpu/cpu3/cache/index1/ways_of_associativity
[07Aug2026 18:36:35.183] [main/DEBUG] [oshi.util.FileUtil/]: Reading file /sys/devices/system/cpu/cpu3/cache/index1/coherency_line_size
[07Aug2026 18:36:35.183] [main/DEBUG] [oshi.util.FileUtil/]: Reading file /sys/devices/system/cpu/cpu3/cache/index1/coherency_line_size
[07Aug2026 18:36:35.183] [main/DEBUG] [oshi.util.FileUtil/]: Reading file /sys/devices/system/cpu/cpu3/cache/index1/size
[07Aug2026 18:36:35.183] [main/DEBUG] [oshi.util.FileUtil/]: Reading file /sys/devices/system/cpu/cpu3/cache/index1/size
[07Aug2026 18:36:35.183] [main/DEBUG] [oshi.util.FileUtil/]: Reading file /sys/devices/system/cpu/cpu4/topology/core_id
[07Aug2026 18:36:35.184] [main/DEBUG] [oshi.util.FileUtil/]: Reading file /sys/devices/system/cpu/cpu4/topology/core_id
[07Aug2026 18:36:35.184] [main/DEBUG] [oshi.util.FileUtil/]: Reading file /sys/devices/system/cpu/cpu4/topology/physical_package_id
[07Aug2026 18:36:35.184] [main/DEBUG] [oshi.util.FileUtil/]: Reading file /sys/devices/system/cpu/cpu4/topology/physical_package_id
[07Aug2026 18:36:35.184] [main/DEBUG] [oshi.util.FileUtil/]: Reading file /sys/devices/system/cpu/cpu4/cpu_capacity
[07Aug2026 18:36:35.184] [main/DEBUG] [oshi.util.FileUtil/]: Reading file /sys/devices/system/cpu/cpu4/cpu_capacity
[07Aug2026 18:36:35.184] [main/DEBUG] [oshi.util.FileUtil/]: Reading file /sys/devices/system/cpu/cpu4/cache/index2/level
[07Aug2026 18:36:35.184] [main/DEBUG] [oshi.util.FileUtil/]: Reading file /sys/devices/system/cpu/cpu4/cache/index2/level
[07Aug2026 18:36:35.184] [main/DEBUG] [oshi.util.FileUtil/]: Reading file /sys/devices/system/cpu/cpu4/cache/index2/type
[07Aug2026 18:36:35.184] [main/DEBUG] [oshi.util.FileUtil/]: Reading file /sys/devices/system/cpu/cpu4/cache/index2/type
[07Aug2026 18:36:35.184] [main/DEBUG] [oshi.util.FileUtil/]: Reading file /sys/devices/system/cpu/cpu4/cache/index2/ways_of_associativity
[07Aug2026 18:36:35.184] [main/DEBUG] [oshi.util.FileUtil/]: Reading file /sys/devices/system/cpu/cpu4/cache/index2/ways_of_associativity
[07Aug2026 18:36:35.184] [main/DEBUG] [oshi.util.FileUtil/]: Reading file /sys/devices/system/cpu/cpu4/cache/index2/coherency_line_size
[07Aug2026 18:36:35.184] [main/DEBUG] [oshi.util.FileUtil/]: Reading file /sys/devices/system/cpu/cpu4/cache/index2/coherency_line_size
[07Aug2026 18:36:35.184] [main/DEBUG] [oshi.util.FileUtil/]: Reading file /sys/devices/system/cpu/cpu4/cache/index2/size
[07Aug2026 18:36:35.184] [main/DEBUG] [oshi.util.FileUtil/]: Reading file /sys/devices/system/cpu/cpu4/cache/index2/size
[07Aug2026 18:36:35.184] [main/DEBUG] [oshi.util.FileUtil/]: Reading file /sys/devices/system/cpu/cpu4/cache/index0/level
[07Aug2026 18:36:35.184] [main/DEBUG] [oshi.util.FileUtil/]: Reading file /sys/devices/system/cpu/cpu4/cache/index0/level
[07Aug2026 18:36:35.184] [main/DEBUG] [oshi.util.FileUtil/]: Reading file /sys/devices/system/cpu/cpu4/cache/index0/type
[07Aug2026 18:36:35.184] [main/DEBUG] [oshi.util.FileUtil/]: Reading file /sys/devices/system/cpu/cpu4/cache/index0/type
[07Aug2026 18:36:35.185] [main/DEBUG] [oshi.util.FileUtil/]: Reading file /sys/devices/system/cpu/cpu4/cache/index0/ways_of_associativity
[07Aug2026 18:36:35.185] [main/DEBUG] [oshi.util.FileUtil/]: Reading file /sys/devices/system/cpu/cpu4/cache/index0/ways_of_associativity
[07Aug2026 18:36:35.185] [main/DEBUG] [oshi.util.FileUtil/]: Reading file /sys/devices/system/cpu/cpu4/cache/index0/coherency_line_size
[07Aug2026 18:36:35.185] [main/DEBUG] [oshi.util.FileUtil/]: Reading file /sys/devices/system/cpu/cpu4/cache/index0/coherency_line_size
[07Aug2026 18:36:35.185] [main/DEBUG] [oshi.util.FileUtil/]: Reading file /sys/devices/system/cpu/cpu4/cache/index0/size
[07Aug2026 18:36:35.185] [main/DEBUG] [oshi.util.FileUtil/]: Reading file /sys/devices/system/cpu/cpu4/cache/index0/size
[07Aug2026 18:36:35.185] [main/DEBUG] [oshi.util.FileUtil/]: Reading file /sys/devices/system/cpu/cpu4/cache/index3/level
[07Aug2026 18:36:35.185] [main/DEBUG] [oshi.util.FileUtil/]: Reading file /sys/devices/system/cpu/cpu4/cache/index3/level
[07Aug2026 18:36:35.185] [main/DEBUG] [oshi.util.FileUtil/]: Reading file /sys/devices/system/cpu/cpu4/cache/index3/type
[07Aug2026 18:36:35.185] [main/DEBUG] [oshi.util.FileUtil/]: Reading file /sys/devices/system/cpu/cpu4/cache/index3/type
[07Aug2026 18:36:35.185] [main/DEBUG] [oshi.util.FileUtil/]: Reading file /sys/devices/system/cpu/cpu4/cache/index3/ways_of_associativity
[07Aug2026 18:36:35.185] [main/DEBUG] [oshi.util.FileUtil/]: Reading file /sys/devices/system/cpu/cpu4/cache/index3/ways_of_associativity
[07Aug2026 18:36:35.185] [main/DEBUG] [oshi.util.FileUtil/]: Reading file /sys/devices/system/cpu/cpu4/cache/index3/coherency_line_size
[07Aug2026 18:36:35.185] [main/DEBUG] [oshi.util.FileUtil/]: Reading file /sys/devices/system/cpu/cpu4/cache/index3/coherency_line_size
[07Aug2026 18:36:35.185] [main/DEBUG] [oshi.util.FileUtil/]: Reading file /sys/devices/system/cpu/cpu4/cache/index3/size
[07Aug2026 18:36:35.185] [main/DEBUG] [oshi.util.FileUtil/]: Reading file /sys/devices/system/cpu/cpu4/cache/index3/size
[07Aug2026 18:36:35.185] [main/DEBUG] [oshi.util.FileUtil/]: Reading file /sys/devices/system/cpu/cpu4/cache/index1/level
[07Aug2026 18:36:35.185] [main/DEBUG] [oshi.util.FileUtil/]: Reading file /sys/devices/system/cpu/cpu4/cache/index1/level
[07Aug2026 18:36:35.185] [main/DEBUG] [oshi.util.FileUtil/]: Reading file /sys/devices/system/cpu/cpu4/cache/index1/type
[07Aug2026 18:36:35.185] [main/DEBUG] [oshi.util.FileUtil/]: Reading file /sys/devices/system/cpu/cpu4/cache/index1/type
[07Aug2026 18:36:35.185] [main/DEBUG] [oshi.util.FileUtil/]: Reading file /sys/devices/system/cpu/cpu4/cache/index1/ways_of_associativity
[07Aug2026 18:36:35.185] [main/DEBUG] [oshi.util.FileUtil/]: Reading file /sys/devices/system/cpu/cpu4/cache/index1/ways_of_associativity
[07Aug2026 18:36:35.186] [main/DEBUG] [oshi.util.FileUtil/]: Reading file /sys/devices/system/cpu/cpu4/cache/index1/coherency_line_size
[07Aug2026 18:36:35.186] [main/DEBUG] [oshi.util.FileUtil/]: Reading file /sys/devices/system/cpu/cpu4/cache/index1/coherency_line_size
[07Aug2026 18:36:35.186] [main/DEBUG] [oshi.util.FileUtil/]: Reading file /sys/devices/system/cpu/cpu4/cache/index1/size
[07Aug2026 18:36:35.186] [main/DEBUG] [oshi.util.FileUtil/]: Reading file /sys/devices/system/cpu/cpu4/cache/index1/size
[07Aug2026 18:36:35.186] [main/DEBUG] [oshi.util.FileUtil/]: Reading file /sys/devices/system/cpu/cpu5/topology/core_id
[07Aug2026 18:36:35.186] [main/DEBUG] [oshi.util.FileUtil/]: Reading file /sys/devices/system/cpu/cpu5/topology/core_id
[07Aug2026 18:36:35.186] [main/DEBUG] [oshi.util.FileUtil/]: Reading file /sys/devices/system/cpu/cpu5/topology/physical_package_id
[07Aug2026 18:36:35.186] [main/DEBUG] [oshi.util.FileUtil/]: Reading file /sys/devices/system/cpu/cpu5/topology/physical_package_id
[07Aug2026 18:36:35.186] [main/DEBUG] [oshi.util.FileUtil/]: Reading file /sys/devices/system/cpu/cpu5/cpu_capacity
[07Aug2026 18:36:35.187] [main/DEBUG] [oshi.util.FileUtil/]: Reading file /sys/devices/system/cpu/cpu5/cpu_capacity
[07Aug2026 18:36:35.187] [main/DEBUG] [oshi.util.FileUtil/]: Reading file /sys/devices/system/cpu/cpu5/cache/index2/level
[07Aug2026 18:36:35.187] [main/DEBUG] [oshi.util.FileUtil/]: Reading file /sys/devices/system/cpu/cpu5/cache/index2/level
[07Aug2026 18:36:35.187] [main/DEBUG] [oshi.util.FileUtil/]: Reading file /sys/devices/system/cpu/cpu5/cache/index2/type
[07Aug2026 18:36:35.187] [main/DEBUG] [oshi.util.FileUtil/]: Reading file /sys/devices/system/cpu/cpu5/cache/index2/type
[07Aug2026 18:36:35.187] [main/DEBUG] [oshi.util.FileUtil/]: Reading file /sys/devices/system/cpu/cpu5/cache/index2/ways_of_associativity
[07Aug2026 18:36:35.187] [main/DEBUG] [oshi.util.FileUtil/]: Reading file /sys/devices/system/cpu/cpu5/cache/index2/ways_of_associativity
[07Aug2026 18:36:35.187] [main/DEBUG] [oshi.util.FileUtil/]: Reading file /sys/devices/system/cpu/cpu5/cache/index2/coherency_line_size
[07Aug2026 18:36:35.187] [main/DEBUG] [oshi.util.FileUtil/]: Reading file /sys/devices/system/cpu/cpu5/cache/index2/coherency_line_size
[07Aug2026 18:36:35.187] [main/DEBUG] [oshi.util.FileUtil/]: Reading file /sys/devices/system/cpu/cpu5/cache/index2/size
[07Aug2026 18:36:35.187] [main/DEBUG] [oshi.util.FileUtil/]: Reading file /sys/devices/system/cpu/cpu5/cache/index2/size
[07Aug2026 18:36:35.187] [main/DEBUG] [oshi.util.FileUtil/]: Reading file /sys/devices/system/cpu/cpu5/cache/index0/level
[07Aug2026 18:36:35.187] [main/DEBUG] [oshi.util.FileUtil/]: Reading file /sys/devices/system/cpu/cpu5/cache/index0/level
[07Aug2026 18:36:35.187] [main/DEBUG] [oshi.util.FileUtil/]: Reading file /sys/devices/system/cpu/cpu5/cache/index0/type
[07Aug2026 18:36:35.187] [main/DEBUG] [oshi.util.FileUtil/]: Reading file /sys/devices/system/cpu/cpu5/cache/index0/type
[07Aug2026 18:36:35.187] [main/DEBUG] [oshi.util.FileUtil/]: Reading file /sys/devices/system/cpu/cpu5/cache/index0/ways_of_associativity
[07Aug2026 18:36:35.187] [main/DEBUG] [oshi.util.FileUtil/]: Reading file /sys/devices/system/cpu/cpu5/cache/index0/ways_of_associativity
[07Aug2026 18:36:35.187] [main/DEBUG] [oshi.util.FileUtil/]: Reading file /sys/devices/system/cpu/cpu5/cache/index0/coherency_line_size
[07Aug2026 18:36:35.187] [main/DEBUG] [oshi.util.FileUtil/]: Reading file /sys/devices/system/cpu/cpu5/cache/index0/coherency_line_size
[07Aug2026 18:36:35.187] [main/DEBUG] [oshi.util.FileUtil/]: Reading file /sys/devices/system/cpu/cpu5/cache/index0/size
[07Aug2026 18:36:35.187] [main/DEBUG] [oshi.util.FileUtil/]: Reading file /sys/devices/system/cpu/cpu5/cache/index0/size
[07Aug2026 18:36:35.187] [main/DEBUG] [oshi.util.FileUtil/]: Reading file /sys/devices/system/cpu/cpu5/cache/index3/level
[07Aug2026 18:36:35.187] [main/DEBUG] [oshi.util.FileUtil/]: Reading file /sys/devices/system/cpu/cpu5/cache/index3/level
[07Aug2026 18:36:35.188] [main/DEBUG] [oshi.util.FileUtil/]: Reading file /sys/devices/system/cpu/cpu5/cache/index3/type
[07Aug2026 18:36:35.188] [main/DEBUG] [oshi.util.FileUtil/]: Reading file /sys/devices/system/cpu/cpu5/cache/index3/type
[07Aug2026 18:36:35.188] [main/DEBUG] [oshi.util.FileUtil/]: Reading file /sys/devices/system/cpu/cpu5/cache/index3/ways_of_associativity
[07Aug2026 18:36:35.188] [main/DEBUG] [oshi.util.FileUtil/]: Reading file /sys/devices/system/cpu/cpu5/cache/index3/ways_of_associativity
[07Aug2026 18:36:35.188] [main/DEBUG] [oshi.util.FileUtil/]: Reading file /sys/devices/system/cpu/cpu5/cache/index3/coherency_line_size
[07Aug2026 18:36:35.188] [main/DEBUG] [oshi.util.FileUtil/]: Reading file /sys/devices/system/cpu/cpu5/cache/index3/coherency_line_size
[07Aug2026 18:36:35.188] [main/DEBUG] [oshi.util.FileUtil/]: Reading file /sys/devices/system/cpu/cpu5/cache/index3/size
[07Aug2026 18:36:35.188] [main/DEBUG] [oshi.util.FileUtil/]: Reading file /sys/devices/system/cpu/cpu5/cache/index3/size
[07Aug2026 18:36:35.188] [main/DEBUG] [oshi.util.FileUtil/]: Reading file /sys/devices/system/cpu/cpu5/cache/index1/level
[07Aug2026 18:36:35.188] [main/DEBUG] [oshi.util.FileUtil/]: Reading file /sys/devices/system/cpu/cpu5/cache/index1/level
[07Aug2026 18:36:35.188] [main/DEBUG] [oshi.util.FileUtil/]: Reading file /sys/devices/system/cpu/cpu5/cache/index1/type
[07Aug2026 18:36:35.188] [main/DEBUG] [oshi.util.FileUtil/]: Reading file /sys/devices/system/cpu/cpu5/cache/index1/type
[07Aug2026 18:36:35.188] [main/DEBUG] [oshi.util.FileUtil/]: Reading file /sys/devices/system/cpu/cpu5/cache/index1/ways_of_associativity
[07Aug2026 18:36:35.188] [main/DEBUG] [oshi.util.FileUtil/]: Reading file /sys/devices/system/cpu/cpu5/cache/index1/ways_of_associativity
[07Aug2026 18:36:35.188] [main/DEBUG] [oshi.util.FileUtil/]: Reading file /sys/devices/system/cpu/cpu5/cache/index1/coherency_line_size
[07Aug2026 18:36:35.188] [main/DEBUG] [oshi.util.FileUtil/]: Reading file /sys/devices/system/cpu/cpu5/cache/index1/coherency_line_size
[07Aug2026 18:36:35.188] [main/DEBUG] [oshi.util.FileUtil/]: Reading file /sys/devices/system/cpu/cpu5/cache/index1/size
[07Aug2026 18:36:35.188] [main/DEBUG] [oshi.util.FileUtil/]: Reading file /sys/devices/system/cpu/cpu5/cache/index1/size
[07Aug2026 18:36:35.189] [main/DEBUG] [oshi.util.FileUtil/]: Reading file /sys/devices/system/cpu/cpu6/topology/core_id
[07Aug2026 18:36:35.189] [main/DEBUG] [oshi.util.FileUtil/]: Reading file /sys/devices/system/cpu/cpu6/topology/core_id
[07Aug2026 18:36:35.189] [main/DEBUG] [oshi.util.FileUtil/]: Reading file /sys/devices/system/cpu/cpu6/topology/physical_package_id
[07Aug2026 18:36:35.189] [main/DEBUG] [oshi.util.FileUtil/]: Reading file /sys/devices/system/cpu/cpu6/topology/physical_package_id
[07Aug2026 18:36:35.189] [main/DEBUG] [oshi.util.FileUtil/]: Reading file /sys/devices/system/cpu/cpu6/cpu_capacity
[07Aug2026 18:36:35.189] [main/DEBUG] [oshi.util.FileUtil/]: Reading file /sys/devices/system/cpu/cpu6/cpu_capacity
[07Aug2026 18:36:35.189] [main/DEBUG] [oshi.util.FileUtil/]: Reading file /sys/devices/system/cpu/cpu6/cache/index2/level
[07Aug2026 18:36:35.189] [main/DEBUG] [oshi.util.FileUtil/]: Reading file /sys/devices/system/cpu/cpu6/cache/index2/level
[07Aug2026 18:36:35.189] [main/DEBUG] [oshi.util.FileUtil/]: Reading file /sys/devices/system/cpu/cpu6/cache/index2/type
[07Aug2026 18:36:35.189] [main/DEBUG] [oshi.util.FileUtil/]: Reading file /sys/devices/system/cpu/cpu6/cache/index2/type
[07Aug2026 18:36:35.189] [main/DEBUG] [oshi.util.FileUtil/]: Reading file /sys/devices/system/cpu/cpu6/cache/index2/ways_of_associativity
[07Aug2026 18:36:35.189] [main/DEBUG] [oshi.util.FileUtil/]: Reading file /sys/devices/system/cpu/cpu6/cache/index2/ways_of_associativity
[07Aug2026 18:36:35.189] [main/DEBUG] [oshi.util.FileUtil/]: Reading file /sys/devices/system/cpu/cpu6/cache/index2/coherency_line_size
[07Aug2026 18:36:35.189] [main/DEBUG] [oshi.util.FileUtil/]: Reading file /sys/devices/system/cpu/cpu6/cache/index2/coherency_line_size
[07Aug2026 18:36:35.189] [main/DEBUG] [oshi.util.FileUtil/]: Reading file /sys/devices/system/cpu/cpu6/cache/index2/size
[07Aug2026 18:36:35.189] [main/DEBUG] [oshi.util.FileUtil/]: Reading file /sys/devices/system/cpu/cpu6/cache/index2/size
[07Aug2026 18:36:35.189] [main/DEBUG] [oshi.util.FileUtil/]: Reading file /sys/devices/system/cpu/cpu6/cache/index0/level
[07Aug2026 18:36:35.189] [main/DEBUG] [oshi.util.FileUtil/]: Reading file /sys/devices/system/cpu/cpu6/cache/index0/level
[07Aug2026 18:36:35.189] [main/DEBUG] [oshi.util.FileUtil/]: Reading file /sys/devices/system/cpu/cpu6/cache/index0/type
[07Aug2026 18:36:35.189] [main/DEBUG] [oshi.util.FileUtil/]: Reading file /sys/devices/system/cpu/cpu6/cache/index0/type
[07Aug2026 18:36:35.189] [main/DEBUG] [oshi.util.FileUtil/]: Reading file /sys/devices/system/cpu/cpu6/cache/index0/ways_of_associativity
[07Aug2026 18:36:35.189] [main/DEBUG] [oshi.util.FileUtil/]: Reading file /sys/devices/system/cpu/cpu6/cache/index0/ways_of_associativity
[07Aug2026 18:36:35.189] [main/DEBUG] [oshi.util.FileUtil/]: Reading file /sys/devices/system/cpu/cpu6/cache/index0/coherency_line_size
[07Aug2026 18:36:35.189] [main/DEBUG] [oshi.util.FileUtil/]: Reading file /sys/devices/system/cpu/cpu6/cache/index0/coherency_line_size
[07Aug2026 18:36:35.190] [main/DEBUG] [oshi.util.FileUtil/]: Reading file /sys/devices/system/cpu/cpu6/cache/index0/size
[07Aug2026 18:36:35.190] [main/DEBUG] [oshi.util.FileUtil/]: Reading file /sys/devices/system/cpu/cpu6/cache/index0/size
[07Aug2026 18:36:35.190] [main/DEBUG] [oshi.util.FileUtil/]: Reading file /sys/devices/system/cpu/cpu6/cache/index3/level
[07Aug2026 18:36:35.190] [main/DEBUG] [oshi.util.FileUtil/]: Reading file /sys/devices/system/cpu/cpu6/cache/index3/level
[07Aug2026 18:36:35.190] [main/DEBUG] [oshi.util.FileUtil/]: Reading file /sys/devices/system/cpu/cpu6/cache/index3/type
[07Aug2026 18:36:35.190] [main/DEBUG] [oshi.util.FileUtil/]: Reading file /sys/devices/system/cpu/cpu6/cache/index3/type
[07Aug2026 18:36:35.190] [main/DEBUG] [oshi.util.FileUtil/]: Reading file /sys/devices/system/cpu/cpu6/cache/index3/ways_of_associativity
[07Aug2026 18:36:35.190] [main/DEBUG] [oshi.util.FileUtil/]: Reading file /sys/devices/system/cpu/cpu6/cache/index3/ways_of_associativity
[07Aug2026 18:36:35.190] [main/DEBUG] [oshi.util.FileUtil/]: Reading file /sys/devices/system/cpu/cpu6/cache/index3/coherency_line_size
[07Aug2026 18:36:35.190] [main/DEBUG] [oshi.util.FileUtil/]: Reading file /sys/devices/system/cpu/cpu6/cache/index3/coherency_line_size
[07Aug2026 18:36:35.190] [main/DEBUG] [oshi.util.FileUtil/]: Reading file /sys/devices/system/cpu/cpu6/cache/index3/size
[07Aug2026 18:36:35.190] [main/DEBUG] [oshi.util.FileUtil/]: Reading file /sys/devices/system/cpu/cpu6/cache/index3/size
[07Aug2026 18:36:35.190] [main/DEBUG] [oshi.util.FileUtil/]: Reading file /sys/devices/system/cpu/cpu6/cache/index1/level
[07Aug2026 18:36:35.190] [main/DEBUG] [oshi.util.FileUtil/]: Reading file /sys/devices/system/cpu/cpu6/cache/index1/level
[07Aug2026 18:36:35.190] [main/DEBUG] [oshi.util.FileUtil/]: Reading file /sys/devices/system/cpu/cpu6/cache/index1/type
[07Aug2026 18:36:35.190] [main/DEBUG] [oshi.util.FileUtil/]: Reading file /sys/devices/system/cpu/cpu6/cache/index1/type
[07Aug2026 18:36:35.190] [main/DEBUG] [oshi.util.FileUtil/]: Reading file /sys/devices/system/cpu/cpu6/cache/index1/ways_of_associativity
[07Aug2026 18:36:35.190] [main/DEBUG] [oshi.util.FileUtil/]: Reading file /sys/devices/system/cpu/cpu6/cache/index1/ways_of_associativity
[07Aug2026 18:36:35.190] [main/DEBUG] [oshi.util.FileUtil/]: Reading file /sys/devices/system/cpu/cpu6/cache/index1/coherency_line_size
[07Aug2026 18:36:35.190] [main/DEBUG] [oshi.util.FileUtil/]: Reading file /sys/devices/system/cpu/cpu6/cache/index1/coherency_line_size
[07Aug2026 18:36:35.190] [main/DEBUG] [oshi.util.FileUtil/]: Reading file /sys/devices/system/cpu/cpu6/cache/index1/size
[07Aug2026 18:36:35.190] [main/DEBUG] [oshi.util.FileUtil/]: Reading file /sys/devices/system/cpu/cpu6/cache/index1/size
[07Aug2026 18:36:35.191] [main/DEBUG] [oshi.util.FileUtil/]: Reading file /sys/devices/system/cpu/cpu7/topology/core_id
[07Aug2026 18:36:35.191] [main/DEBUG] [oshi.util.FileUtil/]: Reading file /sys/devices/system/cpu/cpu7/topology/core_id
[07Aug2026 18:36:35.191] [main/DEBUG] [oshi.util.FileUtil/]: Reading file /sys/devices/system/cpu/cpu7/topology/physical_package_id
[07Aug2026 18:36:35.191] [main/DEBUG] [oshi.util.FileUtil/]: Reading file /sys/devices/system/cpu/cpu7/topology/physical_package_id
[07Aug2026 18:36:35.191] [main/DEBUG] [oshi.util.FileUtil/]: Reading file /sys/devices/system/cpu/cpu7/cpu_capacity
[07Aug2026 18:36:35.191] [main/DEBUG] [oshi.util.FileUtil/]: Reading file /sys/devices/system/cpu/cpu7/cpu_capacity
[07Aug2026 18:36:35.191] [main/DEBUG] [oshi.util.FileUtil/]: Reading file /sys/devices/system/cpu/cpu7/cache/index2/level
[07Aug2026 18:36:35.191] [main/DEBUG] [oshi.util.FileUtil/]: Reading file /sys/devices/system/cpu/cpu7/cache/index2/level
[07Aug2026 18:36:35.191] [main/DEBUG] [oshi.util.FileUtil/]: Reading file /sys/devices/system/cpu/cpu7/cache/index2/type
[07Aug2026 18:36:35.191] [main/DEBUG] [oshi.util.FileUtil/]: Reading file /sys/devices/system/cpu/cpu7/cache/index2/type
[07Aug2026 18:36:35.191] [main/DEBUG] [oshi.util.FileUtil/]: Reading file /sys/devices/system/cpu/cpu7/cache/index2/ways_of_associativity
[07Aug2026 18:36:35.191] [main/DEBUG] [oshi.util.FileUtil/]: Reading file /sys/devices/system/cpu/cpu7/cache/index2/ways_of_associativity
[07Aug2026 18:36:35.191] [main/DEBUG] [oshi.util.FileUtil/]: Reading file /sys/devices/system/cpu/cpu7/cache/index2/coherency_line_size
[07Aug2026 18:36:35.191] [main/DEBUG] [oshi.util.FileUtil/]: Reading file /sys/devices/system/cpu/cpu7/cache/index2/coherency_line_size
[07Aug2026 18:36:35.191] [main/DEBUG] [oshi.util.FileUtil/]: Reading file /sys/devices/system/cpu/cpu7/cache/index2/size
[07Aug2026 18:36:35.191] [main/DEBUG] [oshi.util.FileUtil/]: Reading file /sys/devices/system/cpu/cpu7/cache/index2/size
[07Aug2026 18:36:35.191] [main/DEBUG] [oshi.util.FileUtil/]: Reading file /sys/devices/system/cpu/cpu7/cache/index0/level
[07Aug2026 18:36:35.191] [main/DEBUG] [oshi.util.FileUtil/]: Reading file /sys/devices/system/cpu/cpu7/cache/index0/level
[07Aug2026 18:36:35.191] [main/DEBUG] [oshi.util.FileUtil/]: Reading file /sys/devices/system/cpu/cpu7/cache/index0/type
[07Aug2026 18:36:35.191] [main/DEBUG] [oshi.util.FileUtil/]: Reading file /sys/devices/system/cpu/cpu7/cache/index0/type
[07Aug2026 18:36:35.191] [main/DEBUG] [oshi.util.FileUtil/]: Reading file /sys/devices/system/cpu/cpu7/cache/index0/ways_of_associativity
[07Aug2026 18:36:35.191] [main/DEBUG] [oshi.util.FileUtil/]: Reading file /sys/devices/system/cpu/cpu7/cache/index0/ways_of_associativity
[07Aug2026 18:36:35.192] [main/DEBUG] [oshi.util.FileUtil/]: Reading file /sys/devices/system/cpu/cpu7/cache/index0/coherency_line_size
[07Aug2026 18:36:35.192] [main/DEBUG] [oshi.util.FileUtil/]: Reading file /sys/devices/system/cpu/cpu7/cache/index0/coherency_line_size
[07Aug2026 18:36:35.192] [main/DEBUG] [oshi.util.FileUtil/]: Reading file /sys/devices/system/cpu/cpu7/cache/index0/size
[07Aug2026 18:36:35.192] [main/DEBUG] [oshi.util.FileUtil/]: Reading file /sys/devices/system/cpu/cpu7/cache/index0/size
[07Aug2026 18:36:35.192] [main/DEBUG] [oshi.util.FileUtil/]: Reading file /sys/devices/system/cpu/cpu7/cache/index3/level
[07Aug2026 18:36:35.192] [main/DEBUG] [oshi.util.FileUtil/]: Reading file /sys/devices/system/cpu/cpu7/cache/index3/level
[07Aug2026 18:36:35.192] [main/DEBUG] [oshi.util.FileUtil/]: Reading file /sys/devices/system/cpu/cpu7/cache/index3/type
[07Aug2026 18:36:35.192] [main/DEBUG] [oshi.util.FileUtil/]: Reading file /sys/devices/system/cpu/cpu7/cache/index3/type
[07Aug2026 18:36:35.192] [main/DEBUG] [oshi.util.FileUtil/]: Reading file /sys/devices/system/cpu/cpu7/cache/index3/ways_of_associativity
[07Aug2026 18:36:35.192] [main/DEBUG] [oshi.util.FileUtil/]: Reading file /sys/devices/system/cpu/cpu7/cache/index3/ways_of_associativity
[07Aug2026 18:36:35.192] [main/DEBUG] [oshi.util.FileUtil/]: Reading file /sys/devices/system/cpu/cpu7/cache/index3/coherency_line_size
[07Aug2026 18:36:35.192] [main/DEBUG] [oshi.util.FileUtil/]: Reading file /sys/devices/system/cpu/cpu7/cache/index3/coherency_line_size
[07Aug2026 18:36:35.192] [main/DEBUG] [oshi.util.FileUtil/]: Reading file /sys/devices/system/cpu/cpu7/cache/index3/size
[07Aug2026 18:36:35.192] [main/DEBUG] [oshi.util.FileUtil/]: Reading file /sys/devices/system/cpu/cpu7/cache/index3/size
[07Aug2026 18:36:35.192] [main/DEBUG] [oshi.util.FileUtil/]: Reading file /sys/devices/system/cpu/cpu7/cache/index1/level
[07Aug2026 18:36:35.192] [main/DEBUG] [oshi.util.FileUtil/]: Reading file /sys/devices/system/cpu/cpu7/cache/index1/level
[07Aug2026 18:36:35.192] [main/DEBUG] [oshi.util.FileUtil/]: Reading file /sys/devices/system/cpu/cpu7/cache/index1/type
[07Aug2026 18:36:35.192] [main/DEBUG] [oshi.util.FileUtil/]: Reading file /sys/devices/system/cpu/cpu7/cache/index1/type
[07Aug2026 18:36:35.192] [main/DEBUG] [oshi.util.FileUtil/]: Reading file /sys/devices/system/cpu/cpu7/cache/index1/ways_of_associativity
[07Aug2026 18:36:35.192] [main/DEBUG] [oshi.util.FileUtil/]: Reading file /sys/devices/system/cpu/cpu7/cache/index1/ways_of_associativity
[07Aug2026 18:36:35.192] [main/DEBUG] [oshi.util.FileUtil/]: Reading file /sys/devices/system/cpu/cpu7/cache/index1/coherency_line_size
[07Aug2026 18:36:35.192] [main/DEBUG] [oshi.util.FileUtil/]: Reading file /sys/devices/system/cpu/cpu7/cache/index1/coherency_line_size
[07Aug2026 18:36:35.192] [main/DEBUG] [oshi.util.FileUtil/]: Reading file /sys/devices/system/cpu/cpu7/cache/index1/size
[07Aug2026 18:36:35.192] [main/DEBUG] [oshi.util.FileUtil/]: Reading file /sys/devices/system/cpu/cpu7/cache/index1/size
[07Aug2026 18:36:35.193] [main/DEBUG] [oshi.util.FileUtil/]: Reading file /sys/devices/system/cpu/cpu8/topology/core_id
[07Aug2026 18:36:35.193] [main/DEBUG] [oshi.util.FileUtil/]: Reading file /sys/devices/system/cpu/cpu8/topology/core_id
[07Aug2026 18:36:35.193] [main/DEBUG] [oshi.util.FileUtil/]: Reading file /sys/devices/system/cpu/cpu8/topology/physical_package_id
[07Aug2026 18:36:35.193] [main/DEBUG] [oshi.util.FileUtil/]: Reading file /sys/devices/system/cpu/cpu8/topology/physical_package_id
[07Aug2026 18:36:35.193] [main/DEBUG] [oshi.util.FileUtil/]: Reading file /sys/devices/system/cpu/cpu8/cpu_capacity
[07Aug2026 18:36:35.193] [main/DEBUG] [oshi.util.FileUtil/]: Reading file /sys/devices/system/cpu/cpu8/cpu_capacity
[07Aug2026 18:36:35.193] [main/DEBUG] [oshi.util.FileUtil/]: Reading file /sys/devices/system/cpu/cpu8/cache/index2/level
[07Aug2026 18:36:35.193] [main/DEBUG] [oshi.util.FileUtil/]: Reading file /sys/devices/system/cpu/cpu8/cache/index2/level
[07Aug2026 18:36:35.193] [main/DEBUG] [oshi.util.FileUtil/]: Reading file /sys/devices/system/cpu/cpu8/cache/index2/type
[07Aug2026 18:36:35.193] [main/DEBUG] [oshi.util.FileUtil/]: Reading file /sys/devices/system/cpu/cpu8/cache/index2/type
[07Aug2026 18:36:35.193] [main/DEBUG] [oshi.util.FileUtil/]: Reading file /sys/devices/system/cpu/cpu8/cache/index2/ways_of_associativity
[07Aug2026 18:36:35.193] [main/DEBUG] [oshi.util.FileUtil/]: Reading file /sys/devices/system/cpu/cpu8/cache/index2/ways_of_associativity
[07Aug2026 18:36:35.193] [main/DEBUG] [oshi.util.FileUtil/]: Reading file /sys/devices/system/cpu/cpu8/cache/index2/coherency_line_size
[07Aug2026 18:36:35.193] [main/DEBUG] [oshi.util.FileUtil/]: Reading file /sys/devices/system/cpu/cpu8/cache/index2/coherency_line_size
[07Aug2026 18:36:35.193] [main/DEBUG] [oshi.util.FileUtil/]: Reading file /sys/devices/system/cpu/cpu8/cache/index2/size
[07Aug2026 18:36:35.193] [main/DEBUG] [oshi.util.FileUtil/]: Reading file /sys/devices/system/cpu/cpu8/cache/index2/size
[07Aug2026 18:36:35.193] [main/DEBUG] [oshi.util.FileUtil/]: Reading file /sys/devices/system/cpu/cpu8/cache/index0/level
[07Aug2026 18:36:35.193] [main/DEBUG] [oshi.util.FileUtil/]: Reading file /sys/devices/system/cpu/cpu8/cache/index0/level
[07Aug2026 18:36:35.194] [main/DEBUG] [oshi.util.FileUtil/]: Reading file /sys/devices/system/cpu/cpu8/cache/index0/type
[07Aug2026 18:36:35.194] [main/DEBUG] [oshi.util.FileUtil/]: Reading file /sys/devices/system/cpu/cpu8/cache/index0/type
[07Aug2026 18:36:35.194] [main/DEBUG] [oshi.util.FileUtil/]: Reading file /sys/devices/system/cpu/cpu8/cache/index0/ways_of_associativity
[07Aug2026 18:36:35.194] [main/DEBUG] [oshi.util.FileUtil/]: Reading file /sys/devices/system/cpu/cpu8/cache/index0/ways_of_associativity
[07Aug2026 18:36:35.194] [main/DEBUG] [oshi.util.FileUtil/]: Reading file /sys/devices/system/cpu/cpu8/cache/index0/coherency_line_size
[07Aug2026 18:36:35.194] [main/DEBUG] [oshi.util.FileUtil/]: Reading file /sys/devices/system/cpu/cpu8/cache/index0/coherency_line_size
[07Aug2026 18:36:35.194] [main/DEBUG] [oshi.util.FileUtil/]: Reading file /sys/devices/system/cpu/cpu8/cache/index0/size
[07Aug2026 18:36:35.194] [main/DEBUG] [oshi.util.FileUtil/]: Reading file /sys/devices/system/cpu/cpu8/cache/index0/size
[07Aug2026 18:36:35.194] [main/DEBUG] [oshi.util.FileUtil/]: Reading file /sys/devices/system/cpu/cpu8/cache/index3/level
[07Aug2026 18:36:35.194] [main/DEBUG] [oshi.util.FileUtil/]: Reading file /sys/devices/system/cpu/cpu8/cache/index3/level
[07Aug2026 18:36:35.194] [main/DEBUG] [oshi.util.FileUtil/]: Reading file /sys/devices/system/cpu/cpu8/cache/index3/type
[07Aug2026 18:36:35.194] [main/DEBUG] [oshi.util.FileUtil/]: Reading file /sys/devices/system/cpu/cpu8/cache/index3/type
[07Aug2026 18:36:35.194] [main/DEBUG] [oshi.util.FileUtil/]: Reading file /sys/devices/system/cpu/cpu8/cache/index3/ways_of_associativity
[07Aug2026 18:36:35.194] [main/DEBUG] [oshi.util.FileUtil/]: Reading file /sys/devices/system/cpu/cpu8/cache/index3/ways_of_associativity
[07Aug2026 18:36:35.194] [main/DEBUG] [oshi.util.FileUtil/]: Reading file /sys/devices/system/cpu/cpu8/cache/index3/coherency_line_size
[07Aug2026 18:36:35.194] [main/DEBUG] [oshi.util.FileUtil/]: Reading file /sys/devices/system/cpu/cpu8/cache/index3/coherency_line_size
[07Aug2026 18:36:35.194] [main/DEBUG] [oshi.util.FileUtil/]: Reading file /sys/devices/system/cpu/cpu8/cache/index3/size
[07Aug2026 18:36:35.194] [main/DEBUG] [oshi.util.FileUtil/]: Reading file /sys/devices/system/cpu/cpu8/cache/index3/size
[07Aug2026 18:36:35.194] [main/DEBUG] [oshi.util.FileUtil/]: Reading file /sys/devices/system/cpu/cpu8/cache/index1/level
[07Aug2026 18:36:35.194] [main/DEBUG] [oshi.util.FileUtil/]: Reading file /sys/devices/system/cpu/cpu8/cache/index1/level
[07Aug2026 18:36:35.194] [main/DEBUG] [oshi.util.FileUtil/]: Reading file /sys/devices/system/cpu/cpu8/cache/index1/type
[07Aug2026 18:36:35.194] [main/DEBUG] [oshi.util.FileUtil/]: Reading file /sys/devices/system/cpu/cpu8/cache/index1/type
[07Aug2026 18:36:35.194] [main/DEBUG] [oshi.util.FileUtil/]: Reading file /sys/devices/system/cpu/cpu8/cache/index1/ways_of_associativity
[07Aug2026 18:36:35.194] [main/DEBUG] [oshi.util.FileUtil/]: Reading file /sys/devices/system/cpu/cpu8/cache/index1/ways_of_associativity
[07Aug2026 18:36:35.194] [main/DEBUG] [oshi.util.FileUtil/]: Reading file /sys/devices/system/cpu/cpu8/cache/index1/coherency_line_size
[07Aug2026 18:36:35.194] [main/DEBUG] [oshi.util.FileUtil/]: Reading file /sys/devices/system/cpu/cpu8/cache/index1/coherency_line_size
[07Aug2026 18:36:35.195] [main/DEBUG] [oshi.util.FileUtil/]: Reading file /sys/devices/system/cpu/cpu8/cache/index1/size
[07Aug2026 18:36:35.195] [main/DEBUG] [oshi.util.FileUtil/]: Reading file /sys/devices/system/cpu/cpu8/cache/index1/size
[07Aug2026 18:36:35.195] [main/DEBUG] [oshi.util.FileUtil/]: Reading file /sys/devices/system/cpu/cpu9/topology/core_id
[07Aug2026 18:36:35.195] [main/DEBUG] [oshi.util.FileUtil/]: Reading file /sys/devices/system/cpu/cpu9/topology/core_id
[07Aug2026 18:36:35.195] [main/DEBUG] [oshi.util.FileUtil/]: Reading file /sys/devices/system/cpu/cpu9/topology/physical_package_id
[07Aug2026 18:36:35.195] [main/DEBUG] [oshi.util.FileUtil/]: Reading file /sys/devices/system/cpu/cpu9/topology/physical_package_id
[07Aug2026 18:36:35.195] [main/DEBUG] [oshi.util.FileUtil/]: Reading file /sys/devices/system/cpu/cpu9/cpu_capacity
[07Aug2026 18:36:35.195] [main/DEBUG] [oshi.util.FileUtil/]: Reading file /sys/devices/system/cpu/cpu9/cpu_capacity
[07Aug2026 18:36:35.195] [main/DEBUG] [oshi.util.FileUtil/]: Reading file /sys/devices/system/cpu/cpu9/cache/index2/level
[07Aug2026 18:36:35.195] [main/DEBUG] [oshi.util.FileUtil/]: Reading file /sys/devices/system/cpu/cpu9/cache/index2/level
[07Aug2026 18:36:35.195] [main/DEBUG] [oshi.util.FileUtil/]: Reading file /sys/devices/system/cpu/cpu9/cache/index2/type
[07Aug2026 18:36:35.195] [main/DEBUG] [oshi.util.FileUtil/]: Reading file /sys/devices/system/cpu/cpu9/cache/index2/type
[07Aug2026 18:36:35.195] [main/DEBUG] [oshi.util.FileUtil/]: Reading file /sys/devices/system/cpu/cpu9/cache/index2/ways_of_associativity
[07Aug2026 18:36:35.195] [main/DEBUG] [oshi.util.FileUtil/]: Reading file /sys/devices/system/cpu/cpu9/cache/index2/ways_of_associativity
[07Aug2026 18:36:35.196] [main/DEBUG] [oshi.util.FileUtil/]: Reading file /sys/devices/system/cpu/cpu9/cache/index2/coherency_line_size
[07Aug2026 18:36:35.196] [main/DEBUG] [oshi.util.FileUtil/]: Reading file /sys/devices/system/cpu/cpu9/cache/index2/coherency_line_size
[07Aug2026 18:36:35.196] [main/DEBUG] [oshi.util.FileUtil/]: Reading file /sys/devices/system/cpu/cpu9/cache/index2/size
[07Aug2026 18:36:35.196] [main/DEBUG] [oshi.util.FileUtil/]: Reading file /sys/devices/system/cpu/cpu9/cache/index2/size
[07Aug2026 18:36:35.196] [main/DEBUG] [oshi.util.FileUtil/]: Reading file /sys/devices/system/cpu/cpu9/cache/index0/level
[07Aug2026 18:36:35.196] [main/DEBUG] [oshi.util.FileUtil/]: Reading file /sys/devices/system/cpu/cpu9/cache/index0/level
[07Aug2026 18:36:35.196] [main/DEBUG] [oshi.util.FileUtil/]: Reading file /sys/devices/system/cpu/cpu9/cache/index0/type
[07Aug2026 18:36:35.196] [main/DEBUG] [oshi.util.FileUtil/]: Reading file /sys/devices/system/cpu/cpu9/cache/index0/type
[07Aug2026 18:36:35.196] [main/DEBUG] [oshi.util.FileUtil/]: Reading file /sys/devices/system/cpu/cpu9/cache/index0/ways_of_associativity
[07Aug2026 18:36:35.196] [main/DEBUG] [oshi.util.FileUtil/]: Reading file /sys/devices/system/cpu/cpu9/cache/index0/ways_of_associativity
[07Aug2026 18:36:35.196] [main/DEBUG] [oshi.util.FileUtil/]: Reading file /sys/devices/system/cpu/cpu9/cache/index0/coherency_line_size
[07Aug2026 18:36:35.196] [main/DEBUG] [oshi.util.FileUtil/]: Reading file /sys/devices/system/cpu/cpu9/cache/index0/coherency_line_size
[07Aug2026 18:36:35.196] [main/DEBUG] [oshi.util.FileUtil/]: Reading file /sys/devices/system/cpu/cpu9/cache/index0/size
[07Aug2026 18:36:35.196] [main/DEBUG] [oshi.util.FileUtil/]: Reading file /sys/devices/system/cpu/cpu9/cache/index0/size
[07Aug2026 18:36:35.196] [main/DEBUG] [oshi.util.FileUtil/]: Reading file /sys/devices/system/cpu/cpu9/cache/index3/level
[07Aug2026 18:36:35.196] [main/DEBUG] [oshi.util.FileUtil/]: Reading file /sys/devices/system/cpu/cpu9/cache/index3/level
[07Aug2026 18:36:35.196] [main/DEBUG] [oshi.util.FileUtil/]: Reading file /sys/devices/system/cpu/cpu9/cache/index3/type
[07Aug2026 18:36:35.196] [main/DEBUG] [oshi.util.FileUtil/]: Reading file /sys/devices/system/cpu/cpu9/cache/index3/type
[07Aug2026 18:36:35.196] [main/DEBUG] [oshi.util.FileUtil/]: Reading file /sys/devices/system/cpu/cpu9/cache/index3/ways_of_associativity
[07Aug2026 18:36:35.196] [main/DEBUG] [oshi.util.FileUtil/]: Reading file /sys/devices/system/cpu/cpu9/cache/index3/ways_of_associativity
[07Aug2026 18:36:35.196] [main/DEBUG] [oshi.util.FileUtil/]: Reading file /sys/devices/system/cpu/cpu9/cache/index3/coherency_line_size
[07Aug2026 18:36:35.196] [main/DEBUG] [oshi.util.FileUtil/]: Reading file /sys/devices/system/cpu/cpu9/cache/index3/coherency_line_size
[07Aug2026 18:36:35.196] [main/DEBUG] [oshi.util.FileUtil/]: Reading file /sys/devices/system/cpu/cpu9/cache/index3/size
[07Aug2026 18:36:35.196] [main/DEBUG] [oshi.util.FileUtil/]: Reading file /sys/devices/system/cpu/cpu9/cache/index3/size
[07Aug2026 18:36:35.196] [main/DEBUG] [oshi.util.FileUtil/]: Reading file /sys/devices/system/cpu/cpu9/cache/index1/level
[07Aug2026 18:36:35.196] [main/DEBUG] [oshi.util.FileUtil/]: Reading file /sys/devices/system/cpu/cpu9/cache/index1/level
[07Aug2026 18:36:35.196] [main/DEBUG] [oshi.util.FileUtil/]: Reading file /sys/devices/system/cpu/cpu9/cache/index1/type
[07Aug2026 18:36:35.196] [main/DEBUG] [oshi.util.FileUtil/]: Reading file /sys/devices/system/cpu/cpu9/cache/index1/type
[07Aug2026 18:36:35.196] [main/DEBUG] [oshi.util.FileUtil/]: Reading file /sys/devices/system/cpu/cpu9/cache/index1/ways_of_associativity
[07Aug2026 18:36:35.197] [main/DEBUG] [oshi.util.FileUtil/]: Reading file /sys/devices/system/cpu/cpu9/cache/index1/ways_of_associativity
[07Aug2026 18:36:35.197] [main/DEBUG] [oshi.util.FileUtil/]: Reading file /sys/devices/system/cpu/cpu9/cache/index1/coherency_line_size
[07Aug2026 18:36:35.197] [main/DEBUG] [oshi.util.FileUtil/]: Reading file /sys/devices/system/cpu/cpu9/cache/index1/coherency_line_size
[07Aug2026 18:36:35.197] [main/DEBUG] [oshi.util.FileUtil/]: Reading file /sys/devices/system/cpu/cpu9/cache/index1/size
[07Aug2026 18:36:35.197] [main/DEBUG] [oshi.util.FileUtil/]: Reading file /sys/devices/system/cpu/cpu9/cache/index1/size
[07Aug2026 18:36:35.199] [main/DEBUG] [oshi.util.FileUtil/]: Reading file /proc/cpuinfo
[07Aug2026 18:36:35.200] [main/DEBUG] [oshi.util.FileUtil/]: Reading file /proc/cpuinfo
[07Aug2026 18:36:35.336] [Datafixer Bootstrap/INFO] [com.mojang.datafixers.DataFixerBuilder/]: 294 Datafixer optimizations took 293 milliseconds
[07Aug2026 18:36:35.500] [main/DEBUG] [oshi.util.FileUtil/]: Reading file /proc/self/auxv
[07Aug2026 18:36:35.544] [main/DEBUG] [oshi.util.FileUtil/]: Reading file /proc/meminfo
[07Aug2026 18:36:35.545] [main/DEBUG] [oshi.util.FileUtil/]: Reading file /proc/meminfo
[07Aug2026 18:36:35.551] [main/DEBUG] [mixin/]: Mixing common.client.IMixinScreen from konkrete.mixins.json into net.minecraft.client.gui.screens.Screen
[07Aug2026 18:36:35.551] [main/DEBUG] [mixin/]: konkrete.mixins.json:common.client.IMixinScreen from mod konkrete: Class version 69 required is higher than the class version supported by the current version of Mixin (JAVA_17 supports class version 61)
[07Aug2026 18:36:35.566] [main/DEBUG] [mixin/]: Mixing client.MixinKeyMapping_Category from justzoom.mixins.json into net.minecraft.client.KeyMapping$Category
[07Aug2026 18:36:35.566] [main/DEBUG] [mixin/]: justzoom.mixins.json:client.MixinKeyMapping_Category from mod justzoom: Class version 69 required is higher than the class version supported by the current version of Mixin (JAVA_17 supports class version 61)
[07Aug2026 18:36:35.568] [main/DEBUG] [mixin/]: justzoom.mixins.json:client.MixinKeyMapping_Category from mod justzoom->@Inject::head_label_JustZoom(Lorg/spongepowered/asm/mixin/injection/callback/CallbackInfoReturnable;)V does use it's CallbackInfoReturnable
[07Aug2026 18:36:35.585] [pool-18-thread-1/DEBUG] [mixin/]: Mixing MappedRegistryAccessor from neoforge.mixins.json into net.minecraft.core.MappedRegistry
[07Aug2026 18:36:35.674] [pool-18-thread-1/DEBUG] [mixin/]: Mixing MixinBlockStateBehavior from mixins.iris.json into net.minecraft.world.level.block.state.BlockBehaviour$BlockStateBase
[07Aug2026 18:36:35.675] [pool-18-thread-1/DEBUG] [mixin/]: mixins.iris.json:MixinBlockStateBehavior from mod iris: Class version 69 required is higher than the class version supported by the current version of Mixin (JAVA_8 supports class version 52)
[07Aug2026 18:36:35.675] [pool-18-thread-1/DEBUG] [mixin/]: mixins.iris.json:MixinBlockStateBehavior from mod iris->@Inject::getShadeBrightness(Lnet/minecraft/world/level/BlockGetter;Lnet/minecraft/core/BlockPos;Lorg/spongepowered/asm/mixin/injection/callback/CallbackInfoReturnable;)V does use it's CallbackInfoReturnable
[07Aug2026 18:36:35.685] [pool-18-thread-1/DEBUG] [mixin/]: Mixing EntityAccess from jade.mixins.json into net.minecraft.world.entity.Entity
[07Aug2026 18:36:35.686] [pool-18-thread-1/DEBUG] [mixin/]: jade.mixins.json:EntityAccess from mod jade: Class version 69 required is higher than the class version supported by the current version of Mixin (JAVA_21 supports class version 65)
[07Aug2026 18:36:35.721] [pool-18-thread-1/DEBUG] [mixin/]: Mixing LivingEntityMixin from jade.mixins.json into net.minecraft.world.entity.LivingEntity
[07Aug2026 18:36:35.721] [pool-18-thread-1/DEBUG] [mixin/]: jade.mixins.json:LivingEntityMixin from mod jade: Class version 69 required is higher than the class version supported by the current version of Mixin (JAVA_21 supports class version 65)
[07Aug2026 18:36:35.723] [pool-18-thread-1/DEBUG] [mixin/]: jade.mixins.json:LivingEntityMixin from mod jade->@Inject::jade$addEffect(Lnet/minecraft/world/effect/MobEffectInstance;Lnet/minecraft/world/entity/Entity;Lorg/spongepowered/asm/mixin/injection/callback/CallbackInfoReturnable;)V doesn't use it's CallbackInfoReturnable
[07Aug2026 18:36:35.723] [pool-18-thread-1/DEBUG] [mixin/]: jade.mixins.json:LivingEntityMixin from mod jade->@Inject::jade$addEffect(Lnet/minecraft/world/effect/MobEffectInstance;Lnet/minecraft/world/entity/Entity;Lorg/spongepowered/asm/mixin/injection/callback/CallbackInfoReturnable;)V has 0 override(s) in child classes
[07Aug2026 18:36:35.723] [pool-18-thread-1/DEBUG] [mixin/]: jade.mixins.json:LivingEntityMixin from mod jade->@Inject::jade$addEffect(Lnet/minecraft/world/effect/MobEffectInstance;Lnet/minecraft/world/entity/Entity;Lorg/spongepowered/asm/mixin/injection/callback/CallbackInfoReturnable;)V won't be passed a CallbackInfoReturnable as a result
[07Aug2026 18:36:35.759] [pool-18-thread-1/DEBUG] [mixin/]: Mixing MixinServerWorld from xaeroworldmap.mixins.json into net.minecraft.server.level.ServerLevel
[07Aug2026 18:36:35.762] [pool-18-thread-1/DEBUG] [mixin/]: xaeroworldmap.mixins.json:MixinServerWorld from mod xaeroworldmap: Class version 69 required is higher than the class version supported by the current version of Mixin (JAVA_17 supports class version 61)
[07Aug2026 18:36:35.774] [pool-18-thread-1/DEBUG] [mixin/]: Mixing features.render.immediate.DirectionMixin from sodium-common.mixins.json into net.minecraft.core.Direction
[07Aug2026 18:36:35.775] [pool-18-thread-1/DEBUG] [mixin/]: sodium-common.mixins.json:features.render.immediate.DirectionMixin from mod sodium: Class version 69 required is higher than the class version supported by the current version of Mixin (JAVA_17 supports class version 61)
[07Aug2026 18:36:36.151] [pool-18-thread-1/DEBUG] [mixin/]: Mixing MobEffectInstanceMixin from jade.mixins.json into net.minecraft.world.effect.MobEffectInstance
[07Aug2026 18:36:36.151] [pool-18-thread-1/DEBUG] [mixin/]: jade.mixins.json:MobEffectInstanceMixin from mod jade: Class version 69 required is higher than the class version supported by the current version of Mixin (JAVA_21 supports class version 65)
[07Aug2026 18:36:36.156] [pool-18-thread-1/DEBUG] [mixin/]: jade.mixins.json:MobEffectInstanceMixin from mod jade->@Inject::jade$onEffectAdded(Lnet/minecraft/world/entity/LivingEntity;Lorg/spongepowered/asm/mixin/injection/callback/CallbackInfo;)V doesn't use it's CallbackInfo
[07Aug2026 18:36:36.156] [pool-18-thread-1/DEBUG] [mixin/]: jade.mixins.json:MobEffectInstanceMixin from mod jade->@Inject::jade$onEffectAdded(Lnet/minecraft/world/entity/LivingEntity;Lorg/spongepowered/asm/mixin/injection/callback/CallbackInfo;)V has 0 override(s) in child classes
[07Aug2026 18:36:36.156] [pool-18-thread-1/DEBUG] [mixin/]: jade.mixins.json:MobEffectInstanceMixin from mod jade->@Inject::jade$onEffectAdded(Lnet/minecraft/world/entity/LivingEntity;Lorg/spongepowered/asm/mixin/injection/callback/CallbackInfo;)V won't be passed a CallbackInfo as a result
[07Aug2026 18:36:36.211] [pool-18-thread-1/DEBUG] [mixin/]: Mixing core.render.BlockEntityTypeMixin from sodium-common.mixins.json into net.minecraft.world.level.block.entity.BlockEntityType
[07Aug2026 18:36:36.211] [pool-18-thread-1/DEBUG] [mixin/]: sodium-common.mixins.json:core.render.BlockEntityTypeMixin from mod sodium: Class version 69 required is higher than the class version supported by the current version of Mixin (JAVA_17 supports class version 61)
[07Aug2026 18:36:36.212] [pool-18-thread-1/DEBUG] [mixin/]: Mixing BlockEntityTypeAccessor from neoforge.mixins.json into net.minecraft.world.level.block.entity.BlockEntityType
[07Aug2026 18:36:36.387] [pool-18-thread-1/DEBUG] [mixin/]: Mixing MixinBiome from mixins.iris.json into net.minecraft.world.level.biome.Biome
[07Aug2026 18:36:36.387] [pool-18-thread-1/DEBUG] [mixin/]: mixins.iris.json:MixinBiome from mod iris: Class version 69 required is higher than the class version supported by the current version of Mixin (JAVA_8 supports class version 52)
[07Aug2026 18:36:36.388] [pool-18-thread-1/DEBUG] [mixin/]: Mixing features.world.biome.BiomeMixin from sodium-neoforge.mixins.json into net.minecraft.world.level.biome.Biome
[07Aug2026 18:36:36.388] [pool-18-thread-1/DEBUG] [mixin/]: sodium-neoforge.mixins.json:features.world.biome.BiomeMixin from mod sodium: Class version 69 required is higher than the class version supported by the current version of Mixin (JAVA_17 supports class version 61)
[07Aug2026 18:36:36.390] [pool-18-thread-1/DEBUG] [mixin/]: sodium-neoforge.mixins.json:features.world.biome.BiomeMixin from mod sodium->@Inject::onInit(Lorg/spongepowered/asm/mixin/injection/callback/CallbackInfo;)V doesn't use it's CallbackInfo
[07Aug2026 18:36:36.832] [pool-18-thread-1/DEBUG] [mixin/]: Mixing platform.neoforge.AuxiliaryLightManagerMixin from sodium-neoforge.mixins.json into net.neoforged.neoforge.common.world.AuxiliaryLightManager
[07Aug2026 18:36:36.832] [pool-18-thread-1/DEBUG] [mixin/]: sodium-neoforge.mixins.json:platform.neoforge.AuxiliaryLightManagerMixin from mod sodium: Class version 69 required is higher than the class version supported by the current version of Mixin (JAVA_17 supports class version 61)
[07Aug2026 18:36:36.835] [pool-18-thread-1/DEBUG] [mixin/]: Mixing ItemStackMixin from mixins.iris.json into net.minecraft.world.item.ItemStack
[07Aug2026 18:36:36.835] [pool-18-thread-1/DEBUG] [mixin/]: mixins.iris.json:ItemStackMixin from mod iris: Class version 69 required is higher than the class version supported by the current version of Mixin (JAVA_8 supports class version 52)
[07Aug2026 18:36:36.836] [pool-18-thread-1/DEBUG] [mixin/]: mixins.iris.json:ItemStackMixin from mod iris->@Inject::fism$cancelGlintRendering(Lorg/spongepowered/asm/mixin/injection/callback/CallbackInfoReturnable;)V does use it's CallbackInfoReturnable
[07Aug2026 18:36:36.843] [pool-18-thread-1/DEBUG] [mixin/]: Mixing ServerPlayerMixin from jade.mixins.json into net.minecraft.server.level.ServerPlayer
[07Aug2026 18:36:36.846] [pool-18-thread-1/DEBUG] [mixin/]: jade.mixins.json:ServerPlayerMixin from mod jade: Class version 69 required is higher than the class version supported by the current version of Mixin (JAVA_21 supports class version 65)
[07Aug2026 18:36:36.846] [pool-18-thread-1/DEBUG] [mixin/]: Mixing MixinServerPlayer from xaerolib.mixins.json into net.minecraft.server.level.ServerPlayer
[07Aug2026 18:36:36.846] [pool-18-thread-1/DEBUG] [mixin/]: xaerolib.mixins.json:MixinServerPlayer from mod xaerolib: Class version 69 required is higher than the class version supported by the current version of Mixin (JAVA_17 supports class version 61)
[07Aug2026 18:36:36.847] [pool-18-thread-1/DEBUG] [mixin/]: Mixing MixinServerPlayer from xaerohud.mixins.json into net.minecraft.server.level.ServerPlayer
[07Aug2026 18:36:36.847] [pool-18-thread-1/DEBUG] [mixin/]: xaerohud.mixins.json:MixinServerPlayer from mod xaerominimap: Class version 69 required is higher than the class version supported by the current version of Mixin (JAVA_17 supports class version 61)
[07Aug2026 18:36:36.847] [pool-18-thread-1/DEBUG] [mixin/]: Mixing MixinServerPlayer from xaeroworldmap.mixins.json into net.minecraft.server.level.ServerPlayer
[07Aug2026 18:36:36.847] [pool-18-thread-1/DEBUG] [mixin/]: xaeroworldmap.mixins.json:MixinServerPlayer from mod xaeroworldmap: Class version 69 required is higher than the class version supported by the current version of Mixin (JAVA_17 supports class version 61)
[07Aug2026 18:36:37.292] [pool-18-thread-1/DEBUG] [mixin/]: Mixing MixinItem from mixins.iris.json into net.minecraft.world.item.Item
[07Aug2026 18:36:37.292] [pool-18-thread-1/DEBUG] [mixin/]: mixins.iris.json:MixinItem from mod iris: Class version 69 required is higher than the class version supported by the current version of Mixin (JAVA_8 supports class version 52)
[07Aug2026 18:36:37.565] [pool-18-thread-1/DEBUG] [mixin/]: Mixing AbstractHorseAccess from jade.mixins.json into net.minecraft.world.entity.animal.equine.AbstractHorse
[07Aug2026 18:36:37.569] [pool-18-thread-1/DEBUG] [mixin/]: jade.mixins.json:AbstractHorseAccess from mod jade: Class version 69 required is higher than the class version supported by the current version of Mixin (JAVA_21 supports class version 65)
[07Aug2026 18:36:37.709] [pool-18-thread-1/DEBUG] [mixin/]: Mixing MixinWorldChunk from xaerohud.mixins.json into net.minecraft.world.level.chunk.LevelChunk
[07Aug2026 18:36:37.710] [pool-18-thread-1/DEBUG] [mixin/]: xaerohud.mixins.json:MixinWorldChunk from mod xaerominimap: Class version 69 required is higher than the class version supported by the current version of Mixin (JAVA_17 supports class version 61)
[07Aug2026 18:36:37.710] [pool-18-thread-1/DEBUG] [mixin/]: Mixing MixinWorldChunk from xaeroworldmap.mixins.json into net.minecraft.world.level.chunk.LevelChunk
[07Aug2026 18:36:37.710] [pool-18-thread-1/DEBUG] [mixin/]: xaeroworldmap.mixins.json:MixinWorldChunk from mod xaeroworldmap: Class version 69 required is higher than the class version supported by the current version of Mixin (JAVA_17 supports class version 61)
[07Aug2026 18:36:37.883] [pool-18-thread-1/DEBUG] [mixin/]: Mixing MixinBiomes from mixins.iris.json into net.minecraft.world.level.biome.Biomes
[07Aug2026 18:36:37.883] [pool-18-thread-1/DEBUG] [mixin/]: mixins.iris.json:MixinBiomes from mod iris: Class version 69 required is higher than the class version supported by the current version of Mixin (JAVA_8 supports class version 52)
[07Aug2026 18:36:37.885] [pool-18-thread-1/DEBUG] [mixin/]: mixins.iris.json:MixinBiomes from mod iris->@Inject::iris$registerBiome(Ljava/lang/String;Lorg/spongepowered/asm/mixin/injection/callback/CallbackInfoReturnable;)V does use it's CallbackInfoReturnable
[07Aug2026 18:36:38.558] [pool-18-thread-1/DEBUG] [mixin/]: Mixing DimensionTypeAccessor from mixins.iris.json into net.minecraft.world.level.dimension.DimensionType
[07Aug2026 18:36:38.559] [pool-18-thread-1/DEBUG] [mixin/]: mixins.iris.json:DimensionTypeAccessor from mod iris: Class version 69 required is higher than the class version supported by the current version of Mixin (JAVA_8 supports class version 52)
[07Aug2026 18:36:38.564] [pool-18-thread-1/DEBUG] [mixin/]: Mixing block_rendering.MixinClientLevel from mixins.iris.vertexformat.json into net.minecraft.world.level.CardinalLighting
[07Aug2026 18:36:38.564] [pool-18-thread-1/DEBUG] [mixin/]: mixins.iris.vertexformat.json:block_rendering.MixinClientLevel from mod iris: Class version 69 required is higher than the class version supported by the current version of Mixin (JAVA_8 supports class version 52)
[07Aug2026 18:36:39.661] [main/WARN] [net.minecraft.commands.Commands/]: Ambiguity between arguments [teleport, location] and [teleport, destination] with inputs: [0.1 -0.5 .9, 0 0 0]
[07Aug2026 18:36:39.662] [main/WARN] [net.minecraft.commands.Commands/]: Ambiguity between arguments [teleport, location] and [teleport, targets] with inputs: [0.1 -0.5 .9, 0 0 0]
[07Aug2026 18:36:39.664] [main/WARN] [net.minecraft.commands.Commands/]: Ambiguity between arguments [teleport, destination] and [teleport, targets] with inputs: [Player, 0123, @e, dd12be42-52a9-4a91-a8a1-11c01849e498]
[07Aug2026 18:36:39.665] [main/WARN] [net.minecraft.commands.Commands/]: Ambiguity between arguments [teleport, targets] and [teleport, destination] with inputs: [Player, 0123, dd12be42-52a9-4a91-a8a1-11c01849e498]
[07Aug2026 18:36:39.666] [main/WARN] [net.minecraft.commands.Commands/]: Ambiguity between arguments [teleport, targets, location] and [teleport, targets, destination] with inputs: [0.1 -0.5 .9, 0 0 0]
[07Aug2026 18:36:39.667] [main/WARN] [net.minecraft.commands.Commands/]: Ambiguity between arguments [time, set, time] and [time, set, timemarker] with inputs: [0, 0s, 0d, 0t]
[07Aug2026 18:36:39.668] [main/WARN] [net.minecraft.commands.Commands/]: Ambiguity between arguments [time, set, timemarker] and [time, set, time] with inputs: [012]
[07Aug2026 18:36:39.669] [main/WARN] [net.minecraft.commands.Commands/]: Ambiguity between arguments [time, of, clock, set, time] and [time, of, clock, set, timemarker] with inputs: [0, 0s, 0d, 0t]
[07Aug2026 18:36:39.671] [main/WARN] [net.minecraft.commands.Commands/]: Ambiguity between arguments [time, of, clock, set, timemarker] and [time, of, clock, set, time] with inputs: [012]
[07Aug2026 18:36:39.672] [main/WARN] [net.minecraft.commands.Commands/]: Ambiguity between arguments [waypoint, modify, waypoint, color, reset] and [waypoint, modify, waypoint, color, color] with inputs: [reset]
[07Aug2026 18:36:39.695] [main/DEBUG] [net.neoforged.fml.ModWorkManager/LOADING]: Using 16 threads for parallel mod-loading
[07Aug2026 18:36:39.702] [main/DEBUG] [net.neoforged.fml.javafmlmod.FMLModContainer/LOADING]: Creating FMLModContainer instance for iris with entrypoints [net.irisshaders.iris.platform.IrisForgeMod]
[07Aug2026 18:36:39.704] [main/DEBUG] [net.neoforged.fml.javafmlmod.FMLModContainer/LOADING]: Creating FMLModContainer instance for mousetweaks with entrypoints [yalter.mousetweaks.neoforge.MouseTweaksNeo]
[07Aug2026 18:36:39.705] [main/DEBUG] [net.neoforged.fml.javafmlmod.FMLModContainer/LOADING]: Creating FMLModContainer instance for toolbelt with entrypoints [dev.gigaherz.toolbelt.ToolBelt, dev.gigaherz.toolbelt.client.ToolBeltClient]
[07Aug2026 18:36:39.706] [main/DEBUG] [net.neoforged.fml.javafmlmod.FMLModContainer/LOADING]: Creating FMLModContainer instance for jade with entrypoints [snownee.jade.util.CommonProxy]
[07Aug2026 18:36:39.707] [main/DEBUG] [net.neoforged.fml.javafmlmod.FMLModContainer/LOADING]: Creating FMLModContainer instance for appleskin with entrypoints [squeek.appleskin.AppleSkin]
[07Aug2026 18:36:39.708] [main/DEBUG] [net.neoforged.fml.javafmlmod.FMLModContainer/LOADING]: Creating FMLModContainer instance for justzoom with entrypoints [de.keksuccino.justzoom.JustZoomNeoForge]
[07Aug2026 18:36:39.708] [main/DEBUG] [net.neoforged.fml.javafmlmod.FMLModContainer/LOADING]: Creating FMLModContainer instance for sodium with entrypoints [net.caffeinemc.mods.sodium.neoforge.SodiumForgeMod]
[07Aug2026 18:36:39.708] [main/DEBUG] [net.neoforged.fml.javafmlmod.FMLModContainer/LOADING]: Creating FMLModContainer instance for xaerolib with entrypoints [xaero.lib.XaeroLibNeoForge]
[07Aug2026 18:36:39.709] [main/DEBUG] [net.neoforged.fml.javafmlmod.FMLModContainer/LOADING]: Creating FMLModContainer instance for wrench_wrapper_backend with entrypoints []
[07Aug2026 18:36:39.709] [main/DEBUG] [net.neoforged.fml.javafmlmod.FMLModContainer/LOADING]: Creating FMLModContainer instance for wrench_wrapper with entrypoints []
[07Aug2026 18:36:39.709] [main/DEBUG] [net.neoforged.fml.javafmlmod.FMLModContainer/LOADING]: Creating FMLModContainer instance for easy_villagers with entrypoints [de.maxhenkel.easyvillagers.EasyVillagersMod, de.maxhenkel.easyvillagers.EasyVillagersClientMod]
[07Aug2026 18:36:39.710] [main/DEBUG] [net.neoforged.fml.javafmlmod.FMLModContainer/LOADING]: Creating FMLModContainer instance for xaerominimap with entrypoints [xaero.minimap.XaeroMinimapNeoForge]
[07Aug2026 18:36:39.712] [main/DEBUG] [net.neoforged.fml.javafmlmod.FMLModContainer/LOADING]: Creating FMLModContainer instance for ok_zoomer with entrypoints [page.langeweile.ok_zoomer.norge.OkZoomerClientMod]
[07Aug2026 18:36:39.712] [main/DEBUG] [net.neoforged.fml.javafmlmod.FMLModContainer/LOADING]: Creating FMLModContainer instance for konkrete with entrypoints [de.keksuccino.konkrete.KonkreteNeoForge]
[07Aug2026 18:36:39.712] [main/DEBUG] [net.neoforged.fml.javafmlmod.FMLModContainer/LOADING]: Creating FMLModContainer instance for xaeroworldmap with entrypoints [xaero.map.WorldMapNeoForge]
[07Aug2026 18:36:39.713] [main/DEBUG] [net.neoforged.fml.javafmlmod.FMLModContainer/LOADING]: Creating FMLModContainer instance for neoforge with entrypoints [net.neoforged.neoforge.common.NeoForgeMod, net.neoforged.neoforge.common.OnlyInWarningsHandler, net.neoforged.neoforge.client.ClientNeoForgeMod]
[07Aug2026 18:36:39.716] [main/DEBUG] [net.neoforged.fml.javafmlmod.FMLModContainer/LOADING]: Creating FMLModContainer instance for tillmanstollemod with entrypoints [net.mcreator.tillmanstollemod.TillmanstollemodMod]
[07Aug2026 18:36:39.720] [modloading-worker-0/DEBUG] [net.neoforged.fml.javafmlmod.AutomaticEventSubscriber/LOADING]: Attempting to inject @EventBusSubscriber classes into the eventbus for wrench_wrapper_backend
[07Aug2026 18:36:39.720] [modloading-worker-0/DEBUG] [net.neoforged.fml.javafmlmod.AutomaticEventSubscriber/LOADING]: Attempting to inject @EventBusSubscriber classes into the eventbus for wrench_wrapper
[07Aug2026 18:36:39.721] [modloading-worker-0/DEBUG] [Sodium (Service)/]: Loaded net.caffeinemc.mods.sodium.client.services.FRAPIProvider$$Lambda/0x000000002d097888@617ce03a for service interface net.caffeinemc.mods.sodium.client.services.FRAPIProvider
[07Aug2026 18:36:39.722] [modloading-worker-0/DEBUG] [net.neoforged.fml.javafmlmod.AutomaticEventSubscriber/LOADING]: Attempting to inject @EventBusSubscriber classes into the eventbus for sodium
[07Aug2026 18:36:39.725] [modloading-worker-0/INFO] [de.keksuccino.konkrete.Konkrete/]: [KONKRETE] Loading v1.10.1 in client-side mode on NEOFORGE!
[07Aug2026 18:36:39.726] [modloading-worker-0/DEBUG] [xaero.lib.XaeroLib/]: Loaded xaero.lib.platform.services.PlatformHelperNeoForge@5fb1e533 for service interface xaero.lib.platform.services.IPlatformHelper
[07Aug2026 18:36:39.726] [modloading-worker-0/DEBUG] [net.neoforged.fml.javafmlmod.AutomaticEventSubscriber/LOADING]: Attempting to inject @EventBusSubscriber classes into the eventbus for justzoom
[07Aug2026 18:36:39.727] [modloading-worker-0/INFO] [de.keksuccino.konkrete.Konkrete/]: [KONKRETE] Server-side modules initialized and ready to use!
[07Aug2026 18:36:39.727] [modloading-worker-0/DEBUG] [net.neoforged.fml.javafmlmod.AutomaticEventSubscriber/LOADING]: Attempting to inject @EventBusSubscriber classes into the eventbus for konkrete
[07Aug2026 18:36:39.729] [modloading-worker-0/DEBUG] [net.neoforged.fml.javafmlmod.AutomaticEventSubscriber/LOADING]: Attempting to inject @EventBusSubscriber classes into the eventbus for mousetweaks
[07Aug2026 18:36:39.732] [modloading-worker-0/DEBUG] [mixin/]: Mixing MixinRenderPipeline from mixins.iris.json into com.mojang.blaze3d.pipeline.RenderPipeline
[07Aug2026 18:36:39.732] [modloading-worker-0/DEBUG] [mixin/]: mixins.iris.json:MixinRenderPipeline from mod iris: Class version 69 required is higher than the class version supported by the current version of Mixin (JAVA_8 supports class version 52)
[07Aug2026 18:36:39.732] [modloading-worker-0/DEBUG] [mixin/]: Mixing PipelineMixin from mixins.iris.forge.json into com.mojang.blaze3d.pipeline.RenderPipeline
[07Aug2026 18:36:39.733] [modloading-worker-0/DEBUG] [mixin/]: mixins.iris.forge.json:PipelineMixin from mod iris: Class version 69 required is higher than the class version supported by the current version of Mixin (JAVA_8 supports class version 52)
[07Aug2026 18:36:39.733] [modloading-worker-0/DEBUG] [mixin/]: mixins.iris.json:MixinRenderPipeline from mod iris->@Inject::iris$change(Lorg/spongepowered/asm/mixin/injection/callback/CallbackInfoReturnable;)V does use it's CallbackInfoReturnable
[07Aug2026 18:36:39.734] [modloading-worker-0/DEBUG] [mixin/]: mixins.iris.forge.json:PipelineMixin from mod iris->@Inject::copyPipeline(Lorg/spongepowered/asm/mixin/injection/callback/CallbackInfoReturnable;)V does use it's CallbackInfoReturnable
[07Aug2026 18:36:39.735] [modloading-worker-0/DEBUG] [mixin/]: Mixing PipelineBuilderMixin from mixins.iris.forge.json into com.mojang.blaze3d.pipeline.RenderPipeline$Builder
[07Aug2026 18:36:39.735] [modloading-worker-0/DEBUG] [mixin/]: mixins.iris.forge.json:PipelineBuilderMixin from mod iris: Class version 69 required is higher than the class version supported by the current version of Mixin (JAVA_8 supports class version 52)
[07Aug2026 18:36:39.736] [modloading-worker-0/DEBUG] [mixin/]: mixins.iris.forge.json:PipelineBuilderMixin from mod iris->@Inject::buildPipeline(Lorg/spongepowered/asm/mixin/injection/callback/CallbackInfoReturnable;)V does use it's CallbackInfoReturnable
[07Aug2026 18:36:39.738] [modloading-worker-0/DEBUG] [xaero.map.WorldMap/]: Loaded xaero.map.platform.services.NeoForgePlatformHelper@3cf77373 for service interface xaero.map.platform.services.IPlatformHelper
[07Aug2026 18:36:39.750] [modloading-worker-0/DEBUG] [mixin/]: Mixing MixinVertexFormat from mixins.iris.vertexformat.json into com.mojang.blaze3d.vertex.VertexFormat
[07Aug2026 18:36:39.751] [modloading-worker-0/DEBUG] [mixin/]: mixins.iris.vertexformat.json:MixinVertexFormat from mod iris: Class version 69 required is higher than the class version supported by the current version of Mixin (JAVA_8 supports class version 52)
[07Aug2026 18:36:39.751] [modloading-worker-0/DEBUG] [mixin/]: Mixing core.render.VertexFormatMixin from sodium-common.mixins.json into com.mojang.blaze3d.vertex.VertexFormat
[07Aug2026 18:36:39.751] [modloading-worker-0/DEBUG] [mixin/]: sodium-common.mixins.json:core.render.VertexFormatMixin from mod sodium: Class version 69 required is higher than the class version supported by the current version of Mixin (JAVA_17 supports class version 61)
[07Aug2026 18:36:39.752] [modloading-worker-0/DEBUG] [mixin/]: sodium-common.mixins.json:core.render.VertexFormatMixin from mod sodium->@Inject::afterInit(Ljava/util/List;Ljava/util/List;Lit/unimi/dsi/fastutil/ints/IntList;ILorg/spongepowered/asm/mixin/injection/callback/CallbackInfo;)V doesn't use it's CallbackInfo
[07Aug2026 18:36:39.752] [modloading-worker-0/DEBUG] [mixin/]: sodium-common.mixins.json:core.render.VertexFormatMixin from mod sodium->@Inject::afterInit(Ljava/util/List;Ljava/util/List;Lit/unimi/dsi/fastutil/ints/IntList;ILorg/spongepowered/asm/mixin/injection/callback/CallbackInfo;)V has 0 override(s) in child classes
[07Aug2026 18:36:39.752] [modloading-worker-0/DEBUG] [mixin/]: sodium-common.mixins.json:core.render.VertexFormatMixin from mod sodium->@Inject::afterInit(Ljava/util/List;Ljava/util/List;Lit/unimi/dsi/fastutil/ints/IntList;ILorg/spongepowered/asm/mixin/injection/callback/CallbackInfo;)V won't be passed a CallbackInfo as a result
[07Aug2026 18:36:39.753] [modloading-worker-0/DEBUG] [net.neoforged.fml.config.ConfigTracker/CONFIG]: Config file appleskin-client.toml for appleskin tracking
[07Aug2026 18:36:39.755] [modloading-worker-0/DEBUG] [net.neoforged.fml.config.ConfigTracker/CONFIG]: Config file toolbelt-server.toml for toolbelt tracking
[07Aug2026 18:36:39.755] [modloading-worker-0/DEBUG] [net.neoforged.fml.config.ConfigTracker/CONFIG]: Config file toolbelt-client.toml for toolbelt tracking
[07Aug2026 18:36:39.755] [modloading-worker-0/DEBUG] [net.neoforged.fml.config.ConfigTracker/CONFIG]: Config file toolbelt-common.toml for toolbelt tracking
[07Aug2026 18:36:39.755] [modloading-worker-0/DEBUG] [mixin/]: Mixing KeyAccess from jade.mixins.json into com.mojang.blaze3d.platform.InputConstants$Key
[07Aug2026 18:36:39.755] [modloading-worker-0/DEBUG] [mixin/]: jade.mixins.json:KeyAccess from mod jade: Class version 69 required is higher than the class version supported by the current version of Mixin (JAVA_21 supports class version 65)
[07Aug2026 18:36:39.760] [modloading-worker-0/DEBUG] [mixin/]: Mixing MixinLocalPlayer from mixins.iris.json into net.minecraft.client.player.LocalPlayer
[07Aug2026 18:36:39.760] [modloading-worker-0/DEBUG] [mixin/]: mixins.iris.json:MixinLocalPlayer from mod iris: Class version 69 required is higher than the class version supported by the current version of Mixin (JAVA_8 supports class version 52)
[07Aug2026 18:36:39.760] [modloading-worker-0/DEBUG] [mixin/]: Mixing MixinClientPlayerEntity from xaerohud.mixins.json into net.minecraft.client.player.LocalPlayer
[07Aug2026 18:36:39.761] [modloading-worker-0/DEBUG] [mixin/]: xaerohud.mixins.json:MixinClientPlayerEntity from mod xaerominimap: Class version 69 required is higher than the class version supported by the current version of Mixin (JAVA_17 supports class version 61)
[07Aug2026 18:36:39.761] [modloading-worker-0/DEBUG] [mixin/]: Mixing MixinLocalPlayer from xaerohud.mixins.json into net.minecraft.client.player.LocalPlayer
[07Aug2026 18:36:39.761] [modloading-worker-0/DEBUG] [mixin/]: xaerohud.mixins.json:MixinLocalPlayer from mod xaerominimap: Class version 69 required is higher than the class version supported by the current version of Mixin (JAVA_17 supports class version 61)
[07Aug2026 18:36:39.761] [modloading-worker-0/DEBUG] [mixin/]: xaerohud.mixins.json:MixinClientPlayerEntity from mod xaerominimap->@Inject::onTickStart(Lorg/spongepowered/asm/mixin/injection/callback/CallbackInfo;)V doesn't use it's CallbackInfo
[07Aug2026 18:36:39.761] [modloading-worker-0/DEBUG] [mixin/]: xaerohud.mixins.json:MixinClientPlayerEntity from mod xaerominimap->@Inject::onTickStart(Lorg/spongepowered/asm/mixin/injection/callback/CallbackInfo;)V has 0 override(s) in child classes
[07Aug2026 18:36:39.761] [modloading-worker-0/DEBUG] [mixin/]: xaerohud.mixins.json:MixinClientPlayerEntity from mod xaerominimap->@Inject::onTickStart(Lorg/spongepowered/asm/mixin/injection/callback/CallbackInfo;)V won't be passed a CallbackInfo as a result
[07Aug2026 18:36:39.763] [modloading-worker-0/INFO] [net.neoforged.neoforge.common.NeoForgeMod/NEOFORGE-MOD]: NeoForge mod loading, version 26.1.2.71, for MC 26.1.2
[07Aug2026 18:36:39.763] [modloading-worker-0/DEBUG] [xaero.hud.minimap.MinimapLogs/]: Loaded xaero.common.platform.services.NeoForgePlatformHelper@50eeb6ff for service interface xaero.common.platform.services.IPlatformHelper
[07Aug2026 18:36:39.765] [modloading-worker-0/DEBUG] [mixin/]: Mixing core.world.biome.ClientLevelMixin from sodium-common.mixins.json into net.minecraft.client.multiplayer.ClientLevel
[07Aug2026 18:36:39.765] [modloading-worker-0/DEBUG] [mixin/]: sodium-common.mixins.json:core.world.biome.ClientLevelMixin from mod sodium: Class version 69 required is higher than the class version supported by the current version of Mixin (JAVA_17 supports class version 61)
[07Aug2026 18:36:39.766] [modloading-worker-0/DEBUG] [mixin/]: Mixing core.world.map.ClientLevelMixin from sodium-common.mixins.json into net.minecraft.client.multiplayer.ClientLevel
[07Aug2026 18:36:39.766] [modloading-worker-0/DEBUG] [mixin/]: sodium-common.mixins.json:core.world.map.ClientLevelMixin from mod sodium: Class version 69 required is higher than the class version supported by the current version of Mixin (JAVA_17 supports class version 61)
[07Aug2026 18:36:39.767] [modloading-worker-0/DEBUG] [mixin/]: Mixing MixinClientLevel from xaerolib.mixins.json into net.minecraft.client.multiplayer.ClientLevel
[07Aug2026 18:36:39.767] [modloading-worker-0/DEBUG] [mixin/]: xaerolib.mixins.json:MixinClientLevel from mod xaerolib: Class version 69 required is higher than the class version supported by the current version of Mixin (JAVA_17 supports class version 61)
[07Aug2026 18:36:39.767] [modloading-worker-0/DEBUG] [mixin/]: Mixing MixinClientWorld from xaerohud.mixins.json into net.minecraft.client.multiplayer.ClientLevel
[07Aug2026 18:36:39.767] [modloading-worker-0/DEBUG] [mixin/]: xaerohud.mixins.json:MixinClientWorld from mod xaerominimap: Class version 69 required is higher than the class version supported by the current version of Mixin (JAVA_17 supports class version 61)
[07Aug2026 18:36:39.768] [modloading-worker-0/DEBUG] [mixin/]: Mixing MixinClientWorld from xaeroworldmap.mixins.json into net.minecraft.client.multiplayer.ClientLevel
[07Aug2026 18:36:39.768] [modloading-worker-0/DEBUG] [mixin/]: xaeroworldmap.mixins.json:MixinClientWorld from mod xaeroworldmap: Class version 69 required is higher than the class version supported by the current version of Mixin (JAVA_17 supports class version 61)
[07Aug2026 18:36:39.769] [modloading-worker-0/DEBUG] [mixin/]: sodium-common.mixins.json:core.world.biome.ClientLevelMixin from mod sodium->@Inject::captureSeed(Lnet/minecraft/client/multiplayer/ClientPacketListener;Lnet/minecraft/client/multiplayer/ClientLevel$ClientLevelData;Lnet/minecraft/resources/ResourceKey;Lnet/minecraft/core/Holder;IILnet/minecraft/client/renderer/LevelRenderer;ZJILorg/spongepowered/asm/mixin/injection/callback/CallbackInfo;)V doesn't use it's CallbackInfo
[07Aug2026 18:36:39.769] [modloading-worker-0/DEBUG] [mixin/]: sodium-common.mixins.json:core.world.biome.ClientLevelMixin from mod sodium->@Inject::captureSeed(Lnet/minecraft/client/multiplayer/ClientPacketListener;Lnet/minecraft/client/multiplayer/ClientLevel$ClientLevelData;Lnet/minecraft/resources/ResourceKey;Lnet/minecraft/core/Holder;IILnet/minecraft/client/renderer/LevelRenderer;ZJILorg/spongepowered/asm/mixin/injection/callback/CallbackInfo;)V has 0 override(s) in child classes
[07Aug2026 18:36:39.769] [modloading-worker-0/DEBUG] [mixin/]: sodium-common.mixins.json:core.world.biome.ClientLevelMixin from mod sodium->@Inject::captureSeed(Lnet/minecraft/client/multiplayer/ClientPacketListener;Lnet/minecraft/client/multiplayer/ClientLevel$ClientLevelData;Lnet/minecraft/resources/ResourceKey;Lnet/minecraft/core/Holder;IILnet/minecraft/client/renderer/LevelRenderer;ZJILorg/spongepowered/asm/mixin/injection/callback/CallbackInfo;)V won't be passed a CallbackInfo as a result
[07Aug2026 18:36:39.769] [modloading-worker-0/DEBUG] [mixin/]: sodium-common.mixins.json:core.world.map.ClientLevelMixin from mod sodium->@Inject::sodium$trackChunkUnload(Lnet/minecraft/world/level/chunk/LevelChunk;Lorg/spongepowered/asm/mixin/injection/callback/CallbackInfo;)V doesn't use it's CallbackInfo
[07Aug2026 18:36:39.770] [modloading-worker-0/DEBUG] [mixin/]: sodium-common.mixins.json:core.world.map.ClientLevelMixin from mod sodium->@Inject::sodium$trackChunkUnload(Lnet/minecraft/world/level/chunk/LevelChunk;Lorg/spongepowered/asm/mixin/injection/callback/CallbackInfo;)V has 0 override(s) in child classes
[07Aug2026 18:36:39.770] [modloading-worker-0/DEBUG] [mixin/]: sodium-common.mixins.json:core.world.map.ClientLevelMixin from mod sodium->@Inject::sodium$trackChunkUnload(Lnet/minecraft/world/level/chunk/LevelChunk;Lorg/spongepowered/asm/mixin/injection/callback/CallbackInfo;)V won't be passed a CallbackInfo as a result
[07Aug2026 18:36:39.773] [modloading-worker-0/DEBUG] [mixin/]: Mixing client.MixinAbstractClientPlayer from justzoom.mixins.json into net.minecraft.client.player.AbstractClientPlayer
[07Aug2026 18:36:39.773] [modloading-worker-0/DEBUG] [mixin/]: justzoom.mixins.json:client.MixinAbstractClientPlayer from mod justzoom: Class version 69 required is higher than the class version supported by the current version of Mixin (JAVA_17 supports class version 61)
[07Aug2026 18:36:39.773] [modloading-worker-0/DEBUG] [mixin/]: Mixing MixinAbstractClientPlayerEntity from xaerohud.mixins.json into net.minecraft.client.player.AbstractClientPlayer
[07Aug2026 18:36:39.773] [modloading-worker-0/DEBUG] [mixin/]: xaerohud.mixins.json:MixinAbstractClientPlayerEntity from mod xaerominimap: Class version 69 required is higher than the class version supported by the current version of Mixin (JAVA_17 supports class version 61)
[07Aug2026 18:36:39.773] [modloading-worker-0/DEBUG] [mixin/]: Mixing AbstractClientPlayerMixin from ok_zoomer.mixins.json into net.minecraft.client.player.AbstractClientPlayer
[07Aug2026 18:36:39.775] [modloading-worker-0/DEBUG] [mixin/]: justzoom.mixins.json:client.MixinAbstractClientPlayer from mod justzoom->@Inject::head_getFieldOfViewModifier_JustZoom(Lorg/spongepowered/asm/mixin/injection/callback/CallbackInfoReturnable;)V does use it's CallbackInfoReturnable
[07Aug2026 18:36:39.781] [modloading-worker-0/DEBUG] [net.neoforged.fml.config.ConfigTracker/CONFIG]: Config file neoforge-server.toml for neoforge tracking
[07Aug2026 18:36:39.782] [modloading-worker-0/DEBUG] [net.neoforged.fml.config.ConfigTracker/CONFIG]: Config file neoforge-common.toml for neoforge tracking
[07Aug2026 18:36:39.783] [modloading-worker-0/INFO] [xaero.hud.minimap.MinimapLogs/]: Xaero's Minimap: World Map found!
[07Aug2026 18:36:39.783] [modloading-worker-0/INFO] [xaero.hud.minimap.MinimapLogs/]: No Optifine!
[07Aug2026 18:36:39.783] [modloading-worker-0/INFO] [xaero.hud.minimap.MinimapLogs/]: Xaero's Minimap: No Vivecraft!
[07Aug2026 18:36:39.784] [modloading-worker-0/INFO] [xaero.hud.minimap.MinimapLogs/]: Xaero's Minimap: Iris found!
[07Aug2026 18:36:39.786] [modloading-worker-0/DEBUG] [mixin/]: Mixing key_extension.KeyMappingMixin from jade.mixins.json into net.minecraft.client.KeyMapping
[07Aug2026 18:36:39.787] [modloading-worker-0/DEBUG] [mixin/]: jade.mixins.json:key_extension.KeyMappingMixin from mod jade: Class version 69 required is higher than the class version supported by the current version of Mixin (JAVA_21 supports class version 65)
[07Aug2026 18:36:39.787] [modloading-worker-0/DEBUG] [mixin/]: Renaming synthetic method lambda$keyEx$resetMapping$0(Lnet/minecraft/client/KeyMapping;)Z to md02832a$jade$lambda$keyEx$resetMapping$0$0 in jade.mixins.json:key_extension.KeyMappingMixin from mod jade
[07Aug2026 18:36:39.787] [modloading-worker-0/DEBUG] [mixin/]: Mixing client.IMixinKeyMapping from konkrete.mixins.json into net.minecraft.client.KeyMapping
[07Aug2026 18:36:39.788] [modloading-worker-0/DEBUG] [mixin/]: konkrete.mixins.json:client.IMixinKeyMapping from mod konkrete: Class version 69 required is higher than the class version supported by the current version of Mixin (JAVA_17 supports class version 61)
[07Aug2026 18:36:39.795] [modloading-worker-0/DEBUG] [mixin/]: jade.mixins.json:key_extension.KeyMappingMixin from mod jade->@Inject::keyEx$checkDirty(Lorg/spongepowered/asm/mixin/injection/callback/CallbackInfo;)V doesn't use it's CallbackInfo
[07Aug2026 18:36:39.795] [modloading-worker-0/DEBUG] [mixin/]: jade.mixins.json:key_extension.KeyMappingMixin from mod jade->@Inject::keyEx$checkDirty(Lorg/spongepowered/asm/mixin/injection/callback/CallbackInfo;)V doesn't use it's CallbackInfo
[07Aug2026 18:36:39.795] [modloading-worker-0/DEBUG] [mixin/]: jade.mixins.json:key_extension.KeyMappingMixin from mod jade->@Inject::keyEx$resetMapping(Lorg/spongepowered/asm/mixin/injection/callback/CallbackInfo;)V doesn't use it's CallbackInfo
[07Aug2026 18:36:39.797] [modloading-worker-0/DEBUG] [mixin/]: Mixing core.render.world.EntityRendererAccessor from sodium-common.mixins.json into net.minecraft.client.renderer.entity.EntityRenderer
[07Aug2026 18:36:39.797] [modloading-worker-0/DEBUG] [mixin/]: sodium-common.mixins.json:core.render.world.EntityRendererAccessor from mod sodium: Class version 69 required is higher than the class version supported by the current version of Mixin (JAVA_17 supports class version 61)
[07Aug2026 18:36:39.798] [modloading-worker-0/DEBUG] [mixin/]: Mixing features.render.entity.cull.EntityRendererMixin from sodium-common.mixins.json into net.minecraft.client.renderer.entity.EntityRenderer
[07Aug2026 18:36:39.798] [modloading-worker-0/DEBUG] [mixin/]: sodium-common.mixins.json:features.render.entity.cull.EntityRendererMixin from mod sodium: Class version 69 required is higher than the class version supported by the current version of Mixin (JAVA_17 supports class version 61)
[07Aug2026 18:36:39.802] [modloading-worker-0/DEBUG] [mixin/]: Mixing MixinTitleScreen from mixins.iris.json into net.minecraft.client.gui.screens.TitleScreen
[07Aug2026 18:36:39.803] [modloading-worker-0/DEBUG] [mixin/]: mixins.iris.json:MixinTitleScreen from mod iris: Class version 69 required is higher than the class version supported by the current version of Mixin (JAVA_8 supports class version 52)
[07Aug2026 18:36:39.804] [modloading-worker-0/DEBUG] [mixin/]: mixins.iris.json:MixinTitleScreen from mod iris->@Inject::iris$firstInit(Lorg/spongepowered/asm/mixin/injection/callback/CallbackInfo;)V doesn't use it's CallbackInfo
[07Aug2026 18:36:39.804] [modloading-worker-0/DEBUG] [mixin/]: mixins.iris.json:MixinTitleScreen from mod iris->@Inject::iris$firstInit(Lorg/spongepowered/asm/mixin/injection/callback/CallbackInfo;)V has 0 override(s) in child classes
[07Aug2026 18:36:39.804] [modloading-worker-0/DEBUG] [mixin/]: mixins.iris.json:MixinTitleScreen from mod iris->@Inject::iris$firstInit(Lorg/spongepowered/asm/mixin/injection/callback/CallbackInfo;)V won't be passed a CallbackInfo as a result
[07Aug2026 18:36:39.804] [modloading-worker-0/DEBUG] [mixin/]: Mixing MixinMinecraftServer from xaerohud.mixins.json into net.minecraft.server.MinecraftServer
[07Aug2026 18:36:39.806] [modloading-worker-0/DEBUG] [net.neoforged.fml.config.ConfigTracker/CONFIG]: Config file easy_villagers-server.toml for easy_villagers tracking
[07Aug2026 18:36:39.806] [modloading-worker-0/DEBUG] [mixin/]: xaerohud.mixins.json:MixinMinecraftServer from mod xaerominimap: Class version 69 required is higher than the class version supported by the current version of Mixin (JAVA_17 supports class version 61)
[07Aug2026 18:36:39.807] [modloading-worker-0/DEBUG] [mixin/]: Mixing MixinMinecraftServer from xaeroworldmap.mixins.json into net.minecraft.server.MinecraftServer
[07Aug2026 18:36:39.807] [modloading-worker-0/DEBUG] [mixin/]: xaeroworldmap.mixins.json:MixinMinecraftServer from mod xaeroworldmap: Class version 69 required is higher than the class version supported by the current version of Mixin (JAVA_17 supports class version 61)
[07Aug2026 18:36:39.813] [modloading-worker-0/DEBUG] [net.neoforged.fml.config.ConfigTracker/CONFIG]: Config file easy_villagers-client.toml for easy_villagers tracking
[07Aug2026 18:36:39.814] [modloading-worker-0/DEBUG] [net.neoforged.fml.javafmlmod.AutomaticEventSubscriber/LOADING]: Attempting to inject @EventBusSubscriber classes into the eventbus for easy_villagers
[07Aug2026 18:36:39.814] [modloading-worker-0/DEBUG] [net.neoforged.fml.javafmlmod.AutomaticEventSubscriber/LOADING]: Scanning class de.maxhenkel.easyvillagers.EasyVillagersClientMod for @SubscribeEvent-annotated methods
[07Aug2026 18:36:39.815] [modloading-worker-0/DEBUG] [net.neoforged.fml.javafmlmod.AutomaticEventSubscriber/LOADING]: Subscribing method static void de.maxhenkel.easyvillagers.EasyVillagersClientMod.clientSetup(net.neoforged.fml.event.lifecycle.FMLClientSetupEvent) to the event bus of mod easy_villagers
[07Aug2026 18:36:39.816] [modloading-worker-0/DEBUG] [mixin/]: Mixing MixinAbstractButton from xaerolib.mixins.json into net.minecraft.client.gui.components.AbstractButton
[07Aug2026 18:36:39.815] [modloading-worker-0/INFO] [xaero.lib.XaeroLib/]: Registering common data for channel xaerolib:main!
[07Aug2026 18:36:39.817] [modloading-worker-0/DEBUG] [net.neoforged.fml.javafmlmod.AutomaticEventSubscriber/LOADING]: Subscribing method static void de.maxhenkel.easyvillagers.EasyVillagersClientMod.onRegisterKeyBinds(net.neoforged.neoforge.client.event.RegisterKeyMappingsEvent) to the event bus of mod easy_villagers
[07Aug2026 18:36:39.818] [modloading-worker-0/DEBUG] [net.neoforged.fml.javafmlmod.AutomaticEventSubscriber/LOADING]: Subscribing method static void de.maxhenkel.easyvillagers.EasyVillagersClientMod.registerItemModels(net.neoforged.neoforge.client.event.RegisterSpecialModelRendererEvent) to the event bus of mod easy_villagers
[07Aug2026 18:36:39.818] [modloading-worker-0/DEBUG] [mixin/]: xaerolib.mixins.json:MixinAbstractButton from mod xaerolib: Class version 69 required is higher than the class version supported by the current version of Mixin (JAVA_17 supports class version 61)
[07Aug2026 18:36:39.818] [modloading-worker-0/DEBUG] [net.neoforged.fml.javafmlmod.AutomaticEventSubscriber/LOADING]: Scanning class de.maxhenkel.easyvillagers.EasyVillagersMod for @SubscribeEvent-annotated methods
[07Aug2026 18:36:39.818] [modloading-worker-0/DEBUG] [net.neoforged.fml.javafmlmod.AutomaticEventSubscriber/LOADING]: Subscribing method static void de.maxhenkel.easyvillagers.EasyVillagersMod.onItemTooltip(net.neoforged.neoforge.event.entity.player.ItemTooltipEvent) to the game event bus
[07Aug2026 18:36:39.820] [modloading-worker-0/DEBUG] [net.neoforged.fml.javafmlmod.AutomaticEventSubscriber/LOADING]: Subscribing method static void de.maxhenkel.easyvillagers.EasyVillagersMod.commonSetup(net.neoforged.fml.event.lifecycle.FMLCommonSetupEvent) to the event bus of mod easy_villagers
[07Aug2026 18:36:39.820] [modloading-worker-0/DEBUG] [net.neoforged.fml.javafmlmod.AutomaticEventSubscriber/LOADING]: Subscribing method static void de.maxhenkel.easyvillagers.EasyVillagersMod.onRegisterPayloadHandler(net.neoforged.neoforge.network.event.RegisterPayloadHandlersEvent) to the event bus of mod easy_villagers
[07Aug2026 18:36:39.821] [modloading-worker-0/DEBUG] [net.neoforged.fml.javafmlmod.AutomaticEventSubscriber/LOADING]: Attempting to inject @EventBusSubscriber classes into the eventbus for toolbelt
[07Aug2026 18:36:39.821] [modloading-worker-0/DEBUG] [net.neoforged.fml.javafmlmod.AutomaticEventSubscriber/LOADING]: Attempting to inject @EventBusSubscriber classes into the eventbus for appleskin
[07Aug2026 18:36:39.821] [modloading-worker-0/DEBUG] [net.neoforged.fml.javafmlmod.AutomaticEventSubscriber/LOADING]: Scanning class dev.gigaherz.toolbelt.BeltFinderDebug for @SubscribeEvent-annotated methods
[07Aug2026 18:36:39.822] [modloading-worker-0/DEBUG] [net.neoforged.fml.javafmlmod.AutomaticEventSubscriber/LOADING]: Subscribing method public static void dev.gigaherz.toolbelt.BeltFinderDebug.init(net.neoforged.fml.event.lifecycle.FMLCommonSetupEvent) to the event bus of mod toolbelt
[07Aug2026 18:36:39.822] [modloading-worker-0/DEBUG] [net.neoforged.fml.javafmlmod.AutomaticEventSubscriber/LOADING]: Scanning class dev.gigaherz.toolbelt.client.RadialMenuScreen$Client for @SubscribeEvent-annotated methods
[07Aug2026 18:36:39.823] [modloading-worker-0/WARN] [Iris/]: Found fine program match for neoforge:pipeline/entity_smooth_cutout_cull: ENTITIES_CUTOUT
[07Aug2026 18:36:39.823] [modloading-worker-0/DEBUG] [net.neoforged.fml.javafmlmod.AutomaticEventSubscriber/LOADING]: Subscribing method public static void dev.gigaherz.toolbelt.client.RadialMenuScreen$Client.overlayEvent(net.neoforged.neoforge.client.event.RenderGuiLayerEvent$Pre) to the game event bus
[07Aug2026 18:36:39.823] [modloading-worker-0/DEBUG] [net.neoforged.fml.javafmlmod.AutomaticEventSubscriber/LOADING]: Scanning class dev.gigaherz.toolbelt.common.BeltEvents for @SubscribeEvent-annotated methods
[07Aug2026 18:36:39.824] [modloading-worker-0/DEBUG] [net.neoforged.fml.javafmlmod.AutomaticEventSubscriber/LOADING]: Subscribing method public static void dev.gigaherz.toolbelt.common.BeltEvents.startTracking(net.neoforged.neoforge.event.entity.player.PlayerEvent$StartTracking) to the game event bus
[07Aug2026 18:36:39.824] [modloading-worker-0/DEBUG] [net.neoforged.fml.javafmlmod.AutomaticEventSubscriber/LOADING]: Scanning class dev.gigaherz.toolbelt.ToolBelt$ClientModBusEvents for @SubscribeEvent-annotated methods
[07Aug2026 18:36:39.824] [modloading-worker-0/DEBUG] [net.neoforged.fml.javafmlmod.AutomaticEventSubscriber/LOADING]: Subscribing method public static void dev.gigaherz.toolbelt.ToolBelt$ClientModBusEvents.menuScreens(net.neoforged.neoforge.client.event.RegisterMenuScreensEvent) to the event bus of mod toolbelt
[07Aug2026 18:36:39.825] [modloading-worker-0/INFO] [xaero.lib.XaeroLib/]: Registering client data for channel xaerolib:main!
[07Aug2026 18:36:39.835] [modloading-worker-0/WARN] [Iris/]: Found fine program match for neoforge:pipeline/entity_translucent_cull: ENTITIES_TRANSLUCENT
[07Aug2026 18:36:39.836] [modloading-worker-0/WARN] [Iris/]: Found fine program match for neoforge:pipeline/entity_unlit_translucent: ENTITIES_TRANSLUCENT
[07Aug2026 18:36:39.836] [modloading-worker-0/DEBUG] [net.neoforged.fml.javafmlmod.AutomaticEventSubscriber/LOADING]: Attempting to inject @EventBusSubscriber classes into the eventbus for iris
[07Aug2026 18:36:39.836] [modloading-worker-0/INFO] [xaero.lib.XaeroLib/]: Loading primary common config for channel xaerolib:main!
[07Aug2026 18:36:39.838] [modloading-worker-0/INFO] [xaero.lib.XaeroLib/]: Loading server config profiles for channel xaerolib:main!
[07Aug2026 18:36:39.839] [modloading-worker-0/INFO] [xaero.lib.XaeroLib/]: Loading primary client config for channel xaerolib:main!
[07Aug2026 18:36:39.840] [modloading-worker-0/INFO] [xaero.lib.XaeroLib/]: Loading client config profiles for channel xaerolib:main!
[07Aug2026 18:36:39.841] [modloading-worker-0/INFO] [xaero.common.HudMod/]: Registering common data for channel xaerominimap:main!
[07Aug2026 18:36:39.853] [modloading-worker-0/DEBUG] [net.neoforged.fml.config.ConfigTracker/CONFIG]: Config file neoforge-client.toml for neoforge tracking
[07Aug2026 18:36:39.854] [modloading-worker-0/DEBUG] [net.neoforged.fml.javafmlmod.AutomaticEventSubscriber/LOADING]: Attempting to inject @EventBusSubscriber classes into the eventbus for neoforge
[07Aug2026 18:36:39.855] [modloading-worker-0/DEBUG] [net.neoforged.fml.javafmlmod.AutomaticEventSubscriber/LOADING]: Scanning class net.neoforged.neoforge.attachment.AttachmentInternals for @SubscribeEvent-annotated methods
[07Aug2026 18:36:39.855] [modloading-worker-0/DEBUG] [net.neoforged.fml.javafmlmod.AutomaticEventSubscriber/LOADING]: Subscribing method public static void net.neoforged.neoforge.attachment.AttachmentInternals.onLivingConvert(net.neoforged.neoforge.event.entity.living.LivingConversionEvent$Post) to the game event bus
[07Aug2026 18:36:39.856] [modloading-worker-0/DEBUG] [net.neoforged.fml.javafmlmod.AutomaticEventSubscriber/LOADING]: Subscribing method public static void net.neoforged.neoforge.attachment.AttachmentInternals.onPlayerClone(net.neoforged.neoforge.event.entity.player.PlayerEvent$Clone) to the game event bus
[07Aug2026 18:36:39.856] [modloading-worker-0/DEBUG] [net.neoforged.fml.javafmlmod.AutomaticEventSubscriber/LOADING]: Scanning class net.neoforged.neoforge.attachment.AttachmentSync for @SubscribeEvent-annotated methods
[07Aug2026 18:36:39.859] [modloading-worker-0/DEBUG] [net.neoforged.fml.javafmlmod.AutomaticEventSubscriber/LOADING]: Attempting to inject @EventBusSubscriber classes into the eventbus for xaerolib
[07Aug2026 18:36:39.863] [modloading-worker-0/DEBUG] [net.neoforged.fml.javafmlmod.AutomaticEventSubscriber/LOADING]: Subscribing method public static void net.neoforged.neoforge.attachment.AttachmentSync.onChunkSent(net.neoforged.neoforge.event.level.ChunkWatchEvent$Sent) to the game event bus
[07Aug2026 18:36:39.864] [modloading-worker-0/DEBUG] [net.neoforged.fml.javafmlmod.AutomaticEventSubscriber/LOADING]: Scanning class net.neoforged.neoforge.client.BlockEntityRenderBoundsDebugRenderer for @SubscribeEvent-annotated methods
[07Aug2026 18:36:39.871] [modloading-worker-0/DEBUG] [mixin/]: Mixing entity_render_context.MixinBlockEntityRenderDispatcher from mixins.iris.json into net.minecraft.client.renderer.blockentity.BlockEntityRenderDispatcher
[07Aug2026 18:36:39.871] [modloading-worker-0/DEBUG] [mixin/]: mixins.iris.json:entity_render_context.MixinBlockEntityRenderDispatcher from mod iris: Class version 69 required is higher than the class version supported by the current version of Mixin (JAVA_8 supports class version 52)
[07Aug2026 18:36:39.875] [modloading-worker-0/DEBUG] [mixin/]: mixins.iris.json:entity_render_context.MixinBlockEntityRenderDispatcher from mod iris->@Inject::iris$beginEntityRender(Lnet/minecraft/client/renderer/blockentity/state/BlockEntityRenderState;Lcom/mojang/blaze3d/vertex/PoseStack;Lnet/minecraft/client/renderer/SubmitNodeCollector;Lnet/minecraft/client/renderer/state/level/CameraRenderState;Lorg/spongepowered/asm/mixin/injection/callback/CallbackInfo;)V doesn't use it's CallbackInfo
[07Aug2026 18:36:39.876] [modloading-worker-0/DEBUG] [mixin/]: mixins.iris.json:entity_render_context.MixinBlockEntityRenderDispatcher from mod iris->@Inject::iris$beginEntityRender(Lnet/minecraft/client/renderer/blockentity/state/BlockEntityRenderState;Lcom/mojang/blaze3d/vertex/PoseStack;Lnet/minecraft/client/renderer/SubmitNodeCollector;Lnet/minecraft/client/renderer/state/level/CameraRenderState;Lorg/spongepowered/asm/mixin/injection/callback/CallbackInfo;)V has 0 override(s) in child classes
[07Aug2026 18:36:39.876] [modloading-worker-0/DEBUG] [mixin/]: mixins.iris.json:entity_render_context.MixinBlockEntityRenderDispatcher from mod iris->@Inject::iris$beginEntityRender(Lnet/minecraft/client/renderer/blockentity/state/BlockEntityRenderState;Lcom/mojang/blaze3d/vertex/PoseStack;Lnet/minecraft/client/renderer/SubmitNodeCollector;Lnet/minecraft/client/renderer/state/level/CameraRenderState;Lorg/spongepowered/asm/mixin/injection/callback/CallbackInfo;)V won't be passed a CallbackInfo as a result
[07Aug2026 18:36:39.876] [modloading-worker-0/DEBUG] [mixin/]: mixins.iris.json:entity_render_context.MixinBlockEntityRenderDispatcher from mod iris->@Inject::iris$endEntityRender(Lnet/minecraft/client/renderer/blockentity/state/BlockEntityRenderState;Lcom/mojang/blaze3d/vertex/PoseStack;Lnet/minecraft/client/renderer/SubmitNodeCollector;Lnet/minecraft/client/renderer/state/level/CameraRenderState;Lorg/spongepowered/asm/mixin/injection/callback/CallbackInfo;)V doesn't use it's CallbackInfo
[07Aug2026 18:36:39.876] [modloading-worker-0/DEBUG] [mixin/]: mixins.iris.json:entity_render_context.MixinBlockEntityRenderDispatcher from mod iris->@Inject::iris$endEntityRender(Lnet/minecraft/client/renderer/blockentity/state/BlockEntityRenderState;Lcom/mojang/blaze3d/vertex/PoseStack;Lnet/minecraft/client/renderer/SubmitNodeCollector;Lnet/minecraft/client/renderer/state/level/CameraRenderState;Lorg/spongepowered/asm/mixin/injection/callback/CallbackInfo;)V has 0 override(s) in child classes
[07Aug2026 18:36:39.876] [modloading-worker-0/DEBUG] [mixin/]: mixins.iris.json:entity_render_context.MixinBlockEntityRenderDispatcher from mod iris->@Inject::iris$endEntityRender(Lnet/minecraft/client/renderer/blockentity/state/BlockEntityRenderState;Lcom/mojang/blaze3d/vertex/PoseStack;Lnet/minecraft/client/renderer/SubmitNodeCollector;Lnet/minecraft/client/renderer/state/level/CameraRenderState;Lorg/spongepowered/asm/mixin/injection/callback/CallbackInfo;)V won't be passed a CallbackInfo as a result
[07Aug2026 18:36:39.877] [modloading-worker-0/DEBUG] [net.neoforged.fml.javafmlmod.AutomaticEventSubscriber/LOADING]: Subscribing method public static void net.neoforged.neoforge.client.BlockEntityRenderBoundsDebugRenderer.onExtractLevelRenderState(net.neoforged.neoforge.client.event.ExtractLevelRenderStateEvent) to the game event bus
[07Aug2026 18:36:39.877] [modloading-worker-0/INFO] [xaero.common.HudMod/]: Registering client data for channel xaerominimap:main!
[07Aug2026 18:36:39.877] [modloading-worker-0/DEBUG] [net.neoforged.fml.javafmlmod.AutomaticEventSubscriber/LOADING]: Subscribing method public static void net.neoforged.neoforge.client.BlockEntityRenderBoundsDebugRenderer.onRenderLevelStage(net.neoforged.neoforge.client.event.RenderLevelStageEvent$AfterOpaqueFeatures) to the game event bus
[07Aug2026 18:36:39.878] [modloading-worker-0/DEBUG] [net.neoforged.fml.javafmlmod.AutomaticEventSubscriber/LOADING]: Subscribing method public static void net.neoforged.neoforge.client.BlockEntityRenderBoundsDebugRenderer.onRegisterClientCommands(net.neoforged.neoforge.client.event.RegisterClientCommandsEvent) to the game event bus
[07Aug2026 18:36:39.878] [modloading-worker-0/DEBUG] [net.neoforged.fml.javafmlmod.AutomaticEventSubscriber/LOADING]: Scanning class net.neoforged.neoforge.client.NeoForgeRenderPipelines for @SubscribeEvent-annotated methods
[07Aug2026 18:36:39.878] [modloading-worker-0/DEBUG] [net.neoforged.fml.javafmlmod.AutomaticEventSubscriber/LOADING]: Subscribing method static void net.neoforged.neoforge.client.NeoForgeRenderPipelines.registerPipelines(net.neoforged.neoforge.client.event.RegisterRenderPipelinesEvent) to the event bus of mod neoforge
[07Aug2026 18:36:39.882] [modloading-worker-0/DEBUG] [net.neoforged.fml.javafmlmod.AutomaticEventSubscriber/LOADING]: Scanning class net.neoforged.neoforge.client.network.ClientPayloadHandler for @SubscribeEvent-annotated methods
[07Aug2026 18:36:39.885] [modloading-worker-0/DEBUG] [net.neoforged.fml.javafmlmod.AutomaticEventSubscriber/LOADING]: Attempting to inject @EventBusSubscriber classes into the eventbus for ok_zoomer
[07Aug2026 18:36:39.886] [modloading-worker-0/DEBUG] [net.neoforged.fml.javafmlmod.AutomaticEventSubscriber/LOADING]: Scanning class page.langeweile.ok_zoomer.norge.events.RegisterEvents for @SubscribeEvent-annotated methods
[07Aug2026 18:36:39.887] [modloading-worker-0/DEBUG] [net.neoforged.fml.javafmlmod.AutomaticEventSubscriber/LOADING]: Subscribing method public static void page.langeweile.ok_zoomer.norge.events.RegisterEvents.onClientStarted(net.neoforged.neoforge.client.event.lifecycle.ClientStartedEvent) to the game event bus
[07Aug2026 18:36:39.887] [modloading-worker-0/DEBUG] [net.neoforged.fml.javafmlmod.AutomaticEventSubscriber/LOADING]: Subscribing method public static void page.langeweile.ok_zoomer.norge.events.RegisterEvents.registerCommands(net.neoforged.neoforge.client.event.RegisterClientCommandsEvent) to the game event bus
[07Aug2026 18:36:39.888] [modloading-worker-0/DEBUG] [net.neoforged.fml.javafmlmod.AutomaticEventSubscriber/LOADING]: Subscribing method public static void page.langeweile.ok_zoomer.norge.events.RegisterEvents.onClientTick(net.neoforged.neoforge.client.event.ClientTickEvent$Pre) to the game event bus
[07Aug2026 18:36:39.888] [modloading-worker-0/DEBUG] [net.neoforged.fml.javafmlmod.AutomaticEventSubscriber/LOADING]: Subscribing method public static void page.langeweile.ok_zoomer.norge.events.RegisterEvents.registerKeys(net.neoforged.neoforge.client.event.RegisterKeyMappingsEvent) to the event bus of mod ok_zoomer
[07Aug2026 18:36:39.890] [modloading-worker-0/INFO] [xaero.common.HudMod/]: Loading primary common config for channel xaerominimap:main!
[07Aug2026 18:36:39.891] [modloading-worker-0/INFO] [xaero.common.HudMod/]: Loading server config profiles for channel xaerominimap:main!
[07Aug2026 18:36:39.892] [modloading-worker-0/INFO] [xaero.common.HudMod/]: Loading primary client config for channel xaerominimap:main!
[07Aug2026 18:36:39.892] [modloading-worker-0/INFO] [xaero.common.HudMod/]: Loading client config profiles for channel xaerominimap:main!
[07Aug2026 18:36:39.897] [modloading-worker-0/DEBUG] [mixin/]: Mixing MixinOptions_Entrypoint from mixins.iris.json into net.minecraft.client.Minecraft
[07Aug2026 18:36:39.897] [modloading-worker-0/DEBUG] [mixin/]: mixins.iris.json:MixinOptions_Entrypoint from mod iris: Class version 69 required is higher than the class version supported by the current version of Mixin (JAVA_8 supports class version 52)
[07Aug2026 18:36:39.898] [modloading-worker-0/DEBUG] [mixin/]: Mixing MixinMinecraft_Images from mixins.iris.json into net.minecraft.client.Minecraft
[07Aug2026 18:36:39.898] [modloading-worker-0/DEBUG] [mixin/]: mixins.iris.json:MixinMinecraft_Images from mod iris: Class version 69 required is higher than the class version supported by the current version of Mixin (JAVA_8 supports class version 52)
[07Aug2026 18:36:39.898] [modloading-worker-0/DEBUG] [mixin/]: Mixing MixinMinecraft_Keybinds from mixins.iris.json into net.minecraft.client.Minecraft
[07Aug2026 18:36:39.898] [modloading-worker-0/DEBUG] [mixin/]: mixins.iris.json:MixinMinecraft_Keybinds from mod iris: Class version 69 required is higher than the class version supported by the current version of Mixin (JAVA_8 supports class version 52)
[07Aug2026 18:36:39.898] [modloading-worker-0/DEBUG] [mixin/]: Mixing MixinMinecraft_PipelineManagement from mixins.iris.json into net.minecraft.client.Minecraft
[07Aug2026 18:36:39.898] [modloading-worker-0/DEBUG] [mixin/]: mixins.iris.json:MixinMinecraft_PipelineManagement from mod iris: Class version 69 required is higher than the class version supported by the current version of Mixin (JAVA_8 supports class version 52)
[07Aug2026 18:36:39.898] [modloading-worker-0/DEBUG] [mixin/]: Mixing client.MixinMinecraft from justzoom.neoforge.mixins.json into net.minecraft.client.Minecraft
[07Aug2026 18:36:39.898] [modloading-worker-0/DEBUG] [mixin/]: justzoom.neoforge.mixins.json:client.MixinMinecraft from mod justzoom: Class version 69 required is higher than the class version supported by the current version of Mixin (JAVA_17 supports class version 61)
[07Aug2026 18:36:39.899] [modloading-worker-0/DEBUG] [mixin/]: Mixing core.MinecraftMixin from sodium-common.mixins.json into net.minecraft.client.Minecraft
[07Aug2026 18:36:39.899] [modloading-worker-0/DEBUG] [mixin/]: sodium-common.mixins.json:core.MinecraftMixin from mod sodium: Class version 69 required is higher than the class version supported by the current version of Mixin (JAVA_17 supports class version 61)
[07Aug2026 18:36:39.899] [modloading-worker-0/DEBUG] [mixin/]: Mixing features.gui.hooks.debug.MinecraftRenderFrameMixin from sodium-common.mixins.json into net.minecraft.client.Minecraft
[07Aug2026 18:36:39.899] [modloading-worker-0/DEBUG] [mixin/]: sodium-common.mixins.json:features.gui.hooks.debug.MinecraftRenderFrameMixin from mod sodium: Class version 69 required is higher than the class version supported by the current version of Mixin (JAVA_17 supports class version 61)
[07Aug2026 18:36:39.899] [modloading-worker-0/DEBUG] [mixin/]: Mixing platform.neoforge.EntrypointMixin from sodium-neoforge.mixins.json into net.minecraft.client.Minecraft
[07Aug2026 18:36:39.900] [modloading-worker-0/DEBUG] [mixin/]: sodium-neoforge.mixins.json:platform.neoforge.EntrypointMixin from mod sodium: Class version 69 required is higher than the class version supported by the current version of Mixin (JAVA_17 supports class version 61)
[07Aug2026 18:36:39.900] [modloading-worker-0/DEBUG] [mixin/]: Renaming synthetic method lambda$sodium$loadConfig$0(Lnet/neoforged/fml/ModContainer;)Ljava/lang/String; to md02832a$sodium$lambda$sodium$loadConfig$0$0 in sodium-neoforge.mixins.json:platform.neoforge.EntrypointMixin from mod sodium
[07Aug2026 18:36:39.900] [modloading-worker-0/DEBUG] [mixin/]: Mixing MixinMinecraftClient from xaerohud.mixins.json into net.minecraft.client.Minecraft
[07Aug2026 18:36:39.900] [modloading-worker-0/DEBUG] [mixin/]: xaerohud.mixins.json:MixinMinecraftClient from mod xaerominimap: Class version 69 required is higher than the class version supported by the current version of Mixin (JAVA_17 supports class version 61)
[07Aug2026 18:36:39.900] [modloading-worker-0/DEBUG] [mixin/]: Mixing client.MixinMinecraft from konkrete.mixins.json into net.minecraft.client.Minecraft
[07Aug2026 18:36:39.901] [modloading-worker-0/DEBUG] [mixin/]: konkrete.mixins.json:client.MixinMinecraft from mod konkrete: Class version 69 required is higher than the class version supported by the current version of Mixin (JAVA_17 supports class version 61)
[07Aug2026 18:36:39.901] [modloading-worker-0/DEBUG] [mixin/]: Mixing MixinMinecraftClient from xaeroworldmap.mixins.json into net.minecraft.client.Minecraft
[07Aug2026 18:36:39.901] [modloading-worker-0/DEBUG] [mixin/]: xaeroworldmap.mixins.json:MixinMinecraftClient from mod xaeroworldmap: Class version 69 required is higher than the class version supported by the current version of Mixin (JAVA_17 supports class version 61)
[07Aug2026 18:36:39.901] [modloading-worker-0/DEBUG] [mixin/]: Mixing MixinForgeMinecraftClient from xaeroworldmap.neoforge.mixins.json into net.minecraft.client.Minecraft
[07Aug2026 18:36:39.901] [modloading-worker-0/DEBUG] [mixin/]: xaeroworldmap.neoforge.mixins.json:MixinForgeMinecraftClient from mod xaeroworldmap: Class version 69 required is higher than the class version supported by the current version of Mixin (JAVA_17 supports class version 61)
[07Aug2026 18:36:39.914] [modloading-worker-0/DEBUG] [mixin/]: mixins.iris.json:MixinOptions_Entrypoint from mod iris->@Inject::iris$beforeLoadOptions(Lorg/spongepowered/asm/mixin/injection/callback/CallbackInfo;)V doesn't use it's CallbackInfo
[07Aug2026 18:36:39.914] [modloading-worker-0/DEBUG] [mixin/]: mixins.iris.json:MixinOptions_Entrypoint from mod iris->@Inject::iris$beforeLoadOptions(Lorg/spongepowered/asm/mixin/injection/callback/CallbackInfo;)V has 0 override(s) in child classes
[07Aug2026 18:36:39.914] [modloading-worker-0/DEBUG] [mixin/]: mixins.iris.json:MixinOptions_Entrypoint from mod iris->@Inject::iris$beforeLoadOptions(Lorg/spongepowered/asm/mixin/injection/callback/CallbackInfo;)V won't be passed a CallbackInfo as a result
[07Aug2026 18:36:39.914] [modloading-worker-0/DEBUG] [mixin/]: mixins.iris.json:MixinMinecraft_Images from mod iris->@Inject::iris$setupImages(Lnet/minecraft/client/main/GameConfig;Lorg/spongepowered/asm/mixin/injection/callback/CallbackInfo;)V doesn't use it's CallbackInfo
[07Aug2026 18:36:39.914] [modloading-worker-0/DEBUG] [mixin/]: mixins.iris.json:MixinMinecraft_Images from mod iris->@Inject::iris$setupImages(Lnet/minecraft/client/main/GameConfig;Lorg/spongepowered/asm/mixin/injection/callback/CallbackInfo;)V has 0 override(s) in child classes
[07Aug2026 18:36:39.914] [modloading-worker-0/DEBUG] [mixin/]: mixins.iris.json:MixinMinecraft_Images from mod iris->@Inject::iris$setupImages(Lnet/minecraft/client/main/GameConfig;Lorg/spongepowered/asm/mixin/injection/callback/CallbackInfo;)V won't be passed a CallbackInfo as a result
[07Aug2026 18:36:39.914] [modloading-worker-0/DEBUG] [mixin/]: mixins.iris.json:MixinMinecraft_Keybinds from mod iris->@Inject::iris$onTick(Lorg/spongepowered/asm/mixin/injection/callback/CallbackInfo;)V doesn't use it's CallbackInfo
[07Aug2026 18:36:39.914] [modloading-worker-0/DEBUG] [mixin/]: mixins.iris.json:MixinMinecraft_Keybinds from mod iris->@Inject::iris$onTick(Lorg/spongepowered/asm/mixin/injection/callback/CallbackInfo;)V has 0 override(s) in child classes
[07Aug2026 18:36:39.914] [modloading-worker-0/DEBUG] [mixin/]: mixins.iris.json:MixinMinecraft_Keybinds from mod iris->@Inject::iris$onTick(Lorg/spongepowered/asm/mixin/injection/callback/CallbackInfo;)V won't be passed a CallbackInfo as a result
[07Aug2026 18:36:39.914] [modloading-worker-0/DEBUG] [mixin/]: mixins.iris.json:MixinMinecraft_PipelineManagement from mod iris->@Inject::iris$trackLastDimensionOnLeave(Lnet/minecraft/client/gui/screens/Screen;Lorg/spongepowered/asm/mixin/injection/callback/CallbackInfo;)V doesn't use it's CallbackInfo
[07Aug2026 18:36:39.914] [modloading-worker-0/DEBUG] [mixin/]: mixins.iris.json:MixinMinecraft_PipelineManagement from mod iris->@Inject::iris$trackLastDimensionOnLeave(Lnet/minecraft/client/gui/screens/Screen;Lorg/spongepowered/asm/mixin/injection/callback/CallbackInfo;)V has 0 override(s) in child classes
[07Aug2026 18:36:39.914] [modloading-worker-0/DEBUG] [mixin/]: mixins.iris.json:MixinMinecraft_PipelineManagement from mod iris->@Inject::iris$trackLastDimensionOnLeave(Lnet/minecraft/client/gui/screens/Screen;Lorg/spongepowered/asm/mixin/injection/callback/CallbackInfo;)V won't be passed a CallbackInfo as a result
[07Aug2026 18:36:39.914] [modloading-worker-0/DEBUG] [mixin/]: mixins.iris.json:MixinMinecraft_PipelineManagement from mod iris->@Inject::iris$trackLastDimensionOnLevelChange(Lnet/minecraft/client/multiplayer/ClientLevel;Lorg/spongepowered/asm/mixin/injection/callback/CallbackInfo;)V doesn't use it's CallbackInfo
[07Aug2026 18:36:39.914] [modloading-worker-0/DEBUG] [mixin/]: mixins.iris.json:MixinMinecraft_PipelineManagement from mod iris->@Inject::iris$trackLastDimensionOnLevelChange(Lnet/minecraft/client/multiplayer/ClientLevel;Lorg/spongepowered/asm/mixin/injection/callback/CallbackInfo;)V has 0 override(s) in child classes
[07Aug2026 18:36:39.914] [modloading-worker-0/DEBUG] [mixin/]: mixins.iris.json:MixinMinecraft_PipelineManagement from mod iris->@Inject::iris$trackLastDimensionOnLevelChange(Lnet/minecraft/client/multiplayer/ClientLevel;Lorg/spongepowered/asm/mixin/injection/callback/CallbackInfo;)V won't be passed a CallbackInfo as a result
[07Aug2026 18:36:39.914] [modloading-worker-0/DEBUG] [mixin/]: mixins.iris.json:MixinMinecraft_PipelineManagement from mod iris->@Inject::iris$resetPipeline(Lnet/minecraft/client/multiplayer/ClientLevel;Lorg/spongepowered/asm/mixin/injection/callback/CallbackInfo;)V doesn't use it's CallbackInfo
[07Aug2026 18:36:39.914] [modloading-worker-0/DEBUG] [mixin/]: mixins.iris.json:MixinMinecraft_PipelineManagement from mod iris->@Inject::iris$resetPipeline(Lnet/minecraft/client/multiplayer/ClientLevel;Lorg/spongepowered/asm/mixin/injection/callback/CallbackInfo;)V has 0 override(s) in child classes
[07Aug2026 18:36:39.914] [modloading-worker-0/DEBUG] [mixin/]: mixins.iris.json:MixinMinecraft_PipelineManagement from mod iris->@Inject::iris$resetPipeline(Lnet/minecraft/client/multiplayer/ClientLevel;Lorg/spongepowered/asm/mixin/injection/callback/CallbackInfo;)V won't be passed a CallbackInfo as a result
[07Aug2026 18:36:39.914] [modloading-worker-0/DEBUG] [mixin/]: justzoom.neoforge.mixins.json:client.MixinMinecraft from mod justzoom->@Inject::after_construct_JustZoom(Lnet/minecraft/client/main/GameConfig;Lorg/spongepowered/asm/mixin/injection/callback/CallbackInfo;)V doesn't use it's CallbackInfo
[07Aug2026 18:36:39.914] [modloading-worker-0/DEBUG] [mixin/]: justzoom.neoforge.mixins.json:client.MixinMinecraft from mod justzoom->@Inject::after_construct_JustZoom(Lnet/minecraft/client/main/GameConfig;Lorg/spongepowered/asm/mixin/injection/callback/CallbackInfo;)V has 0 override(s) in child classes
[07Aug2026 18:36:39.914] [modloading-worker-0/DEBUG] [mixin/]: justzoom.neoforge.mixins.json:client.MixinMinecraft from mod justzoom->@Inject::after_construct_JustZoom(Lnet/minecraft/client/main/GameConfig;Lorg/spongepowered/asm/mixin/injection/callback/CallbackInfo;)V won't be passed a CallbackInfo as a result
[07Aug2026 18:36:39.915] [modloading-worker-0/DEBUG] [mixin/]: sodium-common.mixins.json:core.MinecraftMixin from mod sodium->@Inject::preRender(ZLorg/spongepowered/asm/mixin/injection/callback/CallbackInfo;)V doesn't use it's CallbackInfo
[07Aug2026 18:36:39.915] [modloading-worker-0/DEBUG] [mixin/]: sodium-common.mixins.json:core.MinecraftMixin from mod sodium->@Inject::preRender(ZLorg/spongepowered/asm/mixin/injection/callback/CallbackInfo;)V has 0 override(s) in child classes
[07Aug2026 18:36:39.915] [modloading-worker-0/DEBUG] [mixin/]: sodium-common.mixins.json:core.MinecraftMixin from mod sodium->@Inject::preRender(ZLorg/spongepowered/asm/mixin/injection/callback/CallbackInfo;)V won't be passed a CallbackInfo as a result
[07Aug2026 18:36:39.915] [modloading-worker-0/DEBUG] [mixin/]: sodium-common.mixins.json:core.MinecraftMixin from mod sodium->@Inject::postRender(ZLorg/spongepowered/asm/mixin/injection/callback/CallbackInfo;)V doesn't use it's CallbackInfo
[07Aug2026 18:36:39.915] [modloading-worker-0/DEBUG] [mixin/]: sodium-common.mixins.json:core.MinecraftMixin from mod sodium->@Inject::postRender(ZLorg/spongepowered/asm/mixin/injection/callback/CallbackInfo;)V has 0 override(s) in child classes
[07Aug2026 18:36:39.915] [modloading-worker-0/DEBUG] [mixin/]: sodium-common.mixins.json:core.MinecraftMixin from mod sodium->@Inject::postRender(ZLorg/spongepowered/asm/mixin/injection/callback/CallbackInfo;)V won't be passed a CallbackInfo as a result
[07Aug2026 18:36:39.915] [modloading-worker-0/DEBUG] [mixin/]: sodium-common.mixins.json:core.MinecraftMixin from mod sodium->@Inject::postInit(Lorg/spongepowered/asm/mixin/injection/callback/CallbackInfoReturnable;)V doesn't use it's CallbackInfoReturnable
[07Aug2026 18:36:39.915] [modloading-worker-0/DEBUG] [mixin/]: sodium-common.mixins.json:core.MinecraftMixin from mod sodium->@Inject::postInit(Lorg/spongepowered/asm/mixin/injection/callback/CallbackInfoReturnable;)V has 0 override(s) in child classes
[07Aug2026 18:36:39.915] [modloading-worker-0/DEBUG] [mixin/]: sodium-common.mixins.json:core.MinecraftMixin from mod sodium->@Inject::postInit(Lorg/spongepowered/asm/mixin/injection/callback/CallbackInfoReturnable;)V won't be passed a CallbackInfoReturnable as a result
[07Aug2026 18:36:39.915] [modloading-worker-0/DEBUG] [mixin/]: sodium-common.mixins.json:core.MinecraftMixin from mod sodium->@Inject::postResourceReload(Lorg/spongepowered/asm/mixin/injection/callback/CallbackInfoReturnable;)V doesn't use it's CallbackInfoReturnable
[07Aug2026 18:36:39.915] [modloading-worker-0/DEBUG] [mixin/]: sodium-common.mixins.json:core.MinecraftMixin from mod sodium->@Inject::postResourceReload(Lorg/spongepowered/asm/mixin/injection/callback/CallbackInfoReturnable;)V has 0 override(s) in child classes
[07Aug2026 18:36:39.915] [modloading-worker-0/DEBUG] [mixin/]: sodium-common.mixins.json:core.MinecraftMixin from mod sodium->@Inject::postResourceReload(Lorg/spongepowered/asm/mixin/injection/callback/CallbackInfoReturnable;)V won't be passed a CallbackInfoReturnable as a result
[07Aug2026 18:36:39.915] [modloading-worker-0/DEBUG] [mixin/]: sodium-common.mixins.json:core.MinecraftMixin from mod sodium->@Inject::setFullscreen(Lnet/minecraft/client/main/GameConfig;Lorg/spongepowered/asm/mixin/injection/callback/CallbackInfo;)V doesn't use it's CallbackInfo
[07Aug2026 18:36:39.915] [modloading-worker-0/DEBUG] [mixin/]: sodium-common.mixins.json:core.MinecraftMixin from mod sodium->@Inject::setFullscreen(Lnet/minecraft/client/main/GameConfig;Lorg/spongepowered/asm/mixin/injection/callback/CallbackInfo;)V has 0 override(s) in child classes
[07Aug2026 18:36:39.915] [modloading-worker-0/DEBUG] [mixin/]: sodium-common.mixins.json:core.MinecraftMixin from mod sodium->@Inject::setFullscreen(Lnet/minecraft/client/main/GameConfig;Lorg/spongepowered/asm/mixin/injection/callback/CallbackInfo;)V won't be passed a CallbackInfo as a result
[07Aug2026 18:36:39.915] [modloading-worker-0/DEBUG] [mixin/]: sodium-common.mixins.json:features.gui.hooks.debug.MinecraftRenderFrameMixin from mod sodium->@Inject::sodium$updatePercentileCache(ZLorg/spongepowered/asm/mixin/injection/callback/CallbackInfo;)V doesn't use it's CallbackInfo
[07Aug2026 18:36:39.915] [modloading-worker-0/DEBUG] [mixin/]: sodium-common.mixins.json:features.gui.hooks.debug.MinecraftRenderFrameMixin from mod sodium->@Inject::sodium$updatePercentileCache(ZLorg/spongepowered/asm/mixin/injection/callback/CallbackInfo;)V has 0 override(s) in child classes
[07Aug2026 18:36:39.915] [modloading-worker-0/DEBUG] [mixin/]: sodium-common.mixins.json:features.gui.hooks.debug.MinecraftRenderFrameMixin from mod sodium->@Inject::sodium$updatePercentileCache(ZLorg/spongepowered/asm/mixin/injection/callback/CallbackInfo;)V won't be passed a CallbackInfo as a result
[07Aug2026 18:36:39.915] [modloading-worker-0/DEBUG] [mixin/]: sodium-neoforge.mixins.json:platform.neoforge.EntrypointMixin from mod sodium->@Inject::sodium$loadConfig(Lnet/minecraft/client/main/GameConfig;Lorg/spongepowered/asm/mixin/injection/callback/CallbackInfo;)V doesn't use it's CallbackInfo
[07Aug2026 18:36:39.915] [modloading-worker-0/DEBUG] [mixin/]: sodium-neoforge.mixins.json:platform.neoforge.EntrypointMixin from mod sodium->@Inject::sodium$loadConfig(Lnet/minecraft/client/main/GameConfig;Lorg/spongepowered/asm/mixin/injection/callback/CallbackInfo;)V has 0 override(s) in child classes
[07Aug2026 18:36:39.915] [modloading-worker-0/DEBUG] [mixin/]: sodium-neoforge.mixins.json:platform.neoforge.EntrypointMixin from mod sodium->@Inject::sodium$loadConfig(Lnet/minecraft/client/main/GameConfig;Lorg/spongepowered/asm/mixin/injection/callback/CallbackInfo;)V won't be passed a CallbackInfo as a result
[07Aug2026 18:36:39.915] [modloading-worker-0/DEBUG] [mixin/]: konkrete.mixins.json:client.MixinMinecraft from mod konkrete->@Inject::afterConstruct_Konkrete(Lnet/minecraft/client/main/GameConfig;Lorg/spongepowered/asm/mixin/injection/callback/CallbackInfo;)V doesn't use it's CallbackInfo
[07Aug2026 18:36:39.915] [modloading-worker-0/DEBUG] [mixin/]: konkrete.mixins.json:client.MixinMinecraft from mod konkrete->@Inject::afterConstruct_Konkrete(Lnet/minecraft/client/main/GameConfig;Lorg/spongepowered/asm/mixin/injection/callback/CallbackInfo;)V has 0 override(s) in child classes
[07Aug2026 18:36:39.915] [modloading-worker-0/DEBUG] [mixin/]: konkrete.mixins.json:client.MixinMinecraft from mod konkrete->@Inject::afterConstruct_Konkrete(Lnet/minecraft/client/main/GameConfig;Lorg/spongepowered/asm/mixin/injection/callback/CallbackInfo;)V won't be passed a CallbackInfo as a result
[07Aug2026 18:36:39.915] [modloading-worker-0/DEBUG] [mixin/]: konkrete.mixins.json:client.MixinMinecraft from mod konkrete->@Inject::headSetScreen_Konkrete(Lnet/minecraft/client/gui/screens/Screen;Lorg/spongepowered/asm/mixin/injection/callback/CallbackInfo;)V doesn't use it's CallbackInfo
[07Aug2026 18:36:39.915] [modloading-worker-0/DEBUG] [mixin/]: konkrete.mixins.json:client.MixinMinecraft from mod konkrete->@Inject::headSetScreen_Konkrete(Lnet/minecraft/client/gui/screens/Screen;Lorg/spongepowered/asm/mixin/injection/callback/CallbackInfo;)V has 0 override(s) in child classes
[07Aug2026 18:36:39.915] [modloading-worker-0/DEBUG] [mixin/]: konkrete.mixins.json:client.MixinMinecraft from mod konkrete->@Inject::headSetScreen_Konkrete(Lnet/minecraft/client/gui/screens/Screen;Lorg/spongepowered/asm/mixin/injection/callback/CallbackInfo;)V won't be passed a CallbackInfo as a result
[07Aug2026 18:36:39.916] [modloading-worker-0/DEBUG] [mixin/]: konkrete.mixins.json:client.MixinMinecraft from mod konkrete->@Inject::headResizeDisplay_Konkrete(Lorg/spongepowered/asm/mixin/injection/callback/CallbackInfo;)V doesn't use it's CallbackInfo
[07Aug2026 18:36:39.916] [modloading-worker-0/DEBUG] [mixin/]: konkrete.mixins.json:client.MixinMinecraft from mod konkrete->@Inject::headResizeDisplay_Konkrete(Lorg/spongepowered/asm/mixin/injection/callback/CallbackInfo;)V has 0 override(s) in child classes
[07Aug2026 18:36:39.916] [modloading-worker-0/DEBUG] [mixin/]: konkrete.mixins.json:client.MixinMinecraft from mod konkrete->@Inject::headResizeDisplay_Konkrete(Lorg/spongepowered/asm/mixin/injection/callback/CallbackInfo;)V won't be passed a CallbackInfo as a result
[07Aug2026 18:36:39.916] [modloading-worker-0/DEBUG] [mixin/]: konkrete.mixins.json:client.MixinMinecraft from mod konkrete->@Inject::tailTick_Konkrete(Lorg/spongepowered/asm/mixin/injection/callback/CallbackInfo;)V doesn't use it's CallbackInfo
[07Aug2026 18:36:39.916] [modloading-worker-0/DEBUG] [mixin/]: konkrete.mixins.json:client.MixinMinecraft from mod konkrete->@Inject::tailTick_Konkrete(Lorg/spongepowered/asm/mixin/injection/callback/CallbackInfo;)V has 0 override(s) in child classes
[07Aug2026 18:36:39.916] [modloading-worker-0/DEBUG] [mixin/]: konkrete.mixins.json:client.MixinMinecraft from mod konkrete->@Inject::tailTick_Konkrete(Lorg/spongepowered/asm/mixin/injection/callback/CallbackInfo;)V won't be passed a CallbackInfo as a result
[07Aug2026 18:36:39.916] [modloading-worker-0/DEBUG] [mixin/]: xaeroworldmap.neoforge.mixins.json:MixinForgeMinecraftClient from mod xaeroworldmap->@Inject::onRunTickStart(Lorg/spongepowered/asm/mixin/injection/callback/CallbackInfo;)V doesn't use it's CallbackInfo
[07Aug2026 18:36:39.916] [modloading-worker-0/DEBUG] [mixin/]: xaeroworldmap.neoforge.mixins.json:MixinForgeMinecraftClient from mod xaeroworldmap->@Inject::onRunTickStart(Lorg/spongepowered/asm/mixin/injection/callback/CallbackInfo;)V has 0 override(s) in child classes
[07Aug2026 18:36:39.916] [modloading-worker-0/DEBUG] [mixin/]: xaeroworldmap.neoforge.mixins.json:MixinForgeMinecraftClient from mod xaeroworldmap->@Inject::onRunTickStart(Lorg/spongepowered/asm/mixin/injection/callback/CallbackInfo;)V won't be passed a CallbackInfo as a result
[07Aug2026 18:36:39.932] [modloading-worker-0/INFO] [xaero.map.WorldMap/]: Registering common data for channel xaeroworldmap:main!
[07Aug2026 18:36:39.950] [modloading-worker-0/DEBUG] [net.neoforged.fml.javafmlmod.AutomaticEventSubscriber/LOADING]: Subscribing method private static void net.neoforged.neoforge.client.network.ClientPayloadHandler.register(net.neoforged.neoforge.client.network.event.RegisterClientPayloadHandlersEvent) to the event bus of mod neoforge
[07Aug2026 18:36:39.951] [modloading-worker-0/DEBUG] [net.neoforged.fml.javafmlmod.AutomaticEventSubscriber/LOADING]: Scanning class net.neoforged.neoforge.common.MonsterRoomHooks for @SubscribeEvent-annotated methods
[07Aug2026 18:36:39.952] [modloading-worker-0/DEBUG] [net.neoforged.fml.javafmlmod.AutomaticEventSubscriber/LOADING]: Subscribing method public static void net.neoforged.neoforge.common.MonsterRoomHooks.onDataMapsUpdated(net.neoforged.neoforge.registries.datamaps.DataMapsUpdatedEvent) to the game event bus
[07Aug2026 18:36:39.952] [modloading-worker-0/DEBUG] [net.neoforged.fml.javafmlmod.AutomaticEventSubscriber/LOADING]: Scanning class net.neoforged.neoforge.model.data.ModelDataManager for @SubscribeEvent-annotated methods
[07Aug2026 18:36:39.954] [modloading-worker-0/DEBUG] [mixin/]: Mixing platform.neoforge.ModelDataMixin from sodium-neoforge.mixins.json into net.neoforged.neoforge.model.data.ModelData
[07Aug2026 18:36:39.954] [modloading-worker-0/DEBUG] [mixin/]: sodium-neoforge.mixins.json:platform.neoforge.ModelDataMixin from mod sodium: Class version 69 required is higher than the class version supported by the current version of Mixin (JAVA_17 supports class version 61)
[07Aug2026 18:36:39.955] [modloading-worker-0/DEBUG] [mixin/]: Mixing GuiGraphicsExtractorMixin from jade.mixins.json into net.minecraft.client.gui.GuiGraphicsExtractor
[07Aug2026 18:36:39.956] [modloading-worker-0/DEBUG] [mixin/]: jade.mixins.json:GuiGraphicsExtractorMixin from mod jade: Class version 69 required is higher than the class version supported by the current version of Mixin (JAVA_21 supports class version 65)
[07Aug2026 18:36:39.956] [modloading-worker-0/DEBUG] [mixin/]: Mixing features.textures.animations.tracking.GuiGraphicsMixin from sodium-common.mixins.json into net.minecraft.client.gui.GuiGraphicsExtractor
[07Aug2026 18:36:39.957] [modloading-worker-0/DEBUG] [mixin/]: sodium-common.mixins.json:features.textures.animations.tracking.GuiGraphicsMixin from mod sodium: Class version 69 required is higher than the class version supported by the current version of Mixin (JAVA_17 supports class version 61)
[07Aug2026 18:36:39.957] [modloading-worker-0/DEBUG] [mixin/]: Mixing MixinGuiGraphics from xaerohud.mixins.json into net.minecraft.client.gui.GuiGraphicsExtractor
[07Aug2026 18:36:39.957] [modloading-worker-0/DEBUG] [mixin/]: xaerohud.mixins.json:MixinGuiGraphics from mod xaerominimap: Class version 69 required is higher than the class version supported by the current version of Mixin (JAVA_17 supports class version 61)
[07Aug2026 18:36:39.957] [modloading-worker-0/DEBUG] [mixin/]: Mixing fade.GuiGraphicsMixin from ok_zoomer.mixins.json into net.minecraft.client.gui.GuiGraphicsExtractor
[07Aug2026 18:36:39.960] [modloading-worker-0/DEBUG] [mixin/]: jade.mixins.json:GuiGraphicsExtractorMixin from mod jade->@Inject::jade$containsPointInScissor(IILorg/spongepowered/asm/mixin/injection/callback/CallbackInfoReturnable;)V does use it's CallbackInfoReturnable
[07Aug2026 18:36:39.960] [modloading-worker-0/DEBUG] [mixin/]: jade.mixins.json:GuiGraphicsExtractorMixin from mod jade->@Inject::jade$appendModName(Lnet/minecraft/client/gui/Font;Ljava/util/List;IILnet/minecraft/client/gui/screens/inventory/tooltip/ClientTooltipPositioner;Lnet/minecraft/resources/Identifier;ZLorg/spongepowered/asm/mixin/injection/callback/CallbackInfo;)V doesn't use it's CallbackInfo
[07Aug2026 18:36:39.960] [modloading-worker-0/DEBUG] [mixin/]: jade.mixins.json:GuiGraphicsExtractorMixin from mod jade->@Inject::jade$appendModName(Lnet/minecraft/client/gui/Font;Ljava/util/List;IILnet/minecraft/client/gui/screens/inventory/tooltip/ClientTooltipPositioner;Lnet/minecraft/resources/Identifier;ZLorg/spongepowered/asm/mixin/injection/callback/CallbackInfo;)V has 0 override(s) in child classes
[07Aug2026 18:36:39.960] [modloading-worker-0/DEBUG] [mixin/]: jade.mixins.json:GuiGraphicsExtractorMixin from mod jade->@Inject::jade$appendModName(Lnet/minecraft/client/gui/Font;Ljava/util/List;IILnet/minecraft/client/gui/screens/inventory/tooltip/ClientTooltipPositioner;Lnet/minecraft/resources/Identifier;ZLorg/spongepowered/asm/mixin/injection/callback/CallbackInfo;)V won't be passed a CallbackInfo as a result
[07Aug2026 18:36:39.961] [modloading-worker-0/DEBUG] [mixin/]: sodium-common.mixins.json:features.textures.animations.tracking.GuiGraphicsMixin from mod sodium->@Inject::preDrawSprite(Lcom/mojang/blaze3d/pipeline/RenderPipeline;Lnet/minecraft/client/renderer/texture/TextureAtlasSprite;IIIIILorg/spongepowered/asm/mixin/injection/callback/CallbackInfo;)V doesn't use it's CallbackInfo
[07Aug2026 18:36:39.961] [modloading-worker-0/DEBUG] [mixin/]: sodium-common.mixins.json:features.textures.animations.tracking.GuiGraphicsMixin from mod sodium->@Inject::preDrawSprite(Lcom/mojang/blaze3d/pipeline/RenderPipeline;Lnet/minecraft/client/renderer/texture/TextureAtlasSprite;IIIIILorg/spongepowered/asm/mixin/injection/callback/CallbackInfo;)V has 0 override(s) in child classes
[07Aug2026 18:36:39.961] [modloading-worker-0/DEBUG] [mixin/]: sodium-common.mixins.json:features.textures.animations.tracking.GuiGraphicsMixin from mod sodium->@Inject::preDrawSprite(Lcom/mojang/blaze3d/pipeline/RenderPipeline;Lnet/minecraft/client/renderer/texture/TextureAtlasSprite;IIIIILorg/spongepowered/asm/mixin/injection/callback/CallbackInfo;)V won't be passed a CallbackInfo as a result
[07Aug2026 18:36:39.961] [modloading-worker-0/DEBUG] [mixin/]: sodium-common.mixins.json:features.textures.animations.tracking.GuiGraphicsMixin from mod sodium->@Inject::preDrawSprite(Lcom/mojang/blaze3d/pipeline/RenderPipeline;Lnet/minecraft/client/renderer/texture/TextureAtlasSprite;IIIIIIIIILorg/spongepowered/asm/mixin/injection/callback/CallbackInfo;)V doesn't use it's CallbackInfo
[07Aug2026 18:36:39.961] [modloading-worker-0/DEBUG] [mixin/]: sodium-common.mixins.json:features.textures.animations.tracking.GuiGraphicsMixin from mod sodium->@Inject::preDrawSprite(Lcom/mojang/blaze3d/pipeline/RenderPipeline;Lnet/minecraft/client/renderer/texture/TextureAtlasSprite;IIIIIIIIILorg/spongepowered/asm/mixin/injection/callback/CallbackInfo;)V has 0 override(s) in child classes
[07Aug2026 18:36:39.961] [modloading-worker-0/DEBUG] [mixin/]: sodium-common.mixins.json:features.textures.animations.tracking.GuiGraphicsMixin from mod sodium->@Inject::preDrawSprite(Lcom/mojang/blaze3d/pipeline/RenderPipeline;Lnet/minecraft/client/renderer/texture/TextureAtlasSprite;IIIIIIIIILorg/spongepowered/asm/mixin/injection/callback/CallbackInfo;)V won't be passed a CallbackInfo as a result
[07Aug2026 18:36:39.963] [modloading-worker-0/INFO] [xaero.map.WorldMap/]: Registering client data for channel xaeroworldmap:main!
[07Aug2026 18:36:39.964] [modloading-worker-0/DEBUG] [net.neoforged.fml.javafmlmod.AutomaticEventSubscriber/LOADING]: Subscribing method public static void net.neoforged.neoforge.model.data.ModelDataManager.onChunkUnload(net.neoforged.neoforge.event.level.ChunkEvent$Unload) to the game event bus
[07Aug2026 18:36:39.964] [modloading-worker-0/DEBUG] [net.neoforged.fml.javafmlmod.AutomaticEventSubscriber/LOADING]: Scanning class net.neoforged.neoforge.network.ConfigurationInitialization for @SubscribeEvent-annotated methods
[07Aug2026 18:36:39.971] [modloading-worker-0/DEBUG] [net.neoforged.fml.javafmlmod.AutomaticEventSubscriber/LOADING]: Subscribing method private static void net.neoforged.neoforge.network.ConfigurationInitialization.configureModdedClient(net.neoforged.neoforge.network.event.RegisterConfigurationTasksEvent) to the event bus of mod neoforge
[07Aug2026 18:36:39.972] [modloading-worker-0/DEBUG] [net.neoforged.fml.javafmlmod.AutomaticEventSubscriber/LOADING]: Scanning class net.neoforged.neoforge.network.NetworkInitialization for @SubscribeEvent-annotated methods
[07Aug2026 18:36:39.973] [modloading-worker-0/DEBUG] [net.neoforged.fml.javafmlmod.AutomaticEventSubscriber/LOADING]: Subscribing method private static void net.neoforged.neoforge.network.NetworkInitialization.register(net.neoforged.neoforge.network.event.RegisterPayloadHandlersEvent) to the event bus of mod neoforge
[07Aug2026 18:36:39.974] [modloading-worker-0/DEBUG] [net.neoforged.fml.javafmlmod.AutomaticEventSubscriber/LOADING]: Scanning class net.neoforged.neoforge.network.filters.GenericPacketSplitter for @SubscribeEvent-annotated methods
[07Aug2026 18:36:39.975] [modloading-worker-0/DEBUG] [mixin/]: Mixing MixinNeoforgeToggleKeyMapping from xaerohud.neoforge.mixins.json into net.minecraft.client.ToggleKeyMapping
[07Aug2026 18:36:39.976] [modloading-worker-0/DEBUG] [mixin/]: xaerohud.neoforge.mixins.json:MixinNeoforgeToggleKeyMapping from mod xaerominimap: Class version 69 required is higher than the class version supported by the current version of Mixin (JAVA_17 supports class version 61)
[07Aug2026 18:36:39.976] [modloading-worker-0/INFO] [xaero.map.WorldMap/]: Loading primary common config for channel xaeroworldmap:main!
[07Aug2026 18:36:39.976] [modloading-worker-0/INFO] [xaero.map.WorldMap/]: Loading server config profiles for channel xaeroworldmap:main!
[07Aug2026 18:36:39.977] [modloading-worker-0/INFO] [xaero.map.WorldMap/]: Loading primary client config for channel xaeroworldmap:main!
[07Aug2026 18:36:39.978] [modloading-worker-0/DEBUG] [mixin/]: Mixing texture.TextureAtlasAccessor from mixins.iris.json into net.minecraft.client.renderer.texture.TextureAtlas
[07Aug2026 18:36:39.978] [modloading-worker-0/INFO] [xaero.map.WorldMap/]: Loading client config profiles for channel xaeroworldmap:main!
[07Aug2026 18:36:39.978] [modloading-worker-0/DEBUG] [mixin/]: mixins.iris.json:texture.TextureAtlasAccessor from mod iris: Class version 69 required is higher than the class version supported by the current version of Mixin (JAVA_8 supports class version 52)
[07Aug2026 18:36:39.978] [modloading-worker-0/DEBUG] [mixin/]: Mixing texture.pbr.MixinTextureAtlas from mixins.iris.json into net.minecraft.client.renderer.texture.TextureAtlas
[07Aug2026 18:36:39.978] [modloading-worker-0/DEBUG] [mixin/]: mixins.iris.json:texture.pbr.MixinTextureAtlas from mod iris: Class version 69 required is higher than the class version supported by the current version of Mixin (JAVA_8 supports class version 52)
[07Aug2026 18:36:39.979] [modloading-worker-0/DEBUG] [mixin/]: Mixing core.render.TextureAtlasMixin from sodium-common.mixins.json into net.minecraft.client.renderer.texture.TextureAtlas
[07Aug2026 18:36:39.979] [modloading-worker-0/DEBUG] [mixin/]: sodium-common.mixins.json:core.render.TextureAtlasMixin from mod sodium: Class version 69 required is higher than the class version supported by the current version of Mixin (JAVA_17 supports class version 61)
[07Aug2026 18:36:39.979] [modloading-worker-0/DEBUG] [mixin/]: Mixing core.render.texture.TextureAtlasAccessor from sodium-common.mixins.json into net.minecraft.client.renderer.texture.TextureAtlas
[07Aug2026 18:36:39.979] [modloading-worker-0/DEBUG] [mixin/]: sodium-common.mixins.json:core.render.texture.TextureAtlasAccessor from mod sodium: Class version 69 required is higher than the class version supported by the current version of Mixin (JAVA_17 supports class version 61)
[07Aug2026 18:36:39.979] [modloading-worker-0/DEBUG] [mixin/]: Mixing features.textures.animations.tracking.TextureAtlasMixin from sodium-common.mixins.json into net.minecraft.client.renderer.texture.TextureAtlas
[07Aug2026 18:36:39.979] [modloading-worker-0/DEBUG] [mixin/]: sodium-common.mixins.json:features.textures.animations.tracking.TextureAtlasMixin from mod sodium: Class version 69 required is higher than the class version supported by the current version of Mixin (JAVA_17 supports class version 61)
[07Aug2026 18:36:39.981] [modloading-worker-0/DEBUG] [mixin/]: mixins.iris.json:texture.pbr.MixinTextureAtlas from mod iris->@Inject::iris$onTailCycleAnimationFrames(Lorg/spongepowered/asm/mixin/injection/callback/CallbackInfo;)V doesn't use it's CallbackInfo
[07Aug2026 18:36:39.981] [modloading-worker-0/DEBUG] [mixin/]: mixins.iris.json:texture.pbr.MixinTextureAtlas from mod iris->@Inject::iris$onTailCycleAnimationFrames(Lorg/spongepowered/asm/mixin/injection/callback/CallbackInfo;)V has 0 override(s) in child classes
[07Aug2026 18:36:39.981] [modloading-worker-0/DEBUG] [mixin/]: mixins.iris.json:texture.pbr.MixinTextureAtlas from mod iris->@Inject::iris$onTailCycleAnimationFrames(Lorg/spongepowered/asm/mixin/injection/callback/CallbackInfo;)V won't be passed a CallbackInfo as a result
[07Aug2026 18:36:39.981] [modloading-worker-0/DEBUG] [mixin/]: mixins.iris.json:texture.pbr.MixinTextureAtlas from mod iris->@Inject::iris$onUpload(Lorg/spongepowered/asm/mixin/injection/callback/CallbackInfo;)V doesn't use it's CallbackInfo
[07Aug2026 18:36:39.981] [modloading-worker-0/DEBUG] [mixin/]: mixins.iris.json:texture.pbr.MixinTextureAtlas from mod iris->@Inject::iris$onUpload(Lorg/spongepowered/asm/mixin/injection/callback/CallbackInfo;)V has 0 override(s) in child classes
[07Aug2026 18:36:39.981] [modloading-worker-0/DEBUG] [mixin/]: mixins.iris.json:texture.pbr.MixinTextureAtlas from mod iris->@Inject::iris$onUpload(Lorg/spongepowered/asm/mixin/injection/callback/CallbackInfo;)V won't be passed a CallbackInfo as a result
[07Aug2026 18:36:39.981] [modloading-worker-0/DEBUG] [mixin/]: sodium-common.mixins.json:core.render.TextureAtlasMixin from mod sodium->@Inject::sodium$deleteSpriteFinder(Lnet/minecraft/client/renderer/texture/SpriteLoader$Preparations;Lorg/spongepowered/asm/mixin/injection/callback/CallbackInfo;)V doesn't use it's CallbackInfo
[07Aug2026 18:36:39.981] [modloading-worker-0/DEBUG] [mixin/]: sodium-common.mixins.json:core.render.TextureAtlasMixin from mod sodium->@Inject::sodium$deleteSpriteFinder(Lnet/minecraft/client/renderer/texture/SpriteLoader$Preparations;Lorg/spongepowered/asm/mixin/injection/callback/CallbackInfo;)V has 0 override(s) in child classes
[07Aug2026 18:36:39.981] [modloading-worker-0/DEBUG] [mixin/]: sodium-common.mixins.json:core.render.TextureAtlasMixin from mod sodium->@Inject::sodium$deleteSpriteFinder(Lnet/minecraft/client/renderer/texture/SpriteLoader$Preparations;Lorg/spongepowered/asm/mixin/injection/callback/CallbackInfo;)V won't be passed a CallbackInfo as a result
[07Aug2026 18:36:39.981] [modloading-worker-0/DEBUG] [mixin/]: sodium-common.mixins.json:features.textures.animations.tracking.TextureAtlasMixin from mod sodium->@Inject::preReturnSprite(Lorg/spongepowered/asm/mixin/injection/callback/CallbackInfoReturnable;)V does use it's CallbackInfoReturnable
[07Aug2026 18:36:39.985] [modloading-worker-0/DEBUG] [mixin/]: Mixing texture.MixinAbstractTexture from mixins.iris.json into net.minecraft.client.renderer.texture.AbstractTexture
[07Aug2026 18:36:39.985] [modloading-worker-0/DEBUG] [mixin/]: mixins.iris.json:texture.MixinAbstractTexture from mod iris: Class version 69 required is higher than the class version supported by the current version of Mixin (JAVA_8 supports class version 52)
[07Aug2026 18:36:39.986] [modloading-worker-0/DEBUG] [mixin/]: mixins.iris.json:texture.MixinAbstractTexture from mod iris->@Inject::iris$afterGenerateId(Lorg/spongepowered/asm/mixin/injection/callback/CallbackInfoReturnable;)V does use it's CallbackInfoReturnable
[07Aug2026 18:36:39.989] [modloading-worker-0/DEBUG] [net.neoforged.fml.javafmlmod.AutomaticEventSubscriber/LOADING]: Attempting to inject @EventBusSubscriber classes into the eventbus for xaerominimap
[07Aug2026 18:36:39.990] [modloading-worker-0/DEBUG] [net.neoforged.fml.javafmlmod.AutomaticEventSubscriber/LOADING]: Attempting to inject @EventBusSubscriber classes into the eventbus for xaeroworldmap
[07Aug2026 18:36:40.005] [modloading-worker-0/DEBUG] [io.netty.util.internal.PlatformDependent0/]: Java version: 25
[07Aug2026 18:36:40.006] [modloading-worker-0/DEBUG] [io.netty.util.internal.PlatformDependent0/]: -Dio.netty.noUnsafe: false
[07Aug2026 18:36:40.007] [modloading-worker-0/DEBUG] [io.netty.util.internal.PlatformDependent0/]: sun.misc.Unsafe.theUnsafe: available
[07Aug2026 18:36:40.008] [modloading-worker-0/DEBUG] [io.netty.util.internal.PlatformDependent0/]: sun.misc.Unsafe base methods: all available
[07Aug2026 18:36:40.008] [modloading-worker-0/DEBUG] [io.netty.util.internal.PlatformDependent0/]: java.nio.Buffer.address: available
[07Aug2026 18:36:40.008] [modloading-worker-0/DEBUG] [io.netty.util.internal.PlatformDependent0/]: direct buffer constructor: unavailable: Reflective setAccessible(true) disabled
[07Aug2026 18:36:40.009] [modloading-worker-0/DEBUG] [io.netty.util.internal.PlatformDependent0/]: java.nio.Bits.unaligned: available, true
[07Aug2026 18:36:40.010] [modloading-worker-0/DEBUG] [io.netty.util.internal.PlatformDependent0/]: jdk.internal.misc.Unsafe.allocateUninitializedArray(int): unavailable: symbolic reference class is not accessible: class jdk.internal.misc.Unsafe, from class io.netty.util.internal.PlatformDependent0 (unnamed module @5c5a1b69)
[07Aug2026 18:36:40.011] [modloading-worker-0/DEBUG] [io.netty.util.internal.PlatformDependent0/]: java.nio.DirectByteBuffer.<init>(long, {int,long}): unavailable
[07Aug2026 18:36:40.012] [modloading-worker-0/DEBUG] [io.netty.util.internal.PlatformDependent/]: sun.misc.Unsafe: available
[07Aug2026 18:36:40.012] [modloading-worker-0/DEBUG] [io.netty.util.internal.PlatformDependent/]: -Dio.netty.tmpdir: /tmp (java.io.tmpdir)
[07Aug2026 18:36:40.012] [modloading-worker-0/DEBUG] [io.netty.util.internal.PlatformDependent/]: -Dio.netty.bitMode: 64 (sun.arch.data.model)
[07Aug2026 18:36:40.012] [modloading-worker-0/DEBUG] [io.netty.util.internal.PlatformDependent/]: -Dio.netty.maxDirectMemory: -1 bytes
[07Aug2026 18:36:40.013] [modloading-worker-0/DEBUG] [io.netty.util.internal.CleanerJava9/]: java.nio.ByteBuffer.cleaner(): available
[07Aug2026 18:36:40.013] [modloading-worker-0/DEBUG] [io.netty.util.internal.PlatformDependent/]: -Dio.netty.noPreferDirect: false
[07Aug2026 18:36:40.013] [modloading-worker-0/DEBUG] [io.netty.util.internal.PlatformDependent/]: -Dio.netty.jfr.enabled: true
[07Aug2026 18:36:40.019] [modloading-worker-0/DEBUG] [io.netty.buffer.AbstractByteBuf/]: -Dio.netty.buffer.checkAccessible: true
[07Aug2026 18:36:40.020] [modloading-worker-0/DEBUG] [io.netty.buffer.AbstractByteBuf/]: -Dio.netty.buffer.checkBounds: true
[07Aug2026 18:36:40.021] [modloading-worker-0/DEBUG] [io.netty.util.ResourceLeakDetectorFactory/]: Loaded default ResourceLeakDetector: io.netty.util.ResourceLeakDetector@259bbca5
[07Aug2026 18:36:40.027] [modloading-worker-0/DEBUG] [io.netty.util.internal.InternalThreadLocalMap/]: -Dio.netty.threadLocalMap.stringBuilder.initialSize: 1024
[07Aug2026 18:36:40.027] [modloading-worker-0/DEBUG] [io.netty.util.internal.InternalThreadLocalMap/]: -Dio.netty.threadLocalMap.stringBuilder.maxSize: 4096
[07Aug2026 18:36:40.029] [modloading-worker-0/DEBUG] [io.netty.buffer.AdaptiveByteBufAllocator/]: -Dio.netty.allocator.useCachedMagazinesForNonEventLoopThreads: false
[07Aug2026 18:36:40.031] [modloading-worker-0/DEBUG] [net.neoforged.fml.javafmlmod.AutomaticEventSubscriber/LOADING]: Attempting to inject @EventBusSubscriber classes into the eventbus for jade
[07Aug2026 18:36:40.037] [modloading-worker-0/DEBUG] [io.netty.util.Recycler/]: -Dio.netty.recycler.maxCapacityPerThread: 4096
[07Aug2026 18:36:40.037] [modloading-worker-0/DEBUG] [io.netty.util.Recycler/]: -Dio.netty.recycler.ratio: 8
[07Aug2026 18:36:40.037] [modloading-worker-0/DEBUG] [io.netty.util.Recycler/]: -Dio.netty.recycler.chunkSize: 32
[07Aug2026 18:36:40.037] [modloading-worker-0/DEBUG] [io.netty.util.Recycler/]: -Dio.netty.recycler.blocking: false
[07Aug2026 18:36:40.037] [modloading-worker-0/DEBUG] [io.netty.util.Recycler/]: -Dio.netty.recycler.batchFastThreadLocalOnly: true
[07Aug2026 18:36:40.041] [modloading-worker-0/DEBUG] [io.netty.buffer.ByteBufUtil/]: -Dio.netty.allocator.type: adaptive
[07Aug2026 18:36:40.041] [modloading-worker-0/DEBUG] [io.netty.buffer.ByteBufUtil/]: -Dio.netty.threadLocalDirectBufferSize: 0
[07Aug2026 18:36:40.041] [modloading-worker-0/DEBUG] [io.netty.buffer.ByteBufUtil/]: -Dio.netty.maxThreadLocalCharBufferSize: 16384
[07Aug2026 18:36:40.046] [modloading-worker-0/DEBUG] [net.neoforged.fml.javafmlmod.AutomaticEventSubscriber/LOADING]: Subscribing method private static void net.neoforged.neoforge.network.filters.GenericPacketSplitter.register(net.neoforged.neoforge.network.event.RegisterPayloadHandlersEvent) to the event bus of mod neoforge
[07Aug2026 18:36:40.054] [modloading-worker-0/DEBUG] [net.neoforged.fml.javafmlmod.AutomaticEventSubscriber/LOADING]: Attempting to inject @EventBusSubscriber classes into the eventbus for tillmanstollemod
[07Aug2026 18:36:40.055] [modloading-worker-0/DEBUG] [net.neoforged.fml.javafmlmod.AutomaticEventSubscriber/LOADING]: Scanning class net.mcreator.tillmanstollemod.client.renderer.item.TillmansArmorArmor for @SubscribeEvent-annotated methods
[07Aug2026 18:36:40.055] [modloading-worker-0/DEBUG] [net.neoforged.fml.javafmlmod.AutomaticEventSubscriber/LOADING]: Subscribing method public static void net.mcreator.tillmanstollemod.client.renderer.item.TillmansArmorArmor.registerItemExtensions(net.neoforged.neoforge.client.extensions.common.RegisterClientExtensionsEvent) to the event bus of mod tillmanstollemod
[07Aug2026 18:36:40.056] [modloading-worker-0/DEBUG] [net.neoforged.fml.javafmlmod.AutomaticEventSubscriber/LOADING]: Scanning class net.mcreator.tillmanstollemod.procedures.ToggleFlyProcedure for @SubscribeEvent-annotated methods
[07Aug2026 18:36:40.056] [modloading-worker-0/DEBUG] [net.neoforged.fml.javafmlmod.AutomaticEventSubscriber/LOADING]: Subscribing method public static void net.mcreator.tillmanstollemod.procedures.ToggleFlyProcedure.onEntityJump(net.neoforged.neoforge.event.entity.living.LivingEvent$LivingJumpEvent) to the game event bus
[07Aug2026 18:36:40.056] [modloading-worker-0/DEBUG] [net.neoforged.fml.javafmlmod.AutomaticEventSubscriber/LOADING]: Scanning class net.mcreator.tillmanstollemod.init.TillmanstollemodModTabs for @SubscribeEvent-annotated methods
[07Aug2026 18:36:40.057] [modloading-worker-0/DEBUG] [net.neoforged.fml.javafmlmod.AutomaticEventSubscriber/LOADING]: Subscribing method public static void net.mcreator.tillmanstollemod.init.TillmanstollemodModTabs.buildTabContentsVanilla(net.neoforged.neoforge.event.BuildCreativeModeTabContentsEvent) to the event bus of mod tillmanstollemod
[07Aug2026 18:36:40.057] [modloading-worker-0/DEBUG] [net.neoforged.fml.javafmlmod.AutomaticEventSubscriber/LOADING]: Scanning class net.mcreator.tillmanstollemod.init.TillmanstollemodModAttributes for @SubscribeEvent-annotated methods
[07Aug2026 18:36:40.057] [modloading-worker-0/DEBUG] [net.neoforged.fml.javafmlmod.AutomaticEventSubscriber/LOADING]: Subscribing method public static void net.mcreator.tillmanstollemod.init.TillmanstollemodModAttributes.addAttributes(net.neoforged.neoforge.event.entity.EntityAttributeModificationEvent) to the event bus of mod tillmanstollemod
[07Aug2026 18:36:40.228] [modloading-sync-worker/DEBUG] [net.neoforged.fml.config.ConfigTracker/CONFIG]: Loading configs type CLIENT
[07Aug2026 18:36:40.235] [modloading-sync-worker/DEBUG] [net.neoforged.fml.config.ConfigTracker/CONFIG]: Loaded TOML config file /home/tillman/Desktop/programmieren/minecraft/MODS/TIllmansCooleMod/run/config/appleskin-client.toml
[07Aug2026 18:36:40.239] [modloading-sync-worker/DEBUG] [net.neoforged.fml.config.ConfigTracker/CONFIG]: Watching TOML config file /home/tillman/Desktop/programmieren/minecraft/MODS/TIllmansCooleMod/run/config/appleskin-client.toml for changes
[07Aug2026 18:36:40.249] [modloading-sync-worker/DEBUG] [net.neoforged.fml.config.ConfigTracker/CONFIG]: Loaded TOML config file /home/tillman/Desktop/programmieren/minecraft/MODS/TIllmansCooleMod/run/config/toolbelt-client.toml
[07Aug2026 18:36:40.250] [modloading-sync-worker/DEBUG] [net.neoforged.fml.config.ConfigTracker/CONFIG]: Watching TOML config file /home/tillman/Desktop/programmieren/minecraft/MODS/TIllmansCooleMod/run/config/toolbelt-client.toml for changes
[07Aug2026 18:36:40.251] [modloading-sync-worker/DEBUG] [net.neoforged.fml.config.ConfigTracker/CONFIG]: Loaded TOML config file /home/tillman/Desktop/programmieren/minecraft/MODS/TIllmansCooleMod/run/config/easy_villagers-client.toml
[07Aug2026 18:36:40.251] [modloading-sync-worker/DEBUG] [net.neoforged.fml.config.ConfigTracker/CONFIG]: Watching TOML config file /home/tillman/Desktop/programmieren/minecraft/MODS/TIllmansCooleMod/run/config/easy_villagers-client.toml for changes
[07Aug2026 18:36:40.252] [modloading-sync-worker/DEBUG] [net.neoforged.neoforge.common.NeoForgeMod/FORGEMOD]: Loaded NeoForge config file neoforge-client.toml
[07Aug2026 18:36:40.252] [modloading-sync-worker/DEBUG] [net.neoforged.fml.config.ConfigTracker/CONFIG]: Loaded TOML config file /home/tillman/Desktop/programmieren/minecraft/MODS/TIllmansCooleMod/run/config/neoforge-client.toml
[07Aug2026 18:36:40.252] [modloading-sync-worker/DEBUG] [net.neoforged.fml.config.ConfigTracker/CONFIG]: Watching TOML config file /home/tillman/Desktop/programmieren/minecraft/MODS/TIllmansCooleMod/run/config/neoforge-client.toml for changes
[07Aug2026 18:36:40.252] [modloading-sync-worker/DEBUG] [net.neoforged.fml.config.ConfigTracker/CONFIG]: Loading configs type COMMON
[07Aug2026 18:36:40.253] [modloading-sync-worker/DEBUG] [net.neoforged.fml.config.ConfigTracker/CONFIG]: Loaded TOML config file /home/tillman/Desktop/programmieren/minecraft/MODS/TIllmansCooleMod/run/config/toolbelt-common.toml
[07Aug2026 18:36:40.253] [modloading-sync-worker/DEBUG] [net.neoforged.fml.config.ConfigTracker/CONFIG]: Watching TOML config file /home/tillman/Desktop/programmieren/minecraft/MODS/TIllmansCooleMod/run/config/toolbelt-common.toml for changes
[07Aug2026 18:36:40.253] [modloading-sync-worker/DEBUG] [net.neoforged.neoforge.common.NeoForgeMod/FORGEMOD]: Loaded NeoForge config file neoforge-common.toml
[07Aug2026 18:36:40.253] [modloading-sync-worker/DEBUG] [net.neoforged.fml.config.ConfigTracker/CONFIG]: Loaded TOML config file /home/tillman/Desktop/programmieren/minecraft/MODS/TIllmansCooleMod/run/config/neoforge-common.toml
[07Aug2026 18:36:40.253] [modloading-sync-worker/DEBUG] [net.neoforged.fml.config.ConfigTracker/CONFIG]: Watching TOML config file /home/tillman/Desktop/programmieren/minecraft/MODS/TIllmansCooleMod/run/config/neoforge-common.toml for changes
[07Aug2026 18:36:40.258] [Render thread/DEBUG] [mixin/]: Mixing MixinRenderSystem from mixins.iris.json into com.mojang.blaze3d.systems.RenderSystem
[07Aug2026 18:36:40.258] [Render thread/DEBUG] [mixin/]: mixins.iris.json:MixinRenderSystem from mod iris: Class version 69 required is higher than the class version supported by the current version of Mixin (JAVA_8 supports class version 52)
[07Aug2026 18:36:40.259] [Render thread/DEBUG] [mixin/]: Mixing statelisteners.MixinRenderSystem from mixins.iris.json into com.mojang.blaze3d.systems.RenderSystem
[07Aug2026 18:36:40.259] [Render thread/DEBUG] [mixin/]: mixins.iris.json:statelisteners.MixinRenderSystem from mod iris: Class version 69 required is higher than the class version supported by the current version of Mixin (JAVA_8 supports class version 52)
[07Aug2026 18:36:40.259] [Render thread/DEBUG] [mixin/]: Renaming synthetic method lambda$static$1(Ljava/lang/Runnable;)V to md02832a$iris$lambda$static$1$0 in mixins.iris.json:statelisteners.MixinRenderSystem from mod iris
[07Aug2026 18:36:40.259] [Render thread/DEBUG] [mixin/]: Renaming synthetic method lambda$static$0(Ljava/lang/Runnable;)V to md02832a$iris$lambda$static$0$1 in mixins.iris.json:statelisteners.MixinRenderSystem from mod iris
[07Aug2026 18:36:40.259] [Render thread/DEBUG] [mixin/]: Mixing workarounds.context_creation.RenderSystemMixin from sodium-common.mixins.json into com.mojang.blaze3d.systems.RenderSystem
[07Aug2026 18:36:40.259] [Render thread/DEBUG] [mixin/]: sodium-common.mixins.json:workarounds.context_creation.RenderSystemMixin from mod sodium: Class version 69 required is higher than the class version supported by the current version of Mixin (JAVA_17 supports class version 61)
[07Aug2026 18:36:40.259] [Render thread/DEBUG] [mixin/]: Renaming synthetic method lambda$preSwapBuffers$0()J to md02832a$sodium$lambda$preSwapBuffers$0$2 in sodium-common.mixins.json:workarounds.context_creation.RenderSystemMixin from mod sodium
[07Aug2026 18:36:40.260] [Render thread/DEBUG] [mixin/]: Renaming synthetic method lambda$doChecksOnce$0()J to md02832a$sodium$lambda$doChecksOnce$0$3 in sodium-common.mixins.json:workarounds.context_creation.RenderSystemMixin from mod sodium
[07Aug2026 18:36:40.260] [Render thread/DEBUG] [mixin/]: Mixing workarounds.event_loop.RenderSystemMixin from sodium-common.mixins.json into com.mojang.blaze3d.systems.RenderSystem
[07Aug2026 18:36:40.260] [Render thread/DEBUG] [mixin/]: sodium-common.mixins.json:workarounds.event_loop.RenderSystemMixin from mod sodium: Class version 69 required is higher than the class version supported by the current version of Mixin (JAVA_17 supports class version 61)
[07Aug2026 18:36:40.261] [Render thread/DEBUG] [mixin/]: mixins.iris.json:MixinRenderSystem from mod iris->@Inject::iris$onRendererInit(Lcom/mojang/blaze3d/systems/GpuDevice;Lorg/spongepowered/asm/mixin/injection/callback/CallbackInfo;)V doesn't use it's CallbackInfo
[07Aug2026 18:36:40.261] [Render thread/DEBUG] [mixin/]: mixins.iris.json:statelisteners.MixinRenderSystem from mod iris->@Inject::iris$onFogStart(Lcom/mojang/blaze3d/buffers/GpuBufferSlice;Lorg/spongepowered/asm/mixin/injection/callback/CallbackInfo;)V doesn't use it's CallbackInfo
[07Aug2026 18:36:40.261] [Render thread/DEBUG] [mixin/]: sodium-common.mixins.json:workarounds.context_creation.RenderSystemMixin from mod sodium->@Inject::preSwapBuffers(Lcom/mojang/blaze3d/TracyFrameCapture;Lorg/spongepowered/asm/mixin/injection/callback/CallbackInfo;)V doesn't use it's CallbackInfo
[07Aug2026 18:36:40.267] [Render thread/DEBUG] [mixin/]: Mixing features.render.immediate.buffer_builder.sorting.VertexSortingMixin from sodium-common.mixins.json into com.mojang.blaze3d.vertex.VertexSorting
[07Aug2026 18:36:40.267] [Render thread/DEBUG] [mixin/]: sodium-common.mixins.json:features.render.immediate.buffer_builder.sorting.VertexSortingMixin from mod sodium: Class version 69 required is higher than the class version supported by the current version of Mixin (JAVA_17 supports class version 61)
[07Aug2026 18:36:40.281] [Render thread/DEBUG] [mixin/]: Mixing MixinRenderTarget from mixins.iris.json into com.mojang.blaze3d.pipeline.RenderTarget
[07Aug2026 18:36:40.281] [Render thread/DEBUG] [mixin/]: mixins.iris.json:MixinRenderTarget from mod iris: Class version 69 required is higher than the class version supported by the current version of Mixin (JAVA_8 supports class version 52)
[07Aug2026 18:36:40.282] [Render thread/DEBUG] [mixin/]: Mixing state_tracking.MixinRenderTarget from mixins.iris.json into com.mojang.blaze3d.pipeline.RenderTarget
[07Aug2026 18:36:40.282] [Render thread/DEBUG] [mixin/]: mixins.iris.json:state_tracking.MixinRenderTarget from mod iris: Class version 69 required is higher than the class version supported by the current version of Mixin (JAVA_8 supports class version 52)
[07Aug2026 18:36:40.282] [Render thread/DEBUG] [mixin/]: Renaming synthetic method lambda$iris$onBindFramebuffer$0(ZLnet/irisshaders/iris/pipeline/WorldRenderingPipeline;)V to md02832a$iris$lambda$iris$onBindFramebuffer$0$0 in mixins.iris.json:state_tracking.MixinRenderTarget from mod iris
[07Aug2026 18:36:40.284] [Render thread/DEBUG] [mixin/]: mixins.iris.json:MixinRenderTarget from mod iris->@Inject::iris$onDestroyBuffers(Lorg/spongepowered/asm/mixin/injection/callback/CallbackInfo;)V doesn't use it's CallbackInfo
[07Aug2026 18:36:40.284] [Render thread/DEBUG] [mixin/]: mixins.iris.json:MixinRenderTarget from mod iris->@Inject::iris$onDestroyBuffers(Lorg/spongepowered/asm/mixin/injection/callback/CallbackInfo;)V has 0 override(s) in child classes
[07Aug2026 18:36:40.284] [Render thread/DEBUG] [mixin/]: mixins.iris.json:MixinRenderTarget from mod iris->@Inject::iris$onDestroyBuffers(Lorg/spongepowered/asm/mixin/injection/callback/CallbackInfo;)V won't be passed a CallbackInfo as a result
[07Aug2026 18:36:40.293] [Render thread/DEBUG] [mixin/]: Mixing client.MixinPauseScreen from justzoom.mixins.json into net.minecraft.client.gui.screens.PauseScreen
[07Aug2026 18:36:40.294] [Render thread/DEBUG] [mixin/]: justzoom.mixins.json:client.MixinPauseScreen from mod justzoom: Class version 69 required is higher than the class version supported by the current version of Mixin (JAVA_17 supports class version 61)
[07Aug2026 18:36:40.294] [Render thread/DEBUG] [mixin/]: Renaming synthetic method lambda$return_init_JustZoom$0(Lnet/minecraft/client/gui/components/Button;)V to md02832a$justzoom$lambda$return_init_JustZoom$0$0 in justzoom.mixins.json:client.MixinPauseScreen from mod justzoom
[07Aug2026 18:36:40.296] [Render thread/DEBUG] [mixin/]: justzoom.mixins.json:client.MixinPauseScreen from mod justzoom->@Inject::return_init_JustZoom(Lorg/spongepowered/asm/mixin/injection/callback/CallbackInfo;)V doesn't use it's CallbackInfo
[07Aug2026 18:36:40.296] [Render thread/DEBUG] [mixin/]: justzoom.mixins.json:client.MixinPauseScreen from mod justzoom->@Inject::return_init_JustZoom(Lorg/spongepowered/asm/mixin/injection/callback/CallbackInfo;)V has 0 override(s) in child classes
[07Aug2026 18:36:40.296] [Render thread/DEBUG] [mixin/]: justzoom.mixins.json:client.MixinPauseScreen from mod justzoom->@Inject::return_init_JustZoom(Lorg/spongepowered/asm/mixin/injection/callback/CallbackInfo;)V won't be passed a CallbackInfo as a result
[07Aug2026 18:36:40.306] [Render thread/DEBUG] [mixin/]: Mixing AbstractContainerScreenAccessor from mousetweaks.mixins.json into net.minecraft.client.gui.screens.inventory.AbstractContainerScreen
[07Aug2026 18:36:40.306] [Render thread/DEBUG] [mixin/]: mousetweaks.mixins.json:AbstractContainerScreenAccessor from mod mousetweaks: Class version 69 required is higher than the class version supported by the current version of Mixin (JAVA_21 supports class version 65)
[07Aug2026 18:36:40.446] [Render thread/INFO] [com.mojang.authlib.yggdrasil.YggdrasilAuthenticationService/]: Environment: Environment[sessionHost=https://sessionserver.mojang.com, servicesHost=https://api.minecraftservices.com, profilesHost=https://api.mojang.com, name=PROD]
[07Aug2026 18:36:40.463] [Render thread/INFO] [net.minecraft.client.Minecraft/]: Setting user: Dev
[07Aug2026 18:36:40.467] [Render thread/DEBUG] [mixin/]: Mixing features.gui.OptionsAccessor from sodium-common.mixins.json into net.minecraft.client.Options
[07Aug2026 18:36:40.467] [Render thread/DEBUG] [mixin/]: sodium-common.mixins.json:features.gui.OptionsAccessor from mod sodium: Class version 69 required is higher than the class version supported by the current version of Mixin (JAVA_17 supports class version 61)
[07Aug2026 18:36:40.467] [Render thread/DEBUG] [mixin/]: Mixing sky.MixinOptions_CloudsOverride from mixins.iris.json into net.minecraft.client.Options
[07Aug2026 18:36:40.468] [Render thread/DEBUG] [mixin/]: mixins.iris.json:sky.MixinOptions_CloudsOverride from mod iris: Class version 69 required is higher than the class version supported by the current version of Mixin (JAVA_8 supports class version 52)
[07Aug2026 18:36:40.468] [Render thread/DEBUG] [mixin/]: Renaming synthetic method lambda$iris$overrideCloudsType$0(Lorg/spongepowered/asm/mixin/injection/callback/CallbackInfoReturnable;Lnet/irisshaders/iris/pipeline/WorldRenderingPipeline;)V to md02832a$iris$lambda$iris$overrideCloudsType$0$0 in mixins.iris.json:sky.MixinOptions_CloudsOverride from mod iris
[07Aug2026 18:36:40.469] [Render thread/DEBUG] [mixin/]: mixins.iris.json:sky.MixinOptions_CloudsOverride from mod iris->@Inject::iris$overrideCloudsType(Lorg/spongepowered/asm/mixin/injection/callback/CallbackInfoReturnable;)V does use it's CallbackInfoReturnable
[07Aug2026 18:36:40.520] [Render thread/DEBUG] [mixin/]: Mixing client.MixinCameraType from justzoom.mixins.json into net.minecraft.client.CameraType
[07Aug2026 18:36:40.520] [Render thread/DEBUG] [mixin/]: justzoom.mixins.json:client.MixinCameraType from mod justzoom: Class version 69 required is higher than the class version supported by the current version of Mixin (JAVA_17 supports class version 61)
[07Aug2026 18:36:40.521] [Render thread/DEBUG] [mixin/]: justzoom.mixins.json:client.MixinCameraType from mod justzoom->@Inject::head_isFirstPerson_JustZoom(Lorg/spongepowered/asm/mixin/injection/callback/CallbackInfoReturnable;)V does use it's CallbackInfoReturnable
[07Aug2026 18:36:40.560] [Render thread/DEBUG] [mixin/]: Mixing MixinDebugEntries from mixins.iris.json into net.minecraft.client.gui.components.debug.DebugScreenEntries
[07Aug2026 18:36:40.560] [Render thread/DEBUG] [mixin/]: mixins.iris.json:MixinDebugEntries from mod iris: Class version 69 required is higher than the class version supported by the current version of Mixin (JAVA_8 supports class version 52)
[07Aug2026 18:36:40.561] [Render thread/DEBUG] [mixin/]: Mixing features.gui.hooks.debug.DebugScreenEntriesAccessor from sodium-common.mixins.json into net.minecraft.client.gui.components.debug.DebugScreenEntries
[07Aug2026 18:36:40.561] [Render thread/DEBUG] [mixin/]: sodium-common.mixins.json:features.gui.hooks.debug.DebugScreenEntriesAccessor from mod sodium: Class version 69 required is higher than the class version supported by the current version of Mixin (JAVA_17 supports class version 61)
[07Aug2026 18:36:40.562] [Render thread/DEBUG] [mixin/]: mixins.iris.json:MixinDebugEntries from mod iris->@Inject::onInit(Lorg/spongepowered/asm/mixin/injection/callback/CallbackInfo;)V doesn't use it's CallbackInfo
[07Aug2026 18:36:40.564] [Render thread/DEBUG] [mixin/]: Mixing features.gui.hooks.debug.DebugEntryMemoryMixin from sodium-common.mixins.json into net.minecraft.client.gui.components.debug.DebugEntryMemory
[07Aug2026 18:36:40.565] [Render thread/DEBUG] [mixin/]: sodium-common.mixins.json:features.gui.hooks.debug.DebugEntryMemoryMixin from mod sodium: Class version 69 required is higher than the class version supported by the current version of Mixin (JAVA_17 supports class version 61)
[07Aug2026 18:36:40.565] [Render thread/DEBUG] [mixin/]: sodium-common.mixins.json:features.gui.hooks.debug.DebugEntryMemoryMixin from mod sodium->@Inject::sodium$addOffHeap(Lnet/minecraft/client/gui/components/debug/DebugScreenDisplayer;Lnet/minecraft/world/level/Level;Lnet/minecraft/world/level/chunk/LevelChunk;Lnet/minecraft/world/level/chunk/LevelChunk;Lorg/spongepowered/asm/mixin/injection/callback/CallbackInfo;)V doesn't use it's CallbackInfo
[07Aug2026 18:36:40.565] [Render thread/DEBUG] [mixin/]: sodium-common.mixins.json:features.gui.hooks.debug.DebugEntryMemoryMixin from mod sodium->@Inject::sodium$addOffHeap(Lnet/minecraft/client/gui/components/debug/DebugScreenDisplayer;Lnet/minecraft/world/level/Level;Lnet/minecraft/world/level/chunk/LevelChunk;Lnet/minecraft/world/level/chunk/LevelChunk;Lorg/spongepowered/asm/mixin/injection/callback/CallbackInfo;)V has 0 override(s) in child classes
[07Aug2026 18:36:40.565] [Render thread/DEBUG] [mixin/]: sodium-common.mixins.json:features.gui.hooks.debug.DebugEntryMemoryMixin from mod sodium->@Inject::sodium$addOffHeap(Lnet/minecraft/client/gui/components/debug/DebugScreenDisplayer;Lnet/minecraft/world/level/Level;Lnet/minecraft/world/level/chunk/LevelChunk;Lnet/minecraft/world/level/chunk/LevelChunk;Lorg/spongepowered/asm/mixin/injection/callback/CallbackInfo;)V won't be passed a CallbackInfo as a result
[07Aug2026 18:36:40.599] [Render thread/DEBUG] [mixin/]: Mixing MixinSodiumOptions from mixins.iris.compat.sodium.json into net.caffeinemc.mods.sodium.client.gui.SodiumConfigBuilder
[07Aug2026 18:36:40.599] [Render thread/DEBUG] [mixin/]: mixins.iris.compat.sodium.json:MixinSodiumOptions from mod iris: Class version 69 required is higher than the class version supported by the current version of Mixin (JAVA_8 supports class version 52)
[07Aug2026 18:36:40.602] [Render thread/DEBUG] [mixin/]: Mixing texture.ReloadableTextureAccessor from mixins.iris.json into net.minecraft.client.renderer.texture.ReloadableTexture
[07Aug2026 18:36:40.602] [Render thread/DEBUG] [mixin/]: mixins.iris.json:texture.ReloadableTextureAccessor from mod iris: Class version 69 required is higher than the class version supported by the current version of Mixin (JAVA_8 supports class version 52)
[07Aug2026 18:36:40.602] [Render thread/DEBUG] [mixin/]: Mixing texture.pbr.MixinReloadableTexture from mixins.iris.json into net.minecraft.client.renderer.texture.ReloadableTexture
[07Aug2026 18:36:40.602] [Render thread/DEBUG] [mixin/]: mixins.iris.json:texture.pbr.MixinReloadableTexture from mod iris: Class version 69 required is higher than the class version supported by the current version of Mixin (JAVA_8 supports class version 52)
[07Aug2026 18:36:40.603] [Render thread/DEBUG] [mixin/]: mixins.iris.json:texture.pbr.MixinReloadableTexture from mod iris->@Inject::iris$onDoLoad(Lcom/mojang/blaze3d/platform/NativeImage;Lorg/spongepowered/asm/mixin/injection/callback/CallbackInfo;)V doesn't use it's CallbackInfo
[07Aug2026 18:36:40.603] [Render thread/DEBUG] [mixin/]: mixins.iris.json:texture.pbr.MixinReloadableTexture from mod iris->@Inject::iris$onDoLoad(Lcom/mojang/blaze3d/platform/NativeImage;Lorg/spongepowered/asm/mixin/injection/callback/CallbackInfo;)V has 0 override(s) in child classes
[07Aug2026 18:36:40.603] [Render thread/DEBUG] [mixin/]: mixins.iris.json:texture.pbr.MixinReloadableTexture from mod iris->@Inject::iris$onDoLoad(Lcom/mojang/blaze3d/platform/NativeImage;Lorg/spongepowered/asm/mixin/injection/callback/CallbackInfo;)V won't be passed a CallbackInfo as a result
[07Aug2026 18:36:40.640] [Render thread/DEBUG] [mixin/]: Mixing MixinDebugScreenEntriesList from mixins.iris.json into net.minecraft.client.gui.components.debug.DebugScreenEntryList
[07Aug2026 18:36:40.641] [Render thread/DEBUG] [mixin/]: mixins.iris.json:MixinDebugScreenEntriesList from mod iris: Class version 69 required is higher than the class version supported by the current version of Mixin (JAVA_8 supports class version 52)
[07Aug2026 18:36:40.641] [Render thread/DEBUG] [mixin/]: Mixing features.gui.hooks.debug.DebugScreenEntryListMixin from sodium-common.mixins.json into net.minecraft.client.gui.components.debug.DebugScreenEntryList
[07Aug2026 18:36:40.641] [Render thread/DEBUG] [mixin/]: sodium-common.mixins.json:features.gui.hooks.debug.DebugScreenEntryListMixin from mod sodium: Class version 69 required is higher than the class version supported by the current version of Mixin (JAVA_17 supports class version 61)
[07Aug2026 18:36:40.642] [Render thread/DEBUG] [mixin/]: mixins.iris.json:MixinDebugScreenEntriesList from mod iris->@Inject::injectSodiumSettings(Lorg/spongepowered/asm/mixin/injection/callback/CallbackInfo;)V doesn't use it's CallbackInfo
[07Aug2026 18:36:40.642] [Render thread/DEBUG] [mixin/]: mixins.iris.json:MixinDebugScreenEntriesList from mod iris->@Inject::injectSodiumSettings(Lorg/spongepowered/asm/mixin/injection/callback/CallbackInfo;)V has 0 override(s) in child classes
[07Aug2026 18:36:40.642] [Render thread/DEBUG] [mixin/]: mixins.iris.json:MixinDebugScreenEntriesList from mod iris->@Inject::injectSodiumSettings(Lorg/spongepowered/asm/mixin/injection/callback/CallbackInfo;)V won't be passed a CallbackInfo as a result
[07Aug2026 18:36:40.642] [Render thread/DEBUG] [mixin/]: sodium-common.mixins.json:features.gui.hooks.debug.DebugScreenEntryListMixin from mod sodium->@Inject::injectLoadProfile(Lnet/minecraft/client/gui/components/debug/DebugScreenProfile;Lorg/spongepowered/asm/mixin/injection/callback/CallbackInfo;)V doesn't use it's CallbackInfo
[07Aug2026 18:36:40.642] [Render thread/DEBUG] [mixin/]: sodium-common.mixins.json:features.gui.hooks.debug.DebugScreenEntryListMixin from mod sodium->@Inject::injectLoadProfile(Lnet/minecraft/client/gui/components/debug/DebugScreenProfile;Lorg/spongepowered/asm/mixin/injection/callback/CallbackInfo;)V has 0 override(s) in child classes
[07Aug2026 18:36:40.642] [Render thread/DEBUG] [mixin/]: sodium-common.mixins.json:features.gui.hooks.debug.DebugScreenEntryListMixin from mod sodium->@Inject::injectLoadProfile(Lnet/minecraft/client/gui/components/debug/DebugScreenProfile;Lorg/spongepowered/asm/mixin/injection/callback/CallbackInfo;)V won't be passed a CallbackInfo as a result
[07Aug2026 18:36:40.642] [Render thread/DEBUG] [mixin/]: sodium-common.mixins.json:features.gui.hooks.debug.DebugScreenEntryListMixin from mod sodium->@Inject::injectSodiumSettings(Lorg/spongepowered/asm/mixin/injection/callback/CallbackInfo;)V doesn't use it's CallbackInfo
[07Aug2026 18:36:40.642] [Render thread/DEBUG] [mixin/]: sodium-common.mixins.json:features.gui.hooks.debug.DebugScreenEntryListMixin from mod sodium->@Inject::injectSodiumSettings(Lorg/spongepowered/asm/mixin/injection/callback/CallbackInfo;)V has 0 override(s) in child classes
[07Aug2026 18:36:40.642] [Render thread/DEBUG] [mixin/]: sodium-common.mixins.json:features.gui.hooks.debug.DebugScreenEntryListMixin from mod sodium->@Inject::injectSodiumSettings(Lorg/spongepowered/asm/mixin/injection/callback/CallbackInfo;)V won't be passed a CallbackInfo as a result
[07Aug2026 18:36:40.653] [Render thread/INFO] [net.minecraft.client.Minecraft/]: Backend library: LWJGL version 3.4.1+2
[07Aug2026 18:36:40.654] [Render thread/DEBUG] [mixin/]: Mixing workarounds.context_creation.WindowMixin from sodium-common.mixins.json into com.mojang.blaze3d.platform.Window
[07Aug2026 18:36:40.654] [Render thread/DEBUG] [mixin/]: sodium-common.mixins.json:workarounds.context_creation.WindowMixin from mod sodium: Class version 69 required is higher than the class version supported by the current version of Mixin (JAVA_17 supports class version 61)
[07Aug2026 18:36:40.663] [Render thread/DEBUG] [mixin/]: Mixing core.WindowMixin from sodium-common.mixins.json into com.mojang.blaze3d.opengl.GlBackend
[07Aug2026 18:36:40.663] [Render thread/DEBUG] [mixin/]: sodium-common.mixins.json:core.WindowMixin from mod sodium: Class version 69 required is higher than the class version supported by the current version of Mixin (JAVA_17 supports class version 61)
[07Aug2026 18:36:40.663] [Render thread/DEBUG] [mixin/]: Mixing MixinWindow from mixins.iris.json into com.mojang.blaze3d.opengl.GlBackend
[07Aug2026 18:36:40.663] [Render thread/DEBUG] [mixin/]: mixins.iris.json:MixinWindow from mod iris: Class version 69 required is higher than the class version supported by the current version of Mixin (JAVA_8 supports class version 52)
[07Aug2026 18:36:40.664] [Render thread/DEBUG] [mixin/]: sodium-common.mixins.json:core.WindowMixin from mod sodium->@Inject::setAdditionalWindowHints(Lorg/spongepowered/asm/mixin/injection/callback/CallbackInfo;)V doesn't use it's CallbackInfo
[07Aug2026 18:36:40.664] [Render thread/DEBUG] [mixin/]: sodium-common.mixins.json:core.WindowMixin from mod sodium->@Inject::setAdditionalWindowHints(Lorg/spongepowered/asm/mixin/injection/callback/CallbackInfo;)V has 0 override(s) in child classes
[07Aug2026 18:36:40.664] [Render thread/DEBUG] [mixin/]: sodium-common.mixins.json:core.WindowMixin from mod sodium->@Inject::setAdditionalWindowHints(Lorg/spongepowered/asm/mixin/injection/callback/CallbackInfo;)V won't be passed a CallbackInfo as a result
[07Aug2026 18:36:40.664] [Render thread/DEBUG] [mixin/]: mixins.iris.json:MixinWindow from mod iris->@Inject::iris$enableDebugContext(Lorg/spongepowered/asm/mixin/injection/callback/CallbackInfo;)V doesn't use it's CallbackInfo
[07Aug2026 18:36:40.664] [Render thread/DEBUG] [mixin/]: mixins.iris.json:MixinWindow from mod iris->@Inject::iris$enableDebugContext(Lorg/spongepowered/asm/mixin/injection/callback/CallbackInfo;)V has 0 override(s) in child classes
[07Aug2026 18:36:40.664] [Render thread/DEBUG] [mixin/]: mixins.iris.json:MixinWindow from mod iris->@Inject::iris$enableDebugContext(Lorg/spongepowered/asm/mixin/injection/callback/CallbackInfo;)V won't be passed a CallbackInfo as a result
[07Aug2026 18:36:40.687] [Render thread/DEBUG] [mixin/]: Mixing GpuDeviceAccessor from mixins.iris.json into com.mojang.blaze3d.systems.GpuDevice
[07Aug2026 18:36:40.687] [Render thread/DEBUG] [mixin/]: mixins.iris.json:GpuDeviceAccessor from mod iris: Class version 69 required is higher than the class version supported by the current version of Mixin (JAVA_8 supports class version 52)
[07Aug2026 18:36:40.687] [Render thread/DEBUG] [mixin/]: Mixing core.GpuDeviceAccessor from sodium-common.mixins.json into com.mojang.blaze3d.systems.GpuDevice
[07Aug2026 18:36:40.687] [Render thread/DEBUG] [mixin/]: sodium-common.mixins.json:core.GpuDeviceAccessor from mod sodium: Class version 69 required is higher than the class version supported by the current version of Mixin (JAVA_17 supports class version 61)
[07Aug2026 18:36:40.690] [Render thread/DEBUG] [mixin/]: Mixing MixinShaderManager_Overrides from mixins.iris.json into com.mojang.blaze3d.opengl.GlDevice
[07Aug2026 18:36:40.690] [Render thread/DEBUG] [mixin/]: mixins.iris.json:MixinShaderManager_Overrides from mod iris: Class version 69 required is higher than the class version supported by the current version of Mixin (JAVA_8 supports class version 52)
[07Aug2026 18:36:40.691] [Render thread/DEBUG] [mixin/]: mixins.iris.json:MixinShaderManager_Overrides from mod iris->@Inject::redirectIrisProgram(Lcom/mojang/blaze3d/pipeline/RenderPipeline;Lorg/spongepowered/asm/mixin/injection/callback/CallbackInfoReturnable;)V does use it's CallbackInfoReturnable
[07Aug2026 18:36:40.694] [Render thread/DEBUG] [mixin/]: Mixing MixinGpuTexture2 from mixins.iris.json into com.mojang.blaze3d.textures.GpuTexture
[07Aug2026 18:36:40.694] [Render thread/DEBUG] [mixin/]: mixins.iris.json:MixinGpuTexture2 from mod iris: Class version 69 required is higher than the class version supported by the current version of Mixin (JAVA_8 supports class version 52)
[07Aug2026 18:36:40.695] [Render thread/DEBUG] [mixin/]: Mixing MixinGpuTexture from mixins.iris.json into com.mojang.blaze3d.opengl.GlTexture
[07Aug2026 18:36:40.695] [Render thread/DEBUG] [mixin/]: mixins.iris.json:MixinGpuTexture from mod iris: Class version 69 required is higher than the class version supported by the current version of Mixin (JAVA_8 supports class version 52)
[07Aug2026 18:36:40.697] [Render thread/DEBUG] [mixin/]: Mixing core.GlBufferAccessor from sodium-common.mixins.json into com.mojang.blaze3d.opengl.GlBuffer
[07Aug2026 18:36:40.697] [Render thread/DEBUG] [mixin/]: sodium-common.mixins.json:core.GlBufferAccessor from mod sodium: Class version 69 required is higher than the class version supported by the current version of Mixin (JAVA_17 supports class version 61)
[07Aug2026 18:36:40.697] [Render thread/DEBUG] [mixin/]: Mixing MixinGlBuffer from xaeroworldmap.mixins.json into com.mojang.blaze3d.opengl.GlBuffer
[07Aug2026 18:36:40.698] [Render thread/DEBUG] [mixin/]: xaeroworldmap.mixins.json:MixinGlBuffer from mod xaeroworldmap: Class version 69 required is higher than the class version supported by the current version of Mixin (JAVA_17 supports class version 61)
[07Aug2026 18:36:40.708] [Render thread/DEBUG] [mixin/]: Mixing GlStateManagerAccessor from mixins.iris.json into com.mojang.blaze3d.opengl.GlStateManager
[07Aug2026 18:36:40.708] [Render thread/DEBUG] [mixin/]: mixins.iris.json:GlStateManagerAccessor from mod iris: Class version 69 required is higher than the class version supported by the current version of Mixin (JAVA_8 supports class version 52)
[07Aug2026 18:36:40.708] [Render thread/DEBUG] [mixin/]: Renaming @Accessor method getBLEND()Lcom/mojang/blaze3d/opengl/GlStateManager$BlendState; to getBLEND$iris_$md$02832a$0 in mixins.iris.json:GlStateManagerAccessor from mod iris
[07Aug2026 18:36:40.708] [Render thread/DEBUG] [mixin/]: Renaming @Accessor method getCOLOR_MASK()I to getCOLOR_MASK$iris_$md$02832a$1 in mixins.iris.json:GlStateManagerAccessor from mod iris
[07Aug2026 18:36:40.708] [Render thread/DEBUG] [mixin/]: Renaming @Accessor method getDEPTH()Lcom/mojang/blaze3d/opengl/GlStateManager$DepthState; to getDEPTH$iris_$md$02832a$2 in mixins.iris.json:GlStateManagerAccessor from mod iris
[07Aug2026 18:36:40.708] [Render thread/DEBUG] [mixin/]: Renaming @Accessor method getActiveTexture()I to getActiveTexture$iris_$md$02832a$3 in mixins.iris.json:GlStateManagerAccessor from mod iris
[07Aug2026 18:36:40.709] [Render thread/DEBUG] [mixin/]: Renaming @Accessor method getTEXTURES()[Lcom/mojang/blaze3d/opengl/GlStateManager$TextureState; to getTEXTURES$iris_$md$02832a$4 in mixins.iris.json:GlStateManagerAccessor from mod iris
[07Aug2026 18:36:40.709] [Render thread/DEBUG] [mixin/]: Mixing MixinGlStateManager from mixins.iris.json into com.mojang.blaze3d.opengl.GlStateManager
[07Aug2026 18:36:40.709] [Render thread/DEBUG] [mixin/]: mixins.iris.json:MixinGlStateManager from mod iris: Class version 69 required is higher than the class version supported by the current version of Mixin (JAVA_8 supports class version 52)
[07Aug2026 18:36:40.709] [Render thread/DEBUG] [mixin/]: Mixing MixinGlStateManager_BlendOverride from mixins.iris.json into com.mojang.blaze3d.opengl.GlStateManager
[07Aug2026 18:36:40.709] [Render thread/DEBUG] [mixin/]: mixins.iris.json:MixinGlStateManager_BlendOverride from mod iris: Class version 69 required is higher than the class version supported by the current version of Mixin (JAVA_8 supports class version 52)
[07Aug2026 18:36:40.709] [Render thread/DEBUG] [mixin/]: Mixing MixinGlStateManager_DepthColorOverride from mixins.iris.json into com.mojang.blaze3d.opengl.GlStateManager
[07Aug2026 18:36:40.709] [Render thread/DEBUG] [mixin/]: mixins.iris.json:MixinGlStateManager_DepthColorOverride from mod iris: Class version 69 required is higher than the class version supported by the current version of Mixin (JAVA_8 supports class version 52)
[07Aug2026 18:36:40.709] [Render thread/DEBUG] [mixin/]: Mixing MixinGlStateManager_FramebufferBinding from mixins.iris.json into com.mojang.blaze3d.opengl.GlStateManager
[07Aug2026 18:36:40.709] [Render thread/DEBUG] [mixin/]: mixins.iris.json:MixinGlStateManager_FramebufferBinding from mod iris: Class version 69 required is higher than the class version supported by the current version of Mixin (JAVA_8 supports class version 52)
[07Aug2026 18:36:40.710] [Render thread/DEBUG] [mixin/]: Mixing MixinUniform from mixins.iris.json into com.mojang.blaze3d.opengl.GlStateManager
[07Aug2026 18:36:40.710] [Render thread/DEBUG] [mixin/]: mixins.iris.json:MixinUniform from mod iris: Class version 69 required is higher than the class version supported by the current version of Mixin (JAVA_8 supports class version 52)
[07Aug2026 18:36:40.710] [Render thread/DEBUG] [mixin/]: Mixing statelisteners.MixinGlStateManager from mixins.iris.json into com.mojang.blaze3d.opengl.GlStateManager
[07Aug2026 18:36:40.710] [Render thread/DEBUG] [mixin/]: mixins.iris.json:statelisteners.MixinGlStateManager from mod iris: Class version 69 required is higher than the class version supported by the current version of Mixin (JAVA_8 supports class version 52)
[07Aug2026 18:36:40.710] [Render thread/DEBUG] [mixin/]: Renaming synthetic method lambda$static$0(Ljava/lang/Runnable;)V to md02832a$iris$lambda$static$0$5 in mixins.iris.json:statelisteners.MixinGlStateManager from mod iris
[07Aug2026 18:36:40.710] [Render thread/DEBUG] [mixin/]: Mixing texture.MixinGlStateManager from mixins.iris.json into com.mojang.blaze3d.opengl.GlStateManager
[07Aug2026 18:36:40.710] [Render thread/DEBUG] [mixin/]: mixins.iris.json:texture.MixinGlStateManager from mod iris: Class version 69 required is higher than the class version supported by the current version of Mixin (JAVA_8 supports class version 52)
[07Aug2026 18:36:40.710] [Render thread/DEBUG] [mixin/]: Mixing features.render.viewport.GlStateManagerMixin from sodium-common.mixins.json into com.mojang.blaze3d.opengl.GlStateManager
[07Aug2026 18:36:40.710] [Render thread/DEBUG] [mixin/]: sodium-common.mixins.json:features.render.viewport.GlStateManagerMixin from mod sodium: Class version 69 required is higher than the class version supported by the current version of Mixin (JAVA_17 supports class version 61)
[07Aug2026 18:36:40.716] [Render thread/DEBUG] [mixin/]: mixins.iris.json:MixinGlStateManager_BlendOverride from mod iris->@Inject::iris$blendDisableLock(Lorg/spongepowered/asm/mixin/injection/callback/CallbackInfo;)V does use it's CallbackInfo
[07Aug2026 18:36:40.716] [Render thread/DEBUG] [mixin/]: mixins.iris.json:MixinGlStateManager_BlendOverride from mod iris->@Inject::iris$blendEnableLock(Lorg/spongepowered/asm/mixin/injection/callback/CallbackInfo;)V does use it's CallbackInfo
[07Aug2026 18:36:40.716] [Render thread/DEBUG] [mixin/]: mixins.iris.json:MixinGlStateManager_BlendOverride from mod iris->@Inject::iris$blendFuncSeparateLock(IIIILorg/spongepowered/asm/mixin/injection/callback/CallbackInfo;)V does use it's CallbackInfo
[07Aug2026 18:36:40.716] [Render thread/DEBUG] [mixin/]: mixins.iris.json:MixinGlStateManager_DepthColorOverride from mod iris->@Inject::iris$colorMaskLock(ILorg/spongepowered/asm/mixin/injection/callback/CallbackInfo;)V does use it's CallbackInfo
[07Aug2026 18:36:40.716] [Render thread/DEBUG] [mixin/]: mixins.iris.json:MixinGlStateManager_DepthColorOverride from mod iris->@Inject::iris$depthMaskLock(ZLorg/spongepowered/asm/mixin/injection/callback/CallbackInfo;)V does use it's CallbackInfo
[07Aug2026 18:36:40.717] [Render thread/DEBUG] [mixin/]: mixins.iris.json:MixinGlStateManager_DepthColorOverride from mod iris->@Inject::iris$resetTessellation(ILorg/spongepowered/asm/mixin/injection/callback/CallbackInfo;)V doesn't use it's CallbackInfo
[07Aug2026 18:36:40.717] [Render thread/DEBUG] [mixin/]: mixins.iris.json:MixinGlStateManager_FramebufferBinding from mod iris->@Inject::iris$avoidRedundantBind2(ILorg/spongepowered/asm/mixin/injection/callback/CallbackInfo;)V does use it's CallbackInfo
[07Aug2026 18:36:40.717] [Render thread/DEBUG] [mixin/]: mixins.iris.json:MixinGlStateManager_FramebufferBinding from mod iris->@Inject::iris$checkActiveTexture(ILorg/spongepowered/asm/mixin/injection/callback/CallbackInfo;)V doesn't use it's CallbackInfo
[07Aug2026 18:36:40.717] [Render thread/DEBUG] [mixin/]: mixins.iris.json:MixinGlStateManager_FramebufferBinding from mod iris->@Inject::iris$avoidRedundantBind1(IIIILorg/spongepowered/asm/mixin/injection/callback/CallbackInfo;)V does use it's CallbackInfo
[07Aug2026 18:36:40.717] [Render thread/DEBUG] [mixin/]: mixins.iris.json:MixinUniform from mod iris->@Inject::iris$glGetUniformLocation(ILjava/lang/CharSequence;Lorg/spongepowered/asm/mixin/injection/callback/CallbackInfoReturnable;)V does use it's CallbackInfoReturnable
[07Aug2026 18:36:40.717] [Render thread/DEBUG] [mixin/]: mixins.iris.json:statelisteners.MixinGlStateManager from mod iris->@Inject::iris$onBlendFunc(IIIILorg/spongepowered/asm/mixin/injection/callback/CallbackInfo;)V doesn't use it's CallbackInfo
[07Aug2026 18:36:40.717] [Render thread/DEBUG] [mixin/]: mixins.iris.json:texture.MixinGlStateManager from mod iris->@Inject::iris$onTexImage2D(IIIIIIIILjava/nio/ByteBuffer;Lorg/spongepowered/asm/mixin/injection/callback/CallbackInfo;)V doesn't use it's CallbackInfo
[07Aug2026 18:36:40.717] [Render thread/DEBUG] [mixin/]: mixins.iris.json:texture.MixinGlStateManager from mod iris->@Inject::iris$onDeleteTexture(ILorg/spongepowered/asm/mixin/injection/callback/CallbackInfo;)V doesn't use it's CallbackInfo
[07Aug2026 18:36:40.722] [Render thread/DEBUG] [mixin/]: Mixing MixinBooleanState from mixins.iris.json into com.mojang.blaze3d.opengl.GlStateManager$BooleanState
[07Aug2026 18:36:40.722] [Render thread/DEBUG] [mixin/]: mixins.iris.json:MixinBooleanState from mod iris: Class version 69 required is higher than the class version supported by the current version of Mixin (JAVA_8 supports class version 52)
[07Aug2026 18:36:40.722] [Render thread/DEBUG] [mixin/]: Mixing statelisteners.BooleanStateAccessor from mixins.iris.json into com.mojang.blaze3d.opengl.GlStateManager$BooleanState
[07Aug2026 18:36:40.722] [Render thread/DEBUG] [mixin/]: mixins.iris.json:statelisteners.BooleanStateAccessor from mod iris: Class version 69 required is higher than the class version supported by the current version of Mixin (JAVA_8 supports class version 52)
[07Aug2026 18:36:40.723] [Render thread/DEBUG] [mixin/]: mixins.iris.json:MixinBooleanState from mod iris->@Inject::iris$setUnknownState(ZLorg/spongepowered/asm/mixin/injection/callback/CallbackInfo;)V does use it's CallbackInfo
[07Aug2026 18:36:40.740] [Render thread/DEBUG] [oshi.util.FileUtil/]: Reading file /sys/devices/system/cpu/cpu0/topology/core_id
[07Aug2026 18:36:40.740] [Render thread/DEBUG] [oshi.util.FileUtil/]: Reading file /sys/devices/system/cpu/cpu0/topology/core_id
[07Aug2026 18:36:40.740] [Render thread/DEBUG] [oshi.util.FileUtil/]: Reading file /sys/devices/system/cpu/cpu0/topology/physical_package_id
[07Aug2026 18:36:40.740] [Render thread/DEBUG] [oshi.util.FileUtil/]: Reading file /sys/devices/system/cpu/cpu0/topology/physical_package_id
[07Aug2026 18:36:40.740] [Render thread/DEBUG] [oshi.util.FileUtil/]: Reading file /sys/devices/system/cpu/cpu0/cpu_capacity
[07Aug2026 18:36:40.740] [Render thread/DEBUG] [oshi.util.FileUtil/]: Reading file /sys/devices/system/cpu/cpu0/cpu_capacity
[07Aug2026 18:36:40.741] [Render thread/DEBUG] [oshi.util.FileUtil/]: Reading file /sys/devices/system/cpu/cpu0/cache/index2/level
[07Aug2026 18:36:40.741] [Render thread/DEBUG] [oshi.util.FileUtil/]: Reading file /sys/devices/system/cpu/cpu0/cache/index2/level
[07Aug2026 18:36:40.741] [Render thread/DEBUG] [oshi.util.FileUtil/]: Reading file /sys/devices/system/cpu/cpu0/cache/index2/type
[07Aug2026 18:36:40.741] [Render thread/DEBUG] [oshi.util.FileUtil/]: Reading file /sys/devices/system/cpu/cpu0/cache/index2/type
[07Aug2026 18:36:40.741] [Render thread/DEBUG] [oshi.util.FileUtil/]: Reading file /sys/devices/system/cpu/cpu0/cache/index2/ways_of_associativity
[07Aug2026 18:36:40.741] [Render thread/DEBUG] [oshi.util.FileUtil/]: Reading file /sys/devices/system/cpu/cpu0/cache/index2/ways_of_associativity
[07Aug2026 18:36:40.741] [Render thread/DEBUG] [oshi.util.FileUtil/]: Reading file /sys/devices/system/cpu/cpu0/cache/index2/coherency_line_size
[07Aug2026 18:36:40.741] [Render thread/DEBUG] [oshi.util.FileUtil/]: Reading file /sys/devices/system/cpu/cpu0/cache/index2/coherency_line_size
[07Aug2026 18:36:40.741] [Render thread/DEBUG] [oshi.util.FileUtil/]: Reading file /sys/devices/system/cpu/cpu0/cache/index2/size
[07Aug2026 18:36:40.741] [Render thread/DEBUG] [oshi.util.FileUtil/]: Reading file /sys/devices/system/cpu/cpu0/cache/index2/size
[07Aug2026 18:36:40.741] [Render thread/DEBUG] [oshi.util.FileUtil/]: Reading file /sys/devices/system/cpu/cpu0/cache/index0/level
[07Aug2026 18:36:40.741] [Render thread/DEBUG] [oshi.util.FileUtil/]: Reading file /sys/devices/system/cpu/cpu0/cache/index0/level
[07Aug2026 18:36:40.741] [Render thread/DEBUG] [oshi.util.FileUtil/]: Reading file /sys/devices/system/cpu/cpu0/cache/index0/type
[07Aug2026 18:36:40.741] [Render thread/DEBUG] [oshi.util.FileUtil/]: Reading file /sys/devices/system/cpu/cpu0/cache/index0/type
[07Aug2026 18:36:40.741] [Render thread/DEBUG] [oshi.util.FileUtil/]: Reading file /sys/devices/system/cpu/cpu0/cache/index0/ways_of_associativity
[07Aug2026 18:36:40.741] [Render thread/DEBUG] [oshi.util.FileUtil/]: Reading file /sys/devices/system/cpu/cpu0/cache/index0/ways_of_associativity
[07Aug2026 18:36:40.741] [Render thread/DEBUG] [oshi.util.FileUtil/]: Reading file /sys/devices/system/cpu/cpu0/cache/index0/coherency_line_size
[07Aug2026 18:36:40.741] [Render thread/DEBUG] [oshi.util.FileUtil/]: Reading file /sys/devices/system/cpu/cpu0/cache/index0/coherency_line_size
[07Aug2026 18:36:40.741] [Render thread/DEBUG] [oshi.util.FileUtil/]: Reading file /sys/devices/system/cpu/cpu0/cache/index0/size
[07Aug2026 18:36:40.741] [Render thread/DEBUG] [oshi.util.FileUtil/]: Reading file /sys/devices/system/cpu/cpu0/cache/index0/size
[07Aug2026 18:36:40.741] [Render thread/DEBUG] [oshi.util.FileUtil/]: Reading file /sys/devices/system/cpu/cpu0/cache/index3/level
[07Aug2026 18:36:40.741] [Render thread/DEBUG] [oshi.util.FileUtil/]: Reading file /sys/devices/system/cpu/cpu0/cache/index3/level
[07Aug2026 18:36:40.741] [Render thread/DEBUG] [oshi.util.FileUtil/]: Reading file /sys/devices/system/cpu/cpu0/cache/index3/type
[07Aug2026 18:36:40.741] [Render thread/DEBUG] [oshi.util.FileUtil/]: Reading file /sys/devices/system/cpu/cpu0/cache/index3/type
[07Aug2026 18:36:40.742] [Render thread/DEBUG] [oshi.util.FileUtil/]: Reading file /sys/devices/system/cpu/cpu0/cache/index3/ways_of_associativity
[07Aug2026 18:36:40.742] [Render thread/DEBUG] [oshi.util.FileUtil/]: Reading file /sys/devices/system/cpu/cpu0/cache/index3/ways_of_associativity
[07Aug2026 18:36:40.742] [Render thread/DEBUG] [oshi.util.FileUtil/]: Reading file /sys/devices/system/cpu/cpu0/cache/index3/coherency_line_size
[07Aug2026 18:36:40.742] [Render thread/DEBUG] [oshi.util.FileUtil/]: Reading file /sys/devices/system/cpu/cpu0/cache/index3/coherency_line_size
[07Aug2026 18:36:40.742] [Render thread/DEBUG] [oshi.util.FileUtil/]: Reading file /sys/devices/system/cpu/cpu0/cache/index3/size
[07Aug2026 18:36:40.742] [Render thread/DEBUG] [oshi.util.FileUtil/]: Reading file /sys/devices/system/cpu/cpu0/cache/index3/size
[07Aug2026 18:36:40.742] [Render thread/DEBUG] [oshi.util.FileUtil/]: Reading file /sys/devices/system/cpu/cpu0/cache/index1/level
[07Aug2026 18:36:40.742] [Render thread/DEBUG] [oshi.util.FileUtil/]: Reading file /sys/devices/system/cpu/cpu0/cache/index1/level
[07Aug2026 18:36:40.742] [Render thread/DEBUG] [oshi.util.FileUtil/]: Reading file /sys/devices/system/cpu/cpu0/cache/index1/type
[07Aug2026 18:36:40.742] [Render thread/DEBUG] [oshi.util.FileUtil/]: Reading file /sys/devices/system/cpu/cpu0/cache/index1/type
[07Aug2026 18:36:40.742] [Render thread/DEBUG] [oshi.util.FileUtil/]: Reading file /sys/devices/system/cpu/cpu0/cache/index1/ways_of_associativity
[07Aug2026 18:36:40.742] [Render thread/DEBUG] [oshi.util.FileUtil/]: Reading file /sys/devices/system/cpu/cpu0/cache/index1/ways_of_associativity
[07Aug2026 18:36:40.742] [Render thread/DEBUG] [oshi.util.FileUtil/]: Reading file /sys/devices/system/cpu/cpu0/cache/index1/coherency_line_size
[07Aug2026 18:36:40.742] [Render thread/DEBUG] [oshi.util.FileUtil/]: Reading file /sys/devices/system/cpu/cpu0/cache/index1/coherency_line_size
[07Aug2026 18:36:40.742] [Render thread/DEBUG] [oshi.util.FileUtil/]: Reading file /sys/devices/system/cpu/cpu0/cache/index1/size
[07Aug2026 18:36:40.742] [Render thread/DEBUG] [oshi.util.FileUtil/]: Reading file /sys/devices/system/cpu/cpu0/cache/index1/size
[07Aug2026 18:36:40.742] [Render thread/DEBUG] [oshi.util.FileUtil/]: Reading file /sys/devices/system/cpu/cpu1/topology/core_id
[07Aug2026 18:36:40.742] [Render thread/DEBUG] [oshi.util.FileUtil/]: Reading file /sys/devices/system/cpu/cpu1/topology/core_id
[07Aug2026 18:36:40.742] [Render thread/DEBUG] [oshi.util.FileUtil/]: Reading file /sys/devices/system/cpu/cpu1/topology/physical_package_id
[07Aug2026 18:36:40.742] [Render thread/DEBUG] [oshi.util.FileUtil/]: Reading file /sys/devices/system/cpu/cpu1/topology/physical_package_id
[07Aug2026 18:36:40.742] [Render thread/DEBUG] [oshi.util.FileUtil/]: Reading file /sys/devices/system/cpu/cpu1/cpu_capacity
[07Aug2026 18:36:40.742] [Render thread/DEBUG] [oshi.util.FileUtil/]: Reading file /sys/devices/system/cpu/cpu1/cpu_capacity
[07Aug2026 18:36:40.743] [Render thread/DEBUG] [oshi.util.FileUtil/]: Reading file /sys/devices/system/cpu/cpu1/cache/index2/level
[07Aug2026 18:36:40.743] [Render thread/DEBUG] [oshi.util.FileUtil/]: Reading file /sys/devices/system/cpu/cpu1/cache/index2/level
[07Aug2026 18:36:40.743] [Render thread/DEBUG] [oshi.util.FileUtil/]: Reading file /sys/devices/system/cpu/cpu1/cache/index2/type
[07Aug2026 18:36:40.743] [Render thread/DEBUG] [oshi.util.FileUtil/]: Reading file /sys/devices/system/cpu/cpu1/cache/index2/type
[07Aug2026 18:36:40.743] [Render thread/DEBUG] [oshi.util.FileUtil/]: Reading file /sys/devices/system/cpu/cpu1/cache/index2/ways_of_associativity
[07Aug2026 18:36:40.743] [Render thread/DEBUG] [oshi.util.FileUtil/]: Reading file /sys/devices/system/cpu/cpu1/cache/index2/ways_of_associativity
[07Aug2026 18:36:40.743] [Render thread/DEBUG] [oshi.util.FileUtil/]: Reading file /sys/devices/system/cpu/cpu1/cache/index2/coherency_line_size
[07Aug2026 18:36:40.743] [Render thread/DEBUG] [oshi.util.FileUtil/]: Reading file /sys/devices/system/cpu/cpu1/cache/index2/coherency_line_size
[07Aug2026 18:36:40.743] [Render thread/DEBUG] [oshi.util.FileUtil/]: Reading file /sys/devices/system/cpu/cpu1/cache/index2/size
[07Aug2026 18:36:40.743] [Render thread/DEBUG] [oshi.util.FileUtil/]: Reading file /sys/devices/system/cpu/cpu1/cache/index2/size
[07Aug2026 18:36:40.743] [Render thread/DEBUG] [oshi.util.FileUtil/]: Reading file /sys/devices/system/cpu/cpu1/cache/index0/level
[07Aug2026 18:36:40.743] [Render thread/DEBUG] [oshi.util.FileUtil/]: Reading file /sys/devices/system/cpu/cpu1/cache/index0/level
[07Aug2026 18:36:40.743] [Render thread/DEBUG] [oshi.util.FileUtil/]: Reading file /sys/devices/system/cpu/cpu1/cache/index0/type
[07Aug2026 18:36:40.743] [Render thread/DEBUG] [oshi.util.FileUtil/]: Reading file /sys/devices/system/cpu/cpu1/cache/index0/type
[07Aug2026 18:36:40.743] [Render thread/DEBUG] [oshi.util.FileUtil/]: Reading file /sys/devices/system/cpu/cpu1/cache/index0/ways_of_associativity
[07Aug2026 18:36:40.743] [Render thread/DEBUG] [oshi.util.FileUtil/]: Reading file /sys/devices/system/cpu/cpu1/cache/index0/ways_of_associativity
[07Aug2026 18:36:40.743] [Render thread/DEBUG] [oshi.util.FileUtil/]: Reading file /sys/devices/system/cpu/cpu1/cache/index0/coherency_line_size
[07Aug2026 18:36:40.743] [Render thread/DEBUG] [oshi.util.FileUtil/]: Reading file /sys/devices/system/cpu/cpu1/cache/index0/coherency_line_size
[07Aug2026 18:36:40.743] [Render thread/DEBUG] [oshi.util.FileUtil/]: Reading file /sys/devices/system/cpu/cpu1/cache/index0/size
[07Aug2026 18:36:40.743] [Render thread/DEBUG] [oshi.util.FileUtil/]: Reading file /sys/devices/system/cpu/cpu1/cache/index0/size
[07Aug2026 18:36:40.743] [Render thread/DEBUG] [oshi.util.FileUtil/]: Reading file /sys/devices/system/cpu/cpu1/cache/index3/level
[07Aug2026 18:36:40.743] [Render thread/DEBUG] [oshi.util.FileUtil/]: Reading file /sys/devices/system/cpu/cpu1/cache/index3/level
[07Aug2026 18:36:40.743] [Render thread/DEBUG] [oshi.util.FileUtil/]: Reading file /sys/devices/system/cpu/cpu1/cache/index3/type
[07Aug2026 18:36:40.743] [Render thread/DEBUG] [oshi.util.FileUtil/]: Reading file /sys/devices/system/cpu/cpu1/cache/index3/type
[07Aug2026 18:36:40.743] [Render thread/DEBUG] [oshi.util.FileUtil/]: Reading file /sys/devices/system/cpu/cpu1/cache/index3/ways_of_associativity
[07Aug2026 18:36:40.743] [Render thread/DEBUG] [oshi.util.FileUtil/]: Reading file /sys/devices/system/cpu/cpu1/cache/index3/ways_of_associativity
[07Aug2026 18:36:40.744] [Render thread/DEBUG] [oshi.util.FileUtil/]: Reading file /sys/devices/system/cpu/cpu1/cache/index3/coherency_line_size
[07Aug2026 18:36:40.744] [Render thread/DEBUG] [oshi.util.FileUtil/]: Reading file /sys/devices/system/cpu/cpu1/cache/index3/coherency_line_size
[07Aug2026 18:36:40.744] [Render thread/DEBUG] [oshi.util.FileUtil/]: Reading file /sys/devices/system/cpu/cpu1/cache/index3/size
[07Aug2026 18:36:40.744] [Render thread/DEBUG] [oshi.util.FileUtil/]: Reading file /sys/devices/system/cpu/cpu1/cache/index3/size
[07Aug2026 18:36:40.744] [Render thread/DEBUG] [oshi.util.FileUtil/]: Reading file /sys/devices/system/cpu/cpu1/cache/index1/level
[07Aug2026 18:36:40.744] [Render thread/DEBUG] [oshi.util.FileUtil/]: Reading file /sys/devices/system/cpu/cpu1/cache/index1/level
[07Aug2026 18:36:40.744] [Render thread/DEBUG] [oshi.util.FileUtil/]: Reading file /sys/devices/system/cpu/cpu1/cache/index1/type
[07Aug2026 18:36:40.744] [Render thread/DEBUG] [oshi.util.FileUtil/]: Reading file /sys/devices/system/cpu/cpu1/cache/index1/type
[07Aug2026 18:36:40.744] [Render thread/DEBUG] [oshi.util.FileUtil/]: Reading file /sys/devices/system/cpu/cpu1/cache/index1/ways_of_associativity
[07Aug2026 18:36:40.744] [Render thread/DEBUG] [oshi.util.FileUtil/]: Reading file /sys/devices/system/cpu/cpu1/cache/index1/ways_of_associativity
[07Aug2026 18:36:40.744] [Render thread/DEBUG] [oshi.util.FileUtil/]: Reading file /sys/devices/system/cpu/cpu1/cache/index1/coherency_line_size
[07Aug2026 18:36:40.744] [Render thread/DEBUG] [oshi.util.FileUtil/]: Reading file /sys/devices/system/cpu/cpu1/cache/index1/coherency_line_size
[07Aug2026 18:36:40.744] [Render thread/DEBUG] [oshi.util.FileUtil/]: Reading file /sys/devices/system/cpu/cpu1/cache/index1/size
[07Aug2026 18:36:40.744] [Render thread/DEBUG] [oshi.util.FileUtil/]: Reading file /sys/devices/system/cpu/cpu1/cache/index1/size
[07Aug2026 18:36:40.744] [Render thread/DEBUG] [oshi.util.FileUtil/]: Reading file /sys/devices/system/cpu/cpu10/topology/core_id
[07Aug2026 18:36:40.744] [Render thread/DEBUG] [oshi.util.FileUtil/]: Reading file /sys/devices/system/cpu/cpu10/topology/core_id
[07Aug2026 18:36:40.744] [Render thread/DEBUG] [oshi.util.FileUtil/]: Reading file /sys/devices/system/cpu/cpu10/topology/physical_package_id
[07Aug2026 18:36:40.744] [Render thread/DEBUG] [oshi.util.FileUtil/]: Reading file /sys/devices/system/cpu/cpu10/topology/physical_package_id
[07Aug2026 18:36:40.744] [Render thread/DEBUG] [oshi.util.FileUtil/]: Reading file /sys/devices/system/cpu/cpu10/cpu_capacity
[07Aug2026 18:36:40.744] [Render thread/DEBUG] [oshi.util.FileUtil/]: Reading file /sys/devices/system/cpu/cpu10/cpu_capacity
[07Aug2026 18:36:40.745] [Render thread/DEBUG] [oshi.util.FileUtil/]: Reading file /sys/devices/system/cpu/cpu10/cache/index2/level
[07Aug2026 18:36:40.745] [Render thread/DEBUG] [oshi.util.FileUtil/]: Reading file /sys/devices/system/cpu/cpu10/cache/index2/level
[07Aug2026 18:36:40.745] [Render thread/DEBUG] [oshi.util.FileUtil/]: Reading file /sys/devices/system/cpu/cpu10/cache/index2/type
[07Aug2026 18:36:40.745] [Render thread/DEBUG] [oshi.util.FileUtil/]: Reading file /sys/devices/system/cpu/cpu10/cache/index2/type
[07Aug2026 18:36:40.745] [Render thread/DEBUG] [oshi.util.FileUtil/]: Reading file /sys/devices/system/cpu/cpu10/cache/index2/ways_of_associativity
[07Aug2026 18:36:40.745] [Render thread/DEBUG] [oshi.util.FileUtil/]: Reading file /sys/devices/system/cpu/cpu10/cache/index2/ways_of_associativity
[07Aug2026 18:36:40.745] [Render thread/DEBUG] [oshi.util.FileUtil/]: Reading file /sys/devices/system/cpu/cpu10/cache/index2/coherency_line_size
[07Aug2026 18:36:40.745] [Render thread/DEBUG] [oshi.util.FileUtil/]: Reading file /sys/devices/system/cpu/cpu10/cache/index2/coherency_line_size
[07Aug2026 18:36:40.745] [Render thread/DEBUG] [oshi.util.FileUtil/]: Reading file /sys/devices/system/cpu/cpu10/cache/index2/size
[07Aug2026 18:36:40.745] [Render thread/DEBUG] [oshi.util.FileUtil/]: Reading file /sys/devices/system/cpu/cpu10/cache/index2/size
[07Aug2026 18:36:40.745] [Render thread/DEBUG] [oshi.util.FileUtil/]: Reading file /sys/devices/system/cpu/cpu10/cache/index0/level
[07Aug2026 18:36:40.745] [Render thread/DEBUG] [oshi.util.FileUtil/]: Reading file /sys/devices/system/cpu/cpu10/cache/index0/level
[07Aug2026 18:36:40.745] [Render thread/DEBUG] [oshi.util.FileUtil/]: Reading file /sys/devices/system/cpu/cpu10/cache/index0/type
[07Aug2026 18:36:40.745] [Render thread/DEBUG] [oshi.util.FileUtil/]: Reading file /sys/devices/system/cpu/cpu10/cache/index0/type
[07Aug2026 18:36:40.745] [Render thread/DEBUG] [oshi.util.FileUtil/]: Reading file /sys/devices/system/cpu/cpu10/cache/index0/ways_of_associativity
[07Aug2026 18:36:40.745] [Render thread/DEBUG] [oshi.util.FileUtil/]: Reading file /sys/devices/system/cpu/cpu10/cache/index0/ways_of_associativity
[07Aug2026 18:36:40.745] [Render thread/DEBUG] [oshi.util.FileUtil/]: Reading file /sys/devices/system/cpu/cpu10/cache/index0/coherency_line_size
[07Aug2026 18:36:40.745] [Render thread/DEBUG] [oshi.util.FileUtil/]: Reading file /sys/devices/system/cpu/cpu10/cache/index0/coherency_line_size
[07Aug2026 18:36:40.745] [Render thread/DEBUG] [oshi.util.FileUtil/]: Reading file /sys/devices/system/cpu/cpu10/cache/index0/size
[07Aug2026 18:36:40.745] [Render thread/DEBUG] [oshi.util.FileUtil/]: Reading file /sys/devices/system/cpu/cpu10/cache/index0/size
[07Aug2026 18:36:40.745] [Render thread/DEBUG] [oshi.util.FileUtil/]: Reading file /sys/devices/system/cpu/cpu10/cache/index3/level
[07Aug2026 18:36:40.745] [Render thread/DEBUG] [oshi.util.FileUtil/]: Reading file /sys/devices/system/cpu/cpu10/cache/index3/level
[07Aug2026 18:36:40.745] [Render thread/DEBUG] [oshi.util.FileUtil/]: Reading file /sys/devices/system/cpu/cpu10/cache/index3/type
[07Aug2026 18:36:40.745] [Render thread/DEBUG] [oshi.util.FileUtil/]: Reading file /sys/devices/system/cpu/cpu10/cache/index3/type
[07Aug2026 18:36:40.745] [Render thread/DEBUG] [oshi.util.FileUtil/]: Reading file /sys/devices/system/cpu/cpu10/cache/index3/ways_of_associativity
[07Aug2026 18:36:40.745] [Render thread/DEBUG] [oshi.util.FileUtil/]: Reading file /sys/devices/system/cpu/cpu10/cache/index3/ways_of_associativity
[07Aug2026 18:36:40.745] [Render thread/DEBUG] [oshi.util.FileUtil/]: Reading file /sys/devices/system/cpu/cpu10/cache/index3/coherency_line_size
[07Aug2026 18:36:40.745] [Render thread/DEBUG] [oshi.util.FileUtil/]: Reading file /sys/devices/system/cpu/cpu10/cache/index3/coherency_line_size
[07Aug2026 18:36:40.746] [Render thread/DEBUG] [oshi.util.FileUtil/]: Reading file /sys/devices/system/cpu/cpu10/cache/index3/size
[07Aug2026 18:36:40.746] [Render thread/DEBUG] [oshi.util.FileUtil/]: Reading file /sys/devices/system/cpu/cpu10/cache/index3/size
[07Aug2026 18:36:40.746] [Render thread/DEBUG] [oshi.util.FileUtil/]: Reading file /sys/devices/system/cpu/cpu10/cache/index1/level
[07Aug2026 18:36:40.746] [Render thread/DEBUG] [oshi.util.FileUtil/]: Reading file /sys/devices/system/cpu/cpu10/cache/index1/level
[07Aug2026 18:36:40.746] [Render thread/DEBUG] [oshi.util.FileUtil/]: Reading file /sys/devices/system/cpu/cpu10/cache/index1/type
[07Aug2026 18:36:40.746] [Render thread/DEBUG] [oshi.util.FileUtil/]: Reading file /sys/devices/system/cpu/cpu10/cache/index1/type
[07Aug2026 18:36:40.746] [Render thread/DEBUG] [oshi.util.FileUtil/]: Reading file /sys/devices/system/cpu/cpu10/cache/index1/ways_of_associativity
[07Aug2026 18:36:40.746] [Render thread/DEBUG] [oshi.util.FileUtil/]: Reading file /sys/devices/system/cpu/cpu10/cache/index1/ways_of_associativity
[07Aug2026 18:36:40.746] [Render thread/DEBUG] [oshi.util.FileUtil/]: Reading file /sys/devices/system/cpu/cpu10/cache/index1/coherency_line_size
[07Aug2026 18:36:40.746] [Render thread/DEBUG] [oshi.util.FileUtil/]: Reading file /sys/devices/system/cpu/cpu10/cache/index1/coherency_line_size
[07Aug2026 18:36:40.746] [Render thread/DEBUG] [oshi.util.FileUtil/]: Reading file /sys/devices/system/cpu/cpu10/cache/index1/size
[07Aug2026 18:36:40.746] [Render thread/DEBUG] [oshi.util.FileUtil/]: Reading file /sys/devices/system/cpu/cpu10/cache/index1/size
[07Aug2026 18:36:40.746] [Render thread/DEBUG] [oshi.util.FileUtil/]: Reading file /sys/devices/system/cpu/cpu11/topology/core_id
[07Aug2026 18:36:40.746] [Render thread/DEBUG] [oshi.util.FileUtil/]: Reading file /sys/devices/system/cpu/cpu11/topology/core_id
[07Aug2026 18:36:40.746] [Render thread/DEBUG] [oshi.util.FileUtil/]: Reading file /sys/devices/system/cpu/cpu11/topology/physical_package_id
[07Aug2026 18:36:40.746] [Render thread/DEBUG] [oshi.util.FileUtil/]: Reading file /sys/devices/system/cpu/cpu11/topology/physical_package_id
[07Aug2026 18:36:40.746] [Render thread/DEBUG] [oshi.util.FileUtil/]: Reading file /sys/devices/system/cpu/cpu11/cpu_capacity
[07Aug2026 18:36:40.746] [Render thread/DEBUG] [oshi.util.FileUtil/]: Reading file /sys/devices/system/cpu/cpu11/cpu_capacity
[07Aug2026 18:36:40.746] [Render thread/DEBUG] [oshi.util.FileUtil/]: Reading file /sys/devices/system/cpu/cpu11/cache/index2/level
[07Aug2026 18:36:40.747] [Render thread/DEBUG] [oshi.util.FileUtil/]: Reading file /sys/devices/system/cpu/cpu11/cache/index2/level
[07Aug2026 18:36:40.747] [Render thread/DEBUG] [oshi.util.FileUtil/]: Reading file /sys/devices/system/cpu/cpu11/cache/index2/type
[07Aug2026 18:36:40.747] [Render thread/DEBUG] [oshi.util.FileUtil/]: Reading file /sys/devices/system/cpu/cpu11/cache/index2/type
[07Aug2026 18:36:40.747] [Render thread/DEBUG] [oshi.util.FileUtil/]: Reading file /sys/devices/system/cpu/cpu11/cache/index2/ways_of_associativity
[07Aug2026 18:36:40.747] [Render thread/DEBUG] [oshi.util.FileUtil/]: Reading file /sys/devices/system/cpu/cpu11/cache/index2/ways_of_associativity
[07Aug2026 18:36:40.747] [Render thread/DEBUG] [oshi.util.FileUtil/]: Reading file /sys/devices/system/cpu/cpu11/cache/index2/coherency_line_size
[07Aug2026 18:36:40.747] [Render thread/DEBUG] [oshi.util.FileUtil/]: Reading file /sys/devices/system/cpu/cpu11/cache/index2/coherency_line_size
[07Aug2026 18:36:40.747] [Render thread/DEBUG] [oshi.util.FileUtil/]: Reading file /sys/devices/system/cpu/cpu11/cache/index2/size
[07Aug2026 18:36:40.747] [Render thread/DEBUG] [oshi.util.FileUtil/]: Reading file /sys/devices/system/cpu/cpu11/cache/index2/size
[07Aug2026 18:36:40.747] [Render thread/DEBUG] [oshi.util.FileUtil/]: Reading file /sys/devices/system/cpu/cpu11/cache/index0/level
[07Aug2026 18:36:40.747] [Render thread/DEBUG] [oshi.util.FileUtil/]: Reading file /sys/devices/system/cpu/cpu11/cache/index0/level
[07Aug2026 18:36:40.747] [Render thread/DEBUG] [oshi.util.FileUtil/]: Reading file /sys/devices/system/cpu/cpu11/cache/index0/type
[07Aug2026 18:36:40.747] [Render thread/DEBUG] [oshi.util.FileUtil/]: Reading file /sys/devices/system/cpu/cpu11/cache/index0/type
[07Aug2026 18:36:40.747] [Render thread/DEBUG] [oshi.util.FileUtil/]: Reading file /sys/devices/system/cpu/cpu11/cache/index0/ways_of_associativity
[07Aug2026 18:36:40.747] [Render thread/DEBUG] [oshi.util.FileUtil/]: Reading file /sys/devices/system/cpu/cpu11/cache/index0/ways_of_associativity
[07Aug2026 18:36:40.747] [Render thread/DEBUG] [oshi.util.FileUtil/]: Reading file /sys/devices/system/cpu/cpu11/cache/index0/coherency_line_size
[07Aug2026 18:36:40.747] [Render thread/DEBUG] [oshi.util.FileUtil/]: Reading file /sys/devices/system/cpu/cpu11/cache/index0/coherency_line_size
[07Aug2026 18:36:40.747] [Render thread/DEBUG] [oshi.util.FileUtil/]: Reading file /sys/devices/system/cpu/cpu11/cache/index0/size
[07Aug2026 18:36:40.747] [Render thread/DEBUG] [oshi.util.FileUtil/]: Reading file /sys/devices/system/cpu/cpu11/cache/index0/size
[07Aug2026 18:36:40.747] [Render thread/DEBUG] [oshi.util.FileUtil/]: Reading file /sys/devices/system/cpu/cpu11/cache/index3/level
[07Aug2026 18:36:40.747] [Render thread/DEBUG] [oshi.util.FileUtil/]: Reading file /sys/devices/system/cpu/cpu11/cache/index3/level
[07Aug2026 18:36:40.747] [Render thread/DEBUG] [oshi.util.FileUtil/]: Reading file /sys/devices/system/cpu/cpu11/cache/index3/type
[07Aug2026 18:36:40.747] [Render thread/DEBUG] [oshi.util.FileUtil/]: Reading file /sys/devices/system/cpu/cpu11/cache/index3/type
[07Aug2026 18:36:40.747] [Render thread/DEBUG] [oshi.util.FileUtil/]: Reading file /sys/devices/system/cpu/cpu11/cache/index3/ways_of_associativity
[07Aug2026 18:36:40.747] [Render thread/DEBUG] [oshi.util.FileUtil/]: Reading file /sys/devices/system/cpu/cpu11/cache/index3/ways_of_associativity
[07Aug2026 18:36:40.747] [Render thread/DEBUG] [oshi.util.FileUtil/]: Reading file /sys/devices/system/cpu/cpu11/cache/index3/coherency_line_size
[07Aug2026 18:36:40.747] [Render thread/DEBUG] [oshi.util.FileUtil/]: Reading file /sys/devices/system/cpu/cpu11/cache/index3/coherency_line_size
[07Aug2026 18:36:40.747] [Render thread/DEBUG] [oshi.util.FileUtil/]: Reading file /sys/devices/system/cpu/cpu11/cache/index3/size
[07Aug2026 18:36:40.747] [Render thread/DEBUG] [oshi.util.FileUtil/]: Reading file /sys/devices/system/cpu/cpu11/cache/index3/size
[07Aug2026 18:36:40.747] [Render thread/DEBUG] [oshi.util.FileUtil/]: Reading file /sys/devices/system/cpu/cpu11/cache/index1/level
[07Aug2026 18:36:40.748] [Render thread/DEBUG] [oshi.util.FileUtil/]: Reading file /sys/devices/system/cpu/cpu11/cache/index1/level
[07Aug2026 18:36:40.748] [Render thread/DEBUG] [oshi.util.FileUtil/]: Reading file /sys/devices/system/cpu/cpu11/cache/index1/type
[07Aug2026 18:36:40.748] [Render thread/DEBUG] [oshi.util.FileUtil/]: Reading file /sys/devices/system/cpu/cpu11/cache/index1/type
[07Aug2026 18:36:40.748] [Render thread/DEBUG] [oshi.util.FileUtil/]: Reading file /sys/devices/system/cpu/cpu11/cache/index1/ways_of_associativity
[07Aug2026 18:36:40.748] [Render thread/DEBUG] [oshi.util.FileUtil/]: Reading file /sys/devices/system/cpu/cpu11/cache/index1/ways_of_associativity
[07Aug2026 18:36:40.748] [Render thread/DEBUG] [oshi.util.FileUtil/]: Reading file /sys/devices/system/cpu/cpu11/cache/index1/coherency_line_size
[07Aug2026 18:36:40.748] [Render thread/DEBUG] [oshi.util.FileUtil/]: Reading file /sys/devices/system/cpu/cpu11/cache/index1/coherency_line_size
[07Aug2026 18:36:40.748] [Render thread/DEBUG] [oshi.util.FileUtil/]: Reading file /sys/devices/system/cpu/cpu11/cache/index1/size
[07Aug2026 18:36:40.748] [Render thread/DEBUG] [oshi.util.FileUtil/]: Reading file /sys/devices/system/cpu/cpu11/cache/index1/size
[07Aug2026 18:36:40.748] [Render thread/DEBUG] [oshi.util.FileUtil/]: Reading file /sys/devices/system/cpu/cpu12/topology/core_id
[07Aug2026 18:36:40.748] [Render thread/DEBUG] [oshi.util.FileUtil/]: Reading file /sys/devices/system/cpu/cpu12/topology/core_id
[07Aug2026 18:36:40.748] [Render thread/DEBUG] [oshi.util.FileUtil/]: Reading file /sys/devices/system/cpu/cpu12/topology/physical_package_id
[07Aug2026 18:36:40.748] [Render thread/DEBUG] [oshi.util.FileUtil/]: Reading file /sys/devices/system/cpu/cpu12/topology/physical_package_id
[07Aug2026 18:36:40.748] [Render thread/DEBUG] [oshi.util.FileUtil/]: Reading file /sys/devices/system/cpu/cpu12/cpu_capacity
[07Aug2026 18:36:40.748] [Render thread/DEBUG] [oshi.util.FileUtil/]: Reading file /sys/devices/system/cpu/cpu12/cpu_capacity
[07Aug2026 18:36:40.748] [Render thread/DEBUG] [oshi.util.FileUtil/]: Reading file /sys/devices/system/cpu/cpu12/cache/index2/level
[07Aug2026 18:36:40.748] [Render thread/DEBUG] [oshi.util.FileUtil/]: Reading file /sys/devices/system/cpu/cpu12/cache/index2/level
[07Aug2026 18:36:40.748] [Render thread/DEBUG] [oshi.util.FileUtil/]: Reading file /sys/devices/system/cpu/cpu12/cache/index2/type
[07Aug2026 18:36:40.748] [Render thread/DEBUG] [oshi.util.FileUtil/]: Reading file /sys/devices/system/cpu/cpu12/cache/index2/type
[07Aug2026 18:36:40.749] [Render thread/DEBUG] [oshi.util.FileUtil/]: Reading file /sys/devices/system/cpu/cpu12/cache/index2/ways_of_associativity
[07Aug2026 18:36:40.749] [Render thread/DEBUG] [oshi.util.FileUtil/]: Reading file /sys/devices/system/cpu/cpu12/cache/index2/ways_of_associativity
[07Aug2026 18:36:40.749] [Render thread/DEBUG] [oshi.util.FileUtil/]: Reading file /sys/devices/system/cpu/cpu12/cache/index2/coherency_line_size
[07Aug2026 18:36:40.749] [Render thread/DEBUG] [oshi.util.FileUtil/]: Reading file /sys/devices/system/cpu/cpu12/cache/index2/coherency_line_size
[07Aug2026 18:36:40.749] [Render thread/DEBUG] [oshi.util.FileUtil/]: Reading file /sys/devices/system/cpu/cpu12/cache/index2/size
[07Aug2026 18:36:40.749] [Render thread/DEBUG] [oshi.util.FileUtil/]: Reading file /sys/devices/system/cpu/cpu12/cache/index2/size
[07Aug2026 18:36:40.749] [Render thread/DEBUG] [oshi.util.FileUtil/]: Reading file /sys/devices/system/cpu/cpu12/cache/index0/level
[07Aug2026 18:36:40.749] [Render thread/DEBUG] [oshi.util.FileUtil/]: Reading file /sys/devices/system/cpu/cpu12/cache/index0/level
[07Aug2026 18:36:40.749] [Render thread/DEBUG] [oshi.util.FileUtil/]: Reading file /sys/devices/system/cpu/cpu12/cache/index0/type
[07Aug2026 18:36:40.749] [Render thread/DEBUG] [oshi.util.FileUtil/]: Reading file /sys/devices/system/cpu/cpu12/cache/index0/type
[07Aug2026 18:36:40.749] [Render thread/DEBUG] [oshi.util.FileUtil/]: Reading file /sys/devices/system/cpu/cpu12/cache/index0/ways_of_associativity
[07Aug2026 18:36:40.749] [Render thread/DEBUG] [oshi.util.FileUtil/]: Reading file /sys/devices/system/cpu/cpu12/cache/index0/ways_of_associativity
[07Aug2026 18:36:40.749] [Render thread/DEBUG] [oshi.util.FileUtil/]: Reading file /sys/devices/system/cpu/cpu12/cache/index0/coherency_line_size
[07Aug2026 18:36:40.749] [Render thread/DEBUG] [oshi.util.FileUtil/]: Reading file /sys/devices/system/cpu/cpu12/cache/index0/coherency_line_size
[07Aug2026 18:36:40.749] [Render thread/DEBUG] [oshi.util.FileUtil/]: Reading file /sys/devices/system/cpu/cpu12/cache/index0/size
[07Aug2026 18:36:40.749] [Render thread/DEBUG] [oshi.util.FileUtil/]: Reading file /sys/devices/system/cpu/cpu12/cache/index0/size
[07Aug2026 18:36:40.749] [Render thread/DEBUG] [oshi.util.FileUtil/]: Reading file /sys/devices/system/cpu/cpu12/cache/index3/level
[07Aug2026 18:36:40.749] [Render thread/DEBUG] [oshi.util.FileUtil/]: Reading file /sys/devices/system/cpu/cpu12/cache/index3/level
[07Aug2026 18:36:40.749] [Render thread/DEBUG] [oshi.util.FileUtil/]: Reading file /sys/devices/system/cpu/cpu12/cache/index3/type
[07Aug2026 18:36:40.749] [Render thread/DEBUG] [oshi.util.FileUtil/]: Reading file /sys/devices/system/cpu/cpu12/cache/index3/type
[07Aug2026 18:36:40.749] [Render thread/DEBUG] [oshi.util.FileUtil/]: Reading file /sys/devices/system/cpu/cpu12/cache/index3/ways_of_associativity
[07Aug2026 18:36:40.749] [Render thread/DEBUG] [oshi.util.FileUtil/]: Reading file /sys/devices/system/cpu/cpu12/cache/index3/ways_of_associativity
[07Aug2026 18:36:40.749] [Render thread/DEBUG] [oshi.util.FileUtil/]: Reading file /sys/devices/system/cpu/cpu12/cache/index3/coherency_line_size
[07Aug2026 18:36:40.749] [Render thread/DEBUG] [oshi.util.FileUtil/]: Reading file /sys/devices/system/cpu/cpu12/cache/index3/coherency_line_size
[07Aug2026 18:36:40.749] [Render thread/DEBUG] [oshi.util.FileUtil/]: Reading file /sys/devices/system/cpu/cpu12/cache/index3/size
[07Aug2026 18:36:40.749] [Render thread/DEBUG] [oshi.util.FileUtil/]: Reading file /sys/devices/system/cpu/cpu12/cache/index3/size
[07Aug2026 18:36:40.749] [Render thread/DEBUG] [oshi.util.FileUtil/]: Reading file /sys/devices/system/cpu/cpu12/cache/index1/level
[07Aug2026 18:36:40.749] [Render thread/DEBUG] [oshi.util.FileUtil/]: Reading file /sys/devices/system/cpu/cpu12/cache/index1/level
[07Aug2026 18:36:40.750] [Render thread/DEBUG] [oshi.util.FileUtil/]: Reading file /sys/devices/system/cpu/cpu12/cache/index1/type
[07Aug2026 18:36:40.750] [Render thread/DEBUG] [oshi.util.FileUtil/]: Reading file /sys/devices/system/cpu/cpu12/cache/index1/type
[07Aug2026 18:36:40.750] [Render thread/DEBUG] [oshi.util.FileUtil/]: Reading file /sys/devices/system/cpu/cpu12/cache/index1/ways_of_associativity
[07Aug2026 18:36:40.750] [Render thread/DEBUG] [oshi.util.FileUtil/]: Reading file /sys/devices/system/cpu/cpu12/cache/index1/ways_of_associativity
[07Aug2026 18:36:40.750] [Render thread/DEBUG] [oshi.util.FileUtil/]: Reading file /sys/devices/system/cpu/cpu12/cache/index1/coherency_line_size
[07Aug2026 18:36:40.750] [Render thread/DEBUG] [oshi.util.FileUtil/]: Reading file /sys/devices/system/cpu/cpu12/cache/index1/coherency_line_size
[07Aug2026 18:36:40.750] [Render thread/DEBUG] [oshi.util.FileUtil/]: Reading file /sys/devices/system/cpu/cpu12/cache/index1/size
[07Aug2026 18:36:40.750] [Render thread/DEBUG] [oshi.util.FileUtil/]: Reading file /sys/devices/system/cpu/cpu12/cache/index1/size
[07Aug2026 18:36:40.750] [Render thread/DEBUG] [oshi.util.FileUtil/]: Reading file /sys/devices/system/cpu/cpu13/topology/core_id
[07Aug2026 18:36:40.750] [Render thread/DEBUG] [oshi.util.FileUtil/]: Reading file /sys/devices/system/cpu/cpu13/topology/core_id
[07Aug2026 18:36:40.750] [Render thread/DEBUG] [oshi.util.FileUtil/]: Reading file /sys/devices/system/cpu/cpu13/topology/physical_package_id
[07Aug2026 18:36:40.750] [Render thread/DEBUG] [oshi.util.FileUtil/]: Reading file /sys/devices/system/cpu/cpu13/topology/physical_package_id
[07Aug2026 18:36:40.750] [Render thread/DEBUG] [oshi.util.FileUtil/]: Reading file /sys/devices/system/cpu/cpu13/cpu_capacity
[07Aug2026 18:36:40.750] [Render thread/DEBUG] [oshi.util.FileUtil/]: Reading file /sys/devices/system/cpu/cpu13/cpu_capacity
[07Aug2026 18:36:40.750] [Render thread/DEBUG] [oshi.util.FileUtil/]: Reading file /sys/devices/system/cpu/cpu13/cache/index2/level
[07Aug2026 18:36:40.750] [Render thread/DEBUG] [oshi.util.FileUtil/]: Reading file /sys/devices/system/cpu/cpu13/cache/index2/level
[07Aug2026 18:36:40.750] [Render thread/DEBUG] [oshi.util.FileUtil/]: Reading file /sys/devices/system/cpu/cpu13/cache/index2/type
[07Aug2026 18:36:40.750] [Render thread/DEBUG] [oshi.util.FileUtil/]: Reading file /sys/devices/system/cpu/cpu13/cache/index2/type
[07Aug2026 18:36:40.750] [Render thread/DEBUG] [oshi.util.FileUtil/]: Reading file /sys/devices/system/cpu/cpu13/cache/index2/ways_of_associativity
[07Aug2026 18:36:40.751] [Render thread/DEBUG] [oshi.util.FileUtil/]: Reading file /sys/devices/system/cpu/cpu13/cache/index2/ways_of_associativity
[07Aug2026 18:36:40.751] [Render thread/DEBUG] [oshi.util.FileUtil/]: Reading file /sys/devices/system/cpu/cpu13/cache/index2/coherency_line_size
[07Aug2026 18:36:40.751] [Render thread/DEBUG] [oshi.util.FileUtil/]: Reading file /sys/devices/system/cpu/cpu13/cache/index2/coherency_line_size
[07Aug2026 18:36:40.751] [Render thread/DEBUG] [oshi.util.FileUtil/]: Reading file /sys/devices/system/cpu/cpu13/cache/index2/size
[07Aug2026 18:36:40.751] [Render thread/DEBUG] [oshi.util.FileUtil/]: Reading file /sys/devices/system/cpu/cpu13/cache/index2/size
[07Aug2026 18:36:40.751] [Render thread/DEBUG] [oshi.util.FileUtil/]: Reading file /sys/devices/system/cpu/cpu13/cache/index0/level
[07Aug2026 18:36:40.751] [Render thread/DEBUG] [oshi.util.FileUtil/]: Reading file /sys/devices/system/cpu/cpu13/cache/index0/level
[07Aug2026 18:36:40.751] [Render thread/DEBUG] [oshi.util.FileUtil/]: Reading file /sys/devices/system/cpu/cpu13/cache/index0/type
[07Aug2026 18:36:40.751] [Render thread/DEBUG] [oshi.util.FileUtil/]: Reading file /sys/devices/system/cpu/cpu13/cache/index0/type
[07Aug2026 18:36:40.751] [Render thread/DEBUG] [oshi.util.FileUtil/]: Reading file /sys/devices/system/cpu/cpu13/cache/index0/ways_of_associativity
[07Aug2026 18:36:40.751] [Render thread/DEBUG] [oshi.util.FileUtil/]: Reading file /sys/devices/system/cpu/cpu13/cache/index0/ways_of_associativity
[07Aug2026 18:36:40.751] [Render thread/DEBUG] [oshi.util.FileUtil/]: Reading file /sys/devices/system/cpu/cpu13/cache/index0/coherency_line_size
[07Aug2026 18:36:40.751] [Render thread/DEBUG] [oshi.util.FileUtil/]: Reading file /sys/devices/system/cpu/cpu13/cache/index0/coherency_line_size
[07Aug2026 18:36:40.751] [Render thread/DEBUG] [oshi.util.FileUtil/]: Reading file /sys/devices/system/cpu/cpu13/cache/index0/size
[07Aug2026 18:36:40.751] [Render thread/DEBUG] [oshi.util.FileUtil/]: Reading file /sys/devices/system/cpu/cpu13/cache/index0/size
[07Aug2026 18:36:40.751] [Render thread/DEBUG] [oshi.util.FileUtil/]: Reading file /sys/devices/system/cpu/cpu13/cache/index3/level
[07Aug2026 18:36:40.751] [Render thread/DEBUG] [oshi.util.FileUtil/]: Reading file /sys/devices/system/cpu/cpu13/cache/index3/level
[07Aug2026 18:36:40.751] [Render thread/DEBUG] [oshi.util.FileUtil/]: Reading file /sys/devices/system/cpu/cpu13/cache/index3/type
[07Aug2026 18:36:40.751] [Render thread/DEBUG] [oshi.util.FileUtil/]: Reading file /sys/devices/system/cpu/cpu13/cache/index3/type
[07Aug2026 18:36:40.751] [Render thread/DEBUG] [oshi.util.FileUtil/]: Reading file /sys/devices/system/cpu/cpu13/cache/index3/ways_of_associativity
[07Aug2026 18:36:40.751] [Render thread/DEBUG] [oshi.util.FileUtil/]: Reading file /sys/devices/system/cpu/cpu13/cache/index3/ways_of_associativity
[07Aug2026 18:36:40.751] [Render thread/DEBUG] [oshi.util.FileUtil/]: Reading file /sys/devices/system/cpu/cpu13/cache/index3/coherency_line_size
[07Aug2026 18:36:40.751] [Render thread/DEBUG] [oshi.util.FileUtil/]: Reading file /sys/devices/system/cpu/cpu13/cache/index3/coherency_line_size
[07Aug2026 18:36:40.751] [Render thread/DEBUG] [oshi.util.FileUtil/]: Reading file /sys/devices/system/cpu/cpu13/cache/index3/size
[07Aug2026 18:36:40.751] [Render thread/DEBUG] [oshi.util.FileUtil/]: Reading file /sys/devices/system/cpu/cpu13/cache/index3/size
[07Aug2026 18:36:40.751] [Render thread/DEBUG] [oshi.util.FileUtil/]: Reading file /sys/devices/system/cpu/cpu13/cache/index1/level
[07Aug2026 18:36:40.751] [Render thread/DEBUG] [oshi.util.FileUtil/]: Reading file /sys/devices/system/cpu/cpu13/cache/index1/level
[07Aug2026 18:36:40.751] [Render thread/DEBUG] [oshi.util.FileUtil/]: Reading file /sys/devices/system/cpu/cpu13/cache/index1/type
[07Aug2026 18:36:40.751] [Render thread/DEBUG] [oshi.util.FileUtil/]: Reading file /sys/devices/system/cpu/cpu13/cache/index1/type
[07Aug2026 18:36:40.751] [Render thread/DEBUG] [oshi.util.FileUtil/]: Reading file /sys/devices/system/cpu/cpu13/cache/index1/ways_of_associativity
[07Aug2026 18:36:40.751] [Render thread/DEBUG] [oshi.util.FileUtil/]: Reading file /sys/devices/system/cpu/cpu13/cache/index1/ways_of_associativity
[07Aug2026 18:36:40.751] [Render thread/DEBUG] [oshi.util.FileUtil/]: Reading file /sys/devices/system/cpu/cpu13/cache/index1/coherency_line_size
[07Aug2026 18:36:40.751] [Render thread/DEBUG] [oshi.util.FileUtil/]: Reading file /sys/devices/system/cpu/cpu13/cache/index1/coherency_line_size
[07Aug2026 18:36:40.752] [Render thread/DEBUG] [oshi.util.FileUtil/]: Reading file /sys/devices/system/cpu/cpu13/cache/index1/size
[07Aug2026 18:36:40.752] [Render thread/DEBUG] [oshi.util.FileUtil/]: Reading file /sys/devices/system/cpu/cpu13/cache/index1/size
[07Aug2026 18:36:40.752] [Render thread/DEBUG] [oshi.util.FileUtil/]: Reading file /sys/devices/system/cpu/cpu14/topology/core_id
[07Aug2026 18:36:40.752] [Render thread/DEBUG] [oshi.util.FileUtil/]: Reading file /sys/devices/system/cpu/cpu14/topology/core_id
[07Aug2026 18:36:40.752] [Render thread/DEBUG] [oshi.util.FileUtil/]: Reading file /sys/devices/system/cpu/cpu14/topology/physical_package_id
[07Aug2026 18:36:40.752] [Render thread/DEBUG] [oshi.util.FileUtil/]: Reading file /sys/devices/system/cpu/cpu14/topology/physical_package_id
[07Aug2026 18:36:40.752] [Render thread/DEBUG] [oshi.util.FileUtil/]: Reading file /sys/devices/system/cpu/cpu14/cpu_capacity
[07Aug2026 18:36:40.752] [Render thread/DEBUG] [oshi.util.FileUtil/]: Reading file /sys/devices/system/cpu/cpu14/cpu_capacity
[07Aug2026 18:36:40.752] [Render thread/DEBUG] [oshi.util.FileUtil/]: Reading file /sys/devices/system/cpu/cpu14/cache/index2/level
[07Aug2026 18:36:40.752] [Render thread/DEBUG] [oshi.util.FileUtil/]: Reading file /sys/devices/system/cpu/cpu14/cache/index2/level
[07Aug2026 18:36:40.752] [Render thread/DEBUG] [oshi.util.FileUtil/]: Reading file /sys/devices/system/cpu/cpu14/cache/index2/type
[07Aug2026 18:36:40.752] [Render thread/DEBUG] [oshi.util.FileUtil/]: Reading file /sys/devices/system/cpu/cpu14/cache/index2/type
[07Aug2026 18:36:40.752] [Render thread/DEBUG] [oshi.util.FileUtil/]: Reading file /sys/devices/system/cpu/cpu14/cache/index2/ways_of_associativity
[07Aug2026 18:36:40.752] [Render thread/DEBUG] [oshi.util.FileUtil/]: Reading file /sys/devices/system/cpu/cpu14/cache/index2/ways_of_associativity
[07Aug2026 18:36:40.752] [Render thread/DEBUG] [oshi.util.FileUtil/]: Reading file /sys/devices/system/cpu/cpu14/cache/index2/coherency_line_size
[07Aug2026 18:36:40.752] [Render thread/DEBUG] [oshi.util.FileUtil/]: Reading file /sys/devices/system/cpu/cpu14/cache/index2/coherency_line_size
[07Aug2026 18:36:40.753] [Render thread/DEBUG] [oshi.util.FileUtil/]: Reading file /sys/devices/system/cpu/cpu14/cache/index2/size
[07Aug2026 18:36:40.753] [Render thread/DEBUG] [oshi.util.FileUtil/]: Reading file /sys/devices/system/cpu/cpu14/cache/index2/size
[07Aug2026 18:36:40.753] [Render thread/DEBUG] [oshi.util.FileUtil/]: Reading file /sys/devices/system/cpu/cpu14/cache/index0/level
[07Aug2026 18:36:40.753] [Render thread/DEBUG] [oshi.util.FileUtil/]: Reading file /sys/devices/system/cpu/cpu14/cache/index0/level
[07Aug2026 18:36:40.753] [Render thread/DEBUG] [oshi.util.FileUtil/]: Reading file /sys/devices/system/cpu/cpu14/cache/index0/type
[07Aug2026 18:36:40.753] [Render thread/DEBUG] [oshi.util.FileUtil/]: Reading file /sys/devices/system/cpu/cpu14/cache/index0/type
[07Aug2026 18:36:40.753] [Render thread/DEBUG] [oshi.util.FileUtil/]: Reading file /sys/devices/system/cpu/cpu14/cache/index0/ways_of_associativity
[07Aug2026 18:36:40.753] [Render thread/DEBUG] [oshi.util.FileUtil/]: Reading file /sys/devices/system/cpu/cpu14/cache/index0/ways_of_associativity
[07Aug2026 18:36:40.753] [Render thread/DEBUG] [oshi.util.FileUtil/]: Reading file /sys/devices/system/cpu/cpu14/cache/index0/coherency_line_size
[07Aug2026 18:36:40.753] [Render thread/DEBUG] [oshi.util.FileUtil/]: Reading file /sys/devices/system/cpu/cpu14/cache/index0/coherency_line_size
[07Aug2026 18:36:40.753] [Render thread/DEBUG] [oshi.util.FileUtil/]: Reading file /sys/devices/system/cpu/cpu14/cache/index0/size
[07Aug2026 18:36:40.753] [Render thread/DEBUG] [oshi.util.FileUtil/]: Reading file /sys/devices/system/cpu/cpu14/cache/index0/size
[07Aug2026 18:36:40.753] [Render thread/DEBUG] [oshi.util.FileUtil/]: Reading file /sys/devices/system/cpu/cpu14/cache/index3/level
[07Aug2026 18:36:40.753] [Render thread/DEBUG] [oshi.util.FileUtil/]: Reading file /sys/devices/system/cpu/cpu14/cache/index3/level
[07Aug2026 18:36:40.753] [Render thread/DEBUG] [oshi.util.FileUtil/]: Reading file /sys/devices/system/cpu/cpu14/cache/index3/type
[07Aug2026 18:36:40.753] [Render thread/DEBUG] [oshi.util.FileUtil/]: Reading file /sys/devices/system/cpu/cpu14/cache/index3/type
[07Aug2026 18:36:40.753] [Render thread/DEBUG] [oshi.util.FileUtil/]: Reading file /sys/devices/system/cpu/cpu14/cache/index3/ways_of_associativity
[07Aug2026 18:36:40.753] [Render thread/DEBUG] [oshi.util.FileUtil/]: Reading file /sys/devices/system/cpu/cpu14/cache/index3/ways_of_associativity
[07Aug2026 18:36:40.753] [Render thread/DEBUG] [oshi.util.FileUtil/]: Reading file /sys/devices/system/cpu/cpu14/cache/index3/coherency_line_size
[07Aug2026 18:36:40.753] [Render thread/DEBUG] [oshi.util.FileUtil/]: Reading file /sys/devices/system/cpu/cpu14/cache/index3/coherency_line_size
[07Aug2026 18:36:40.753] [Render thread/DEBUG] [oshi.util.FileUtil/]: Reading file /sys/devices/system/cpu/cpu14/cache/index3/size
[07Aug2026 18:36:40.753] [Render thread/DEBUG] [oshi.util.FileUtil/]: Reading file /sys/devices/system/cpu/cpu14/cache/index3/size
[07Aug2026 18:36:40.753] [Render thread/DEBUG] [oshi.util.FileUtil/]: Reading file /sys/devices/system/cpu/cpu14/cache/index1/level
[07Aug2026 18:36:40.753] [Render thread/DEBUG] [oshi.util.FileUtil/]: Reading file /sys/devices/system/cpu/cpu14/cache/index1/level
[07Aug2026 18:36:40.753] [Render thread/DEBUG] [oshi.util.FileUtil/]: Reading file /sys/devices/system/cpu/cpu14/cache/index1/type
[07Aug2026 18:36:40.753] [Render thread/DEBUG] [oshi.util.FileUtil/]: Reading file /sys/devices/system/cpu/cpu14/cache/index1/type
[07Aug2026 18:36:40.753] [Render thread/DEBUG] [oshi.util.FileUtil/]: Reading file /sys/devices/system/cpu/cpu14/cache/index1/ways_of_associativity
[07Aug2026 18:36:40.753] [Render thread/DEBUG] [oshi.util.FileUtil/]: Reading file /sys/devices/system/cpu/cpu14/cache/index1/ways_of_associativity
[07Aug2026 18:36:40.753] [Render thread/DEBUG] [oshi.util.FileUtil/]: Reading file /sys/devices/system/cpu/cpu14/cache/index1/coherency_line_size
[07Aug2026 18:36:40.754] [Render thread/DEBUG] [oshi.util.FileUtil/]: Reading file /sys/devices/system/cpu/cpu14/cache/index1/coherency_line_size
[07Aug2026 18:36:40.754] [Render thread/DEBUG] [oshi.util.FileUtil/]: Reading file /sys/devices/system/cpu/cpu14/cache/index1/size
[07Aug2026 18:36:40.754] [Render thread/DEBUG] [oshi.util.FileUtil/]: Reading file /sys/devices/system/cpu/cpu14/cache/index1/size
[07Aug2026 18:36:40.754] [Render thread/DEBUG] [oshi.util.FileUtil/]: Reading file /sys/devices/system/cpu/cpu15/topology/core_id
[07Aug2026 18:36:40.754] [Render thread/DEBUG] [oshi.util.FileUtil/]: Reading file /sys/devices/system/cpu/cpu15/topology/core_id
[07Aug2026 18:36:40.754] [Render thread/DEBUG] [oshi.util.FileUtil/]: Reading file /sys/devices/system/cpu/cpu15/topology/physical_package_id
[07Aug2026 18:36:40.754] [Render thread/DEBUG] [oshi.util.FileUtil/]: Reading file /sys/devices/system/cpu/cpu15/topology/physical_package_id
[07Aug2026 18:36:40.754] [Render thread/DEBUG] [oshi.util.FileUtil/]: Reading file /sys/devices/system/cpu/cpu15/cpu_capacity
[07Aug2026 18:36:40.754] [Render thread/DEBUG] [oshi.util.FileUtil/]: Reading file /sys/devices/system/cpu/cpu15/cpu_capacity
[07Aug2026 18:36:40.754] [Render thread/DEBUG] [oshi.util.FileUtil/]: Reading file /sys/devices/system/cpu/cpu15/cache/index2/level
[07Aug2026 18:36:40.754] [Render thread/DEBUG] [oshi.util.FileUtil/]: Reading file /sys/devices/system/cpu/cpu15/cache/index2/level
[07Aug2026 18:36:40.754] [Render thread/DEBUG] [oshi.util.FileUtil/]: Reading file /sys/devices/system/cpu/cpu15/cache/index2/type
[07Aug2026 18:36:40.754] [Render thread/DEBUG] [oshi.util.FileUtil/]: Reading file /sys/devices/system/cpu/cpu15/cache/index2/type
[07Aug2026 18:36:40.754] [Render thread/DEBUG] [oshi.util.FileUtil/]: Reading file /sys/devices/system/cpu/cpu15/cache/index2/ways_of_associativity
[07Aug2026 18:36:40.754] [Render thread/DEBUG] [oshi.util.FileUtil/]: Reading file /sys/devices/system/cpu/cpu15/cache/index2/ways_of_associativity
[07Aug2026 18:36:40.754] [Render thread/DEBUG] [oshi.util.FileUtil/]: Reading file /sys/devices/system/cpu/cpu15/cache/index2/coherency_line_size
[07Aug2026 18:36:40.754] [Render thread/DEBUG] [oshi.util.FileUtil/]: Reading file /sys/devices/system/cpu/cpu15/cache/index2/coherency_line_size
[07Aug2026 18:36:40.754] [Render thread/DEBUG] [oshi.util.FileUtil/]: Reading file /sys/devices/system/cpu/cpu15/cache/index2/size
[07Aug2026 18:36:40.754] [Render thread/DEBUG] [oshi.util.FileUtil/]: Reading file /sys/devices/system/cpu/cpu15/cache/index2/size
[07Aug2026 18:36:40.755] [Render thread/DEBUG] [oshi.util.FileUtil/]: Reading file /sys/devices/system/cpu/cpu15/cache/index0/level
[07Aug2026 18:36:40.755] [Render thread/DEBUG] [oshi.util.FileUtil/]: Reading file /sys/devices/system/cpu/cpu15/cache/index0/level
[07Aug2026 18:36:40.755] [Render thread/DEBUG] [oshi.util.FileUtil/]: Reading file /sys/devices/system/cpu/cpu15/cache/index0/type
[07Aug2026 18:36:40.755] [Render thread/DEBUG] [oshi.util.FileUtil/]: Reading file /sys/devices/system/cpu/cpu15/cache/index0/type
[07Aug2026 18:36:40.755] [Render thread/DEBUG] [oshi.util.FileUtil/]: Reading file /sys/devices/system/cpu/cpu15/cache/index0/ways_of_associativity
[07Aug2026 18:36:40.755] [Render thread/DEBUG] [oshi.util.FileUtil/]: Reading file /sys/devices/system/cpu/cpu15/cache/index0/ways_of_associativity
[07Aug2026 18:36:40.755] [Render thread/DEBUG] [oshi.util.FileUtil/]: Reading file /sys/devices/system/cpu/cpu15/cache/index0/coherency_line_size
[07Aug2026 18:36:40.755] [Render thread/DEBUG] [oshi.util.FileUtil/]: Reading file /sys/devices/system/cpu/cpu15/cache/index0/coherency_line_size
[07Aug2026 18:36:40.755] [Render thread/DEBUG] [oshi.util.FileUtil/]: Reading file /sys/devices/system/cpu/cpu15/cache/index0/size
[07Aug2026 18:36:40.755] [Render thread/DEBUG] [oshi.util.FileUtil/]: Reading file /sys/devices/system/cpu/cpu15/cache/index0/size
[07Aug2026 18:36:40.755] [Render thread/DEBUG] [oshi.util.FileUtil/]: Reading file /sys/devices/system/cpu/cpu15/cache/index3/level
[07Aug2026 18:36:40.755] [Render thread/DEBUG] [oshi.util.FileUtil/]: Reading file /sys/devices/system/cpu/cpu15/cache/index3/level
[07Aug2026 18:36:40.755] [Render thread/DEBUG] [oshi.util.FileUtil/]: Reading file /sys/devices/system/cpu/cpu15/cache/index3/type
[07Aug2026 18:36:40.755] [Render thread/DEBUG] [oshi.util.FileUtil/]: Reading file /sys/devices/system/cpu/cpu15/cache/index3/type
[07Aug2026 18:36:40.755] [Render thread/DEBUG] [oshi.util.FileUtil/]: Reading file /sys/devices/system/cpu/cpu15/cache/index3/ways_of_associativity
[07Aug2026 18:36:40.755] [Render thread/DEBUG] [oshi.util.FileUtil/]: Reading file /sys/devices/system/cpu/cpu15/cache/index3/ways_of_associativity
[07Aug2026 18:36:40.755] [Render thread/DEBUG] [oshi.util.FileUtil/]: Reading file /sys/devices/system/cpu/cpu15/cache/index3/coherency_line_size
[07Aug2026 18:36:40.755] [Render thread/DEBUG] [oshi.util.FileUtil/]: Reading file /sys/devices/system/cpu/cpu15/cache/index3/coherency_line_size
[07Aug2026 18:36:40.755] [Render thread/DEBUG] [oshi.util.FileUtil/]: Reading file /sys/devices/system/cpu/cpu15/cache/index3/size
[07Aug2026 18:36:40.755] [Render thread/DEBUG] [oshi.util.FileUtil/]: Reading file /sys/devices/system/cpu/cpu15/cache/index3/size
[07Aug2026 18:36:40.755] [Render thread/DEBUG] [oshi.util.FileUtil/]: Reading file /sys/devices/system/cpu/cpu15/cache/index1/level
[07Aug2026 18:36:40.755] [Render thread/DEBUG] [oshi.util.FileUtil/]: Reading file /sys/devices/system/cpu/cpu15/cache/index1/level
[07Aug2026 18:36:40.755] [Render thread/DEBUG] [oshi.util.FileUtil/]: Reading file /sys/devices/system/cpu/cpu15/cache/index1/type
[07Aug2026 18:36:40.755] [Render thread/DEBUG] [oshi.util.FileUtil/]: Reading file /sys/devices/system/cpu/cpu15/cache/index1/type
[07Aug2026 18:36:40.755] [Render thread/DEBUG] [oshi.util.FileUtil/]: Reading file /sys/devices/system/cpu/cpu15/cache/index1/ways_of_associativity
[07Aug2026 18:36:40.755] [Render thread/DEBUG] [oshi.util.FileUtil/]: Reading file /sys/devices/system/cpu/cpu15/cache/index1/ways_of_associativity
[07Aug2026 18:36:40.755] [Render thread/DEBUG] [oshi.util.FileUtil/]: Reading file /sys/devices/system/cpu/cpu15/cache/index1/coherency_line_size
[07Aug2026 18:36:40.755] [Render thread/DEBUG] [oshi.util.FileUtil/]: Reading file /sys/devices/system/cpu/cpu15/cache/index1/coherency_line_size
[07Aug2026 18:36:40.755] [Render thread/DEBUG] [oshi.util.FileUtil/]: Reading file /sys/devices/system/cpu/cpu15/cache/index1/size
[07Aug2026 18:36:40.755] [Render thread/DEBUG] [oshi.util.FileUtil/]: Reading file /sys/devices/system/cpu/cpu15/cache/index1/size
[07Aug2026 18:36:40.755] [Render thread/DEBUG] [oshi.util.FileUtil/]: Reading file /sys/devices/system/cpu/cpu2/topology/core_id
[07Aug2026 18:36:40.756] [Render thread/DEBUG] [oshi.util.FileUtil/]: Reading file /sys/devices/system/cpu/cpu2/topology/core_id
[07Aug2026 18:36:40.756] [Render thread/DEBUG] [oshi.util.FileUtil/]: Reading file /sys/devices/system/cpu/cpu2/topology/physical_package_id
[07Aug2026 18:36:40.756] [Render thread/DEBUG] [oshi.util.FileUtil/]: Reading file /sys/devices/system/cpu/cpu2/topology/physical_package_id
[07Aug2026 18:36:40.756] [Render thread/DEBUG] [oshi.util.FileUtil/]: Reading file /sys/devices/system/cpu/cpu2/cpu_capacity
[07Aug2026 18:36:40.756] [Render thread/DEBUG] [oshi.util.FileUtil/]: Reading file /sys/devices/system/cpu/cpu2/cpu_capacity
[07Aug2026 18:36:40.756] [Render thread/DEBUG] [oshi.util.FileUtil/]: Reading file /sys/devices/system/cpu/cpu2/cache/index2/level
[07Aug2026 18:36:40.756] [Render thread/DEBUG] [oshi.util.FileUtil/]: Reading file /sys/devices/system/cpu/cpu2/cache/index2/level
[07Aug2026 18:36:40.756] [Render thread/DEBUG] [oshi.util.FileUtil/]: Reading file /sys/devices/system/cpu/cpu2/cache/index2/type
[07Aug2026 18:36:40.756] [Render thread/DEBUG] [oshi.util.FileUtil/]: Reading file /sys/devices/system/cpu/cpu2/cache/index2/type
[07Aug2026 18:36:40.756] [Render thread/DEBUG] [oshi.util.FileUtil/]: Reading file /sys/devices/system/cpu/cpu2/cache/index2/ways_of_associativity
[07Aug2026 18:36:40.756] [Render thread/DEBUG] [oshi.util.FileUtil/]: Reading file /sys/devices/system/cpu/cpu2/cache/index2/ways_of_associativity
[07Aug2026 18:36:40.756] [Render thread/DEBUG] [oshi.util.FileUtil/]: Reading file /sys/devices/system/cpu/cpu2/cache/index2/coherency_line_size
[07Aug2026 18:36:40.756] [Render thread/DEBUG] [oshi.util.FileUtil/]: Reading file /sys/devices/system/cpu/cpu2/cache/index2/coherency_line_size
[07Aug2026 18:36:40.756] [Render thread/DEBUG] [oshi.util.FileUtil/]: Reading file /sys/devices/system/cpu/cpu2/cache/index2/size
[07Aug2026 18:36:40.756] [Render thread/DEBUG] [oshi.util.FileUtil/]: Reading file /sys/devices/system/cpu/cpu2/cache/index2/size
[07Aug2026 18:36:40.756] [Render thread/DEBUG] [oshi.util.FileUtil/]: Reading file /sys/devices/system/cpu/cpu2/cache/index0/level
[07Aug2026 18:36:40.756] [Render thread/DEBUG] [oshi.util.FileUtil/]: Reading file /sys/devices/system/cpu/cpu2/cache/index0/level
[07Aug2026 18:36:40.756] [Render thread/DEBUG] [oshi.util.FileUtil/]: Reading file /sys/devices/system/cpu/cpu2/cache/index0/type
[07Aug2026 18:36:40.756] [Render thread/DEBUG] [oshi.util.FileUtil/]: Reading file /sys/devices/system/cpu/cpu2/cache/index0/type
[07Aug2026 18:36:40.756] [Render thread/DEBUG] [oshi.util.FileUtil/]: Reading file /sys/devices/system/cpu/cpu2/cache/index0/ways_of_associativity
[07Aug2026 18:36:40.756] [Render thread/DEBUG] [oshi.util.FileUtil/]: Reading file /sys/devices/system/cpu/cpu2/cache/index0/ways_of_associativity
[07Aug2026 18:36:40.756] [Render thread/DEBUG] [oshi.util.FileUtil/]: Reading file /sys/devices/system/cpu/cpu2/cache/index0/coherency_line_size
[07Aug2026 18:36:40.756] [Render thread/DEBUG] [oshi.util.FileUtil/]: Reading file /sys/devices/system/cpu/cpu2/cache/index0/coherency_line_size
[07Aug2026 18:36:40.756] [Render thread/DEBUG] [oshi.util.FileUtil/]: Reading file /sys/devices/system/cpu/cpu2/cache/index0/size
[07Aug2026 18:36:40.756] [Render thread/DEBUG] [oshi.util.FileUtil/]: Reading file /sys/devices/system/cpu/cpu2/cache/index0/size
[07Aug2026 18:36:40.756] [Render thread/DEBUG] [oshi.util.FileUtil/]: Reading file /sys/devices/system/cpu/cpu2/cache/index3/level
[07Aug2026 18:36:40.756] [Render thread/DEBUG] [oshi.util.FileUtil/]: Reading file /sys/devices/system/cpu/cpu2/cache/index3/level
[07Aug2026 18:36:40.756] [Render thread/DEBUG] [oshi.util.FileUtil/]: Reading file /sys/devices/system/cpu/cpu2/cache/index3/type
[07Aug2026 18:36:40.756] [Render thread/DEBUG] [oshi.util.FileUtil/]: Reading file /sys/devices/system/cpu/cpu2/cache/index3/type
[07Aug2026 18:36:40.756] [Render thread/DEBUG] [oshi.util.FileUtil/]: Reading file /sys/devices/system/cpu/cpu2/cache/index3/ways_of_associativity
[07Aug2026 18:36:40.756] [Render thread/DEBUG] [oshi.util.FileUtil/]: Reading file /sys/devices/system/cpu/cpu2/cache/index3/ways_of_associativity
[07Aug2026 18:36:40.756] [Render thread/DEBUG] [oshi.util.FileUtil/]: Reading file /sys/devices/system/cpu/cpu2/cache/index3/coherency_line_size
[07Aug2026 18:36:40.756] [Render thread/DEBUG] [oshi.util.FileUtil/]: Reading file /sys/devices/system/cpu/cpu2/cache/index3/coherency_line_size
[07Aug2026 18:36:40.756] [Render thread/DEBUG] [oshi.util.FileUtil/]: Reading file /sys/devices/system/cpu/cpu2/cache/index3/size
[07Aug2026 18:36:40.756] [Render thread/DEBUG] [oshi.util.FileUtil/]: Reading file /sys/devices/system/cpu/cpu2/cache/index3/size
[07Aug2026 18:36:40.756] [Render thread/DEBUG] [oshi.util.FileUtil/]: Reading file /sys/devices/system/cpu/cpu2/cache/index1/level
[07Aug2026 18:36:40.756] [Render thread/DEBUG] [oshi.util.FileUtil/]: Reading file /sys/devices/system/cpu/cpu2/cache/index1/level
[07Aug2026 18:36:40.757] [Render thread/DEBUG] [oshi.util.FileUtil/]: Reading file /sys/devices/system/cpu/cpu2/cache/index1/type
[07Aug2026 18:36:40.757] [Render thread/DEBUG] [oshi.util.FileUtil/]: Reading file /sys/devices/system/cpu/cpu2/cache/index1/type
[07Aug2026 18:36:40.757] [Render thread/DEBUG] [oshi.util.FileUtil/]: Reading file /sys/devices/system/cpu/cpu2/cache/index1/ways_of_associativity
[07Aug2026 18:36:40.757] [Render thread/DEBUG] [oshi.util.FileUtil/]: Reading file /sys/devices/system/cpu/cpu2/cache/index1/ways_of_associativity
[07Aug2026 18:36:40.757] [Render thread/DEBUG] [oshi.util.FileUtil/]: Reading file /sys/devices/system/cpu/cpu2/cache/index1/coherency_line_size
[07Aug2026 18:36:40.757] [Render thread/DEBUG] [oshi.util.FileUtil/]: Reading file /sys/devices/system/cpu/cpu2/cache/index1/coherency_line_size
[07Aug2026 18:36:40.757] [Render thread/DEBUG] [oshi.util.FileUtil/]: Reading file /sys/devices/system/cpu/cpu2/cache/index1/size
[07Aug2026 18:36:40.757] [Render thread/DEBUG] [oshi.util.FileUtil/]: Reading file /sys/devices/system/cpu/cpu2/cache/index1/size
[07Aug2026 18:36:40.757] [Render thread/DEBUG] [oshi.util.FileUtil/]: Reading file /sys/devices/system/cpu/cpu3/topology/core_id
[07Aug2026 18:36:40.757] [Render thread/DEBUG] [oshi.util.FileUtil/]: Reading file /sys/devices/system/cpu/cpu3/topology/core_id
[07Aug2026 18:36:40.757] [Render thread/DEBUG] [oshi.util.FileUtil/]: Reading file /sys/devices/system/cpu/cpu3/topology/physical_package_id
[07Aug2026 18:36:40.757] [Render thread/DEBUG] [oshi.util.FileUtil/]: Reading file /sys/devices/system/cpu/cpu3/topology/physical_package_id
[07Aug2026 18:36:40.757] [Render thread/DEBUG] [oshi.util.FileUtil/]: Reading file /sys/devices/system/cpu/cpu3/cpu_capacity
[07Aug2026 18:36:40.757] [Render thread/DEBUG] [oshi.util.FileUtil/]: Reading file /sys/devices/system/cpu/cpu3/cpu_capacity
[07Aug2026 18:36:40.757] [Render thread/DEBUG] [oshi.util.FileUtil/]: Reading file /sys/devices/system/cpu/cpu3/cache/index2/level
[07Aug2026 18:36:40.757] [Render thread/DEBUG] [oshi.util.FileUtil/]: Reading file /sys/devices/system/cpu/cpu3/cache/index2/level
[07Aug2026 18:36:40.757] [Render thread/DEBUG] [oshi.util.FileUtil/]: Reading file /sys/devices/system/cpu/cpu3/cache/index2/type
[07Aug2026 18:36:40.757] [Render thread/DEBUG] [oshi.util.FileUtil/]: Reading file /sys/devices/system/cpu/cpu3/cache/index2/type
[07Aug2026 18:36:40.757] [Render thread/DEBUG] [oshi.util.FileUtil/]: Reading file /sys/devices/system/cpu/cpu3/cache/index2/ways_of_associativity
[07Aug2026 18:36:40.757] [Render thread/DEBUG] [oshi.util.FileUtil/]: Reading file /sys/devices/system/cpu/cpu3/cache/index2/ways_of_associativity
[07Aug2026 18:36:40.757] [Render thread/DEBUG] [oshi.util.FileUtil/]: Reading file /sys/devices/system/cpu/cpu3/cache/index2/coherency_line_size
[07Aug2026 18:36:40.757] [Render thread/DEBUG] [oshi.util.FileUtil/]: Reading file /sys/devices/system/cpu/cpu3/cache/index2/coherency_line_size
[07Aug2026 18:36:40.757] [Render thread/DEBUG] [oshi.util.FileUtil/]: Reading file /sys/devices/system/cpu/cpu3/cache/index2/size
[07Aug2026 18:36:40.757] [Render thread/DEBUG] [oshi.util.FileUtil/]: Reading file /sys/devices/system/cpu/cpu3/cache/index2/size
[07Aug2026 18:36:40.757] [Render thread/DEBUG] [oshi.util.FileUtil/]: Reading file /sys/devices/system/cpu/cpu3/cache/index0/level
[07Aug2026 18:36:40.757] [Render thread/DEBUG] [oshi.util.FileUtil/]: Reading file /sys/devices/system/cpu/cpu3/cache/index0/level
[07Aug2026 18:36:40.757] [Render thread/DEBUG] [oshi.util.FileUtil/]: Reading file /sys/devices/system/cpu/cpu3/cache/index0/type
[07Aug2026 18:36:40.757] [Render thread/DEBUG] [oshi.util.FileUtil/]: Reading file /sys/devices/system/cpu/cpu3/cache/index0/type
[07Aug2026 18:36:40.758] [Render thread/DEBUG] [oshi.util.FileUtil/]: Reading file /sys/devices/system/cpu/cpu3/cache/index0/ways_of_associativity
[07Aug2026 18:36:40.758] [Render thread/DEBUG] [oshi.util.FileUtil/]: Reading file /sys/devices/system/cpu/cpu3/cache/index0/ways_of_associativity
[07Aug2026 18:36:40.758] [Render thread/DEBUG] [oshi.util.FileUtil/]: Reading file /sys/devices/system/cpu/cpu3/cache/index0/coherency_line_size
[07Aug2026 18:36:40.758] [Render thread/DEBUG] [oshi.util.FileUtil/]: Reading file /sys/devices/system/cpu/cpu3/cache/index0/coherency_line_size
[07Aug2026 18:36:40.758] [Render thread/DEBUG] [oshi.util.FileUtil/]: Reading file /sys/devices/system/cpu/cpu3/cache/index0/size
[07Aug2026 18:36:40.758] [Render thread/DEBUG] [oshi.util.FileUtil/]: Reading file /sys/devices/system/cpu/cpu3/cache/index0/size
[07Aug2026 18:36:40.758] [Render thread/DEBUG] [oshi.util.FileUtil/]: Reading file /sys/devices/system/cpu/cpu3/cache/index3/level
[07Aug2026 18:36:40.758] [Render thread/DEBUG] [oshi.util.FileUtil/]: Reading file /sys/devices/system/cpu/cpu3/cache/index3/level
[07Aug2026 18:36:40.758] [Render thread/DEBUG] [oshi.util.FileUtil/]: Reading file /sys/devices/system/cpu/cpu3/cache/index3/type
[07Aug2026 18:36:40.758] [Render thread/DEBUG] [oshi.util.FileUtil/]: Reading file /sys/devices/system/cpu/cpu3/cache/index3/type
[07Aug2026 18:36:40.758] [Render thread/DEBUG] [oshi.util.FileUtil/]: Reading file /sys/devices/system/cpu/cpu3/cache/index3/ways_of_associativity
[07Aug2026 18:36:40.758] [Render thread/DEBUG] [oshi.util.FileUtil/]: Reading file /sys/devices/system/cpu/cpu3/cache/index3/ways_of_associativity
[07Aug2026 18:36:40.758] [Render thread/DEBUG] [oshi.util.FileUtil/]: Reading file /sys/devices/system/cpu/cpu3/cache/index3/coherency_line_size
[07Aug2026 18:36:40.758] [Render thread/DEBUG] [oshi.util.FileUtil/]: Reading file /sys/devices/system/cpu/cpu3/cache/index3/coherency_line_size
[07Aug2026 18:36:40.758] [Render thread/DEBUG] [oshi.util.FileUtil/]: Reading file /sys/devices/system/cpu/cpu3/cache/index3/size
[07Aug2026 18:36:40.758] [Render thread/DEBUG] [oshi.util.FileUtil/]: Reading file /sys/devices/system/cpu/cpu3/cache/index3/size
[07Aug2026 18:36:40.758] [Render thread/DEBUG] [oshi.util.FileUtil/]: Reading file /sys/devices/system/cpu/cpu3/cache/index1/level
[07Aug2026 18:36:40.758] [Render thread/DEBUG] [oshi.util.FileUtil/]: Reading file /sys/devices/system/cpu/cpu3/cache/index1/level
[07Aug2026 18:36:40.758] [Render thread/DEBUG] [oshi.util.FileUtil/]: Reading file /sys/devices/system/cpu/cpu3/cache/index1/type
[07Aug2026 18:36:40.758] [Render thread/DEBUG] [oshi.util.FileUtil/]: Reading file /sys/devices/system/cpu/cpu3/cache/index1/type
[07Aug2026 18:36:40.758] [Render thread/DEBUG] [oshi.util.FileUtil/]: Reading file /sys/devices/system/cpu/cpu3/cache/index1/ways_of_associativity
[07Aug2026 18:36:40.758] [Render thread/DEBUG] [oshi.util.FileUtil/]: Reading file /sys/devices/system/cpu/cpu3/cache/index1/ways_of_associativity
[07Aug2026 18:36:40.758] [Render thread/DEBUG] [oshi.util.FileUtil/]: Reading file /sys/devices/system/cpu/cpu3/cache/index1/coherency_line_size
[07Aug2026 18:36:40.758] [Render thread/DEBUG] [oshi.util.FileUtil/]: Reading file /sys/devices/system/cpu/cpu3/cache/index1/coherency_line_size
[07Aug2026 18:36:40.758] [Render thread/DEBUG] [oshi.util.FileUtil/]: Reading file /sys/devices/system/cpu/cpu3/cache/index1/size
[07Aug2026 18:36:40.758] [Render thread/DEBUG] [oshi.util.FileUtil/]: Reading file /sys/devices/system/cpu/cpu3/cache/index1/size
[07Aug2026 18:36:40.758] [Render thread/DEBUG] [oshi.util.FileUtil/]: Reading file /sys/devices/system/cpu/cpu4/topology/core_id
[07Aug2026 18:36:40.758] [Render thread/DEBUG] [oshi.util.FileUtil/]: Reading file /sys/devices/system/cpu/cpu4/topology/core_id
[07Aug2026 18:36:40.758] [Render thread/DEBUG] [oshi.util.FileUtil/]: Reading file /sys/devices/system/cpu/cpu4/topology/physical_package_id
[07Aug2026 18:36:40.758] [Render thread/DEBUG] [oshi.util.FileUtil/]: Reading file /sys/devices/system/cpu/cpu4/topology/physical_package_id
[07Aug2026 18:36:40.758] [Render thread/DEBUG] [oshi.util.FileUtil/]: Reading file /sys/devices/system/cpu/cpu4/cpu_capacity
[07Aug2026 18:36:40.759] [Render thread/DEBUG] [oshi.util.FileUtil/]: Reading file /sys/devices/system/cpu/cpu4/cpu_capacity
[07Aug2026 18:36:40.759] [Render thread/DEBUG] [oshi.util.FileUtil/]: Reading file /sys/devices/system/cpu/cpu4/cache/index2/level
[07Aug2026 18:36:40.759] [Render thread/DEBUG] [oshi.util.FileUtil/]: Reading file /sys/devices/system/cpu/cpu4/cache/index2/level
[07Aug2026 18:36:40.759] [Render thread/DEBUG] [oshi.util.FileUtil/]: Reading file /sys/devices/system/cpu/cpu4/cache/index2/type
[07Aug2026 18:36:40.759] [Render thread/DEBUG] [oshi.util.FileUtil/]: Reading file /sys/devices/system/cpu/cpu4/cache/index2/type
[07Aug2026 18:36:40.759] [Render thread/DEBUG] [oshi.util.FileUtil/]: Reading file /sys/devices/system/cpu/cpu4/cache/index2/ways_of_associativity
[07Aug2026 18:36:40.759] [Render thread/DEBUG] [oshi.util.FileUtil/]: Reading file /sys/devices/system/cpu/cpu4/cache/index2/ways_of_associativity
[07Aug2026 18:36:40.759] [Render thread/DEBUG] [oshi.util.FileUtil/]: Reading file /sys/devices/system/cpu/cpu4/cache/index2/coherency_line_size
[07Aug2026 18:36:40.759] [Render thread/DEBUG] [oshi.util.FileUtil/]: Reading file /sys/devices/system/cpu/cpu4/cache/index2/coherency_line_size
[07Aug2026 18:36:40.759] [Render thread/DEBUG] [oshi.util.FileUtil/]: Reading file /sys/devices/system/cpu/cpu4/cache/index2/size
[07Aug2026 18:36:40.759] [Render thread/DEBUG] [oshi.util.FileUtil/]: Reading file /sys/devices/system/cpu/cpu4/cache/index2/size
[07Aug2026 18:36:40.759] [Render thread/DEBUG] [oshi.util.FileUtil/]: Reading file /sys/devices/system/cpu/cpu4/cache/index0/level
[07Aug2026 18:36:40.759] [Render thread/DEBUG] [oshi.util.FileUtil/]: Reading file /sys/devices/system/cpu/cpu4/cache/index0/level
[07Aug2026 18:36:40.759] [Render thread/DEBUG] [oshi.util.FileUtil/]: Reading file /sys/devices/system/cpu/cpu4/cache/index0/type
[07Aug2026 18:36:40.759] [Render thread/DEBUG] [oshi.util.FileUtil/]: Reading file /sys/devices/system/cpu/cpu4/cache/index0/type
[07Aug2026 18:36:40.759] [Render thread/DEBUG] [oshi.util.FileUtil/]: Reading file /sys/devices/system/cpu/cpu4/cache/index0/ways_of_associativity
[07Aug2026 18:36:40.759] [Render thread/DEBUG] [oshi.util.FileUtil/]: Reading file /sys/devices/system/cpu/cpu4/cache/index0/ways_of_associativity
[07Aug2026 18:36:40.759] [Render thread/DEBUG] [oshi.util.FileUtil/]: Reading file /sys/devices/system/cpu/cpu4/cache/index0/coherency_line_size
[07Aug2026 18:36:40.759] [Render thread/DEBUG] [oshi.util.FileUtil/]: Reading file /sys/devices/system/cpu/cpu4/cache/index0/coherency_line_size
[07Aug2026 18:36:40.759] [Render thread/DEBUG] [oshi.util.FileUtil/]: Reading file /sys/devices/system/cpu/cpu4/cache/index0/size
[07Aug2026 18:36:40.759] [Render thread/DEBUG] [oshi.util.FileUtil/]: Reading file /sys/devices/system/cpu/cpu4/cache/index0/size
[07Aug2026 18:36:40.759] [Render thread/DEBUG] [oshi.util.FileUtil/]: Reading file /sys/devices/system/cpu/cpu4/cache/index3/level
[07Aug2026 18:36:40.759] [Render thread/DEBUG] [oshi.util.FileUtil/]: Reading file /sys/devices/system/cpu/cpu4/cache/index3/level
[07Aug2026 18:36:40.759] [Render thread/DEBUG] [oshi.util.FileUtil/]: Reading file /sys/devices/system/cpu/cpu4/cache/index3/type
[07Aug2026 18:36:40.759] [Render thread/DEBUG] [oshi.util.FileUtil/]: Reading file /sys/devices/system/cpu/cpu4/cache/index3/type
[07Aug2026 18:36:40.759] [Render thread/DEBUG] [oshi.util.FileUtil/]: Reading file /sys/devices/system/cpu/cpu4/cache/index3/ways_of_associativity
[07Aug2026 18:36:40.759] [Render thread/DEBUG] [oshi.util.FileUtil/]: Reading file /sys/devices/system/cpu/cpu4/cache/index3/ways_of_associativity
[07Aug2026 18:36:40.759] [Render thread/DEBUG] [oshi.util.FileUtil/]: Reading file /sys/devices/system/cpu/cpu4/cache/index3/coherency_line_size
[07Aug2026 18:36:40.759] [Render thread/DEBUG] [oshi.util.FileUtil/]: Reading file /sys/devices/system/cpu/cpu4/cache/index3/coherency_line_size
[07Aug2026 18:36:40.759] [Render thread/DEBUG] [oshi.util.FileUtil/]: Reading file /sys/devices/system/cpu/cpu4/cache/index3/size
[07Aug2026 18:36:40.759] [Render thread/DEBUG] [oshi.util.FileUtil/]: Reading file /sys/devices/system/cpu/cpu4/cache/index3/size
[07Aug2026 18:36:40.760] [Render thread/DEBUG] [oshi.util.FileUtil/]: Reading file /sys/devices/system/cpu/cpu4/cache/index1/level
[07Aug2026 18:36:40.760] [Render thread/DEBUG] [oshi.util.FileUtil/]: Reading file /sys/devices/system/cpu/cpu4/cache/index1/level
[07Aug2026 18:36:40.760] [Render thread/DEBUG] [oshi.util.FileUtil/]: Reading file /sys/devices/system/cpu/cpu4/cache/index1/type
[07Aug2026 18:36:40.760] [Render thread/DEBUG] [oshi.util.FileUtil/]: Reading file /sys/devices/system/cpu/cpu4/cache/index1/type
[07Aug2026 18:36:40.760] [Render thread/DEBUG] [oshi.util.FileUtil/]: Reading file /sys/devices/system/cpu/cpu4/cache/index1/ways_of_associativity
[07Aug2026 18:36:40.760] [Render thread/DEBUG] [oshi.util.FileUtil/]: Reading file /sys/devices/system/cpu/cpu4/cache/index1/ways_of_associativity
[07Aug2026 18:36:40.760] [Render thread/DEBUG] [oshi.util.FileUtil/]: Reading file /sys/devices/system/cpu/cpu4/cache/index1/coherency_line_size
[07Aug2026 18:36:40.760] [Render thread/DEBUG] [oshi.util.FileUtil/]: Reading file /sys/devices/system/cpu/cpu4/cache/index1/coherency_line_size
[07Aug2026 18:36:40.760] [Render thread/DEBUG] [oshi.util.FileUtil/]: Reading file /sys/devices/system/cpu/cpu4/cache/index1/size
[07Aug2026 18:36:40.760] [Render thread/DEBUG] [oshi.util.FileUtil/]: Reading file /sys/devices/system/cpu/cpu4/cache/index1/size
[07Aug2026 18:36:40.760] [Render thread/DEBUG] [oshi.util.FileUtil/]: Reading file /sys/devices/system/cpu/cpu5/topology/core_id
[07Aug2026 18:36:40.760] [Render thread/DEBUG] [oshi.util.FileUtil/]: Reading file /sys/devices/system/cpu/cpu5/topology/core_id
[07Aug2026 18:36:40.760] [Render thread/DEBUG] [oshi.util.FileUtil/]: Reading file /sys/devices/system/cpu/cpu5/topology/physical_package_id
[07Aug2026 18:36:40.760] [Render thread/DEBUG] [oshi.util.FileUtil/]: Reading file /sys/devices/system/cpu/cpu5/topology/physical_package_id
[07Aug2026 18:36:40.760] [Render thread/DEBUG] [oshi.util.FileUtil/]: Reading file /sys/devices/system/cpu/cpu5/cpu_capacity
[07Aug2026 18:36:40.760] [Render thread/DEBUG] [oshi.util.FileUtil/]: Reading file /sys/devices/system/cpu/cpu5/cpu_capacity
[07Aug2026 18:36:40.761] [Render thread/DEBUG] [oshi.util.FileUtil/]: Reading file /sys/devices/system/cpu/cpu5/cache/index2/level
[07Aug2026 18:36:40.761] [Render thread/DEBUG] [oshi.util.FileUtil/]: Reading file /sys/devices/system/cpu/cpu5/cache/index2/level
[07Aug2026 18:36:40.761] [Render thread/DEBUG] [oshi.util.FileUtil/]: Reading file /sys/devices/system/cpu/cpu5/cache/index2/type
[07Aug2026 18:36:40.761] [Render thread/DEBUG] [oshi.util.FileUtil/]: Reading file /sys/devices/system/cpu/cpu5/cache/index2/type
[07Aug2026 18:36:40.761] [Render thread/DEBUG] [oshi.util.FileUtil/]: Reading file /sys/devices/system/cpu/cpu5/cache/index2/ways_of_associativity
[07Aug2026 18:36:40.761] [Render thread/DEBUG] [oshi.util.FileUtil/]: Reading file /sys/devices/system/cpu/cpu5/cache/index2/ways_of_associativity
[07Aug2026 18:36:40.761] [Render thread/DEBUG] [oshi.util.FileUtil/]: Reading file /sys/devices/system/cpu/cpu5/cache/index2/coherency_line_size
[07Aug2026 18:36:40.761] [Render thread/DEBUG] [oshi.util.FileUtil/]: Reading file /sys/devices/system/cpu/cpu5/cache/index2/coherency_line_size
[07Aug2026 18:36:40.761] [Render thread/DEBUG] [oshi.util.FileUtil/]: Reading file /sys/devices/system/cpu/cpu5/cache/index2/size
[07Aug2026 18:36:40.761] [Render thread/DEBUG] [oshi.util.FileUtil/]: Reading file /sys/devices/system/cpu/cpu5/cache/index2/size
[07Aug2026 18:36:40.761] [Render thread/DEBUG] [oshi.util.FileUtil/]: Reading file /sys/devices/system/cpu/cpu5/cache/index0/level
[07Aug2026 18:36:40.761] [Render thread/DEBUG] [oshi.util.FileUtil/]: Reading file /sys/devices/system/cpu/cpu5/cache/index0/level
[07Aug2026 18:36:40.761] [Render thread/DEBUG] [oshi.util.FileUtil/]: Reading file /sys/devices/system/cpu/cpu5/cache/index0/type
[07Aug2026 18:36:40.761] [Render thread/DEBUG] [oshi.util.FileUtil/]: Reading file /sys/devices/system/cpu/cpu5/cache/index0/type
[07Aug2026 18:36:40.761] [Render thread/DEBUG] [oshi.util.FileUtil/]: Reading file /sys/devices/system/cpu/cpu5/cache/index0/ways_of_associativity
[07Aug2026 18:36:40.761] [Render thread/DEBUG] [oshi.util.FileUtil/]: Reading file /sys/devices/system/cpu/cpu5/cache/index0/ways_of_associativity
[07Aug2026 18:36:40.761] [Render thread/DEBUG] [oshi.util.FileUtil/]: Reading file /sys/devices/system/cpu/cpu5/cache/index0/coherency_line_size
[07Aug2026 18:36:40.761] [Render thread/DEBUG] [oshi.util.FileUtil/]: Reading file /sys/devices/system/cpu/cpu5/cache/index0/coherency_line_size
[07Aug2026 18:36:40.761] [Render thread/DEBUG] [oshi.util.FileUtil/]: Reading file /sys/devices/system/cpu/cpu5/cache/index0/size
[07Aug2026 18:36:40.761] [Render thread/DEBUG] [oshi.util.FileUtil/]: Reading file /sys/devices/system/cpu/cpu5/cache/index0/size
[07Aug2026 18:36:40.761] [Render thread/DEBUG] [oshi.util.FileUtil/]: Reading file /sys/devices/system/cpu/cpu5/cache/index3/level
[07Aug2026 18:36:40.761] [Render thread/DEBUG] [oshi.util.FileUtil/]: Reading file /sys/devices/system/cpu/cpu5/cache/index3/level
[07Aug2026 18:36:40.761] [Render thread/DEBUG] [oshi.util.FileUtil/]: Reading file /sys/devices/system/cpu/cpu5/cache/index3/type
[07Aug2026 18:36:40.761] [Render thread/DEBUG] [oshi.util.FileUtil/]: Reading file /sys/devices/system/cpu/cpu5/cache/index3/type
[07Aug2026 18:36:40.761] [Render thread/DEBUG] [oshi.util.FileUtil/]: Reading file /sys/devices/system/cpu/cpu5/cache/index3/ways_of_associativity
[07Aug2026 18:36:40.762] [Render thread/DEBUG] [oshi.util.FileUtil/]: Reading file /sys/devices/system/cpu/cpu5/cache/index3/ways_of_associativity
[07Aug2026 18:36:40.762] [Render thread/DEBUG] [oshi.util.FileUtil/]: Reading file /sys/devices/system/cpu/cpu5/cache/index3/coherency_line_size
[07Aug2026 18:36:40.762] [Render thread/DEBUG] [oshi.util.FileUtil/]: Reading file /sys/devices/system/cpu/cpu5/cache/index3/coherency_line_size
[07Aug2026 18:36:40.762] [Render thread/DEBUG] [oshi.util.FileUtil/]: Reading file /sys/devices/system/cpu/cpu5/cache/index3/size
[07Aug2026 18:36:40.762] [Render thread/DEBUG] [oshi.util.FileUtil/]: Reading file /sys/devices/system/cpu/cpu5/cache/index3/size
[07Aug2026 18:36:40.762] [Render thread/DEBUG] [oshi.util.FileUtil/]: Reading file /sys/devices/system/cpu/cpu5/cache/index1/level
[07Aug2026 18:36:40.762] [Render thread/DEBUG] [oshi.util.FileUtil/]: Reading file /sys/devices/system/cpu/cpu5/cache/index1/level
[07Aug2026 18:36:40.762] [Render thread/DEBUG] [oshi.util.FileUtil/]: Reading file /sys/devices/system/cpu/cpu5/cache/index1/type
[07Aug2026 18:36:40.762] [Render thread/DEBUG] [oshi.util.FileUtil/]: Reading file /sys/devices/system/cpu/cpu5/cache/index1/type
[07Aug2026 18:36:40.762] [Render thread/DEBUG] [oshi.util.FileUtil/]: Reading file /sys/devices/system/cpu/cpu5/cache/index1/ways_of_associativity
[07Aug2026 18:36:40.762] [Render thread/DEBUG] [oshi.util.FileUtil/]: Reading file /sys/devices/system/cpu/cpu5/cache/index1/ways_of_associativity
[07Aug2026 18:36:40.762] [Render thread/DEBUG] [oshi.util.FileUtil/]: Reading file /sys/devices/system/cpu/cpu5/cache/index1/coherency_line_size
[07Aug2026 18:36:40.762] [Render thread/DEBUG] [oshi.util.FileUtil/]: Reading file /sys/devices/system/cpu/cpu5/cache/index1/coherency_line_size
[07Aug2026 18:36:40.762] [Render thread/DEBUG] [oshi.util.FileUtil/]: Reading file /sys/devices/system/cpu/cpu5/cache/index1/size
[07Aug2026 18:36:40.762] [Render thread/DEBUG] [oshi.util.FileUtil/]: Reading file /sys/devices/system/cpu/cpu5/cache/index1/size
[07Aug2026 18:36:40.762] [Render thread/DEBUG] [oshi.util.FileUtil/]: Reading file /sys/devices/system/cpu/cpu6/topology/core_id
[07Aug2026 18:36:40.762] [Render thread/DEBUG] [oshi.util.FileUtil/]: Reading file /sys/devices/system/cpu/cpu6/topology/core_id
[07Aug2026 18:36:40.762] [Render thread/DEBUG] [oshi.util.FileUtil/]: Reading file /sys/devices/system/cpu/cpu6/topology/physical_package_id
[07Aug2026 18:36:40.762] [Render thread/DEBUG] [oshi.util.FileUtil/]: Reading file /sys/devices/system/cpu/cpu6/topology/physical_package_id
[07Aug2026 18:36:40.762] [Render thread/DEBUG] [oshi.util.FileUtil/]: Reading file /sys/devices/system/cpu/cpu6/cpu_capacity
[07Aug2026 18:36:40.762] [Render thread/DEBUG] [oshi.util.FileUtil/]: Reading file /sys/devices/system/cpu/cpu6/cpu_capacity
[07Aug2026 18:36:40.763] [Render thread/DEBUG] [oshi.util.FileUtil/]: Reading file /sys/devices/system/cpu/cpu6/cache/index2/level
[07Aug2026 18:36:40.763] [Render thread/DEBUG] [oshi.util.FileUtil/]: Reading file /sys/devices/system/cpu/cpu6/cache/index2/level
[07Aug2026 18:36:40.763] [Render thread/DEBUG] [oshi.util.FileUtil/]: Reading file /sys/devices/system/cpu/cpu6/cache/index2/type
[07Aug2026 18:36:40.763] [Render thread/DEBUG] [oshi.util.FileUtil/]: Reading file /sys/devices/system/cpu/cpu6/cache/index2/type
[07Aug2026 18:36:40.763] [Render thread/DEBUG] [oshi.util.FileUtil/]: Reading file /sys/devices/system/cpu/cpu6/cache/index2/ways_of_associativity
[07Aug2026 18:36:40.763] [Render thread/DEBUG] [oshi.util.FileUtil/]: Reading file /sys/devices/system/cpu/cpu6/cache/index2/ways_of_associativity
[07Aug2026 18:36:40.763] [Render thread/DEBUG] [oshi.util.FileUtil/]: Reading file /sys/devices/system/cpu/cpu6/cache/index2/coherency_line_size
[07Aug2026 18:36:40.763] [Render thread/DEBUG] [oshi.util.FileUtil/]: Reading file /sys/devices/system/cpu/cpu6/cache/index2/coherency_line_size
[07Aug2026 18:36:40.763] [Render thread/DEBUG] [oshi.util.FileUtil/]: Reading file /sys/devices/system/cpu/cpu6/cache/index2/size
[07Aug2026 18:36:40.763] [Render thread/DEBUG] [oshi.util.FileUtil/]: Reading file /sys/devices/system/cpu/cpu6/cache/index2/size
[07Aug2026 18:36:40.763] [Render thread/DEBUG] [oshi.util.FileUtil/]: Reading file /sys/devices/system/cpu/cpu6/cache/index0/level
[07Aug2026 18:36:40.763] [Render thread/DEBUG] [oshi.util.FileUtil/]: Reading file /sys/devices/system/cpu/cpu6/cache/index0/level
[07Aug2026 18:36:40.763] [Render thread/DEBUG] [oshi.util.FileUtil/]: Reading file /sys/devices/system/cpu/cpu6/cache/index0/type
[07Aug2026 18:36:40.763] [Render thread/DEBUG] [oshi.util.FileUtil/]: Reading file /sys/devices/system/cpu/cpu6/cache/index0/type
[07Aug2026 18:36:40.763] [Render thread/DEBUG] [oshi.util.FileUtil/]: Reading file /sys/devices/system/cpu/cpu6/cache/index0/ways_of_associativity
[07Aug2026 18:36:40.763] [Render thread/DEBUG] [oshi.util.FileUtil/]: Reading file /sys/devices/system/cpu/cpu6/cache/index0/ways_of_associativity
[07Aug2026 18:36:40.763] [Render thread/DEBUG] [oshi.util.FileUtil/]: Reading file /sys/devices/system/cpu/cpu6/cache/index0/coherency_line_size
[07Aug2026 18:36:40.763] [Render thread/DEBUG] [oshi.util.FileUtil/]: Reading file /sys/devices/system/cpu/cpu6/cache/index0/coherency_line_size
[07Aug2026 18:36:40.763] [Render thread/DEBUG] [oshi.util.FileUtil/]: Reading file /sys/devices/system/cpu/cpu6/cache/index0/size
[07Aug2026 18:36:40.763] [Render thread/DEBUG] [oshi.util.FileUtil/]: Reading file /sys/devices/system/cpu/cpu6/cache/index0/size
[07Aug2026 18:36:40.763] [Render thread/DEBUG] [oshi.util.FileUtil/]: Reading file /sys/devices/system/cpu/cpu6/cache/index3/level
[07Aug2026 18:36:40.763] [Render thread/DEBUG] [oshi.util.FileUtil/]: Reading file /sys/devices/system/cpu/cpu6/cache/index3/level
[07Aug2026 18:36:40.763] [Render thread/DEBUG] [oshi.util.FileUtil/]: Reading file /sys/devices/system/cpu/cpu6/cache/index3/type
[07Aug2026 18:36:40.763] [Render thread/DEBUG] [oshi.util.FileUtil/]: Reading file /sys/devices/system/cpu/cpu6/cache/index3/type
[07Aug2026 18:36:40.763] [Render thread/DEBUG] [oshi.util.FileUtil/]: Reading file /sys/devices/system/cpu/cpu6/cache/index3/ways_of_associativity
[07Aug2026 18:36:40.763] [Render thread/DEBUG] [oshi.util.FileUtil/]: Reading file /sys/devices/system/cpu/cpu6/cache/index3/ways_of_associativity
[07Aug2026 18:36:40.763] [Render thread/DEBUG] [oshi.util.FileUtil/]: Reading file /sys/devices/system/cpu/cpu6/cache/index3/coherency_line_size
[07Aug2026 18:36:40.763] [Render thread/DEBUG] [oshi.util.FileUtil/]: Reading file /sys/devices/system/cpu/cpu6/cache/index3/coherency_line_size
[07Aug2026 18:36:40.764] [Render thread/DEBUG] [oshi.util.FileUtil/]: Reading file /sys/devices/system/cpu/cpu6/cache/index3/size
[07Aug2026 18:36:40.764] [Render thread/DEBUG] [oshi.util.FileUtil/]: Reading file /sys/devices/system/cpu/cpu6/cache/index3/size
[07Aug2026 18:36:40.764] [Render thread/DEBUG] [oshi.util.FileUtil/]: Reading file /sys/devices/system/cpu/cpu6/cache/index1/level
[07Aug2026 18:36:40.764] [Render thread/DEBUG] [oshi.util.FileUtil/]: Reading file /sys/devices/system/cpu/cpu6/cache/index1/level
[07Aug2026 18:36:40.764] [Render thread/DEBUG] [oshi.util.FileUtil/]: Reading file /sys/devices/system/cpu/cpu6/cache/index1/type
[07Aug2026 18:36:40.764] [Render thread/DEBUG] [oshi.util.FileUtil/]: Reading file /sys/devices/system/cpu/cpu6/cache/index1/type
[07Aug2026 18:36:40.764] [Render thread/DEBUG] [oshi.util.FileUtil/]: Reading file /sys/devices/system/cpu/cpu6/cache/index1/ways_of_associativity
[07Aug2026 18:36:40.764] [Render thread/DEBUG] [oshi.util.FileUtil/]: Reading file /sys/devices/system/cpu/cpu6/cache/index1/ways_of_associativity
[07Aug2026 18:36:40.764] [Render thread/DEBUG] [oshi.util.FileUtil/]: Reading file /sys/devices/system/cpu/cpu6/cache/index1/coherency_line_size
[07Aug2026 18:36:40.764] [Render thread/DEBUG] [oshi.util.FileUtil/]: Reading file /sys/devices/system/cpu/cpu6/cache/index1/coherency_line_size
[07Aug2026 18:36:40.764] [Render thread/DEBUG] [oshi.util.FileUtil/]: Reading file /sys/devices/system/cpu/cpu6/cache/index1/size
[07Aug2026 18:36:40.764] [Render thread/DEBUG] [oshi.util.FileUtil/]: Reading file /sys/devices/system/cpu/cpu6/cache/index1/size
[07Aug2026 18:36:40.764] [Render thread/DEBUG] [oshi.util.FileUtil/]: Reading file /sys/devices/system/cpu/cpu7/topology/core_id
[07Aug2026 18:36:40.764] [Render thread/DEBUG] [oshi.util.FileUtil/]: Reading file /sys/devices/system/cpu/cpu7/topology/core_id
[07Aug2026 18:36:40.764] [Render thread/DEBUG] [oshi.util.FileUtil/]: Reading file /sys/devices/system/cpu/cpu7/topology/physical_package_id
[07Aug2026 18:36:40.764] [Render thread/DEBUG] [oshi.util.FileUtil/]: Reading file /sys/devices/system/cpu/cpu7/topology/physical_package_id
[07Aug2026 18:36:40.764] [Render thread/DEBUG] [oshi.util.FileUtil/]: Reading file /sys/devices/system/cpu/cpu7/cpu_capacity
[07Aug2026 18:36:40.764] [Render thread/DEBUG] [oshi.util.FileUtil/]: Reading file /sys/devices/system/cpu/cpu7/cpu_capacity
[07Aug2026 18:36:40.764] [Render thread/DEBUG] [oshi.util.FileUtil/]: Reading file /sys/devices/system/cpu/cpu7/cache/index2/level
[07Aug2026 18:36:40.764] [Render thread/DEBUG] [oshi.util.FileUtil/]: Reading file /sys/devices/system/cpu/cpu7/cache/index2/level
[07Aug2026 18:36:40.764] [Render thread/DEBUG] [oshi.util.FileUtil/]: Reading file /sys/devices/system/cpu/cpu7/cache/index2/type
[07Aug2026 18:36:40.764] [Render thread/DEBUG] [oshi.util.FileUtil/]: Reading file /sys/devices/system/cpu/cpu7/cache/index2/type
[07Aug2026 18:36:40.765] [Render thread/DEBUG] [oshi.util.FileUtil/]: Reading file /sys/devices/system/cpu/cpu7/cache/index2/ways_of_associativity
[07Aug2026 18:36:40.765] [Render thread/DEBUG] [oshi.util.FileUtil/]: Reading file /sys/devices/system/cpu/cpu7/cache/index2/ways_of_associativity
[07Aug2026 18:36:40.765] [Render thread/DEBUG] [oshi.util.FileUtil/]: Reading file /sys/devices/system/cpu/cpu7/cache/index2/coherency_line_size
[07Aug2026 18:36:40.765] [Render thread/DEBUG] [oshi.util.FileUtil/]: Reading file /sys/devices/system/cpu/cpu7/cache/index2/coherency_line_size
[07Aug2026 18:36:40.765] [Render thread/DEBUG] [oshi.util.FileUtil/]: Reading file /sys/devices/system/cpu/cpu7/cache/index2/size
[07Aug2026 18:36:40.765] [Render thread/DEBUG] [oshi.util.FileUtil/]: Reading file /sys/devices/system/cpu/cpu7/cache/index2/size
[07Aug2026 18:36:40.765] [Render thread/DEBUG] [oshi.util.FileUtil/]: Reading file /sys/devices/system/cpu/cpu7/cache/index0/level
[07Aug2026 18:36:40.765] [Render thread/DEBUG] [oshi.util.FileUtil/]: Reading file /sys/devices/system/cpu/cpu7/cache/index0/level
[07Aug2026 18:36:40.765] [Render thread/DEBUG] [oshi.util.FileUtil/]: Reading file /sys/devices/system/cpu/cpu7/cache/index0/type
[07Aug2026 18:36:40.765] [Render thread/DEBUG] [oshi.util.FileUtil/]: Reading file /sys/devices/system/cpu/cpu7/cache/index0/type
[07Aug2026 18:36:40.765] [Render thread/DEBUG] [oshi.util.FileUtil/]: Reading file /sys/devices/system/cpu/cpu7/cache/index0/ways_of_associativity
[07Aug2026 18:36:40.765] [Render thread/DEBUG] [oshi.util.FileUtil/]: Reading file /sys/devices/system/cpu/cpu7/cache/index0/ways_of_associativity
[07Aug2026 18:36:40.765] [Render thread/DEBUG] [oshi.util.FileUtil/]: Reading file /sys/devices/system/cpu/cpu7/cache/index0/coherency_line_size
[07Aug2026 18:36:40.765] [Render thread/DEBUG] [oshi.util.FileUtil/]: Reading file /sys/devices/system/cpu/cpu7/cache/index0/coherency_line_size
[07Aug2026 18:36:40.765] [Render thread/DEBUG] [oshi.util.FileUtil/]: Reading file /sys/devices/system/cpu/cpu7/cache/index0/size
[07Aug2026 18:36:40.765] [Render thread/DEBUG] [oshi.util.FileUtil/]: Reading file /sys/devices/system/cpu/cpu7/cache/index0/size
[07Aug2026 18:36:40.765] [Render thread/DEBUG] [oshi.util.FileUtil/]: Reading file /sys/devices/system/cpu/cpu7/cache/index3/level
[07Aug2026 18:36:40.765] [Render thread/DEBUG] [oshi.util.FileUtil/]: Reading file /sys/devices/system/cpu/cpu7/cache/index3/level
[07Aug2026 18:36:40.765] [Render thread/DEBUG] [oshi.util.FileUtil/]: Reading file /sys/devices/system/cpu/cpu7/cache/index3/type
[07Aug2026 18:36:40.765] [Render thread/DEBUG] [oshi.util.FileUtil/]: Reading file /sys/devices/system/cpu/cpu7/cache/index3/type
[07Aug2026 18:36:40.765] [Render thread/DEBUG] [oshi.util.FileUtil/]: Reading file /sys/devices/system/cpu/cpu7/cache/index3/ways_of_associativity
[07Aug2026 18:36:40.765] [Render thread/DEBUG] [oshi.util.FileUtil/]: Reading file /sys/devices/system/cpu/cpu7/cache/index3/ways_of_associativity
[07Aug2026 18:36:40.765] [Render thread/DEBUG] [oshi.util.FileUtil/]: Reading file /sys/devices/system/cpu/cpu7/cache/index3/coherency_line_size
[07Aug2026 18:36:40.765] [Render thread/DEBUG] [oshi.util.FileUtil/]: Reading file /sys/devices/system/cpu/cpu7/cache/index3/coherency_line_size
[07Aug2026 18:36:40.765] [Render thread/DEBUG] [oshi.util.FileUtil/]: Reading file /sys/devices/system/cpu/cpu7/cache/index3/size
[07Aug2026 18:36:40.765] [Render thread/DEBUG] [oshi.util.FileUtil/]: Reading file /sys/devices/system/cpu/cpu7/cache/index3/size
[07Aug2026 18:36:40.765] [Render thread/DEBUG] [oshi.util.FileUtil/]: Reading file /sys/devices/system/cpu/cpu7/cache/index1/level
[07Aug2026 18:36:40.765] [Render thread/DEBUG] [oshi.util.FileUtil/]: Reading file /sys/devices/system/cpu/cpu7/cache/index1/level
[07Aug2026 18:36:40.765] [Render thread/DEBUG] [oshi.util.FileUtil/]: Reading file /sys/devices/system/cpu/cpu7/cache/index1/type
[07Aug2026 18:36:40.765] [Render thread/DEBUG] [oshi.util.FileUtil/]: Reading file /sys/devices/system/cpu/cpu7/cache/index1/type
[07Aug2026 18:36:40.765] [Render thread/DEBUG] [oshi.util.FileUtil/]: Reading file /sys/devices/system/cpu/cpu7/cache/index1/ways_of_associativity
[07Aug2026 18:36:40.765] [Render thread/DEBUG] [oshi.util.FileUtil/]: Reading file /sys/devices/system/cpu/cpu7/cache/index1/ways_of_associativity
[07Aug2026 18:36:40.765] [Render thread/DEBUG] [oshi.util.FileUtil/]: Reading file /sys/devices/system/cpu/cpu7/cache/index1/coherency_line_size
[07Aug2026 18:36:40.765] [Render thread/DEBUG] [oshi.util.FileUtil/]: Reading file /sys/devices/system/cpu/cpu7/cache/index1/coherency_line_size
[07Aug2026 18:36:40.765] [Render thread/DEBUG] [oshi.util.FileUtil/]: Reading file /sys/devices/system/cpu/cpu7/cache/index1/size
[07Aug2026 18:36:40.765] [Render thread/DEBUG] [oshi.util.FileUtil/]: Reading file /sys/devices/system/cpu/cpu7/cache/index1/size
[07Aug2026 18:36:40.766] [Render thread/DEBUG] [oshi.util.FileUtil/]: Reading file /sys/devices/system/cpu/cpu8/topology/core_id
[07Aug2026 18:36:40.766] [Render thread/DEBUG] [oshi.util.FileUtil/]: Reading file /sys/devices/system/cpu/cpu8/topology/core_id
[07Aug2026 18:36:40.766] [Render thread/DEBUG] [oshi.util.FileUtil/]: Reading file /sys/devices/system/cpu/cpu8/topology/physical_package_id
[07Aug2026 18:36:40.766] [Render thread/DEBUG] [oshi.util.FileUtil/]: Reading file /sys/devices/system/cpu/cpu8/topology/physical_package_id
[07Aug2026 18:36:40.766] [Render thread/DEBUG] [oshi.util.FileUtil/]: Reading file /sys/devices/system/cpu/cpu8/cpu_capacity
[07Aug2026 18:36:40.766] [Render thread/DEBUG] [oshi.util.FileUtil/]: Reading file /sys/devices/system/cpu/cpu8/cpu_capacity
[07Aug2026 18:36:40.766] [Render thread/DEBUG] [oshi.util.FileUtil/]: Reading file /sys/devices/system/cpu/cpu8/cache/index2/level
[07Aug2026 18:36:40.766] [Render thread/DEBUG] [oshi.util.FileUtil/]: Reading file /sys/devices/system/cpu/cpu8/cache/index2/level
[07Aug2026 18:36:40.766] [Render thread/DEBUG] [oshi.util.FileUtil/]: Reading file /sys/devices/system/cpu/cpu8/cache/index2/type
[07Aug2026 18:36:40.766] [Render thread/DEBUG] [oshi.util.FileUtil/]: Reading file /sys/devices/system/cpu/cpu8/cache/index2/type
[07Aug2026 18:36:40.766] [Render thread/DEBUG] [oshi.util.FileUtil/]: Reading file /sys/devices/system/cpu/cpu8/cache/index2/ways_of_associativity
[07Aug2026 18:36:40.766] [Render thread/DEBUG] [oshi.util.FileUtil/]: Reading file /sys/devices/system/cpu/cpu8/cache/index2/ways_of_associativity
[07Aug2026 18:36:40.766] [Render thread/DEBUG] [oshi.util.FileUtil/]: Reading file /sys/devices/system/cpu/cpu8/cache/index2/coherency_line_size
[07Aug2026 18:36:40.766] [Render thread/DEBUG] [oshi.util.FileUtil/]: Reading file /sys/devices/system/cpu/cpu8/cache/index2/coherency_line_size
[07Aug2026 18:36:40.766] [Render thread/DEBUG] [oshi.util.FileUtil/]: Reading file /sys/devices/system/cpu/cpu8/cache/index2/size
[07Aug2026 18:36:40.766] [Render thread/DEBUG] [oshi.util.FileUtil/]: Reading file /sys/devices/system/cpu/cpu8/cache/index2/size
[07Aug2026 18:36:40.766] [Render thread/DEBUG] [oshi.util.FileUtil/]: Reading file /sys/devices/system/cpu/cpu8/cache/index0/level
[07Aug2026 18:36:40.766] [Render thread/DEBUG] [oshi.util.FileUtil/]: Reading file /sys/devices/system/cpu/cpu8/cache/index0/level
[07Aug2026 18:36:40.766] [Render thread/DEBUG] [oshi.util.FileUtil/]: Reading file /sys/devices/system/cpu/cpu8/cache/index0/type
[07Aug2026 18:36:40.766] [Render thread/DEBUG] [oshi.util.FileUtil/]: Reading file /sys/devices/system/cpu/cpu8/cache/index0/type
[07Aug2026 18:36:40.766] [Render thread/DEBUG] [oshi.util.FileUtil/]: Reading file /sys/devices/system/cpu/cpu8/cache/index0/ways_of_associativity
[07Aug2026 18:36:40.766] [Render thread/DEBUG] [oshi.util.FileUtil/]: Reading file /sys/devices/system/cpu/cpu8/cache/index0/ways_of_associativity
[07Aug2026 18:36:40.766] [Render thread/DEBUG] [oshi.util.FileUtil/]: Reading file /sys/devices/system/cpu/cpu8/cache/index0/coherency_line_size
[07Aug2026 18:36:40.766] [Render thread/DEBUG] [oshi.util.FileUtil/]: Reading file /sys/devices/system/cpu/cpu8/cache/index0/coherency_line_size
[07Aug2026 18:36:40.766] [Render thread/DEBUG] [oshi.util.FileUtil/]: Reading file /sys/devices/system/cpu/cpu8/cache/index0/size
[07Aug2026 18:36:40.766] [Render thread/DEBUG] [oshi.util.FileUtil/]: Reading file /sys/devices/system/cpu/cpu8/cache/index0/size
[07Aug2026 18:36:40.766] [Render thread/DEBUG] [oshi.util.FileUtil/]: Reading file /sys/devices/system/cpu/cpu8/cache/index3/level
[07Aug2026 18:36:40.766] [Render thread/DEBUG] [oshi.util.FileUtil/]: Reading file /sys/devices/system/cpu/cpu8/cache/index3/level
[07Aug2026 18:36:40.766] [Render thread/DEBUG] [oshi.util.FileUtil/]: Reading file /sys/devices/system/cpu/cpu8/cache/index3/type
[07Aug2026 18:36:40.766] [Render thread/DEBUG] [oshi.util.FileUtil/]: Reading file /sys/devices/system/cpu/cpu8/cache/index3/type
[07Aug2026 18:36:40.766] [Render thread/DEBUG] [oshi.util.FileUtil/]: Reading file /sys/devices/system/cpu/cpu8/cache/index3/ways_of_associativity
[07Aug2026 18:36:40.766] [Render thread/DEBUG] [oshi.util.FileUtil/]: Reading file /sys/devices/system/cpu/cpu8/cache/index3/ways_of_associativity
[07Aug2026 18:36:40.766] [Render thread/DEBUG] [oshi.util.FileUtil/]: Reading file /sys/devices/system/cpu/cpu8/cache/index3/coherency_line_size
[07Aug2026 18:36:40.766] [Render thread/DEBUG] [oshi.util.FileUtil/]: Reading file /sys/devices/system/cpu/cpu8/cache/index3/coherency_line_size
[07Aug2026 18:36:40.766] [Render thread/DEBUG] [oshi.util.FileUtil/]: Reading file /sys/devices/system/cpu/cpu8/cache/index3/size
[07Aug2026 18:36:40.766] [Render thread/DEBUG] [oshi.util.FileUtil/]: Reading file /sys/devices/system/cpu/cpu8/cache/index3/size
[07Aug2026 18:36:40.766] [Render thread/DEBUG] [oshi.util.FileUtil/]: Reading file /sys/devices/system/cpu/cpu8/cache/index1/level
[07Aug2026 18:36:40.766] [Render thread/DEBUG] [oshi.util.FileUtil/]: Reading file /sys/devices/system/cpu/cpu8/cache/index1/level
[07Aug2026 18:36:40.766] [Render thread/DEBUG] [oshi.util.FileUtil/]: Reading file /sys/devices/system/cpu/cpu8/cache/index1/type
[07Aug2026 18:36:40.766] [Render thread/DEBUG] [oshi.util.FileUtil/]: Reading file /sys/devices/system/cpu/cpu8/cache/index1/type
[07Aug2026 18:36:40.767] [Render thread/DEBUG] [oshi.util.FileUtil/]: Reading file /sys/devices/system/cpu/cpu8/cache/index1/ways_of_associativity
[07Aug2026 18:36:40.767] [Render thread/DEBUG] [oshi.util.FileUtil/]: Reading file /sys/devices/system/cpu/cpu8/cache/index1/ways_of_associativity
[07Aug2026 18:36:40.767] [Render thread/DEBUG] [oshi.util.FileUtil/]: Reading file /sys/devices/system/cpu/cpu8/cache/index1/coherency_line_size
[07Aug2026 18:36:40.767] [Render thread/DEBUG] [oshi.util.FileUtil/]: Reading file /sys/devices/system/cpu/cpu8/cache/index1/coherency_line_size
[07Aug2026 18:36:40.767] [Render thread/DEBUG] [oshi.util.FileUtil/]: Reading file /sys/devices/system/cpu/cpu8/cache/index1/size
[07Aug2026 18:36:40.767] [Render thread/DEBUG] [oshi.util.FileUtil/]: Reading file /sys/devices/system/cpu/cpu8/cache/index1/size
[07Aug2026 18:36:40.767] [Render thread/DEBUG] [oshi.util.FileUtil/]: Reading file /sys/devices/system/cpu/cpu9/topology/core_id
[07Aug2026 18:36:40.767] [Render thread/DEBUG] [oshi.util.FileUtil/]: Reading file /sys/devices/system/cpu/cpu9/topology/core_id
[07Aug2026 18:36:40.767] [Render thread/DEBUG] [oshi.util.FileUtil/]: Reading file /sys/devices/system/cpu/cpu9/topology/physical_package_id
[07Aug2026 18:36:40.767] [Render thread/DEBUG] [oshi.util.FileUtil/]: Reading file /sys/devices/system/cpu/cpu9/topology/physical_package_id
[07Aug2026 18:36:40.767] [Render thread/DEBUG] [oshi.util.FileUtil/]: Reading file /sys/devices/system/cpu/cpu9/cpu_capacity
[07Aug2026 18:36:40.767] [Render thread/DEBUG] [oshi.util.FileUtil/]: Reading file /sys/devices/system/cpu/cpu9/cpu_capacity
[07Aug2026 18:36:40.767] [Render thread/DEBUG] [oshi.util.FileUtil/]: Reading file /sys/devices/system/cpu/cpu9/cache/index2/level
[07Aug2026 18:36:40.767] [Render thread/DEBUG] [oshi.util.FileUtil/]: Reading file /sys/devices/system/cpu/cpu9/cache/index2/level
[07Aug2026 18:36:40.767] [Render thread/DEBUG] [oshi.util.FileUtil/]: Reading file /sys/devices/system/cpu/cpu9/cache/index2/type
[07Aug2026 18:36:40.767] [Render thread/DEBUG] [oshi.util.FileUtil/]: Reading file /sys/devices/system/cpu/cpu9/cache/index2/type
[07Aug2026 18:36:40.767] [Render thread/DEBUG] [oshi.util.FileUtil/]: Reading file /sys/devices/system/cpu/cpu9/cache/index2/ways_of_associativity
[07Aug2026 18:36:40.767] [Render thread/DEBUG] [oshi.util.FileUtil/]: Reading file /sys/devices/system/cpu/cpu9/cache/index2/ways_of_associativity
[07Aug2026 18:36:40.767] [Render thread/DEBUG] [oshi.util.FileUtil/]: Reading file /sys/devices/system/cpu/cpu9/cache/index2/coherency_line_size
[07Aug2026 18:36:40.767] [Render thread/DEBUG] [oshi.util.FileUtil/]: Reading file /sys/devices/system/cpu/cpu9/cache/index2/coherency_line_size
[07Aug2026 18:36:40.767] [Render thread/DEBUG] [oshi.util.FileUtil/]: Reading file /sys/devices/system/cpu/cpu9/cache/index2/size
[07Aug2026 18:36:40.767] [Render thread/DEBUG] [oshi.util.FileUtil/]: Reading file /sys/devices/system/cpu/cpu9/cache/index2/size
[07Aug2026 18:36:40.767] [Render thread/DEBUG] [oshi.util.FileUtil/]: Reading file /sys/devices/system/cpu/cpu9/cache/index0/level
[07Aug2026 18:36:40.767] [Render thread/DEBUG] [oshi.util.FileUtil/]: Reading file /sys/devices/system/cpu/cpu9/cache/index0/level
[07Aug2026 18:36:40.767] [Render thread/DEBUG] [oshi.util.FileUtil/]: Reading file /sys/devices/system/cpu/cpu9/cache/index0/type
[07Aug2026 18:36:40.767] [Render thread/DEBUG] [oshi.util.FileUtil/]: Reading file /sys/devices/system/cpu/cpu9/cache/index0/type
[07Aug2026 18:36:40.767] [Render thread/DEBUG] [oshi.util.FileUtil/]: Reading file /sys/devices/system/cpu/cpu9/cache/index0/ways_of_associativity
[07Aug2026 18:36:40.767] [Render thread/DEBUG] [oshi.util.FileUtil/]: Reading file /sys/devices/system/cpu/cpu9/cache/index0/ways_of_associativity
[07Aug2026 18:36:40.767] [Render thread/DEBUG] [oshi.util.FileUtil/]: Reading file /sys/devices/system/cpu/cpu9/cache/index0/coherency_line_size
[07Aug2026 18:36:40.767] [Render thread/DEBUG] [oshi.util.FileUtil/]: Reading file /sys/devices/system/cpu/cpu9/cache/index0/coherency_line_size
[07Aug2026 18:36:40.767] [Render thread/DEBUG] [oshi.util.FileUtil/]: Reading file /sys/devices/system/cpu/cpu9/cache/index0/size
[07Aug2026 18:36:40.767] [Render thread/DEBUG] [oshi.util.FileUtil/]: Reading file /sys/devices/system/cpu/cpu9/cache/index0/size
[07Aug2026 18:36:40.767] [Render thread/DEBUG] [oshi.util.FileUtil/]: Reading file /sys/devices/system/cpu/cpu9/cache/index3/level
[07Aug2026 18:36:40.768] [Render thread/DEBUG] [oshi.util.FileUtil/]: Reading file /sys/devices/system/cpu/cpu9/cache/index3/level
[07Aug2026 18:36:40.768] [Render thread/DEBUG] [oshi.util.FileUtil/]: Reading file /sys/devices/system/cpu/cpu9/cache/index3/type
[07Aug2026 18:36:40.768] [Render thread/DEBUG] [oshi.util.FileUtil/]: Reading file /sys/devices/system/cpu/cpu9/cache/index3/type
[07Aug2026 18:36:40.768] [Render thread/DEBUG] [oshi.util.FileUtil/]: Reading file /sys/devices/system/cpu/cpu9/cache/index3/ways_of_associativity
[07Aug2026 18:36:40.768] [Render thread/DEBUG] [oshi.util.FileUtil/]: Reading file /sys/devices/system/cpu/cpu9/cache/index3/ways_of_associativity
[07Aug2026 18:36:40.768] [Render thread/DEBUG] [oshi.util.FileUtil/]: Reading file /sys/devices/system/cpu/cpu9/cache/index3/coherency_line_size
[07Aug2026 18:36:40.768] [Render thread/DEBUG] [oshi.util.FileUtil/]: Reading file /sys/devices/system/cpu/cpu9/cache/index3/coherency_line_size
[07Aug2026 18:36:40.768] [Render thread/DEBUG] [oshi.util.FileUtil/]: Reading file /sys/devices/system/cpu/cpu9/cache/index3/size
[07Aug2026 18:36:40.768] [Render thread/DEBUG] [oshi.util.FileUtil/]: Reading file /sys/devices/system/cpu/cpu9/cache/index3/size
[07Aug2026 18:36:40.768] [Render thread/DEBUG] [oshi.util.FileUtil/]: Reading file /sys/devices/system/cpu/cpu9/cache/index1/level
[07Aug2026 18:36:40.768] [Render thread/DEBUG] [oshi.util.FileUtil/]: Reading file /sys/devices/system/cpu/cpu9/cache/index1/level
[07Aug2026 18:36:40.768] [Render thread/DEBUG] [oshi.util.FileUtil/]: Reading file /sys/devices/system/cpu/cpu9/cache/index1/type
[07Aug2026 18:36:40.768] [Render thread/DEBUG] [oshi.util.FileUtil/]: Reading file /sys/devices/system/cpu/cpu9/cache/index1/type
[07Aug2026 18:36:40.768] [Render thread/DEBUG] [oshi.util.FileUtil/]: Reading file /sys/devices/system/cpu/cpu9/cache/index1/ways_of_associativity
[07Aug2026 18:36:40.768] [Render thread/DEBUG] [oshi.util.FileUtil/]: Reading file /sys/devices/system/cpu/cpu9/cache/index1/ways_of_associativity
[07Aug2026 18:36:40.768] [Render thread/DEBUG] [oshi.util.FileUtil/]: Reading file /sys/devices/system/cpu/cpu9/cache/index1/coherency_line_size
[07Aug2026 18:36:40.768] [Render thread/DEBUG] [oshi.util.FileUtil/]: Reading file /sys/devices/system/cpu/cpu9/cache/index1/coherency_line_size
[07Aug2026 18:36:40.768] [Render thread/DEBUG] [oshi.util.FileUtil/]: Reading file /sys/devices/system/cpu/cpu9/cache/index1/size
[07Aug2026 18:36:40.768] [Render thread/DEBUG] [oshi.util.FileUtil/]: Reading file /sys/devices/system/cpu/cpu9/cache/index1/size
[07Aug2026 18:36:40.768] [Render thread/DEBUG] [oshi.util.FileUtil/]: Reading file /proc/cpuinfo
[07Aug2026 18:36:40.769] [Render thread/DEBUG] [oshi.util.FileUtil/]: Reading file /proc/cpuinfo
[07Aug2026 18:36:40.905] [ForkJoinPool.commonPool-worker-2/WARN] [Iris/]: [Iris Update Check] This version doesn't have an update index, skipping.
[07Aug2026 18:36:40.995] [Render thread/DEBUG] [oshi.util.FileUtil/]: Reading file /proc/self/auxv
[07Aug2026 18:36:41.019] [Render thread/DEBUG] [mixin/]: Mixing MixinGlCommandEncoder from mixins.iris.json into com.mojang.blaze3d.opengl.GlCommandEncoder
[07Aug2026 18:36:41.019] [Render thread/DEBUG] [mixin/]: mixins.iris.json:MixinGlCommandEncoder from mod iris: Class version 69 required is higher than the class version supported by the current version of Mixin (JAVA_8 supports class version 52)
[07Aug2026 18:36:41.020] [Render thread/DEBUG] [mixin/]: Mixing core.GlCommandEncoderAccessor from sodium-common.mixins.json into com.mojang.blaze3d.opengl.GlCommandEncoder
[07Aug2026 18:36:41.020] [Render thread/DEBUG] [mixin/]: sodium-common.mixins.json:core.GlCommandEncoderAccessor from mod sodium: Class version 69 required is higher than the class version supported by the current version of Mixin (JAVA_17 supports class version 61)
[07Aug2026 18:36:41.024] [Render thread/DEBUG] [mixin/]: mixins.iris.json:MixinGlCommandEncoder from mod iris->@Inject::iris$bypassSetup(Lcom/mojang/blaze3d/opengl/GlRenderPass;Ljava/util/Collection;Lorg/spongepowered/asm/mixin/injection/callback/CallbackInfoReturnable;)V does use it's CallbackInfoReturnable
[07Aug2026 18:36:41.024] [Render thread/DEBUG] [mixin/]: mixins.iris.json:MixinGlCommandEncoder from mod iris->@Inject::iris$setupState(Lcom/mojang/blaze3d/opengl/GlRenderPass;Ljava/util/Collection;Lorg/spongepowered/asm/mixin/injection/callback/CallbackInfoReturnable;)V doesn't use it's CallbackInfoReturnable
[07Aug2026 18:36:41.024] [Render thread/DEBUG] [mixin/]: mixins.iris.json:MixinGlCommandEncoder from mod iris->@Inject::iris$setupState(Lcom/mojang/blaze3d/opengl/GlRenderPass;Ljava/util/Collection;Lorg/spongepowered/asm/mixin/injection/callback/CallbackInfoReturnable;)V has 0 override(s) in child classes
[07Aug2026 18:36:41.024] [Render thread/DEBUG] [mixin/]: mixins.iris.json:MixinGlCommandEncoder from mod iris->@Inject::iris$setupState(Lcom/mojang/blaze3d/opengl/GlRenderPass;Ljava/util/Collection;Lorg/spongepowered/asm/mixin/injection/callback/CallbackInfoReturnable;)V won't be passed a CallbackInfoReturnable as a result
[07Aug2026 18:36:41.024] [Render thread/DEBUG] [mixin/]: mixins.iris.json:MixinGlCommandEncoder from mod iris->@Inject::iris$setupState(Lcom/mojang/blaze3d/opengl/GlRenderPass;Ljava/util/Collection;Lorg/spongepowered/asm/mixin/injection/callback/CallbackInfoReturnable;)V doesn't use it's CallbackInfoReturnable
[07Aug2026 18:36:41.024] [Render thread/DEBUG] [mixin/]: mixins.iris.json:MixinGlCommandEncoder from mod iris->@Inject::iris$setupState(Lcom/mojang/blaze3d/opengl/GlRenderPass;Ljava/util/Collection;Lorg/spongepowered/asm/mixin/injection/callback/CallbackInfoReturnable;)V has 0 override(s) in child classes
[07Aug2026 18:36:41.024] [Render thread/DEBUG] [mixin/]: mixins.iris.json:MixinGlCommandEncoder from mod iris->@Inject::iris$setupState(Lcom/mojang/blaze3d/opengl/GlRenderPass;Ljava/util/Collection;Lorg/spongepowered/asm/mixin/injection/callback/CallbackInfoReturnable;)V won't be passed a CallbackInfoReturnable as a result
[07Aug2026 18:36:41.024] [Render thread/DEBUG] [mixin/]: mixins.iris.json:MixinGlCommandEncoder from mod iris->@Inject::iris$clearState(Lorg/spongepowered/asm/mixin/injection/callback/CallbackInfo;)V doesn't use it's CallbackInfo
[07Aug2026 18:36:41.024] [Render thread/DEBUG] [mixin/]: mixins.iris.json:MixinGlCommandEncoder from mod iris->@Inject::iris$clearState(Lorg/spongepowered/asm/mixin/injection/callback/CallbackInfo;)V has 0 override(s) in child classes
[07Aug2026 18:36:41.024] [Render thread/DEBUG] [mixin/]: mixins.iris.json:MixinGlCommandEncoder from mod iris->@Inject::iris$clearState(Lorg/spongepowered/asm/mixin/injection/callback/CallbackInfo;)V won't be passed a CallbackInfo as a result
[07Aug2026 18:36:41.029] [Render thread/DEBUG] [mixin/]: Mixing MixinRenderPass_Stub from mixins.iris.json into com.mojang.blaze3d.systems.RenderPassBackend
[07Aug2026 18:36:41.029] [Render thread/DEBUG] [mixin/]: mixins.iris.json:MixinRenderPass_Stub from mod iris: Class version 69 required is higher than the class version supported by the current version of Mixin (JAVA_8 supports class version 52)
[07Aug2026 18:36:41.061] [Render thread/INFO] [Iris/]: Debug functionality is disabled.
[07Aug2026 18:36:41.063] [Render thread/INFO] [Iris/]: ARB_direct_state_access detected, enabling DSA.
[07Aug2026 18:36:41.071] [Render thread/DEBUG] [mixin/]: Mixing features.textures.NativeImageAccessor from sodium-common.mixins.json into com.mojang.blaze3d.platform.NativeImage
[07Aug2026 18:36:41.071] [Render thread/DEBUG] [mixin/]: sodium-common.mixins.json:features.textures.NativeImageAccessor from mod sodium: Class version 69 required is higher than the class version supported by the current version of Mixin (JAVA_17 supports class version 61)
[07Aug2026 18:36:41.075] [Render thread/DEBUG] [mixin/]: Mixing core.CommandEncoderAccessor from sodium-common.mixins.json into com.mojang.blaze3d.systems.CommandEncoder
[07Aug2026 18:36:41.075] [Render thread/DEBUG] [mixin/]: sodium-common.mixins.json:core.CommandEncoderAccessor from mod sodium: Class version 69 required is higher than the class version supported by the current version of Mixin (JAVA_17 supports class version 61)
[07Aug2026 18:36:41.084] [Render thread/INFO] [Iris/]: Shaders are disabled because no valid shaderpack is selected
[07Aug2026 18:36:41.089] [Render thread/DEBUG] [mixin/]: Mixing MixinTextureUtil from mixins.iris.json into com.mojang.blaze3d.platform.TextureUtil
[07Aug2026 18:36:41.089] [Render thread/DEBUG] [mixin/]: mixins.iris.json:MixinTextureUtil from mod iris: Class version 69 required is higher than the class version supported by the current version of Mixin (JAVA_8 supports class version 52)
[07Aug2026 18:36:41.098] [Render thread/DEBUG] [mixin/]: Mixing client.MixinMouseHandler from justzoom.mixins.json into net.minecraft.client.MouseHandler
[07Aug2026 18:36:41.098] [Render thread/DEBUG] [mixin/]: justzoom.mixins.json:client.MixinMouseHandler from mod justzoom: Class version 69 required is higher than the class version supported by the current version of Mixin (JAVA_17 supports class version 61)
[07Aug2026 18:36:41.098] [Render thread/DEBUG] [mixin/]: Mixing MouseHandlerMixin from ok_zoomer.mixins.json into net.minecraft.client.MouseHandler
[07Aug2026 18:36:41.099] [Render thread/DEBUG] [mixin/]: Mixing client.IMixinMouseHandler from konkrete.mixins.json into net.minecraft.client.MouseHandler
[07Aug2026 18:36:41.099] [Render thread/DEBUG] [mixin/]: konkrete.mixins.json:client.IMixinMouseHandler from mod konkrete: Class version 69 required is higher than the class version supported by the current version of Mixin (JAVA_17 supports class version 61)
[07Aug2026 18:36:41.099] [Render thread/DEBUG] [mixin/]: Mixing client.MixinMouseHandler from konkrete.mixins.json into net.minecraft.client.MouseHandler
[07Aug2026 18:36:41.099] [Render thread/DEBUG] [mixin/]: konkrete.mixins.json:client.MixinMouseHandler from mod konkrete: Class version 69 required is higher than the class version supported by the current version of Mixin (JAVA_17 supports class version 61)
[07Aug2026 18:36:41.116] [Render thread/DEBUG] [mixin/]: justzoom.mixins.json:client.MixinMouseHandler from mod justzoom->@Inject::before_isSpectator_in_onScroll_JustZoom(JDDLorg/spongepowered/asm/mixin/injection/callback/CallbackInfo;)V does use it's CallbackInfo
[07Aug2026 18:36:41.118] [Render thread/DEBUG] [mixin/]: ok_zoomer.mixins.json:MouseHandlerMixin from mod ok_zoomer->@Inject::applyZoomChanges(DLorg/spongepowered/asm/mixin/injection/callback/CallbackInfo;)V doesn't use it's CallbackInfo
[07Aug2026 18:36:41.118] [Render thread/DEBUG] [mixin/]: ok_zoomer.mixins.json:MouseHandlerMixin from mod ok_zoomer->@Inject::applyZoomChanges(DLorg/spongepowered/asm/mixin/injection/callback/CallbackInfo;)V has 0 override(s) in child classes
[07Aug2026 18:36:41.118] [Render thread/DEBUG] [mixin/]: ok_zoomer.mixins.json:MouseHandlerMixin from mod ok_zoomer->@Inject::applyZoomChanges(DLorg/spongepowered/asm/mixin/injection/callback/CallbackInfo;)V won't be passed a CallbackInfo as a result
[07Aug2026 18:36:41.125] [Render thread/DEBUG] [mixin/]: ok_zoomer.mixins.json:MouseHandlerMixin from mod ok_zoomer->@Inject::zoomScrollOnScroll(Lorg/spongepowered/asm/mixin/injection/callback/CallbackInfo;)V does use it's CallbackInfo
[07Aug2026 18:36:41.125] [Render thread/DEBUG] [mixin/]: ok_zoomer.mixins.json:MouseHandlerMixin from mod ok_zoomer->@Inject::zoomerOnMouseButton(JLnet/minecraft/client/input/MouseButtonInfo;ILorg/spongepowered/asm/mixin/injection/callback/CallbackInfo;)V does use it's CallbackInfo
[07Aug2026 18:36:41.126] [Render thread/DEBUG] [mixin/]: konkrete.mixins.json:client.MixinMouseHandler from mod konkrete->@Inject::head_onButton_Konkrete(JLnet/minecraft/client/input/MouseButtonInfo;ILorg/spongepowered/asm/mixin/injection/callback/CallbackInfo;)V doesn't use it's CallbackInfo
[07Aug2026 18:36:41.126] [Render thread/DEBUG] [mixin/]: konkrete.mixins.json:client.MixinMouseHandler from mod konkrete->@Inject::head_onButton_Konkrete(JLnet/minecraft/client/input/MouseButtonInfo;ILorg/spongepowered/asm/mixin/injection/callback/CallbackInfo;)V has 0 override(s) in child classes
[07Aug2026 18:36:41.126] [Render thread/DEBUG] [mixin/]: konkrete.mixins.json:client.MixinMouseHandler from mod konkrete->@Inject::head_onButton_Konkrete(JLnet/minecraft/client/input/MouseButtonInfo;ILorg/spongepowered/asm/mixin/injection/callback/CallbackInfo;)V won't be passed a CallbackInfo as a result
[07Aug2026 18:36:41.126] [Render thread/DEBUG] [mixin/]: konkrete.mixins.json:client.MixinMouseHandler from mod konkrete->@Inject::before_MouseButtonEvent_init_Konkrete(JLnet/minecraft/client/input/MouseButtonInfo;ILorg/spongepowered/asm/mixin/injection/callback/CallbackInfo;)V doesn't use it's CallbackInfo
[07Aug2026 18:36:41.126] [Render thread/DEBUG] [mixin/]: konkrete.mixins.json:client.MixinMouseHandler from mod konkrete->@Inject::before_MouseButtonEvent_init_Konkrete(JLnet/minecraft/client/input/MouseButtonInfo;ILorg/spongepowered/asm/mixin/injection/callback/CallbackInfo;)V has 0 override(s) in child classes
[07Aug2026 18:36:41.126] [Render thread/DEBUG] [mixin/]: konkrete.mixins.json:client.MixinMouseHandler from mod konkrete->@Inject::before_MouseButtonEvent_init_Konkrete(JLnet/minecraft/client/input/MouseButtonInfo;ILorg/spongepowered/asm/mixin/injection/callback/CallbackInfo;)V won't be passed a CallbackInfo as a result
[07Aug2026 18:36:41.131] [Render thread/DEBUG] [mixin/]: Mixing common.client.IMixinKeyboardHandler from konkrete.mixins.json into net.minecraft.client.KeyboardHandler
[07Aug2026 18:36:41.132] [Render thread/DEBUG] [mixin/]: konkrete.mixins.json:common.client.IMixinKeyboardHandler from mod konkrete: Class version 69 required is higher than the class version supported by the current version of Mixin (JAVA_17 supports class version 61)
[07Aug2026 18:36:41.136] [Render thread/INFO] [net.minecraft.client.Minecraft/]: Using optional rendering extensions: GL_ARB_buffer_storage, GL_KHR_debug, GL_ARB_vertex_attrib_binding, GL_ARB_direct_state_access, GL_EXT_texture_filter_anisotropic
[07Aug2026 18:36:41.140] [Render thread/DEBUG] [mixin/]: Mixing platform.neoforge.ResourcePackLoaderMixin from sodium-neoforge.mixins.json into net.neoforged.neoforge.resource.ResourcePackLoader
[07Aug2026 18:36:41.140] [Render thread/DEBUG] [mixin/]: sodium-neoforge.mixins.json:platform.neoforge.ResourcePackLoaderMixin from mod sodium: Class version 69 required is higher than the class version supported by the current version of Mixin (JAVA_17 supports class version 61)
[07Aug2026 18:36:41.141] [Render thread/DEBUG] [mixin/]: Renaming synthetic method lambda$changeSet$0(Ljava/util/Map$Entry;Ljava/util/Map$Entry;)I to md02832a$sodium$lambda$changeSet$0$0 in sodium-neoforge.mixins.json:platform.neoforge.ResourcePackLoaderMixin from mod sodium
[07Aug2026 18:36:41.174] [Render thread/DEBUG] [mixin/]: Mixing MixinModel from xaerohud.mixins.json into net.minecraft.client.model.Model
[07Aug2026 18:36:41.175] [Render thread/DEBUG] [mixin/]: xaerohud.mixins.json:MixinModel from mod xaerominimap: Class version 69 required is higher than the class version supported by the current version of Mixin (JAVA_17 supports class version 61)
[07Aug2026 18:36:41.175] [Render thread/DEBUG] [mixin/]: xaerohud.mixins.json:MixinModel from mod xaerominimap->@Inject::onRender(Lcom/mojang/blaze3d/vertex/PoseStack;Lcom/mojang/blaze3d/vertex/VertexConsumer;IIILorg/spongepowered/asm/mixin/injection/callback/CallbackInfo;)V doesn't use it's CallbackInfo
[07Aug2026 18:36:41.175] [Render thread/DEBUG] [mixin/]: xaerohud.mixins.json:MixinModel from mod xaerominimap->@Inject::onRender(Lcom/mojang/blaze3d/vertex/PoseStack;Lcom/mojang/blaze3d/vertex/VertexConsumer;IIILorg/spongepowered/asm/mixin/injection/callback/CallbackInfo;)V has 0 override(s) in child classes
[07Aug2026 18:36:41.175] [Render thread/DEBUG] [mixin/]: xaerohud.mixins.json:MixinModel from mod xaerominimap->@Inject::onRender(Lcom/mojang/blaze3d/vertex/PoseStack;Lcom/mojang/blaze3d/vertex/VertexConsumer;IIILorg/spongepowered/asm/mixin/injection/callback/CallbackInfo;)V won't be passed a CallbackInfo as a result
[07Aug2026 18:36:41.217] [Render thread/DEBUG] [mixin/]: Mixing texture.pbr.MixinDirectoryLister from mixins.iris.json into net.minecraft.client.renderer.texture.atlas.sources.DirectoryLister
[07Aug2026 18:36:41.218] [Render thread/DEBUG] [mixin/]: mixins.iris.json:texture.pbr.MixinDirectoryLister from mod iris: Class version 69 required is higher than the class version supported by the current version of Mixin (JAVA_8 supports class version 52)
[07Aug2026 18:36:41.218] [Render thread/DEBUG] [mixin/]: Renaming synthetic method lambda$iris$modifyForEachAction$0(Lnet/minecraft/server/packs/resources/ResourceManager;Ljava/util/function/BiConsumer;Lnet/minecraft/resources/Identifier;Lnet/minecraft/server/packs/resources/Resource;)V to md02832a$iris$lambda$iris$modifyForEachAction$0$0 in mixins.iris.json:texture.pbr.MixinDirectoryLister from mod iris
[07Aug2026 18:36:41.219] [Render thread/DEBUG] [mixin/]: ArgsClassGenerator assigning org.spongepowered.asm.synthetic.args.Args$1 for descriptor (Ljava/util/function/BiConsumer;)V
[07Aug2026 18:36:41.265] [Render thread/DEBUG] [mixin/]: Mixing LanguageManagerMixin from jade.mixins.json into net.minecraft.client.resources.language.LanguageManager
[07Aug2026 18:36:41.265] [Render thread/DEBUG] [mixin/]: jade.mixins.json:LanguageManagerMixin from mod jade: Class version 69 required is higher than the class version supported by the current version of Mixin (JAVA_21 supports class version 65)
[07Aug2026 18:36:41.268] [Render thread/DEBUG] [mixin/]: jade.mixins.json:LanguageManagerMixin from mod jade->@Inject::jade$onResourceManagerReload(Lnet/minecraft/server/packs/resources/ResourceManager;Lorg/spongepowered/asm/mixin/injection/callback/CallbackInfo;)V doesn't use it's CallbackInfo
[07Aug2026 18:36:41.268] [Render thread/DEBUG] [mixin/]: jade.mixins.json:LanguageManagerMixin from mod jade->@Inject::jade$onResourceManagerReload(Lnet/minecraft/server/packs/resources/ResourceManager;Lorg/spongepowered/asm/mixin/injection/callback/CallbackInfo;)V has 0 override(s) in child classes
[07Aug2026 18:36:41.268] [Render thread/DEBUG] [mixin/]: jade.mixins.json:LanguageManagerMixin from mod jade->@Inject::jade$onResourceManagerReload(Lnet/minecraft/server/packs/resources/ResourceManager;Lorg/spongepowered/asm/mixin/injection/callback/CallbackInfo;)V won't be passed a CallbackInfo as a result
[07Aug2026 18:36:41.269] [Render thread/DEBUG] [mixin/]: Mixing MixinClientLanguage from mixins.iris.json into net.minecraft.client.resources.language.ClientLanguage
[07Aug2026 18:36:41.269] [Render thread/DEBUG] [mixin/]: mixins.iris.json:MixinClientLanguage from mod iris: Class version 69 required is higher than the class version supported by the current version of Mixin (JAVA_8 supports class version 52)
[07Aug2026 18:36:41.270] [Render thread/DEBUG] [mixin/]: mixins.iris.json:MixinClientLanguage from mod iris->@Inject::injectFrom(Ljava/lang/String;Ljava/util/List;Ljava/util/Map;Lorg/spongepowered/asm/mixin/injection/callback/CallbackInfo;)V doesn't use it's CallbackInfo
[07Aug2026 18:36:41.270] [Render thread/DEBUG] [mixin/]: mixins.iris.json:MixinClientLanguage from mod iris->@Inject::check(Lnet/minecraft/server/packs/resources/ResourceManager;Ljava/util/List;ZLorg/spongepowered/asm/mixin/injection/callback/CallbackInfoReturnable;)V doesn't use it's CallbackInfoReturnable
[07Aug2026 18:36:41.270] [Render thread/DEBUG] [mixin/]: mixins.iris.json:MixinClientLanguage from mod iris->@Inject::iris$addLanguageEntries(Ljava/lang/String;Ljava/lang/String;Lorg/spongepowered/asm/mixin/injection/callback/CallbackInfoReturnable;)V does use it's CallbackInfoReturnable
[07Aug2026 18:36:41.270] [Render thread/DEBUG] [mixin/]: mixins.iris.json:MixinClientLanguage from mod iris->@Inject::iris$addLanguageEntriesToTranslationChecks(Ljava/lang/String;Lorg/spongepowered/asm/mixin/injection/callback/CallbackInfoReturnable;)V does use it's CallbackInfoReturnable
[07Aug2026 18:36:41.273] [Render thread/DEBUG] [mixin/]: Mixing texture.MixinTextureManager from mixins.iris.json into net.minecraft.client.renderer.texture.TextureManager
[07Aug2026 18:36:41.273] [Render thread/DEBUG] [mixin/]: mixins.iris.json:texture.MixinTextureManager from mod iris: Class version 69 required is higher than the class version supported by the current version of Mixin (JAVA_8 supports class version 52)
[07Aug2026 18:36:41.273] [Render thread/DEBUG] [mixin/]: mixins.iris.json:texture.MixinTextureManager from mod iris->@Inject::iris$onTailReloadLambda(Ljava/util/List;Ljava/lang/Void;Lorg/spongepowered/asm/mixin/injection/callback/CallbackInfo;)V doesn't use it's CallbackInfo
[07Aug2026 18:36:41.273] [Render thread/DEBUG] [mixin/]: mixins.iris.json:texture.MixinTextureManager from mod iris->@Inject::iris$onTailReloadLambda(Ljava/util/List;Ljava/lang/Void;Lorg/spongepowered/asm/mixin/injection/callback/CallbackInfo;)V has 0 override(s) in child classes
[07Aug2026 18:36:41.273] [Render thread/DEBUG] [mixin/]: mixins.iris.json:texture.MixinTextureManager from mod iris->@Inject::iris$onTailReloadLambda(Ljava/util/List;Ljava/lang/Void;Lorg/spongepowered/asm/mixin/injection/callback/CallbackInfo;)V won't be passed a CallbackInfo as a result
[07Aug2026 18:36:41.273] [Render thread/DEBUG] [mixin/]: mixins.iris.json:texture.MixinTextureManager from mod iris->@Inject::iris$onInnerDumpTextures(Ljava/nio/file/Path;Lorg/spongepowered/asm/mixin/injection/callback/CallbackInfo;)V doesn't use it's CallbackInfo
[07Aug2026 18:36:41.274] [Render thread/DEBUG] [mixin/]: mixins.iris.json:texture.MixinTextureManager from mod iris->@Inject::iris$onInnerDumpTextures(Ljava/nio/file/Path;Lorg/spongepowered/asm/mixin/injection/callback/CallbackInfo;)V has 0 override(s) in child classes
[07Aug2026 18:36:41.274] [Render thread/DEBUG] [mixin/]: mixins.iris.json:texture.MixinTextureManager from mod iris->@Inject::iris$onInnerDumpTextures(Ljava/nio/file/Path;Lorg/spongepowered/asm/mixin/injection/callback/CallbackInfo;)V won't be passed a CallbackInfo as a result
[07Aug2026 18:36:41.274] [Render thread/DEBUG] [mixin/]: mixins.iris.json:texture.MixinTextureManager from mod iris->@Inject::iris$onInnerDumpTextures(Ljava/nio/file/Path;Lorg/spongepowered/asm/mixin/injection/callback/CallbackInfo;)V doesn't use it's CallbackInfo
[07Aug2026 18:36:41.274] [Render thread/DEBUG] [mixin/]: mixins.iris.json:texture.MixinTextureManager from mod iris->@Inject::iris$onInnerDumpTextures(Ljava/nio/file/Path;Lorg/spongepowered/asm/mixin/injection/callback/CallbackInfo;)V has 0 override(s) in child classes
[07Aug2026 18:36:41.274] [Render thread/DEBUG] [mixin/]: mixins.iris.json:texture.MixinTextureManager from mod iris->@Inject::iris$onInnerDumpTextures(Ljava/nio/file/Path;Lorg/spongepowered/asm/mixin/injection/callback/CallbackInfo;)V won't be passed a CallbackInfo as a result
[07Aug2026 18:36:41.274] [Render thread/DEBUG] [mixin/]: mixins.iris.json:texture.MixinTextureManager from mod iris->@Inject::iris$onTailClose(Lorg/spongepowered/asm/mixin/injection/callback/CallbackInfo;)V doesn't use it's CallbackInfo
[07Aug2026 18:36:41.274] [Render thread/DEBUG] [mixin/]: mixins.iris.json:texture.MixinTextureManager from mod iris->@Inject::iris$onTailClose(Lorg/spongepowered/asm/mixin/injection/callback/CallbackInfo;)V has 0 override(s) in child classes
[07Aug2026 18:36:41.274] [Render thread/DEBUG] [mixin/]: mixins.iris.json:texture.MixinTextureManager from mod iris->@Inject::iris$onTailClose(Lorg/spongepowered/asm/mixin/injection/callback/CallbackInfo;)V won't be passed a CallbackInfo as a result
[07Aug2026 18:36:41.329] [Render thread/DEBUG] [mixin/]: Mixing features.textures.animations.tracking.AtlasManagerMixin from sodium-common.mixins.json into net.minecraft.client.resources.model.sprite.AtlasManager
[07Aug2026 18:36:41.329] [Render thread/DEBUG] [mixin/]: sodium-common.mixins.json:features.textures.animations.tracking.AtlasManagerMixin from mod sodium: Class version 69 required is higher than the class version supported by the current version of Mixin (JAVA_17 supports class version 61)
[07Aug2026 18:36:41.330] [Render thread/DEBUG] [mixin/]: sodium-common.mixins.json:features.textures.animations.tracking.AtlasManagerMixin from mod sodium->@Inject::sodium$catchUsedSprites(Lnet/minecraft/client/resources/model/sprite/SpriteId;Lorg/spongepowered/asm/mixin/injection/callback/CallbackInfoReturnable;)V does use it's CallbackInfoReturnable
[07Aug2026 18:36:41.330] [Render thread/DEBUG] [mixin/]: sodium-common.mixins.json:features.textures.animations.tracking.AtlasManagerMixin from mod sodium->@Inject::sodium$catchUsedSprites(Lnet/minecraft/client/resources/model/sprite/SpriteId;Lorg/spongepowered/asm/mixin/injection/callback/CallbackInfoReturnable;)V does use it's CallbackInfoReturnable
[07Aug2026 18:36:41.334] [Render thread/DEBUG] [mixin/]: Mixing MixinRenderType from mixins.iris.json into net.minecraft.client.renderer.rendertype.RenderType
[07Aug2026 18:36:41.334] [Render thread/DEBUG] [mixin/]: mixins.iris.json:MixinRenderType from mod iris: Class version 69 required is higher than the class version supported by the current version of Mixin (JAVA_8 supports class version 52)
[07Aug2026 18:36:41.335] [Render thread/DEBUG] [mixin/]: Mixing rendertype.RenderTypeAccessor from mixins.iris.json into net.minecraft.client.renderer.rendertype.RenderType
[07Aug2026 18:36:41.335] [Render thread/DEBUG] [mixin/]: mixins.iris.json:rendertype.RenderTypeAccessor from mod iris: Class version 69 required is higher than the class version supported by the current version of Mixin (JAVA_8 supports class version 52)
[07Aug2026 18:36:41.335] [Render thread/DEBUG] [mixin/]: Mixing MixinRenderType from xaerolib.mixins.json into net.minecraft.client.renderer.rendertype.RenderType
[07Aug2026 18:36:41.335] [Render thread/DEBUG] [mixin/]: xaerolib.mixins.json:MixinRenderType from mod xaerolib: Class version 69 required is higher than the class version supported by the current version of Mixin (JAVA_17 supports class version 61)
[07Aug2026 18:36:41.335] [Render thread/DEBUG] [mixin/]: Mixing MixinRenderTypeAccessor from xaerolib.mixins.json into net.minecraft.client.renderer.rendertype.RenderType
[07Aug2026 18:36:41.335] [Render thread/DEBUG] [mixin/]: xaerolib.mixins.json:MixinRenderTypeAccessor from mod xaerolib: Class version 69 required is higher than the class version supported by the current version of Mixin (JAVA_17 supports class version 61)
[07Aug2026 18:36:41.337] [Render thread/DEBUG] [mixin/]: Mixing MixinRenderSetup from xaerolib.mixins.json into net.minecraft.client.renderer.rendertype.RenderSetup
[07Aug2026 18:36:41.337] [Render thread/DEBUG] [mixin/]: xaerolib.mixins.json:MixinRenderSetup from mod xaerolib: Class version 69 required is higher than the class version supported by the current version of Mixin (JAVA_17 supports class version 61)
[07Aug2026 18:36:41.341] [Render thread/DEBUG] [mixin/]: Mixing MixinTextureBinding from xaerolib.mixins.json into net.minecraft.client.renderer.rendertype.RenderSetup$TextureBinding
[07Aug2026 18:36:41.341] [Render thread/DEBUG] [mixin/]: xaerolib.mixins.json:MixinTextureBinding from mod xaerolib: Class version 69 required is higher than the class version supported by the current version of Mixin (JAVA_17 supports class version 61)
[07Aug2026 18:36:41.344] [Render thread/DEBUG] [mixin/]: Mixing entity_render_context.MixinItemFeatureRenderer from mixins.iris.json into net.minecraft.client.renderer.feature.ItemFeatureRenderer
[07Aug2026 18:36:41.344] [Render thread/DEBUG] [mixin/]: mixins.iris.json:entity_render_context.MixinItemFeatureRenderer from mod iris: Class version 69 required is higher than the class version supported by the current version of Mixin (JAVA_8 supports class version 52)
[07Aug2026 18:36:41.345] [Render thread/DEBUG] [mixin/]: mixins.iris.json:entity_render_context.MixinItemFeatureRenderer from mod iris->@Inject::iris$set(Lnet/minecraft/client/renderer/MultiBufferSource$BufferSource;Lnet/minecraft/client/renderer/OutlineBufferSource;Lnet/minecraft/client/renderer/SubmitNodeStorage$ItemSubmit;Lorg/spongepowered/asm/mixin/injection/callback/CallbackInfo;)V doesn't use it's CallbackInfo
[07Aug2026 18:36:41.345] [Render thread/DEBUG] [mixin/]: mixins.iris.json:entity_render_context.MixinItemFeatureRenderer from mod iris->@Inject::iris$set(Lnet/minecraft/client/renderer/MultiBufferSource$BufferSource;Lnet/minecraft/client/renderer/OutlineBufferSource;Lnet/minecraft/client/renderer/SubmitNodeStorage$ItemSubmit;Lorg/spongepowered/asm/mixin/injection/callback/CallbackInfo;)V has 0 override(s) in child classes
[07Aug2026 18:36:41.345] [Render thread/DEBUG] [mixin/]: mixins.iris.json:entity_render_context.MixinItemFeatureRenderer from mod iris->@Inject::iris$set(Lnet/minecraft/client/renderer/MultiBufferSource$BufferSource;Lnet/minecraft/client/renderer/OutlineBufferSource;Lnet/minecraft/client/renderer/SubmitNodeStorage$ItemSubmit;Lorg/spongepowered/asm/mixin/injection/callback/CallbackInfo;)V won't be passed a CallbackInfo as a result
[07Aug2026 18:36:41.345] [Render thread/DEBUG] [mixin/]: mixins.iris.json:entity_render_context.MixinItemFeatureRenderer from mod iris->@Inject::iris$clear(Lnet/minecraft/client/renderer/MultiBufferSource$BufferSource;Lnet/minecraft/client/renderer/OutlineBufferSource;Lnet/minecraft/client/renderer/SubmitNodeStorage$ItemSubmit;Lorg/spongepowered/asm/mixin/injection/callback/CallbackInfo;)V doesn't use it's CallbackInfo
[07Aug2026 18:36:41.345] [Render thread/DEBUG] [mixin/]: mixins.iris.json:entity_render_context.MixinItemFeatureRenderer from mod iris->@Inject::iris$clear(Lnet/minecraft/client/renderer/MultiBufferSource$BufferSource;Lnet/minecraft/client/renderer/OutlineBufferSource;Lnet/minecraft/client/renderer/SubmitNodeStorage$ItemSubmit;Lorg/spongepowered/asm/mixin/injection/callback/CallbackInfo;)V has 0 override(s) in child classes
[07Aug2026 18:36:41.345] [Render thread/DEBUG] [mixin/]: mixins.iris.json:entity_render_context.MixinItemFeatureRenderer from mod iris->@Inject::iris$clear(Lnet/minecraft/client/renderer/MultiBufferSource$BufferSource;Lnet/minecraft/client/renderer/OutlineBufferSource;Lnet/minecraft/client/renderer/SubmitNodeStorage$ItemSubmit;Lorg/spongepowered/asm/mixin/injection/callback/CallbackInfo;)V won't be passed a CallbackInfo as a result
[07Aug2026 18:36:41.346] [Render thread/DEBUG] [mixin/]: Mixing features.render.immediate.matrix_stack.VertexConsumerMixin from sodium-common.mixins.json into com.mojang.blaze3d.vertex.VertexConsumer
[07Aug2026 18:36:41.346] [Render thread/DEBUG] [mixin/]: sodium-common.mixins.json:features.render.immediate.matrix_stack.VertexConsumerMixin from mod sodium: Class version 69 required is higher than the class version supported by the current version of Mixin (JAVA_17 supports class version 61)
[07Aug2026 18:36:41.348] [Render thread/DEBUG] [mixin/]: Mixing MixinTheEndPortalRenderer from mixins.iris.json into net.minecraft.client.renderer.blockentity.AbstractEndPortalRenderer
[07Aug2026 18:36:41.348] [Render thread/DEBUG] [mixin/]: mixins.iris.json:MixinTheEndPortalRenderer from mod iris: Class version 69 required is higher than the class version supported by the current version of Mixin (JAVA_8 supports class version 52)
[07Aug2026 18:36:41.349] [Render thread/DEBUG] [mixin/]: mixins.iris.json:MixinTheEndPortalRenderer from mod iris->@Inject::iris$onRender(Ljava/util/Collection;Lcom/mojang/blaze3d/vertex/PoseStack$Pose;Lcom/mojang/blaze3d/vertex/VertexConsumer;Lorg/spongepowered/asm/mixin/injection/callback/CallbackInfo;)V does use it's CallbackInfo
[07Aug2026 18:36:41.350] [Render thread/DEBUG] [mixin/]: Mixing distance.BlockEntityRendererMixin from ok_zoomer.mixins.json into net.minecraft.client.renderer.blockentity.BlockEntityRenderer
[07Aug2026 18:36:41.377] [Render thread/DEBUG] [mixin/]: Mixing entity_render_context.MixinGlyphRenderType from mixins.iris.json into net.minecraft.client.gui.font.GlyphRenderTypes
[07Aug2026 18:36:41.377] [Render thread/DEBUG] [mixin/]: mixins.iris.json:entity_render_context.MixinGlyphRenderType from mod iris: Class version 69 required is higher than the class version supported by the current version of Mixin (JAVA_8 supports class version 52)
[07Aug2026 18:36:41.382] [Render thread/DEBUG] [mixin/]: Mixing features.render.gui.font.BakedGlyphMixin from sodium-common.mixins.json into net.minecraft.client.gui.font.glyphs.BakedSheetGlyph
[07Aug2026 18:36:41.383] [Render thread/DEBUG] [mixin/]: sodium-common.mixins.json:features.render.gui.font.BakedGlyphMixin from mod sodium: Class version 69 required is higher than the class version supported by the current version of Mixin (JAVA_17 supports class version 61)
[07Aug2026 18:36:41.384] [Render thread/DEBUG] [mixin/]: sodium-common.mixins.json:features.render.gui.font.BakedGlyphMixin from mod sodium->@Inject::drawFast(ZFFFLorg/joml/Matrix4fc;Lcom/mojang/blaze3d/vertex/VertexConsumer;IZILorg/spongepowered/asm/mixin/injection/callback/CallbackInfo;)V does use it's CallbackInfo
[07Aug2026 18:36:41.384] [Render thread/DEBUG] [mixin/]: sodium-common.mixins.json:features.render.gui.font.BakedGlyphMixin from mod sodium->@Inject::drawEffectFast(Lnet/minecraft/client/gui/font/glyphs/BakedSheetGlyph$EffectInstance;FFILcom/mojang/blaze3d/vertex/VertexConsumer;ILorg/joml/Matrix4fc;Lorg/spongepowered/asm/mixin/injection/callback/CallbackInfo;)V does use it's CallbackInfo
[07Aug2026 18:36:41.392] [Render thread/DEBUG] [mixin/]: Mixing core.model.colors.BlockColorsMixin from sodium-common.mixins.json into net.minecraft.client.color.block.BlockColors
[07Aug2026 18:36:41.392] [Render thread/DEBUG] [mixin/]: sodium-common.mixins.json:core.model.colors.BlockColorsMixin from mod sodium: Class version 69 required is higher than the class version supported by the current version of Mixin (JAVA_17 supports class version 61)
[07Aug2026 18:36:41.393] [Render thread/DEBUG] [mixin/]: Renaming synthetic method lambda$preRegisterColorProvider$0(I)[Lnet/minecraft/client/color/block/BlockTintSource; to md02832a$sodium$lambda$preRegisterColorProvider$0$0 in sodium-common.mixins.json:core.model.colors.BlockColorsMixin from mod sodium
[07Aug2026 18:36:41.393] [Render thread/DEBUG] [mixin/]: sodium-common.mixins.json:core.model.colors.BlockColorsMixin from mod sodium->@Inject::preRegisterColorProvider(Ljava/util/List;[Lnet/minecraft/world/level/block/Block;Lorg/spongepowered/asm/mixin/injection/callback/CallbackInfo;)V doesn't use it's CallbackInfo
[07Aug2026 18:36:41.393] [Render thread/DEBUG] [mixin/]: sodium-common.mixins.json:core.model.colors.BlockColorsMixin from mod sodium->@Inject::preRegisterColorProvider(Ljava/util/List;[Lnet/minecraft/world/level/block/Block;Lorg/spongepowered/asm/mixin/injection/callback/CallbackInfo;)V has 0 override(s) in child classes
[07Aug2026 18:36:41.393] [Render thread/DEBUG] [mixin/]: sodium-common.mixins.json:core.model.colors.BlockColorsMixin from mod sodium->@Inject::preRegisterColorProvider(Ljava/util/List;[Lnet/minecraft/world/level/block/Block;Lorg/spongepowered/asm/mixin/injection/callback/CallbackInfo;)V won't be passed a CallbackInfo as a result
[07Aug2026 18:36:41.406] [Render thread/DEBUG] [mixin/]: Mixing entity_render_context.MixinItemRenderer from mixins.iris.json into net.minecraft.client.renderer.item.ItemModelResolver
[07Aug2026 18:36:41.406] [Render thread/DEBUG] [mixin/]: mixins.iris.json:entity_render_context.MixinItemRenderer from mod iris: Class version 69 required is higher than the class version supported by the current version of Mixin (JAVA_8 supports class version 52)
[07Aug2026 18:36:41.406] [Render thread/DEBUG] [mixin/]: mixins.iris.json:entity_render_context.MixinItemRenderer from mod iris->@Inject::changeId(Lnet/minecraft/client/renderer/item/ItemStackRenderState;Lnet/minecraft/world/item/ItemStack;Lnet/minecraft/world/item/ItemDisplayContext;Lnet/minecraft/world/level/Level;Lnet/minecraft/world/entity/ItemOwner;ILorg/spongepowered/asm/mixin/injection/callback/CallbackInfo;)V doesn't use it's CallbackInfo
[07Aug2026 18:36:41.406] [Render thread/DEBUG] [mixin/]: mixins.iris.json:entity_render_context.MixinItemRenderer from mod iris->@Inject::changeId(Lnet/minecraft/client/renderer/item/ItemStackRenderState;Lnet/minecraft/world/item/ItemStack;Lnet/minecraft/world/item/ItemDisplayContext;Lnet/minecraft/world/level/Level;Lnet/minecraft/world/entity/ItemOwner;ILorg/spongepowered/asm/mixin/injection/callback/CallbackInfo;)V has 0 override(s) in child classes
[07Aug2026 18:36:41.406] [Render thread/DEBUG] [mixin/]: mixins.iris.json:entity_render_context.MixinItemRenderer from mod iris->@Inject::changeId(Lnet/minecraft/client/renderer/item/ItemStackRenderState;Lnet/minecraft/world/item/ItemStack;Lnet/minecraft/world/item/ItemDisplayContext;Lnet/minecraft/world/level/Level;Lnet/minecraft/world/entity/ItemOwner;ILorg/spongepowered/asm/mixin/injection/callback/CallbackInfo;)V won't be passed a CallbackInfo as a result
[07Aug2026 18:36:41.408] [Render thread/DEBUG] [mixin/]: Mixing MapRendererMixin from mixins.iris.json into net.minecraft.client.renderer.MapRenderer
[07Aug2026 18:36:41.408] [Render thread/DEBUG] [mixin/]: mixins.iris.json:MapRendererMixin from mod iris: Class version 69 required is higher than the class version supported by the current version of Mixin (JAVA_8 supports class version 52)
[07Aug2026 18:36:41.408] [Render thread/DEBUG] [mixin/]: mixins.iris.json:MapRendererMixin from mod iris->@Inject::fism$cancelMapRendering(Lorg/spongepowered/asm/mixin/injection/callback/CallbackInfo;)V does use it's CallbackInfo
[07Aug2026 18:36:41.409] [Render thread/DEBUG] [mixin/]: Mixing MixinByteBufferBuilder from mixins.iris.json into com.mojang.blaze3d.vertex.ByteBufferBuilder
[07Aug2026 18:36:41.409] [Render thread/DEBUG] [mixin/]: mixins.iris.json:MixinByteBufferBuilder from mod iris: Class version 69 required is higher than the class version supported by the current version of Mixin (JAVA_8 supports class version 52)
[07Aug2026 18:36:41.411] [Render thread/DEBUG] [mixin/]: Mixing core.render.world.RenderBuffersMixin from sodium-common.mixins.json into net.minecraft.client.renderer.RenderBuffers
[07Aug2026 18:36:41.411] [Render thread/DEBUG] [mixin/]: sodium-common.mixins.json:core.render.world.RenderBuffersMixin from mod sodium: Class version 69 required is higher than the class version supported by the current version of Mixin (JAVA_17 supports class version 61)
[07Aug2026 18:36:41.417] [Render thread/DEBUG] [mixin/]: Mixing immediate.MixinBufferSource from mixins.iris.vertexformat.json into net.minecraft.client.renderer.MultiBufferSource$BufferSource
[07Aug2026 18:36:41.417] [Render thread/DEBUG] [mixin/]: mixins.iris.vertexformat.json:immediate.MixinBufferSource from mod iris: Class version 69 required is higher than the class version supported by the current version of Mixin (JAVA_8 supports class version 52)
[07Aug2026 18:36:41.417] [Render thread/DEBUG] [mixin/]: Mixing features.render.immediate.buffer_builder.sorting.MultiBufferSourceMixin from sodium-common.mixins.json into net.minecraft.client.renderer.MultiBufferSource$BufferSource
[07Aug2026 18:36:41.417] [Render thread/DEBUG] [mixin/]: sodium-common.mixins.json:features.render.immediate.buffer_builder.sorting.MultiBufferSourceMixin from mod sodium: Class version 69 required is higher than the class version supported by the current version of Mixin (JAVA_17 supports class version 61)
[07Aug2026 18:36:41.417] [Render thread/DEBUG] [mixin/]: Mixing MixinBufferSource from xaerohud.mixins.json into net.minecraft.client.renderer.MultiBufferSource$BufferSource
[07Aug2026 18:36:41.418] [Render thread/DEBUG] [mixin/]: xaerohud.mixins.json:MixinBufferSource from mod xaerominimap: Class version 69 required is higher than the class version supported by the current version of Mixin (JAVA_17 supports class version 61)
[07Aug2026 18:36:41.419] [Render thread/DEBUG] [mixin/]: mixins.iris.vertexformat.json:immediate.MixinBufferSource from mod iris->@Inject::iris$beforeFlushBuffer(Lnet/minecraft/client/renderer/rendertype/RenderType;Lcom/mojang/blaze3d/vertex/BufferBuilder;Lorg/spongepowered/asm/mixin/injection/callback/CallbackInfo;)V doesn't use it's CallbackInfo
[07Aug2026 18:36:41.419] [Render thread/DEBUG] [mixin/]: mixins.iris.vertexformat.json:immediate.MixinBufferSource from mod iris->@Inject::iris$beforeFlushBuffer(Lnet/minecraft/client/renderer/rendertype/RenderType;Lcom/mojang/blaze3d/vertex/BufferBuilder;Lorg/spongepowered/asm/mixin/injection/callback/CallbackInfo;)V has 0 override(s) in child classes
[07Aug2026 18:36:41.419] [Render thread/DEBUG] [mixin/]: mixins.iris.vertexformat.json:immediate.MixinBufferSource from mod iris->@Inject::iris$beforeFlushBuffer(Lnet/minecraft/client/renderer/rendertype/RenderType;Lcom/mojang/blaze3d/vertex/BufferBuilder;Lorg/spongepowered/asm/mixin/injection/callback/CallbackInfo;)V won't be passed a CallbackInfo as a result
[07Aug2026 18:36:41.419] [Render thread/DEBUG] [mixin/]: mixins.iris.vertexformat.json:immediate.MixinBufferSource from mod iris->@Inject::iris$afterFlushBuffer(Lnet/minecraft/client/renderer/rendertype/RenderType;Lcom/mojang/blaze3d/vertex/BufferBuilder;Lorg/spongepowered/asm/mixin/injection/callback/CallbackInfo;)V doesn't use it's CallbackInfo
[07Aug2026 18:36:41.419] [Render thread/DEBUG] [mixin/]: mixins.iris.vertexformat.json:immediate.MixinBufferSource from mod iris->@Inject::iris$afterFlushBuffer(Lnet/minecraft/client/renderer/rendertype/RenderType;Lcom/mojang/blaze3d/vertex/BufferBuilder;Lorg/spongepowered/asm/mixin/injection/callback/CallbackInfo;)V has 0 override(s) in child classes
[07Aug2026 18:36:41.419] [Render thread/DEBUG] [mixin/]: mixins.iris.vertexformat.json:immediate.MixinBufferSource from mod iris->@Inject::iris$afterFlushBuffer(Lnet/minecraft/client/renderer/rendertype/RenderType;Lcom/mojang/blaze3d/vertex/BufferBuilder;Lorg/spongepowered/asm/mixin/injection/callback/CallbackInfo;)V won't be passed a CallbackInfo as a result
[07Aug2026 18:36:41.426] [Render thread/DEBUG] [mixin/]: Mixing MixinEntityRenderDispatcher from mixins.iris.json into net.minecraft.client.renderer.entity.EntityRenderDispatcher
[07Aug2026 18:36:41.426] [Render thread/DEBUG] [mixin/]: mixins.iris.json:MixinEntityRenderDispatcher from mod iris: Class version 69 required is higher than the class version supported by the current version of Mixin (JAVA_8 supports class version 52)
[07Aug2026 18:36:41.426] [Render thread/DEBUG] [mixin/]: Mixing entity_render_context.MixinEntityRenderDispatcher from mixins.iris.json into net.minecraft.client.renderer.entity.EntityRenderDispatcher
[07Aug2026 18:36:41.426] [Render thread/DEBUG] [mixin/]: mixins.iris.json:entity_render_context.MixinEntityRenderDispatcher from mod iris: Class version 69 required is higher than the class version supported by the current version of Mixin (JAVA_8 supports class version 52)
[07Aug2026 18:36:41.426] [Render thread/DEBUG] [mixin/]: Renaming synthetic method lambda$iris$beginEntityRender$1(Lnet/minecraft/client/renderer/entity/state/EntityRenderState;Ljava/lang/Object;)Lnet/irisshaders/iris/shaderpack/materialmap/NamespacedId; to md02832a$iris$lambda$iris$beginEntityRender$1$0 in mixins.iris.json:entity_render_context.MixinEntityRenderDispatcher from mod iris
[07Aug2026 18:36:41.427] [Render thread/DEBUG] [mixin/]: Renaming synthetic method lambda$iris$beginEntityRender$0(Lnet/minecraft/client/renderer/entity/state/EntityRenderState;Ljava/lang/Object;)Lnet/irisshaders/iris/shaderpack/materialmap/NamespacedId; to md02832a$iris$lambda$iris$beginEntityRender$0$1 in mixins.iris.json:entity_render_context.MixinEntityRenderDispatcher from mod iris
[07Aug2026 18:36:41.428] [Render thread/DEBUG] [mixin/]: mixins.iris.json:entity_render_context.MixinEntityRenderDispatcher from mod iris->@Inject::iris$beginEntityRender(Lnet/minecraft/client/renderer/entity/state/EntityRenderState;Lnet/minecraft/client/renderer/state/level/CameraRenderState;DDDLcom/mojang/blaze3d/vertex/PoseStack;Lnet/minecraft/client/renderer/SubmitNodeCollector;Lorg/spongepowered/asm/mixin/injection/callback/CallbackInfo;)V doesn't use it's CallbackInfo
[07Aug2026 18:36:41.428] [Render thread/DEBUG] [mixin/]: mixins.iris.json:entity_render_context.MixinEntityRenderDispatcher from mod iris->@Inject::iris$beginEntityRender(Lnet/minecraft/client/renderer/entity/state/EntityRenderState;Lnet/minecraft/client/renderer/state/level/CameraRenderState;DDDLcom/mojang/blaze3d/vertex/PoseStack;Lnet/minecraft/client/renderer/SubmitNodeCollector;Lorg/spongepowered/asm/mixin/injection/callback/CallbackInfo;)V has 0 override(s) in child classes
[07Aug2026 18:36:41.428] [Render thread/DEBUG] [mixin/]: mixins.iris.json:entity_render_context.MixinEntityRenderDispatcher from mod iris->@Inject::iris$beginEntityRender(Lnet/minecraft/client/renderer/entity/state/EntityRenderState;Lnet/minecraft/client/renderer/state/level/CameraRenderState;DDDLcom/mojang/blaze3d/vertex/PoseStack;Lnet/minecraft/client/renderer/SubmitNodeCollector;Lorg/spongepowered/asm/mixin/injection/callback/CallbackInfo;)V won't be passed a CallbackInfo as a result
[07Aug2026 18:36:41.428] [Render thread/DEBUG] [mixin/]: mixins.iris.json:entity_render_context.MixinEntityRenderDispatcher from mod iris->@Inject::iris$endEntityRender(Lnet/minecraft/client/renderer/entity/state/EntityRenderState;Lnet/minecraft/client/renderer/state/level/CameraRenderState;DDDLcom/mojang/blaze3d/vertex/PoseStack;Lnet/minecraft/client/renderer/SubmitNodeCollector;Lorg/spongepowered/asm/mixin/injection/callback/CallbackInfo;)V doesn't use it's CallbackInfo
[07Aug2026 18:36:41.428] [Render thread/DEBUG] [mixin/]: mixins.iris.json:entity_render_context.MixinEntityRenderDispatcher from mod iris->@Inject::iris$endEntityRender(Lnet/minecraft/client/renderer/entity/state/EntityRenderState;Lnet/minecraft/client/renderer/state/level/CameraRenderState;DDDLcom/mojang/blaze3d/vertex/PoseStack;Lnet/minecraft/client/renderer/SubmitNodeCollector;Lorg/spongepowered/asm/mixin/injection/callback/CallbackInfo;)V has 0 override(s) in child classes
[07Aug2026 18:36:41.428] [Render thread/DEBUG] [mixin/]: mixins.iris.json:entity_render_context.MixinEntityRenderDispatcher from mod iris->@Inject::iris$endEntityRender(Lnet/minecraft/client/renderer/entity/state/EntityRenderState;Lnet/minecraft/client/renderer/state/level/CameraRenderState;DDDLcom/mojang/blaze3d/vertex/PoseStack;Lnet/minecraft/client/renderer/SubmitNodeCollector;Lorg/spongepowered/asm/mixin/injection/callback/CallbackInfo;)V won't be passed a CallbackInfo as a result
[07Aug2026 18:36:41.431] [Render thread/DEBUG] [mixin/]: Mixing MixinItemInHandRenderer from mixins.iris.json into net.minecraft.client.renderer.ItemInHandRenderer
[07Aug2026 18:36:41.431] [Render thread/DEBUG] [mixin/]: mixins.iris.json:MixinItemInHandRenderer from mod iris: Class version 69 required is higher than the class version supported by the current version of Mixin (JAVA_8 supports class version 52)
[07Aug2026 18:36:41.432] [Render thread/DEBUG] [mixin/]: mixins.iris.json:MixinItemInHandRenderer from mod iris->@Inject::iris$skipTranslucentHands(Lnet/minecraft/client/player/AbstractClientPlayer;FFLnet/minecraft/world/InteractionHand;FLnet/minecraft/world/item/ItemStack;FLcom/mojang/blaze3d/vertex/PoseStack;Lnet/minecraft/client/renderer/SubmitNodeCollector;ILorg/spongepowered/asm/mixin/injection/callback/CallbackInfo;)V does use it's CallbackInfo
[07Aug2026 18:36:41.442] [Render thread/DEBUG] [mixin/]: Mixing features.textures.animations.tracking.TextureSheetParticleMixin from sodium-common.mixins.json into net.minecraft.client.particle.SingleQuadParticle
[07Aug2026 18:36:41.442] [Render thread/DEBUG] [mixin/]: sodium-common.mixins.json:features.textures.animations.tracking.TextureSheetParticleMixin from mod sodium: Class version 69 required is higher than the class version supported by the current version of Mixin (JAVA_17 supports class version 61)
[07Aug2026 18:36:41.443] [Render thread/DEBUG] [mixin/]: sodium-common.mixins.json:features.textures.animations.tracking.TextureSheetParticleMixin from mod sodium->@Inject::afterSetSprite(Lnet/minecraft/client/renderer/texture/TextureAtlasSprite;Lorg/spongepowered/asm/mixin/injection/callback/CallbackInfo;)V doesn't use it's CallbackInfo
[07Aug2026 18:36:41.443] [Render thread/DEBUG] [mixin/]: sodium-common.mixins.json:features.textures.animations.tracking.TextureSheetParticleMixin from mod sodium->@Inject::afterSetSprite(Lnet/minecraft/client/renderer/texture/TextureAtlasSprite;Lorg/spongepowered/asm/mixin/injection/callback/CallbackInfo;)V has 0 override(s) in child classes
[07Aug2026 18:36:41.443] [Render thread/DEBUG] [mixin/]: sodium-common.mixins.json:features.textures.animations.tracking.TextureSheetParticleMixin from mod sodium->@Inject::afterSetSprite(Lnet/minecraft/client/renderer/texture/TextureAtlasSprite;Lorg/spongepowered/asm/mixin/injection/callback/CallbackInfo;)V won't be passed a CallbackInfo as a result
[07Aug2026 18:36:41.443] [Render thread/DEBUG] [mixin/]: sodium-common.mixins.json:features.textures.animations.tracking.TextureSheetParticleMixin from mod sodium->@Inject::sodium$tickSprite(Lnet/minecraft/client/renderer/state/level/QuadParticleRenderState;Lorg/joml/Quaternionf;FFFFLorg/spongepowered/asm/mixin/injection/callback/CallbackInfo;)V doesn't use it's CallbackInfo
[07Aug2026 18:36:41.443] [Render thread/DEBUG] [mixin/]: sodium-common.mixins.json:features.textures.animations.tracking.TextureSheetParticleMixin from mod sodium->@Inject::sodium$tickSprite(Lnet/minecraft/client/renderer/state/level/QuadParticleRenderState;Lorg/joml/Quaternionf;FFFFLorg/spongepowered/asm/mixin/injection/callback/CallbackInfo;)V has 0 override(s) in child classes
[07Aug2026 18:36:41.443] [Render thread/DEBUG] [mixin/]: sodium-common.mixins.json:features.textures.animations.tracking.TextureSheetParticleMixin from mod sodium->@Inject::sodium$tickSprite(Lnet/minecraft/client/renderer/state/level/QuadParticleRenderState;Lorg/joml/Quaternionf;FFFFLorg/spongepowered/asm/mixin/injection/callback/CallbackInfo;)V won't be passed a CallbackInfo as a result
[07Aug2026 18:36:41.471] [Render thread/DEBUG] [mixin/]: Mixing entity_render_context.ItemStackStateMixin from mixins.iris.json into net.minecraft.client.renderer.item.ItemStackRenderState
[07Aug2026 18:36:41.471] [Render thread/DEBUG] [mixin/]: mixins.iris.json:entity_render_context.ItemStackStateMixin from mod iris: Class version 69 required is higher than the class version supported by the current version of Mixin (JAVA_8 supports class version 52)
[07Aug2026 18:36:41.472] [Render thread/DEBUG] [mixin/]: mixins.iris.json:entity_render_context.ItemStackStateMixin from mod iris->@Inject::clearDisplayStack(Lorg/spongepowered/asm/mixin/injection/callback/CallbackInfo;)V doesn't use it's CallbackInfo
[07Aug2026 18:36:41.472] [Render thread/DEBUG] [mixin/]: mixins.iris.json:entity_render_context.ItemStackStateMixin from mod iris->@Inject::clearDisplayStack(Lorg/spongepowered/asm/mixin/injection/callback/CallbackInfo;)V has 0 override(s) in child classes
[07Aug2026 18:36:41.472] [Render thread/DEBUG] [mixin/]: mixins.iris.json:entity_render_context.ItemStackStateMixin from mod iris->@Inject::clearDisplayStack(Lorg/spongepowered/asm/mixin/injection/callback/CallbackInfo;)V won't be passed a CallbackInfo as a result
[07Aug2026 18:36:41.473] [Render thread/DEBUG] [mixin/]: Mixing entity_render_context.ItemStackStateLayerMixin from mixins.iris.json into net.minecraft.client.renderer.item.ItemStackRenderState$LayerRenderState
[07Aug2026 18:36:41.473] [Render thread/DEBUG] [mixin/]: mixins.iris.json:entity_render_context.ItemStackStateLayerMixin from mod iris: Class version 69 required is higher than the class version supported by the current version of Mixin (JAVA_8 supports class version 52)
[07Aug2026 18:36:41.474] [Render thread/DEBUG] [mixin/]: mixins.iris.json:entity_render_context.ItemStackStateLayerMixin from mod iris->@Inject::iris$catchParent(Lnet/minecraft/client/renderer/item/ItemStackRenderState;Lorg/spongepowered/asm/mixin/injection/callback/CallbackInfo;)V doesn't use it's CallbackInfo
[07Aug2026 18:36:41.474] [Render thread/DEBUG] [mixin/]: mixins.iris.json:entity_render_context.ItemStackStateLayerMixin from mod iris->@Inject::iris$catchParent(Lnet/minecraft/client/renderer/item/ItemStackRenderState;Lorg/spongepowered/asm/mixin/injection/callback/CallbackInfo;)V has 0 override(s) in child classes
[07Aug2026 18:36:41.474] [Render thread/DEBUG] [mixin/]: mixins.iris.json:entity_render_context.ItemStackStateLayerMixin from mod iris->@Inject::iris$catchParent(Lnet/minecraft/client/renderer/item/ItemStackRenderState;Lorg/spongepowered/asm/mixin/injection/callback/CallbackInfo;)V won't be passed a CallbackInfo as a result
[07Aug2026 18:36:41.474] [Render thread/DEBUG] [mixin/]: mixins.iris.json:entity_render_context.ItemStackStateLayerMixin from mod iris->@Inject::onRender(Lcom/mojang/blaze3d/vertex/PoseStack;Lnet/minecraft/client/renderer/SubmitNodeCollector;IIILorg/spongepowered/asm/mixin/injection/callback/CallbackInfo;)V doesn't use it's CallbackInfo
[07Aug2026 18:36:41.474] [Render thread/DEBUG] [mixin/]: mixins.iris.json:entity_render_context.ItemStackStateLayerMixin from mod iris->@Inject::onRender(Lcom/mojang/blaze3d/vertex/PoseStack;Lnet/minecraft/client/renderer/SubmitNodeCollector;IIILorg/spongepowered/asm/mixin/injection/callback/CallbackInfo;)V has 0 override(s) in child classes
[07Aug2026 18:36:41.474] [Render thread/DEBUG] [mixin/]: mixins.iris.json:entity_render_context.ItemStackStateLayerMixin from mod iris->@Inject::onRender(Lcom/mojang/blaze3d/vertex/PoseStack;Lnet/minecraft/client/renderer/SubmitNodeCollector;IIILorg/spongepowered/asm/mixin/injection/callback/CallbackInfo;)V won't be passed a CallbackInfo as a result
[07Aug2026 18:36:41.476] [Render thread/DEBUG] [mixin/]: mixins.iris.json:entity_render_context.ItemStackStateLayerMixin from mod iris->@Inject::onRenderEnd(Lcom/mojang/blaze3d/vertex/PoseStack;Lnet/minecraft/client/renderer/SubmitNodeCollector;IIILorg/spongepowered/asm/mixin/injection/callback/CallbackInfo;)V doesn't use it's CallbackInfo
[07Aug2026 18:36:41.476] [Render thread/DEBUG] [mixin/]: mixins.iris.json:entity_render_context.ItemStackStateLayerMixin from mod iris->@Inject::onRenderEnd(Lcom/mojang/blaze3d/vertex/PoseStack;Lnet/minecraft/client/renderer/SubmitNodeCollector;IIILorg/spongepowered/asm/mixin/injection/callback/CallbackInfo;)V has 0 override(s) in child classes
[07Aug2026 18:36:41.476] [Render thread/DEBUG] [mixin/]: mixins.iris.json:entity_render_context.ItemStackStateLayerMixin from mod iris->@Inject::onRenderEnd(Lcom/mojang/blaze3d/vertex/PoseStack;Lnet/minecraft/client/renderer/SubmitNodeCollector;IIILorg/spongepowered/asm/mixin/injection/callback/CallbackInfo;)V won't be passed a CallbackInfo as a result
[07Aug2026 18:36:41.525] [Render thread/DEBUG] [mixin/]: Mixing GameRendererAccessor from mixins.iris.json into net.minecraft.client.renderer.GameRenderer
[07Aug2026 18:36:41.526] [Render thread/DEBUG] [mixin/]: mixins.iris.json:GameRendererAccessor from mod iris: Class version 69 required is higher than the class version supported by the current version of Mixin (JAVA_8 supports class version 52)
[07Aug2026 18:36:41.526] [Render thread/DEBUG] [mixin/]: Mixing MixinGameRenderer from mixins.iris.json into net.minecraft.client.renderer.GameRenderer
[07Aug2026 18:36:41.526] [Render thread/DEBUG] [mixin/]: mixins.iris.json:MixinGameRenderer from mod iris: Class version 69 required is higher than the class version supported by the current version of Mixin (JAVA_8 supports class version 52)
[07Aug2026 18:36:41.526] [Render thread/DEBUG] [mixin/]: Mixing MixinModelViewBobbing from mixins.iris.json into net.minecraft.client.renderer.GameRenderer
[07Aug2026 18:36:41.526] [Render thread/DEBUG] [mixin/]: mixins.iris.json:MixinModelViewBobbing from mod iris: Class version 69 required is higher than the class version supported by the current version of Mixin (JAVA_8 supports class version 52)
[07Aug2026 18:36:41.526] [Render thread/DEBUG] [mixin/]: Mixing client.MixinGameRenderer from justzoom.mixins.json into net.minecraft.client.renderer.GameRenderer
[07Aug2026 18:36:41.526] [Render thread/DEBUG] [mixin/]: justzoom.mixins.json:client.MixinGameRenderer from mod justzoom: Class version 69 required is higher than the class version supported by the current version of Mixin (JAVA_17 supports class version 61)
[07Aug2026 18:36:41.527] [Render thread/DEBUG] [mixin/]: Mixing core.render.frustum.GameRendererAccessor from sodium-common.mixins.json into net.minecraft.client.renderer.GameRenderer
[07Aug2026 18:36:41.527] [Render thread/DEBUG] [mixin/]: sodium-common.mixins.json:core.render.frustum.GameRendererAccessor from mod sodium: Class version 69 required is higher than the class version supported by the current version of Mixin (JAVA_17 supports class version 61)
[07Aug2026 18:36:41.527] [Render thread/DEBUG] [mixin/]: Mixing core.render.world.GameRendererMixin from sodium-common.mixins.json into net.minecraft.client.renderer.GameRenderer
[07Aug2026 18:36:41.527] [Render thread/DEBUG] [mixin/]: sodium-common.mixins.json:core.render.world.GameRendererMixin from mod sodium: Class version 69 required is higher than the class version supported by the current version of Mixin (JAVA_17 supports class version 61)
[07Aug2026 18:36:41.527] [Render thread/DEBUG] [mixin/]: Mixing features.gui.hooks.console.GameRendererMixin from sodium-common.mixins.json into net.minecraft.client.renderer.GameRenderer
[07Aug2026 18:36:41.527] [Render thread/DEBUG] [mixin/]: sodium-common.mixins.json:features.gui.hooks.console.GameRendererMixin from mod sodium: Class version 69 required is higher than the class version supported by the current version of Mixin (JAVA_17 supports class version 61)
[07Aug2026 18:36:41.528] [Render thread/DEBUG] [mixin/]: Mixing workarounds.window_minimized_state.GameRendererMixin from sodium-common.mixins.json into net.minecraft.client.renderer.GameRenderer
[07Aug2026 18:36:41.528] [Render thread/DEBUG] [mixin/]: sodium-common.mixins.json:workarounds.window_minimized_state.GameRendererMixin from mod sodium: Class version 69 required is higher than the class version supported by the current version of Mixin (JAVA_17 supports class version 61)
[07Aug2026 18:36:41.528] [Render thread/DEBUG] [mixin/]: Mixing MixinGameRenderer from xaerolib.mixins.json into net.minecraft.client.renderer.GameRenderer
[07Aug2026 18:36:41.528] [Render thread/DEBUG] [mixin/]: xaerolib.mixins.json:MixinGameRenderer from mod xaerolib: Class version 69 required is higher than the class version supported by the current version of Mixin (JAVA_17 supports class version 61)
[07Aug2026 18:36:41.528] [Render thread/DEBUG] [mixin/]: Mixing MixinGameRenderer from xaerohud.mixins.json into net.minecraft.client.renderer.GameRenderer
[07Aug2026 18:36:41.528] [Render thread/DEBUG] [mixin/]: xaerohud.mixins.json:MixinGameRenderer from mod xaerominimap: Class version 69 required is higher than the class version supported by the current version of Mixin (JAVA_17 supports class version 61)
[07Aug2026 18:36:41.528] [Render thread/DEBUG] [mixin/]: Mixing MixinGameRenderer_NightVisionCompat from mixins.iris.json into net.minecraft.client.renderer.GameRenderer
[07Aug2026 18:36:41.528] [Render thread/DEBUG] [mixin/]: mixins.iris.json:MixinGameRenderer_NightVisionCompat from mod iris: Class version 69 required is higher than the class version supported by the current version of Mixin (JAVA_8 supports class version 52)
[07Aug2026 18:36:41.536] [Render thread/DEBUG] [mixin/]: mixins.iris.json:MixinGameRenderer from mod iris->@Inject::iris$startFrame(Lnet/minecraft/client/DeltaTracker;ZLorg/spongepowered/asm/mixin/injection/callback/CallbackInfo;)V doesn't use it's CallbackInfo
[07Aug2026 18:36:41.536] [Render thread/DEBUG] [mixin/]: mixins.iris.json:MixinGameRenderer from mod iris->@Inject::iris$startFrame(Lnet/minecraft/client/DeltaTracker;ZLorg/spongepowered/asm/mixin/injection/callback/CallbackInfo;)V has 0 override(s) in child classes
[07Aug2026 18:36:41.536] [Render thread/DEBUG] [mixin/]: mixins.iris.json:MixinGameRenderer from mod iris->@Inject::iris$startFrame(Lnet/minecraft/client/DeltaTracker;ZLorg/spongepowered/asm/mixin/injection/callback/CallbackInfo;)V won't be passed a CallbackInfo as a result
[07Aug2026 18:36:41.536] [Render thread/DEBUG] [mixin/]: mixins.iris.json:MixinGameRenderer from mod iris->@Inject::iris$logSystem(Lnet/minecraft/client/Minecraft;Lnet/minecraft/client/renderer/ItemInHandRenderer;Lnet/minecraft/client/renderer/RenderBuffers;Lnet/minecraft/client/resources/model/ModelManager;Lorg/spongepowered/asm/mixin/injection/callback/CallbackInfo;)V doesn't use it's CallbackInfo
[07Aug2026 18:36:41.536] [Render thread/DEBUG] [mixin/]: mixins.iris.json:MixinGameRenderer from mod iris->@Inject::iris$logSystem(Lnet/minecraft/client/Minecraft;Lnet/minecraft/client/renderer/ItemInHandRenderer;Lnet/minecraft/client/renderer/RenderBuffers;Lnet/minecraft/client/resources/model/ModelManager;Lorg/spongepowered/asm/mixin/injection/callback/CallbackInfo;)V has 0 override(s) in child classes
[07Aug2026 18:36:41.536] [Render thread/DEBUG] [mixin/]: mixins.iris.json:MixinGameRenderer from mod iris->@Inject::iris$logSystem(Lnet/minecraft/client/Minecraft;Lnet/minecraft/client/renderer/ItemInHandRenderer;Lnet/minecraft/client/renderer/RenderBuffers;Lnet/minecraft/client/resources/model/ModelManager;Lorg/spongepowered/asm/mixin/injection/callback/CallbackInfo;)V won't be passed a CallbackInfo as a result
[07Aug2026 18:36:41.536] [Render thread/DEBUG] [mixin/]: ArgsClassGenerator assigning org.spongepowered.asm.synthetic.args.Args$2 for descriptor (IIDJLnet/minecraft/client/DeltaTracker;ILnet/minecraft/world/phys/Vec3;Z)V
[07Aug2026 18:36:41.536] [Render thread/DEBUG] [mixin/]: mixins.iris.json:MixinGameRenderer from mod iris->@Inject::iris$runColorSpace(Lnet/minecraft/client/DeltaTracker;Lorg/spongepowered/asm/mixin/injection/callback/CallbackInfo;)V doesn't use it's CallbackInfo
[07Aug2026 18:36:41.536] [Render thread/DEBUG] [mixin/]: mixins.iris.json:MixinGameRenderer from mod iris->@Inject::iris$runColorSpace(Lnet/minecraft/client/DeltaTracker;Lorg/spongepowered/asm/mixin/injection/callback/CallbackInfo;)V has 0 override(s) in child classes
[07Aug2026 18:36:41.536] [Render thread/DEBUG] [mixin/]: mixins.iris.json:MixinGameRenderer from mod iris->@Inject::iris$runColorSpace(Lnet/minecraft/client/DeltaTracker;Lorg/spongepowered/asm/mixin/injection/callback/CallbackInfo;)V won't be passed a CallbackInfo as a result
[07Aug2026 18:36:41.536] [Render thread/DEBUG] [mixin/]: mixins.iris.json:MixinModelViewBobbing from mod iris->@Inject::iris$saveShadersOn(Lnet/minecraft/client/DeltaTracker;Lorg/spongepowered/asm/mixin/injection/callback/CallbackInfo;)V doesn't use it's CallbackInfo
[07Aug2026 18:36:41.536] [Render thread/DEBUG] [mixin/]: mixins.iris.json:MixinModelViewBobbing from mod iris->@Inject::iris$saveShadersOn(Lnet/minecraft/client/DeltaTracker;Lorg/spongepowered/asm/mixin/injection/callback/CallbackInfo;)V has 0 override(s) in child classes
[07Aug2026 18:36:41.536] [Render thread/DEBUG] [mixin/]: mixins.iris.json:MixinModelViewBobbing from mod iris->@Inject::iris$saveShadersOn(Lnet/minecraft/client/DeltaTracker;Lorg/spongepowered/asm/mixin/injection/callback/CallbackInfo;)V won't be passed a CallbackInfo as a result
[07Aug2026 18:36:41.536] [Render thread/DEBUG] [mixin/]: sodium-common.mixins.json:features.gui.hooks.console.GameRendererMixin from mod sodium->@Inject::onRender(Lnet/minecraft/client/DeltaTracker;ZLorg/spongepowered/asm/mixin/injection/callback/CallbackInfo;)V doesn't use it's CallbackInfo
[07Aug2026 18:36:41.536] [Render thread/DEBUG] [mixin/]: sodium-common.mixins.json:features.gui.hooks.console.GameRendererMixin from mod sodium->@Inject::onRender(Lnet/minecraft/client/DeltaTracker;ZLorg/spongepowered/asm/mixin/injection/callback/CallbackInfo;)V has 0 override(s) in child classes
[07Aug2026 18:36:41.536] [Render thread/DEBUG] [mixin/]: sodium-common.mixins.json:features.gui.hooks.console.GameRendererMixin from mod sodium->@Inject::onRender(Lnet/minecraft/client/DeltaTracker;ZLorg/spongepowered/asm/mixin/injection/callback/CallbackInfo;)V won't be passed a CallbackInfo as a result
[07Aug2026 18:36:41.537] [Render thread/DEBUG] [mixin/]: mixins.iris.json:MixinGameRenderer_NightVisionCompat from mod iris->@Inject::iris$safecheckNightvisionStrength(Lnet/minecraft/world/entity/LivingEntity;FLorg/spongepowered/asm/mixin/injection/callback/CallbackInfoReturnable;)V does use it's CallbackInfoReturnable
[07Aug2026 18:36:41.549] [Render thread/DEBUG] [mixin/]: Mixing core.render.frustum.FrustumMixin from sodium-common.mixins.json into net.minecraft.client.renderer.culling.Frustum
[07Aug2026 18:36:41.549] [Render thread/DEBUG] [mixin/]: sodium-common.mixins.json:core.render.frustum.FrustumMixin from mod sodium: Class version 69 required is higher than the class version supported by the current version of Mixin (JAVA_17 supports class version 61)
[07Aug2026 18:36:41.550] [Render thread/DEBUG] [mixin/]: Mixing core.render.world.FrustumAccessor from sodium-common.mixins.json into net.minecraft.client.renderer.culling.Frustum
[07Aug2026 18:36:41.550] [Render thread/DEBUG] [mixin/]: sodium-common.mixins.json:core.render.world.FrustumAccessor from mod sodium: Class version 69 required is higher than the class version supported by the current version of Mixin (JAVA_17 supports class version 61)
[07Aug2026 18:36:41.555] [Render thread/DEBUG] [mixin/]: Mixing MixinLightTexture from mixins.iris.json into net.minecraft.client.renderer.LightmapRenderStateExtractor
[07Aug2026 18:36:41.555] [Render thread/DEBUG] [mixin/]: mixins.iris.json:MixinLightTexture from mod iris: Class version 69 required is higher than the class version supported by the current version of Mixin (JAVA_8 supports class version 52)
[07Aug2026 18:36:41.556] [Render thread/DEBUG] [mixin/]: mixins.iris.json:MixinLightTexture from mod iris->@Inject::resetDarknessValue(Lnet/minecraft/client/renderer/state/LightmapRenderState;FLorg/spongepowered/asm/mixin/injection/callback/CallbackInfo;)V doesn't use it's CallbackInfo
[07Aug2026 18:36:41.556] [Render thread/DEBUG] [mixin/]: mixins.iris.json:MixinLightTexture from mod iris->@Inject::resetDarknessValue(Lnet/minecraft/client/renderer/state/LightmapRenderState;FLorg/spongepowered/asm/mixin/injection/callback/CallbackInfo;)V has 0 override(s) in child classes
[07Aug2026 18:36:41.556] [Render thread/DEBUG] [mixin/]: mixins.iris.json:MixinLightTexture from mod iris->@Inject::resetDarknessValue(Lnet/minecraft/client/renderer/state/LightmapRenderState;FLorg/spongepowered/asm/mixin/injection/callback/CallbackInfo;)V won't be passed a CallbackInfo as a result
[07Aug2026 18:36:41.556] [Render thread/DEBUG] [mixin/]: mixins.iris.json:MixinLightTexture from mod iris->@Inject::storeDarknessValue(Lnet/minecraft/world/entity/LivingEntity;FFLorg/spongepowered/asm/mixin/injection/callback/CallbackInfoReturnable;)V does use it's CallbackInfoReturnable
[07Aug2026 18:36:41.568] [Render thread/DEBUG] [mixin/]: Mixing MixinFogRenderer from mixins.iris.json into net.minecraft.client.renderer.fog.FogRenderer
[07Aug2026 18:36:41.568] [Render thread/DEBUG] [mixin/]: mixins.iris.json:MixinFogRenderer from mod iris: Class version 69 required is higher than the class version supported by the current version of Mixin (JAVA_8 supports class version 52)
[07Aug2026 18:36:41.568] [Render thread/DEBUG] [mixin/]: Mixing FogRendererMixin from jade.mixins.json into net.minecraft.client.renderer.fog.FogRenderer
[07Aug2026 18:36:41.568] [Render thread/DEBUG] [mixin/]: jade.mixins.json:FogRendererMixin from mod jade: Class version 69 required is higher than the class version supported by the current version of Mixin (JAVA_21 supports class version 65)
[07Aug2026 18:36:41.568] [Render thread/DEBUG] [mixin/]: Mixing core.render.world.FogRendererMixin from sodium-common.mixins.json into net.minecraft.client.renderer.fog.FogRenderer
[07Aug2026 18:36:41.568] [Render thread/DEBUG] [mixin/]: sodium-common.mixins.json:core.render.world.FogRendererMixin from mod sodium: Class version 69 required is higher than the class version supported by the current version of Mixin (JAVA_17 supports class version 61)
[07Aug2026 18:36:41.571] [Render thread/DEBUG] [mixin/]: mixins.iris.json:MixinFogRenderer from mod iris->@Inject::iris$setupLegacyWaterFog(Lnet/minecraft/client/Camera;ILnet/minecraft/client/DeltaTracker;FLnet/minecraft/client/multiplayer/ClientLevel;Lorg/spongepowered/asm/mixin/injection/callback/CallbackInfoReturnable;)V doesn't use it's CallbackInfoReturnable
[07Aug2026 18:36:41.571] [Render thread/DEBUG] [mixin/]: mixins.iris.json:MixinFogRenderer from mod iris->@Inject::iris$setupLegacyWaterFog(Lnet/minecraft/client/Camera;ILnet/minecraft/client/DeltaTracker;FLnet/minecraft/client/multiplayer/ClientLevel;Lorg/spongepowered/asm/mixin/injection/callback/CallbackInfoReturnable;)V has 0 override(s) in child classes
[07Aug2026 18:36:41.571] [Render thread/DEBUG] [mixin/]: mixins.iris.json:MixinFogRenderer from mod iris->@Inject::iris$setupLegacyWaterFog(Lnet/minecraft/client/Camera;ILnet/minecraft/client/DeltaTracker;FLnet/minecraft/client/multiplayer/ClientLevel;Lorg/spongepowered/asm/mixin/injection/callback/CallbackInfoReturnable;)V won't be passed a CallbackInfoReturnable as a result
[07Aug2026 18:36:41.572] [Render thread/DEBUG] [mixin/]: mixins.iris.json:MixinFogRenderer from mod iris->@Inject::render(Lnet/minecraft/client/Camera;ILnet/minecraft/client/DeltaTracker;FLnet/minecraft/client/multiplayer/ClientLevel;Lorg/spongepowered/asm/mixin/injection/callback/CallbackInfoReturnable;)V does use it's CallbackInfoReturnable
[07Aug2026 18:36:41.572] [Render thread/DEBUG] [mixin/]: jade.mixins.json:FogRendererMixin from mod jade->@Inject::jade$setupFog(Lnet/minecraft/client/Camera;ILnet/minecraft/client/DeltaTracker;FLnet/minecraft/client/multiplayer/ClientLevel;Lorg/spongepowered/asm/mixin/injection/callback/CallbackInfoReturnable;)V doesn't use it's CallbackInfoReturnable
[07Aug2026 18:36:41.572] [Render thread/DEBUG] [mixin/]: jade.mixins.json:FogRendererMixin from mod jade->@Inject::jade$setupFog(Lnet/minecraft/client/Camera;ILnet/minecraft/client/DeltaTracker;FLnet/minecraft/client/multiplayer/ClientLevel;Lorg/spongepowered/asm/mixin/injection/callback/CallbackInfoReturnable;)V has 0 override(s) in child classes
[07Aug2026 18:36:41.572] [Render thread/DEBUG] [mixin/]: jade.mixins.json:FogRendererMixin from mod jade->@Inject::jade$setupFog(Lnet/minecraft/client/Camera;ILnet/minecraft/client/DeltaTracker;FLnet/minecraft/client/multiplayer/ClientLevel;Lorg/spongepowered/asm/mixin/injection/callback/CallbackInfoReturnable;)V won't be passed a CallbackInfoReturnable as a result
[07Aug2026 18:36:41.572] [Render thread/DEBUG] [mixin/]: sodium-common.mixins.json:core.render.world.FogRendererMixin from mod sodium->@Inject::sodium$storeFogParameters(Lnet/minecraft/client/Camera;ILnet/minecraft/client/DeltaTracker;FLnet/minecraft/client/multiplayer/ClientLevel;Lorg/spongepowered/asm/mixin/injection/callback/CallbackInfoReturnable;)V doesn't use it's CallbackInfoReturnable
[07Aug2026 18:36:41.572] [Render thread/DEBUG] [mixin/]: sodium-common.mixins.json:core.render.world.FogRendererMixin from mod sodium->@Inject::sodium$storeFogParameters(Lnet/minecraft/client/Camera;ILnet/minecraft/client/DeltaTracker;FLnet/minecraft/client/multiplayer/ClientLevel;Lorg/spongepowered/asm/mixin/injection/callback/CallbackInfoReturnable;)V has 0 override(s) in child classes
[07Aug2026 18:36:41.572] [Render thread/DEBUG] [mixin/]: sodium-common.mixins.json:core.render.world.FogRendererMixin from mod sodium->@Inject::sodium$storeFogParameters(Lnet/minecraft/client/Camera;ILnet/minecraft/client/DeltaTracker;FLnet/minecraft/client/multiplayer/ClientLevel;Lorg/spongepowered/asm/mixin/injection/callback/CallbackInfoReturnable;)V won't be passed a CallbackInfoReturnable as a result
[07Aug2026 18:36:41.578] [Render thread/DEBUG] [mixin/]: Mixing MixinCamera from mixins.iris.json into net.minecraft.client.Camera
[07Aug2026 18:36:41.578] [Render thread/DEBUG] [mixin/]: mixins.iris.json:MixinCamera from mod iris: Class version 69 required is higher than the class version supported by the current version of Mixin (JAVA_8 supports class version 52)
[07Aug2026 18:36:41.578] [Render thread/DEBUG] [mixin/]: Mixing client.MixinCamera from justzoom.mixins.json into net.minecraft.client.Camera
[07Aug2026 18:36:41.578] [Render thread/DEBUG] [mixin/]: justzoom.mixins.json:client.MixinCamera from mod justzoom: Class version 69 required is higher than the class version supported by the current version of Mixin (JAVA_17 supports class version 61)
[07Aug2026 18:36:41.578] [Render thread/DEBUG] [mixin/]: Mixing core.render.frustum.CameraMixin from sodium-common.mixins.json into net.minecraft.client.Camera
[07Aug2026 18:36:41.578] [Render thread/DEBUG] [mixin/]: sodium-common.mixins.json:core.render.frustum.CameraMixin from mod sodium: Class version 69 required is higher than the class version supported by the current version of Mixin (JAVA_17 supports class version 61)
[07Aug2026 18:36:41.579] [Render thread/DEBUG] [mixin/]: Mixing CameraMixin from ok_zoomer.mixins.json into net.minecraft.client.Camera
[07Aug2026 18:36:41.581] [Render thread/DEBUG] [mixin/]: justzoom.mixins.json:client.MixinCamera from mod justzoom->@Inject::return_calculateFov_JustZoom(FLorg/spongepowered/asm/mixin/injection/callback/CallbackInfoReturnable;)V does use it's CallbackInfoReturnable
[07Aug2026 18:36:41.581] [Render thread/DEBUG] [mixin/]: justzoom.mixins.json:client.MixinCamera from mod justzoom->@Inject::return_calculateFov_JustZoom(FLorg/spongepowered/asm/mixin/injection/callback/CallbackInfoReturnable;)V does use it's CallbackInfoReturnable
[07Aug2026 18:36:41.581] [Render thread/DEBUG] [mixin/]: sodium-common.mixins.json:core.render.frustum.CameraMixin from mod sodium->@Inject::editMatrix(Lorg/spongepowered/asm/mixin/injection/callback/CallbackInfoReturnable;)V does use it's CallbackInfoReturnable
[07Aug2026 18:36:41.581] [Render thread/DEBUG] [mixin/]: ok_zoomer.mixins.json:CameraMixin from mod ok_zoomer->@Inject::tickInstances(Lorg/spongepowered/asm/mixin/injection/callback/CallbackInfo;)V doesn't use it's CallbackInfo
[07Aug2026 18:36:41.581] [Render thread/DEBUG] [mixin/]: ok_zoomer.mixins.json:CameraMixin from mod ok_zoomer->@Inject::tickInstances(Lorg/spongepowered/asm/mixin/injection/callback/CallbackInfo;)V has 0 override(s) in child classes
[07Aug2026 18:36:41.581] [Render thread/DEBUG] [mixin/]: ok_zoomer.mixins.json:CameraMixin from mod ok_zoomer->@Inject::tickInstances(Lorg/spongepowered/asm/mixin/injection/callback/CallbackInfo;)V won't be passed a CallbackInfo as a result
[07Aug2026 18:36:41.592] [Render thread/DEBUG] [mixin/]: Mixing features.render.entity.shadows.ShadowFeatureRendererMixin from sodium-common.mixins.json into net.minecraft.client.renderer.feature.ShadowFeatureRenderer
[07Aug2026 18:36:41.592] [Render thread/DEBUG] [mixin/]: sodium-common.mixins.json:features.render.entity.shadows.ShadowFeatureRendererMixin from mod sodium: Class version 69 required is higher than the class version supported by the current version of Mixin (JAVA_17 supports class version 61)
[07Aug2026 18:36:41.593] [Render thread/DEBUG] [mixin/]: sodium-common.mixins.json:features.render.entity.shadows.ShadowFeatureRendererMixin from mod sodium->@Inject::renderShadowPartFast(Lnet/minecraft/client/renderer/SubmitNodeCollection;Lnet/minecraft/client/renderer/MultiBufferSource$BufferSource;Lorg/spongepowered/asm/mixin/injection/callback/CallbackInfo;)V does use it's CallbackInfo
[07Aug2026 18:36:41.595] [Render thread/DEBUG] [mixin/]: Mixing entity_render_context.MixinFlameFeatureRenderer from mixins.iris.json into net.minecraft.client.renderer.feature.FlameFeatureRenderer
[07Aug2026 18:36:41.595] [Render thread/DEBUG] [mixin/]: mixins.iris.json:entity_render_context.MixinFlameFeatureRenderer from mod iris: Class version 69 required is higher than the class version supported by the current version of Mixin (JAVA_8 supports class version 52)
[07Aug2026 18:36:41.595] [Render thread/DEBUG] [mixin/]: mixins.iris.json:entity_render_context.MixinFlameFeatureRenderer from mod iris->@Inject::iris$setFlame(Lnet/minecraft/client/renderer/SubmitNodeCollection;Lnet/minecraft/client/renderer/MultiBufferSource$BufferSource;Lnet/minecraft/client/resources/model/sprite/AtlasManager;Lorg/spongepowered/asm/mixin/injection/callback/CallbackInfo;)V doesn't use it's CallbackInfo
[07Aug2026 18:36:41.595] [Render thread/DEBUG] [mixin/]: mixins.iris.json:entity_render_context.MixinFlameFeatureRenderer from mod iris->@Inject::iris$setFlame(Lnet/minecraft/client/renderer/SubmitNodeCollection;Lnet/minecraft/client/renderer/MultiBufferSource$BufferSource;Lnet/minecraft/client/resources/model/sprite/AtlasManager;Lorg/spongepowered/asm/mixin/injection/callback/CallbackInfo;)V has 0 override(s) in child classes
[07Aug2026 18:36:41.595] [Render thread/DEBUG] [mixin/]: mixins.iris.json:entity_render_context.MixinFlameFeatureRenderer from mod iris->@Inject::iris$setFlame(Lnet/minecraft/client/renderer/SubmitNodeCollection;Lnet/minecraft/client/renderer/MultiBufferSource$BufferSource;Lnet/minecraft/client/resources/model/sprite/AtlasManager;Lorg/spongepowered/asm/mixin/injection/callback/CallbackInfo;)V won't be passed a CallbackInfo as a result
[07Aug2026 18:36:41.595] [Render thread/DEBUG] [mixin/]: mixins.iris.json:entity_render_context.MixinFlameFeatureRenderer from mod iris->@Inject::iris$setFlame2(Lnet/minecraft/client/renderer/SubmitNodeCollection;Lnet/minecraft/client/renderer/MultiBufferSource$BufferSource;Lnet/minecraft/client/resources/model/sprite/AtlasManager;Lorg/spongepowered/asm/mixin/injection/callback/CallbackInfo;)V doesn't use it's CallbackInfo
[07Aug2026 18:36:41.596] [Render thread/DEBUG] [mixin/]: mixins.iris.json:entity_render_context.MixinFlameFeatureRenderer from mod iris->@Inject::iris$setFlame2(Lnet/minecraft/client/renderer/SubmitNodeCollection;Lnet/minecraft/client/renderer/MultiBufferSource$BufferSource;Lnet/minecraft/client/resources/model/sprite/AtlasManager;Lorg/spongepowered/asm/mixin/injection/callback/CallbackInfo;)V has 0 override(s) in child classes
[07Aug2026 18:36:41.596] [Render thread/DEBUG] [mixin/]: mixins.iris.json:entity_render_context.MixinFlameFeatureRenderer from mod iris->@Inject::iris$setFlame2(Lnet/minecraft/client/renderer/SubmitNodeCollection;Lnet/minecraft/client/renderer/MultiBufferSource$BufferSource;Lnet/minecraft/client/resources/model/sprite/AtlasManager;Lorg/spongepowered/asm/mixin/injection/callback/CallbackInfo;)V won't be passed a CallbackInfo as a result
[07Aug2026 18:36:41.596] [Render thread/DEBUG] [mixin/]: Mixing entity_render_context.MixinModelFeatureRenderer from mixins.iris.json into net.minecraft.client.renderer.feature.ModelFeatureRenderer
[07Aug2026 18:36:41.597] [Render thread/DEBUG] [mixin/]: mixins.iris.json:entity_render_context.MixinModelFeatureRenderer from mod iris: Class version 69 required is higher than the class version supported by the current version of Mixin (JAVA_8 supports class version 52)
[07Aug2026 18:36:41.599] [Render thread/DEBUG] [mixin/]: mixins.iris.json:entity_render_context.MixinModelFeatureRenderer from mod iris->@Inject::iris$set(Lnet/minecraft/client/renderer/MultiBufferSource$BufferSource;Lnet/minecraft/client/renderer/OutlineBufferSource;Ljava/util/List;Lnet/minecraft/client/renderer/MultiBufferSource$BufferSource;Lorg/spongepowered/asm/mixin/injection/callback/CallbackInfo;)V doesn't use it's CallbackInfo
[07Aug2026 18:36:41.599] [Render thread/DEBUG] [mixin/]: mixins.iris.json:entity_render_context.MixinModelFeatureRenderer from mod iris->@Inject::iris$set(Lnet/minecraft/client/renderer/MultiBufferSource$BufferSource;Lnet/minecraft/client/renderer/OutlineBufferSource;Ljava/util/List;Lnet/minecraft/client/renderer/MultiBufferSource$BufferSource;Lorg/spongepowered/asm/mixin/injection/callback/CallbackInfo;)V has 0 override(s) in child classes
[07Aug2026 18:36:41.599] [Render thread/DEBUG] [mixin/]: mixins.iris.json:entity_render_context.MixinModelFeatureRenderer from mod iris->@Inject::iris$set(Lnet/minecraft/client/renderer/MultiBufferSource$BufferSource;Lnet/minecraft/client/renderer/OutlineBufferSource;Ljava/util/List;Lnet/minecraft/client/renderer/MultiBufferSource$BufferSource;Lorg/spongepowered/asm/mixin/injection/callback/CallbackInfo;)V won't be passed a CallbackInfo as a result
[07Aug2026 18:36:41.599] [Render thread/DEBUG] [mixin/]: mixins.iris.json:entity_render_context.MixinModelFeatureRenderer from mod iris->@Inject::iris$set2(Lnet/minecraft/client/renderer/MultiBufferSource$BufferSource;Lnet/minecraft/client/renderer/OutlineBufferSource;Ljava/util/Map;Lnet/minecraft/client/renderer/MultiBufferSource$BufferSource;Lorg/spongepowered/asm/mixin/injection/callback/CallbackInfo;)V doesn't use it's CallbackInfo
[07Aug2026 18:36:41.599] [Render thread/DEBUG] [mixin/]: mixins.iris.json:entity_render_context.MixinModelFeatureRenderer from mod iris->@Inject::iris$set2(Lnet/minecraft/client/renderer/MultiBufferSource$BufferSource;Lnet/minecraft/client/renderer/OutlineBufferSource;Ljava/util/Map;Lnet/minecraft/client/renderer/MultiBufferSource$BufferSource;Lorg/spongepowered/asm/mixin/injection/callback/CallbackInfo;)V has 0 override(s) in child classes
[07Aug2026 18:36:41.599] [Render thread/DEBUG] [mixin/]: mixins.iris.json:entity_render_context.MixinModelFeatureRenderer from mod iris->@Inject::iris$set2(Lnet/minecraft/client/renderer/MultiBufferSource$BufferSource;Lnet/minecraft/client/renderer/OutlineBufferSource;Ljava/util/Map;Lnet/minecraft/client/renderer/MultiBufferSource$BufferSource;Lorg/spongepowered/asm/mixin/injection/callback/CallbackInfo;)V won't be passed a CallbackInfo as a result
[07Aug2026 18:36:41.599] [Render thread/DEBUG] [mixin/]: mixins.iris.json:entity_render_context.MixinModelFeatureRenderer from mod iris->@Inject::iris$clear(Lorg/spongepowered/asm/mixin/injection/callback/CallbackInfo;)V doesn't use it's CallbackInfo
[07Aug2026 18:36:41.600] [Render thread/DEBUG] [mixin/]: mixins.iris.json:entity_render_context.MixinModelFeatureRenderer from mod iris->@Inject::iris$clear(Lorg/spongepowered/asm/mixin/injection/callback/CallbackInfo;)V has 0 override(s) in child classes
[07Aug2026 18:36:41.600] [Render thread/DEBUG] [mixin/]: mixins.iris.json:entity_render_context.MixinModelFeatureRenderer from mod iris->@Inject::iris$clear(Lorg/spongepowered/asm/mixin/injection/callback/CallbackInfo;)V won't be passed a CallbackInfo as a result
[07Aug2026 18:36:41.600] [Render thread/DEBUG] [mixin/]: mixins.iris.json:entity_render_context.MixinModelFeatureRenderer from mod iris->@Inject::iris$clear(Lorg/spongepowered/asm/mixin/injection/callback/CallbackInfo;)V doesn't use it's CallbackInfo
[07Aug2026 18:36:41.600] [Render thread/DEBUG] [mixin/]: mixins.iris.json:entity_render_context.MixinModelFeatureRenderer from mod iris->@Inject::iris$clear(Lorg/spongepowered/asm/mixin/injection/callback/CallbackInfo;)V has 0 override(s) in child classes
[07Aug2026 18:36:41.600] [Render thread/DEBUG] [mixin/]: mixins.iris.json:entity_render_context.MixinModelFeatureRenderer from mod iris->@Inject::iris$clear(Lorg/spongepowered/asm/mixin/injection/callback/CallbackInfo;)V won't be passed a CallbackInfo as a result
[07Aug2026 18:36:41.602] [Render thread/DEBUG] [mixin/]: Mixing entity_render_context.MixinModelPartFeatureRenderer from mixins.iris.json into net.minecraft.client.renderer.feature.ModelPartFeatureRenderer
[07Aug2026 18:36:41.602] [Render thread/DEBUG] [mixin/]: mixins.iris.json:entity_render_context.MixinModelPartFeatureRenderer from mod iris: Class version 69 required is higher than the class version supported by the current version of Mixin (JAVA_8 supports class version 52)
[07Aug2026 18:36:41.605] [Render thread/DEBUG] [mixin/]: mixins.iris.json:entity_render_context.MixinModelPartFeatureRenderer from mod iris->@Inject::iris$set(Ljava/util/Map;Lnet/minecraft/client/renderer/MultiBufferSource$BufferSource;Lnet/minecraft/client/renderer/OutlineBufferSource;Lnet/minecraft/client/renderer/MultiBufferSource$BufferSource;Lorg/spongepowered/asm/mixin/injection/callback/CallbackInfo;)V doesn't use it's CallbackInfo
[07Aug2026 18:36:41.605] [Render thread/DEBUG] [mixin/]: mixins.iris.json:entity_render_context.MixinModelPartFeatureRenderer from mod iris->@Inject::iris$set(Ljava/util/Map;Lnet/minecraft/client/renderer/MultiBufferSource$BufferSource;Lnet/minecraft/client/renderer/OutlineBufferSource;Lnet/minecraft/client/renderer/MultiBufferSource$BufferSource;Lorg/spongepowered/asm/mixin/injection/callback/CallbackInfo;)V has 0 override(s) in child classes
[07Aug2026 18:36:41.605] [Render thread/DEBUG] [mixin/]: mixins.iris.json:entity_render_context.MixinModelPartFeatureRenderer from mod iris->@Inject::iris$set(Ljava/util/Map;Lnet/minecraft/client/renderer/MultiBufferSource$BufferSource;Lnet/minecraft/client/renderer/OutlineBufferSource;Lnet/minecraft/client/renderer/MultiBufferSource$BufferSource;Lorg/spongepowered/asm/mixin/injection/callback/CallbackInfo;)V won't be passed a CallbackInfo as a result
[07Aug2026 18:36:41.605] [Render thread/DEBUG] [mixin/]: mixins.iris.json:entity_render_context.MixinModelPartFeatureRenderer from mod iris->@Inject::iris$set(Ljava/util/Map;Lnet/minecraft/client/renderer/MultiBufferSource$BufferSource;Lnet/minecraft/client/renderer/OutlineBufferSource;Lnet/minecraft/client/renderer/MultiBufferSource$BufferSource;Lorg/spongepowered/asm/mixin/injection/callback/CallbackInfo;)V doesn't use it's CallbackInfo
[07Aug2026 18:36:41.605] [Render thread/DEBUG] [mixin/]: mixins.iris.json:entity_render_context.MixinModelPartFeatureRenderer from mod iris->@Inject::iris$set(Ljava/util/Map;Lnet/minecraft/client/renderer/MultiBufferSource$BufferSource;Lnet/minecraft/client/renderer/OutlineBufferSource;Lnet/minecraft/client/renderer/MultiBufferSource$BufferSource;Lorg/spongepowered/asm/mixin/injection/callback/CallbackInfo;)V has 0 override(s) in child classes
[07Aug2026 18:36:41.605] [Render thread/DEBUG] [mixin/]: mixins.iris.json:entity_render_context.MixinModelPartFeatureRenderer from mod iris->@Inject::iris$set(Ljava/util/Map;Lnet/minecraft/client/renderer/MultiBufferSource$BufferSource;Lnet/minecraft/client/renderer/OutlineBufferSource;Lnet/minecraft/client/renderer/MultiBufferSource$BufferSource;Lorg/spongepowered/asm/mixin/injection/callback/CallbackInfo;)V won't be passed a CallbackInfo as a result
[07Aug2026 18:36:41.605] [Render thread/DEBUG] [mixin/]: mixins.iris.json:entity_render_context.MixinModelPartFeatureRenderer from mod iris->@Inject::iris$set(Ljava/util/Map;Lnet/minecraft/client/renderer/MultiBufferSource$BufferSource;Lnet/minecraft/client/renderer/OutlineBufferSource;Lnet/minecraft/client/renderer/MultiBufferSource$BufferSource;Lorg/spongepowered/asm/mixin/injection/callback/CallbackInfo;)V doesn't use it's CallbackInfo
[07Aug2026 18:36:41.605] [Render thread/DEBUG] [mixin/]: mixins.iris.json:entity_render_context.MixinModelPartFeatureRenderer from mod iris->@Inject::iris$set(Ljava/util/Map;Lnet/minecraft/client/renderer/MultiBufferSource$BufferSource;Lnet/minecraft/client/renderer/OutlineBufferSource;Lnet/minecraft/client/renderer/MultiBufferSource$BufferSource;Lorg/spongepowered/asm/mixin/injection/callback/CallbackInfo;)V has 0 override(s) in child classes
[07Aug2026 18:36:41.605] [Render thread/DEBUG] [mixin/]: mixins.iris.json:entity_render_context.MixinModelPartFeatureRenderer from mod iris->@Inject::iris$set(Ljava/util/Map;Lnet/minecraft/client/renderer/MultiBufferSource$BufferSource;Lnet/minecraft/client/renderer/OutlineBufferSource;Lnet/minecraft/client/renderer/MultiBufferSource$BufferSource;Lorg/spongepowered/asm/mixin/injection/callback/CallbackInfo;)V won't be passed a CallbackInfo as a result
[07Aug2026 18:36:41.605] [Render thread/DEBUG] [mixin/]: mixins.iris.json:entity_render_context.MixinModelPartFeatureRenderer from mod iris->@Inject::iris$clear(Ljava/util/Map;Lnet/minecraft/client/renderer/MultiBufferSource$BufferSource;Lnet/minecraft/client/renderer/OutlineBufferSource;Lnet/minecraft/client/renderer/MultiBufferSource$BufferSource;Lorg/spongepowered/asm/mixin/injection/callback/CallbackInfo;)V doesn't use it's CallbackInfo
[07Aug2026 18:36:41.605] [Render thread/DEBUG] [mixin/]: mixins.iris.json:entity_render_context.MixinModelPartFeatureRenderer from mod iris->@Inject::iris$clear(Ljava/util/Map;Lnet/minecraft/client/renderer/MultiBufferSource$BufferSource;Lnet/minecraft/client/renderer/OutlineBufferSource;Lnet/minecraft/client/renderer/MultiBufferSource$BufferSource;Lorg/spongepowered/asm/mixin/injection/callback/CallbackInfo;)V has 0 override(s) in child classes
[07Aug2026 18:36:41.605] [Render thread/DEBUG] [mixin/]: mixins.iris.json:entity_render_context.MixinModelPartFeatureRenderer from mod iris->@Inject::iris$clear(Ljava/util/Map;Lnet/minecraft/client/renderer/MultiBufferSource$BufferSource;Lnet/minecraft/client/renderer/OutlineBufferSource;Lnet/minecraft/client/renderer/MultiBufferSource$BufferSource;Lorg/spongepowered/asm/mixin/injection/callback/CallbackInfo;)V won't be passed a CallbackInfo as a result
[07Aug2026 18:36:41.606] [Render thread/DEBUG] [mixin/]: Mixing entity_render_context.MixinEntityRenderer from mixins.iris.json into net.minecraft.client.renderer.feature.NameTagFeatureRenderer
[07Aug2026 18:36:41.606] [Render thread/DEBUG] [mixin/]: mixins.iris.json:entity_render_context.MixinEntityRenderer from mod iris: Class version 69 required is higher than the class version supported by the current version of Mixin (JAVA_8 supports class version 52)
[07Aug2026 18:36:41.607] [Render thread/DEBUG] [mixin/]: mixins.iris.json:entity_render_context.MixinEntityRenderer from mod iris->@Inject::setNameTagId(Lnet/minecraft/client/renderer/SubmitNodeCollection;Lnet/minecraft/client/renderer/MultiBufferSource$BufferSource;Lnet/minecraft/client/gui/Font;Lorg/spongepowered/asm/mixin/injection/callback/CallbackInfo;)V doesn't use it's CallbackInfo
[07Aug2026 18:36:41.607] [Render thread/DEBUG] [mixin/]: mixins.iris.json:entity_render_context.MixinEntityRenderer from mod iris->@Inject::setNameTagId(Lnet/minecraft/client/renderer/SubmitNodeCollection;Lnet/minecraft/client/renderer/MultiBufferSource$BufferSource;Lnet/minecraft/client/gui/Font;Lorg/spongepowered/asm/mixin/injection/callback/CallbackInfo;)V has 0 override(s) in child classes
[07Aug2026 18:36:41.607] [Render thread/DEBUG] [mixin/]: mixins.iris.json:entity_render_context.MixinEntityRenderer from mod iris->@Inject::setNameTagId(Lnet/minecraft/client/renderer/SubmitNodeCollection;Lnet/minecraft/client/renderer/MultiBufferSource$BufferSource;Lnet/minecraft/client/gui/Font;Lorg/spongepowered/asm/mixin/injection/callback/CallbackInfo;)V won't be passed a CallbackInfo as a result
[07Aug2026 18:36:41.607] [Render thread/DEBUG] [mixin/]: mixins.iris.json:entity_render_context.MixinEntityRenderer from mod iris->@Inject::resetId(Lnet/minecraft/client/renderer/SubmitNodeCollection;Lnet/minecraft/client/renderer/MultiBufferSource$BufferSource;Lnet/minecraft/client/gui/Font;Lorg/spongepowered/asm/mixin/injection/callback/CallbackInfo;)V doesn't use it's CallbackInfo
[07Aug2026 18:36:41.607] [Render thread/DEBUG] [mixin/]: mixins.iris.json:entity_render_context.MixinEntityRenderer from mod iris->@Inject::resetId(Lnet/minecraft/client/renderer/SubmitNodeCollection;Lnet/minecraft/client/renderer/MultiBufferSource$BufferSource;Lnet/minecraft/client/gui/Font;Lorg/spongepowered/asm/mixin/injection/callback/CallbackInfo;)V has 0 override(s) in child classes
[07Aug2026 18:36:41.607] [Render thread/DEBUG] [mixin/]: mixins.iris.json:entity_render_context.MixinEntityRenderer from mod iris->@Inject::resetId(Lnet/minecraft/client/renderer/SubmitNodeCollection;Lnet/minecraft/client/renderer/MultiBufferSource$BufferSource;Lnet/minecraft/client/gui/Font;Lorg/spongepowered/asm/mixin/injection/callback/CallbackInfo;)V won't be passed a CallbackInfo as a result
[07Aug2026 18:36:41.608] [Render thread/DEBUG] [mixin/]: Mixing entity_render_context.MixinTextFeatureRenderer from mixins.iris.json into net.minecraft.client.renderer.feature.TextFeatureRenderer
[07Aug2026 18:36:41.608] [Render thread/DEBUG] [mixin/]: mixins.iris.json:entity_render_context.MixinTextFeatureRenderer from mod iris: Class version 69 required is higher than the class version supported by the current version of Mixin (JAVA_8 supports class version 52)
[07Aug2026 18:36:41.609] [Render thread/DEBUG] [mixin/]: mixins.iris.json:entity_render_context.MixinTextFeatureRenderer from mod iris->@Inject::iris$set(Lnet/minecraft/client/renderer/SubmitNodeCollection;Lnet/minecraft/client/renderer/MultiBufferSource$BufferSource;Lorg/spongepowered/asm/mixin/injection/callback/CallbackInfo;)V doesn't use it's CallbackInfo
[07Aug2026 18:36:41.609] [Render thread/DEBUG] [mixin/]: mixins.iris.json:entity_render_context.MixinTextFeatureRenderer from mod iris->@Inject::iris$set(Lnet/minecraft/client/renderer/SubmitNodeCollection;Lnet/minecraft/client/renderer/MultiBufferSource$BufferSource;Lorg/spongepowered/asm/mixin/injection/callback/CallbackInfo;)V has 0 override(s) in child classes
[07Aug2026 18:36:41.609] [Render thread/DEBUG] [mixin/]: mixins.iris.json:entity_render_context.MixinTextFeatureRenderer from mod iris->@Inject::iris$set(Lnet/minecraft/client/renderer/SubmitNodeCollection;Lnet/minecraft/client/renderer/MultiBufferSource$BufferSource;Lorg/spongepowered/asm/mixin/injection/callback/CallbackInfo;)V won't be passed a CallbackInfo as a result
[07Aug2026 18:36:41.609] [Render thread/DEBUG] [mixin/]: mixins.iris.json:entity_render_context.MixinTextFeatureRenderer from mod iris->@Inject::iris$clear(Lnet/minecraft/client/renderer/SubmitNodeCollection;Lnet/minecraft/client/renderer/MultiBufferSource$BufferSource;Lorg/spongepowered/asm/mixin/injection/callback/CallbackInfo;)V doesn't use it's CallbackInfo
[07Aug2026 18:36:41.609] [Render thread/DEBUG] [mixin/]: mixins.iris.json:entity_render_context.MixinTextFeatureRenderer from mod iris->@Inject::iris$clear(Lnet/minecraft/client/renderer/SubmitNodeCollection;Lnet/minecraft/client/renderer/MultiBufferSource$BufferSource;Lorg/spongepowered/asm/mixin/injection/callback/CallbackInfo;)V has 0 override(s) in child classes
[07Aug2026 18:36:41.609] [Render thread/DEBUG] [mixin/]: mixins.iris.json:entity_render_context.MixinTextFeatureRenderer from mod iris->@Inject::iris$clear(Lnet/minecraft/client/renderer/SubmitNodeCollection;Lnet/minecraft/client/renderer/MultiBufferSource$BufferSource;Lorg/spongepowered/asm/mixin/injection/callback/CallbackInfo;)V won't be passed a CallbackInfo as a result
[07Aug2026 18:36:41.611] [Render thread/DEBUG] [mixin/]: Mixing entity_render_context.MixinCustomFeatureRenderer from mixins.iris.json into net.minecraft.client.renderer.feature.CustomFeatureRenderer
[07Aug2026 18:36:41.611] [Render thread/DEBUG] [mixin/]: mixins.iris.json:entity_render_context.MixinCustomFeatureRenderer from mod iris: Class version 69 required is higher than the class version supported by the current version of Mixin (JAVA_8 supports class version 52)
[07Aug2026 18:36:41.612] [Render thread/DEBUG] [mixin/]: mixins.iris.json:entity_render_context.MixinCustomFeatureRenderer from mod iris->@Inject::iris$set(Lnet/minecraft/client/renderer/SubmitNodeCollection;Lnet/minecraft/client/renderer/MultiBufferSource$BufferSource;Lorg/spongepowered/asm/mixin/injection/callback/CallbackInfo;)V doesn't use it's CallbackInfo
[07Aug2026 18:36:41.612] [Render thread/DEBUG] [mixin/]: mixins.iris.json:entity_render_context.MixinCustomFeatureRenderer from mod iris->@Inject::iris$set(Lnet/minecraft/client/renderer/SubmitNodeCollection;Lnet/minecraft/client/renderer/MultiBufferSource$BufferSource;Lorg/spongepowered/asm/mixin/injection/callback/CallbackInfo;)V has 0 override(s) in child classes
[07Aug2026 18:36:41.612] [Render thread/DEBUG] [mixin/]: mixins.iris.json:entity_render_context.MixinCustomFeatureRenderer from mod iris->@Inject::iris$set(Lnet/minecraft/client/renderer/SubmitNodeCollection;Lnet/minecraft/client/renderer/MultiBufferSource$BufferSource;Lorg/spongepowered/asm/mixin/injection/callback/CallbackInfo;)V won't be passed a CallbackInfo as a result
[07Aug2026 18:36:41.612] [Render thread/DEBUG] [mixin/]: mixins.iris.json:entity_render_context.MixinCustomFeatureRenderer from mod iris->@Inject::iris$set(Lnet/minecraft/client/renderer/SubmitNodeCollection;Lnet/minecraft/client/renderer/MultiBufferSource$BufferSource;Lorg/spongepowered/asm/mixin/injection/callback/CallbackInfo;)V doesn't use it's CallbackInfo
[07Aug2026 18:36:41.612] [Render thread/DEBUG] [mixin/]: mixins.iris.json:entity_render_context.MixinCustomFeatureRenderer from mod iris->@Inject::iris$set(Lnet/minecraft/client/renderer/SubmitNodeCollection;Lnet/minecraft/client/renderer/MultiBufferSource$BufferSource;Lorg/spongepowered/asm/mixin/injection/callback/CallbackInfo;)V has 0 override(s) in child classes
[07Aug2026 18:36:41.612] [Render thread/DEBUG] [mixin/]: mixins.iris.json:entity_render_context.MixinCustomFeatureRenderer from mod iris->@Inject::iris$set(Lnet/minecraft/client/renderer/SubmitNodeCollection;Lnet/minecraft/client/renderer/MultiBufferSource$BufferSource;Lorg/spongepowered/asm/mixin/injection/callback/CallbackInfo;)V won't be passed a CallbackInfo as a result
[07Aug2026 18:36:41.613] [Render thread/DEBUG] [mixin/]: mixins.iris.json:entity_render_context.MixinCustomFeatureRenderer from mod iris->@Inject::iris$clear(Lnet/minecraft/client/renderer/SubmitNodeCollection;Lnet/minecraft/client/renderer/MultiBufferSource$BufferSource;Lorg/spongepowered/asm/mixin/injection/callback/CallbackInfo;)V doesn't use it's CallbackInfo
[07Aug2026 18:36:41.613] [Render thread/DEBUG] [mixin/]: mixins.iris.json:entity_render_context.MixinCustomFeatureRenderer from mod iris->@Inject::iris$clear(Lnet/minecraft/client/renderer/SubmitNodeCollection;Lnet/minecraft/client/renderer/MultiBufferSource$BufferSource;Lorg/spongepowered/asm/mixin/injection/callback/CallbackInfo;)V has 0 override(s) in child classes
[07Aug2026 18:36:41.613] [Render thread/DEBUG] [mixin/]: mixins.iris.json:entity_render_context.MixinCustomFeatureRenderer from mod iris->@Inject::iris$clear(Lnet/minecraft/client/renderer/SubmitNodeCollection;Lnet/minecraft/client/renderer/MultiBufferSource$BufferSource;Lorg/spongepowered/asm/mixin/injection/callback/CallbackInfo;)V won't be passed a CallbackInfo as a result
[07Aug2026 18:36:41.613] [Render thread/DEBUG] [mixin/]: mixins.iris.json:entity_render_context.MixinCustomFeatureRenderer from mod iris->@Inject::iris$clear(Lnet/minecraft/client/renderer/SubmitNodeCollection;Lnet/minecraft/client/renderer/MultiBufferSource$BufferSource;Lorg/spongepowered/asm/mixin/injection/callback/CallbackInfo;)V doesn't use it's CallbackInfo
[07Aug2026 18:36:41.613] [Render thread/DEBUG] [mixin/]: mixins.iris.json:entity_render_context.MixinCustomFeatureRenderer from mod iris->@Inject::iris$clear(Lnet/minecraft/client/renderer/SubmitNodeCollection;Lnet/minecraft/client/renderer/MultiBufferSource$BufferSource;Lorg/spongepowered/asm/mixin/injection/callback/CallbackInfo;)V has 0 override(s) in child classes
[07Aug2026 18:36:41.613] [Render thread/DEBUG] [mixin/]: mixins.iris.json:entity_render_context.MixinCustomFeatureRenderer from mod iris->@Inject::iris$clear(Lnet/minecraft/client/renderer/SubmitNodeCollection;Lnet/minecraft/client/renderer/MultiBufferSource$BufferSource;Lorg/spongepowered/asm/mixin/injection/callback/CallbackInfo;)V won't be passed a CallbackInfo as a result
[07Aug2026 18:36:41.615] [Render thread/DEBUG] [mixin/]: Mixing MixinParticleEngine from mixins.iris.json into net.minecraft.client.renderer.feature.ParticleFeatureRenderer
[07Aug2026 18:36:41.616] [Render thread/DEBUG] [mixin/]: mixins.iris.json:MixinParticleEngine from mod iris: Class version 69 required is higher than the class version supported by the current version of Mixin (JAVA_8 supports class version 52)
[07Aug2026 18:36:41.616] [Render thread/DEBUG] [mixin/]: Renaming synthetic method lambda$iris$finishDrawingParticles$0(Lnet/irisshaders/iris/pipeline/WorldRenderingPipeline;)V to md02832a$iris$lambda$iris$finishDrawingParticles$0$0 in mixins.iris.json:MixinParticleEngine from mod iris
[07Aug2026 18:36:41.616] [Render thread/DEBUG] [mixin/]: Renaming synthetic method lambda$iris$beginDrawingParticles$0(Lnet/irisshaders/iris/pipeline/WorldRenderingPipeline;)V to md02832a$iris$lambda$iris$beginDrawingParticles$0$1 in mixins.iris.json:MixinParticleEngine from mod iris
[07Aug2026 18:36:41.616] [Render thread/DEBUG] [mixin/]: Mixing core.render.world.ParticleFeatureRendererMixin from sodium-common.mixins.json into net.minecraft.client.renderer.feature.ParticleFeatureRenderer
[07Aug2026 18:36:41.616] [Render thread/DEBUG] [mixin/]: sodium-common.mixins.json:core.render.world.ParticleFeatureRendererMixin from mod sodium: Class version 69 required is higher than the class version supported by the current version of Mixin (JAVA_17 supports class version 61)
[07Aug2026 18:36:41.617] [Render thread/DEBUG] [mixin/]: mixins.iris.json:MixinParticleEngine from mod iris->@Inject::iris$beginDrawingParticles(Lnet/minecraft/client/renderer/SubmitNodeCollection;ZLorg/spongepowered/asm/mixin/injection/callback/CallbackInfo;)V doesn't use it's CallbackInfo
[07Aug2026 18:36:41.617] [Render thread/DEBUG] [mixin/]: mixins.iris.json:MixinParticleEngine from mod iris->@Inject::iris$beginDrawingParticles(Lnet/minecraft/client/renderer/SubmitNodeCollection;ZLorg/spongepowered/asm/mixin/injection/callback/CallbackInfo;)V has 0 override(s) in child classes
[07Aug2026 18:36:41.617] [Render thread/DEBUG] [mixin/]: mixins.iris.json:MixinParticleEngine from mod iris->@Inject::iris$beginDrawingParticles(Lnet/minecraft/client/renderer/SubmitNodeCollection;ZLorg/spongepowered/asm/mixin/injection/callback/CallbackInfo;)V won't be passed a CallbackInfo as a result
[07Aug2026 18:36:41.617] [Render thread/DEBUG] [mixin/]: mixins.iris.json:MixinParticleEngine from mod iris->@Inject::iris$finishDrawingParticles(Lnet/minecraft/client/renderer/SubmitNodeCollection;ZLorg/spongepowered/asm/mixin/injection/callback/CallbackInfo;)V doesn't use it's CallbackInfo
[07Aug2026 18:36:41.617] [Render thread/DEBUG] [mixin/]: mixins.iris.json:MixinParticleEngine from mod iris->@Inject::iris$finishDrawingParticles(Lnet/minecraft/client/renderer/SubmitNodeCollection;ZLorg/spongepowered/asm/mixin/injection/callback/CallbackInfo;)V has 0 override(s) in child classes
[07Aug2026 18:36:41.617] [Render thread/DEBUG] [mixin/]: mixins.iris.json:MixinParticleEngine from mod iris->@Inject::iris$finishDrawingParticles(Lnet/minecraft/client/renderer/SubmitNodeCollection;ZLorg/spongepowered/asm/mixin/injection/callback/CallbackInfo;)V won't be passed a CallbackInfo as a result
[07Aug2026 18:36:41.617] [Render thread/DEBUG] [mixin/]: sodium-common.mixins.json:core.render.world.ParticleFeatureRendererMixin from mod sodium->@Inject::sodium$bindDefaultUniforms(Lcom/mojang/blaze3d/systems/RenderPass;Lorg/spongepowered/asm/mixin/injection/callback/CallbackInfo;)V doesn't use it's CallbackInfo
[07Aug2026 18:36:41.617] [Render thread/DEBUG] [mixin/]: sodium-common.mixins.json:core.render.world.ParticleFeatureRendererMixin from mod sodium->@Inject::sodium$bindDefaultUniforms(Lcom/mojang/blaze3d/systems/RenderPass;Lorg/spongepowered/asm/mixin/injection/callback/CallbackInfo;)V has 0 override(s) in child classes
[07Aug2026 18:36:41.617] [Render thread/DEBUG] [mixin/]: sodium-common.mixins.json:core.render.world.ParticleFeatureRendererMixin from mod sodium->@Inject::sodium$bindDefaultUniforms(Lcom/mojang/blaze3d/systems/RenderPass;Lorg/spongepowered/asm/mixin/injection/callback/CallbackInfo;)V won't be passed a CallbackInfo as a result
[07Aug2026 18:36:41.620] [Render thread/DEBUG] [mixin/]: Mixing MixinGuiRenderer from xaerohud.mixins.json into net.minecraft.client.gui.render.GuiRenderer
[07Aug2026 18:36:41.620] [Render thread/DEBUG] [mixin/]: xaerohud.mixins.json:MixinGuiRenderer from mod xaerominimap: Class version 69 required is higher than the class version supported by the current version of Mixin (JAVA_17 supports class version 61)
[07Aug2026 18:36:41.620] [Render thread/DEBUG] [mixin/]: Mixing MixinOptionalGuiRenderer from xaerohud.neoforge.mixins.json into net.minecraft.client.gui.render.GuiRenderer
[07Aug2026 18:36:41.620] [Render thread/DEBUG] [mixin/]: xaerohud.neoforge.mixins.json:MixinOptionalGuiRenderer from mod xaerominimap: Class version 69 required is higher than the class version supported by the current version of Mixin (JAVA_17 supports class version 61)
[07Aug2026 18:36:41.621] [Render thread/DEBUG] [mixin/]: Mixing MixinGuiRenderer from xaeroworldmap.mixins.json into net.minecraft.client.gui.render.GuiRenderer
[07Aug2026 18:36:41.621] [Render thread/DEBUG] [mixin/]: xaeroworldmap.mixins.json:MixinGuiRenderer from mod xaeroworldmap: Class version 69 required is higher than the class version supported by the current version of Mixin (JAVA_17 supports class version 61)
[07Aug2026 18:36:41.623] [Render thread/DEBUG] [mixin/]: xaerohud.neoforge.mixins.json:MixinOptionalGuiRenderer from mod xaerominimap->@Inject::onClose(Lorg/spongepowered/asm/mixin/injection/callback/CallbackInfo;)V doesn't use it's CallbackInfo
[07Aug2026 18:36:41.623] [Render thread/DEBUG] [mixin/]: xaerohud.neoforge.mixins.json:MixinOptionalGuiRenderer from mod xaerominimap->@Inject::onClose(Lorg/spongepowered/asm/mixin/injection/callback/CallbackInfo;)V has 0 override(s) in child classes
[07Aug2026 18:36:41.623] [Render thread/DEBUG] [mixin/]: xaerohud.neoforge.mixins.json:MixinOptionalGuiRenderer from mod xaerominimap->@Inject::onClose(Lorg/spongepowered/asm/mixin/injection/callback/CallbackInfo;)V won't be passed a CallbackInfo as a result
[07Aug2026 18:36:41.634] [Render thread/DEBUG] [mixin/]: Mixing MixinBufferBuilder from mixins.iris.vertexformat.json into com.mojang.blaze3d.vertex.BufferBuilder
[07Aug2026 18:36:41.634] [Render thread/DEBUG] [mixin/]: mixins.iris.vertexformat.json:MixinBufferBuilder from mod iris: Class version 69 required is higher than the class version supported by the current version of Mixin (JAVA_8 supports class version 52)
[07Aug2026 18:36:41.635] [Render thread/DEBUG] [mixin/]: Mixing core.render.immediate.consumer.BufferBuilderMixin from sodium-common.mixins.json into com.mojang.blaze3d.vertex.BufferBuilder
[07Aug2026 18:36:41.635] [Render thread/DEBUG] [mixin/]: sodium-common.mixins.json:core.render.immediate.consumer.BufferBuilderMixin from mod sodium: Class version 69 required is higher than the class version supported by the current version of Mixin (JAVA_17 supports class version 61)
[07Aug2026 18:36:41.636] [Render thread/DEBUG] [mixin/]: Mixing features.render.immediate.buffer_builder.intrinsics.BufferBuilderMixin from sodium-common.mixins.json into com.mojang.blaze3d.vertex.BufferBuilder
[07Aug2026 18:36:41.636] [Render thread/DEBUG] [mixin/]: sodium-common.mixins.json:features.render.immediate.buffer_builder.intrinsics.BufferBuilderMixin from mod sodium: Class version 69 required is higher than the class version supported by the current version of Mixin (JAVA_17 supports class version 61)
[07Aug2026 18:36:41.636] [Render thread/DEBUG] [mixin/]: Mixing block_rendering.MixinBufferBuilder_SeparateAo from mixins.iris.vertexformat.json into com.mojang.blaze3d.vertex.BufferBuilder
[07Aug2026 18:36:41.636] [Render thread/DEBUG] [mixin/]: mixins.iris.vertexformat.json:block_rendering.MixinBufferBuilder_SeparateAo from mod iris: Class version 69 required is higher than the class version supported by the current version of Mixin (JAVA_8 supports class version 52)
[07Aug2026 18:36:41.639] [Render thread/DEBUG] [mixin/]: mixins.iris.vertexformat.json:MixinBufferBuilder from mod iris->@Inject::injectMidBlock(FFFLorg/spongepowered/asm/mixin/injection/callback/CallbackInfoReturnable;)V doesn't use it's CallbackInfoReturnable
[07Aug2026 18:36:41.640] [Render thread/DEBUG] [mixin/]: mixins.iris.vertexformat.json:MixinBufferBuilder from mod iris->@Inject::injectMidBlock(FFFLorg/spongepowered/asm/mixin/injection/callback/CallbackInfoReturnable;)V has 0 override(s) in child classes
[07Aug2026 18:36:41.640] [Render thread/DEBUG] [mixin/]: mixins.iris.vertexformat.json:MixinBufferBuilder from mod iris->@Inject::injectMidBlock(FFFLorg/spongepowered/asm/mixin/injection/callback/CallbackInfoReturnable;)V won't be passed a CallbackInfoReturnable as a result
[07Aug2026 18:36:41.640] [Render thread/DEBUG] [mixin/]: mixins.iris.vertexformat.json:MixinBufferBuilder from mod iris->@Inject::iris$skipSodiumChange(Lorg/spongepowered/asm/mixin/injection/callback/CallbackInfo;)V doesn't use it's CallbackInfo
[07Aug2026 18:36:41.640] [Render thread/DEBUG] [mixin/]: mixins.iris.vertexformat.json:MixinBufferBuilder from mod iris->@Inject::iris$skipSodiumChange(Lorg/spongepowered/asm/mixin/injection/callback/CallbackInfo;)V has 0 override(s) in child classes
[07Aug2026 18:36:41.640] [Render thread/DEBUG] [mixin/]: mixins.iris.vertexformat.json:MixinBufferBuilder from mod iris->@Inject::iris$skipSodiumChange(Lorg/spongepowered/asm/mixin/injection/callback/CallbackInfo;)V won't be passed a CallbackInfo as a result
[07Aug2026 18:36:41.640] [Render thread/DEBUG] [mixin/]: mixins.iris.vertexformat.json:MixinBufferBuilder from mod iris->@Inject::iris$beforeNext(Lorg/spongepowered/asm/mixin/injection/callback/CallbackInfo;)V doesn't use it's CallbackInfo
[07Aug2026 18:36:41.640] [Render thread/DEBUG] [mixin/]: mixins.iris.vertexformat.json:MixinBufferBuilder from mod iris->@Inject::iris$beforeNext(Lorg/spongepowered/asm/mixin/injection/callback/CallbackInfo;)V has 0 override(s) in child classes
[07Aug2026 18:36:41.640] [Render thread/DEBUG] [mixin/]: mixins.iris.vertexformat.json:MixinBufferBuilder from mod iris->@Inject::iris$beforeNext(Lorg/spongepowered/asm/mixin/injection/callback/CallbackInfo;)V won't be passed a CallbackInfo as a result
[07Aug2026 18:36:41.645] [Render thread/DEBUG] [mixin/]: Mixing features.render.immediate.buffer_builder.sorting.MeshDataAccessor from sodium-common.mixins.json into com.mojang.blaze3d.vertex.MeshData
[07Aug2026 18:36:41.645] [Render thread/DEBUG] [mixin/]: sodium-common.mixins.json:features.render.immediate.buffer_builder.sorting.MeshDataAccessor from mod sodium: Class version 69 required is higher than the class version supported by the current version of Mixin (JAVA_17 supports class version 61)
[07Aug2026 18:36:41.647] [Render thread/DEBUG] [mixin/]: Mixing MixinScreenEffectRenderer from mixins.iris.json into net.minecraft.client.renderer.ScreenEffectRenderer
[07Aug2026 18:36:41.647] [Render thread/DEBUG] [mixin/]: mixins.iris.json:MixinScreenEffectRenderer from mod iris: Class version 69 required is higher than the class version supported by the current version of Mixin (JAVA_8 supports class version 52)
[07Aug2026 18:36:41.648] [Render thread/DEBUG] [mixin/]: mixins.iris.json:MixinScreenEffectRenderer from mod iris->@Inject::iris$disableUnderWaterOverlayRendering(Lnet/minecraft/client/Minecraft;Lcom/mojang/blaze3d/vertex/PoseStack;Lnet/minecraft/client/renderer/MultiBufferSource;Lorg/spongepowered/asm/mixin/injection/callback/CallbackInfo;)V does use it's CallbackInfo
[07Aug2026 18:36:41.649] [Render thread/INFO] [Iris/]: Hardware information:
[07Aug2026 18:36:41.649] [Render thread/INFO] [Iris/]: CPU: 16x AMD Ryzen 7 3800X 8-Core Processor
[07Aug2026 18:36:41.649] [Render thread/INFO] [Iris/]: GPU: NVIDIA GeForce RTX 3060/PCIe/SSE2 (Supports OpenGL 3.3.0 NVIDIA 595.84)
[07Aug2026 18:36:41.649] [Render thread/INFO] [Iris/]: OS: Linux (7.0.0-29-generic)
[07Aug2026 18:36:41.651] [Render thread/DEBUG] [mixin/]: Mixing immediate.MixinLevelRenderer from mixins.iris.vertexformat.json into net.minecraft.client.renderer.LevelRenderer
[07Aug2026 18:36:41.651] [Render thread/DEBUG] [mixin/]: mixins.iris.vertexformat.json:immediate.MixinLevelRenderer from mod iris: Class version 69 required is higher than the class version supported by the current version of Mixin (JAVA_8 supports class version 52)
[07Aug2026 18:36:41.651] [Render thread/DEBUG] [mixin/]: Mixing LevelRendererAccessor from mixins.iris.json into net.minecraft.client.renderer.LevelRenderer
[07Aug2026 18:36:41.651] [Render thread/DEBUG] [mixin/]: mixins.iris.json:LevelRendererAccessor from mod iris: Class version 69 required is higher than the class version supported by the current version of Mixin (JAVA_8 supports class version 52)
[07Aug2026 18:36:41.651] [Render thread/DEBUG] [mixin/]: Mixing MixinLevelRenderer from mixins.iris.json into net.minecraft.client.renderer.LevelRenderer
[07Aug2026 18:36:41.652] [Render thread/DEBUG] [mixin/]: mixins.iris.json:MixinLevelRenderer from mod iris: Class version 69 required is higher than the class version supported by the current version of Mixin (JAVA_8 supports class version 52)
[07Aug2026 18:36:41.652] [Render thread/DEBUG] [mixin/]: Renaming synthetic method lambda$iris$endSky$0(Lnet/irisshaders/iris/pipeline/WorldRenderingPipeline;)V to md02832a$iris$lambda$iris$endSky$0$0 in mixins.iris.json:MixinLevelRenderer from mod iris
[07Aug2026 18:36:41.652] [Render thread/DEBUG] [mixin/]: Renaming synthetic method lambda$iris$beginSky$0(Lnet/irisshaders/iris/pipeline/WorldRenderingPipeline;)V to md02832a$iris$lambda$iris$beginSky$0$1 in mixins.iris.json:MixinLevelRenderer from mod iris
[07Aug2026 18:36:41.652] [Render thread/DEBUG] [mixin/]: Renaming synthetic method lambda$iris$endLevelRender$0(Lnet/irisshaders/iris/UpdateChecker$BetaInfo;)V to md02832a$iris$lambda$iris$endLevelRender$0$2 in mixins.iris.json:MixinLevelRenderer from mod iris
[07Aug2026 18:36:41.652] [Render thread/DEBUG] [mixin/]: Renaming synthetic method lambda$iris$beginLevelRender$0()V to md02832a$iris$lambda$iris$beginLevelRender$0$3 in mixins.iris.json:MixinLevelRenderer from mod iris
[07Aug2026 18:36:41.652] [Render thread/DEBUG] [mixin/]: Mixing MixinLevelRenderer_SkipRendering from mixins.iris.json into net.minecraft.client.renderer.LevelRenderer
[07Aug2026 18:36:41.652] [Render thread/DEBUG] [mixin/]: mixins.iris.json:MixinLevelRenderer_SkipRendering from mod iris: Class version 69 required is higher than the class version supported by the current version of Mixin (JAVA_8 supports class version 52)
[07Aug2026 18:36:41.653] [Render thread/DEBUG] [mixin/]: Mixing MixinLevelRenderer_Sky from mixins.iris.json into net.minecraft.client.renderer.LevelRenderer
[07Aug2026 18:36:41.653] [Render thread/DEBUG] [mixin/]: mixins.iris.json:MixinLevelRenderer_Sky from mod iris: Class version 69 required is higher than the class version supported by the current version of Mixin (JAVA_8 supports class version 52)
[07Aug2026 18:36:41.653] [Render thread/DEBUG] [mixin/]: Mixing fabulous.MixinDisableFabulousGraphics from mixins.iris.json into net.minecraft.client.renderer.LevelRenderer
[07Aug2026 18:36:41.653] [Render thread/DEBUG] [mixin/]: mixins.iris.json:fabulous.MixinDisableFabulousGraphics from mod iris: Class version 69 required is higher than the class version supported by the current version of Mixin (JAVA_8 supports class version 52)
[07Aug2026 18:36:41.653] [Render thread/DEBUG] [mixin/]: Mixing shadows.MixinLevelRenderer from mixins.iris.json into net.minecraft.client.renderer.LevelRenderer
[07Aug2026 18:36:41.653] [Render thread/DEBUG] [mixin/]: mixins.iris.json:shadows.MixinLevelRenderer from mod iris: Class version 69 required is higher than the class version supported by the current version of Mixin (JAVA_8 supports class version 52)
[07Aug2026 18:36:41.653] [Render thread/DEBUG] [mixin/]: Mixing MixinLevelRenderer from mixins.iris.forge.json into net.minecraft.client.renderer.LevelRenderer
[07Aug2026 18:36:41.653] [Render thread/DEBUG] [mixin/]: mixins.iris.forge.json:MixinLevelRenderer from mod iris: Class version 69 required is higher than the class version supported by the current version of Mixin (JAVA_8 supports class version 52)
[07Aug2026 18:36:41.653] [Render thread/DEBUG] [mixin/]: Mixing core.render.world.LevelRendererMixin from sodium-common.mixins.json into net.minecraft.client.renderer.LevelRenderer
[07Aug2026 18:36:41.653] [Render thread/DEBUG] [mixin/]: sodium-common.mixins.json:core.render.world.LevelRendererMixin from mod sodium: Class version 69 required is higher than the class version supported by the current version of Mixin (JAVA_17 supports class version 61)
[07Aug2026 18:36:41.654] [Render thread/DEBUG] [mixin/]: Mixing platform.neoforge.LevelRendererMixin from sodium-neoforge.mixins.json into net.minecraft.client.renderer.LevelRenderer
[07Aug2026 18:36:41.654] [Render thread/DEBUG] [mixin/]: sodium-neoforge.mixins.json:platform.neoforge.LevelRendererMixin from mod sodium: Class version 69 required is higher than the class version supported by the current version of Mixin (JAVA_17 supports class version 61)
[07Aug2026 18:36:41.654] [Render thread/DEBUG] [mixin/]: Mixing distance.LevelRendererMixin from ok_zoomer.mixins.json into net.minecraft.client.renderer.LevelRenderer
[07Aug2026 18:36:41.654] [Render thread/DEBUG] [mixin/]: Mixing shadows.MixinPreventRebuildNearInShadowPass from mixins.iris.json into net.minecraft.client.renderer.LevelRenderer
[07Aug2026 18:36:41.654] [Render thread/DEBUG] [mixin/]: mixins.iris.json:shadows.MixinPreventRebuildNearInShadowPass from mod iris: Class version 69 required is higher than the class version supported by the current version of Mixin (JAVA_8 supports class version 52)
[07Aug2026 18:36:41.662] [Render thread/DEBUG] [mixin/]: mixins.iris.vertexformat.json:immediate.MixinLevelRenderer from mod iris->@Inject::iris$immediateStateBeginLevelRender(Lcom/mojang/blaze3d/resource/GraphicsResourceAllocator;Lnet/minecraft/client/DeltaTracker;ZLnet/minecraft/client/renderer/state/level/CameraRenderState;Lorg/joml/Matrix4fc;Lcom/mojang/blaze3d/buffers/GpuBufferSlice;Lorg/joml/Vector4f;ZLnet/minecraft/client/renderer/chunk/ChunkSectionsToRender;Lorg/spongepowered/asm/mixin/injection/callback/CallbackInfo;)V doesn't use it's CallbackInfo
[07Aug2026 18:36:41.662] [Render thread/DEBUG] [mixin/]: mixins.iris.vertexformat.json:immediate.MixinLevelRenderer from mod iris->@Inject::iris$immediateStateBeginLevelRender(Lcom/mojang/blaze3d/resource/GraphicsResourceAllocator;Lnet/minecraft/client/DeltaTracker;ZLnet/minecraft/client/renderer/state/level/CameraRenderState;Lorg/joml/Matrix4fc;Lcom/mojang/blaze3d/buffers/GpuBufferSlice;Lorg/joml/Vector4f;ZLnet/minecraft/client/renderer/chunk/ChunkSectionsToRender;Lorg/spongepowered/asm/mixin/injection/callback/CallbackInfo;)V has 0 override(s) in child classes
[07Aug2026 18:36:41.662] [Render thread/DEBUG] [mixin/]: mixins.iris.vertexformat.json:immediate.MixinLevelRenderer from mod iris->@Inject::iris$immediateStateBeginLevelRender(Lcom/mojang/blaze3d/resource/GraphicsResourceAllocator;Lnet/minecraft/client/DeltaTracker;ZLnet/minecraft/client/renderer/state/level/CameraRenderState;Lorg/joml/Matrix4fc;Lcom/mojang/blaze3d/buffers/GpuBufferSlice;Lorg/joml/Vector4f;ZLnet/minecraft/client/renderer/chunk/ChunkSectionsToRender;Lorg/spongepowered/asm/mixin/injection/callback/CallbackInfo;)V won't be passed a CallbackInfo as a result
[07Aug2026 18:36:41.663] [Render thread/DEBUG] [mixin/]: mixins.iris.vertexformat.json:immediate.MixinLevelRenderer from mod iris->@Inject::iris$immediateStateEndLevelRender(Lcom/mojang/blaze3d/resource/GraphicsResourceAllocator;Lnet/minecraft/client/DeltaTracker;ZLnet/minecraft/client/renderer/state/level/CameraRenderState;Lorg/joml/Matrix4fc;Lcom/mojang/blaze3d/buffers/GpuBufferSlice;Lorg/joml/Vector4f;ZLnet/minecraft/client/renderer/chunk/ChunkSectionsToRender;Lorg/spongepowered/asm/mixin/injection/callback/CallbackInfo;)V doesn't use it's CallbackInfo
[07Aug2026 18:36:41.663] [Render thread/DEBUG] [mixin/]: mixins.iris.vertexformat.json:immediate.MixinLevelRenderer from mod iris->@Inject::iris$immediateStateEndLevelRender(Lcom/mojang/blaze3d/resource/GraphicsResourceAllocator;Lnet/minecraft/client/DeltaTracker;ZLnet/minecraft/client/renderer/state/level/CameraRenderState;Lorg/joml/Matrix4fc;Lcom/mojang/blaze3d/buffers/GpuBufferSlice;Lorg/joml/Vector4f;ZLnet/minecraft/client/renderer/chunk/ChunkSectionsToRender;Lorg/spongepowered/asm/mixin/injection/callback/CallbackInfo;)V has 0 override(s) in child classes
[07Aug2026 18:36:41.663] [Render thread/DEBUG] [mixin/]: mixins.iris.vertexformat.json:immediate.MixinLevelRenderer from mod iris->@Inject::iris$immediateStateEndLevelRender(Lcom/mojang/blaze3d/resource/GraphicsResourceAllocator;Lnet/minecraft/client/DeltaTracker;ZLnet/minecraft/client/renderer/state/level/CameraRenderState;Lorg/joml/Matrix4fc;Lcom/mojang/blaze3d/buffers/GpuBufferSlice;Lorg/joml/Vector4f;ZLnet/minecraft/client/renderer/chunk/ChunkSectionsToRender;Lorg/spongepowered/asm/mixin/injection/callback/CallbackInfo;)V won't be passed a CallbackInfo as a result
[07Aug2026 18:36:41.663] [Render thread/DEBUG] [mixin/]: mixins.iris.json:MixinLevelRenderer from mod iris->@Inject::iris$setupPipeline(Lcom/mojang/blaze3d/resource/GraphicsResourceAllocator;Lnet/minecraft/client/DeltaTracker;ZLnet/minecraft/client/renderer/state/level/CameraRenderState;Lorg/joml/Matrix4fc;Lcom/mojang/blaze3d/buffers/GpuBufferSlice;Lorg/joml/Vector4f;ZLnet/minecraft/client/renderer/chunk/ChunkSectionsToRender;Lorg/spongepowered/asm/mixin/injection/callback/CallbackInfo;)V doesn't use it's CallbackInfo
[07Aug2026 18:36:41.663] [Render thread/DEBUG] [mixin/]: mixins.iris.json:MixinLevelRenderer from mod iris->@Inject::iris$setupPipeline(Lcom/mojang/blaze3d/resource/GraphicsResourceAllocator;Lnet/minecraft/client/DeltaTracker;ZLnet/minecraft/client/renderer/state/level/CameraRenderState;Lorg/joml/Matrix4fc;Lcom/mojang/blaze3d/buffers/GpuBufferSlice;Lorg/joml/Vector4f;ZLnet/minecraft/client/renderer/chunk/ChunkSectionsToRender;Lorg/spongepowered/asm/mixin/injection/callback/CallbackInfo;)V has 0 override(s) in child classes
[07Aug2026 18:36:41.663] [Render thread/DEBUG] [mixin/]: mixins.iris.json:MixinLevelRenderer from mod iris->@Inject::iris$setupPipeline(Lcom/mojang/blaze3d/resource/GraphicsResourceAllocator;Lnet/minecraft/client/DeltaTracker;ZLnet/minecraft/client/renderer/state/level/CameraRenderState;Lorg/joml/Matrix4fc;Lcom/mojang/blaze3d/buffers/GpuBufferSlice;Lorg/joml/Vector4f;ZLnet/minecraft/client/renderer/chunk/ChunkSectionsToRender;Lorg/spongepowered/asm/mixin/injection/callback/CallbackInfo;)V won't be passed a CallbackInfo as a result
[07Aug2026 18:36:41.663] [Render thread/DEBUG] [mixin/]: mixins.iris.json:MixinLevelRenderer from mod iris->@Inject::iris$beginLevelRender(Lcom/mojang/blaze3d/resource/GraphicsResourceAllocator;Lnet/minecraft/client/DeltaTracker;ZLnet/minecraft/client/renderer/state/level/CameraRenderState;Lorg/joml/Matrix4fc;Lcom/mojang/blaze3d/buffers/GpuBufferSlice;Lorg/joml/Vector4f;ZLnet/minecraft/client/renderer/chunk/ChunkSectionsToRender;Lorg/spongepowered/asm/mixin/injection/callback/CallbackInfo;)V doesn't use it's CallbackInfo
[07Aug2026 18:36:41.663] [Render thread/DEBUG] [mixin/]: mixins.iris.json:MixinLevelRenderer from mod iris->@Inject::iris$beginLevelRender(Lcom/mojang/blaze3d/resource/GraphicsResourceAllocator;Lnet/minecraft/client/DeltaTracker;ZLnet/minecraft/client/renderer/state/level/CameraRenderState;Lorg/joml/Matrix4fc;Lcom/mojang/blaze3d/buffers/GpuBufferSlice;Lorg/joml/Vector4f;ZLnet/minecraft/client/renderer/chunk/ChunkSectionsToRender;Lorg/spongepowered/asm/mixin/injection/callback/CallbackInfo;)V has 0 override(s) in child classes
[07Aug2026 18:36:41.663] [Render thread/DEBUG] [mixin/]: mixins.iris.json:MixinLevelRenderer from mod iris->@Inject::iris$beginLevelRender(Lcom/mojang/blaze3d/resource/GraphicsResourceAllocator;Lnet/minecraft/client/DeltaTracker;ZLnet/minecraft/client/renderer/state/level/CameraRenderState;Lorg/joml/Matrix4fc;Lcom/mojang/blaze3d/buffers/GpuBufferSlice;Lorg/joml/Vector4f;ZLnet/minecraft/client/renderer/chunk/ChunkSectionsToRender;Lorg/spongepowered/asm/mixin/injection/callback/CallbackInfo;)V won't be passed a CallbackInfo as a result
[07Aug2026 18:36:41.663] [Render thread/DEBUG] [mixin/]: mixins.iris.json:MixinLevelRenderer from mod iris->@Inject::iris$endLevelRender(Lcom/mojang/blaze3d/resource/GraphicsResourceAllocator;Lnet/minecraft/client/DeltaTracker;ZLnet/minecraft/client/renderer/state/level/CameraRenderState;Lorg/joml/Matrix4fc;Lcom/mojang/blaze3d/buffers/GpuBufferSlice;Lorg/joml/Vector4f;ZLnet/minecraft/client/renderer/chunk/ChunkSectionsToRender;Lorg/spongepowered/asm/mixin/injection/callback/CallbackInfo;)V doesn't use it's CallbackInfo
[07Aug2026 18:36:41.663] [Render thread/DEBUG] [mixin/]: mixins.iris.json:MixinLevelRenderer from mod iris->@Inject::iris$endLevelRender(Lcom/mojang/blaze3d/resource/GraphicsResourceAllocator;Lnet/minecraft/client/DeltaTracker;ZLnet/minecraft/client/renderer/state/level/CameraRenderState;Lorg/joml/Matrix4fc;Lcom/mojang/blaze3d/buffers/GpuBufferSlice;Lorg/joml/Vector4f;ZLnet/minecraft/client/renderer/chunk/ChunkSectionsToRender;Lorg/spongepowered/asm/mixin/injection/callback/CallbackInfo;)V has 0 override(s) in child classes
[07Aug2026 18:36:41.663] [Render thread/DEBUG] [mixin/]: mixins.iris.json:MixinLevelRenderer from mod iris->@Inject::iris$endLevelRender(Lcom/mojang/blaze3d/resource/GraphicsResourceAllocator;Lnet/minecraft/client/DeltaTracker;ZLnet/minecraft/client/renderer/state/level/CameraRenderState;Lorg/joml/Matrix4fc;Lcom/mojang/blaze3d/buffers/GpuBufferSlice;Lorg/joml/Vector4f;ZLnet/minecraft/client/renderer/chunk/ChunkSectionsToRender;Lorg/spongepowered/asm/mixin/injection/callback/CallbackInfo;)V won't be passed a CallbackInfo as a result
[07Aug2026 18:36:41.663] [Render thread/DEBUG] [mixin/]: mixins.iris.json:MixinLevelRenderer from mod iris->@Inject::iris$renderTerrainShadows(Lcom/mojang/blaze3d/resource/GraphicsResourceAllocator;Lnet/minecraft/client/DeltaTracker;ZLnet/minecraft/client/renderer/state/level/CameraRenderState;Lorg/joml/Matrix4fc;Lcom/mojang/blaze3d/buffers/GpuBufferSlice;Lorg/joml/Vector4f;ZLnet/minecraft/client/renderer/chunk/ChunkSectionsToRender;Lorg/spongepowered/asm/mixin/injection/callback/CallbackInfo;)V doesn't use it's CallbackInfo
[07Aug2026 18:36:41.663] [Render thread/DEBUG] [mixin/]: mixins.iris.json:MixinLevelRenderer from mod iris->@Inject::iris$renderTerrainShadows(Lcom/mojang/blaze3d/resource/GraphicsResourceAllocator;Lnet/minecraft/client/DeltaTracker;ZLnet/minecraft/client/renderer/state/level/CameraRenderState;Lorg/joml/Matrix4fc;Lcom/mojang/blaze3d/buffers/GpuBufferSlice;Lorg/joml/Vector4f;ZLnet/minecraft/client/renderer/chunk/ChunkSectionsToRender;Lorg/spongepowered/asm/mixin/injection/callback/CallbackInfo;)V has 0 override(s) in child classes
[07Aug2026 18:36:41.663] [Render thread/DEBUG] [mixin/]: mixins.iris.json:MixinLevelRenderer from mod iris->@Inject::iris$renderTerrainShadows(Lcom/mojang/blaze3d/resource/GraphicsResourceAllocator;Lnet/minecraft/client/DeltaTracker;ZLnet/minecraft/client/renderer/state/level/CameraRenderState;Lorg/joml/Matrix4fc;Lcom/mojang/blaze3d/buffers/GpuBufferSlice;Lorg/joml/Vector4f;ZLnet/minecraft/client/renderer/chunk/ChunkSectionsToRender;Lorg/spongepowered/asm/mixin/injection/callback/CallbackInfo;)V won't be passed a CallbackInfo as a result
[07Aug2026 18:36:41.663] [Render thread/DEBUG] [mixin/]: mixins.iris.json:MixinLevelRenderer from mod iris->@Inject::iris$beginSky(Lorg/spongepowered/asm/mixin/injection/callback/CallbackInfo;)V doesn't use it's CallbackInfo
[07Aug2026 18:36:41.663] [Render thread/DEBUG] [mixin/]: mixins.iris.json:MixinLevelRenderer from mod iris->@Inject::iris$endSky(Lorg/spongepowered/asm/mixin/injection/callback/CallbackInfo;)V doesn't use it's CallbackInfo
[07Aug2026 18:36:41.663] [Render thread/DEBUG] [mixin/]: mixins.iris.json:MixinLevelRenderer from mod iris->@Inject::iris$beginClouds(Lorg/spongepowered/asm/mixin/injection/callback/CallbackInfo;)V doesn't use it's CallbackInfo
[07Aug2026 18:36:41.663] [Render thread/DEBUG] [mixin/]: mixins.iris.json:MixinLevelRenderer from mod iris->@Inject::iris$beginClouds(Lorg/spongepowered/asm/mixin/injection/callback/CallbackInfo;)V has 0 override(s) in child classes
[07Aug2026 18:36:41.663] [Render thread/DEBUG] [mixin/]: mixins.iris.json:MixinLevelRenderer from mod iris->@Inject::iris$beginClouds(Lorg/spongepowered/asm/mixin/injection/callback/CallbackInfo;)V won't be passed a CallbackInfo as a result
[07Aug2026 18:36:41.663] [Render thread/DEBUG] [mixin/]: mixins.iris.json:MixinLevelRenderer from mod iris->@Inject::iris$endClouds(Lorg/spongepowered/asm/mixin/injection/callback/CallbackInfo;)V doesn't use it's CallbackInfo
[07Aug2026 18:36:41.663] [Render thread/DEBUG] [mixin/]: mixins.iris.json:MixinLevelRenderer from mod iris->@Inject::iris$endClouds(Lorg/spongepowered/asm/mixin/injection/callback/CallbackInfo;)V has 0 override(s) in child classes
[07Aug2026 18:36:41.663] [Render thread/DEBUG] [mixin/]: mixins.iris.json:MixinLevelRenderer from mod iris->@Inject::iris$endClouds(Lorg/spongepowered/asm/mixin/injection/callback/CallbackInfo;)V won't be passed a CallbackInfo as a result
[07Aug2026 18:36:41.663] [Render thread/DEBUG] [mixin/]: mixins.iris.json:MixinLevelRenderer from mod iris->@Inject::iris$beginWeather(Lorg/spongepowered/asm/mixin/injection/callback/CallbackInfo;)V doesn't use it's CallbackInfo
[07Aug2026 18:36:41.663] [Render thread/DEBUG] [mixin/]: mixins.iris.json:MixinLevelRenderer from mod iris->@Inject::iris$beginWeather(Lorg/spongepowered/asm/mixin/injection/callback/CallbackInfo;)V has 0 override(s) in child classes
[07Aug2026 18:36:41.663] [Render thread/DEBUG] [mixin/]: mixins.iris.json:MixinLevelRenderer from mod iris->@Inject::iris$beginWeather(Lorg/spongepowered/asm/mixin/injection/callback/CallbackInfo;)V won't be passed a CallbackInfo as a result
[07Aug2026 18:36:41.663] [Render thread/DEBUG] [mixin/]: mixins.iris.json:MixinLevelRenderer from mod iris->@Inject::iris$beginWorldBorder(Lorg/spongepowered/asm/mixin/injection/callback/CallbackInfo;)V doesn't use it's CallbackInfo
[07Aug2026 18:36:41.663] [Render thread/DEBUG] [mixin/]: mixins.iris.json:MixinLevelRenderer from mod iris->@Inject::iris$beginWorldBorder(Lorg/spongepowered/asm/mixin/injection/callback/CallbackInfo;)V has 0 override(s) in child classes
[07Aug2026 18:36:41.663] [Render thread/DEBUG] [mixin/]: mixins.iris.json:MixinLevelRenderer from mod iris->@Inject::iris$beginWorldBorder(Lorg/spongepowered/asm/mixin/injection/callback/CallbackInfo;)V won't be passed a CallbackInfo as a result
[07Aug2026 18:36:41.663] [Render thread/DEBUG] [mixin/]: mixins.iris.json:MixinLevelRenderer from mod iris->@Inject::iris$endWeather(Lorg/spongepowered/asm/mixin/injection/callback/CallbackInfo;)V doesn't use it's CallbackInfo
[07Aug2026 18:36:41.663] [Render thread/DEBUG] [mixin/]: mixins.iris.json:MixinLevelRenderer from mod iris->@Inject::iris$endWeather(Lorg/spongepowered/asm/mixin/injection/callback/CallbackInfo;)V has 0 override(s) in child classes
[07Aug2026 18:36:41.663] [Render thread/DEBUG] [mixin/]: mixins.iris.json:MixinLevelRenderer from mod iris->@Inject::iris$endWeather(Lorg/spongepowered/asm/mixin/injection/callback/CallbackInfo;)V won't be passed a CallbackInfo as a result
[07Aug2026 18:36:41.664] [Render thread/DEBUG] [mixin/]: mixins.iris.json:MixinLevelRenderer from mod iris->@Inject::iris$beginTranslucents(Lorg/spongepowered/asm/mixin/injection/callback/CallbackInfo;)V doesn't use it's CallbackInfo
[07Aug2026 18:36:41.664] [Render thread/DEBUG] [mixin/]: mixins.iris.json:MixinLevelRenderer from mod iris->@Inject::iris$beginTranslucents(Lorg/spongepowered/asm/mixin/injection/callback/CallbackInfo;)V has 0 override(s) in child classes
[07Aug2026 18:36:41.664] [Render thread/DEBUG] [mixin/]: mixins.iris.json:MixinLevelRenderer from mod iris->@Inject::iris$beginTranslucents(Lorg/spongepowered/asm/mixin/injection/callback/CallbackInfo;)V won't be passed a CallbackInfo as a result
[07Aug2026 18:36:41.664] [Render thread/DEBUG] [mixin/]: mixins.iris.json:MixinLevelRenderer_Sky from mod iris->@Inject::preRenderSky(Lorg/spongepowered/asm/mixin/injection/callback/CallbackInfo;)V does use it's CallbackInfo
[07Aug2026 18:36:41.664] [Render thread/DEBUG] [mixin/]: mixins.iris.json:fabulous.MixinDisableFabulousGraphics from mod iris->@Inject::iris$disableFabulousGraphicsOnResourceReload(Lorg/spongepowered/asm/mixin/injection/callback/CallbackInfo;)V doesn't use it's CallbackInfo
[07Aug2026 18:36:41.664] [Render thread/DEBUG] [mixin/]: mixins.iris.json:fabulous.MixinDisableFabulousGraphics from mod iris->@Inject::iris$disableFabulousGraphicsOnResourceReload(Lorg/spongepowered/asm/mixin/injection/callback/CallbackInfo;)V has 0 override(s) in child classes
[07Aug2026 18:36:41.664] [Render thread/DEBUG] [mixin/]: mixins.iris.json:fabulous.MixinDisableFabulousGraphics from mod iris->@Inject::iris$disableFabulousGraphicsOnResourceReload(Lorg/spongepowered/asm/mixin/injection/callback/CallbackInfo;)V won't be passed a CallbackInfo as a result
[07Aug2026 18:36:41.664] [Render thread/DEBUG] [mixin/]: mixins.iris.json:fabulous.MixinDisableFabulousGraphics from mod iris->@Inject::iris$disableFabulousGraphicsOnLevelRendererReload(Lorg/spongepowered/asm/mixin/injection/callback/CallbackInfo;)V doesn't use it's CallbackInfo
[07Aug2026 18:36:41.664] [Render thread/DEBUG] [mixin/]: mixins.iris.json:fabulous.MixinDisableFabulousGraphics from mod iris->@Inject::iris$disableFabulousGraphicsOnLevelRendererReload(Lorg/spongepowered/asm/mixin/injection/callback/CallbackInfo;)V has 0 override(s) in child classes
[07Aug2026 18:36:41.664] [Render thread/DEBUG] [mixin/]: mixins.iris.json:fabulous.MixinDisableFabulousGraphics from mod iris->@Inject::iris$disableFabulousGraphicsOnLevelRendererReload(Lorg/spongepowered/asm/mixin/injection/callback/CallbackInfo;)V won't be passed a CallbackInfo as a result
[07Aug2026 18:36:41.664] [Render thread/DEBUG] [mixin/]: sodium-common.mixins.json:core.render.world.LevelRendererMixin from mod sodium->@Inject::init(Lnet/minecraft/client/Minecraft;Lnet/minecraft/client/renderer/entity/EntityRenderDispatcher;Lnet/minecraft/client/renderer/blockentity/BlockEntityRenderDispatcher;Lnet/minecraft/client/renderer/RenderBuffers;Lnet/minecraft/client/renderer/state/GameRenderState;Lnet/minecraft/client/renderer/feature/FeatureRenderDispatcher;Lorg/spongepowered/asm/mixin/injection/callback/CallbackInfo;)V doesn't use it's CallbackInfo
[07Aug2026 18:36:41.664] [Render thread/DEBUG] [mixin/]: sodium-common.mixins.json:core.render.world.LevelRendererMixin from mod sodium->@Inject::init(Lnet/minecraft/client/Minecraft;Lnet/minecraft/client/renderer/entity/EntityRenderDispatcher;Lnet/minecraft/client/renderer/blockentity/BlockEntityRenderDispatcher;Lnet/minecraft/client/renderer/RenderBuffers;Lnet/minecraft/client/renderer/state/GameRenderState;Lnet/minecraft/client/renderer/feature/FeatureRenderDispatcher;Lorg/spongepowered/asm/mixin/injection/callback/CallbackInfo;)V has 0 override(s) in child classes
[07Aug2026 18:36:41.664] [Render thread/DEBUG] [mixin/]: sodium-common.mixins.json:core.render.world.LevelRendererMixin from mod sodium->@Inject::init(Lnet/minecraft/client/Minecraft;Lnet/minecraft/client/renderer/entity/EntityRenderDispatcher;Lnet/minecraft/client/renderer/blockentity/BlockEntityRenderDispatcher;Lnet/minecraft/client/renderer/RenderBuffers;Lnet/minecraft/client/renderer/state/GameRenderState;Lnet/minecraft/client/renderer/feature/FeatureRenderDispatcher;Lorg/spongepowered/asm/mixin/injection/callback/CallbackInfo;)V won't be passed a CallbackInfo as a result
[07Aug2026 18:36:41.664] [Render thread/DEBUG] [mixin/]: sodium-common.mixins.json:core.render.world.LevelRendererMixin from mod sodium->@Inject::onWorldChanged(Lnet/minecraft/client/multiplayer/ClientLevel;Lorg/spongepowered/asm/mixin/injection/callback/CallbackInfo;)V doesn't use it's CallbackInfo
[07Aug2026 18:36:41.664] [Render thread/DEBUG] [mixin/]: sodium-common.mixins.json:core.render.world.LevelRendererMixin from mod sodium->@Inject::onWorldChanged(Lnet/minecraft/client/multiplayer/ClientLevel;Lorg/spongepowered/asm/mixin/injection/callback/CallbackInfo;)V has 0 override(s) in child classes
[07Aug2026 18:36:41.664] [Render thread/DEBUG] [mixin/]: sodium-common.mixins.json:core.render.world.LevelRendererMixin from mod sodium->@Inject::onWorldChanged(Lnet/minecraft/client/multiplayer/ClientLevel;Lorg/spongepowered/asm/mixin/injection/callback/CallbackInfo;)V won't be passed a CallbackInfo as a result
[07Aug2026 18:36:41.664] [Render thread/DEBUG] [mixin/]: sodium-common.mixins.json:core.render.world.LevelRendererMixin from mod sodium->@Inject::sodium$endFrame(Lorg/spongepowered/asm/mixin/injection/callback/CallbackInfo;)V doesn't use it's CallbackInfo
[07Aug2026 18:36:41.664] [Render thread/DEBUG] [mixin/]: sodium-common.mixins.json:core.render.world.LevelRendererMixin from mod sodium->@Inject::sodium$endFrame(Lorg/spongepowered/asm/mixin/injection/callback/CallbackInfo;)V has 0 override(s) in child classes
[07Aug2026 18:36:41.664] [Render thread/DEBUG] [mixin/]: sodium-common.mixins.json:core.render.world.LevelRendererMixin from mod sodium->@Inject::sodium$endFrame(Lorg/spongepowered/asm/mixin/injection/callback/CallbackInfo;)V won't be passed a CallbackInfo as a result
[07Aug2026 18:36:41.664] [Render thread/DEBUG] [mixin/]: sodium-common.mixins.json:core.render.world.LevelRendererMixin from mod sodium->@Inject::onTerrainUpdateScheduled(Lorg/spongepowered/asm/mixin/injection/callback/CallbackInfo;)V doesn't use it's CallbackInfo
[07Aug2026 18:36:41.664] [Render thread/DEBUG] [mixin/]: sodium-common.mixins.json:core.render.world.LevelRendererMixin from mod sodium->@Inject::onTerrainUpdateScheduled(Lorg/spongepowered/asm/mixin/injection/callback/CallbackInfo;)V has 0 override(s) in child classes
[07Aug2026 18:36:41.664] [Render thread/DEBUG] [mixin/]: sodium-common.mixins.json:core.render.world.LevelRendererMixin from mod sodium->@Inject::onTerrainUpdateScheduled(Lorg/spongepowered/asm/mixin/injection/callback/CallbackInfo;)V won't be passed a CallbackInfo as a result
[07Aug2026 18:36:41.664] [Render thread/DEBUG] [mixin/]: sodium-common.mixins.json:core.render.world.LevelRendererMixin from mod sodium->@Inject::getRenderState(Lcom/mojang/blaze3d/resource/GraphicsResourceAllocator;Lnet/minecraft/client/DeltaTracker;ZLnet/minecraft/client/renderer/state/level/CameraRenderState;Lorg/joml/Matrix4fc;Lcom/mojang/blaze3d/buffers/GpuBufferSlice;Lorg/joml/Vector4f;ZLnet/minecraft/client/renderer/chunk/ChunkSectionsToRender;Lorg/spongepowered/asm/mixin/injection/callback/CallbackInfo;)V doesn't use it's CallbackInfo
[07Aug2026 18:36:41.664] [Render thread/DEBUG] [mixin/]: sodium-common.mixins.json:core.render.world.LevelRendererMixin from mod sodium->@Inject::getRenderState(Lcom/mojang/blaze3d/resource/GraphicsResourceAllocator;Lnet/minecraft/client/DeltaTracker;ZLnet/minecraft/client/renderer/state/level/CameraRenderState;Lorg/joml/Matrix4fc;Lcom/mojang/blaze3d/buffers/GpuBufferSlice;Lorg/joml/Vector4f;ZLnet/minecraft/client/renderer/chunk/ChunkSectionsToRender;Lorg/spongepowered/asm/mixin/injection/callback/CallbackInfo;)V has 0 override(s) in child classes
[07Aug2026 18:36:41.664] [Render thread/DEBUG] [mixin/]: sodium-common.mixins.json:core.render.world.LevelRendererMixin from mod sodium->@Inject::getRenderState(Lcom/mojang/blaze3d/resource/GraphicsResourceAllocator;Lnet/minecraft/client/DeltaTracker;ZLnet/minecraft/client/renderer/state/level/CameraRenderState;Lorg/joml/Matrix4fc;Lcom/mojang/blaze3d/buffers/GpuBufferSlice;Lorg/joml/Vector4f;ZLnet/minecraft/client/renderer/chunk/ChunkSectionsToRender;Lorg/spongepowered/asm/mixin/injection/callback/CallbackInfo;)V won't be passed a CallbackInfo as a result
[07Aug2026 18:36:41.664] [Render thread/DEBUG] [mixin/]: sodium-common.mixins.json:core.render.world.LevelRendererMixin from mod sodium->@Inject::onReload(Lorg/spongepowered/asm/mixin/injection/callback/CallbackInfo;)V doesn't use it's CallbackInfo
[07Aug2026 18:36:41.664] [Render thread/DEBUG] [mixin/]: sodium-common.mixins.json:core.render.world.LevelRendererMixin from mod sodium->@Inject::onReload(Lorg/spongepowered/asm/mixin/injection/callback/CallbackInfo;)V has 0 override(s) in child classes
[07Aug2026 18:36:41.664] [Render thread/DEBUG] [mixin/]: sodium-common.mixins.json:core.render.world.LevelRendererMixin from mod sodium->@Inject::onReload(Lorg/spongepowered/asm/mixin/injection/callback/CallbackInfo;)V won't be passed a CallbackInfo as a result
[07Aug2026 18:36:41.664] [Render thread/DEBUG] [mixin/]: sodium-common.mixins.json:core.render.world.LevelRendererMixin from mod sodium->@Inject::extractVisibleBlockEntities(Lnet/minecraft/client/Camera;FLnet/minecraft/client/renderer/state/level/LevelRenderState;Lorg/spongepowered/asm/mixin/injection/callback/CallbackInfo;)V does use it's CallbackInfo
[07Aug2026 18:36:41.664] [Render thread/DEBUG] [mixin/]: sodium-common.mixins.json:core.render.world.LevelRendererMixin from mod sodium->@Inject::replaceBlockEntityIteration(Ljava/util/function/Consumer;Lorg/spongepowered/asm/mixin/injection/callback/CallbackInfo;)V does use it's CallbackInfo
[07Aug2026 18:36:41.665] [Render thread/DEBUG] [mixin/]: sodium-neoforge.mixins.json:platform.neoforge.LevelRendererMixin from mod sodium->@Inject::extractVisibleBlockEntities$neoForge(Lnet/minecraft/client/Camera;FLnet/minecraft/client/renderer/state/level/LevelRenderState;Lnet/minecraft/client/renderer/culling/Frustum;Lorg/spongepowered/asm/mixin/injection/callback/CallbackInfo;)V does use it's CallbackInfo
[07Aug2026 18:36:41.665] [Render thread/DEBUG] [mixin/]: mixins.iris.json:shadows.MixinPreventRebuildNearInShadowPass from mod iris->@Inject::iris$preventRebuildNearInShadowPass(Lnet/minecraft/client/Camera;Lnet/minecraft/client/renderer/culling/Frustum;ZLorg/spongepowered/asm/mixin/injection/callback/CallbackInfo;)V doesn't use it's CallbackInfo
[07Aug2026 18:36:41.665] [Render thread/DEBUG] [mixin/]: mixins.iris.json:shadows.MixinPreventRebuildNearInShadowPass from mod iris->@Inject::iris$preventRebuildNearInShadowPass(Lnet/minecraft/client/Camera;Lnet/minecraft/client/renderer/culling/Frustum;ZLorg/spongepowered/asm/mixin/injection/callback/CallbackInfo;)V has 0 override(s) in child classes
[07Aug2026 18:36:41.665] [Render thread/DEBUG] [mixin/]: mixins.iris.json:shadows.MixinPreventRebuildNearInShadowPass from mod iris->@Inject::iris$preventRebuildNearInShadowPass(Lnet/minecraft/client/Camera;Lnet/minecraft/client/renderer/culling/Frustum;ZLorg/spongepowered/asm/mixin/injection/callback/CallbackInfo;)V won't be passed a CallbackInfo as a result
[07Aug2026 18:36:41.679] [Render thread/DEBUG] [mixin/]: Mixing CloudRendererAccessor from mixins.iris.json into net.minecraft.client.renderer.CloudRenderer
[07Aug2026 18:36:41.680] [Render thread/DEBUG] [mixin/]: mixins.iris.json:CloudRendererAccessor from mod iris: Class version 69 required is higher than the class version supported by the current version of Mixin (JAVA_8 supports class version 52)
[07Aug2026 18:36:41.680] [Render thread/DEBUG] [mixin/]: Mixing features.render.world.clouds.CloudRendererMixin from sodium-common.mixins.json into net.minecraft.client.renderer.CloudRenderer
[07Aug2026 18:36:41.680] [Render thread/DEBUG] [mixin/]: sodium-common.mixins.json:features.render.world.clouds.CloudRendererMixin from mod sodium: Class version 69 required is higher than the class version supported by the current version of Mixin (JAVA_17 supports class version 61)
[07Aug2026 18:36:41.686] [Render thread/DEBUG] [mixin/]: Mixing MixinWeatherRenderer from mixins.iris.json into net.minecraft.client.renderer.WeatherEffectRenderer
[07Aug2026 18:36:41.687] [Render thread/DEBUG] [mixin/]: mixins.iris.json:MixinWeatherRenderer from mod iris: Class version 69 required is higher than the class version supported by the current version of Mixin (JAVA_8 supports class version 52)
[07Aug2026 18:36:41.687] [Render thread/DEBUG] [mixin/]: Mixing MixinRenderTypes from mixins.iris.forge.json into net.minecraft.client.renderer.WeatherEffectRenderer
[07Aug2026 18:36:41.687] [Render thread/DEBUG] [mixin/]: mixins.iris.forge.json:MixinRenderTypes from mod iris: Class version 69 required is higher than the class version supported by the current version of Mixin (JAVA_8 supports class version 52)
[07Aug2026 18:36:41.695] [Render thread/DEBUG] [mixin/]: Mixing state_tracking.MixinPostChain from mixins.iris.json into net.minecraft.client.renderer.PostChain
[07Aug2026 18:36:41.696] [Render thread/DEBUG] [mixin/]: mixins.iris.json:state_tracking.MixinPostChain from mod iris: Class version 69 required is higher than the class version supported by the current version of Mixin (JAVA_8 supports class version 52)
[07Aug2026 18:36:41.699] [Render thread/DEBUG] [mixin/]: Mixing MixinSodiumWorldRenderer from mixins.iris.compat.sodium.json into net.caffeinemc.mods.sodium.client.render.SodiumWorldRenderer
[07Aug2026 18:36:41.699] [Render thread/DEBUG] [mixin/]: mixins.iris.compat.sodium.json:MixinSodiumWorldRenderer from mod iris: Class version 69 required is higher than the class version supported by the current version of Mixin (JAVA_8 supports class version 52)
[07Aug2026 18:36:41.701] [Render thread/DEBUG] [mixin/]: mixins.iris.compat.sodium.json:MixinSodiumWorldRenderer from mod iris->@Inject::iris$skipShadowTerrainUpdate(Lorg/spongepowered/asm/mixin/injection/callback/CallbackInfo;)V does use it's CallbackInfo
[07Aug2026 18:36:41.701] [Render thread/DEBUG] [mixin/]: mixins.iris.compat.sodium.json:MixinSodiumWorldRenderer from mod iris->@Inject::iris$skipEntityCheck(Lnet/minecraft/client/renderer/entity/EntityRenderer;Lnet/minecraft/world/entity/Entity;Lorg/spongepowered/asm/mixin/injection/callback/CallbackInfoReturnable;)V does use it's CallbackInfoReturnable
[07Aug2026 18:36:41.725] [Render thread/DEBUG] [mixin/]: Mixing GuiMixin from ok_zoomer.mixins.json into net.minecraft.client.gui.Gui
[07Aug2026 18:36:41.726] [Render thread/DEBUG] [mixin/]: Mixing gui.MixinGui from mixins.iris.json into net.minecraft.client.gui.Gui
[07Aug2026 18:36:41.726] [Render thread/DEBUG] [mixin/]: mixins.iris.json:gui.MixinGui from mod iris: Class version 69 required is higher than the class version supported by the current version of Mixin (JAVA_8 supports class version 52)
[07Aug2026 18:36:41.727] [Render thread/DEBUG] [mixin/]: ok_zoomer.mixins.json:GuiMixin from mod ok_zoomer->@Inject::injectZoomOverlay(Lnet/minecraft/client/gui/GuiGraphicsExtractor;Lnet/minecraft/client/DeltaTracker;Lorg/spongepowered/asm/mixin/injection/callback/CallbackInfo;)V doesn't use it's CallbackInfo
[07Aug2026 18:36:41.727] [Render thread/DEBUG] [mixin/]: ok_zoomer.mixins.json:GuiMixin from mod ok_zoomer->@Inject::injectZoomOverlay(Lnet/minecraft/client/gui/GuiGraphicsExtractor;Lnet/minecraft/client/DeltaTracker;Lorg/spongepowered/asm/mixin/injection/callback/CallbackInfo;)V has 0 override(s) in child classes
[07Aug2026 18:36:41.727] [Render thread/DEBUG] [mixin/]: ok_zoomer.mixins.json:GuiMixin from mod ok_zoomer->@Inject::injectZoomOverlay(Lnet/minecraft/client/gui/GuiGraphicsExtractor;Lnet/minecraft/client/DeltaTracker;Lorg/spongepowered/asm/mixin/injection/callback/CallbackInfo;)V won't be passed a CallbackInfo as a result
[07Aug2026 18:36:41.728] [Render thread/DEBUG] [mixin/]: mixins.iris.json:gui.MixinGui from mod iris->@Inject::iris$disableVignetteRendering(Lnet/minecraft/client/gui/GuiGraphicsExtractor;Lnet/minecraft/world/entity/Entity;Lorg/spongepowered/asm/mixin/injection/callback/CallbackInfo;)V does use it's CallbackInfo
[07Aug2026 18:36:41.736] [Render thread/DEBUG] [mixin/]: Mixing distance.IntegratedServerMixin from ok_zoomer.mixins.json into net.minecraft.client.server.IntegratedServer
[07Aug2026 18:36:41.742] [Render thread/DEBUG] [mixin/]: Mixing features.gui.hooks.debug.DebugScreenOverlayInsertMixin from sodium-common.mixins.json into net.minecraft.client.gui.components.DebugScreenOverlay
[07Aug2026 18:36:41.743] [Render thread/DEBUG] [mixin/]: sodium-common.mixins.json:features.gui.hooks.debug.DebugScreenOverlayInsertMixin from mod sodium: Class version 69 required is higher than the class version supported by the current version of Mixin (JAVA_17 supports class version 61)
[07Aug2026 18:36:41.743] [Render thread/DEBUG] [mixin/]: Mixing features.gui.hooks.debug.DebugScreenOverlayLogFrameMixin from sodium-common.mixins.json into net.minecraft.client.gui.components.DebugScreenOverlay
[07Aug2026 18:36:41.743] [Render thread/DEBUG] [mixin/]: sodium-common.mixins.json:features.gui.hooks.debug.DebugScreenOverlayLogFrameMixin from mod sodium: Class version 69 required is higher than the class version supported by the current version of Mixin (JAVA_17 supports class version 61)
[07Aug2026 18:36:41.751] [Render thread/DEBUG] [mixin/]: sodium-common.mixins.json:features.gui.hooks.debug.DebugScreenOverlayInsertMixin from mod sodium->@Inject::sodium$insertFpsPercentiles(Lnet/minecraft/client/gui/GuiGraphicsExtractor;Lorg/spongepowered/asm/mixin/injection/callback/CallbackInfo;)V doesn't use it's CallbackInfo
[07Aug2026 18:36:41.751] [Render thread/DEBUG] [mixin/]: sodium-common.mixins.json:features.gui.hooks.debug.DebugScreenOverlayInsertMixin from mod sodium->@Inject::sodium$insertFpsPercentiles(Lnet/minecraft/client/gui/GuiGraphicsExtractor;Lorg/spongepowered/asm/mixin/injection/callback/CallbackInfo;)V has 0 override(s) in child classes
[07Aug2026 18:36:41.751] [Render thread/DEBUG] [mixin/]: sodium-common.mixins.json:features.gui.hooks.debug.DebugScreenOverlayInsertMixin from mod sodium->@Inject::sodium$insertFpsPercentiles(Lnet/minecraft/client/gui/GuiGraphicsExtractor;Lorg/spongepowered/asm/mixin/injection/callback/CallbackInfo;)V won't be passed a CallbackInfo as a result
[07Aug2026 18:36:41.751] [Render thread/DEBUG] [mixin/]: sodium-common.mixins.json:features.gui.hooks.debug.DebugScreenOverlayLogFrameMixin from mod sodium->@Inject::sodium$captureFrameDuration(JLorg/spongepowered/asm/mixin/injection/callback/CallbackInfo;)V doesn't use it's CallbackInfo
[07Aug2026 18:36:41.751] [Render thread/DEBUG] [mixin/]: sodium-common.mixins.json:features.gui.hooks.debug.DebugScreenOverlayLogFrameMixin from mod sodium->@Inject::sodium$captureFrameDuration(JLorg/spongepowered/asm/mixin/injection/callback/CallbackInfo;)V has 0 override(s) in child classes
[07Aug2026 18:36:41.751] [Render thread/DEBUG] [mixin/]: sodium-common.mixins.json:features.gui.hooks.debug.DebugScreenOverlayLogFrameMixin from mod sodium->@Inject::sodium$captureFrameDuration(JLorg/spongepowered/asm/mixin/injection/callback/CallbackInfo;)V won't be passed a CallbackInfo as a result
[07Aug2026 18:36:41.761] [Render thread/DEBUG] [mixin/]: Mixing BossHealthOverlayMixin from jade.mixins.json into net.minecraft.client.gui.components.BossHealthOverlay
[07Aug2026 18:36:41.762] [Render thread/DEBUG] [mixin/]: jade.mixins.json:BossHealthOverlayMixin from mod jade: Class version 69 required is higher than the class version supported by the current version of Mixin (JAVA_21 supports class version 65)
[07Aug2026 18:36:41.765] [Render thread/DEBUG] [mixin/]: jade.mixins.json:BossHealthOverlayMixin from mod jade->@Inject::jade$render(Lnet/minecraft/client/gui/GuiGraphicsExtractor;Lorg/spongepowered/asm/mixin/injection/callback/CallbackInfo;)V does use it's CallbackInfo
[07Aug2026 18:36:41.765] [Render thread/DEBUG] [mixin/]: jade.mixins.json:BossHealthOverlayMixin from mod jade->@Inject::jade$captureHeight(Lnet/minecraft/client/gui/GuiGraphicsExtractor;Lorg/spongepowered/asm/mixin/injection/callback/CallbackInfo;)V doesn't use it's CallbackInfo
[07Aug2026 18:36:41.765] [Render thread/DEBUG] [mixin/]: jade.mixins.json:BossHealthOverlayMixin from mod jade->@Inject::jade$captureHeight(Lnet/minecraft/client/gui/GuiGraphicsExtractor;Lorg/spongepowered/asm/mixin/injection/callback/CallbackInfo;)V has 0 override(s) in child classes
[07Aug2026 18:36:41.765] [Render thread/DEBUG] [mixin/]: jade.mixins.json:BossHealthOverlayMixin from mod jade->@Inject::jade$captureHeight(Lnet/minecraft/client/gui/GuiGraphicsExtractor;Lorg/spongepowered/asm/mixin/injection/callback/CallbackInfo;)V won't be passed a CallbackInfo as a result
[07Aug2026 18:36:41.767] [Render thread/DEBUG] [mixin/]: Mixing SubtitleOverlayMixin from ok_zoomer.mixins.json into net.minecraft.client.gui.components.SubtitleOverlay
[07Aug2026 18:36:41.804] [Render thread/DEBUG] [mixin/]: Mixing features.render.entity.ModelPartMixin from sodium-common.mixins.json into net.minecraft.client.model.geom.ModelPart
[07Aug2026 18:36:41.804] [Render thread/DEBUG] [mixin/]: sodium-common.mixins.json:features.render.entity.ModelPartMixin from mod sodium: Class version 69 required is higher than the class version supported by the current version of Mixin (JAVA_17 supports class version 61)
[07Aug2026 18:36:41.804] [Render thread/DEBUG] [mixin/]: Mixing MixinModelPart from xaerohud.mixins.json into net.minecraft.client.model.geom.ModelPart
[07Aug2026 18:36:41.804] [Render thread/DEBUG] [mixin/]: xaerohud.mixins.json:MixinModelPart from mod xaerominimap: Class version 69 required is higher than the class version supported by the current version of Mixin (JAVA_17 supports class version 61)
[07Aug2026 18:36:41.805] [Render thread/DEBUG] [mixin/]: xaerohud.mixins.json:MixinModelPart from mod xaerominimap->@Inject::onRender(Lcom/mojang/blaze3d/vertex/PoseStack$Pose;Lcom/mojang/blaze3d/vertex/VertexConsumer;IIILorg/spongepowered/asm/mixin/injection/callback/CallbackInfo;)V doesn't use it's CallbackInfo
[07Aug2026 18:36:41.863] [Render thread/DEBUG] [mixin/]: Mixing MixinCompiledShaderProgram from mixins.iris.json into com.mojang.blaze3d.opengl.GlProgram
[07Aug2026 18:36:41.863] [Render thread/DEBUG] [mixin/]: mixins.iris.json:MixinCompiledShaderProgram from mod iris: Class version 69 required is higher than the class version supported by the current version of Mixin (JAVA_8 supports class version 52)
[07Aug2026 18:36:41.903] [Render thread/DEBUG] [mixin/]: Mixing MixinChatListener from xaerohud.mixins.json into net.minecraft.client.multiplayer.chat.ChatListener
[07Aug2026 18:36:41.903] [Render thread/DEBUG] [mixin/]: xaerohud.mixins.json:MixinChatListener from mod xaerominimap: Class version 69 required is higher than the class version supported by the current version of Mixin (JAVA_17 supports class version 61)
[07Aug2026 18:36:41.903] [Render thread/DEBUG] [mixin/]: Mixing MixinChatListener from xaeroworldmap.mixins.json into net.minecraft.client.multiplayer.chat.ChatListener
[07Aug2026 18:36:41.903] [Render thread/DEBUG] [mixin/]: xaeroworldmap.mixins.json:MixinChatListener from mod xaeroworldmap: Class version 69 required is higher than the class version supported by the current version of Mixin (JAVA_17 supports class version 61)
[07Aug2026 18:36:41.904] [Render thread/DEBUG] [mixin/]: xaerohud.mixins.json:MixinChatListener from mod xaerominimap->@Inject::onHandleDisguisedChatMessag(Lnet/minecraft/network/chat/Component;Lnet/minecraft/network/chat/ChatType$Bound;Lorg/spongepowered/asm/mixin/injection/callback/CallbackInfo;)V does use it's CallbackInfo
[07Aug2026 18:36:41.904] [Render thread/DEBUG] [mixin/]: xaerohud.mixins.json:MixinChatListener from mod xaerominimap->@Inject::onHandleSystemChat(Lnet/minecraft/network/chat/Component;ZLorg/spongepowered/asm/mixin/injection/callback/CallbackInfo;)V does use it's CallbackInfo
[07Aug2026 18:36:41.904] [Render thread/DEBUG] [mixin/]: xaeroworldmap.mixins.json:MixinChatListener from mod xaeroworldmap->@Inject::onHandleDisguisedChatMessag(Lnet/minecraft/network/chat/Component;Lnet/minecraft/network/chat/ChatType$Bound;Lorg/spongepowered/asm/mixin/injection/callback/CallbackInfo;)V does use it's CallbackInfo
[07Aug2026 18:36:41.904] [Render thread/DEBUG] [mixin/]: xaeroworldmap.mixins.json:MixinChatListener from mod xaeroworldmap->@Inject::onHandleSystemChat(Lnet/minecraft/network/chat/Component;ZLorg/spongepowered/asm/mixin/injection/callback/CallbackInfo;)V does use it's CallbackInfo
[07Aug2026 18:36:41.910] [Render thread/DEBUG] [mixin/]: Mixing features.gui.hooks.settings.OptionsScreenMixin from sodium-common.mixins.json into net.minecraft.client.gui.screens.options.OptionsScreen
[07Aug2026 18:36:41.910] [Render thread/DEBUG] [mixin/]: sodium-common.mixins.json:features.gui.hooks.settings.OptionsScreenMixin from mod sodium: Class version 69 required is higher than the class version supported by the current version of Mixin (JAVA_17 supports class version 61)
[07Aug2026 18:36:41.911] [Render thread/DEBUG] [mixin/]: sodium-common.mixins.json:features.gui.hooks.settings.OptionsScreenMixin from mod sodium->@Inject::open(Lorg/spongepowered/asm/mixin/injection/callback/CallbackInfoReturnable;)V does use it's CallbackInfoReturnable
[07Aug2026 18:36:41.920] [modloading-worker-0/INFO] [xaero.lib.XaeroLib/]: Loading XaeroLib common 1/2!
[07Aug2026 18:36:41.930] [modloading-sync-worker/DEBUG] [net.neoforged.fml.DeferredWorkQueue/LOADING]: Dispatching synchronous work for work queue Common setup: 1 jobs
[07Aug2026 18:36:41.932] [modloading-sync-worker/DEBUG] [net.neoforged.fml.DeferredWorkQueue/LOADING]: Synchronous work queue completed in 795.5 μs
[07Aug2026 18:36:41.933] [modloading-worker-0/INFO] [xaero.minimap.XaeroMinimap/]: Loading Xaero's Minimap - Stage 1/3
[07Aug2026 18:36:41.933] [modloading-worker-0/INFO] [xaero.map.WorldMap/]: Loading Xaero's World Map - Stage 1/3
[07Aug2026 18:36:41.933] [modloading-worker-0/INFO] [xaero.lib.XaeroLib/]: Loading XaeroLib client 1/3!
[07Aug2026 18:36:41.937] [modloading-worker-0/DEBUG] [mixin/]: Mixing AbstractSignRendererMixin from mixins.iris.json into net.minecraft.client.renderer.blockentity.AbstractSignRenderer
[07Aug2026 18:36:41.937] [modloading-worker-0/DEBUG] [mixin/]: mixins.iris.json:AbstractSignRendererMixin from mod iris: Class version 69 required is higher than the class version supported by the current version of Mixin (JAVA_8 supports class version 52)
[07Aug2026 18:36:41.937] [modloading-worker-0/DEBUG] [mixin/]: mixins.iris.json:AbstractSignRendererMixin from mod iris->@Inject::fism$cancelSignTextRendering(Lorg/spongepowered/asm/mixin/injection/callback/CallbackInfo;)V does use it's CallbackInfo
[07Aug2026 18:36:41.941] [NeoForge Version Check/INFO] [net.neoforged.fml.VersionChecker/]: [easy_villagers] Starting version check at https://update.maxhenkel.de/neoforge/easy_villagers
[07Aug2026 18:36:41.945] [modloading-worker-0/DEBUG] [mixin/]: Mixing BannerRendererAccessor from mixins.iris.json into net.minecraft.client.renderer.blockentity.BannerRenderer
[07Aug2026 18:36:41.945] [modloading-worker-0/DEBUG] [mixin/]: mixins.iris.json:BannerRendererAccessor from mod iris: Class version 69 required is higher than the class version supported by the current version of Mixin (JAVA_8 supports class version 52)
[07Aug2026 18:36:41.945] [modloading-worker-0/DEBUG] [mixin/]: Renaming @Invoker method fism$submitPatternLayerInvoke(Lnet/minecraft/client/resources/model/sprite/SpriteGetter;Lcom/mojang/blaze3d/vertex/PoseStack;Lnet/minecraft/client/renderer/SubmitNodeCollector;IILnet/minecraft/client/model/Model;Ljava/lang/Object;Lnet/minecraft/client/resources/model/sprite/SpriteId;Lnet/minecraft/world/item/DyeColor;Lnet/minecraft/client/renderer/feature/ModelFeatureRenderer$CrumblingOverlay;)V to fism$submitPatternLayerInvoke$iris_$md$02832a$0 in mixins.iris.json:BannerRendererAccessor from mod iris
[07Aug2026 18:36:41.946] [modloading-worker-0/DEBUG] [mixin/]: Mixing BannerRendererMixin from mixins.iris.json into net.minecraft.client.renderer.blockentity.BannerRenderer
[07Aug2026 18:36:41.946] [modloading-worker-0/DEBUG] [mixin/]: mixins.iris.json:BannerRendererMixin from mod iris: Class version 69 required is higher than the class version supported by the current version of Mixin (JAVA_8 supports class version 52)
[07Aug2026 18:36:41.946] [modloading-worker-0/DEBUG] [mixin/]: mixins.iris.json:BannerRendererMixin from mod iris->@Inject::fism$cancelSubmitPatterns(Lnet/minecraft/client/resources/model/sprite/SpriteGetter;Lcom/mojang/blaze3d/vertex/PoseStack;Lnet/minecraft/client/renderer/SubmitNodeCollector;IILnet/minecraft/client/model/Model;Ljava/lang/Object;ZLnet/minecraft/world/item/DyeColor;Lnet/minecraft/world/level/block/entity/BannerPatternLayers;Lnet/minecraft/client/renderer/feature/ModelFeatureRenderer$CrumblingOverlay;Lorg/spongepowered/asm/mixin/injection/callback/CallbackInfo;)V does use it's CallbackInfo
[07Aug2026 18:36:42.144] [NeoForge Version Check/DEBUG] [net.neoforged.fml.VersionChecker/]: [easy_villagers] Received version check data:
{"1.20.2":{"1.20.2-1.0.17":"Added Chinese Traditional translation"},"1.21.1":{"1.21.1-1.1.42":"Updated Chinese Simplified (China) translation"},"1.21":{"1.21-1.1.15":"Fixed pressing the cycle trades button outside a world crashes the game"},"26.1.1":{"1.1.41+26.1.1":"Added support for 26.1.1\nRe-added JEI and Jade support"},"26.1.2":{"1.1.43+26.1.2":"Fixed auto trader not accepting trade items with additional data components"},"26.1":{"1.1.41+26.1":"Updated to 26.1"},"1.21.11":{"1.21.11-1.1.43":"Fixed auto trader not accepting trade items with additional data components"},"1.21.10":{"1.21.10-1.1.42":"Updated Chinese Simplified (China) translation"},"1.21.7":{"1.21.7-1.1.34":"Updated to latest NeoForge version"},"1.21.6":{"1.21.6-1.1.33":"Fixed invalid_farmer_crop tag lot loading properly"},"1.21.9":{"1.21.9-1.1.38":"Updated required NeoForge version\nFixed breeder input items being sucked out with hoppers\nFixed converter input items being sucked out with hoppers\nFixed incubator input items being sucked out with hoppers"},"1.21.8":{"1.21.8-1.1.42":"Updated Chinese Simplified (China) translation"},"1.20.4":{"1.20.4-1.0.17":"Added Chinese Traditional translation","1.20.4-1.1.13":"Updated Korean translation"},"1.21.3":{"1.21.3-1.1.23":"Updated to 1.21.3"},"1.20.3":{"1.20.3-1.0.16":"Updated to 1.20.3"},"1.21.2":{"1.21.2-1.1.23":"Updated to 1.21.2"},"promos":{"1.21.4-latest":"1.21.4-1.1.42","1.21.3-latest":"1.21.3-1.1.23","1.21.5-latest":"1.21.5-1.1.42","1.21.1-latest":"1.21.1-1.1.42","1.21.6-latest":"1.21.6-1.1.33","1.21.2-latest":"1.21.2-1.1.23","26.1.2-latest":"1.1.43+26.1.2","26.1.1-latest":"1.1.41+26.1.1","1.21.11-recommended":"1.21.11-1.1.43","26.1-latest":"1.1.41+26.1","1.21.9-latest":"1.21.9-1.1.38","1.21.8-latest":"1.21.8-1.1.42","1.20.4-recommended":"1.20.4-1.0.17","1.21.7-latest":"1.21.7-1.1.34","1.21-latest":"1.21-1.1.15","1.20.3-recommended":"1.20.3-1.0.16","1.20.2-recommended":"1.20.2-1.0.17","26.2-latest":"1.1.43+26.2","1.21.11-latest":"1.21.11-1.1.43","1.21.10-latest":"1.21.10-1.1.42","26.2-recommended":"1.1.43+26.2","26.1.2-recommended":"1.1.43+26.1.2","1.20.2-latest":"1.20.2-1.0.17","1.20.4-latest":"1.20.4-1.1.13","1.20.5-latest":"1.20.5-1.1.4","1.20.3-latest":"1.20.3-1.0.16","1.20.6-latest":"1.20.6-1.1.13"},"1.20.6":{"1.20.6-1.1.13":"Updated Korean translation"},"1.21.5":{"1.21.5-1.1.42":"Updated Chinese Simplified (China) translation"},"1.20.5":{"1.20.5-1.1.4":"Updated to 1.20.5"},"1.21.4":{"1.21.4-1.1.42":"Updated Chinese Simplified (China) translation"},"26.2":{"1.1.43+26.2":"Fixed auto trader not accepting trade items with additional data components"},"homepage":"https://www.curseforge.com/minecraft/mc-mods/easy-villagers"}
[07Aug2026 18:36:42.145] [NeoForge Version Check/INFO] [net.neoforged.fml.VersionChecker/]: [easy_villagers] Found status: OUTDATED Current: 1.1.42+26.1.2 Target: 1.1.43+26.1.2
[07Aug2026 18:36:42.146] [NeoForge Version Check/INFO] [net.neoforged.fml.VersionChecker/]: [ok_zoomer] Starting version check at https://api.modrinth.com/updates/aXf2OSFU/forge_updates.json?neoforge=only
[07Aug2026 18:36:42.372] [NeoForge Version Check/DEBUG] [net.neoforged.fml.VersionChecker/]: [ok_zoomer] Received version check data:
{"homepage":"https://modrinth.com/mod/aXf2OSFU","promos":{"1.20.1-recommended":"5.4.0-beta.9+forge","1.21.8-latest":"14.0.0-beta.3+neo","1.21-latest":"10.0.0-beta.10+neo","26.2-rc-1-recommended":"18.0.0-beta.1","26.1-pre-2-latest":"17.0.0-beta.1","1.21.8-recommended":"14.0.0-beta.3+neo","26.1.2-recommended":"17.0.0-beta.5","1.21.3-latest":"11.0.0-beta.4+neo","26.2-rc-2-latest":"18.0.0-beta.1","1.21.2-latest":"11.0.0-beta.4+neo","1.21.9-latest":"15.0.0-beta.5+neo","26.2-latest":"18.0.0-beta.1","26.1-rc-3-latest":"17.0.0-beta.1","1.21.4-recommended":"12.0.0-beta.5+neo","1.21.5-recommended":"13.0.0-beta.3+neo","26.1-recommended":"17.0.0-beta.5","26.1-rc-2-latest":"17.0.0-beta.1","26.2-rc-1-latest":"18.0.0-beta.1","1.21.1-latest":"10.0.0-beta.13+neo","26.1-latest":"17.0.0-beta.5","1.21.11-latest":"16.0.0-beta.2+neo","1.21.7-latest":"14.0.0-beta.3+neo","1.21.6-latest":"14.0.0-beta.3+neo","1.21.4-latest":"12.0.0-beta.5+neo","1.21.6-recommended":"14.0.0-beta.3+neo","26.1.2-latest":"17.0.0-beta.5","1.21.1-recommended":"10.0.0-beta.13+neo","1.21.11-recommended":"16.0.0-beta.2+neo","1.21.7-recommended":"14.0.0-beta.3+neo","26.1-rc-1-latest":"17.0.0-beta.1","26.1-pre-1-latest":"17.0.0-beta.1","26.1.1-recommended":"17.0.0-beta.5","1.20.1-latest":"5.4.0-beta.9+forge","1.21.10-latest":"15.0.0-beta.5+neo","1.21.5-latest":"13.0.0-beta.3+neo","26.2-recommended":"18.0.0-beta.1","26.2-rc-2-recommended":"18.0.0-beta.1","26.1.1-latest":"17.0.0-beta.5","26.1-pre-3-latest":"17.0.0-beta.1"}}
[07Aug2026 18:36:42.373] [NeoForge Version Check/INFO] [net.neoforged.fml.VersionChecker/]: [ok_zoomer] Found status: UP_TO_DATE Current: 17.0.0-beta.5 Target: null
[07Aug2026 18:36:43.297] [modloading-worker-0/WARN] [xaero.lib.XaeroLib/]: io exception while checking patreon: Online mod data expired! Date: Sun Aug 02 07:54:46 CEST 2026
[07Aug2026 18:36:43.298] [modloading-sync-worker/DEBUG] [net.neoforged.fml.DeferredWorkQueue/LOADING]: Dispatching synchronous work for work queue Sided setup: 3 jobs
[07Aug2026 18:36:43.298] [modloading-sync-worker/INFO] [xaero.map.WorldMap/]: Loading Xaero's World Map - Stage 2/3
[07Aug2026 18:36:45.023] [modloading-sync-worker/ERROR] [xaero.map.WorldMap/]: io exception while checking versions: Online mod data expired! Date: Sun Aug 02 07:54:46 CEST 2026
[07Aug2026 18:36:45.025] [modloading-sync-worker/INFO] [xaero.map.WorldMap/]: Registered player tracker system: map_synced
[07Aug2026 18:36:45.028] [modloading-sync-worker/INFO] [xaero.map.WorldMap/]: Xaero's WorldMap Mod: Xaero's minimap found!
[07Aug2026 18:36:45.033] [modloading-sync-worker/INFO] [xaero.map.WorldMap/]: Registered player tracker system: minimap_synced
[07Aug2026 18:36:45.033] [modloading-sync-worker/INFO] [xaero.map.WorldMap/]: No Optifine!
[07Aug2026 18:36:45.033] [modloading-sync-worker/INFO] [xaero.map.WorldMap/]: Xaero's World Map: No Vivecraft!
[07Aug2026 18:36:45.034] [modloading-sync-worker/INFO] [xaero.map.WorldMap/]: Xaero's World Map: Iris found!
[07Aug2026 18:36:45.034] [modloading-sync-worker/WARN] [net.neoforged.fml.DeferredWorkQueue/LOADING]: Mod 'xaeroworldmap' took 1.736 s to run a deferred task.
[07Aug2026 18:36:45.034] [modloading-sync-worker/INFO] [xaero.minimap.XaeroMinimap/]: Loading Xaero's Minimap - Stage 2/3
[07Aug2026 18:36:45.048] [modloading-sync-worker/DEBUG] [mixin/]: Mixing MixinClientPacketListener from mixins.iris.json into net.minecraft.client.multiplayer.ClientPacketListener
[07Aug2026 18:36:45.050] [modloading-sync-worker/DEBUG] [mixin/]: mixins.iris.json:MixinClientPacketListener from mod iris: Class version 69 required is higher than the class version supported by the current version of Mixin (JAVA_8 supports class version 52)
[07Aug2026 18:36:45.050] [modloading-sync-worker/DEBUG] [mixin/]: Renaming synthetic method lambda$iris$showUpdateMessage$1(Ljava/lang/Exception;)V to md02832a$iris$lambda$iris$showUpdateMessage$1$0 in mixins.iris.json:MixinClientPacketListener from mod iris
[07Aug2026 18:36:45.050] [modloading-sync-worker/DEBUG] [mixin/]: Renaming synthetic method lambda$iris$showUpdateMessage$2(Ljava/lang/Exception;Lnet/minecraft/network/chat/Style;)Lnet/minecraft/network/chat/Style; to md02832a$iris$lambda$iris$showUpdateMessage$2$1 in mixins.iris.json:MixinClientPacketListener from mod iris
[07Aug2026 18:36:45.050] [modloading-sync-worker/DEBUG] [mixin/]: Renaming synthetic method lambda$iris$showUpdateMessage$0(Lnet/minecraft/network/chat/Component;)V to md02832a$iris$lambda$iris$showUpdateMessage$0$2 in mixins.iris.json:MixinClientPacketListener from mod iris
[07Aug2026 18:36:45.050] [modloading-sync-worker/DEBUG] [mixin/]: Mixing core.world.map.ClientPacketListenerMixin from sodium-common.mixins.json into net.minecraft.client.multiplayer.ClientPacketListener
[07Aug2026 18:36:45.050] [modloading-sync-worker/DEBUG] [mixin/]: sodium-common.mixins.json:core.world.map.ClientPacketListenerMixin from mod sodium: Class version 69 required is higher than the class version supported by the current version of Mixin (JAVA_17 supports class version 61)
[07Aug2026 18:36:45.051] [modloading-sync-worker/DEBUG] [mixin/]: Mixing MixinClientPacketListener from xaerolib.mixins.json into net.minecraft.client.multiplayer.ClientPacketListener
[07Aug2026 18:36:45.051] [modloading-sync-worker/DEBUG] [mixin/]: xaerolib.mixins.json:MixinClientPacketListener from mod xaerolib: Class version 69 required is higher than the class version supported by the current version of Mixin (JAVA_17 supports class version 61)
[07Aug2026 18:36:45.051] [modloading-sync-worker/DEBUG] [mixin/]: Renaming synthetic method lambda$onHandleInitializeBorder$0()V to md02832a$xaerolib$lambda$onHandleInitializeBorder$0$3 in xaerolib.mixins.json:MixinClientPacketListener from mod xaerolib
[07Aug2026 18:36:45.051] [modloading-sync-worker/DEBUG] [mixin/]: Mixing MixinClientPlayNetworkHandler from xaerohud.mixins.json into net.minecraft.client.multiplayer.ClientPacketListener
[07Aug2026 18:36:45.051] [modloading-sync-worker/DEBUG] [mixin/]: xaerohud.mixins.json:MixinClientPlayNetworkHandler from mod xaerominimap: Class version 69 required is higher than the class version supported by the current version of Mixin (JAVA_17 supports class version 61)
[07Aug2026 18:36:45.052] [modloading-sync-worker/DEBUG] [mixin/]: Mixing MixinClientPlayNetworkHandler from xaeroworldmap.mixins.json into net.minecraft.client.multiplayer.ClientPacketListener
[07Aug2026 18:36:45.052] [modloading-sync-worker/DEBUG] [mixin/]: xaeroworldmap.mixins.json:MixinClientPlayNetworkHandler from mod xaeroworldmap: Class version 69 required is higher than the class version supported by the current version of Mixin (JAVA_17 supports class version 61)
[07Aug2026 18:36:45.053] [modloading-sync-worker/DEBUG] [mixin/]: Mixing MixinForgeClientPacketListener from xaeroworldmap.neoforge.mixins.json into net.minecraft.client.multiplayer.ClientPacketListener
[07Aug2026 18:36:45.053] [modloading-sync-worker/DEBUG] [mixin/]: xaeroworldmap.neoforge.mixins.json:MixinForgeClientPacketListener from mod xaeroworldmap: Class version 69 required is higher than the class version supported by the current version of Mixin (JAVA_17 supports class version 61)
[07Aug2026 18:36:45.057] [modloading-sync-worker/DEBUG] [mixin/]: mixins.iris.json:MixinClientPacketListener from mod iris->@Inject::iris$showUpdateMessage(Lnet/minecraft/network/protocol/game/ClientboundLoginPacket;Lorg/spongepowered/asm/mixin/injection/callback/CallbackInfo;)V doesn't use it's CallbackInfo
[07Aug2026 18:36:45.057] [modloading-sync-worker/DEBUG] [mixin/]: mixins.iris.json:MixinClientPacketListener from mod iris->@Inject::iris$showUpdateMessage(Lnet/minecraft/network/protocol/game/ClientboundLoginPacket;Lorg/spongepowered/asm/mixin/injection/callback/CallbackInfo;)V has 0 override(s) in child classes
[07Aug2026 18:36:45.057] [modloading-sync-worker/DEBUG] [mixin/]: mixins.iris.json:MixinClientPacketListener from mod iris->@Inject::iris$showUpdateMessage(Lnet/minecraft/network/protocol/game/ClientboundLoginPacket;Lorg/spongepowered/asm/mixin/injection/callback/CallbackInfo;)V won't be passed a CallbackInfo as a result
[07Aug2026 18:36:45.058] [modloading-sync-worker/DEBUG] [mixin/]: sodium-common.mixins.json:core.world.map.ClientPacketListenerMixin from mod sodium->@Inject::onLightDataReceived(IILnet/minecraft/network/protocol/game/ClientboundLightUpdatePacketData;ZLorg/spongepowered/asm/mixin/injection/callback/CallbackInfo;)V doesn't use it's CallbackInfo
[07Aug2026 18:36:45.058] [modloading-sync-worker/DEBUG] [mixin/]: sodium-common.mixins.json:core.world.map.ClientPacketListenerMixin from mod sodium->@Inject::onLightDataReceived(IILnet/minecraft/network/protocol/game/ClientboundLightUpdatePacketData;ZLorg/spongepowered/asm/mixin/injection/callback/CallbackInfo;)V has 0 override(s) in child classes
[07Aug2026 18:36:45.058] [modloading-sync-worker/DEBUG] [mixin/]: sodium-common.mixins.json:core.world.map.ClientPacketListenerMixin from mod sodium->@Inject::onLightDataReceived(IILnet/minecraft/network/protocol/game/ClientboundLightUpdatePacketData;ZLorg/spongepowered/asm/mixin/injection/callback/CallbackInfo;)V won't be passed a CallbackInfo as a result
[07Aug2026 18:36:45.058] [modloading-sync-worker/DEBUG] [mixin/]: sodium-common.mixins.json:core.world.map.ClientPacketListenerMixin from mod sodium->@Inject::onChunkUnloadPacket(Lnet/minecraft/network/protocol/game/ClientboundForgetLevelChunkPacket;Lorg/spongepowered/asm/mixin/injection/callback/CallbackInfo;)V doesn't use it's CallbackInfo
[07Aug2026 18:36:45.058] [modloading-sync-worker/DEBUG] [mixin/]: sodium-common.mixins.json:core.world.map.ClientPacketListenerMixin from mod sodium->@Inject::onChunkUnloadPacket(Lnet/minecraft/network/protocol/game/ClientboundForgetLevelChunkPacket;Lorg/spongepowered/asm/mixin/injection/callback/CallbackInfo;)V has 0 override(s) in child classes
[07Aug2026 18:36:45.058] [modloading-sync-worker/DEBUG] [mixin/]: sodium-common.mixins.json:core.world.map.ClientPacketListenerMixin from mod sodium->@Inject::onChunkUnloadPacket(Lnet/minecraft/network/protocol/game/ClientboundForgetLevelChunkPacket;Lorg/spongepowered/asm/mixin/injection/callback/CallbackInfo;)V won't be passed a CallbackInfo as a result
[07Aug2026 18:36:45.058] [modloading-sync-worker/DEBUG] [mixin/]: xaerolib.mixins.json:MixinClientPacketListener from mod xaerolib->@Inject::onHandleInitializeBorder(Lnet/minecraft/network/protocol/game/ClientboundInitializeBorderPacket;Lorg/spongepowered/asm/mixin/injection/callback/CallbackInfo;)V doesn't use it's CallbackInfo
[07Aug2026 18:36:45.058] [modloading-sync-worker/DEBUG] [mixin/]: xaerolib.mixins.json:MixinClientPacketListener from mod xaerolib->@Inject::onHandleInitializeBorder(Lnet/minecraft/network/protocol/game/ClientboundInitializeBorderPacket;Lorg/spongepowered/asm/mixin/injection/callback/CallbackInfo;)V has 0 override(s) in child classes
[07Aug2026 18:36:45.058] [modloading-sync-worker/DEBUG] [mixin/]: xaerolib.mixins.json:MixinClientPacketListener from mod xaerolib->@Inject::onHandleInitializeBorder(Lnet/minecraft/network/protocol/game/ClientboundInitializeBorderPacket;Lorg/spongepowered/asm/mixin/injection/callback/CallbackInfo;)V won't be passed a CallbackInfo as a result
[07Aug2026 18:36:45.058] [modloading-sync-worker/DEBUG] [mixin/]: xaerohud.mixins.json:MixinClientPlayNetworkHandler from mod xaerominimap->@Inject::onOnChunkDeltaUpdate(Lnet/minecraft/network/protocol/game/ClientboundSectionBlocksUpdatePacket;Lorg/spongepowered/asm/mixin/injection/callback/CallbackInfo;)V doesn't use it's CallbackInfo
[07Aug2026 18:36:45.058] [modloading-sync-worker/DEBUG] [mixin/]: xaerohud.mixins.json:MixinClientPlayNetworkHandler from mod xaerominimap->@Inject::onOnChunkDeltaUpdate(Lnet/minecraft/network/protocol/game/ClientboundSectionBlocksUpdatePacket;Lorg/spongepowered/asm/mixin/injection/callback/CallbackInfo;)V has 0 override(s) in child classes
[07Aug2026 18:36:45.059] [modloading-sync-worker/DEBUG] [mixin/]: xaerohud.mixins.json:MixinClientPlayNetworkHandler from mod xaerominimap->@Inject::onOnChunkDeltaUpdate(Lnet/minecraft/network/protocol/game/ClientboundSectionBlocksUpdatePacket;Lorg/spongepowered/asm/mixin/injection/callback/CallbackInfo;)V won't be passed a CallbackInfo as a result
[07Aug2026 18:36:45.059] [modloading-sync-worker/DEBUG] [mixin/]: xaerohud.mixins.json:MixinClientPlayNetworkHandler from mod xaerominimap->@Inject::onOnChunkData(IILnet/minecraft/network/protocol/game/ClientboundLevelChunkPacketData;Lorg/spongepowered/asm/mixin/injection/callback/CallbackInfo;)V doesn't use it's CallbackInfo
[07Aug2026 18:36:45.059] [modloading-sync-worker/DEBUG] [mixin/]: xaerohud.mixins.json:MixinClientPlayNetworkHandler from mod xaerominimap->@Inject::onOnChunkData(IILnet/minecraft/network/protocol/game/ClientboundLevelChunkPacketData;Lorg/spongepowered/asm/mixin/injection/callback/CallbackInfo;)V has 0 override(s) in child classes
[07Aug2026 18:36:45.059] [modloading-sync-worker/DEBUG] [mixin/]: xaerohud.mixins.json:MixinClientPlayNetworkHandler from mod xaerominimap->@Inject::onOnChunkData(IILnet/minecraft/network/protocol/game/ClientboundLevelChunkPacketData;Lorg/spongepowered/asm/mixin/injection/callback/CallbackInfo;)V won't be passed a CallbackInfo as a result
[07Aug2026 18:36:45.059] [modloading-sync-worker/DEBUG] [mixin/]: xaerohud.mixins.json:MixinClientPlayNetworkHandler from mod xaerominimap->@Inject::onHandleLevelChunkWithLight(Lnet/minecraft/network/protocol/game/ClientboundLevelChunkWithLightPacket;Lorg/spongepowered/asm/mixin/injection/callback/CallbackInfo;)V doesn't use it's CallbackInfo
[07Aug2026 18:36:45.059] [modloading-sync-worker/DEBUG] [mixin/]: xaerohud.mixins.json:MixinClientPlayNetworkHandler from mod xaerominimap->@Inject::onHandleLevelChunkWithLight(Lnet/minecraft/network/protocol/game/ClientboundLevelChunkWithLightPacket;Lorg/spongepowered/asm/mixin/injection/callback/CallbackInfo;)V has 0 override(s) in child classes
[07Aug2026 18:36:45.059] [modloading-sync-worker/DEBUG] [mixin/]: xaerohud.mixins.json:MixinClientPlayNetworkHandler from mod xaerominimap->@Inject::onHandleLevelChunkWithLight(Lnet/minecraft/network/protocol/game/ClientboundLevelChunkWithLightPacket;Lorg/spongepowered/asm/mixin/injection/callback/CallbackInfo;)V won't be passed a CallbackInfo as a result
[07Aug2026 18:36:45.059] [modloading-sync-worker/DEBUG] [mixin/]: xaerohud.mixins.json:MixinClientPlayNetworkHandler from mod xaerominimap->@Inject::onHandleLightUpdatePacket(Lnet/minecraft/network/protocol/game/ClientboundLightUpdatePacket;Lorg/spongepowered/asm/mixin/injection/callback/CallbackInfo;)V doesn't use it's CallbackInfo
[07Aug2026 18:36:45.059] [modloading-sync-worker/DEBUG] [mixin/]: xaerohud.mixins.json:MixinClientPlayNetworkHandler from mod xaerominimap->@Inject::onHandleLightUpdatePacket(Lnet/minecraft/network/protocol/game/ClientboundLightUpdatePacket;Lorg/spongepowered/asm/mixin/injection/callback/CallbackInfo;)V has 0 override(s) in child classes
[07Aug2026 18:36:45.059] [modloading-sync-worker/DEBUG] [mixin/]: xaerohud.mixins.json:MixinClientPlayNetworkHandler from mod xaerominimap->@Inject::onHandleLightUpdatePacket(Lnet/minecraft/network/protocol/game/ClientboundLightUpdatePacket;Lorg/spongepowered/asm/mixin/injection/callback/CallbackInfo;)V won't be passed a CallbackInfo as a result
[07Aug2026 18:36:45.059] [modloading-sync-worker/DEBUG] [mixin/]: xaerohud.mixins.json:MixinClientPlayNetworkHandler from mod xaerominimap->@Inject::onQueueLightRemoval(Lnet/minecraft/network/protocol/game/ClientboundForgetLevelChunkPacket;Lorg/spongepowered/asm/mixin/injection/callback/CallbackInfo;)V doesn't use it's CallbackInfo
[07Aug2026 18:36:45.059] [modloading-sync-worker/DEBUG] [mixin/]: xaerohud.mixins.json:MixinClientPlayNetworkHandler from mod xaerominimap->@Inject::onQueueLightRemoval(Lnet/minecraft/network/protocol/game/ClientboundForgetLevelChunkPacket;Lorg/spongepowered/asm/mixin/injection/callback/CallbackInfo;)V has 0 override(s) in child classes
[07Aug2026 18:36:45.059] [modloading-sync-worker/DEBUG] [mixin/]: xaerohud.mixins.json:MixinClientPlayNetworkHandler from mod xaerominimap->@Inject::onQueueLightRemoval(Lnet/minecraft/network/protocol/game/ClientboundForgetLevelChunkPacket;Lorg/spongepowered/asm/mixin/injection/callback/CallbackInfo;)V won't be passed a CallbackInfo as a result
[07Aug2026 18:36:45.059] [modloading-sync-worker/DEBUG] [mixin/]: xaerohud.mixins.json:MixinClientPlayNetworkHandler from mod xaerominimap->@Inject::onOnBlockUpdate(Lnet/minecraft/network/protocol/game/ClientboundBlockUpdatePacket;Lorg/spongepowered/asm/mixin/injection/callback/CallbackInfo;)V doesn't use it's CallbackInfo
[07Aug2026 18:36:45.059] [modloading-sync-worker/DEBUG] [mixin/]: xaerohud.mixins.json:MixinClientPlayNetworkHandler from mod xaerominimap->@Inject::onOnBlockUpdate(Lnet/minecraft/network/protocol/game/ClientboundBlockUpdatePacket;Lorg/spongepowered/asm/mixin/injection/callback/CallbackInfo;)V has 0 override(s) in child classes
[07Aug2026 18:36:45.059] [modloading-sync-worker/DEBUG] [mixin/]: xaerohud.mixins.json:MixinClientPlayNetworkHandler from mod xaerominimap->@Inject::onOnBlockUpdate(Lnet/minecraft/network/protocol/game/ClientboundBlockUpdatePacket;Lorg/spongepowered/asm/mixin/injection/callback/CallbackInfo;)V won't be passed a CallbackInfo as a result
[07Aug2026 18:36:45.059] [modloading-sync-worker/DEBUG] [mixin/]: xaerohud.mixins.json:MixinClientPlayNetworkHandler from mod xaerominimap->@Inject::onOnPlayerSpawnPosition(Lnet/minecraft/network/protocol/game/ClientboundSetDefaultSpawnPositionPacket;Lorg/spongepowered/asm/mixin/injection/callback/CallbackInfo;)V doesn't use it's CallbackInfo
[07Aug2026 18:36:45.060] [modloading-sync-worker/DEBUG] [mixin/]: xaerohud.mixins.json:MixinClientPlayNetworkHandler from mod xaerominimap->@Inject::onOnPlayerSpawnPosition(Lnet/minecraft/network/protocol/game/ClientboundSetDefaultSpawnPositionPacket;Lorg/spongepowered/asm/mixin/injection/callback/CallbackInfo;)V has 0 override(s) in child classes
[07Aug2026 18:36:45.060] [modloading-sync-worker/DEBUG] [mixin/]: xaerohud.mixins.json:MixinClientPlayNetworkHandler from mod xaerominimap->@Inject::onOnPlayerSpawnPosition(Lnet/minecraft/network/protocol/game/ClientboundSetDefaultSpawnPositionPacket;Lorg/spongepowered/asm/mixin/injection/callback/CallbackInfo;)V won't be passed a CallbackInfo as a result
[07Aug2026 18:36:45.060] [modloading-sync-worker/DEBUG] [mixin/]: xaerohud.mixins.json:MixinClientPlayNetworkHandler from mod xaerominimap->@Inject::onOnGameJoin(Lnet/minecraft/network/protocol/game/ClientboundLoginPacket;Lorg/spongepowered/asm/mixin/injection/callback/CallbackInfo;)V doesn't use it's CallbackInfo
[07Aug2026 18:36:45.060] [modloading-sync-worker/DEBUG] [mixin/]: xaerohud.mixins.json:MixinClientPlayNetworkHandler from mod xaerominimap->@Inject::onOnGameJoin(Lnet/minecraft/network/protocol/game/ClientboundLoginPacket;Lorg/spongepowered/asm/mixin/injection/callback/CallbackInfo;)V has 0 override(s) in child classes
[07Aug2026 18:36:45.060] [modloading-sync-worker/DEBUG] [mixin/]: xaerohud.mixins.json:MixinClientPlayNetworkHandler from mod xaerominimap->@Inject::onOnGameJoin(Lnet/minecraft/network/protocol/game/ClientboundLoginPacket;Lorg/spongepowered/asm/mixin/injection/callback/CallbackInfo;)V won't be passed a CallbackInfo as a result
[07Aug2026 18:36:45.060] [modloading-sync-worker/DEBUG] [mixin/]: xaerohud.mixins.json:MixinClientPlayNetworkHandler from mod xaerominimap->@Inject::onClose(Lorg/spongepowered/asm/mixin/injection/callback/CallbackInfo;)V doesn't use it's CallbackInfo
[07Aug2026 18:36:45.060] [modloading-sync-worker/DEBUG] [mixin/]: xaerohud.mixins.json:MixinClientPlayNetworkHandler from mod xaerominimap->@Inject::onClose(Lorg/spongepowered/asm/mixin/injection/callback/CallbackInfo;)V has 0 override(s) in child classes
[07Aug2026 18:36:45.060] [modloading-sync-worker/DEBUG] [mixin/]: xaerohud.mixins.json:MixinClientPlayNetworkHandler from mod xaerominimap->@Inject::onClose(Lorg/spongepowered/asm/mixin/injection/callback/CallbackInfo;)V won't be passed a CallbackInfo as a result
[07Aug2026 18:36:45.060] [modloading-sync-worker/DEBUG] [mixin/]: xaerohud.mixins.json:MixinClientPlayNetworkHandler from mod xaerominimap->@Inject::onSendCommand(Ljava/lang/String;Lorg/spongepowered/asm/mixin/injection/callback/CallbackInfo;)V does use it's CallbackInfo
[07Aug2026 18:36:45.060] [modloading-sync-worker/DEBUG] [mixin/]: xaerohud.mixins.json:MixinClientPlayNetworkHandler from mod xaerominimap->@Inject::onSendUnattendedCommand(Ljava/lang/String;Lnet/minecraft/client/gui/screens/Screen;Lorg/spongepowered/asm/mixin/injection/callback/CallbackInfo;)V does use it's CallbackInfo
[07Aug2026 18:36:45.060] [modloading-sync-worker/DEBUG] [mixin/]: xaeroworldmap.mixins.json:MixinClientPlayNetworkHandler from mod xaeroworldmap->@Inject::onOnChunkDeltaUpdate(Lnet/minecraft/network/protocol/game/ClientboundSectionBlocksUpdatePacket;Lorg/spongepowered/asm/mixin/injection/callback/CallbackInfo;)V doesn't use it's CallbackInfo
[07Aug2026 18:36:45.060] [modloading-sync-worker/DEBUG] [mixin/]: xaeroworldmap.mixins.json:MixinClientPlayNetworkHandler from mod xaeroworldmap->@Inject::onOnChunkDeltaUpdate(Lnet/minecraft/network/protocol/game/ClientboundSectionBlocksUpdatePacket;Lorg/spongepowered/asm/mixin/injection/callback/CallbackInfo;)V has 0 override(s) in child classes
[07Aug2026 18:36:45.060] [modloading-sync-worker/DEBUG] [mixin/]: xaeroworldmap.mixins.json:MixinClientPlayNetworkHandler from mod xaeroworldmap->@Inject::onOnChunkDeltaUpdate(Lnet/minecraft/network/protocol/game/ClientboundSectionBlocksUpdatePacket;Lorg/spongepowered/asm/mixin/injection/callback/CallbackInfo;)V won't be passed a CallbackInfo as a result
[07Aug2026 18:36:45.060] [modloading-sync-worker/DEBUG] [mixin/]: xaeroworldmap.mixins.json:MixinClientPlayNetworkHandler from mod xaeroworldmap->@Inject::onOnChunkData(IILnet/minecraft/network/protocol/game/ClientboundLevelChunkPacketData;Lorg/spongepowered/asm/mixin/injection/callback/CallbackInfo;)V doesn't use it's CallbackInfo
[07Aug2026 18:36:45.060] [modloading-sync-worker/DEBUG] [mixin/]: xaeroworldmap.mixins.json:MixinClientPlayNetworkHandler from mod xaeroworldmap->@Inject::onOnChunkData(IILnet/minecraft/network/protocol/game/ClientboundLevelChunkPacketData;Lorg/spongepowered/asm/mixin/injection/callback/CallbackInfo;)V has 0 override(s) in child classes
[07Aug2026 18:36:45.060] [modloading-sync-worker/DEBUG] [mixin/]: xaeroworldmap.mixins.json:MixinClientPlayNetworkHandler from mod xaeroworldmap->@Inject::onOnChunkData(IILnet/minecraft/network/protocol/game/ClientboundLevelChunkPacketData;Lorg/spongepowered/asm/mixin/injection/callback/CallbackInfo;)V won't be passed a CallbackInfo as a result
[07Aug2026 18:36:45.060] [modloading-sync-worker/DEBUG] [mixin/]: xaeroworldmap.mixins.json:MixinClientPlayNetworkHandler from mod xaeroworldmap->@Inject::onHandleLevelChunkWithLight(Lnet/minecraft/network/protocol/game/ClientboundLevelChunkWithLightPacket;Lorg/spongepowered/asm/mixin/injection/callback/CallbackInfo;)V doesn't use it's CallbackInfo
[07Aug2026 18:36:45.060] [modloading-sync-worker/DEBUG] [mixin/]: xaeroworldmap.mixins.json:MixinClientPlayNetworkHandler from mod xaeroworldmap->@Inject::onHandleLevelChunkWithLight(Lnet/minecraft/network/protocol/game/ClientboundLevelChunkWithLightPacket;Lorg/spongepowered/asm/mixin/injection/callback/CallbackInfo;)V has 0 override(s) in child classes
[07Aug2026 18:36:45.060] [modloading-sync-worker/DEBUG] [mixin/]: xaeroworldmap.mixins.json:MixinClientPlayNetworkHandler from mod xaeroworldmap->@Inject::onHandleLevelChunkWithLight(Lnet/minecraft/network/protocol/game/ClientboundLevelChunkWithLightPacket;Lorg/spongepowered/asm/mixin/injection/callback/CallbackInfo;)V won't be passed a CallbackInfo as a result
[07Aug2026 18:36:45.060] [modloading-sync-worker/DEBUG] [mixin/]: xaeroworldmap.mixins.json:MixinClientPlayNetworkHandler from mod xaeroworldmap->@Inject::onHandleLightUpdatePacket(Lnet/minecraft/network/protocol/game/ClientboundLightUpdatePacket;Lorg/spongepowered/asm/mixin/injection/callback/CallbackInfo;)V doesn't use it's CallbackInfo
[07Aug2026 18:36:45.060] [modloading-sync-worker/DEBUG] [mixin/]: xaeroworldmap.mixins.json:MixinClientPlayNetworkHandler from mod xaeroworldmap->@Inject::onHandleLightUpdatePacket(Lnet/minecraft/network/protocol/game/ClientboundLightUpdatePacket;Lorg/spongepowered/asm/mixin/injection/callback/CallbackInfo;)V has 0 override(s) in child classes
[07Aug2026 18:36:45.060] [modloading-sync-worker/DEBUG] [mixin/]: xaeroworldmap.mixins.json:MixinClientPlayNetworkHandler from mod xaeroworldmap->@Inject::onHandleLightUpdatePacket(Lnet/minecraft/network/protocol/game/ClientboundLightUpdatePacket;Lorg/spongepowered/asm/mixin/injection/callback/CallbackInfo;)V won't be passed a CallbackInfo as a result
[07Aug2026 18:36:45.060] [modloading-sync-worker/DEBUG] [mixin/]: xaeroworldmap.mixins.json:MixinClientPlayNetworkHandler from mod xaeroworldmap->@Inject::onQueueLightRemoval(Lnet/minecraft/network/protocol/game/ClientboundForgetLevelChunkPacket;Lorg/spongepowered/asm/mixin/injection/callback/CallbackInfo;)V doesn't use it's CallbackInfo
[07Aug2026 18:36:45.060] [modloading-sync-worker/DEBUG] [mixin/]: xaeroworldmap.mixins.json:MixinClientPlayNetworkHandler from mod xaeroworldmap->@Inject::onQueueLightRemoval(Lnet/minecraft/network/protocol/game/ClientboundForgetLevelChunkPacket;Lorg/spongepowered/asm/mixin/injection/callback/CallbackInfo;)V has 0 override(s) in child classes
[07Aug2026 18:36:45.061] [modloading-sync-worker/DEBUG] [mixin/]: xaeroworldmap.mixins.json:MixinClientPlayNetworkHandler from mod xaeroworldmap->@Inject::onQueueLightRemoval(Lnet/minecraft/network/protocol/game/ClientboundForgetLevelChunkPacket;Lorg/spongepowered/asm/mixin/injection/callback/CallbackInfo;)V won't be passed a CallbackInfo as a result
[07Aug2026 18:36:45.061] [modloading-sync-worker/DEBUG] [mixin/]: xaeroworldmap.mixins.json:MixinClientPlayNetworkHandler from mod xaeroworldmap->@Inject::onOnBlockUpdate(Lnet/minecraft/network/protocol/game/ClientboundBlockUpdatePacket;Lorg/spongepowered/asm/mixin/injection/callback/CallbackInfo;)V doesn't use it's CallbackInfo
[07Aug2026 18:36:45.061] [modloading-sync-worker/DEBUG] [mixin/]: xaeroworldmap.mixins.json:MixinClientPlayNetworkHandler from mod xaeroworldmap->@Inject::onOnBlockUpdate(Lnet/minecraft/network/protocol/game/ClientboundBlockUpdatePacket;Lorg/spongepowered/asm/mixin/injection/callback/CallbackInfo;)V has 0 override(s) in child classes
[07Aug2026 18:36:45.061] [modloading-sync-worker/DEBUG] [mixin/]: xaeroworldmap.mixins.json:MixinClientPlayNetworkHandler from mod xaeroworldmap->@Inject::onOnBlockUpdate(Lnet/minecraft/network/protocol/game/ClientboundBlockUpdatePacket;Lorg/spongepowered/asm/mixin/injection/callback/CallbackInfo;)V won't be passed a CallbackInfo as a result
[07Aug2026 18:36:45.061] [modloading-sync-worker/DEBUG] [mixin/]: xaeroworldmap.mixins.json:MixinClientPlayNetworkHandler from mod xaeroworldmap->@Inject::onOnPlayerSpawnPosition(Lnet/minecraft/network/protocol/game/ClientboundSetDefaultSpawnPositionPacket;Lorg/spongepowered/asm/mixin/injection/callback/CallbackInfo;)V doesn't use it's CallbackInfo
[07Aug2026 18:36:45.061] [modloading-sync-worker/DEBUG] [mixin/]: xaeroworldmap.mixins.json:MixinClientPlayNetworkHandler from mod xaeroworldmap->@Inject::onOnPlayerSpawnPosition(Lnet/minecraft/network/protocol/game/ClientboundSetDefaultSpawnPositionPacket;Lorg/spongepowered/asm/mixin/injection/callback/CallbackInfo;)V has 0 override(s) in child classes
[07Aug2026 18:36:45.061] [modloading-sync-worker/DEBUG] [mixin/]: xaeroworldmap.mixins.json:MixinClientPlayNetworkHandler from mod xaeroworldmap->@Inject::onOnPlayerSpawnPosition(Lnet/minecraft/network/protocol/game/ClientboundSetDefaultSpawnPositionPacket;Lorg/spongepowered/asm/mixin/injection/callback/CallbackInfo;)V won't be passed a CallbackInfo as a result
[07Aug2026 18:36:45.061] [modloading-sync-worker/DEBUG] [mixin/]: xaeroworldmap.mixins.json:MixinClientPlayNetworkHandler from mod xaeroworldmap->@Inject::onCleanup(Lorg/spongepowered/asm/mixin/injection/callback/CallbackInfo;)V doesn't use it's CallbackInfo
[07Aug2026 18:36:45.061] [modloading-sync-worker/DEBUG] [mixin/]: xaeroworldmap.mixins.json:MixinClientPlayNetworkHandler from mod xaeroworldmap->@Inject::onCleanup(Lorg/spongepowered/asm/mixin/injection/callback/CallbackInfo;)V has 0 override(s) in child classes
[07Aug2026 18:36:45.061] [modloading-sync-worker/DEBUG] [mixin/]: xaeroworldmap.mixins.json:MixinClientPlayNetworkHandler from mod xaeroworldmap->@Inject::onCleanup(Lorg/spongepowered/asm/mixin/injection/callback/CallbackInfo;)V won't be passed a CallbackInfo as a result
[07Aug2026 18:36:45.061] [modloading-sync-worker/DEBUG] [mixin/]: xaeroworldmap.neoforge.mixins.json:MixinForgeClientPacketListener from mod xaeroworldmap->@Inject::onOnGameJoin(Lnet/minecraft/network/protocol/game/ClientboundLoginPacket;Lorg/spongepowered/asm/mixin/injection/callback/CallbackInfo;)V doesn't use it's CallbackInfo
[07Aug2026 18:36:45.061] [modloading-sync-worker/DEBUG] [mixin/]: xaeroworldmap.neoforge.mixins.json:MixinForgeClientPacketListener from mod xaeroworldmap->@Inject::onOnGameJoin(Lnet/minecraft/network/protocol/game/ClientboundLoginPacket;Lorg/spongepowered/asm/mixin/injection/callback/CallbackInfo;)V has 0 override(s) in child classes
[07Aug2026 18:36:45.061] [modloading-sync-worker/DEBUG] [mixin/]: xaeroworldmap.neoforge.mixins.json:MixinForgeClientPacketListener from mod xaeroworldmap->@Inject::onOnGameJoin(Lnet/minecraft/network/protocol/game/ClientboundLoginPacket;Lorg/spongepowered/asm/mixin/injection/callback/CallbackInfo;)V won't be passed a CallbackInfo as a result
[07Aug2026 18:36:46.622] [modloading-sync-worker/WARN] [xaero.hud.minimap.MinimapLogs/]: io exception while checking versions: Read timed out
[07Aug2026 18:36:46.624] [modloading-sync-worker/INFO] [xaero.hud.minimap.MinimapLogs/]: Registered player tracker system: minimap_synced
[07Aug2026 18:36:46.625] [modloading-sync-worker/WARN] [net.neoforged.fml.DeferredWorkQueue/LOADING]: Mod 'xaerominimap' took 1.590 s to run a deferred task.
[07Aug2026 18:36:46.626] [modloading-sync-worker/INFO] [xaero.lib.XaeroLib/]: Loading XaeroLib common 2/2!
[07Aug2026 18:36:46.626] [modloading-sync-worker/INFO] [xaero.lib.XaeroLib/]: Loading XaeroLib client 2/3!
[07Aug2026 18:36:46.626] [modloading-sync-worker/DEBUG] [net.neoforged.fml.DeferredWorkQueue/LOADING]: Synchronous work queue completed in 3.328 s
[07Aug2026 18:36:46.649] [modloading-sync-worker/DEBUG] [net.neoforged.fml.DeferredWorkQueue/LOADING]: Dispatching synchronous work for work queue Complete loading of 18 mods: 1 jobs
[07Aug2026 18:36:46.673] [modloading-sync-worker/INFO] [snownee.jade.Jade/]: Start loading plugin from Jade: snownee.jade.addon.access.AccessibilityPlugin
[07Aug2026 18:36:46.684] [modloading-sync-worker/INFO] [snownee.jade.Jade/]: snownee.jade.addon.access.AccessibilityPlugin loaded: 10.15 ms
[07Aug2026 18:36:46.686] [modloading-sync-worker/INFO] [snownee.jade.Jade/]: Start loading plugin from Jade: snownee.jade.addon.core.CorePlugin
[07Aug2026 18:36:46.693] [modloading-sync-worker/INFO] [snownee.jade.Jade/]: snownee.jade.addon.core.CorePlugin loaded: 7.497 ms
[07Aug2026 18:36:46.694] [modloading-sync-worker/INFO] [snownee.jade.Jade/]: Start loading plugin from Jade: snownee.jade.addon.debug.DebugPlugin
[07Aug2026 18:36:46.700] [modloading-sync-worker/INFO] [snownee.jade.Jade/]: snownee.jade.addon.debug.DebugPlugin loaded: 5.324 ms
[07Aug2026 18:36:46.702] [modloading-sync-worker/INFO] [snownee.jade.Jade/]: Start loading plugin from Jade: snownee.jade.addon.universal.UniversalPlugin
[07Aug2026 18:36:46.716] [modloading-sync-worker/INFO] [snownee.jade.Jade/]: snownee.jade.addon.universal.UniversalPlugin loaded: 14.29 ms
[07Aug2026 18:36:46.718] [modloading-sync-worker/INFO] [snownee.jade.Jade/]: Start loading plugin from Jade: snownee.jade.addon.vanilla.VanillaPlugin
[07Aug2026 18:36:46.739] [modloading-sync-worker/INFO] [snownee.jade.Jade/]: snownee.jade.addon.vanilla.VanillaPlugin loaded: 21.02 ms
[07Aug2026 18:36:46.740] [modloading-sync-worker/INFO] [snownee.jade.Jade/]: Start loading plugin from Easy Villagers: de.maxhenkel.easyvillagers.integration.waila.PluginEasyVillagers
[07Aug2026 18:36:46.741] [modloading-sync-worker/INFO] [snownee.jade.Jade/]: de.maxhenkel.easyvillagers.integration.waila.PluginEasyVillagers loaded: 1.488 ms
[07Aug2026 18:36:46.879] [modloading-sync-worker/DEBUG] [net.neoforged.fml.DeferredWorkQueue/LOADING]: Synchronous work queue completed in 229.7 ms
[07Aug2026 18:36:46.989] [Render thread/INFO] [net.minecraft.server.packs.resources.ReloadableResourceManager/]: Reloading ResourceManager: vanilla, mod_resources, mod/sodium, mod/iris, mod/mousetweaks, mod/toolbelt, mod/jade, mod/appleskin, mod/justzoom, mod/xaerolib, mod/wrench_wrapper_backend, mod/wrench_wrapper, mod/easy_villagers, mod/xaerominimap, mod/ok_zoomer, mod/konkrete, mod/xaeroworldmap, mod/neoforge, mod/tillmanstollemod
[07Aug2026 18:36:47.023] [Render thread/DEBUG] [mixin/]: Mixing texture.MixinSpriteContents from mixins.iris.json into net.minecraft.client.renderer.texture.SpriteContents
[07Aug2026 18:36:47.024] [Render thread/DEBUG] [mixin/]: mixins.iris.json:texture.MixinSpriteContents from mod iris: Class version 69 required is higher than the class version supported by the current version of Mixin (JAVA_8 supports class version 52)
[07Aug2026 18:36:47.024] [Render thread/DEBUG] [mixin/]: Mixing texture.SpriteContentsAccessor from mixins.iris.json into net.minecraft.client.renderer.texture.SpriteContents
[07Aug2026 18:36:47.024] [Render thread/DEBUG] [mixin/]: mixins.iris.json:texture.SpriteContentsAccessor from mod iris: Class version 69 required is higher than the class version supported by the current version of Mixin (JAVA_8 supports class version 52)
[07Aug2026 18:36:47.024] [Render thread/DEBUG] [mixin/]: Mixing texture.pbr.MixinSpriteContents from mixins.iris.json into net.minecraft.client.renderer.texture.SpriteContents
[07Aug2026 18:36:47.024] [Render thread/DEBUG] [mixin/]: mixins.iris.json:texture.pbr.MixinSpriteContents from mod iris: Class version 69 required is higher than the class version supported by the current version of Mixin (JAVA_8 supports class version 52)
[07Aug2026 18:36:47.025] [Render thread/DEBUG] [mixin/]: Mixing features.textures.animations.tracking.SpriteContentsMixin from sodium-common.mixins.json into net.minecraft.client.renderer.texture.SpriteContents
[07Aug2026 18:36:47.025] [Render thread/DEBUG] [mixin/]: sodium-common.mixins.json:features.textures.animations.tracking.SpriteContentsMixin from mod sodium: Class version 69 required is higher than the class version supported by the current version of Mixin (JAVA_17 supports class version 61)
[07Aug2026 18:36:47.026] [Render thread/DEBUG] [mixin/]: mixins.iris.json:texture.pbr.MixinSpriteContents from mod iris->@Inject::iris$onTailClose(Lorg/spongepowered/asm/mixin/injection/callback/CallbackInfo;)V doesn't use it's CallbackInfo
[07Aug2026 18:36:47.027] [Render thread/DEBUG] [mixin/]: mixins.iris.json:texture.pbr.MixinSpriteContents from mod iris->@Inject::iris$onTailClose(Lorg/spongepowered/asm/mixin/injection/callback/CallbackInfo;)V has 0 override(s) in child classes
[07Aug2026 18:36:47.027] [Render thread/DEBUG] [mixin/]: mixins.iris.json:texture.pbr.MixinSpriteContents from mod iris->@Inject::iris$onTailClose(Lorg/spongepowered/asm/mixin/injection/callback/CallbackInfo;)V won't be passed a CallbackInfo as a result
[07Aug2026 18:36:47.027] [Render thread/DEBUG] [mixin/]: mixins.iris.json:texture.pbr.MixinSpriteContents from mod iris->@Inject::iris$onTailMarkActive(Lorg/spongepowered/asm/mixin/injection/callback/CallbackInfo;)V doesn't use it's CallbackInfo
[07Aug2026 18:36:47.027] [Render thread/DEBUG] [mixin/]: mixins.iris.json:texture.pbr.MixinSpriteContents from mod iris->@Inject::iris$onTailMarkActive(Lorg/spongepowered/asm/mixin/injection/callback/CallbackInfo;)V has 0 override(s) in child classes
[07Aug2026 18:36:47.027] [Render thread/DEBUG] [mixin/]: mixins.iris.json:texture.pbr.MixinSpriteContents from mod iris->@Inject::iris$onTailMarkActive(Lorg/spongepowered/asm/mixin/injection/callback/CallbackInfo;)V won't be passed a CallbackInfo as a result
[07Aug2026 18:36:47.058] [resourceLoad/DEBUG] [mixin/]: Mixing texture.AnimationMetadataSectionAccessor from mixins.iris.json into net.minecraft.client.resources.metadata.animation.AnimationMetadataSection
[07Aug2026 18:36:47.058] [resourceLoad/DEBUG] [mixin/]: mixins.iris.json:texture.AnimationMetadataSectionAccessor from mod iris: Class version 69 required is higher than the class version supported by the current version of Mixin (JAVA_8 supports class version 52)
[07Aug2026 18:36:47.060] [resourceLoad/DEBUG] [mixin/]: Mixing texture.SpriteContentsAnimatedTextureAccessor from mixins.iris.json into net.minecraft.client.renderer.texture.SpriteContents$AnimatedTexture
[07Aug2026 18:36:47.060] [resourceLoad/DEBUG] [mixin/]: mixins.iris.json:texture.SpriteContentsAnimatedTextureAccessor from mod iris: Class version 69 required is higher than the class version supported by the current version of Mixin (JAVA_8 supports class version 52)
[07Aug2026 18:36:47.086] [resourceLoad/DEBUG] [mixin/]: Mixing texture.TextureAtlasSpriteAccessor from mixins.iris.json into net.minecraft.client.renderer.texture.TextureAtlasSprite
[07Aug2026 18:36:47.087] [resourceLoad/DEBUG] [mixin/]: mixins.iris.json:texture.TextureAtlasSpriteAccessor from mod iris: Class version 69 required is higher than the class version supported by the current version of Mixin (JAVA_8 supports class version 52)
[07Aug2026 18:36:47.087] [resourceLoad/DEBUG] [mixin/]: Mixing features.textures.animations.tracking.TextureAtlasSpriteMixin from sodium-common.mixins.json into net.minecraft.client.renderer.texture.TextureAtlasSprite
[07Aug2026 18:36:47.087] [resourceLoad/DEBUG] [mixin/]: sodium-common.mixins.json:features.textures.animations.tracking.TextureAtlasSpriteMixin from mod sodium: Class version 69 required is higher than the class version supported by the current version of Mixin (JAVA_17 supports class version 61)
[07Aug2026 18:36:47.087] [resourceLoad/DEBUG] [mixin/]: Mixing features.textures.scan.TextureAtlasSpriteMixin from sodium-common.mixins.json into net.minecraft.client.renderer.texture.TextureAtlasSprite
[07Aug2026 18:36:47.087] [resourceLoad/DEBUG] [mixin/]: sodium-common.mixins.json:features.textures.scan.TextureAtlasSpriteMixin from mod sodium: Class version 69 required is higher than the class version supported by the current version of Mixin (JAVA_17 supports class version 61)
[07Aug2026 18:36:47.089] [resourceLoad/DEBUG] [mixin/]: sodium-common.mixins.json:features.textures.animations.tracking.TextureAtlasSpriteMixin from mod sodium->@Inject::markSpriteAsActive(Lorg/spongepowered/asm/mixin/injection/callback/CallbackInfoReturnable;)V doesn't use it's CallbackInfoReturnable
[07Aug2026 18:36:47.089] [resourceLoad/DEBUG] [mixin/]: sodium-common.mixins.json:features.textures.animations.tracking.TextureAtlasSpriteMixin from mod sodium->@Inject::markSpriteAsActive(Lorg/spongepowered/asm/mixin/injection/callback/CallbackInfoReturnable;)V has 0 override(s) in child classes
[07Aug2026 18:36:47.089] [resourceLoad/DEBUG] [mixin/]: sodium-common.mixins.json:features.textures.animations.tracking.TextureAtlasSpriteMixin from mod sodium->@Inject::markSpriteAsActive(Lorg/spongepowered/asm/mixin/injection/callback/CallbackInfoReturnable;)V won't be passed a CallbackInfoReturnable as a result
[07Aug2026 18:36:47.096] [Render thread/INFO] [de.keksuccino.justzoom.JustZoom/]: [JUST ZOOM] Starting version 2.1.4 on NeoForge..
[07Aug2026 18:36:47.106] [Render thread/INFO] [Ok Zoomer/]: [Ok Zoomer] ]w[ what's this
[07Aug2026 18:36:47.109] [Render thread/INFO] [xaero.map.WorldMap/]: Loading Xaero's World Map - Stage 3/3
[07Aug2026 18:36:47.112] [Render thread/INFO] [xaero.map.WorldMap/]: New world map region cache hash code: 1550124267
[07Aug2026 18:36:47.160] [resourceLoad/DEBUG] [mixin/]: Mixing texture.SpriteContentsFrameInfoAccessor from mixins.iris.json into net.minecraft.client.renderer.texture.SpriteContents$FrameInfo
[07Aug2026 18:36:47.161] [resourceLoad/DEBUG] [mixin/]: mixins.iris.json:texture.SpriteContentsFrameInfoAccessor from mod iris: Class version 69 required is higher than the class version supported by the current version of Mixin (JAVA_8 supports class version 52)
[07Aug2026 18:36:47.163] [resourceLoad/WARN] [net.minecraft.client.renderer.texture.atlas.sources.SingleFile/]: Missing sprite: toolbelt:textures/gui/empty_belt_slot_background.png
[07Aug2026 18:36:47.302] [resourceLoad/INFO] [net.minecraft.client.gui.font.providers.UnihexProvider/]: Found unifont_all_no_pua-17.0.01.hex, loading
[07Aug2026 18:36:47.303] [Render thread/INFO] [xaero.minimap.XaeroMinimap/]: Loading Xaero's Minimap - Stage 3/3
[07Aug2026 18:36:47.303] [Render thread/INFO] [xaero.lib.XaeroLib/]: Loading XaeroLib client 3/3!
[07Aug2026 18:36:47.337] [Render thread/DEBUG] [mixin/]: Generating mapped inner class net/minecraft/client/Options$Anonymous$96a1caa2358a30f3a6a35ff1c6c7dbc8 (originally net/irisshaders/iris/mixin/sky/MixinOptions_CloudsOverride$1)
[07Aug2026 18:36:47.336] [resourceLoad/INFO] [net.minecraft.client.gui.font.providers.UnihexProvider/]: Found unifont_pua-17.0.01.hex, loading
[07Aug2026 18:36:47.374] [Render thread/DEBUG] [mixin/]: Mixing MixinRenderPass3 from mixins.iris.json into com.mojang.blaze3d.systems.RenderPass
[07Aug2026 18:36:47.374] [Render thread/DEBUG] [mixin/]: mixins.iris.json:MixinRenderPass3 from mod iris: Class version 69 required is higher than the class version supported by the current version of Mixin (JAVA_8 supports class version 52)
[07Aug2026 18:36:47.381] [Render thread/DEBUG] [mixin/]: Mixing MixinShadowRenderer from mixins.iris.forge.json into net.irisshaders.iris.shadows.ShadowRenderer
[07Aug2026 18:36:47.381] [Render thread/DEBUG] [mixin/]: mixins.iris.forge.json:MixinShadowRenderer from mod iris: Class version 69 required is higher than the class version supported by the current version of Mixin (JAVA_8 supports class version 52)
[07Aug2026 18:36:47.390] [Render thread/DEBUG] [mixin/]: Mixing MixinRenderPass from mixins.iris.json into com.mojang.blaze3d.opengl.GlRenderPass
[07Aug2026 18:36:47.390] [Render thread/DEBUG] [mixin/]: mixins.iris.json:MixinRenderPass from mod iris: Class version 69 required is higher than the class version supported by the current version of Mixin (JAVA_8 supports class version 52)
[07Aug2026 18:36:47.425] [Render thread/DEBUG] [mixin/]: Mixing entity_render_context.MixinModelStorageTrigger from mixins.iris.json into net.minecraft.client.renderer.SubmitNodeCollection
[07Aug2026 18:36:47.426] [Render thread/DEBUG] [mixin/]: mixins.iris.json:entity_render_context.MixinModelStorageTrigger from mod iris: Class version 69 required is higher than the class version supported by the current version of Mixin (JAVA_8 supports class version 52)
[07Aug2026 18:36:47.432] [resourceLoad/INFO] [net.minecraft.client.gui.font.providers.UnihexProvider/]: Found unifont_jp_patch-17.0.01.hex, loading
[07Aug2026 18:36:47.448] [Render thread/INFO] [com.mojang.blaze3d.systems.RenderSystem/]: Thread[#3,Render thread,10,main]
[07Aug2026 18:36:47.450] [Render thread/INFO] [com.mojang.blaze3d.systems.RenderSystem/]: OpenGL Vendor: NVIDIA Corporation
[07Aug2026 18:36:47.450] [Render thread/INFO] [com.mojang.blaze3d.systems.RenderSystem/]: OpenGL Renderer: NVIDIA GeForce RTX 3060/PCIe/SSE2
[07Aug2026 18:36:47.450] [Render thread/INFO] [com.mojang.blaze3d.systems.RenderSystem/]: OpenGL Version: 3.3.0 NVIDIA 595.84
[07Aug2026 18:36:47.454] [Render thread/INFO] [Sodium-NvidiaWorkarounds/]: Modifying OpenGL context to apply workarounds for the NVIDIA graphics driver...
[07Aug2026 18:36:47.537] [resourceLoad/DEBUG] [mixin/]: Mixing features.render.model.ItemModelGeneratorMixin from sodium-neoforge.mixins.json into net.minecraft.client.resources.model.cuboid.ItemModelGenerator
[07Aug2026 18:36:47.537] [resourceLoad/DEBUG] [mixin/]: sodium-neoforge.mixins.json:features.render.model.ItemModelGeneratorMixin from mod sodium: Class version 69 required is higher than the class version supported by the current version of Mixin (JAVA_17 supports class version 61)
[07Aug2026 18:36:47.764] [resourceLoad/WARN] [net.minecraft.client.resources.model.ModelDiscovery/]: Missing block model: tillmanstollemod:item/tillmans_armor_chestplate
[07Aug2026 18:36:47.767] [resourceLoad/WARN] [net.minecraft.client.resources.model.ModelDiscovery/]: Missing block model: tillmanstollemod:item/tillmans_armor_helmet
[07Aug2026 18:36:47.771] [resourceLoad/WARN] [net.minecraft.client.resources.model.ModelDiscovery/]: Missing block model: minecraft:builtin/entity
[07Aug2026 18:36:47.817] [resourceLoad/DEBUG] [mixin/]: Mixing MixinBlockModelPart from mixins.iris.json into net.minecraft.client.renderer.block.dispatch.BlockStateModelPart
[07Aug2026 18:36:47.817] [resourceLoad/DEBUG] [mixin/]: mixins.iris.json:MixinBlockModelPart from mod iris: Class version 69 required is higher than the class version supported by the current version of Mixin (JAVA_8 supports class version 52)
[07Aug2026 18:36:47.817] [resourceLoad/DEBUG] [mixin/]: Mixing MixinBlockState from mixins.iris.json into net.minecraft.client.renderer.block.dispatch.BlockStateModelPart
[07Aug2026 18:36:47.817] [resourceLoad/DEBUG] [mixin/]: mixins.iris.json:MixinBlockState from mod iris: Class version 69 required is higher than the class version supported by the current version of Mixin (JAVA_8 supports class version 52)
[07Aug2026 18:36:47.830] [resourceLoad/DEBUG] [mixin/]: Mixing core.model.quad.BakedQuadMixin from sodium-neoforge.mixins.json into net.minecraft.client.resources.model.geometry.BakedQuad
[07Aug2026 18:36:47.830] [resourceLoad/DEBUG] [mixin/]: sodium-neoforge.mixins.json:core.model.quad.BakedQuadMixin from mod sodium: Class version 69 required is higher than the class version supported by the current version of Mixin (JAVA_17 supports class version 61)
[07Aug2026 18:36:47.832] [resourceLoad/DEBUG] [mixin/]: sodium-neoforge.mixins.json:core.model.quad.BakedQuadMixin from mod sodium->@Inject::init(Lorg/joml/Vector3fc;Lorg/joml/Vector3fc;Lorg/joml/Vector3fc;Lorg/joml/Vector3fc;JJJJLnet/minecraft/core/Direction;Lnet/minecraft/client/resources/model/geometry/BakedQuad$MaterialInfo;Lnet/neoforged/neoforge/client/model/quad/BakedNormals;Lnet/neoforged/neoforge/client/model/quad/BakedColors;Lorg/spongepowered/asm/mixin/injection/callback/CallbackInfo;)V doesn't use it's CallbackInfo
[07Aug2026 18:36:47.995] [resourceLoad/DEBUG] [mixin/]: Mixing features.render.entity.CubeMixin from sodium-common.mixins.json into net.minecraft.client.model.geom.ModelPart$Cube
[07Aug2026 18:36:47.995] [resourceLoad/DEBUG] [mixin/]: sodium-common.mixins.json:features.render.entity.CubeMixin from mod sodium: Class version 69 required is higher than the class version supported by the current version of Mixin (JAVA_17 supports class version 61)
[07Aug2026 18:36:47.996] [resourceLoad/DEBUG] [mixin/]: sodium-common.mixins.json:features.render.entity.CubeMixin from mod sodium->@Inject::onCompile(Lcom/mojang/blaze3d/vertex/PoseStack$Pose;Lcom/mojang/blaze3d/vertex/VertexConsumer;IIILorg/spongepowered/asm/mixin/injection/callback/CallbackInfo;)V does use it's CallbackInfo
[07Aug2026 18:36:48.162] [resourceLoad/DEBUG] [mixin/]: Mixing features.textures.animations.tracking.FluidStateModelSetMixin from sodium-common.mixins.json into net.minecraft.client.renderer.block.FluidStateModelSet
[07Aug2026 18:36:48.162] [resourceLoad/DEBUG] [mixin/]: sodium-common.mixins.json:features.textures.animations.tracking.FluidStateModelSetMixin from mod sodium: Class version 69 required is higher than the class version supported by the current version of Mixin (JAVA_17 supports class version 61)
[07Aug2026 18:36:48.163] [resourceLoad/DEBUG] [mixin/]: sodium-common.mixins.json:features.textures.animations.tracking.FluidStateModelSetMixin from mod sodium->@Inject::sodium$catchUsedSprites(Lnet/minecraft/world/level/material/FluidState;Lorg/spongepowered/asm/mixin/injection/callback/CallbackInfoReturnable;)V does use it's CallbackInfoReturnable
[07Aug2026 18:36:48.257] [Render thread/WARN] [com.mojang.blaze3d.opengl.GlProgram/]: neoforge:pipeline/item_translucent_unlit shader program does not use sampler Sampler2 defined in the pipeline. This might be a bug.
[07Aug2026 18:36:48.257] [Render thread/WARN] [com.mojang.blaze3d.opengl.GlProgram/]: neoforge:pipeline/item_cutout_unlit shader program does not use sampler Sampler2 defined in the pipeline. This might be a bug.
[07Aug2026 18:36:48.295] [Render thread/INFO] [com.mojang.blaze3d.audio.Library/]: OpenAL initialized on device Stream 750 HD llluminated Analog Stereo
[07Aug2026 18:36:48.297] [Render thread/INFO] [net.minecraft.client.sounds.SoundEngine/SOUNDS]: Sound engine started
[07Aug2026 18:36:48.297] [Render thread/INFO] [net.minecraft.client.renderer.texture.TextureAtlas/]: Created: 512x256x0 minecraft:textures/atlas/particles.png-atlas
[07Aug2026 18:36:48.299] [Render thread/DEBUG] [mixin/]: Mixing texture.SpriteContentsTickerAccessor from mixins.iris.json into net.minecraft.client.renderer.texture.SpriteContents$AnimationState
[07Aug2026 18:36:48.299] [Render thread/DEBUG] [mixin/]: mixins.iris.json:texture.SpriteContentsTickerAccessor from mod iris: Class version 69 required is higher than the class version supported by the current version of Mixin (JAVA_8 supports class version 52)
[07Aug2026 18:36:48.299] [Render thread/DEBUG] [mixin/]: Mixing features.textures.animations.tracking.SpriteContentsTickerMixin from sodium-common.mixins.json into net.minecraft.client.renderer.texture.SpriteContents$AnimationState
[07Aug2026 18:36:48.299] [Render thread/DEBUG] [mixin/]: sodium-common.mixins.json:features.textures.animations.tracking.SpriteContentsTickerMixin from mod sodium: Class version 69 required is higher than the class version supported by the current version of Mixin (JAVA_17 supports class version 61)
[07Aug2026 18:36:48.300] [Render thread/DEBUG] [mixin/]: sodium-common.mixins.json:features.textures.animations.tracking.SpriteContentsTickerMixin from mod sodium->@Inject::assignParent(Lnet/minecraft/client/renderer/texture/SpriteContents;Lnet/minecraft/client/renderer/texture/SpriteContents$AnimatedTexture;Lit/unimi/dsi/fastutil/ints/Int2ObjectMap;[Lcom/mojang/blaze3d/buffers/GpuBufferSlice;Lorg/spongepowered/asm/mixin/injection/callback/CallbackInfo;)V doesn't use it's CallbackInfo
[07Aug2026 18:36:48.300] [Render thread/DEBUG] [mixin/]: sodium-common.mixins.json:features.textures.animations.tracking.SpriteContentsTickerMixin from mod sodium->@Inject::assignParent(Lnet/minecraft/client/renderer/texture/SpriteContents;Lnet/minecraft/client/renderer/texture/SpriteContents$AnimatedTexture;Lit/unimi/dsi/fastutil/ints/Int2ObjectMap;[Lcom/mojang/blaze3d/buffers/GpuBufferSlice;Lorg/spongepowered/asm/mixin/injection/callback/CallbackInfo;)V has 0 override(s) in child classes
[07Aug2026 18:36:48.300] [Render thread/DEBUG] [mixin/]: sodium-common.mixins.json:features.textures.animations.tracking.SpriteContentsTickerMixin from mod sodium->@Inject::assignParent(Lnet/minecraft/client/renderer/texture/SpriteContents;Lnet/minecraft/client/renderer/texture/SpriteContents$AnimatedTexture;Lit/unimi/dsi/fastutil/ints/Int2ObjectMap;[Lcom/mojang/blaze3d/buffers/GpuBufferSlice;Lorg/spongepowered/asm/mixin/injection/callback/CallbackInfo;)V won't be passed a CallbackInfo as a result
[07Aug2026 18:36:48.300] [Render thread/DEBUG] [mixin/]: sodium-common.mixins.json:features.textures.animations.tracking.SpriteContentsTickerMixin from mod sodium->@Inject::captureActiveState(Lorg/spongepowered/asm/mixin/injection/callback/CallbackInfo;)V doesn't use it's CallbackInfo
[07Aug2026 18:36:48.300] [Render thread/DEBUG] [mixin/]: sodium-common.mixins.json:features.textures.animations.tracking.SpriteContentsTickerMixin from mod sodium->@Inject::captureActiveState(Lorg/spongepowered/asm/mixin/injection/callback/CallbackInfo;)V has 0 override(s) in child classes
[07Aug2026 18:36:48.300] [Render thread/DEBUG] [mixin/]: sodium-common.mixins.json:features.textures.animations.tracking.SpriteContentsTickerMixin from mod sodium->@Inject::captureActiveState(Lorg/spongepowered/asm/mixin/injection/callback/CallbackInfo;)V won't be passed a CallbackInfo as a result
[07Aug2026 18:36:48.300] [Render thread/DEBUG] [mixin/]: sodium-common.mixins.json:features.textures.animations.tracking.SpriteContentsTickerMixin from mod sodium->@Inject::preTick(Lorg/spongepowered/asm/mixin/injection/callback/CallbackInfoReturnable;)V does use it's CallbackInfoReturnable
[07Aug2026 18:36:48.314] [Render thread/INFO] [net.minecraft.client.renderer.texture.TextureAtlas/]: Created: 128x128x0 minecraft:textures/atlas/decorated_pot.png-atlas
[07Aug2026 18:36:48.315] [Render thread/INFO] [net.minecraft.client.renderer.texture.TextureAtlas/]: Created: 2048x1024x0 minecraft:textures/atlas/armor_trims.png-atlas
[07Aug2026 18:36:48.350] [Render thread/INFO] [net.minecraft.client.renderer.texture.TextureAtlas/]: Created: 512x256x0 minecraft:textures/atlas/paintings.png-atlas
[07Aug2026 18:36:48.352] [Render thread/INFO] [net.minecraft.client.renderer.texture.TextureAtlas/]: Created: 1024x512x0 minecraft:textures/atlas/shield_patterns.png-atlas
[07Aug2026 18:36:48.358] [Render thread/INFO] [net.minecraft.client.renderer.texture.TextureAtlas/]: Created: 1024x1024x2 minecraft:textures/atlas/blocks.png-atlas
[07Aug2026 18:36:48.411] [Render thread/INFO] [net.minecraft.client.renderer.texture.TextureAtlas/]: Created: 512x512x0 minecraft:textures/atlas/chest.png-atlas
[07Aug2026 18:36:48.412] [Render thread/INFO] [net.minecraft.client.renderer.texture.TextureAtlas/]: Created: 256x128x0 minecraft:textures/atlas/celestials.png-atlas
[07Aug2026 18:36:48.412] [Render thread/INFO] [net.minecraft.client.renderer.texture.TextureAtlas/]: Created: 1024x512x0 minecraft:textures/atlas/banner_patterns.png-atlas
[07Aug2026 18:36:48.417] [Render thread/INFO] [net.minecraft.client.renderer.texture.TextureAtlas/]: Created: 512x512x0 minecraft:textures/atlas/beds.png-atlas
[07Aug2026 18:36:48.417] [Render thread/INFO] [net.minecraft.client.renderer.texture.TextureAtlas/]: Created: 1024x512x0 minecraft:textures/atlas/items.png-atlas
[07Aug2026 18:36:48.436] [Render thread/INFO] [net.minecraft.client.renderer.texture.TextureAtlas/]: Created: 1024x1024x0 minecraft:textures/atlas/gui.png-atlas
[07Aug2026 18:36:48.456] [Render thread/INFO] [net.minecraft.client.renderer.texture.TextureAtlas/]: Created: 128x64x0 minecraft:textures/atlas/map_decorations.png-atlas
[07Aug2026 18:36:48.458] [Render thread/INFO] [net.minecraft.client.renderer.texture.TextureAtlas/]: Created: 512x256x0 minecraft:textures/atlas/signs.png-atlas
[07Aug2026 18:36:48.458] [Render thread/INFO] [net.minecraft.client.renderer.texture.TextureAtlas/]: Created: 512x512x0 minecraft:textures/atlas/shulker_boxes.png-atlas
[07Aug2026 18:36:48.573] [Render thread/INFO] [net.neoforged.neoforge.client.entity.animation.json.AnimationLoader/]: Loaded 0 entity animations
[07Aug2026 18:36:48.574] [Render thread/DEBUG] [mixin/]: Mixing entity_render_context.MixinEquipmentLayerRenderer from mixins.iris.json into net.minecraft.client.renderer.entity.layers.EquipmentLayerRenderer
[07Aug2026 18:36:48.574] [Render thread/DEBUG] [mixin/]: mixins.iris.json:entity_render_context.MixinEquipmentLayerRenderer from mod iris: Class version 69 required is higher than the class version supported by the current version of Mixin (JAVA_8 supports class version 52)
[07Aug2026 18:36:48.577] [Render thread/DEBUG] [mixin/]: mixins.iris.json:entity_render_context.MixinEquipmentLayerRenderer from mod iris->@Inject::changeId(Lorg/spongepowered/asm/mixin/injection/callback/CallbackInfo;)V doesn't use it's CallbackInfo
[07Aug2026 18:36:48.577] [Render thread/DEBUG] [mixin/]: mixins.iris.json:entity_render_context.MixinEquipmentLayerRenderer from mod iris->@Inject::changeId(Lorg/spongepowered/asm/mixin/injection/callback/CallbackInfo;)V has 0 override(s) in child classes
[07Aug2026 18:36:48.577] [Render thread/DEBUG] [mixin/]: mixins.iris.json:entity_render_context.MixinEquipmentLayerRenderer from mod iris->@Inject::changeId(Lorg/spongepowered/asm/mixin/injection/callback/CallbackInfo;)V won't be passed a CallbackInfo as a result
[07Aug2026 18:36:48.577] [Render thread/DEBUG] [mixin/]: mixins.iris.json:entity_render_context.MixinEquipmentLayerRenderer from mod iris->@Inject::changeTrimTemp(Lorg/spongepowered/asm/mixin/injection/callback/CallbackInfo;)V doesn't use it's CallbackInfo
[07Aug2026 18:36:48.577] [Render thread/DEBUG] [mixin/]: mixins.iris.json:entity_render_context.MixinEquipmentLayerRenderer from mod iris->@Inject::changeTrimTemp(Lorg/spongepowered/asm/mixin/injection/callback/CallbackInfo;)V has 0 override(s) in child classes
[07Aug2026 18:36:48.577] [Render thread/DEBUG] [mixin/]: mixins.iris.json:entity_render_context.MixinEquipmentLayerRenderer from mod iris->@Inject::changeTrimTemp(Lorg/spongepowered/asm/mixin/injection/callback/CallbackInfo;)V won't be passed a CallbackInfo as a result
[07Aug2026 18:36:48.577] [Render thread/DEBUG] [mixin/]: mixins.iris.json:entity_render_context.MixinEquipmentLayerRenderer from mod iris->@Inject::changeTrimTemp2(Lorg/spongepowered/asm/mixin/injection/callback/CallbackInfo;)V doesn't use it's CallbackInfo
[07Aug2026 18:36:48.577] [Render thread/DEBUG] [mixin/]: mixins.iris.json:entity_render_context.MixinEquipmentLayerRenderer from mod iris->@Inject::changeTrimTemp2(Lorg/spongepowered/asm/mixin/injection/callback/CallbackInfo;)V has 0 override(s) in child classes
[07Aug2026 18:36:48.577] [Render thread/DEBUG] [mixin/]: mixins.iris.json:entity_render_context.MixinEquipmentLayerRenderer from mod iris->@Inject::changeTrimTemp2(Lorg/spongepowered/asm/mixin/injection/callback/CallbackInfo;)V won't be passed a CallbackInfo as a result
[07Aug2026 18:36:48.577] [Render thread/DEBUG] [mixin/]: mixins.iris.json:entity_render_context.MixinEquipmentLayerRenderer from mod iris->@Inject::changeId2(Lorg/spongepowered/asm/mixin/injection/callback/CallbackInfo;)V doesn't use it's CallbackInfo
[07Aug2026 18:36:48.577] [Render thread/DEBUG] [mixin/]: mixins.iris.json:entity_render_context.MixinEquipmentLayerRenderer from mod iris->@Inject::changeId2(Lorg/spongepowered/asm/mixin/injection/callback/CallbackInfo;)V has 0 override(s) in child classes
[07Aug2026 18:36:48.577] [Render thread/DEBUG] [mixin/]: mixins.iris.json:entity_render_context.MixinEquipmentLayerRenderer from mod iris->@Inject::changeId2(Lorg/spongepowered/asm/mixin/injection/callback/CallbackInfo;)V won't be passed a CallbackInfo as a result
[07Aug2026 18:36:48.587] [Render thread/DEBUG] [mixin/]: Mixing entity_render_context.MixinElytraLayer from mixins.iris.json into net.minecraft.client.renderer.entity.layers.WingsLayer
[07Aug2026 18:36:48.587] [Render thread/DEBUG] [mixin/]: mixins.iris.json:entity_render_context.MixinElytraLayer from mod iris: Class version 69 required is higher than the class version supported by the current version of Mixin (JAVA_8 supports class version 52)
[07Aug2026 18:36:48.587] [Render thread/DEBUG] [mixin/]: mixins.iris.json:entity_render_context.MixinElytraLayer from mod iris->@Inject::changeId(Lcom/mojang/blaze3d/vertex/PoseStack;Lnet/minecraft/client/renderer/SubmitNodeCollector;ILnet/minecraft/client/renderer/entity/state/HumanoidRenderState;FFLorg/spongepowered/asm/mixin/injection/callback/CallbackInfo;)V doesn't use it's CallbackInfo
[07Aug2026 18:36:48.587] [Render thread/DEBUG] [mixin/]: mixins.iris.json:entity_render_context.MixinElytraLayer from mod iris->@Inject::changeId(Lcom/mojang/blaze3d/vertex/PoseStack;Lnet/minecraft/client/renderer/SubmitNodeCollector;ILnet/minecraft/client/renderer/entity/state/HumanoidRenderState;FFLorg/spongepowered/asm/mixin/injection/callback/CallbackInfo;)V has 0 override(s) in child classes
[07Aug2026 18:36:48.587] [Render thread/DEBUG] [mixin/]: mixins.iris.json:entity_render_context.MixinElytraLayer from mod iris->@Inject::changeId(Lcom/mojang/blaze3d/vertex/PoseStack;Lnet/minecraft/client/renderer/SubmitNodeCollector;ILnet/minecraft/client/renderer/entity/state/HumanoidRenderState;FFLorg/spongepowered/asm/mixin/injection/callback/CallbackInfo;)V won't be passed a CallbackInfo as a result
[07Aug2026 18:36:48.588] [Render thread/DEBUG] [mixin/]: mixins.iris.json:entity_render_context.MixinElytraLayer from mod iris->@Inject::changeId2(Lorg/spongepowered/asm/mixin/injection/callback/CallbackInfo;)V doesn't use it's CallbackInfo
[07Aug2026 18:36:48.588] [Render thread/DEBUG] [mixin/]: mixins.iris.json:entity_render_context.MixinElytraLayer from mod iris->@Inject::changeId2(Lorg/spongepowered/asm/mixin/injection/callback/CallbackInfo;)V has 0 override(s) in child classes
[07Aug2026 18:36:48.588] [Render thread/DEBUG] [mixin/]: mixins.iris.json:entity_render_context.MixinElytraLayer from mod iris->@Inject::changeId2(Lorg/spongepowered/asm/mixin/injection/callback/CallbackInfo;)V won't be passed a CallbackInfo as a result
[07Aug2026 18:36:48.594] [Render thread/DEBUG] [mixin/]: Mixing entity_render_context.MixinHorseArmorLayer from mixins.iris.json into net.minecraft.client.renderer.entity.layers.SimpleEquipmentLayer
[07Aug2026 18:36:48.594] [Render thread/DEBUG] [mixin/]: mixins.iris.json:entity_render_context.MixinHorseArmorLayer from mod iris: Class version 69 required is higher than the class version supported by the current version of Mixin (JAVA_8 supports class version 52)
[07Aug2026 18:36:48.595] [Render thread/DEBUG] [mixin/]: mixins.iris.json:entity_render_context.MixinHorseArmorLayer from mod iris->@Inject::changeId(Lcom/mojang/blaze3d/vertex/PoseStack;Lnet/minecraft/client/renderer/SubmitNodeCollector;ILnet/minecraft/client/renderer/entity/state/LivingEntityRenderState;FFLorg/spongepowered/asm/mixin/injection/callback/CallbackInfo;)V doesn't use it's CallbackInfo
[07Aug2026 18:36:48.595] [Render thread/DEBUG] [mixin/]: mixins.iris.json:entity_render_context.MixinHorseArmorLayer from mod iris->@Inject::changeId(Lcom/mojang/blaze3d/vertex/PoseStack;Lnet/minecraft/client/renderer/SubmitNodeCollector;ILnet/minecraft/client/renderer/entity/state/LivingEntityRenderState;FFLorg/spongepowered/asm/mixin/injection/callback/CallbackInfo;)V has 0 override(s) in child classes
[07Aug2026 18:36:48.595] [Render thread/DEBUG] [mixin/]: mixins.iris.json:entity_render_context.MixinHorseArmorLayer from mod iris->@Inject::changeId(Lcom/mojang/blaze3d/vertex/PoseStack;Lnet/minecraft/client/renderer/SubmitNodeCollector;ILnet/minecraft/client/renderer/entity/state/LivingEntityRenderState;FFLorg/spongepowered/asm/mixin/injection/callback/CallbackInfo;)V won't be passed a CallbackInfo as a result
[07Aug2026 18:36:48.595] [Render thread/DEBUG] [mixin/]: mixins.iris.json:entity_render_context.MixinHorseArmorLayer from mod iris->@Inject::changeId2(Lorg/spongepowered/asm/mixin/injection/callback/CallbackInfo;)V doesn't use it's CallbackInfo
[07Aug2026 18:36:48.595] [Render thread/DEBUG] [mixin/]: mixins.iris.json:entity_render_context.MixinHorseArmorLayer from mod iris->@Inject::changeId2(Lorg/spongepowered/asm/mixin/injection/callback/CallbackInfo;)V has 0 override(s) in child classes
[07Aug2026 18:36:48.595] [Render thread/DEBUG] [mixin/]: mixins.iris.json:entity_render_context.MixinHorseArmorLayer from mod iris->@Inject::changeId2(Lorg/spongepowered/asm/mixin/injection/callback/CallbackInfo;)V won't be passed a CallbackInfo as a result
[07Aug2026 18:36:48.605] [Render thread/DEBUG] [mixin/]: Mixing entity_render_context.MixinEnderDragonRenderer from mixins.iris.json into net.minecraft.client.renderer.entity.EnderDragonRenderer
[07Aug2026 18:36:48.605] [Render thread/DEBUG] [mixin/]: mixins.iris.json:entity_render_context.MixinEnderDragonRenderer from mod iris: Class version 69 required is higher than the class version supported by the current version of Mixin (JAVA_8 supports class version 52)
[07Aug2026 18:36:48.606] [Render thread/DEBUG] [mixin/]: mixins.iris.json:entity_render_context.MixinEnderDragonRenderer from mod iris->@Inject::changeId(FFFFLcom/mojang/blaze3d/vertex/PoseStack;Lnet/minecraft/client/renderer/SubmitNodeCollector;ILorg/spongepowered/asm/mixin/injection/callback/CallbackInfo;)V doesn't use it's CallbackInfo
[07Aug2026 18:36:48.606] [Render thread/DEBUG] [mixin/]: mixins.iris.json:entity_render_context.MixinEnderDragonRenderer from mod iris->@Inject::changeId2(Lorg/spongepowered/asm/mixin/injection/callback/CallbackInfo;)V doesn't use it's CallbackInfo
[07Aug2026 18:36:48.621] [Render thread/DEBUG] [mixin/]: Mixing MixinLightningBoltRenderer from mixins.iris.json into net.minecraft.client.renderer.entity.LightningBoltRenderer
[07Aug2026 18:36:48.621] [Render thread/DEBUG] [mixin/]: mixins.iris.json:MixinLightningBoltRenderer from mod iris: Class version 69 required is higher than the class version supported by the current version of Mixin (JAVA_8 supports class version 52)
[07Aug2026 18:36:48.681] [Render thread/DEBUG] [mixin/]: Mixing entity_render_context.MixinCapeLayer from mixins.iris.json into net.minecraft.client.renderer.entity.layers.CapeLayer
[07Aug2026 18:36:48.681] [Render thread/DEBUG] [mixin/]: mixins.iris.json:entity_render_context.MixinCapeLayer from mod iris: Class version 69 required is higher than the class version supported by the current version of Mixin (JAVA_8 supports class version 52)
[07Aug2026 18:36:48.681] [Render thread/DEBUG] [mixin/]: mixins.iris.json:entity_render_context.MixinCapeLayer from mod iris->@Inject::changeId(Lcom/mojang/blaze3d/vertex/PoseStack;Lnet/minecraft/client/renderer/SubmitNodeCollector;ILnet/minecraft/client/renderer/entity/state/AvatarRenderState;FFLorg/spongepowered/asm/mixin/injection/callback/CallbackInfo;)V doesn't use it's CallbackInfo
[07Aug2026 18:36:48.681] [Render thread/DEBUG] [mixin/]: mixins.iris.json:entity_render_context.MixinCapeLayer from mod iris->@Inject::changeId(Lcom/mojang/blaze3d/vertex/PoseStack;Lnet/minecraft/client/renderer/SubmitNodeCollector;ILnet/minecraft/client/renderer/entity/state/AvatarRenderState;FFLorg/spongepowered/asm/mixin/injection/callback/CallbackInfo;)V has 0 override(s) in child classes
[07Aug2026 18:36:48.681] [Render thread/DEBUG] [mixin/]: mixins.iris.json:entity_render_context.MixinCapeLayer from mod iris->@Inject::changeId(Lcom/mojang/blaze3d/vertex/PoseStack;Lnet/minecraft/client/renderer/SubmitNodeCollector;ILnet/minecraft/client/renderer/entity/state/AvatarRenderState;FFLorg/spongepowered/asm/mixin/injection/callback/CallbackInfo;)V won't be passed a CallbackInfo as a result
[07Aug2026 18:36:48.681] [Render thread/DEBUG] [mixin/]: mixins.iris.json:entity_render_context.MixinCapeLayer from mod iris->@Inject::changeId2(Lorg/spongepowered/asm/mixin/injection/callback/CallbackInfo;)V doesn't use it's CallbackInfo
[07Aug2026 18:36:48.681] [Render thread/DEBUG] [mixin/]: mixins.iris.json:entity_render_context.MixinCapeLayer from mod iris->@Inject::changeId2(Lorg/spongepowered/asm/mixin/injection/callback/CallbackInfo;)V has 0 override(s) in child classes
[07Aug2026 18:36:48.681] [Render thread/DEBUG] [mixin/]: mixins.iris.json:entity_render_context.MixinCapeLayer from mod iris->@Inject::changeId2(Lorg/spongepowered/asm/mixin/injection/callback/CallbackInfo;)V won't be passed a CallbackInfo as a result
[07Aug2026 18:36:48.689] [Render thread/DEBUG] [mixin/]: Mixing shadows.MixinBeaconRenderer from mixins.iris.json into net.minecraft.client.renderer.blockentity.BeaconRenderer
[07Aug2026 18:36:48.689] [Render thread/DEBUG] [mixin/]: mixins.iris.json:shadows.MixinBeaconRenderer from mod iris: Class version 69 required is higher than the class version supported by the current version of Mixin (JAVA_8 supports class version 52)
[07Aug2026 18:36:48.689] [Render thread/DEBUG] [mixin/]: mixins.iris.json:shadows.MixinBeaconRenderer from mod iris->@Inject::iris$noLightBeamInShadowPass(Lcom/mojang/blaze3d/vertex/PoseStack;Lnet/minecraft/client/renderer/SubmitNodeCollector;Lnet/minecraft/resources/Identifier;FFIIIFFLorg/spongepowered/asm/mixin/injection/callback/CallbackInfo;)V does use it's CallbackInfo
[07Aug2026 18:36:48.692] [Render thread/DEBUG] [mixin/]: Mixing MixinTheEndGatewayRenderer from mixins.iris.json into net.minecraft.client.renderer.blockentity.TheEndGatewayRenderer
[07Aug2026 18:36:48.692] [Render thread/DEBUG] [mixin/]: mixins.iris.json:MixinTheEndGatewayRenderer from mod iris: Class version 69 required is higher than the class version supported by the current version of Mixin (JAVA_8 supports class version 52)
[07Aug2026 18:36:48.696] [Render thread/DEBUG] [mixin/]: Mixing MixinSkyRenderer from mixins.iris.json into net.minecraft.client.renderer.SkyRenderer
[07Aug2026 18:36:48.696] [Render thread/DEBUG] [mixin/]: mixins.iris.json:MixinSkyRenderer from mod iris: Class version 69 required is higher than the class version supported by the current version of Mixin (JAVA_8 supports class version 52)
[07Aug2026 18:36:48.696] [Render thread/DEBUG] [mixin/]: Mixing sky.MixinDimensionSpecialEffects from mixins.iris.json into net.minecraft.client.renderer.SkyRenderer
[07Aug2026 18:36:48.696] [Render thread/DEBUG] [mixin/]: mixins.iris.json:sky.MixinDimensionSpecialEffects from mod iris: Class version 69 required is higher than the class version supported by the current version of Mixin (JAVA_8 supports class version 52)
[07Aug2026 18:36:48.697] [Render thread/DEBUG] [mixin/]: mixins.iris.json:MixinSkyRenderer from mod iris->@Inject::iris$renderSky$beginNormalSky(ILorg/spongepowered/asm/mixin/injection/callback/CallbackInfo;)V doesn't use it's CallbackInfo
[07Aug2026 18:36:48.697] [Render thread/DEBUG] [mixin/]: mixins.iris.json:MixinSkyRenderer from mod iris->@Inject::iris$renderSky$beginNormalSky(ILorg/spongepowered/asm/mixin/injection/callback/CallbackInfo;)V has 0 override(s) in child classes
[07Aug2026 18:36:48.697] [Render thread/DEBUG] [mixin/]: mixins.iris.json:MixinSkyRenderer from mod iris->@Inject::iris$renderSky$beginNormalSky(ILorg/spongepowered/asm/mixin/injection/callback/CallbackInfo;)V won't be passed a CallbackInfo as a result
[07Aug2026 18:36:48.697] [Render thread/DEBUG] [mixin/]: mixins.iris.json:MixinSkyRenderer from mod iris->@Inject::iris$beforeDrawSun(FLcom/mojang/blaze3d/vertex/PoseStack;Lorg/spongepowered/asm/mixin/injection/callback/CallbackInfo;)V does use it's CallbackInfo
[07Aug2026 18:36:48.697] [Render thread/DEBUG] [mixin/]: mixins.iris.json:MixinSkyRenderer from mod iris->@Inject::iris$beforeDrawMoon(Lnet/minecraft/world/level/MoonPhase;FLcom/mojang/blaze3d/vertex/PoseStack;Lorg/spongepowered/asm/mixin/injection/callback/CallbackInfo;)V does use it's CallbackInfo
[07Aug2026 18:36:48.697] [Render thread/DEBUG] [mixin/]: mixins.iris.json:MixinSkyRenderer from mod iris->@Inject::iris$setSunRenderStage(FLcom/mojang/blaze3d/vertex/PoseStack;Lorg/spongepowered/asm/mixin/injection/callback/CallbackInfo;)V doesn't use it's CallbackInfo
[07Aug2026 18:36:48.697] [Render thread/DEBUG] [mixin/]: mixins.iris.json:MixinSkyRenderer from mod iris->@Inject::iris$setSunRenderStage(FLcom/mojang/blaze3d/vertex/PoseStack;Lorg/spongepowered/asm/mixin/injection/callback/CallbackInfo;)V has 0 override(s) in child classes
[07Aug2026 18:36:48.697] [Render thread/DEBUG] [mixin/]: mixins.iris.json:MixinSkyRenderer from mod iris->@Inject::iris$setSunRenderStage(FLcom/mojang/blaze3d/vertex/PoseStack;Lorg/spongepowered/asm/mixin/injection/callback/CallbackInfo;)V won't be passed a CallbackInfo as a result
[07Aug2026 18:36:48.697] [Render thread/DEBUG] [mixin/]: mixins.iris.json:MixinSkyRenderer from mod iris->@Inject::iris$setMoonRenderStage(Lnet/minecraft/world/level/MoonPhase;FLcom/mojang/blaze3d/vertex/PoseStack;Lorg/spongepowered/asm/mixin/injection/callback/CallbackInfo;)V doesn't use it's CallbackInfo
[07Aug2026 18:36:48.697] [Render thread/DEBUG] [mixin/]: mixins.iris.json:MixinSkyRenderer from mod iris->@Inject::iris$setMoonRenderStage(Lnet/minecraft/world/level/MoonPhase;FLcom/mojang/blaze3d/vertex/PoseStack;Lorg/spongepowered/asm/mixin/injection/callback/CallbackInfo;)V has 0 override(s) in child classes
[07Aug2026 18:36:48.697] [Render thread/DEBUG] [mixin/]: mixins.iris.json:MixinSkyRenderer from mod iris->@Inject::iris$setMoonRenderStage(Lnet/minecraft/world/level/MoonPhase;FLcom/mojang/blaze3d/vertex/PoseStack;Lorg/spongepowered/asm/mixin/injection/callback/CallbackInfo;)V won't be passed a CallbackInfo as a result
[07Aug2026 18:36:48.698] [Render thread/DEBUG] [mixin/]: mixins.iris.json:MixinSkyRenderer from mod iris->@Inject::iris$setSunsetRenderStage(Lcom/mojang/blaze3d/vertex/PoseStack;FILorg/spongepowered/asm/mixin/injection/callback/CallbackInfo;)V doesn't use it's CallbackInfo
[07Aug2026 18:36:48.698] [Render thread/DEBUG] [mixin/]: mixins.iris.json:MixinSkyRenderer from mod iris->@Inject::iris$setSunsetRenderStage(Lcom/mojang/blaze3d/vertex/PoseStack;FILorg/spongepowered/asm/mixin/injection/callback/CallbackInfo;)V has 0 override(s) in child classes
[07Aug2026 18:36:48.698] [Render thread/DEBUG] [mixin/]: mixins.iris.json:MixinSkyRenderer from mod iris->@Inject::iris$setSunsetRenderStage(Lcom/mojang/blaze3d/vertex/PoseStack;FILorg/spongepowered/asm/mixin/injection/callback/CallbackInfo;)V won't be passed a CallbackInfo as a result
[07Aug2026 18:36:48.698] [Render thread/DEBUG] [mixin/]: mixins.iris.json:MixinSkyRenderer from mod iris->@Inject::iris$setStarRenderStage(FLcom/mojang/blaze3d/vertex/PoseStack;Lorg/spongepowered/asm/mixin/injection/callback/CallbackInfo;)V doesn't use it's CallbackInfo
[07Aug2026 18:36:48.698] [Render thread/DEBUG] [mixin/]: mixins.iris.json:MixinSkyRenderer from mod iris->@Inject::iris$setStarRenderStage(FLcom/mojang/blaze3d/vertex/PoseStack;Lorg/spongepowered/asm/mixin/injection/callback/CallbackInfo;)V has 0 override(s) in child classes
[07Aug2026 18:36:48.698] [Render thread/DEBUG] [mixin/]: mixins.iris.json:MixinSkyRenderer from mod iris->@Inject::iris$setStarRenderStage(FLcom/mojang/blaze3d/vertex/PoseStack;Lorg/spongepowered/asm/mixin/injection/callback/CallbackInfo;)V won't be passed a CallbackInfo as a result
[07Aug2026 18:36:48.698] [Render thread/DEBUG] [mixin/]: mixins.iris.json:MixinSkyRenderer from mod iris->@Inject::iris$setVoidRenderStage(Lorg/spongepowered/asm/mixin/injection/callback/CallbackInfo;)V doesn't use it's CallbackInfo
[07Aug2026 18:36:48.698] [Render thread/DEBUG] [mixin/]: mixins.iris.json:MixinSkyRenderer from mod iris->@Inject::iris$setVoidRenderStage(Lorg/spongepowered/asm/mixin/injection/callback/CallbackInfo;)V has 0 override(s) in child classes
[07Aug2026 18:36:48.698] [Render thread/DEBUG] [mixin/]: mixins.iris.json:MixinSkyRenderer from mod iris->@Inject::iris$setVoidRenderStage(Lorg/spongepowered/asm/mixin/injection/callback/CallbackInfo;)V won't be passed a CallbackInfo as a result
[07Aug2026 18:36:48.698] [Render thread/DEBUG] [mixin/]: mixins.iris.json:MixinSkyRenderer from mod iris->@Inject::iris$renderSky$tiltSun(Lcom/mojang/blaze3d/vertex/PoseStack;FFFLnet/minecraft/world/level/MoonPhase;FFLorg/spongepowered/asm/mixin/injection/callback/CallbackInfo;)V doesn't use it's CallbackInfo
[07Aug2026 18:36:48.698] [Render thread/DEBUG] [mixin/]: mixins.iris.json:MixinSkyRenderer from mod iris->@Inject::iris$renderSky$tiltSun(Lcom/mojang/blaze3d/vertex/PoseStack;FFFLnet/minecraft/world/level/MoonPhase;FFLorg/spongepowered/asm/mixin/injection/callback/CallbackInfo;)V has 0 override(s) in child classes
[07Aug2026 18:36:48.698] [Render thread/DEBUG] [mixin/]: mixins.iris.json:MixinSkyRenderer from mod iris->@Inject::iris$renderSky$tiltSun(Lcom/mojang/blaze3d/vertex/PoseStack;FFFLnet/minecraft/world/level/MoonPhase;FFLorg/spongepowered/asm/mixin/injection/callback/CallbackInfo;)V won't be passed a CallbackInfo as a result
[07Aug2026 18:36:48.698] [Render thread/DEBUG] [mixin/]: mixins.iris.json:sky.MixinDimensionSpecialEffects from mod iris->@Inject::iris$getSunriseColor(Lcom/mojang/blaze3d/vertex/PoseStack;FILorg/spongepowered/asm/mixin/injection/callback/CallbackInfo;)V does use it's CallbackInfo
[07Aug2026 18:36:48.712] [Render thread/DEBUG] [net.neoforged.fml.classloading.transformation.ClassTransformStatistics/]: Transformed/total loaded classes: 674/10066 (6.70%) and 664 parsed for mixin
[07Aug2026 18:36:48.718] [Render thread/DEBUG] [mixin/]: Mixing EnumOptionBuilderImplAccessor from mixins.iris.compat.sodium.json into net.caffeinemc.mods.sodium.client.config.builder.EnumOptionBuilderImpl
[07Aug2026 18:36:48.719] [Render thread/DEBUG] [mixin/]: mixins.iris.compat.sodium.json:EnumOptionBuilderImplAccessor from mod iris: Class version 69 required is higher than the class version supported by the current version of Mixin (JAVA_8 supports class version 52)
[07Aug2026 18:36:48.721] [Render thread/DEBUG] [mixin/]: Mixing IntegerOptionBuilderImplAccessor from mixins.iris.compat.sodium.json into net.caffeinemc.mods.sodium.client.config.builder.IntegerOptionBuilderImpl
[07Aug2026 18:36:48.721] [Render thread/DEBUG] [mixin/]: mixins.iris.compat.sodium.json:IntegerOptionBuilderImplAccessor from mod iris: Class version 69 required is higher than the class version supported by the current version of Mixin (JAVA_8 supports class version 52)
[07Aug2026 18:36:48.736] [Render thread/DEBUG] [mixin/]: Mixing MixinGlRenderDevice from mixins.iris.compat.sodium.json into net.caffeinemc.mods.sodium.client.gl.device.GLRenderDevice$ImmediateDrawCommandList
[07Aug2026 18:36:48.736] [Render thread/DEBUG] [mixin/]: mixins.iris.compat.sodium.json:MixinGlRenderDevice from mod iris: Class version 69 required is higher than the class version supported by the current version of Mixin (JAVA_8 supports class version 52)
[07Aug2026 18:36:48.743] [Render thread/DEBUG] [io.netty.util.internal.ThreadLocalRandom/]: -Dio.netty.initialSeedUniquifier: 0xf9d361e7db35937a
[07Aug2026 18:36:48.752] [Render thread/INFO] [Iris/]: Creating pipeline for dimension minecraft:overworld
[07Aug2026 18:36:49.748] [Render thread/DEBUG] [mixin/]: Mixing PreparedTextBuilderMixin from jade.mixins.json into net.minecraft.client.gui.Font$PreparedTextBuilder
[07Aug2026 18:36:49.748] [Render thread/DEBUG] [mixin/]: jade.mixins.json:PreparedTextBuilderMixin from mod jade: Class version 69 required is higher than the class version supported by the current version of Mixin (JAVA_21 supports class version 65)
[07Aug2026 18:36:49.749] [Render thread/DEBUG] [mixin/]: jade.mixins.json:PreparedTextBuilderMixin from mod jade->@Inject::jade$accept(ILnet/minecraft/network/chat/Style;Lnet/minecraft/client/gui/font/glyphs/BakedGlyph;Lorg/spongepowered/asm/mixin/injection/callback/CallbackInfoReturnable;)V does use it's CallbackInfoReturnable
[07Aug2026 18:36:51.432] [Render thread/DEBUG] [mixin/]: Mixing CreativeModeInventoryScreenMixin from jade.mixins.json into net.minecraft.client.gui.screens.inventory.CreativeModeInventoryScreen
[07Aug2026 18:36:51.433] [Render thread/DEBUG] [mixin/]: jade.mixins.json:CreativeModeInventoryScreenMixin from mod jade: Class version 69 required is higher than the class version supported by the current version of Mixin (JAVA_21 supports class version 65)
[07Aug2026 18:36:51.434] [Render thread/DEBUG] [mixin/]: jade.mixins.json:CreativeModeInventoryScreenMixin from mod jade->@Inject::jade$initTabNames(Lnet/minecraft/world/item/ItemStack;Lorg/spongepowered/asm/mixin/injection/callback/CallbackInfoReturnable;)V doesn't use it's CallbackInfoReturnable
[07Aug2026 18:36:51.434] [Render thread/DEBUG] [mixin/]: jade.mixins.json:CreativeModeInventoryScreenMixin from mod jade->@Inject::jade$initTabNames(Lnet/minecraft/world/item/ItemStack;Lorg/spongepowered/asm/mixin/injection/callback/CallbackInfoReturnable;)V has 0 override(s) in child classes
[07Aug2026 18:36:51.434] [Render thread/DEBUG] [mixin/]: jade.mixins.json:CreativeModeInventoryScreenMixin from mod jade->@Inject::jade$initTabNames(Lnet/minecraft/world/item/ItemStack;Lorg/spongepowered/asm/mixin/injection/callback/CallbackInfoReturnable;)V won't be passed a CallbackInfoReturnable as a result
[07Aug2026 18:36:52.053] [Render thread/DEBUG] [mixin/]: Mixing MixinLevelStorageAccess from xaerohud.mixins.json into net.minecraft.world.level.storage.LevelStorageSource$LevelStorageAccess
[07Aug2026 18:36:52.053] [Render thread/DEBUG] [mixin/]: xaerohud.mixins.json:MixinLevelStorageAccess from mod xaerominimap: Class version 69 required is higher than the class version supported by the current version of Mixin (JAVA_17 supports class version 61)
[07Aug2026 18:36:52.053] [Render thread/DEBUG] [mixin/]: Mixing MixinLevelStorageAccess from xaeroworldmap.mixins.json into net.minecraft.world.level.storage.LevelStorageSource$LevelStorageAccess
[07Aug2026 18:36:52.053] [Render thread/DEBUG] [mixin/]: xaeroworldmap.mixins.json:MixinLevelStorageAccess from mod xaeroworldmap: Class version 69 required is higher than the class version supported by the current version of Mixin (JAVA_17 supports class version 61)
[07Aug2026 18:36:52.054] [Render thread/DEBUG] [mixin/]: xaerohud.mixins.json:MixinLevelStorageAccess from mod xaerominimap->@Inject::onDeleteLevel(Lorg/spongepowered/asm/mixin/injection/callback/CallbackInfo;)V doesn't use it's CallbackInfo
[07Aug2026 18:36:52.054] [Render thread/DEBUG] [mixin/]: xaerohud.mixins.json:MixinLevelStorageAccess from mod xaerominimap->@Inject::onDeleteLevel(Lorg/spongepowered/asm/mixin/injection/callback/CallbackInfo;)V has 0 override(s) in child classes
[07Aug2026 18:36:52.054] [Render thread/DEBUG] [mixin/]: xaerohud.mixins.json:MixinLevelStorageAccess from mod xaerominimap->@Inject::onDeleteLevel(Lorg/spongepowered/asm/mixin/injection/callback/CallbackInfo;)V won't be passed a CallbackInfo as a result
[07Aug2026 18:36:52.054] [Render thread/DEBUG] [mixin/]: xaeroworldmap.mixins.json:MixinLevelStorageAccess from mod xaeroworldmap->@Inject::onDeleteLevel(Lorg/spongepowered/asm/mixin/injection/callback/CallbackInfo;)V doesn't use it's CallbackInfo
[07Aug2026 18:36:52.054] [Render thread/DEBUG] [mixin/]: xaeroworldmap.mixins.json:MixinLevelStorageAccess from mod xaeroworldmap->@Inject::onDeleteLevel(Lorg/spongepowered/asm/mixin/injection/callback/CallbackInfo;)V has 0 override(s) in child classes
[07Aug2026 18:36:52.054] [Render thread/DEBUG] [mixin/]: xaeroworldmap.mixins.json:MixinLevelStorageAccess from mod xaeroworldmap->@Inject::onDeleteLevel(Lorg/spongepowered/asm/mixin/injection/callback/CallbackInfo;)V won't be passed a CallbackInfo as a result
[07Aug2026 18:36:52.965] [Render thread/INFO] [net.minecraft.world.item.crafting.RecipeManager/]: Loaded 1525 recipes
[07Aug2026 18:36:52.978] [Render thread/INFO] [net.minecraft.advancements.AdvancementTree/]: Loaded 1620 advancements
[07Aug2026 18:36:52.980] [Render thread/INFO] [net.neoforged.neoforge.common.crafting.RecipePriorityManager/]: Loaded 0 recipe priority overrides
[07Aug2026 18:36:53.031] [Render thread/DEBUG] [net.neoforged.neoforge.common.CommonHooks/WP]: Gathered mod list to write to world save New World
[07Aug2026 18:36:53.039] [Render thread/DEBUG] [mixin/]: Mixing MixinPlayerList from xaerolib.mixins.json into net.minecraft.server.players.PlayerList
[07Aug2026 18:36:53.039] [Render thread/DEBUG] [mixin/]: xaerolib.mixins.json:MixinPlayerList from mod xaerolib: Class version 69 required is higher than the class version supported by the current version of Mixin (JAVA_17 supports class version 61)
[07Aug2026 18:36:53.039] [Render thread/DEBUG] [mixin/]: Mixing MixinPlayerList from xaerohud.mixins.json into net.minecraft.server.players.PlayerList
[07Aug2026 18:36:53.039] [Render thread/DEBUG] [mixin/]: xaerohud.mixins.json:MixinPlayerList from mod xaerominimap: Class version 69 required is higher than the class version supported by the current version of Mixin (JAVA_17 supports class version 61)
[07Aug2026 18:36:53.039] [Render thread/DEBUG] [mixin/]: Mixing MixinPlayerList from xaeroworldmap.mixins.json into net.minecraft.server.players.PlayerList
[07Aug2026 18:36:53.039] [Render thread/DEBUG] [mixin/]: xaeroworldmap.mixins.json:MixinPlayerList from mod xaeroworldmap: Class version 69 required is higher than the class version supported by the current version of Mixin (JAVA_17 supports class version 61)
[07Aug2026 18:36:53.040] [Render thread/DEBUG] [mixin/]: xaerolib.mixins.json:MixinPlayerList from mod xaerolib->@Inject::onSendLevelInfo(Lnet/minecraft/server/level/ServerPlayer;Lnet/minecraft/server/level/ServerLevel;Lorg/spongepowered/asm/mixin/injection/callback/CallbackInfo;)V doesn't use it's CallbackInfo
[07Aug2026 18:36:53.040] [Render thread/DEBUG] [mixin/]: xaerolib.mixins.json:MixinPlayerList from mod xaerolib->@Inject::onSendLevelInfo(Lnet/minecraft/server/level/ServerPlayer;Lnet/minecraft/server/level/ServerLevel;Lorg/spongepowered/asm/mixin/injection/callback/CallbackInfo;)V has 0 override(s) in child classes
[07Aug2026 18:36:53.040] [Render thread/DEBUG] [mixin/]: xaerolib.mixins.json:MixinPlayerList from mod xaerolib->@Inject::onSendLevelInfo(Lnet/minecraft/server/level/ServerPlayer;Lnet/minecraft/server/level/ServerLevel;Lorg/spongepowered/asm/mixin/injection/callback/CallbackInfo;)V won't be passed a CallbackInfo as a result
[07Aug2026 18:36:53.040] [Render thread/DEBUG] [mixin/]: xaerohud.mixins.json:MixinPlayerList from mod xaerominimap->@Inject::onSendWorldInfo(Lnet/minecraft/server/level/ServerPlayer;Lnet/minecraft/server/level/ServerLevel;Lorg/spongepowered/asm/mixin/injection/callback/CallbackInfo;)V doesn't use it's CallbackInfo
[07Aug2026 18:36:53.040] [Render thread/DEBUG] [mixin/]: xaerohud.mixins.json:MixinPlayerList from mod xaerominimap->@Inject::onSendWorldInfo(Lnet/minecraft/server/level/ServerPlayer;Lnet/minecraft/server/level/ServerLevel;Lorg/spongepowered/asm/mixin/injection/callback/CallbackInfo;)V has 0 override(s) in child classes
[07Aug2026 18:36:53.040] [Render thread/DEBUG] [mixin/]: xaerohud.mixins.json:MixinPlayerList from mod xaerominimap->@Inject::onSendWorldInfo(Lnet/minecraft/server/level/ServerPlayer;Lnet/minecraft/server/level/ServerLevel;Lorg/spongepowered/asm/mixin/injection/callback/CallbackInfo;)V won't be passed a CallbackInfo as a result
[07Aug2026 18:36:53.040] [Render thread/DEBUG] [mixin/]: xaeroworldmap.mixins.json:MixinPlayerList from mod xaeroworldmap->@Inject::onSendWorldInfo(Lnet/minecraft/server/level/ServerPlayer;Lnet/minecraft/server/level/ServerLevel;Lorg/spongepowered/asm/mixin/injection/callback/CallbackInfo;)V doesn't use it's CallbackInfo
[07Aug2026 18:36:53.040] [Render thread/DEBUG] [mixin/]: xaeroworldmap.mixins.json:MixinPlayerList from mod xaeroworldmap->@Inject::onSendWorldInfo(Lnet/minecraft/server/level/ServerPlayer;Lnet/minecraft/server/level/ServerLevel;Lorg/spongepowered/asm/mixin/injection/callback/CallbackInfo;)V has 0 override(s) in child classes
[07Aug2026 18:36:53.040] [Render thread/DEBUG] [mixin/]: xaeroworldmap.mixins.json:MixinPlayerList from mod xaeroworldmap->@Inject::onSendWorldInfo(Lnet/minecraft/server/level/ServerPlayer;Lnet/minecraft/server/level/ServerLevel;Lorg/spongepowered/asm/mixin/injection/callback/CallbackInfo;)V won't be passed a CallbackInfo as a result
[07Aug2026 18:36:53.109] [Server thread/INFO] [net.minecraft.client.server.IntegratedServer/]: Starting integrated minecraft server version 26.1.2
[07Aug2026 18:36:53.109] [Server thread/INFO] [net.minecraft.server.MinecraftServer/]: Generating keypair
[07Aug2026 18:36:53.171] [Server thread/DEBUG] [net.neoforged.fml.config.ConfigTracker/CONFIG]: Loading configs type SERVER
[07Aug2026 18:36:53.172] [Server thread/DEBUG] [net.neoforged.fml.config.ConfigTracker/CONFIG]: Loaded TOML config file /home/tillman/Desktop/programmieren/minecraft/MODS/TIllmansCooleMod/run/config/toolbelt-server.toml
[07Aug2026 18:36:53.172] [Server thread/DEBUG] [net.neoforged.fml.config.ConfigTracker/CONFIG]: Watching TOML config file /home/tillman/Desktop/programmieren/minecraft/MODS/TIllmansCooleMod/run/config/toolbelt-server.toml for changes
[07Aug2026 18:36:53.173] [Server thread/DEBUG] [net.neoforged.neoforge.common.NeoForgeMod/FORGEMOD]: Loaded NeoForge config file neoforge-server.toml
[07Aug2026 18:36:53.173] [Server thread/DEBUG] [net.neoforged.fml.config.ConfigTracker/CONFIG]: Loaded TOML config file /home/tillman/Desktop/programmieren/minecraft/MODS/TIllmansCooleMod/run/config/neoforge-server.toml
[07Aug2026 18:36:53.173] [Server thread/DEBUG] [net.neoforged.fml.config.ConfigTracker/CONFIG]: Watching TOML config file /home/tillman/Desktop/programmieren/minecraft/MODS/TIllmansCooleMod/run/config/neoforge-server.toml for changes
[07Aug2026 18:36:53.175] [Server thread/DEBUG] [net.neoforged.fml.config.ConfigTracker/CONFIG]: Loaded TOML config file /home/tillman/Desktop/programmieren/minecraft/MODS/TIllmansCooleMod/run/config/easy_villagers-server.toml
[07Aug2026 18:36:53.176] [Server thread/DEBUG] [net.neoforged.fml.config.ConfigTracker/CONFIG]: Watching TOML config file /home/tillman/Desktop/programmieren/minecraft/MODS/TIllmansCooleMod/run/config/easy_villagers-server.toml for changes
[07Aug2026 18:36:53.213] [Server thread/DEBUG] [mixin/]: Mixing core.world.chunk.PalettedContainerMixin from sodium-common.mixins.json into net.minecraft.world.level.chunk.PalettedContainer
[07Aug2026 18:36:53.213] [Server thread/DEBUG] [mixin/]: sodium-common.mixins.json:core.world.chunk.PalettedContainerMixin from mod sodium: Class version 69 required is higher than the class version supported by the current version of Mixin (JAVA_17 supports class version 61)
[07Aug2026 18:36:53.275] [Server thread/DEBUG] [mixin/]: Mixing core.world.chunk.SimpleBitStorageMixin from sodium-common.mixins.json into net.minecraft.util.SimpleBitStorage
[07Aug2026 18:36:53.275] [Server thread/DEBUG] [mixin/]: sodium-common.mixins.json:core.world.chunk.SimpleBitStorageMixin from mod sodium: Class version 69 required is higher than the class version supported by the current version of Mixin (JAVA_17 supports class version 61)
[07Aug2026 18:36:53.359] [Server thread/INFO] [net.minecraft.server.level.progress.LoggingLevelLoadListener/]: Loading 0 persistent chunks...
[07Aug2026 18:36:53.359] [Server thread/INFO] [net.minecraft.server.level.progress.LoggingLevelLoadListener/]: Preparing spawn area: 16%
[07Aug2026 18:36:53.370] [Server thread/INFO] [net.minecraft.server.MinecraftServer/]: Saving chunks for level 'ServerLevel[New World]'/minecraft:overworld
[07Aug2026 18:36:53.381] [Server thread/INFO] [net.minecraft.server.MinecraftServer/]: Saving chunks for level 'ServerLevel[New World]'/minecraft:the_end
[07Aug2026 18:36:53.387] [Server thread/INFO] [net.minecraft.server.MinecraftServer/]: Saving chunks for level 'ServerLevel[New World]'/minecraft:the_nether
[07Aug2026 18:36:53.391] [Server thread/DEBUG] [net.neoforged.neoforge.common.CommonHooks/WP]: Gathered mod list to write to world save New World
[07Aug2026 18:36:53.401] [Server thread/INFO] [net.minecraft.server.MinecraftServer/]: ThreadedAnvilChunkStorage (world): All chunks are saved
[07Aug2026 18:36:53.401] [Server thread/INFO] [net.minecraft.server.MinecraftServer/]: ThreadedAnvilChunkStorage (DIM1): All chunks are saved
[07Aug2026 18:36:53.401] [Server thread/INFO] [net.minecraft.server.MinecraftServer/]: ThreadedAnvilChunkStorage (DIM-1): All chunks are saved
[07Aug2026 18:36:53.401] [Server thread/INFO] [net.minecraft.server.MinecraftServer/]: ThreadedAnvilChunkStorage: All dimensions are saved
[07Aug2026 18:36:53.404] [Server thread/INFO] [net.neoforged.neoforge.server.permission.PermissionAPI/]: Successfully initialized permission handler neoforge:default_handler
[07Aug2026 18:36:53.486] [Render thread/DEBUG] [io.netty.channel.MultithreadEventLoopGroup/]: -Dio.netty.eventLoopThreads: 32
[07Aug2026 18:36:53.493] [Render thread/DEBUG] [io.netty.util.concurrent.GlobalEventExecutor/]: -Dio.netty.globalEventExecutor.quietPeriodSeconds: 1
[07Aug2026 18:36:53.501] [Render thread/DEBUG] [io.netty.util.internal.PlatformDependent/]: org.jctools-core.MpscChunkedArrayQueue: available
[07Aug2026 18:36:53.507] [Render thread/DEBUG] [io.netty.channel.DefaultChannelId/]: -Dio.netty.processId: 212387 (auto-detected)
[07Aug2026 18:36:53.508] [Render thread/DEBUG] [io.netty.util.NetUtil/]: -Djava.net.preferIPv4Stack: false
[07Aug2026 18:36:53.508] [Render thread/DEBUG] [io.netty.util.NetUtil/]: -Djava.net.preferIPv6Addresses: system
[07Aug2026 18:36:53.509] [Render thread/DEBUG] [io.netty.util.NetUtilInitializations/]: Loopback interface: lo (lo, 0:0:0:0:0:0:0:1%lo)
[07Aug2026 18:36:53.510] [Render thread/DEBUG] [io.netty.util.NetUtil/]: /proc/sys/net/core/somaxconn: 4096
[07Aug2026 18:36:53.510] [Render thread/DEBUG] [io.netty.channel.DefaultChannelId/]: -Dio.netty.machineId: dc:62:79:ff:fe:cb:d5:74 (auto-detected)
[07Aug2026 18:36:53.517] [Render thread/DEBUG] [io.netty.bootstrap.ChannelInitializerExtensions/]: -Dio.netty.bootstrap.extensions: null
[07Aug2026 18:36:53.677] [Netty Local IO #1/DEBUG] [net.neoforged.neoforge.network.filters.NetworkFilters/]: Injected net.neoforged.neoforge.network.filters.GenericPacketSplitter@5621a8b5 into net.minecraft.network.Connection@5da645fe
[07Aug2026 18:36:53.689] [Netty Local IO #0/DEBUG] [net.neoforged.neoforge.network.filters.NetworkFilters/]: Injected net.neoforged.neoforge.network.filters.GenericPacketSplitter@2ebb73fb into net.minecraft.network.Connection@1c2ac7b5
[07Aug2026 18:36:53.838] [Server thread/INFO] [net.minecraft.server.level.progress.LoggingLevelLoadListener/]: Loading 49 chunks for player spawn...
[07Aug2026 18:36:53.866] [parseChunk/DEBUG] [mixin/]: Mixing core.world.chunk.ZeroBitStorageMixin from sodium-common.mixins.json into net.minecraft.util.ZeroBitStorage
[07Aug2026 18:36:53.866] [parseChunk/DEBUG] [mixin/]: sodium-common.mixins.json:core.world.chunk.ZeroBitStorageMixin from mod sodium: Class version 69 required is higher than the class version supported by the current version of Mixin (JAVA_17 supports class version 61)
[07Aug2026 18:36:53.907] [Server thread/INFO] [net.minecraft.server.level.progress.LoggingLevelLoadListener/]: Preparing spawn area: 16%
[07Aug2026 18:36:54.007] [Server thread/INFO] [net.minecraft.server.level.progress.LoggingLevelLoadListener/]: Time elapsed: 648 ms
[07Aug2026 18:36:54.128] [Render thread/DEBUG] [mixin/]: Mixing MixinChunkDeltaUpdateS2CPacket from xaerohud.mixins.json into net.minecraft.network.protocol.game.ClientboundSectionBlocksUpdatePacket
[07Aug2026 18:36:54.128] [Render thread/DEBUG] [mixin/]: xaerohud.mixins.json:MixinChunkDeltaUpdateS2CPacket from mod xaerominimap: Class version 69 required is higher than the class version supported by the current version of Mixin (JAVA_17 supports class version 61)
[07Aug2026 18:36:54.129] [Render thread/DEBUG] [mixin/]: Mixing MixinChunkDeltaUpdateS2CPacketAccessor from xaeroworldmap.mixins.json into net.minecraft.network.protocol.game.ClientboundSectionBlocksUpdatePacket
[07Aug2026 18:36:54.129] [Render thread/DEBUG] [mixin/]: xaeroworldmap.mixins.json:MixinChunkDeltaUpdateS2CPacketAccessor from mod xaeroworldmap: Class version 69 required is higher than the class version supported by the current version of Mixin (JAVA_17 supports class version 61)
[07Aug2026 18:36:54.208] [Netty Local IO #1/DEBUG] [net.neoforged.neoforge.network.filters.NetworkFilters/]: Injected net.neoforged.neoforge.network.filters.GenericPacketSplitter@49393662 into net.minecraft.network.Connection@5da645fe
[07Aug2026 18:36:54.261] [Server thread/INFO] [net.minecraft.server.players.PlayerList/]: Dev[local:E:3714b879] logged in with entity id 1 at (-43.72029130194172, 56.0, 136.03928139533303)
[07Aug2026 18:36:54.274] [Server thread/DEBUG] [net.neoforged.neoforge.common.CommonHooks/]: Sending 0 recipes of the following types: []
[07Aug2026 18:36:54.309] [Server thread/INFO] [net.minecraft.server.MinecraftServer/]: Dev joined the game
[07Aug2026 18:36:54.363] [Render thread/DEBUG] [xaero.lib.XaeroLib/]: Loaded xaero.lib.platform.services.PlatformClientOnlyHelperNeoForge@6145981c for service interface xaero.lib.platform.services.IPlatformClientOnlyHelper
[07Aug2026 18:36:54.367] [Render thread/INFO] [xaero.hud.minimap.MinimapLogs/]: Minimap required item set to nothing.
[07Aug2026 18:36:54.367] [Render thread/DEBUG] [xaero.common.HudMod/]: Initialized new session for module xaerominimap:minimap!
[07Aug2026 18:36:54.367] [Render thread/INFO] [xaero.hud.minimap.MinimapLogs/]: New Xaero hud session initialized!
[07Aug2026 18:36:54.390] [Render thread/INFO] [xaero.map.WorldMap/]: Fullscreen map required item set to nothing.
[07Aug2026 18:36:54.397] [Render thread/INFO] [xaero.map.WorldMap/]: New world map session initialized!
[07Aug2026 18:36:54.401] [Render thread/DEBUG] [mixin/]: Mixing sky.MixinClientLevelData_DisableVoidPlane from mixins.iris.json into net.minecraft.client.multiplayer.ClientLevel$ClientLevelData
[07Aug2026 18:36:54.401] [Render thread/DEBUG] [mixin/]: mixins.iris.json:sky.MixinClientLevelData_DisableVoidPlane from mod iris: Class version 69 required is higher than the class version supported by the current version of Mixin (JAVA_8 supports class version 52)
[07Aug2026 18:36:54.401] [Render thread/DEBUG] [mixin/]: mixins.iris.json:sky.MixinClientLevelData_DisableVoidPlane from mod iris->@Inject::iris$getHorizonHeight(Lorg/spongepowered/asm/mixin/injection/callback/CallbackInfoReturnable;)V does use it's CallbackInfoReturnable
[07Aug2026 18:36:54.404] [Render thread/DEBUG] [mixin/]: Mixing core.world.map.ClientChunkCacheMixin from sodium-common.mixins.json into net.minecraft.client.multiplayer.ClientChunkCache
[07Aug2026 18:36:54.405] [Render thread/DEBUG] [mixin/]: sodium-common.mixins.json:core.world.map.ClientChunkCacheMixin from mod sodium: Class version 69 required is higher than the class version supported by the current version of Mixin (JAVA_17 supports class version 61)
[07Aug2026 18:36:54.405] [Render thread/DEBUG] [mixin/]: sodium-common.mixins.json:core.world.map.ClientChunkCacheMixin from mod sodium->@Inject::onChunkUnloaded(Lnet/minecraft/world/level/ChunkPos;Lorg/spongepowered/asm/mixin/injection/callback/CallbackInfo;)V doesn't use it's CallbackInfo
[07Aug2026 18:36:54.405] [Render thread/DEBUG] [mixin/]: sodium-common.mixins.json:core.world.map.ClientChunkCacheMixin from mod sodium->@Inject::onChunkUnloaded(Lnet/minecraft/world/level/ChunkPos;Lorg/spongepowered/asm/mixin/injection/callback/CallbackInfo;)V has 0 override(s) in child classes
[07Aug2026 18:36:54.405] [Render thread/DEBUG] [mixin/]: sodium-common.mixins.json:core.world.map.ClientChunkCacheMixin from mod sodium->@Inject::onChunkUnloaded(Lnet/minecraft/world/level/ChunkPos;Lorg/spongepowered/asm/mixin/injection/callback/CallbackInfo;)V won't be passed a CallbackInfo as a result
[07Aug2026 18:36:54.406] [Render thread/DEBUG] [mixin/]: sodium-common.mixins.json:core.world.map.ClientChunkCacheMixin from mod sodium->@Inject::onChunkLoaded(IILnet/minecraft/network/FriendlyByteBuf;Ljava/util/Map;Ljava/util/function/Consumer;Lorg/spongepowered/asm/mixin/injection/callback/CallbackInfoReturnable;)V doesn't use it's CallbackInfoReturnable
[07Aug2026 18:36:54.406] [Render thread/DEBUG] [mixin/]: sodium-common.mixins.json:core.world.map.ClientChunkCacheMixin from mod sodium->@Inject::onChunkLoaded(IILnet/minecraft/network/FriendlyByteBuf;Ljava/util/Map;Ljava/util/function/Consumer;Lorg/spongepowered/asm/mixin/injection/callback/CallbackInfoReturnable;)V has 0 override(s) in child classes
[07Aug2026 18:36:54.406] [Render thread/DEBUG] [mixin/]: sodium-common.mixins.json:core.world.map.ClientChunkCacheMixin from mod sodium->@Inject::onChunkLoaded(IILnet/minecraft/network/FriendlyByteBuf;Ljava/util/Map;Ljava/util/function/Consumer;Lorg/spongepowered/asm/mixin/injection/callback/CallbackInfoReturnable;)V won't be passed a CallbackInfoReturnable as a result
[07Aug2026 18:36:54.417] [Server thread/INFO] [net.minecraft.client.server.IntegratedServer/]: Changing view distance to 5, from 10
[07Aug2026 18:36:54.421] [Server thread/INFO] [net.minecraft.client.server.IntegratedServer/]: Changing simulation distance to 12, from 0
[07Aug2026 18:36:54.445] [Render thread/DEBUG] [mixin/]: Mixing block_rendering.MixinChunkRebuildTask from mixins.iris.vertexformat.json into net.minecraft.client.renderer.chunk.SectionRenderDispatcher$RenderSection$RebuildTask
[07Aug2026 18:36:54.445] [Render thread/DEBUG] [mixin/]: mixins.iris.vertexformat.json:block_rendering.MixinChunkRebuildTask from mod iris: Class version 69 required is higher than the class version supported by the current version of Mixin (JAVA_8 supports class version 52)
[07Aug2026 18:36:54.455] [Render thread/DEBUG] [mixin/]: Mixing MixinRenderSectionManager from mixins.iris.compat.sodium.json into net.caffeinemc.mods.sodium.client.render.chunk.RenderSectionManager
[07Aug2026 18:36:54.455] [Render thread/DEBUG] [mixin/]: mixins.iris.compat.sodium.json:MixinRenderSectionManager from mod iris: Class version 69 required is higher than the class version supported by the current version of Mixin (JAVA_8 supports class version 52)
[07Aug2026 18:36:54.455] [Render thread/DEBUG] [mixin/]: Mixing MixinRenderSectionManagerShadow from mixins.iris.compat.sodium.json into net.caffeinemc.mods.sodium.client.render.chunk.RenderSectionManager
[07Aug2026 18:36:54.455] [Render thread/DEBUG] [mixin/]: mixins.iris.compat.sodium.json:MixinRenderSectionManagerShadow from mod iris: Class version 69 required is higher than the class version supported by the current version of Mixin (JAVA_8 supports class version 52)
[07Aug2026 18:36:54.458] [Render thread/DEBUG] [mixin/]: mixins.iris.compat.sodium.json:MixinRenderSectionManagerShadow from mod iris->@Inject::initIris(Lnet/minecraft/client/multiplayer/ClientLevel;ILnet/caffeinemc/mods/sodium/client/render/chunk/translucent_sorting/SortBehavior;Lnet/caffeinemc/mods/sodium/client/gl/device/CommandList;Lorg/spongepowered/asm/mixin/injection/callback/CallbackInfo;)V doesn't use it's CallbackInfo
[07Aug2026 18:36:54.458] [Render thread/DEBUG] [mixin/]: mixins.iris.compat.sodium.json:MixinRenderSectionManagerShadow from mod iris->@Inject::initIris(Lnet/minecraft/client/multiplayer/ClientLevel;ILnet/caffeinemc/mods/sodium/client/render/chunk/translucent_sorting/SortBehavior;Lnet/caffeinemc/mods/sodium/client/gl/device/CommandList;Lorg/spongepowered/asm/mixin/injection/callback/CallbackInfo;)V has 0 override(s) in child classes
[07Aug2026 18:36:54.458] [Render thread/DEBUG] [mixin/]: mixins.iris.compat.sodium.json:MixinRenderSectionManagerShadow from mod iris->@Inject::initIris(Lnet/minecraft/client/multiplayer/ClientLevel;ILnet/caffeinemc/mods/sodium/client/render/chunk/translucent_sorting/SortBehavior;Lnet/caffeinemc/mods/sodium/client/gl/device/CommandList;Lorg/spongepowered/asm/mixin/injection/callback/CallbackInfo;)V won't be passed a CallbackInfo as a result
[07Aug2026 18:36:54.458] [Render thread/DEBUG] [mixin/]: mixins.iris.compat.sodium.json:MixinRenderSectionManagerShadow from mod iris->@Inject::create(Lnet/minecraft/client/multiplayer/ClientLevel;ILnet/caffeinemc/mods/sodium/client/render/chunk/translucent_sorting/SortBehavior;Lnet/caffeinemc/mods/sodium/client/gl/device/CommandList;Lorg/spongepowered/asm/mixin/injection/callback/CallbackInfo;)V doesn't use it's CallbackInfo
[07Aug2026 18:36:54.458] [Render thread/DEBUG] [mixin/]: mixins.iris.compat.sodium.json:MixinRenderSectionManagerShadow from mod iris->@Inject::create(Lnet/minecraft/client/multiplayer/ClientLevel;ILnet/caffeinemc/mods/sodium/client/render/chunk/translucent_sorting/SortBehavior;Lnet/caffeinemc/mods/sodium/client/gl/device/CommandList;Lorg/spongepowered/asm/mixin/injection/callback/CallbackInfo;)V has 0 override(s) in child classes
[07Aug2026 18:36:54.458] [Render thread/DEBUG] [mixin/]: mixins.iris.compat.sodium.json:MixinRenderSectionManagerShadow from mod iris->@Inject::create(Lnet/minecraft/client/multiplayer/ClientLevel;ILnet/caffeinemc/mods/sodium/client/render/chunk/translucent_sorting/SortBehavior;Lnet/caffeinemc/mods/sodium/client/gl/device/CommandList;Lorg/spongepowered/asm/mixin/injection/callback/CallbackInfo;)V won't be passed a CallbackInfo as a result
[07Aug2026 18:36:54.458] [Render thread/DEBUG] [mixin/]: mixins.iris.compat.sodium.json:MixinRenderSectionManagerShadow from mod iris->@Inject::markShadowGraphDirty(Lorg/spongepowered/asm/mixin/injection/callback/CallbackInfo;)V doesn't use it's CallbackInfo
[07Aug2026 18:36:54.458] [Render thread/DEBUG] [mixin/]: mixins.iris.compat.sodium.json:MixinRenderSectionManagerShadow from mod iris->@Inject::markShadowGraphDirty(Lorg/spongepowered/asm/mixin/injection/callback/CallbackInfo;)V has 0 override(s) in child classes
[07Aug2026 18:36:54.458] [Render thread/DEBUG] [mixin/]: mixins.iris.compat.sodium.json:MixinRenderSectionManagerShadow from mod iris->@Inject::markShadowGraphDirty(Lorg/spongepowered/asm/mixin/injection/callback/CallbackInfo;)V won't be passed a CallbackInfo as a result
[07Aug2026 18:36:54.458] [Render thread/DEBUG] [mixin/]: mixins.iris.compat.sodium.json:MixinRenderSectionManagerShadow from mod iris->@Inject::markShadowCameraDirty(Lorg/spongepowered/asm/mixin/injection/callback/CallbackInfo;)V doesn't use it's CallbackInfo
[07Aug2026 18:36:54.458] [Render thread/DEBUG] [mixin/]: mixins.iris.compat.sodium.json:MixinRenderSectionManagerShadow from mod iris->@Inject::markShadowCameraDirty(Lorg/spongepowered/asm/mixin/injection/callback/CallbackInfo;)V has 0 override(s) in child classes
[07Aug2026 18:36:54.458] [Render thread/DEBUG] [mixin/]: mixins.iris.compat.sodium.json:MixinRenderSectionManagerShadow from mod iris->@Inject::markShadowCameraDirty(Lorg/spongepowered/asm/mixin/injection/callback/CallbackInfo;)V won't be passed a CallbackInfo as a result
[07Aug2026 18:36:54.458] [Render thread/DEBUG] [mixin/]: mixins.iris.compat.sodium.json:MixinRenderSectionManagerShadow from mod iris->@Inject::updateSectionInfo(Lnet/caffeinemc/mods/sodium/client/render/chunk/RenderSection;Lnet/caffeinemc/mods/sodium/client/render/chunk/data/BuiltSectionInfo;Lorg/spongepowered/asm/mixin/injection/callback/CallbackInfoReturnable;)V doesn't use it's CallbackInfoReturnable
[07Aug2026 18:36:54.458] [Render thread/DEBUG] [mixin/]: mixins.iris.compat.sodium.json:MixinRenderSectionManagerShadow from mod iris->@Inject::updateSectionInfo(Lnet/caffeinemc/mods/sodium/client/render/chunk/RenderSection;Lnet/caffeinemc/mods/sodium/client/render/chunk/data/BuiltSectionInfo;Lorg/spongepowered/asm/mixin/injection/callback/CallbackInfoReturnable;)V has 0 override(s) in child classes
[07Aug2026 18:36:54.458] [Render thread/DEBUG] [mixin/]: mixins.iris.compat.sodium.json:MixinRenderSectionManagerShadow from mod iris->@Inject::updateSectionInfo(Lnet/caffeinemc/mods/sodium/client/render/chunk/RenderSection;Lnet/caffeinemc/mods/sodium/client/render/chunk/data/BuiltSectionInfo;Lorg/spongepowered/asm/mixin/injection/callback/CallbackInfoReturnable;)V won't be passed a CallbackInfoReturnable as a result
[07Aug2026 18:36:54.458] [Render thread/DEBUG] [mixin/]: mixins.iris.compat.sodium.json:MixinRenderSectionManagerShadow from mod iris->@Inject::onSectionRemoved(IIILorg/spongepowered/asm/mixin/injection/callback/CallbackInfo;)V doesn't use it's CallbackInfo
[07Aug2026 18:36:54.458] [Render thread/DEBUG] [mixin/]: mixins.iris.compat.sodium.json:MixinRenderSectionManagerShadow from mod iris->@Inject::onSectionRemoved(IIILorg/spongepowered/asm/mixin/injection/callback/CallbackInfo;)V has 0 override(s) in child classes
[07Aug2026 18:36:54.458] [Render thread/DEBUG] [mixin/]: mixins.iris.compat.sodium.json:MixinRenderSectionManagerShadow from mod iris->@Inject::onSectionRemoved(IIILorg/spongepowered/asm/mixin/injection/callback/CallbackInfo;)V won't be passed a CallbackInfo as a result
[07Aug2026 18:36:54.458] [Render thread/DEBUG] [mixin/]: mixins.iris.compat.sodium.json:MixinRenderSectionManagerShadow from mod iris->@Inject::skipAsyncCullDuringShadow(Lnet/minecraft/client/Camera;Lnet/caffeinemc/mods/sodium/client/render/viewport/Viewport;Lnet/caffeinemc/mods/sodium/client/util/FogParameters;ZLorg/spongepowered/asm/mixin/injection/callback/CallbackInfo;)V does use it's CallbackInfo
[07Aug2026 18:36:54.458] [Render thread/DEBUG] [mixin/]: mixins.iris.compat.sodium.json:MixinRenderSectionManagerShadow from mod iris->@Inject::skipAsyncCullDuringShadow2(Lnet/caffeinemc/mods/sodium/client/render/viewport/Viewport;ZLorg/spongepowered/asm/mixin/injection/callback/CallbackInfo;)V does use it's CallbackInfo
[07Aug2026 18:36:54.459] [Render thread/DEBUG] [mixin/]: mixins.iris.compat.sodium.json:MixinRenderSectionManagerShadow from mod iris->@Inject::skipCleanupAndFlipDuringShadow(Lorg/spongepowered/asm/mixin/injection/callback/CallbackInfo;)V does use it's CallbackInfo
[07Aug2026 18:36:54.459] [Render thread/DEBUG] [mixin/]: mixins.iris.compat.sodium.json:MixinRenderSectionManagerShadow from mod iris->@Inject::skipChunkBuildProcessingDuringShadow(Lnet/caffeinemc/mods/sodium/client/render/viewport/Viewport;Lnet/caffeinemc/mods/sodium/client/render/chunk/UniformBufferManager;Lorg/spongepowered/asm/mixin/injection/callback/CallbackInfo;)V does use it's CallbackInfo
[07Aug2026 18:36:54.459] [Render thread/DEBUG] [mixin/]: mixins.iris.compat.sodium.json:MixinRenderSectionManagerShadow from mod iris->@Inject::skipTranslucentSortingDuringShadow(Lnet/caffeinemc/mods/sodium/client/render/chunk/translucent_sorting/trigger/CameraMovement;Lorg/spongepowered/asm/mixin/injection/callback/CallbackInfo;)V does use it's CallbackInfo
[07Aug2026 18:36:54.459] [Render thread/DEBUG] [mixin/]: mixins.iris.compat.sodium.json:MixinRenderSectionManagerShadow from mod iris->@Inject::iris$destroy(Lorg/spongepowered/asm/mixin/injection/callback/CallbackInfo;)V doesn't use it's CallbackInfo
[07Aug2026 18:36:54.459] [Render thread/DEBUG] [mixin/]: mixins.iris.compat.sodium.json:MixinRenderSectionManagerShadow from mod iris->@Inject::iris$destroy(Lorg/spongepowered/asm/mixin/injection/callback/CallbackInfo;)V has 0 override(s) in child classes
[07Aug2026 18:36:54.459] [Render thread/DEBUG] [mixin/]: mixins.iris.compat.sodium.json:MixinRenderSectionManagerShadow from mod iris->@Inject::iris$destroy(Lorg/spongepowered/asm/mixin/injection/callback/CallbackInfo;)V won't be passed a CallbackInfo as a result
[07Aug2026 18:36:54.467] [Render thread/DEBUG] [mixin/]: Mixing MixinChunkMeshBuildTask from mixins.iris.compat.sodium.json into net.caffeinemc.mods.sodium.client.render.chunk.compile.tasks.ChunkBuilderMeshingTask
[07Aug2026 18:36:54.468] [Render thread/DEBUG] [mixin/]: mixins.iris.compat.sodium.json:MixinChunkMeshBuildTask from mod iris: Class version 69 required is higher than the class version supported by the current version of Mixin (JAVA_8 supports class version 52)
[07Aug2026 18:36:54.476] [Render thread/DEBUG] [mixin/]: mixins.iris.compat.sodium.json:MixinChunkMeshBuildTask from mod iris->@Inject::iris$setLightBlock(Lnet/caffeinemc/mods/sodium/client/render/chunk/compile/ChunkBuildContext;Lnet/caffeinemc/mods/sodium/client/util/task/CancellationToken;Lorg/spongepowered/asm/mixin/injection/callback/CallbackInfoReturnable;)V doesn't use it's CallbackInfoReturnable
[07Aug2026 18:36:54.476] [Render thread/DEBUG] [mixin/]: mixins.iris.compat.sodium.json:MixinChunkMeshBuildTask from mod iris->@Inject::iris$setLightBlock(Lnet/caffeinemc/mods/sodium/client/render/chunk/compile/ChunkBuildContext;Lnet/caffeinemc/mods/sodium/client/util/task/CancellationToken;Lorg/spongepowered/asm/mixin/injection/callback/CallbackInfoReturnable;)V has 0 override(s) in child classes
[07Aug2026 18:36:54.476] [Render thread/DEBUG] [mixin/]: mixins.iris.compat.sodium.json:MixinChunkMeshBuildTask from mod iris->@Inject::iris$setLightBlock(Lnet/caffeinemc/mods/sodium/client/render/chunk/compile/ChunkBuildContext;Lnet/caffeinemc/mods/sodium/client/util/task/CancellationToken;Lorg/spongepowered/asm/mixin/injection/callback/CallbackInfoReturnable;)V won't be passed a CallbackInfoReturnable as a result
[07Aug2026 18:36:54.476] [Render thread/DEBUG] [mixin/]: mixins.iris.compat.sodium.json:MixinChunkMeshBuildTask from mod iris->@Inject::iris$onRenderModel(Lnet/caffeinemc/mods/sodium/client/render/chunk/compile/ChunkBuildContext;Lnet/caffeinemc/mods/sodium/client/util/task/CancellationToken;Lorg/spongepowered/asm/mixin/injection/callback/CallbackInfoReturnable;)V doesn't use it's CallbackInfoReturnable
[07Aug2026 18:36:54.476] [Render thread/DEBUG] [mixin/]: mixins.iris.compat.sodium.json:MixinChunkMeshBuildTask from mod iris->@Inject::iris$onRenderModel(Lnet/caffeinemc/mods/sodium/client/render/chunk/compile/ChunkBuildContext;Lnet/caffeinemc/mods/sodium/client/util/task/CancellationToken;Lorg/spongepowered/asm/mixin/injection/callback/CallbackInfoReturnable;)V has 0 override(s) in child classes
[07Aug2026 18:36:54.477] [Render thread/DEBUG] [mixin/]: mixins.iris.compat.sodium.json:MixinChunkMeshBuildTask from mod iris->@Inject::iris$onRenderModel(Lnet/caffeinemc/mods/sodium/client/render/chunk/compile/ChunkBuildContext;Lnet/caffeinemc/mods/sodium/client/util/task/CancellationToken;Lorg/spongepowered/asm/mixin/injection/callback/CallbackInfoReturnable;)V won't be passed a CallbackInfoReturnable as a result
[07Aug2026 18:36:54.477] [Render thread/DEBUG] [mixin/]: mixins.iris.compat.sodium.json:MixinChunkMeshBuildTask from mod iris->@Inject::iris$onRenderLiquid(Lnet/caffeinemc/mods/sodium/client/render/chunk/compile/ChunkBuildContext;Lnet/caffeinemc/mods/sodium/client/util/task/CancellationToken;Lorg/spongepowered/asm/mixin/injection/callback/CallbackInfoReturnable;)V doesn't use it's CallbackInfoReturnable
[07Aug2026 18:36:54.477] [Render thread/DEBUG] [mixin/]: mixins.iris.compat.sodium.json:MixinChunkMeshBuildTask from mod iris->@Inject::iris$onRenderLiquid(Lnet/caffeinemc/mods/sodium/client/render/chunk/compile/ChunkBuildContext;Lnet/caffeinemc/mods/sodium/client/util/task/CancellationToken;Lorg/spongepowered/asm/mixin/injection/callback/CallbackInfoReturnable;)V has 0 override(s) in child classes
[07Aug2026 18:36:54.477] [Render thread/DEBUG] [mixin/]: mixins.iris.compat.sodium.json:MixinChunkMeshBuildTask from mod iris->@Inject::iris$onRenderLiquid(Lnet/caffeinemc/mods/sodium/client/render/chunk/compile/ChunkBuildContext;Lnet/caffeinemc/mods/sodium/client/util/task/CancellationToken;Lorg/spongepowered/asm/mixin/injection/callback/CallbackInfoReturnable;)V won't be passed a CallbackInfoReturnable as a result
[07Aug2026 18:36:54.477] [Render thread/DEBUG] [mixin/]: mixins.iris.compat.sodium.json:MixinChunkMeshBuildTask from mod iris->@Inject::iris$onEnd(Lnet/caffeinemc/mods/sodium/client/render/chunk/compile/ChunkBuildContext;Lnet/caffeinemc/mods/sodium/client/util/task/CancellationToken;Lorg/spongepowered/asm/mixin/injection/callback/CallbackInfoReturnable;)V doesn't use it's CallbackInfoReturnable
[07Aug2026 18:36:54.477] [Render thread/DEBUG] [mixin/]: mixins.iris.compat.sodium.json:MixinChunkMeshBuildTask from mod iris->@Inject::iris$onEnd(Lnet/caffeinemc/mods/sodium/client/render/chunk/compile/ChunkBuildContext;Lnet/caffeinemc/mods/sodium/client/util/task/CancellationToken;Lorg/spongepowered/asm/mixin/injection/callback/CallbackInfoReturnable;)V has 0 override(s) in child classes
[07Aug2026 18:36:54.477] [Render thread/DEBUG] [mixin/]: mixins.iris.compat.sodium.json:MixinChunkMeshBuildTask from mod iris->@Inject::iris$onEnd(Lnet/caffeinemc/mods/sodium/client/render/chunk/compile/ChunkBuildContext;Lnet/caffeinemc/mods/sodium/client/util/task/CancellationToken;Lorg/spongepowered/asm/mixin/injection/callback/CallbackInfoReturnable;)V won't be passed a CallbackInfoReturnable as a result
[07Aug2026 18:36:54.489] [Render thread/DEBUG] [mixin/]: Mixing MixinRenderRegion from mixins.iris.compat.sodium.json into net.caffeinemc.mods.sodium.client.render.chunk.region.RenderRegion
[07Aug2026 18:36:54.490] [Render thread/DEBUG] [mixin/]: mixins.iris.compat.sodium.json:MixinRenderRegion from mod iris: Class version 69 required is higher than the class version supported by the current version of Mixin (JAVA_8 supports class version 52)
[07Aug2026 18:36:54.491] [Render thread/DEBUG] [mixin/]: mixins.iris.compat.sodium.json:MixinRenderRegion from mod iris->@Inject::iris$delete(Lorg/spongepowered/asm/mixin/injection/callback/CallbackInfo;)V doesn't use it's CallbackInfo
[07Aug2026 18:36:54.491] [Render thread/DEBUG] [mixin/]: mixins.iris.compat.sodium.json:MixinRenderRegion from mod iris->@Inject::iris$delete(Lorg/spongepowered/asm/mixin/injection/callback/CallbackInfo;)V has 0 override(s) in child classes
[07Aug2026 18:36:54.491] [Render thread/DEBUG] [mixin/]: mixins.iris.compat.sodium.json:MixinRenderRegion from mod iris->@Inject::iris$delete(Lorg/spongepowered/asm/mixin/injection/callback/CallbackInfo;)V won't be passed a CallbackInfo as a result
[07Aug2026 18:36:54.491] [Render thread/DEBUG] [mixin/]: mixins.iris.compat.sodium.json:MixinRenderRegion from mod iris->@Inject::iris$clearAllBatches(Lorg/spongepowered/asm/mixin/injection/callback/CallbackInfo;)V doesn't use it's CallbackInfo
[07Aug2026 18:36:54.491] [Render thread/DEBUG] [mixin/]: mixins.iris.compat.sodium.json:MixinRenderRegion from mod iris->@Inject::iris$clearAllBatches(Lorg/spongepowered/asm/mixin/injection/callback/CallbackInfo;)V has 0 override(s) in child classes
[07Aug2026 18:36:54.491] [Render thread/DEBUG] [mixin/]: mixins.iris.compat.sodium.json:MixinRenderRegion from mod iris->@Inject::iris$clearAllBatches(Lorg/spongepowered/asm/mixin/injection/callback/CallbackInfo;)V won't be passed a CallbackInfo as a result
[07Aug2026 18:36:54.491] [Render thread/DEBUG] [mixin/]: mixins.iris.compat.sodium.json:MixinRenderRegion from mod iris->@Inject::iris$clearBatchFor(Lorg/spongepowered/asm/mixin/injection/callback/CallbackInfo;)V doesn't use it's CallbackInfo
[07Aug2026 18:36:54.491] [Render thread/DEBUG] [mixin/]: mixins.iris.compat.sodium.json:MixinRenderRegion from mod iris->@Inject::iris$clearBatchFor(Lorg/spongepowered/asm/mixin/injection/callback/CallbackInfo;)V has 0 override(s) in child classes
[07Aug2026 18:36:54.491] [Render thread/DEBUG] [mixin/]: mixins.iris.compat.sodium.json:MixinRenderRegion from mod iris->@Inject::iris$clearBatchFor(Lorg/spongepowered/asm/mixin/injection/callback/CallbackInfo;)V won't be passed a CallbackInfo as a result
[07Aug2026 18:36:54.496] [Render thread/DEBUG] [mixin/]: Mixing MixinRenderSection from mixins.iris.json into net.caffeinemc.mods.sodium.client.render.chunk.RenderSection
[07Aug2026 18:36:54.496] [Render thread/DEBUG] [mixin/]: mixins.iris.json:MixinRenderSection from mod iris: Class version 69 required is higher than the class version supported by the current version of Mixin (JAVA_8 supports class version 52)
[07Aug2026 18:36:54.498] [Render thread/DEBUG] [mixin/]: Mixing MixinDefaultChunkRenderer from mixins.iris.compat.sodium.json into net.caffeinemc.mods.sodium.client.render.chunk.DefaultChunkRenderer
[07Aug2026 18:36:54.498] [Render thread/DEBUG] [mixin/]: mixins.iris.compat.sodium.json:MixinDefaultChunkRenderer from mod iris: Class version 69 required is higher than the class version supported by the current version of Mixin (JAVA_8 supports class version 52)
[07Aug2026 18:36:54.500] [Render thread/DEBUG] [mixin/]: Mixing MixinShaderChunkRenderer from mixins.iris.compat.sodium.json into net.caffeinemc.mods.sodium.client.render.chunk.ShaderChunkRenderer
[07Aug2026 18:36:54.500] [Render thread/DEBUG] [mixin/]: mixins.iris.compat.sodium.json:MixinShaderChunkRenderer from mod iris: Class version 69 required is higher than the class version supported by the current version of Mixin (JAVA_8 supports class version 52)
[07Aug2026 18:36:54.501] [Render thread/DEBUG] [mixin/]: mixins.iris.compat.sodium.json:MixinShaderChunkRenderer from mod iris->@Inject::iris$resetState(Lnet/caffeinemc/mods/sodium/client/render/chunk/terrain/TerrainRenderPass;Lnet/caffeinemc/mods/sodium/client/util/FogParameters;Lcom/mojang/blaze3d/textures/GpuSampler;Lcom/mojang/blaze3d/buffers/GpuBufferSlice;Lnet/caffeinemc/mods/sodium/client/gl/buffer/GlTexelBuffer;Lorg/spongepowered/asm/mixin/injection/callback/CallbackInfo;)V doesn't use it's CallbackInfo
[07Aug2026 18:36:54.501] [Render thread/DEBUG] [mixin/]: mixins.iris.compat.sodium.json:MixinShaderChunkRenderer from mod iris->@Inject::iris$resetState(Lnet/caffeinemc/mods/sodium/client/render/chunk/terrain/TerrainRenderPass;Lnet/caffeinemc/mods/sodium/client/util/FogParameters;Lcom/mojang/blaze3d/textures/GpuSampler;Lcom/mojang/blaze3d/buffers/GpuBufferSlice;Lnet/caffeinemc/mods/sodium/client/gl/buffer/GlTexelBuffer;Lorg/spongepowered/asm/mixin/injection/callback/CallbackInfo;)V has 0 override(s) in child classes
[07Aug2026 18:36:54.501] [Render thread/DEBUG] [mixin/]: mixins.iris.compat.sodium.json:MixinShaderChunkRenderer from mod iris->@Inject::iris$resetState(Lnet/caffeinemc/mods/sodium/client/render/chunk/terrain/TerrainRenderPass;Lnet/caffeinemc/mods/sodium/client/util/FogParameters;Lcom/mojang/blaze3d/textures/GpuSampler;Lcom/mojang/blaze3d/buffers/GpuBufferSlice;Lnet/caffeinemc/mods/sodium/client/gl/buffer/GlTexelBuffer;Lorg/spongepowered/asm/mixin/injection/callback/CallbackInfo;)V won't be passed a CallbackInfo as a result
[07Aug2026 18:36:54.501] [Render thread/DEBUG] [mixin/]: mixins.iris.compat.sodium.json:MixinShaderChunkRenderer from mod iris->@Inject::redirectViewport(Lnet/caffeinemc/mods/sodium/client/render/chunk/terrain/TerrainRenderPass;Lnet/caffeinemc/mods/sodium/client/util/FogParameters;Lcom/mojang/blaze3d/textures/GpuSampler;Lcom/mojang/blaze3d/buffers/GpuBufferSlice;Lnet/caffeinemc/mods/sodium/client/gl/buffer/GlTexelBuffer;Lorg/spongepowered/asm/mixin/injection/callback/CallbackInfo;)V doesn't use it's CallbackInfo
[07Aug2026 18:36:54.501] [Render thread/DEBUG] [mixin/]: mixins.iris.compat.sodium.json:MixinShaderChunkRenderer from mod iris->@Inject::redirectViewport(Lnet/caffeinemc/mods/sodium/client/render/chunk/terrain/TerrainRenderPass;Lnet/caffeinemc/mods/sodium/client/util/FogParameters;Lcom/mojang/blaze3d/textures/GpuSampler;Lcom/mojang/blaze3d/buffers/GpuBufferSlice;Lnet/caffeinemc/mods/sodium/client/gl/buffer/GlTexelBuffer;Lorg/spongepowered/asm/mixin/injection/callback/CallbackInfo;)V has 0 override(s) in child classes
[07Aug2026 18:36:54.501] [Render thread/DEBUG] [mixin/]: mixins.iris.compat.sodium.json:MixinShaderChunkRenderer from mod iris->@Inject::redirectViewport(Lnet/caffeinemc/mods/sodium/client/render/chunk/terrain/TerrainRenderPass;Lnet/caffeinemc/mods/sodium/client/util/FogParameters;Lcom/mojang/blaze3d/textures/GpuSampler;Lcom/mojang/blaze3d/buffers/GpuBufferSlice;Lnet/caffeinemc/mods/sodium/client/gl/buffer/GlTexelBuffer;Lorg/spongepowered/asm/mixin/injection/callback/CallbackInfo;)V won't be passed a CallbackInfo as a result
[07Aug2026 18:36:54.508] [Render thread/DEBUG] [mixin/]: Mixing MixinChunkVertex from mixins.iris.compat.sodium.json into net.caffeinemc.mods.sodium.client.render.chunk.vertex.format.ChunkVertexEncoder$Vertex
[07Aug2026 18:36:54.508] [Render thread/DEBUG] [mixin/]: mixins.iris.compat.sodium.json:MixinChunkVertex from mod iris: Class version 69 required is higher than the class version supported by the current version of Mixin (JAVA_8 supports class version 52)
[07Aug2026 18:36:54.509] [Render thread/DEBUG] [mixin/]: mixins.iris.compat.sodium.json:MixinChunkVertex from mod iris->@Inject::iris$copyVertex(Lnet/caffeinemc/mods/sodium/client/render/chunk/vertex/format/ChunkVertexEncoder$Vertex;Lnet/caffeinemc/mods/sodium/client/render/chunk/vertex/format/ChunkVertexEncoder$Vertex;Lorg/spongepowered/asm/mixin/injection/callback/CallbackInfo;)V doesn't use it's CallbackInfo
[07Aug2026 18:36:54.512] [Render thread/DEBUG] [mixin/]: Mixing MixinChunkVertexConsumer from mixins.iris.compat.sodium.json into net.caffeinemc.mods.sodium.client.render.chunk.compile.buffers.ChunkVertexConsumer
[07Aug2026 18:36:54.512] [Render thread/DEBUG] [mixin/]: mixins.iris.compat.sodium.json:MixinChunkVertexConsumer from mod iris: Class version 69 required is higher than the class version supported by the current version of Mixin (JAVA_8 supports class version 52)
[07Aug2026 18:36:54.520] [Render thread/DEBUG] [mixin/]: Mixing platform.neoforge.LevelSliceMixin from sodium-neoforge.mixins.json into net.caffeinemc.mods.sodium.client.world.LevelSlice
[07Aug2026 18:36:54.521] [Render thread/DEBUG] [mixin/]: sodium-neoforge.mixins.json:platform.neoforge.LevelSliceMixin from mod sodium: Class version 69 required is higher than the class version supported by the current version of Mixin (JAVA_17 supports class version 61)
[07Aug2026 18:36:54.539] [Render thread/DEBUG] [mixin/]: Mixing MixinFluidRendererImpl from mixins.iris.forge.json into net.caffeinemc.mods.sodium.neoforge.render.FluidRendererImpl
[07Aug2026 18:36:54.539] [Render thread/DEBUG] [mixin/]: mixins.iris.forge.json:MixinFluidRendererImpl from mod iris: Class version 69 required is higher than the class version supported by the current version of Mixin (JAVA_8 supports class version 52)
[07Aug2026 18:36:54.541] [Render thread/DEBUG] [Sodium (Service)/]: Loaded net.caffeinemc.mods.sodium.neoforge.render.FluidRendererImpl$ForgeFactory@7d3405c0 for service interface net.caffeinemc.mods.sodium.client.services.FluidRendererFactory
[07Aug2026 18:36:54.542] [Render thread/DEBUG] [mixin/]: Mixing BlockRendererAccessor from mixins.iris.compat.sodium.json into net.caffeinemc.mods.sodium.client.render.chunk.compile.pipeline.BlockRenderer
[07Aug2026 18:36:54.542] [Render thread/DEBUG] [mixin/]: mixins.iris.compat.sodium.json:BlockRendererAccessor from mod iris: Class version 69 required is higher than the class version supported by the current version of Mixin (JAVA_8 supports class version 52)
[07Aug2026 18:36:54.542] [Render thread/DEBUG] [mixin/]: Mixing MixinBlockRenderer from mixins.iris.compat.sodium.json into net.caffeinemc.mods.sodium.client.render.chunk.compile.pipeline.BlockRenderer
[07Aug2026 18:36:54.542] [Render thread/DEBUG] [mixin/]: mixins.iris.compat.sodium.json:MixinBlockRenderer from mod iris: Class version 69 required is higher than the class version supported by the current version of Mixin (JAVA_8 supports class version 52)
[07Aug2026 18:36:54.543] [Render thread/DEBUG] [mixin/]: mixins.iris.compat.sodium.json:MixinBlockRenderer from mod iris->@Inject::handleShaderPackTransparency(Lnet/minecraft/client/renderer/block/dispatch/BlockStateModel;Lnet/minecraft/world/level/block/state/BlockState;Lnet/minecraft/core/BlockPos;Lnet/minecraft/core/BlockPos;Lorg/spongepowered/asm/mixin/injection/callback/CallbackInfo;)V doesn't use it's CallbackInfo
[07Aug2026 18:36:54.544] [Render thread/DEBUG] [mixin/]: mixins.iris.compat.sodium.json:MixinBlockRenderer from mod iris->@Inject::handleShaderPackTransparency(Lnet/minecraft/client/renderer/block/dispatch/BlockStateModel;Lnet/minecraft/world/level/block/state/BlockState;Lnet/minecraft/core/BlockPos;Lnet/minecraft/core/BlockPos;Lorg/spongepowered/asm/mixin/injection/callback/CallbackInfo;)V has 0 override(s) in child classes
[07Aug2026 18:36:54.544] [Render thread/DEBUG] [mixin/]: mixins.iris.compat.sodium.json:MixinBlockRenderer from mod iris->@Inject::handleShaderPackTransparency(Lnet/minecraft/client/renderer/block/dispatch/BlockStateModel;Lnet/minecraft/world/level/block/state/BlockState;Lnet/minecraft/core/BlockPos;Lnet/minecraft/core/BlockPos;Lorg/spongepowered/asm/mixin/injection/callback/CallbackInfo;)V won't be passed a CallbackInfo as a result
[07Aug2026 18:36:54.544] [Render thread/DEBUG] [mixin/]: mixins.iris.compat.sodium.json:MixinBlockRenderer from mod iris->@Inject::iris$overrideQuad(Lnet/caffeinemc/mods/sodium/client/render/model/MutableQuadViewImpl;Lorg/spongepowered/asm/mixin/injection/callback/CallbackInfo;)V doesn't use it's CallbackInfo
[07Aug2026 18:36:54.544] [Render thread/DEBUG] [mixin/]: mixins.iris.compat.sodium.json:MixinBlockRenderer from mod iris->@Inject::iris$overrideQuad(Lnet/caffeinemc/mods/sodium/client/render/model/MutableQuadViewImpl;Lorg/spongepowered/asm/mixin/injection/callback/CallbackInfo;)V has 0 override(s) in child classes
[07Aug2026 18:36:54.544] [Render thread/DEBUG] [mixin/]: mixins.iris.compat.sodium.json:MixinBlockRenderer from mod iris->@Inject::iris$overrideQuad(Lnet/caffeinemc/mods/sodium/client/render/model/MutableQuadViewImpl;Lorg/spongepowered/asm/mixin/injection/callback/CallbackInfo;)V won't be passed a CallbackInfo as a result
[07Aug2026 18:36:54.544] [Render thread/DEBUG] [mixin/]: mixins.iris.compat.sodium.json:MixinBlockRenderer from mod iris->@Inject::iris$writeVertex(Lnet/caffeinemc/mods/sodium/client/render/model/MutableQuadViewImpl;[FLnet/caffeinemc/mods/sodium/client/render/chunk/terrain/material/Material;Lorg/spongepowered/asm/mixin/injection/callback/CallbackInfo;)V doesn't use it's CallbackInfo
[07Aug2026 18:36:54.544] [Render thread/DEBUG] [mixin/]: mixins.iris.compat.sodium.json:MixinBlockRenderer from mod iris->@Inject::iris$writeVertex(Lnet/caffeinemc/mods/sodium/client/render/model/MutableQuadViewImpl;[FLnet/caffeinemc/mods/sodium/client/render/chunk/terrain/material/Material;Lorg/spongepowered/asm/mixin/injection/callback/CallbackInfo;)V has 0 override(s) in child classes
[07Aug2026 18:36:54.544] [Render thread/DEBUG] [mixin/]: mixins.iris.compat.sodium.json:MixinBlockRenderer from mod iris->@Inject::iris$writeVertex(Lnet/caffeinemc/mods/sodium/client/render/model/MutableQuadViewImpl;[FLnet/caffeinemc/mods/sodium/client/render/chunk/terrain/material/Material;Lorg/spongepowered/asm/mixin/injection/callback/CallbackInfo;)V won't be passed a CallbackInfo as a result
[07Aug2026 18:36:54.546] [Render thread/DEBUG] [mixin/]: Mixing MixinAbstractBlockRenderContext from mixins.iris.compat.sodium.json into net.caffeinemc.mods.sodium.client.render.model.AbstractBlockRenderContext
[07Aug2026 18:36:54.546] [Render thread/DEBUG] [mixin/]: mixins.iris.compat.sodium.json:MixinAbstractBlockRenderContext from mod iris: Class version 69 required is higher than the class version supported by the current version of Mixin (JAVA_8 supports class version 52)
[07Aug2026 18:36:54.547] [Render thread/DEBUG] [mixin/]: mixins.iris.compat.sodium.json:MixinAbstractBlockRenderContext from mod iris->@Inject::checkDirectionNeo(Lnet/minecraft/client/renderer/block/dispatch/BlockStateModelPart;Ljava/util/function/Predicate;Ljava/util/function/Consumer;Lorg/spongepowered/asm/mixin/injection/callback/CallbackInfo;)V doesn't use it's CallbackInfo
[07Aug2026 18:36:54.547] [Render thread/DEBUG] [mixin/]: mixins.iris.compat.sodium.json:MixinAbstractBlockRenderContext from mod iris->@Inject::checkDirectionNeo(Lnet/minecraft/client/renderer/block/dispatch/BlockStateModelPart;Ljava/util/function/Predicate;Ljava/util/function/Consumer;Lorg/spongepowered/asm/mixin/injection/callback/CallbackInfo;)V has 0 override(s) in child classes
[07Aug2026 18:36:54.547] [Render thread/DEBUG] [mixin/]: mixins.iris.compat.sodium.json:MixinAbstractBlockRenderContext from mod iris->@Inject::checkDirectionNeo(Lnet/minecraft/client/renderer/block/dispatch/BlockStateModelPart;Ljava/util/function/Predicate;Ljava/util/function/Consumer;Lorg/spongepowered/asm/mixin/injection/callback/CallbackInfo;)V won't be passed a CallbackInfo as a result
[07Aug2026 18:36:54.547] [Render thread/DEBUG] [mixin/]: mixins.iris.compat.sodium.json:MixinAbstractBlockRenderContext from mod iris->@Inject::checkDirectionNeo(Lnet/minecraft/client/renderer/block/dispatch/BlockStateModelPart;Ljava/util/function/Predicate;Ljava/util/function/Consumer;Lorg/spongepowered/asm/mixin/injection/callback/CallbackInfo;)V doesn't use it's CallbackInfo
[07Aug2026 18:36:54.547] [Render thread/DEBUG] [mixin/]: mixins.iris.compat.sodium.json:MixinAbstractBlockRenderContext from mod iris->@Inject::checkDirectionNeo(Lnet/minecraft/client/renderer/block/dispatch/BlockStateModelPart;Ljava/util/function/Predicate;Ljava/util/function/Consumer;Lorg/spongepowered/asm/mixin/injection/callback/CallbackInfo;)V has 0 override(s) in child classes
[07Aug2026 18:36:54.547] [Render thread/DEBUG] [mixin/]: mixins.iris.compat.sodium.json:MixinAbstractBlockRenderContext from mod iris->@Inject::checkDirectionNeo(Lnet/minecraft/client/renderer/block/dispatch/BlockStateModelPart;Ljava/util/function/Predicate;Ljava/util/function/Consumer;Lorg/spongepowered/asm/mixin/injection/callback/CallbackInfo;)V won't be passed a CallbackInfo as a result
[07Aug2026 18:36:54.555] [Render thread/DEBUG] [Sodium (Service)/]: Loaded net.caffeinemc.mods.sodium.neoforge.model.NeoForgeModelAccess@3b89bccf for service interface net.caffeinemc.mods.sodium.client.services.PlatformModelAccess
[07Aug2026 18:36:54.558] [Render thread/DEBUG] [mixin/]: Mixing MixinDefaultFluidRenderer from mixins.iris.compat.sodium.json into net.caffeinemc.mods.sodium.client.render.chunk.compile.pipeline.DefaultFluidRenderer
[07Aug2026 18:36:54.558] [Render thread/DEBUG] [mixin/]: mixins.iris.compat.sodium.json:MixinDefaultFluidRenderer from mod iris: Class version 69 required is higher than the class version supported by the current version of Mixin (JAVA_8 supports class version 52)
[07Aug2026 18:36:54.559] [Render thread/DEBUG] [mixin/]: mixins.iris.compat.sodium.json:MixinDefaultFluidRenderer from mod iris->@Inject::iris$writeVertex(Lnet/caffeinemc/mods/sodium/client/render/chunk/compile/buffers/ChunkModelBuilder;Lnet/caffeinemc/mods/sodium/client/render/chunk/translucent_sorting/TranslucentGeometryCollector;Lnet/caffeinemc/mods/sodium/client/render/chunk/terrain/material/Material;Lnet/minecraft/core/BlockPos;Lnet/caffeinemc/mods/sodium/client/model/quad/ModelQuadView;Lnet/caffeinemc/mods/sodium/client/model/quad/properties/ModelQuadFacing;ZLorg/spongepowered/asm/mixin/injection/callback/CallbackInfo;)V doesn't use it's CallbackInfo
[07Aug2026 18:36:54.559] [Render thread/DEBUG] [mixin/]: mixins.iris.compat.sodium.json:MixinDefaultFluidRenderer from mod iris->@Inject::iris$writeVertex(Lnet/caffeinemc/mods/sodium/client/render/chunk/compile/buffers/ChunkModelBuilder;Lnet/caffeinemc/mods/sodium/client/render/chunk/translucent_sorting/TranslucentGeometryCollector;Lnet/caffeinemc/mods/sodium/client/render/chunk/terrain/material/Material;Lnet/minecraft/core/BlockPos;Lnet/caffeinemc/mods/sodium/client/model/quad/ModelQuadView;Lnet/caffeinemc/mods/sodium/client/model/quad/properties/ModelQuadFacing;ZLorg/spongepowered/asm/mixin/injection/callback/CallbackInfo;)V has 0 override(s) in child classes
[07Aug2026 18:36:54.559] [Render thread/DEBUG] [mixin/]: mixins.iris.compat.sodium.json:MixinDefaultFluidRenderer from mod iris->@Inject::iris$writeVertex(Lnet/caffeinemc/mods/sodium/client/render/chunk/compile/buffers/ChunkModelBuilder;Lnet/caffeinemc/mods/sodium/client/render/chunk/translucent_sorting/TranslucentGeometryCollector;Lnet/caffeinemc/mods/sodium/client/render/chunk/terrain/material/Material;Lnet/minecraft/core/BlockPos;Lnet/caffeinemc/mods/sodium/client/model/quad/ModelQuadView;Lnet/caffeinemc/mods/sodium/client/model/quad/properties/ModelQuadFacing;ZLorg/spongepowered/asm/mixin/injection/callback/CallbackInfo;)V won't be passed a CallbackInfo as a result
[07Aug2026 18:36:54.568] [Render thread/INFO] [ChunkBuilder/]: Started 10 worker threads
[07Aug2026 18:36:54.580] [Render thread/DEBUG] [mixin/]: Mixing MixinRenderRegionManager from mixins.iris.compat.sodium.json into net.caffeinemc.mods.sodium.client.render.chunk.region.RenderRegionManager
[07Aug2026 18:36:54.580] [Render thread/DEBUG] [mixin/]: mixins.iris.compat.sodium.json:MixinRenderRegionManager from mod iris: Class version 69 required is higher than the class version supported by the current version of Mixin (JAVA_8 supports class version 52)
[07Aug2026 18:36:54.594] [Render thread/DEBUG] [mixin/]: Mixing MixinUniformData from mixins.iris.compat.sodium.json into net.caffeinemc.mods.sodium.client.render.chunk.UniformBufferManager
[07Aug2026 18:36:54.594] [Render thread/DEBUG] [mixin/]: mixins.iris.compat.sodium.json:MixinUniformData from mod iris: Class version 69 required is higher than the class version supported by the current version of Mixin (JAVA_8 supports class version 52)
[07Aug2026 18:36:54.595] [Render thread/DEBUG] [mixin/]: mixins.iris.compat.sodium.json:MixinUniformData from mod iris->@Inject::iris$init(Lnet/minecraft/client/multiplayer/ClientLevel;ILorg/spongepowered/asm/mixin/injection/callback/CallbackInfo;)V doesn't use it's CallbackInfo
[07Aug2026 18:36:54.595] [Render thread/DEBUG] [mixin/]: mixins.iris.compat.sodium.json:MixinUniformData from mod iris->@Inject::iris$init(Lnet/minecraft/client/multiplayer/ClientLevel;ILorg/spongepowered/asm/mixin/injection/callback/CallbackInfo;)V has 0 override(s) in child classes
[07Aug2026 18:36:54.595] [Render thread/DEBUG] [mixin/]: mixins.iris.compat.sodium.json:MixinUniformData from mod iris->@Inject::iris$init(Lnet/minecraft/client/multiplayer/ClientLevel;ILorg/spongepowered/asm/mixin/injection/callback/CallbackInfo;)V won't be passed a CallbackInfo as a result
[07Aug2026 18:36:54.595] [Render thread/DEBUG] [mixin/]: mixins.iris.compat.sodium.json:MixinUniformData from mod iris->@Inject::iris$endFrame(Lorg/spongepowered/asm/mixin/injection/callback/CallbackInfo;)V doesn't use it's CallbackInfo
[07Aug2026 18:36:54.595] [Render thread/DEBUG] [mixin/]: mixins.iris.compat.sodium.json:MixinUniformData from mod iris->@Inject::iris$endFrame(Lorg/spongepowered/asm/mixin/injection/callback/CallbackInfo;)V has 0 override(s) in child classes
[07Aug2026 18:36:54.595] [Render thread/DEBUG] [mixin/]: mixins.iris.compat.sodium.json:MixinUniformData from mod iris->@Inject::iris$endFrame(Lorg/spongepowered/asm/mixin/injection/callback/CallbackInfo;)V won't be passed a CallbackInfo as a result
[07Aug2026 18:36:54.611] [Render thread/DEBUG] [mixin/]: Mixing MixinBiomeAmbientSoundsHandler from mixins.iris.json into net.minecraft.client.resources.sounds.BiomeAmbientSoundsHandler
[07Aug2026 18:36:54.612] [Render thread/DEBUG] [mixin/]: mixins.iris.json:MixinBiomeAmbientSoundsHandler from mod iris: Class version 69 required is higher than the class version supported by the current version of Mixin (JAVA_8 supports class version 52)
[07Aug2026 18:36:54.613] [Render thread/DEBUG] [mixin/]: mixins.iris.json:MixinBiomeAmbientSoundsHandler from mod iris->@Inject::calculateConstantMoodiness(Lnet/minecraft/world/level/Level;Lnet/minecraft/world/attribute/AmbientMoodSettings;Lorg/spongepowered/asm/mixin/injection/callback/CallbackInfo;)V doesn't use it's CallbackInfo
[07Aug2026 18:36:54.613] [Render thread/DEBUG] [mixin/]: mixins.iris.json:MixinBiomeAmbientSoundsHandler from mod iris->@Inject::calculateConstantMoodiness(Lnet/minecraft/world/level/Level;Lnet/minecraft/world/attribute/AmbientMoodSettings;Lorg/spongepowered/asm/mixin/injection/callback/CallbackInfo;)V has 0 override(s) in child classes
[07Aug2026 18:36:54.613] [Render thread/DEBUG] [mixin/]: mixins.iris.json:MixinBiomeAmbientSoundsHandler from mod iris->@Inject::calculateConstantMoodiness(Lnet/minecraft/world/level/Level;Lnet/minecraft/world/attribute/AmbientMoodSettings;Lorg/spongepowered/asm/mixin/injection/callback/CallbackInfo;)V won't be passed a CallbackInfo as a result
[07Aug2026 18:36:54.655] [Render thread/WARN] [net.minecraft.client.multiplayer.ClientPacketListener/]: Ignoring chat session from Dev due to missing Services public key
[07Aug2026 18:36:54.658] [Render thread/INFO] [xaero.hud.minimap.MinimapLogs/]: Minimap updated server level id: 1005889491 for world ResourceKey[minecraft:dimension / minecraft:overworld]
[07Aug2026 18:36:54.660] [Render thread/DEBUG] [mixin/]: Mixing core.gui.LevelLoadTrackerMixin from sodium-common.mixins.json into net.minecraft.client.multiplayer.LevelLoadTracker$WaitingForPlayerChunk
[07Aug2026 18:36:54.660] [Render thread/DEBUG] [mixin/]: sodium-common.mixins.json:core.gui.LevelLoadTrackerMixin from mod sodium: Class version 69 required is higher than the class version supported by the current version of Mixin (JAVA_17 supports class version 61)
[07Aug2026 18:36:54.664] [Render thread/INFO] [net.minecraft.advancements.AdvancementTree/]: Loaded 79 advancements
[07Aug2026 18:36:54.764] [Render thread/INFO] [snownee.jade.Jade/]: Received config from the server: {}
[07Aug2026 18:36:54.834] [Render thread/DEBUG] [mixin/]: Mixing core.render.world.ChunkSectionsToRenderMixin from sodium-common.mixins.json into net.minecraft.client.renderer.chunk.ChunkSectionsToRender
[07Aug2026 18:36:54.834] [Render thread/DEBUG] [mixin/]: sodium-common.mixins.json:core.render.world.ChunkSectionsToRenderMixin from mod sodium: Class version 69 required is higher than the class version supported by the current version of Mixin (JAVA_17 supports class version 61)
[07Aug2026 18:36:54.834] [Render thread/DEBUG] [mixin/]: sodium-common.mixins.json:core.render.world.ChunkSectionsToRenderMixin from mod sodium->@Inject::sodium$renderGroup(Lnet/minecraft/client/renderer/chunk/ChunkSectionLayerGroup;Lcom/mojang/blaze3d/textures/GpuSampler;Lorg/spongepowered/asm/mixin/injection/callback/CallbackInfo;)V does use it's CallbackInfo
[07Aug2026 18:36:54.852] [Render thread/INFO] [net.minecraft.client.renderer.DynamicUniformStorage/]: Resizing Dynamic Transforms UBO, capacity limit of 2 reached during a single frame. New capacity will be 4.
[07Aug2026 18:36:54.903] [Render thread/DEBUG] [mixin/]: Mixing entity_render_context.MixinModelPartSubmit from mixins.iris.json into net.minecraft.client.renderer.SubmitNodeStorage$ModelPartSubmit
[07Aug2026 18:36:54.903] [Render thread/DEBUG] [mixin/]: mixins.iris.json:entity_render_context.MixinModelPartSubmit from mod iris: Class version 69 required is higher than the class version supported by the current version of Mixin (JAVA_8 supports class version 52)
[07Aug2026 18:36:54.906] [Render thread/DEBUG] [mixin/]: Mixing features.textures.animations.tracking.ModelBlockRendererMixin from sodium-common.mixins.json into net.minecraft.client.renderer.block.ModelBlockRenderer
[07Aug2026 18:36:54.906] [Render thread/DEBUG] [mixin/]: sodium-common.mixins.json:features.textures.animations.tracking.ModelBlockRendererMixin from mod sodium: Class version 69 required is higher than the class version supported by the current version of Mixin (JAVA_17 supports class version 61)
[07Aug2026 18:36:54.907] [Render thread/DEBUG] [mixin/]: sodium-common.mixins.json:features.textures.animations.tracking.ModelBlockRendererMixin from mod sodium->@Inject::preRenderQuad(Lnet/minecraft/client/renderer/block/BlockQuadOutput;FFFLnet/minecraft/client/renderer/block/BlockAndTintGetter;Lnet/minecraft/world/level/block/state/BlockState;Lnet/minecraft/core/BlockPos;Lnet/minecraft/client/resources/model/geometry/BakedQuad;Lorg/spongepowered/asm/mixin/injection/callback/CallbackInfo;)V doesn't use it's CallbackInfo
[07Aug2026 18:36:54.907] [Render thread/DEBUG] [mixin/]: sodium-common.mixins.json:features.textures.animations.tracking.ModelBlockRendererMixin from mod sodium->@Inject::preRenderQuad(Lnet/minecraft/client/renderer/block/BlockQuadOutput;FFFLnet/minecraft/client/renderer/block/BlockAndTintGetter;Lnet/minecraft/world/level/block/state/BlockState;Lnet/minecraft/core/BlockPos;Lnet/minecraft/client/resources/model/geometry/BakedQuad;Lorg/spongepowered/asm/mixin/injection/callback/CallbackInfo;)V has 0 override(s) in child classes
[07Aug2026 18:36:54.907] [Render thread/DEBUG] [mixin/]: sodium-common.mixins.json:features.textures.animations.tracking.ModelBlockRendererMixin from mod sodium->@Inject::preRenderQuad(Lnet/minecraft/client/renderer/block/BlockQuadOutput;FFFLnet/minecraft/client/renderer/block/BlockAndTintGetter;Lnet/minecraft/world/level/block/state/BlockState;Lnet/minecraft/core/BlockPos;Lnet/minecraft/client/resources/model/geometry/BakedQuad;Lorg/spongepowered/asm/mixin/injection/callback/CallbackInfo;)V won't be passed a CallbackInfo as a result
[07Aug2026 18:36:54.958] [Render thread/INFO] [net.minecraft.client.renderer.DynamicUniformStorage/]: Resizing Dynamic Transforms UBO, capacity limit of 4 reached during a single frame. New capacity will be 8.
[07Aug2026 18:36:54.994] [Render thread/DEBUG] [mixin/]: Mixing features.render.particle.QuadParticleRenderStateMixin from sodium-common.mixins.json into net.minecraft.client.renderer.state.level.QuadParticleRenderState
[07Aug2026 18:36:54.994] [Render thread/DEBUG] [mixin/]: sodium-common.mixins.json:features.render.particle.QuadParticleRenderStateMixin from mod sodium: Class version 69 required is higher than the class version supported by the current version of Mixin (JAVA_17 supports class version 61)
[07Aug2026 18:36:54.995] [Render thread/DEBUG] [mixin/]: sodium-common.mixins.json:features.render.particle.QuadParticleRenderStateMixin from mod sodium->@Inject::render(Lcom/mojang/blaze3d/vertex/VertexConsumer;FFFFFFFFFFFFIILorg/spongepowered/asm/mixin/injection/callback/CallbackInfo;)V does use it's CallbackInfo
[07Aug2026 18:36:55.053] [Render thread/DEBUG] [Sodium (Service)/]: Loaded net.caffeinemc.mods.sodium.neoforge.level.NeoForgeLevelAccess@9573850 for service interface net.caffeinemc.mods.sodium.client.services.PlatformLevelAccess
[07Aug2026 18:36:55.058] [Render thread/DEBUG] [Sodium (Service)/]: Loaded net.caffeinemc.mods.sodium.neoforge.level.NeoForgeLevelRenderHooks@3a5ecb62 for service interface net.caffeinemc.mods.sodium.client.services.PlatformLevelRenderHooks
[07Aug2026 18:36:55.094] [Chunk Render Task Executor #0/DEBUG] [Sodium (Service)/]: Loaded net.caffeinemc.mods.sodium.client.services.DefaultModelEmitter@7dfd6ce2 for service interface net.caffeinemc.mods.sodium.client.services.PlatformModelEmitter
[07Aug2026 18:36:55.097] [Chunk Render Task Executor #1/DEBUG] [Sodium (Service)/]: Loaded net.caffeinemc.mods.sodium.neoforge.block.NeoForgeBlockAccess@98527b7 for service interface net.caffeinemc.mods.sodium.client.services.PlatformBlockAccess
[07Aug2026 18:36:55.235] [Render thread/DEBUG] [mixin/]: Mixing MixinRenderRegionArenas from mixins.iris.compat.sodium.json into net.caffeinemc.mods.sodium.client.render.chunk.region.RenderRegion$DeviceResources
[07Aug2026 18:36:55.235] [Render thread/DEBUG] [mixin/]: mixins.iris.compat.sodium.json:MixinRenderRegionArenas from mod iris: Class version 69 required is higher than the class version supported by the current version of Mixin (JAVA_8 supports class version 52)
[07Aug2026 18:36:55.352] [Render thread/DEBUG] [mixin/]: Generating mapped inner class net/minecraft/client/MouseHandler$Anonymous$b5937a94232f3b9aa7502386666a945b (originally page/langeweile/ok_zoomer/mixin/common/MouseHandlerMixin$1)
[07Aug2026 18:36:55.361] [Render thread/DEBUG] [mixin/]: Generating mapped inner class net/minecraft/client/gui/Gui$Anonymous$1986e347fc2e376b84fe04e41a96a585 (originally page/langeweile/ok_zoomer/mixin/common/GuiMixin$1)
[07Aug2026 18:36:55.368] [Render thread/DEBUG] [mixin/]: Mixing core.render.immediate.consumer.SpriteCoordinateExpanderMixin from sodium-common.mixins.json into net.minecraft.client.renderer.SpriteCoordinateExpander
[07Aug2026 18:36:55.368] [Render thread/DEBUG] [mixin/]: sodium-common.mixins.json:core.render.immediate.consumer.SpriteCoordinateExpanderMixin from mod sodium: Class version 69 required is higher than the class version supported by the current version of Mixin (JAVA_17 supports class version 61)
[07Aug2026 18:36:55.369] [Render thread/DEBUG] [mixin/]: sodium-common.mixins.json:core.render.immediate.consumer.SpriteCoordinateExpanderMixin from mod sodium->@Inject::onInit(Lcom/mojang/blaze3d/vertex/VertexConsumer;Lnet/minecraft/client/renderer/texture/TextureAtlasSprite;Lorg/spongepowered/asm/mixin/injection/callback/CallbackInfo;)V doesn't use it's CallbackInfo
[07Aug2026 18:36:55.369] [Render thread/DEBUG] [mixin/]: sodium-common.mixins.json:core.render.immediate.consumer.SpriteCoordinateExpanderMixin from mod sodium->@Inject::onInit(Lcom/mojang/blaze3d/vertex/VertexConsumer;Lnet/minecraft/client/renderer/texture/TextureAtlasSprite;Lorg/spongepowered/asm/mixin/injection/callback/CallbackInfo;)V has 0 override(s) in child classes
[07Aug2026 18:36:55.369] [Render thread/DEBUG] [mixin/]: sodium-common.mixins.json:core.render.immediate.consumer.SpriteCoordinateExpanderMixin from mod sodium->@Inject::onInit(Lcom/mojang/blaze3d/vertex/VertexConsumer;Lnet/minecraft/client/renderer/texture/TextureAtlasSprite;Lorg/spongepowered/asm/mixin/injection/callback/CallbackInfo;)V won't be passed a CallbackInfo as a result
[07Aug2026 18:36:55.381] [Render thread/INFO] [xaero.hud.minimap.MinimapLogs/]: Reloading radar icon resources...
[07Aug2026 18:36:55.419] [Render thread/INFO] [xaero.hud.minimap.MinimapLogs/]: Reloaded radar icon resources!
[07Aug2026 18:36:55.452] [Render thread/INFO] [xaero.lib.XaeroLib/]: Resized a dynamic immediate buffer to 160!
[07Aug2026 18:36:55.453] [Render thread/INFO] [xaero.lib.XaeroLib/]: Resized a dynamic immediate buffer to 320!
[07Aug2026 18:36:55.456] [Render thread/INFO] [net.minecraft.client.renderer.DynamicUniformStorage/]: Resizing Dynamic Transforms UBO, capacity limit of 8 reached during a single frame. New capacity will be 16.
[07Aug2026 18:36:55.473] [Render thread/DEBUG] [mixin/]: Mixing entity_render_context.MixinItemSubmit from mixins.iris.json into net.minecraft.client.renderer.SubmitNodeStorage$ItemSubmit
[07Aug2026 18:36:55.473] [Render thread/DEBUG] [mixin/]: mixins.iris.json:entity_render_context.MixinItemSubmit from mod iris: Class version 69 required is higher than the class version supported by the current version of Mixin (JAVA_8 supports class version 52)
[07Aug2026 18:36:55.506] [Render thread/INFO] [xaero.lib.XaeroLib/]: Resized a dynamic immediate buffer to 640!
[07Aug2026 18:36:55.531] [Render thread/INFO] [xaero.lib.XaeroLib/]: Resized a dynamic immediate buffer to 1280!
[07Aug2026 18:36:55.579] [Render thread/INFO] [xaero.lib.XaeroLib/]: Resized a dynamic immediate buffer to 2560!
[07Aug2026 18:36:55.601] [Render thread/INFO] [xaero.lib.XaeroLib/]: Resized a dynamic immediate buffer to 160!
[07Aug2026 18:36:55.621] [Render thread/INFO] [xaero.lib.XaeroLib/]: Resized a dynamic immediate buffer to 320!
[07Aug2026 18:36:56.261] [Render thread/INFO] [xaero.lib.XaeroLib/]: Resized a dynamic immediate buffer to 640!
[07Aug2026 18:36:56.541] [Render thread/DEBUG] [mixin/]: Mixing entity_render_context.MixinModelSubmit from mixins.iris.json into net.minecraft.client.renderer.SubmitNodeStorage$ModelSubmit
[07Aug2026 18:36:56.541] [Render thread/DEBUG] [mixin/]: mixins.iris.json:entity_render_context.MixinModelSubmit from mod iris: Class version 69 required is higher than the class version supported by the current version of Mixin (JAVA_8 supports class version 52)
[07Aug2026 18:36:58.258] [Render thread/INFO] [xaero.lib.XaeroLib/]: Resized a dynamic immediate buffer to 1280!
[07Aug2026 18:36:58.258] [Render thread/INFO] [xaero.lib.XaeroLib/]: Resized a dynamic immediate buffer to 2560!
[07Aug2026 18:36:59.559] [Server thread/INFO] [net.minecraft.server.MinecraftServer/]: [Dev: Set own game mode to Creative Mode]
[07Aug2026 18:36:59.566] [Render thread/INFO] [net.minecraft.client.gui.components.ChatComponent/]: [System] [CHAT] Set own game mode to Creative Mode
[07Aug2026 18:37:02.583] [Render thread/INFO] [net.minecraft.client.renderer.DynamicUniformStorage/]: Resizing Dynamic Transforms UBO, capacity limit of 16 reached during a single frame. New capacity will be 32.
[07Aug2026 18:37:16.257] [Server thread/INFO] [net.minecraft.server.MinecraftServer/]: [Dev: Set own game mode to Survival Mode]
[07Aug2026 18:37:16.260] [Render thread/INFO] [net.minecraft.client.gui.components.ChatComponent/]: [System] [CHAT] Set own game mode to Survival Mode
[07Aug2026 18:37:18.626] [Render thread/DEBUG] [mixin/]: Generating mapped inner class net/minecraft/client/player/AbstractClientPlayer$Anonymous$3b90a36f7ec33471a06fcb3cbc7efa41 (originally page/langeweile/ok_zoomer/mixin/common/AbstractClientPlayerMixin$1)
[07Aug2026 18:37:20.464] [Render thread/INFO] [net.minecraft.advancements.AdvancementTree/]: Loaded 100 advancements
[07Aug2026 18:37:21.079] [Render thread/DEBUG] [mixin/]: Mixing core.render.immediate.consumer.SheetedDecalTextureGeneratorMixin from sodium-common.mixins.json into com.mojang.blaze3d.vertex.SheetedDecalTextureGenerator
[07Aug2026 18:37:21.079] [Render thread/DEBUG] [mixin/]: sodium-common.mixins.json:core.render.immediate.consumer.SheetedDecalTextureGeneratorMixin from mod sodium: Class version 69 required is higher than the class version supported by the current version of Mixin (JAVA_17 supports class version 61)
[07Aug2026 18:37:21.080] [Render thread/DEBUG] [mixin/]: sodium-common.mixins.json:core.render.immediate.consumer.SheetedDecalTextureGeneratorMixin from mod sodium->@Inject::onInit(Lorg/spongepowered/asm/mixin/injection/callback/CallbackInfo;)V doesn't use it's CallbackInfo
[07Aug2026 18:37:21.080] [Render thread/DEBUG] [mixin/]: sodium-common.mixins.json:core.render.immediate.consumer.SheetedDecalTextureGeneratorMixin from mod sodium->@Inject::onInit(Lorg/spongepowered/asm/mixin/injection/callback/CallbackInfo;)V has 0 override(s) in child classes
[07Aug2026 18:37:21.080] [Render thread/DEBUG] [mixin/]: sodium-common.mixins.json:core.render.immediate.consumer.SheetedDecalTextureGeneratorMixin from mod sodium->@Inject::onInit(Lorg/spongepowered/asm/mixin/injection/callback/CallbackInfo;)V won't be passed a CallbackInfo as a result
[07Aug2026 18:37:23.324] [Render thread/DEBUG] [mixin/]: Mixing entity_render_context.MixinCustomGeometrySubmit from mixins.iris.json into net.minecraft.client.renderer.SubmitNodeStorage$CustomGeometrySubmit
[07Aug2026 18:37:23.324] [Render thread/DEBUG] [mixin/]: mixins.iris.json:entity_render_context.MixinCustomGeometrySubmit from mod iris: Class version 69 required is higher than the class version supported by the current version of Mixin (JAVA_8 supports class version 52)
[07Aug2026 18:37:23.325] [Render thread/DEBUG] [mixin/]: mixins.iris.json:entity_render_context.MixinCustomGeometrySubmit from mod iris->@Inject::iris$capture2(Lcom/mojang/blaze3d/vertex/PoseStack$Pose;Lnet/minecraft/client/renderer/SubmitNodeCollector$CustomGeometryRenderer;Lorg/spongepowered/asm/mixin/injection/callback/CallbackInfo;)V doesn't use it's CallbackInfo
[07Aug2026 18:39:39.167] [Render thread/INFO] [xaero.lib.XaeroLib/]: Resized a dynamic immediate buffer to 5120!
[07Aug2026 18:41:02.907] [Server thread/INFO] [net.minecraft.client.server.IntegratedServer/]: Saving and pausing game...
[07Aug2026 18:41:02.935] [Server thread/INFO] [net.minecraft.server.MinecraftServer/]: Saving chunks for level 'ServerLevel[New World]'/minecraft:overworld
[07Aug2026 18:41:02.941] [Server thread/INFO] [net.minecraft.server.MinecraftServer/]: Saving chunks for level 'ServerLevel[New World]'/minecraft:the_end
[07Aug2026 18:41:02.942] [Server thread/INFO] [net.minecraft.server.MinecraftServer/]: Saving chunks for level 'ServerLevel[New World]'/minecraft:the_nether
[07Aug2026 18:41:02.944] [Server thread/DEBUG] [net.neoforged.neoforge.common.CommonHooks/WP]: Gathered mod list to write to world save New World
[07Aug2026 18:43:06.857] [Server thread/INFO] [net.minecraft.client.server.IntegratedServer/]: Saving and pausing game...
[07Aug2026 18:43:06.867] [Server thread/INFO] [net.minecraft.server.MinecraftServer/]: Saving chunks for level 'ServerLevel[New World]'/minecraft:overworld
[07Aug2026 18:43:06.871] [Server thread/INFO] [net.minecraft.server.MinecraftServer/]: Saving chunks for level 'ServerLevel[New World]'/minecraft:the_end
[07Aug2026 18:43:06.872] [Server thread/INFO] [net.minecraft.server.MinecraftServer/]: Saving chunks for level 'ServerLevel[New World]'/minecraft:the_nether
[07Aug2026 18:43:06.873] [Server thread/DEBUG] [net.neoforged.neoforge.common.CommonHooks/WP]: Gathered mod list to write to world save New World
[07Aug2026 18:44:10.307] [Server thread/INFO] [net.minecraft.server.MinecraftServer/]: [Dev: Set own game mode to Creative Mode]
[07Aug2026 18:44:10.310] [Render thread/INFO] [net.minecraft.client.gui.components.ChatComponent/]: [System] [CHAT] Set own game mode to Creative Mode
[07Aug2026 18:44:18.670] [Render thread/INFO] [net.minecraft.advancements.AdvancementTree/]: Loaded 101 advancements
[07Aug2026 18:44:20.457] [Server thread/INFO] [net.minecraft.server.MinecraftServer/]: [Dev: Set own game mode to Survival Mode]
[07Aug2026 18:44:20.460] [Render thread/INFO] [net.minecraft.client.gui.components.ChatComponent/]: [System] [CHAT] Set own game mode to Survival Mode
[07Aug2026 18:44:43.651] [Render thread/INFO] [xaero.lib.XaeroLib/]: Resized a dynamic immediate buffer to 5120!
[07Aug2026 18:44:44.858] [Server thread/INFO] [net.minecraft.server.MinecraftServer/]: Dev was struck by lightning
[07Aug2026 18:44:44.868] [Render thread/INFO] [net.minecraft.client.gui.components.ChatComponent/]: [System] [CHAT] Dev was struck by lightning
[07Aug2026 18:44:46.722] [Server thread/INFO] [dev.gigaherz.toolbelt.slot.BeltAttachment/]: Processing respawn for entity Dev(380df991-f603-344c-a090-369bad2a924a)
[07Aug2026 18:44:46.722] [Server thread/INFO] [dev.gigaherz.toolbelt.slot.BeltAttachment/]: Old entity has data, copying...
[07Aug2026 18:44:46.729] [Render thread/INFO] [xaero.hud.minimap.MinimapLogs/]: Minimap updated server level id: 1005889491 for world ResourceKey[minecraft:dimension / minecraft:overworld]
[07Aug2026 18:44:51.457] [Server thread/INFO] [net.minecraft.server.MinecraftServer/]: [Dev: Set own game mode to Creative Mode]
[07Aug2026 18:44:51.460] [Render thread/INFO] [net.minecraft.client.gui.components.ChatComponent/]: [System] [CHAT] Set own game mode to Creative Mode
[07Aug2026 18:44:53.270] [Server thread/DEBUG] [net.neoforged.neoforge.common.CommonHooks/WP]: Gathered mod list to write to world save New World
[07Aug2026 18:44:54.257] [Server thread/INFO] [net.minecraft.client.server.IntegratedServer/]: Saving and pausing game...
[07Aug2026 18:44:54.266] [Server thread/INFO] [net.minecraft.server.MinecraftServer/]: Saving chunks for level 'ServerLevel[New World]'/minecraft:overworld
[07Aug2026 18:44:54.268] [Server thread/INFO] [net.minecraft.server.MinecraftServer/]: Saving chunks for level 'ServerLevel[New World]'/minecraft:the_end
[07Aug2026 18:44:54.268] [Server thread/INFO] [net.minecraft.server.MinecraftServer/]: Saving chunks for level 'ServerLevel[New World]'/minecraft:the_nether
[07Aug2026 18:44:54.269] [Server thread/DEBUG] [net.neoforged.neoforge.common.CommonHooks/WP]: Gathered mod list to write to world save New World
[07Aug2026 18:44:55.124] [Render thread/DEBUG] [xaero.common.HudMod/]: Finalized session for module xaerominimap:minimap!
[07Aug2026 18:44:55.125] [Render thread/INFO] [xaero.hud.minimap.MinimapLogs/]: Xaero hud session finalized.
[07Aug2026 18:44:55.125] [Render thread/INFO] [xaero.map.WorldMap/]: Finalizing world map session...
[07Aug2026 18:44:55.157] [Server thread/INFO] [net.minecraft.server.network.ServerGamePacketListenerImpl/]: Dev lost connection: Disconnected
[07Aug2026 18:44:55.158] [Server thread/INFO] [net.minecraft.server.MinecraftServer/]: Dev left the game
[07Aug2026 18:44:55.166] [Thread-3/INFO] [xaero.map.WorldMap/]: World map cleaned normally!
[07Aug2026 18:44:55.169] [Server thread/INFO] [net.minecraft.server.network.ServerCommonPacketListenerImpl/]: Stopping singleplayer server as player logged out
[07Aug2026 18:44:55.219] [Server thread/INFO] [net.minecraft.server.MinecraftServer/]: Stopping server
[07Aug2026 18:44:55.220] [Server thread/INFO] [net.minecraft.server.MinecraftServer/]: Saving players
[07Aug2026 18:44:55.220] [Server thread/INFO] [net.minecraft.server.MinecraftServer/]: Saving worlds
[07Aug2026 18:44:55.226] [Render thread/INFO] [xaero.map.WorldMap/]: World map session finalized.
[07Aug2026 18:44:55.250] [Server thread/INFO] [net.minecraft.server.MinecraftServer/]: Saving chunks for level 'ServerLevel[New World]'/minecraft:overworld
[07Aug2026 18:44:55.265] [Server thread/INFO] [net.minecraft.server.MinecraftServer/]: Saving chunks for level 'ServerLevel[New World]'/minecraft:the_end
[07Aug2026 18:44:55.268] [Server thread/INFO] [net.minecraft.server.MinecraftServer/]: Saving chunks for level 'ServerLevel[New World]'/minecraft:the_nether
[07Aug2026 18:44:55.272] [Server thread/DEBUG] [net.neoforged.neoforge.common.CommonHooks/WP]: Gathered mod list to write to world save New World
[07Aug2026 18:44:55.277] [Server thread/INFO] [net.minecraft.server.MinecraftServer/]: ThreadedAnvilChunkStorage (world): All chunks are saved
[07Aug2026 18:44:55.277] [Server thread/INFO] [net.minecraft.server.MinecraftServer/]: ThreadedAnvilChunkStorage (DIM1): All chunks are saved
[07Aug2026 18:44:55.277] [Server thread/INFO] [net.minecraft.server.MinecraftServer/]: ThreadedAnvilChunkStorage (DIM-1): All chunks are saved
[07Aug2026 18:44:55.277] [Server thread/INFO] [net.minecraft.server.MinecraftServer/]: ThreadedAnvilChunkStorage: All dimensions are saved
[07Aug2026 18:44:55.303] [Server thread/DEBUG] [net.neoforged.fml.config.ConfigTracker/CONFIG]: Unloading configs type SERVER
[07Aug2026 18:44:55.333] [Render thread/INFO] [ChunkBuilder/]: Stopping worker threads
[07Aug2026 18:44:55.919] [Render thread/DEBUG] [net.neoforged.fml.classloading.transformation.ClassTransformStatistics/]: Transformed/total loaded classes: 755/12664 (5.96%) and 689 parsed for mixin
[07Aug2026 18:44:55.935] [Render thread/INFO] [net.minecraft.client.Minecraft/]: Stopping!
