#
# A fatal error has been detected by the Java Runtime Environment:
#
#  SIGSEGV (0xb) at pc=0x00007122b3a780f0, pid=113209, tid=113571
#
# JRE version: OpenJDK Runtime Environment JBR-25.0.2+10-329.117-jcef (25.0.2+10) (build 25.0.2+10-b329.117)
# Java VM: OpenJDK 64-Bit Server VM JBR-25.0.2+10-329.117-jcef (25.0.2+10-b329.117, mixed mode, sharing, tiered, compressed oops, compressed class ptrs, g1 gc, linux-amd64)
# Problematic frame:
# j  net.minecraft.world.ticks.ScheduledTick.<init>(Ljava/lang/Object;Lnet/minecraft/core/BlockPos;JLnet/minecraft/world/ticks/TickPriority;J)V+5 minecraft@26.1.2
#
# Core dump will be written. Default location: Core dumps may be processed with "/usr/share/apport/apport -p%p -s%s -c%c -d%d -P%P -u%u -g%g -F%F -- %E" (or dumping to /home/tillman/Desktop/programmieren/minecraft/MODS/KomischKristall/run/core.113209)
#
# If you would like to submit a bug report, please visit:
#   https://youtrack.jetbrains.com/issues/JBR
#

---------------  S U M M A R Y ------------

Command Line: -Dfml.modFolders=mcreator%%/home/tillman/Desktop/programmieren/minecraft/MODS/KomischKristall/build/classes/java/main:mcreator%%/home/tillman/Desktop/programmieren/minecraft/MODS/KomischKristall/build/resources/main --sun-misc-unsafe-memory-access=allow --enable-native-access=ALL-UNNAMED --add-opens=java.base/java.lang.invoke=ALL-UNNAMED --add-exports=jdk.naming.dns/com.sun.jndi.dns=java.naming -Dcom.sun.management.jmxremote.port=1099 -Dcom.sun.management.jmxremote.local.only=true -Dcom.sun.management.jmxremote.ssl=false -Dcom.sun.management.jmxremote.authenticate=false -Dlog4j2.configurationFile=/home/tillman/Desktop/programmieren/minecraft/MODS/KomischKristall/build/moddev/clientLog4j2.xml -Djava.net.preferIPv6Addresses=system -Dneoforge.enableGameTest=true -Dforge.logging.markers=REGISTRIES -Dfile.encoding=UTF-8 -Duser.country=US -Duser.language=en -Duser.variant -Dawt.toolkit.name=XToolkit net.neoforged.devlaunch.Main @/home/tillman/Desktop/programmieren/minecraft/MODS/KomischKristall/build/moddev/clientRunProgramArgs.txt

Host: AMD Ryzen 7 3800X 8-Core Processor, 16 cores, 30G, Ubuntu 26.04 LTS
Time: Mon Aug  3 18:34:42 2026 CEST elapsed time: 190.923491 seconds (0d 0h 3m 10s)

---------------  T H R E A D  ---------------

Current thread (0x00007122c2592190):  JavaThread "Server thread"        [_thread_in_Java, id=113571, stack(0x000071225a9f6000,0x000071225aaf6000) (1024K)]

Stack: [0x000071225a9f6000,0x000071225aaf6000],  sp=0x000071225aaf42d8,  free space=1016k
Native frames: (J=compiled Java code, j=interpreted, Vv=VM code, C=native code)
j  net.minecraft.world.ticks.ScheduledTick.<init>(Ljava/lang/Object;Lnet/minecraft/core/BlockPos;JLnet/minecraft/world/ticks/TickPriority;J)V+5 minecraft@26.1.2
j  net.minecraft.world.ticks.ScheduledTick.probe(Ljava/lang/Object;Lnet/minecraft/core/BlockPos;)Lnet/minecraft/world/ticks/ScheduledTick;+11 minecraft@26.1.2
j  net.minecraft.world.ticks.LevelChunkTicks.<init>(Ljava/util/List;)V+75 minecraft@26.1.2
J 50399 c2 net.minecraft.world.level.chunk.ProtoChunk.unpackTicks(Lnet/minecraft/world/ticks/ProtoChunkTicks;)Lnet/minecraft/world/ticks/LevelChunkTicks; minecraft@26.1.2 (12 bytes) @ 0x00007122b4b58b98 [0x00007122b4b58b00+0x0000000000000098]
J 44945 c2 net.minecraft.world.level.chunk.LevelChunk.<init>(Lnet/minecraft/server/level/ServerLevel;Lnet/minecraft/world/level/chunk/ProtoChunk;Lnet/minecraft/world/level/chunk/LevelChunk$PostLoadProcessor;)V minecraft@26.1.2 (299 bytes) @ 0x00007122b56a709c [0x00007122b56a7020+0x000000000000007c]
J 49001 c2 net.minecraft.world.level.chunk.status.ChunkStatusTasks$$Lambda+0x000000004486e738.get()Ljava/lang/Object; minecraft@26.1.2 (16 bytes) @ 0x00007122b4cd227c [0x00007122b4cd0f80+0x00000000000012fc]
J 21254 c2 java.util.concurrent.CompletableFuture$AsyncSupply.run()V java.base@25.0.2 (61 bytes) @ 0x00007122b4c0f494 [0x00007122b4c0f400+0x0000000000000094]
J 47096 c2 net.minecraft.server.level.ServerChunkCache$MainThreadExecutor.pollTask()Z minecraft@26.1.2 (27 bytes) @ 0x00007122b44c0900 [0x00007122b44c0400+0x0000000000000500]
J 37964 c2 net.minecraft.server.MinecraftServer.pollTask()Z minecraft@26.1.2 (12 bytes) @ 0x00007122b4edba24 [0x00007122b4edb680+0x00000000000003a4]
J 31604 c2 net.minecraft.util.thread.BlockableEventLoop.managedBlock(Ljava/util/function/BooleanSupplier;)V minecraft@26.1.2 (60 bytes) @ 0x00007122b45ebb98 [0x00007122b45eba00+0x0000000000000198]
J 37915 c1 net.minecraft.server.MinecraftServer.waitUntilNextTick()V minecraft@26.1.2 (36 bytes) @ 0x00007122ad53b1cc [0x00007122ad53ad00+0x00000000000004cc]
j  net.minecraft.server.MinecraftServer.runServer()V+324 minecraft@26.1.2
j  net.minecraft.server.MinecraftServer.lambda$spin$0(Ljava/util/concurrent/atomic/AtomicReference;)V+7 minecraft@26.1.2
j  net.minecraft.server.MinecraftServer$$Lambda+0x00000000446d8288.run()V+4 minecraft@26.1.2
j  java.lang.Thread.runWith(Ljava/lang/Object;Ljava/lang/Runnable;)V+5 java.base@25.0.2
j  java.lang.Thread.run()V+19 java.base@25.0.2
v  ~StubRoutines::call_stub 0x00007122b3a5ffa6
V  [libjvm.so+0x9f5940]  JavaCalls::call_helper(JavaValue*, methodHandle const&, JavaCallArguments*, JavaThread*)+0x2b0
V  [libjvm.so+0x9f730e]  JavaCalls::call_virtual(JavaValue*, Handle, Klass*, Symbol*, Symbol*, JavaThread*)+0x1de
V  [libjvm.so+0xad7b67]  thread_entry(JavaThread*, JavaThread*)+0x87
V  [libjvm.so+0xa0c5ef]  JavaThread::thread_main_inner() [clone .part.0]+0xaf
V  [libjvm.so+0x1106028]  Thread::call_run()+0xa8
V  [libjvm.so+0xe2307b]  thread_native_entry(Thread*)+0xdb
C  [libc.so.6+0xa40da]

siginfo: si_signo: 11 (SIGSEGV), si_code: 128 (SI_KERNEL), si_addr: 0x0000000000000000

Registers:
RAX=0x000000004356d014, RBX=0x7619db6800007122, RCX=0xfffffffffffffff6, RDX=0x000071215ba326e8
RSP=0x000071225aaf42d8, RBP=0x000071225aaf4330, RSI=0x00007121fc5c7570, RDI=0x000071225aaf4210
R8 =0x0000000000000030, R9 =0x5755a43de3514964, R10=0x0000000041000000, R11=0x00007122b3a7d5a0
R12=0x0000000000000000, R13=0x000071225aaf42e0, R14=0x000071215ba326e8, R15=0x00007122c2592190
RIP=0x00007122b3a780f0, EFLAGS=0x0000000000010296, CSGSFS=0x002b000000000033, ERR=0x0000000000000000
  TRAPNO=0x000000000000000d

XMM[0]=0x0000000000000000 0x0000000000000000
XMM[1]=0x0000000000000000 0x0000000000000000
XMM[2]=0x0000000000000000 0x00000000000000ff
XMM[3]=0x0000000000000000 0x00000000000000ff
XMM[4]=0x00007122b4b58b98 0x000071225aaf4450
XMM[5]=0x0000000000000000 0x00007122b4b58a08
XMM[6]=0x000000065d5fefa8 0x0000710000000000
XMM[7]=0x00007122b4b58b98 0x000071225aaf4470
XMM[8]=0x0000000000000001 0x0000000000000001
XMM[9]=0x0000000000000003 0x0000000000000003
XMM[10]=0x0000000000000001 0x0000000000000001
XMM[11]=0x0000000000000000 0x417c9c4be840de8f
XMM[12]=0x0000000000000000 0x417c9c4b03246fb3
XMM[13]=0x0000000000000000 0x417c9c4be840de8f
XMM[14]=0x0000000000000000 0xc0425269b582db4a
XMM[15]=0x0000000000000000 0x0000000000000000
  MXCSR=0x00001fbf


Register to memory mapping:

RAX=0x000000004356d014 is pointing into metadata
RBX=0x7619db6800007122 is an unknown value
RCX=0xfffffffffffffff6 is an unknown value
RDX=0x000071215ba326e8 is pointing into metadata
RSP=0x000071225aaf42d8 is pointing into the stack for thread: 0x00007122c2592190
RBP=0x000071225aaf4330 is pointing into the stack for thread: 0x00007122c2592190
RSI=0x00007121fc5c7570 points into unknown readable memory: 0x000f000e000e000e | 0e 00 0e 00 0e 00 0f 00
RDI=0x000071225aaf4210 is pointing into the stack for thread: 0x00007122c2592190
R8 =0x0000000000000030 is an unknown value
R9 =0x5755a43de3514964 is an unknown value
R10=0x0000000041000000 points into nKlass protection zone
R11=0x00007122b3a7d5a0 is at code_begin+0 in an Interpreter codelet
deoptimization entry points  [0x00007122b3a7d5a0, 0x00007122b3a7f528]  8072 bytes
R12=0x0 is null
R13=0x000071225aaf42e0 is pointing into the stack for thread: 0x00007122c2592190
R14=0x000071215ba326e8 is pointing into metadata
R15=0x00007122c2592190 is a thread

Top of Stack: (sp=0x000071225aaf42d8)
0x000071225aaf42d8:   00007122b3a675d2 0000000648127860   .u.."q..`x.H....
0x000071225aaf42e8:   fffffffffffffff7 000071215a7c39a5   .........9|Z!q..
0x000071225aaf42f8:   0000000000000009 000071215a7d5120   ........ Q}Z!q..
0x000071225aaf4308:   000071215ba326e8 00000007fd1b6328   .&.[!q..(c......
0x000071225aaf4318:   000071215a7c3a38 fffffffffffffff6   8:|Z!q..........
0x000071225aaf4328:   000071225aaf4340 000071225aaf43d0   @C.Z"q...C.Z"q..
0x000071225aaf4338:   00007122b3a67438 0000000000000000   8t.."q..........
0x000071225aaf4348:   deaddeaf00000000 00000007fd1bb1b0   ................
0x000071225aaf4358:   0000000000000000 deaddeaf00000000   ................
0x000071225aaf4368:   0000000000000000 0000000622a35198   .........Q."....
0x000071225aaf4378:   000000065d605bb0 000000065d605bb0   .[`].....[`]....
0x000071225aaf4388:   fffffffffffffff7 000071215a7c3aeb   .........:|Z!q..
0x000071225aaf4398:   0000000000000003 000071215a7d5120   ........ Q}Z!q..
0x000071225aaf43a8:   000071215b484728 00000007fd1b6328   (GH[!q..(c......
0x000071225aaf43b8:   000071215a7c3b10 ffffffffffffffee   .;|Z!q..........
0x000071225aaf43c8:   000071225aaf43e0 000071225aaf4440   .C.Z"q..@D.Z"q..
0x000071225aaf43d8:   00007122b3a675d2 0000000000000000   .u.."q..........
0x000071225aaf43e8:   0000000000000000 000000065d5fff00   .........._]....
0x000071225aaf43f8:   fffffffffffffff7 000071215a7c189b   ..........|Z!q..
0x000071225aaf4408:   0000000000000005 000071215adcf600   ...........Z!q..
0x000071225aaf4418:   000071215b427668 00000007fd190458   hvB[!q..X.......
0x000071225aaf4428:   000071215a7c18e0 fffffffffffffff4   ..|Z!q..........
0x000071225aaf4438:   000071225aaf4470 000000065d5fefa8   pD.Z"q...._]....
0x000071225aaf4448:   00007122b4b58b98 0000000000000000   ...."q..........
0x000071225aaf4458:   000000065d5fffc8 0000000000000000   .._]............
0x000071225aaf4468:   000000065d5fefa8 000000065d5fefa8   .._]......_]....
0x000071225aaf4478:   00007122c8aab5c7 000000062f942348   ...."q..H#./....
0x000071225aaf4488:   00007122b486d18c 000000065d5fefc8   ...."q...._]....
0x000071225aaf4498:   00000006c4d3f8c6 00000000000001ff   ................
0x000071225aaf44a8:   00007122c80cd22d 00000000c5f280d4   -..."q..........
0x000071225aaf44b8:   00007122b56a709c 0000712200000000   .pj."q......"q..
0x000071225aaf44c8:   000000065d5fec00 000071225aaf44f0   .._].....D.Z"q..

Instructions: (pc=0x00007122b3a780f0)
  0x00007122b3a77ff0:   45 8b 6d 08 41 ba 00 00 00 41 4d 03 ea 4d 8b d5
  0x00007122b3a78000:   4c 33 6a 08 49 f7 c5 fc ff ff ff 74 2f 41 f6 c5
  0x00007122b3a78010:   02 75 29 48 83 7a 08 00 74 1e 48 83 7a 08 01 74
  0x00007122b3a78020:   17 4d 8b ea 4c 33 6a 08 49 f7 c5 fc ff ff ff 74
  0x00007122b3a78030:   0b 48 83 4a 08 02 eb 04 4c 89 6a 08 48 83 c2 10
  0x00007122b3a78040:   4c 8b 6a e8 41 83 ed 02 41 83 fd 02 0f 8c 80 00
  0x00007122b3a78050:   00 00 4c 8b 6b 08 45 0f b7 6d 2e 4c 2b 2a 41 83
  0x00007122b3a78060:   ed 01 4e 8b 6c ec 08 4d 85 ed 75 0e f6 42 08 01
  0x00007122b3a78070:   75 54 f0 48 83 4a 08 01 eb 4c 45 8b 6d 08 41 ba
  0x00007122b3a78080:   00 00 00 41 4d 03 ea 4d 8b d5 4c 33 6a 08 49 f7
  0x00007122b3a78090:   c5 fc ff ff ff 74 2f 41 f6 c5 02 75 29 48 83 7a
  0x00007122b3a780a0:   08 00 74 1e 48 83 7a 08 01 74 17 4d 8b ea 4c 33
  0x00007122b3a780b0:   6a 08 49 f7 c5 fc ff ff ff 74 0b 48 83 4a 08 02
  0x00007122b3a780c0:   eb 04 4c 89 6a 08 48 83 c2 10 4c 8b 6a d8 41 83
  0x00007122b3a780d0:   ed 04 41 c1 e5 03 49 03 d5 48 89 55 d8 4c 8d 6c
  0x00007122b3a780e0:   24 08 49 8b cd 48 2b cd 48 c1 f9 03 48 89 4d f0
=>0x00007122b3a780f0:   ff 63 68 0f 1f 44 00 00 37 d7 48 c8 22 71 00 00
  0x00007122b3a78100:   c8 02 00 00 b7 00 00 00 00 00 00 00 00 00 00 00
  0x00007122b3a78110:   00 00 00 00 00 00 00 00 00 00 00 00 00 00 00 00
  0x00007122b3a78120:   48 83 ec 08 c5 fa 11 04 24 eb 1f 48 83 ec 10 c5
  0x00007122b3a78130:   fb 11 04 24 eb 14 48 83 ec 10 48 89 04 24 48 c7
  0x00007122b3a78140:   44 24 08 00 00 00 00 eb 01 50 48 8b 4d d0 41 0f
  0x00007122b3a78150:   b7 55 01 48 8b 49 38 6b d2 18 48 8d 4c 11 08 0f
  0x00007122b3a78160:   b6 59 16 81 fb b7 00 00 00 0f 84 a7 00 00 00 bb
  0x00007122b3a78170:   b7 00 00 00 e8 05 00 00 00 e9 83 00 00 00 48 8b
  0x00007122b3a78180:   f3 48 8d 44 24 08 4c 89 6d c0 49 8b ff c5 f8 77
  0x00007122b3a78190:   49 89 af 90 04 00 00 49 89 87 80 04 00 00 40 f6
  0x00007122b3a781a0:   c4 0f 0f 84 12 00 00 00 48 83 ec 08 e8 ff 52 17
  0x00007122b3a781b0:   14 48 83 c4 08 e9 05 00 00 00 e8 f1 52 17 14 49
  0x00007122b3a781c0:   c7 87 80 04 00 00 00 00 00 00 49 c7 87 90 04 00
  0x00007122b3a781d0:   00 00 00 00 00 49 c7 87 88 04 00 00 00 00 00 00
  0x00007122b3a781e0:   c5 f8 77 49 83 7f 08 00 0f 84 05 00 00 00 e9 ed


Stack slot to memory mapping:

stack at sp + 0 slots: 0x00007122b3a675d2 is at code_begin+1682 in an Interpreter codelet
return entry points  [0x00007122b3a66f40, 0x00007122b3a67bb8]  3192 bytes
stack at sp + 1 slots: 0x0000000648127860 is an unknown heap location
stack at sp + 2 slots: 0xfffffffffffffff7 is an unknown value
stack at sp + 3 slots: 0x000071215a7c39a5 is pointing into metadata
stack at sp + 4 slots: 0x0000000000000009 is an unknown value
stack at sp + 5 slots: 0x000071215a7d5120 is pointing into metadata
stack at sp + 6 slots: 0x000071215ba326e8 is pointing into metadata
stack at sp + 7 slots: 0x00000007fd1b6328 is an oop: java.lang.Class 
{0x00000007fd1b6328} - klass: 'java/lang/Class' - flags: 

 - ---- fields (total size 17 words):
 - private volatile transient 'classRedefinedCount' 'I' @12  0 (0x00000000)
 - injected 'klass' 'J' @16  1148278952 (0x00000000447158a8)
 - injected 'array_klass' 'J' @24  0 (0x0000000000000000)
 - injected 'oop_size' 'I' @32  17 (0x00000011)
 - injected 'static_oop_field_count' 'I' @36  3 (0x00000003)
 - private final transient 'modifiers' 'C' @40    17 (0x0011)
 - private final transient 'primitive' 'Z' @42  false (0x00)
 - private volatile transient 'cachedConstructor' 'Ljava/lang/reflect/Constructor;' @44  null (0x00000000)
 - private transient 'name' 'Ljava/lang/String;' @48  "net.minecraft.world.ticks.ScheduledTick"{0x00000007fd1b6d38} (0xffa36da7)
 - private transient 'module' 'Ljava/lang/Module;' @52  a 'java/lang/Module'{0x000000061d932388} (0xc3b26471)
 - private final 'classLoader' 'Ljava/lang/ClassLoader;' @56  a 'net/neoforged/fml/classloading/transformation/TransformingClassLoader'{0x000000061d9123c0} (0xc3b22478)
 - private transient 'classData' 'Ljava/lang/Object;' @60  null (0x00000000)
 - private transient 'signers' '[Ljava/lang/Object;' @64  null (0x00000000)
 - private transient 'packageName' 'Ljava/lang/String;' @68  "net.minecraft.world.ticks"{0x0000000622bd2598} (0xc457a4b3)
 - private final transient 'componentType' 'Ljava/lang/Class;' @72  null (0x00000000)
 - private final transient 'protectionDomain' 'Ljava/security/ProtectionDomain;' @76  a 'java/security/ProtectionDomain'{0x000000061d93b328} (0xc3b27665)
 - private volatile transient 'reflectionData' 'Ljava/lang/ref/SoftReference;' @80  null (0x00000000)
 - private volatile transient 'genericInfo' 'Lsun/reflect/generics/repository/ClassRepository;' @84  null (0x00000000)
 - private volatile transient 'enumConstants' '[Ljava/lang/Object;' @88  null (0x00000000)
 - private volatile transient 'enumConstantDirectory' 'Ljava/util/Map;' @92  null (0x00000000)
 - private volatile transient 'annotationData' 'Ljava/lang/Class$AnnotationData;' @96  null (0x00000000)
 - private volatile transient 'annotationType' 'Lsun/reflect/annotation/AnnotationType;' @100  null (0x00000000)
 - transient 'classValueMap' 'Ljava/lang/ClassValue$ClassValueMap;' @104  null (0x00000000)
 - injected 'source_file' 'Ljava/lang/Object;' @108  null (0x00000000)
 - injected '<init_lock>' 'Ljava/lang/Object;' @112  null (0x00000000)
 - signature: Lnet/minecraft/world/ticks/ScheduledTick;
 - ---- static fields (3):
 - public static final 'DRAIN_ORDER' 'Ljava/util/Comparator;' @120  a 'net/minecraft/world/ticks/ScheduledTick$$Lambda+0x0000000044715d88'{0x00000007fd1b63b0} (0xffa36c76)
 - public static final 'INTRA_TICK_DRAIN_ORDER' 'Ljava/util/Comparator;' @124  a 'net/minecraft/world/ticks/ScheduledTick$$Lambda+0x0000000044716060'{0x00000007fd1b6d28} (0xffa36da5)
 - public static final 'UNIQUE_TICK_HASH' 'Lit/unimi/dsi/fastutil/Hash$Strategy;' @128  a 'net/minecraft/world/ticks/ScheduledTick$1'{0x00000007fd1b63c0} (0xffa36c78)

Lock stack of current Java thread (top to bottom):

invokevirtual  182 invokevirtual  [0x00007122b3a77c40, 0x00007122b3a780f8]  1208 bytes
[MachCode]
  0x00007122b3a77c40: 4883 ec08 | c5fa 1104 | 24eb 1f48 | 83ec 10c5 | fb11 0424 | eb14 4883 | ec10 4889 | 0424 48c7 
  0x00007122b3a77c60: 4424 0800 | 0000 00eb | 0150 488b | 4dd0 410f | b755 0148 | 8b49 386b | d218 488d | 4c11 080f 
  0x00007122b3a77c80: b659 1781 | fbb6 0000 | 000f 84a7 | 0000 00bb | b600 0000 | e805 0000 | 00e9 8300 | 0000 488b 
  0x00007122b3a77ca0: f348 8d44 | 2408 4c89 | 6dc0 498b | ffc5 f877 | 4989 af90 | 0400 0049 | 8987 8004 | 0000 40f6 
  0x00007122b3a77cc0: c40f 0f84 | 1200 0000 | 4883 ec08 | e8df 5717 | 1448 83c4 | 08e9 0500 | 0000 e8d1 | 5717 1449 
  0x00007122b3a77ce0: c787 8004 | 0000 0000 | 0000 49c7 | 8790 0400 | 0000 0000 | 0049 c787 | 8804 0000 | 0000 0000 
  0x00007122b3a77d00: c5f8 7749 | 837f 0800 | 0f84 0500 | 0000 e9cd | 81fe ff4c | 8b6d c04c | 8b75 c84e | 8d74 f500 
  0x00007122b3a77d20: c348 8b4d | d041 0fb7 | 5501 488b | 4938 6bd2 | 1848 8d4c | 1108 0fb6 | 5115 f6c2 | 010f 8509 
  0x00007122b3a77d40: 0000 000f | b759 08e9 | 0300 0000 | 488b 194c | 896d c044 | 8bea 0fb6 | 5114 0fb7 | 4912 488b 
  0x00007122b3a77d60: 4ccc f849 | baa0 aa90 | c822 7100 | 0049 8b14 | d252 418b | d54c 8b6d | c08b c283 | e001 0f84 
  0x00007122b3a77d80: 7501 0000 | 483b 0148 | 8b45 d848 | 85c0 0f84 | 0d00 0000 | 4883 4008 | 0148 83c0 | 3048 8945 
  0x00007122b3a77da0: d848 8b45 | d848 85c0 | 0f84 3501 | 0000 8078 | d00b 0f85 | 2b01 0000 | 4883 c008 | 4c8b 68f8 
  0x00007122b3a77dc0: 4183 ed00 | 4183 fd02 | 0f8c 0a01 | 0000 4c8b | 6b08 450f | b76d 2e4c | 2b28 4183 | ed01 4e8b 
  0x00007122b3a77de0: 6cec 084d | 85ed 750e | f640 0801 | 7554 f048 | 8348 0801 | eb4c 458b | 6d08 41ba | 0000 0041 
  0x00007122b3a77e00: 4d03 ea4d | 8bd5 4c33 | 6808 49f7 | c5fc ffff | ff74 2f41 | f6c5 0275 | 2948 8378 | 0800 741e 
  0x00007122b3a77e20: 4883 7808 | 0174 174d | 8bea 4c33 | 6808 49f7 | c5fc ffff | ff74 0b48 | 8348 0802 | eb04 4c89 
  0x00007122b3a77e40: 6808 4883 | c010 4c8b | 68e8 4183 | ed02 4183 | fd02 0f8c | 8000 0000 | 4c8b 6b08 | 450f b76d 
  0x00007122b3a77e60: 2e4c 2b28 | 4183 ed01 | 4e8b 6cec | 084d 85ed | 750e f640 | 0801 7554 | f048 8348 | 0801 eb4c 
  0x00007122b3a77e80: 458b 6d08 | 41ba 0000 | 0041 4d03 | ea4d 8bd5 | 4c33 6808 | 49f7 c5fc | ffff ff74 | 2f41 f6c5 
  0x00007122b3a77ea0: 0275 2948 | 8378 0800 | 741e 4883 | 7808 0174 | 174d 8bea | 4c33 6808 | 49f7 c5fc | ffff ff74 
  0x00007122b3a77ec0: 0b48 8348 | 0802 eb04 | 4c89 6808 | 4883 c010 | 4c8b 68d8 | 4183 ed04 | 41c1 e503 | 4903 c548 
  0x00007122b3a77ee0: 8945 d84c | 8d6c 2408 | 498b cd48 | 2bcd 48c1 | f903 4889 | 4df0 ff63 | 688b 4108 | 41ba 0000 
  0x00007122b3a77f00: 0041 4903 | c24c 8b75 | d84d 85f6 | 0f84 8100 | 0000 498b | 5610 483b | d00f 850a | 0000 0049 
  0x00007122b3a77f20: 8346 1801 | e962 0000 | 0048 85d2 | 0f84 3800 | 0000 498b | 5620 483b | d00f 850a | 0000 0049 
  0x00007122b3a77f40: 8346 2801 | e942 0000 | 0048 85d2 | 740a 4983 | 4608 01e9 | 3300 0000 | 4989 4620 | ba01 0000 
  0x00007122b3a77f60: 0049 8956 | 28e9 2100 | 0000 493b | 4620 0f85 | 0a00 0000 | 4983 4628 | 01e9 0d00 | 0000 4989 
  0x00007122b3a77f80: 4610 ba01 | 0000 0049 | 8956 1849 | 83c6 304c | 8975 d848 | 8b9c d810 | 0200 0048 | 8b55 d848 
  0x00007122b3a77fa0: 85d2 0f84 | 3501 0000 | 807a d00b | 0f85 2b01 | 0000 4883 | c208 4c8b | 6af8 4183 | ed00 4183 
  0x00007122b3a77fc0: fd02 0f8c | 0a01 0000 | 4c8b 6b08 | 450f b76d | 2e4c 2b2a | 4183 ed01 | 4e8b 6cec | 084d 85ed 
  0x00007122b3a77fe0: 750e f642 | 0801 7554 | f048 834a | 0801 eb4c | 458b 6d08 | 41ba 0000 | 0041 4d03 | ea4d 8bd5 
  0x00007122b3a78000: 4c33 6a08 | 49f7 c5fc | ffff ff74 | 2f41 f6c5 | 0275 2948 | 837a 0800 | 741e 4883 | 7a08 0174 
  0x00007122b3a78020: 174d 8bea | 4c33 6a08 | 49f7 c5fc | ffff ff74 | 0b48 834a | 0802 eb04 | 4c89 6a08 | 4883 c210 
  0x00007122b3a78040: 4c8b 6ae8 | 4183 ed02 | 4183 fd02 | 0f8c 8000 | 0000 4c8b | 6b08 450f | b76d 2e4c | 2b2a 4183 
  0x00007122b3a78060: ed01 4e8b | 6cec 084d | 85ed 750e | f642 0801 | 7554 f048 | 834a 0801 | eb4c 458b | 6d08 41ba 
  0x00007122b3a78080: 0000 0041 | 4d03 ea4d | 8bd5 4c33 | 6a08 49f7 | c5fc ffff | ff74 2f41 | f6c5 0275 | 2948 837a 
  0x00007122b3a780a0: 0800 741e | 4883 7a08 | 0174 174d | 8bea 4c33 | 6a08 49f7 | c5fc ffff | ff74 0b48 | 834a 0802 
  0x00007122b3a780c0: eb04 4c89 | 6a08 4883 | c210 4c8b | 6ad8 4183 | ed04 41c1 | e503 4903 | d548 8955 | d84c 8d6c 
  0x00007122b3a780e0: 2408 498b | cd48 2bcd | 48c1 f903 | 4889 4df0 | ff63 680f | 1f44 0000 
[/MachCode]

Compiled method (c2) 190937 50399       4       net.minecraft.world.level.chunk.ProtoChunk::unpackTicks (12 bytes)
 total in heap  [0x00007122b4b58a08,0x00007122b4b58f88] = 1408
 main code      [0x00007122b4b58b00,0x00007122b4b58f40] = 1088
 stub code      [0x00007122b4b58f40,0x00007122b4b58f78] = 56
 oops           [0x00007122b4b58f78,0x00007122b4b58f88] = 16
 mutable data [0x0000712268949720,0x0000712268949848] = 296
 relocation     [0x0000712268949720,0x00007122689497b8] = 152
 metadata       [0x00007122689497b8,0x0000712268949848] = 144
 immutable data [0x00007122689493d0,0x0000712268949710] = 832
 dependencies   [0x00007122689493d0,0x00007122689493f8] = 40
 nul chk table  [0x00007122689493f8,0x0000712268949418] = 32
 handler table  [0x0000712268949418,0x00007122689494c0] = 168
 scopes pcs     [0x00007122689494c0,0x00007122689495d0] = 272
 scopes data    [0x00007122689495d0,0x0000712268949710] = 320

[Constant Pool (empty)]

[MachCode]
[Verified Entry Point]
  # {method} {0x000071215a88b2e0} 'unpackTicks' '(Lnet/minecraft/world/ticks/ProtoChunkTicks;)Lnet/minecraft/world/ticks/LevelChunkTicks;' in 'net/minecraft/world/level/chunk/ProtoChunk'
  # parm0:    rsi:rsi   = 'net/minecraft/world/ticks/ProtoChunkTicks'
  #           [sp+0x50]  (sp of caller)
  0x00007122b4b58b00: 8984 2400 | c0fe ff55 | 4883 ec40 | 4181 7f20 | 5900 0000 | 0f85 1704 | 0000 488b | ee49 8b87 
  0x00007122b4b58b20: c801 0000 | 4c8b d049 | 83c2 204d | 3b97 d801 | 0000 0f83 | ab02 0000 | 4d89 97c8 | 0100 0041 
  0x00007122b4b58b40: 0f18 8200 | 0100 0048 | c700 0100 

  0x00007122b4b58b4c: ;   {metadata('net/minecraft/world/ticks/LevelChunkTicks')}
  0x00007122b4b58b4c: 0000 c740 | 08d8 4d71 | 0344 8960 | 0c4c 8960 | 104c 8960 | 1848 8904 | 248b 6d0c 

  0x00007122b4b58b68: ; implicit exception: dispatches to 0x00007122b4b58ed0
  0x00007122b4b58b68: 458b 5cec 

  0x00007122b4b58b6c: ;   {metadata('java/util/ImmutableCollections$List12')}
  0x00007122b4b58b6c: 0841 81fb | d850 4b00 | 0f85 b600 | 0000 458b 

  0x00007122b4b58b7c: ;   {metadata('java/util/ImmutableCollections$List12')}
  0x00007122b4b58b7c: 5cec 0841 | 81fb d850 | 4b00 752c | 498d 14ec | 488b 3424 

  0x00007122b4b58b90: ;   {optimized virtual_call}
  0x00007122b4b58b90: 6666 90e8 

  0x00007122b4b58b94: ; ImmutableOopMap {[0]=Oop }
                      ;*invokespecial <init> {reexecute=0 rethrow=0 return_oop=0}
                      ; - net.minecraft.world.level.chunk.ProtoChunk::unpackTicks@8 (line 318)
  0x00007122b4b58b94: 18b2 b000 

  0x00007122b4b58b98: ;   {post_call_nop}
  0x00007122b4b58b98: 0f1f 8400 | 9001 0000 | 488b 0424 | 4883 c440 

  0x00007122b4b58ba8: ;   {poll_return}
  0x00007122b4b58ba8: 5d49 3b67 | 280f 8768 | 0300 00c3 

  0x00007122b4b58bb4: ;   {metadata('java/util/ImmutableCollections$ListN')}
  0x00007122b4b58bb4: 4181 fb10 | 704b 0074 

  0x00007122b4b58bbc: ;   {metadata('java/util/List')}
  0x00007122b4b58bbc: cb48 b868 | 5943 4100 | 0000 00be | 0000 0041 | 4903 f34c | 8b56 204c | 3bd0 74b0 | 4833 ff4c 
  0x00007122b4b58bdc: 8b9e a800 | 0000 498b | d348 c1e2 | 3e0f 8920 | 0000 00f3 | 480f b8d2 | 488b 5e28 | 483b 04d3 
  0x00007122b4b58bfc: 7414 490f | bae3 0273 | 0a49 d1cb 

  0x00007122b4b58c08: ;   {runtime_call Stub::lookup_secondary_supers_table_slow_path}
  0x00007122b4b58c08: e800 c5f3 | feeb 0348 | ffc7 4885 | ff0f 846d | ffff ffbe | deff ffff 

  0x00007122b4b58c20: ;   {runtime_call UncommonTrapBlob}
  0x00007122b4b58c20: 6666 90e8 

  0x00007122b4b58c24: ; ImmutableOopMap {rbp=NarrowOop }
                      ;*checkcast {reexecute=0 rethrow=0 return_oop=0}
                      ; - java.util.ImmutableCollections::listCopy@27 (line 187)
                      ; - java.util.List::copyOf@1 (line 1191)
                      ; - net.minecraft.world.ticks.ProtoChunkTicks::scheduledTicks@4 (line 41)
                      ; - net.minecraft.world.level.chunk.ProtoChunk::unpackTicks@5 (line 318)
  0x00007122b4b58c24: 3856 02ff 

  0x00007122b4b58c28: ;   {post_call_nop}
  0x00007122b4b58c28: 0f1f 8400 | 2002 0001 

  0x00007122b4b58c30: ;   {metadata('java/util/ImmutableCollections$ListN')}
  0x00007122b4b58c30: 4181 fb10 | 704b 0075 | 124d 8d14 | ec45 0fb6 | 5a0c 4585 | db0f 842f | ffff ff4d | 8d14 ec4c 
  0x00007122b4b58c50: 8954 2410 | 498b f266 | 9048 b810 | 9a94 6822 

  0x00007122b4b58c60: ;   {virtual_call}
  0x00007122b4b58c60: 7100 00e8 

  0x00007122b4b58c64: ; ImmutableOopMap {rbp=NarrowOop [0]=Oop [16]=Oop }
                      ;*invokeinterface isEmpty {reexecute=0 rethrow=0 return_oop=0}
                      ; - java.util.ImmutableCollections::listCopy@32 (line 188)
                      ; - java.util.List::copyOf@1 (line 1191)
                      ; - net.minecraft.world.ticks.ProtoChunkTicks::scheduledTicks@4 (line 41)
                      ; - net.minecraft.world.level.chunk.ProtoChunk::unpackTicks@5 (line 318)
  0x00007122b4b58c64: 1a8f 79ff 

  0x00007122b4b58c68: ;   {post_call_nop}
  0x00007122b4b58c68: 0f1f 8400 | 6002 0002 | 85c0 740f 

  0x00007122b4b58c74: ;   {oop(a 'java/util/ImmutableCollections$ListN'{0x000000061c4a60b0})}
  0x00007122b4b58c74: 48ba b060 | 4a1c 0600 | 0000 e909 | ffff ff48 | 8b74 2410 | 488b 2c24 | 9048 b838 | 9a94 6822 
  0x00007122b4b58c94: ;   {virtual_call}
  0x00007122b4b58c94: 7100 00e8 

  0x00007122b4b58c98: ; ImmutableOopMap {rbp=Oop [0]=Oop }
                      ;*invokeinterface toArray {reexecute=0 rethrow=0 return_oop=1}
                      ; - java.util.ImmutableCollections::listCopy@45 (line 191)
                      ; - java.util.List::copyOf@1 (line 1191)
                      ; - net.minecraft.world.ticks.ProtoChunkTicks::scheduledTicks@4 (line 41)
                      ; - net.minecraft.world.level.chunk.ProtoChunk::unpackTicks@5 (line 318)
  0x00007122b4b58c98: 66d6 99ff 

  0x00007122b4b58c9c: ;   {post_call_nop}
  0x00007122b4b58c9c: 0f1f 8400 | 9402 0003 | 4889 4424 | 208b 680c | 85ed 0f86 | 7c00 0000 | 448b 5810 | 4489 5c24 
  0x00007122b4b58cbc: 2883 fd01 | 0f85 7900 | 0000 498b | 97c8 0100 | 004c 8bd2 | 4983 c218 | 4d3b 97d8 | 0100 000f 
  0x00007122b4b58cdc: 8320 0100 | 004d 8997 | c801 0000 | 410f 1882 | 0001 0000 | 48c7 0201 

  0x00007122b4b58cf4: ;   {metadata('java/util/ImmutableCollections$List12')}
  0x00007122b4b58cf4: 0000 00c7 | 4208 d850 | 4b00 4489 | 620c 4c89 | 6210 448b | 5c24 2845 | 85db 0f84 | 3001 0000 
  0x00007122b4b58d14: ;   {oop(a 'java/lang/Object'{0x000000061c439910})}
  0x00007122b4b58d14: 41bb 2273 | 88c3 8b5c | 2428 488d | 4a0c 8919 | 4c8d 4210 | 4589 18e9 | 5cfe ffff 

  0x00007122b4b58d30: ;   {oop(a 'java/util/ImmutableCollections$ListN'{0x000000061c4a60b0})}
  0x00007122b4b58d30: 48ba b060 | 4a1c 0600 | 0000 e94d | feff ff83 | fd02 741c | 488b f048 

  0x00007122b4b58d48: ;   {static_call}
  0x00007122b4b58d48: 8b2c 24e8 

  0x00007122b4b58d4c: ; ImmutableOopMap {rbp=Oop [0]=Oop }
                      ;*invokestatic listFromArray {reexecute=0 rethrow=0 return_oop=1}
                      ; - java.util.List::of@60 (line 1170)
                      ; - java.util.ImmutableCollections::listCopy@50 (line 191)
                      ; - java.util.List::copyOf@1 (line 1191)
                      ; - net.minecraft.world.ticks.ProtoChunkTicks::scheduledTicks@4 (line 41)
                      ; - net.minecraft.world.level.chunk.ProtoChunk::unpackTicks@5 (line 318)
  0x00007122b4b58d4c: b0b0 99ff 

  0x00007122b4b58d50: ;   {post_call_nop}
  0x00007122b4b58d50: 0f1f 8400 | 4803 0004 | 488b d0e9 | 2cfe ffff | 4d8b 8fc8 | 0100 004d | 8bd1 4983 | c218 4d3b 
  0x00007122b4b58d70: 97d8 0100 | 000f 83a9 | 0000 004d | 8997 c801 | 0000 410f | 1882 0001 | 0000 49c7 | 0101 0000 
  0x00007122b4b58d90: ;   {metadata('java/util/ImmutableCollections$List12')}
  0x00007122b4b58d90: 0041 c741 | 08d8 504b | 0045 8961 | 0c4d 8961 | 1083 fd01 | 0f86 c200 | 0000 4c8b | 5424 2041 
  0x00007122b4b58db0: 8b6a 1444 | 8b5c 2428 | 4585 db0f | 84c7 0000 | 008b 4c24 | 284d 8d41 | 0c41 8908 | 85ed 0f84 
  0x00007122b4b58dd0: d000 0000 | 4d8d 5910 | 4189 2b49 | 8bd1 e9a9 

  0x00007122b4b58de0: ;   {metadata('net/minecraft/world/ticks/LevelChunkTicks')}
  0x00007122b4b58de0: fdff ff48 | bed8 4d71 | 4400 0000 

  0x00007122b4b58dec: ;   {runtime_call C2 Runtime new_instance}
  0x00007122b4b58dec: 0066 90e8 

  0x00007122b4b58df0: ; ImmutableOopMap {rbp=Oop }
                      ;*new {reexecute=0 rethrow=0 return_oop=1}
                      ; - net.minecraft.world.level.chunk.ProtoChunk::unpackTicks@0 (line 318)
  0x00007122b4b58df0: ecc6 02ff 

  0x00007122b4b58df4: ;   {post_call_nop}
  0x00007122b4b58df4: 0f1f 8400 | ec03 0005 | e960 fdff 

  0x00007122b4b58e00: ;   {metadata('java/util/ImmutableCollections$List12')}
  0x00007122b4b58e00: ff48 bed8 | 504b 4100 | 0000 0048 

  0x00007122b4b58e0c: ;   {runtime_call C2 Runtime new_instance}
  0x00007122b4b58e0c: 8b2c 24e8 

  0x00007122b4b58e10: ; ImmutableOopMap {rbp=Oop [0]=Oop [32]=Oop [40]=NarrowOop }
                      ;*new {reexecute=0 rethrow=0 return_oop=1}
                      ; - java.util.List::of@34 (line 1166)
                      ; - java.util.ImmutableCollections::listCopy@50 (line 191)
                      ; - java.util.List::copyOf@1 (line 1191)
                      ; - net.minecraft.world.ticks.ProtoChunkTicks::scheduledTicks@4 (line 41)
                      ; - net.minecraft.world.level.chunk.ProtoChunk::unpackTicks@5 (line 318)
  0x00007122b4b58e10: ccc6 02ff 

  0x00007122b4b58e14: ;   {post_call_nop}
  0x00007122b4b58e14: 0f1f 8400 | 0c04 0006 | 488b d0e9 | e2fe ffff 

  0x00007122b4b58e24: ;   {metadata('java/util/ImmutableCollections$List12')}
  0x00007122b4b58e24: 48be d850 | 4b41 0000 

  0x00007122b4b58e2c: ;   {runtime_call C2 Runtime new_instance}
  0x00007122b4b58e2c: 0000 90e8 

  0x00007122b4b58e30: ; ImmutableOopMap {[0]=Oop [32]=Oop [40]=NarrowOop }
                      ;*new {reexecute=0 rethrow=0 return_oop=1}
                      ; - java.util.List::of@45 (line 1168)
                      ; - java.util.ImmutableCollections::listCopy@50 (line 191)
                      ; - java.util.List::copyOf@1 (line 1191)
                      ; - net.minecraft.world.ticks.ProtoChunkTicks::scheduledTicks@4 (line 41)
                      ; - net.minecraft.world.level.chunk.ProtoChunk::unpackTicks@5 (line 318)
  0x00007122b4b58e30: acc6 02ff 

  0x00007122b4b58e34: ;   {post_call_nop}
  0x00007122b4b58e34: 0f1f 8400 | 2c04 0007 | 4c8b c8e9 | 5dff ffff | be45 ffff | ff48 8b2c | 2448 8954 | 2410 4889 
  0x00007122b4b58e54: 5424 1844 | 895c 2424 

  0x00007122b4b58e5c: ;   {runtime_call UncommonTrapBlob}
  0x00007122b4b58e5c: 6666 90e8 

  0x00007122b4b58e60: ; ImmutableOopMap {rbp=Oop [16]=Oop [24]=Oop [36]=NarrowOop [40]=NarrowOop }
                      ;*ifnonnull {reexecute=1 rethrow=0 return_oop=0}
                      ; - (reexecute) java.util.Objects::requireNonNull@1 (line 219)
                      ; - java.util.ImmutableCollections$List12::<init>@6 (line 583)
                      ; - java.util.List::of@41 (line 1166)
                      ; - java.util.ImmutableCollections::listCopy@50 (line 191)
                      ; - java.util.List::copyOf@1 (line 1191)
                      ; - net.minecraft.world.ticks.ProtoChunkTicks::scheduledTicks@4 (line 41)
                      ; - net.minecraft.world.level.chunk.ProtoChunk::unpackTicks@5 (line 318)
  0x00007122b4b58e60: fc53 02ff 

  0x00007122b4b58e64: ;   {post_call_nop}
  0x00007122b4b58e64: 0f1f 8400 | 5c04 0008 | bee4 ffff | ff48 8b2c | 244c 894c 

  0x00007122b4b58e78: ;   {runtime_call UncommonTrapBlob}
  0x00007122b4b58e78: 2410 90e8 

  0x00007122b4b58e7c: ; ImmutableOopMap {rbp=Oop [16]=Oop [32]=Oop [40]=NarrowOop }
                      ;*aaload {reexecute=0 rethrow=0 return_oop=0}
                      ; - java.util.List::of@54 (line 1168)
                      ; - java.util.ImmutableCollections::listCopy@50 (line 191)
                      ; - java.util.List::copyOf@1 (line 1191)
                      ; - net.minecraft.world.ticks.ProtoChunkTicks::scheduledTicks@4 (line 41)
                      ; - net.minecraft.world.level.chunk.ProtoChunk::unpackTicks@5 (line 318)
  0x00007122b4b58e7c: e053 02ff 

  0x00007122b4b58e80: ;   {post_call_nop}
  0x00007122b4b58e80: 0f1f 8400 | 7804 0009 | be45 ffff | ff4c 894c | 2418 4c89 

  0x00007122b4b58e94: ;   {runtime_call UncommonTrapBlob}
  0x00007122b4b58e94: 4c24 20e8 

  0x00007122b4b58e98: ; ImmutableOopMap {rbp=NarrowOop [0]=Oop [24]=Oop [32]=Oop [40]=NarrowOop }
                      ;*ifnonnull {reexecute=1 rethrow=0 return_oop=0}
                      ; - (reexecute) java.util.Objects::requireNonNull@1 (line 219)
                      ; - java.util.ImmutableCollections$List12::<init>@6 (line 590)
                      ; - java.util.List::of@55 (line 1168)
                      ; - java.util.ImmutableCollections::listCopy@50 (line 191)
                      ; - java.util.List::copyOf@1 (line 1191)
                      ; - net.minecraft.world.ticks.ProtoChunkTicks::scheduledTicks@4 (line 41)
                      ; - net.minecraft.world.level.chunk.ProtoChunk::unpackTicks@5 (line 318)
  0x00007122b4b58e98: c453 02ff 

  0x00007122b4b58e9c: ;   {post_call_nop}
  0x00007122b4b58e9c: 0f1f 8400 | 9404 000a | be45 ffff | ff4c 894c 

  0x00007122b4b58eac: ;   {runtime_call UncommonTrapBlob}
  0x00007122b4b58eac: 2418 90e8 

  0x00007122b4b58eb0: ; ImmutableOopMap {rbp=NarrowOop [0]=Oop [24]=Oop }
                      ;*ifnonnull {reexecute=1 rethrow=0 return_oop=0}
                      ; - (reexecute) java.util.Objects::requireNonNull@1 (line 219)
                      ; - java.util.ImmutableCollections$List12::<init>@14 (line 591)
                      ; - java.util.List::of@55 (line 1168)
                      ; - java.util.ImmutableCollections::listCopy@50 (line 191)
                      ; - java.util.List::copyOf@1 (line 1191)
                      ; - net.minecraft.world.ticks.ProtoChunkTicks::scheduledTicks@4 (line 41)
                      ; - net.minecraft.world.level.chunk.ProtoChunk::unpackTicks@5 (line 318)
  0x00007122b4b58eb0: ac53 02ff 

  0x00007122b4b58eb4: ;   {post_call_nop}
  0x00007122b4b58eb4: 0f1f 8400 | ac04 000b | bef6 ffff 

  0x00007122b4b58ec0: ;   {runtime_call UncommonTrapBlob}
  0x00007122b4b58ec0: ff66 90e8 

  0x00007122b4b58ec4: ; ImmutableOopMap {}
                      ;*invokevirtual scheduledTicks {reexecute=0 rethrow=0 return_oop=0}
                      ; - net.minecraft.world.level.chunk.ProtoChunk::unpackTicks@5 (line 318)
  0x00007122b4b58ec4: 9853 02ff 

  0x00007122b4b58ec8: ;   {post_call_nop}
  0x00007122b4b58ec8: 0f1f 8400 | c004 000c | bef4 ffff | ff48 8be8 

  0x00007122b4b58ed8: ;   {runtime_call UncommonTrapBlob}
  0x00007122b4b58ed8: 6666 90e8 

  0x00007122b4b58edc: ; ImmutableOopMap {rbp=Oop }
                      ;*instanceof {reexecute=0 rethrow=0 return_oop=0}
                      ; - java.util.ImmutableCollections::listCopy@1 (line 186)
                      ; - java.util.List::copyOf@1 (line 1191)
                      ; - net.minecraft.world.ticks.ProtoChunkTicks::scheduledTicks@4 (line 41)
                      ; - net.minecraft.world.level.chunk.ProtoChunk::unpackTicks@5 (line 318)
  0x00007122b4b58edc: 8053 02ff 

  0x00007122b4b58ee0: ;   {post_call_nop}
  0x00007122b4b58ee0: 0f1f 8400 | d804 000d | bef6 ffff 

  0x00007122b4b58eec: ;   {runtime_call UncommonTrapBlob}
  0x00007122b4b58eec: ff66 90e8 

  0x00007122b4b58ef0: ; ImmutableOopMap {}
                      ;*arraylength {reexecute=0 rethrow=0 return_oop=0}
                      ; - java.util.List::of@1 (line 1160)
                      ; - java.util.ImmutableCollections::listCopy@50 (line 191)
                      ; - java.util.List::copyOf@1 (line 1191)
                      ; - net.minecraft.world.ticks.ProtoChunkTicks::scheduledTicks@4 (line 41)
                      ; - net.minecraft.world.level.chunk.ProtoChunk::unpackTicks@5 (line 318)
  0x00007122b4b58ef0: 6c53 02ff 

  0x00007122b4b58ef4: ;   {post_call_nop}
  0x00007122b4b58ef4: 0f1f 8400 | ec04 000e | eb0b eb09 | 488b f0eb | 0ceb 02eb | 0048 8bf0 | eb03 488b | f048 83c4 
  0x00007122b4b58f14: ;   {runtime_call C2 Runtime rethrow}
  0x00007122b4b58f14: 405d e945 

  0x00007122b4b58f18: ;   {internal_word}
  0x00007122b4b58f18: 0d03 ff49 | baa9 8bb5 | b422 7100 | 004d 8997 | 3805 0000 

  0x00007122b4b58f2c: ;   {runtime_call SafepointBlob}
  0x00007122b4b58f2c: e92f 69f5 

  0x00007122b4b58f30: ;   {runtime_call Stub::method_entry_barrier}
  0x00007122b4b58f30: fee8 2ac0 | f3fe e9df | fbff fff4 | f4f4 f4f4 
[Stub Code]
  0x00007122b4b58f40: ;   {static_stub}
  0x00007122b4b58f40: 48bb 0000 | 0000 0000 

  0x00007122b4b58f48: ;   {runtime_call nmethod}
  0x00007122b4b58f48: 0000 e9fb 

  0x00007122b4b58f4c: ;   {static_stub}
  0x00007122b4b58f4c: ffff ff48 | bb00 0000 | 0000 0000 

  0x00007122b4b58f58: ;   {runtime_call nmethod}
  0x00007122b4b58f58: 00e9 fbff 

  0x00007122b4b58f5c: ;   {runtime_call ExceptionBlob}
  0x00007122b4b58f5c: ffff e9fd | 5502 ffe8 | 0000 0000 | 4883 2c24 

  0x00007122b4b58f6c: ;   {runtime_call DeoptimizationBlob}
  0x00007122b4b58f6c: 05e9 ee6b | f5fe f4f4 | f4f4 f4f4 
[/MachCode]


Compiled method (c2) 190940 44945       4       net.minecraft.world.level.chunk.LevelChunk::<init> (299 bytes)
 total in heap  [0x00007122b56a6f08,0x00007122b56ac558] = 22096
 constants      [0x00007122b56a7000,0x00007122b56a7020] = 32
 main code      [0x00007122b56a7020,0x00007122b56ac400] = 21472
 stub code      [0x00007122b56ac400,0x00007122b56ac4f8] = 248
 oops           [0x00007122b56ac4f8,0x00007122b56ac558] = 96
 mutable data [0x00007122690b7be0,0x00007122690b86b8] = 2776
 relocation     [0x00007122690b7be0,0x00007122690b81f0] = 1552
 metadata       [0x00007122690b81f0,0x00007122690b86b8] = 1224
 immutable data [0x00007122693302f0,0x0000712269333b18] = 14376
 dependencies   [0x00007122693302f0,0x0000712269330480] = 400
 nul chk table  [0x0000712269330480,0x00007122693306a8] = 552
 handler table  [0x00007122693306a8,0x0000712269330ca8] = 1536
 scopes pcs     [0x0000712269330ca8,0x0000712269331b58] = 3760
 scopes data    [0x0000712269331b58,0x0000712269333b18] = 8128


[Constant Pool]
             Address          hex4                    hex8      
  0x00007122b56a7000:   0x00000000      0x41d0000000000000      
  0x00007122b56a7004:   0x41d00000                              
  0x00007122b56a7008:   0xf4f4f4f4      0xf4f4f4f4f4f4f4f4      
  0x00007122b56a700c:   0xf4f4f4f4                              
  0x00007122b56a7010:   0xf4f4f4f4      0xf4f4f4f4f4f4f4f4      
  0x00007122b56a7014:   0xf4f4f4f4                              
  0x00007122b56a7018:   0xf4f4f4f4      0xf4f4f4f4f4f4f4f4      
  0x00007122b56a701c:   0xf4f4f4f4                              

[MachCode]
[Instructions begin]
  0x00007122b56a7020: ;   {other}
  0x00007122b56a7020: 6690 448b | 5608 443b 

  0x00007122b56a7028: ;   {runtime_call Shared Runtime ic_miss_blob}
  0x00007122b56a7028: 5008 0f85 | b063 40fe 
[Verified Entry Point]
  0x00007122b56a7030: 8984 2400 | c0fe ff55 | 4881 ec90 | 0000 0090 | 4181 7f20 | 5900 0000 | 0f85 a153 | 0000 4c89 
  0x00007122b56a7050: 4424 4048 | 8954 2430 | 4889 7424 | 3844 8b59 

  0x00007122b56a7060: ;   {metadata('net/minecraft/world/level/chunk/ProtoChunk')}
  0x00007122b56a7060: 0841 81fb | 5056 7303 | 0f85 ee2b | 0000 448b | 5968 448b | 4128 4489 | 4424 208b | 691c 4889 
  0x00007122b56a7080: 4c24 4849 | 8bf3 48c1 | e603 4c8b | 5424 384c | 8954 2428 

  0x00007122b56a7094: ;   {static_call}
  0x00007122b56a7094: c5f8 77e8 

  0x00007122b56a7098: ; ImmutableOopMap {rbp=NarrowOop [32]=NarrowOop [40]=Oop [48]=Oop [56]=Oop [64]=Oop [72]=Oop }
                      ;*invokestatic unpackTicks {reexecute=0 rethrow=0 return_oop=1}
                      ; - net.minecraft.world.level.chunk.ProtoChunk::unpackBlockTicks@4 (line 322)
                      ; - net.minecraft.world.level.chunk.LevelChunk::<init>@11 (line 134)
  0x00007122b56a7098: 641a 4bff 

  0x00007122b56a709c: ;   {post_call_nop}
  0x00007122b56a709c: 0f1f 8400 | 9401 0000 | 4889 4424 | 284c 8b54 | 2448 458b | 5a6c 498b | f348 c1e6 | 0366 6690 
  0x00007122b56a70bc: ;   {static_call}
  0x00007122b56a70bc: c5f8 77e8 

  0x00007122b56a70c0: ; ImmutableOopMap {rbp=NarrowOop [32]=NarrowOop [40]=Oop [48]=Oop [56]=Oop [64]=Oop [72]=Oop }
                      ;*invokestatic unpackTicks {reexecute=0 rethrow=0 return_oop=1}
                      ; - net.minecraft.world.level.chunk.ProtoChunk::unpackFluidTicks@4 (line 326)
                      ; - net.minecraft.world.level.chunk.LevelChunk::<init>@15 (line 135)
  0x00007122b56a70c0: 3c1a 4bff 

  0x00007122b56a70c4: ;   {post_call_nop}
  0x00007122b56a70c4: 0f1f 8400 | bc01 0001 | 4c8b 5424 | 484d 8b52 | 104c 8b5c | 2448 458b | 5b2c 4c8b | 4424 4845 
  0x00007122b56a70e4: 8b40 4c48 | 8bcd 48c1 | e103 498b | d848 c1e3 | 0349 8beb | 48c1 e503 | 448b 5c24 | 204d 8bc3 
  0x00007122b56a7104: 49c1 e003 | 488b 7424 | 3848 8b54 | 2430 4c8b | 4c24 2848 | 8bf8 4c89 | 1424 4889 | 5c24 084c 
  0x00007122b56a7124: 8b54 2440 | 4c89 5424 | 1048 896c | 2418 6690 

  0x00007122b56a7134: ;   {optimized virtual_call}
  0x00007122b56a7134: c5f8 77e8 

  0x00007122b56a7138: ; ImmutableOopMap {[48]=Oop [56]=Oop [72]=Oop }
                      ;*invokespecial <init> {reexecute=0 rethrow=0 return_oop=0}
                      ; - net.minecraft.world.level.chunk.LevelChunk::<init>@31 (line 130)
  0x00007122b56a7138: f4fa 43ff 

  0x00007122b56a713c: ;   {post_call_nop}
  0x00007122b56a713c: 0f1f 8400 | 3402 0002 | 4c8b 5424 | 4841 8b6a | 4045 8b54 

  0x00007122b56a7150: ;   {metadata('java/util/HashMap')}
  0x00007122b56a7150: ec08 4181 | fa08 4d40 | 000f 851d | 2b00 0048 | c1e5 0344 | 8b5d 0c45 | 85db 0f85 | f409 0000 
  0x00007122b56a7170: 498b 87c8 | 0100 004c | 8bd0 4983 | c210 4d3b | 97d8 0100 | 000f 8321 | 2800 004d | 8997 c801 
  0x00007122b56a7190: 0000 410f | 1882 0001 | 0000 48c7 | 0001 0000 

  0x00007122b56a71a0: ;   {metadata('java/util/HashMap$KeySet')}
  0x00007122b56a71a0: 00c7 4008 | a8bd 5700 | 4c8b dd49 | c1eb 0344 | 8958 0c4c | 8d45 0c41 | 807f 4800 | 0f85 0044 
  0x00007122b56a71c0: 0000 4c8b | d049 c1ea | 0345 8910 | 4d8b d84c | 33d8 49c1 | eb16 0f84 | 1e00 0000 | 4d8b d849 
  0x00007122b56a71e0: c1eb 0949 | ba00 901d | c122 7100 | 004d 03da | 4180 3b02 | 0f85 2744 | 0000 4889 | 4424 404c 
  0x00007122b56a7200: 8b54 2448 | 418b 6a44 

  0x00007122b56a7208: ; implicit exception: dispatches to 0x00007122b56aaea0
  0x00007122b56a7208: 458b 5cec 

  0x00007122b56a720c: ;   {metadata('it/unimi/dsi/fastutil/objects/Object2ObjectOpenHashMap')}
  0x00007122b56a720c: 0841 81fb | 0022 4302 | 0f85 822a | 0000 48c1 | e503 448b | 551c 4585 | d20f 8447 | 0900 0049 
  0x00007122b56a722c: c1e2 0348 | 8b6c 2440 | 448b 5d08 

  0x00007122b56a7238: ;   {metadata('java/util/Set')}
  0x00007122b56a7238: 48b8 583a | 3541 0000 | 0000 be00 | 0000 4149 | 03f3 4c8b | 5e20 4c3b | d80f 85e5 | 0700 0048 
  0x00007122b56a7258: ff74 2440 | 488f 4424 | 2049 8bf2 | 6690 c5f8 | 7748 b820 | 3b33 6922 

  0x00007122b56a7270: ;   {virtual_call}
  0x00007122b56a7270: 7100 00e8 

  0x00007122b56a7274: ; ImmutableOopMap {[32]=Oop [48]=Oop [56]=Oop [72]=Oop }
                      ;*invokeinterface iterator {reexecute=0 rethrow=0 return_oop=1}
                      ; - java.util.Collections::disjoint@65 (line 5942)
                      ; - net.minecraft.world.level.chunk.LevelChunk::<init>@52 (line 141)
  0x00007122b56a7274: 0a03 05ff 

  0x00007122b56a7278: ;   {post_call_nop}
  0x00007122b56a7278: 0f1f 8400 | 7003 0003 | 488b e848 | 8bf0 c5f8 | 7748 b848 | 3b33 6922 

  0x00007122b56a7290: ;   {virtual_call}
  0x00007122b56a7290: 7100 00e8 

  0x00007122b56a7294: ; ImmutableOopMap {rbp=Oop [32]=Oop [48]=Oop [56]=Oop [72]=Oop }
                      ;*invokeinterface hasNext {reexecute=0 rethrow=0 return_oop=0}
                      ; - java.util.Collections::disjoint@74 (line 5942)
                      ; - net.minecraft.world.level.chunk.LevelChunk::<init>@52 (line 141)
  0x00007122b56a7294: 6a12 d5fe 

  0x00007122b56a7298: ;   {post_call_nop}
  0x00007122b56a7298: 0f1f 8400 | 9003 0004 | 85c0 0f84 | 7800 0000 | 0f1f 8400 | 0000 0000 | 488b f566 | 6690 c5f8 
  0x00007122b56a72b8: 7748 b870 | 3b33 6922 

  0x00007122b56a72c0: ;   {virtual_call}
  0x00007122b56a72c0: 7100 00e8 

  0x00007122b56a72c4: ; ImmutableOopMap {rbp=Oop [32]=Oop [48]=Oop [56]=Oop [72]=Oop }
                      ;*invokeinterface next {reexecute=0 rethrow=0 return_oop=1}
                      ; - java.util.Collections::disjoint@84 (line 5942)
                      ; - net.minecraft.world.level.chunk.LevelChunk::<init>@52 (line 141)
  0x00007122b56a72c4: ba3e ffff 

  0x00007122b56a72c8: ;   {post_call_nop}
  0x00007122b56a72c8: 0f1f 8400 | c003 0005 | 488b 7424 | 2048 8bd0 | 6690 c5f8 | 7748 b898 | 3b33 6922 

  0x00007122b56a72e4: ;   {virtual_call}
  0x00007122b56a72e4: 7100 00e8 

  0x00007122b56a72e8: ; ImmutableOopMap {rbp=Oop [32]=Oop [48]=Oop [56]=Oop [72]=Oop }
                      ;*invokeinterface contains {reexecute=0 rethrow=0 return_oop=0}
                      ; - java.util.Collections::disjoint@94 (line 5943)
                      ; - net.minecraft.world.level.chunk.LevelChunk::<init>@52 (line 141)
  0x00007122b56a72e8: 9638 deff 

  0x00007122b56a72ec: ;   {post_call_nop}
  0x00007122b56a72ec: 0f1f 8400 | e403 0006 | 85c0 0f85 | 7527 0000 | 488b f566 | 6690 c5f8 | 7748 b8c0 | 3b33 6922 
  0x00007122b56a730c: ;   {virtual_call}
  0x00007122b56a730c: 7100 00e8 

  0x00007122b56a7310: ; ImmutableOopMap {rbp=Oop [32]=Oop [48]=Oop [56]=Oop [72]=Oop }
                      ;*invokeinterface hasNext {reexecute=0 rethrow=0 return_oop=0}
                      ; - java.util.Collections::disjoint@74 (line 5942)
                      ; - net.minecraft.world.level.chunk.LevelChunk::<init>@52 (line 141)
  0x00007122b56a7310: ee11 d5fe 

  0x00007122b56a7314: ;   {post_call_nop}
  0x00007122b56a7314: 0f1f 8400 | 0c04 0007 | 85c0 7590 | 4c8b 5424 | 4841 8b6a | 4445 8b5c 

  0x00007122b56a732c: ;   {metadata('it/unimi/dsi/fastutil/objects/Object2ObjectOpenHashMap')}
  0x00007122b56a732c: ec08 4181 | fb00 2243 | 020f 858d | 2900 0048 | c1e5 0344 | 8b55 2045 | 85d2 0f85 | 9100 0000 
  0x00007122b56a734c: 4d8b 8fc8 | 0100 004d | 8bd1 4983 | c210 4d3b | 97d8 0100 | 000f 836e | 2600 004d | 8997 c801 
  0x00007122b56a736c: 0000 410f | 1882 0001 | 0000 49c7 | 0101 0000 

  0x00007122b56a737c: ;   {metadata('it/unimi/dsi/fastutil/objects/Object2ObjectOpenHashMap$1')}
  0x00007122b56a737c: 0041 c741 | 0830 2943 | 0245 8961 | 0c4c 8bdd | 49c1 eb03 | 4589 590c | 4c8d 5d20 | 4180 7f48 
  0x00007122b56a739c: 000f 85d8 | 4200 004d | 8bc1 49c1 | e803 4589 | 034d 8bd3 | 4d33 d149 | c1ea 160f | 841e 0000 
  0x00007122b56a73bc: 004d 8bd3 | 49c1 ea09 | 49b8 0090 | 1dc1 2271 | 0000 4d03 | d041 803a | 020f 85ff | 4200 00eb 
  0x00007122b56a73dc: 074d 8bca | 49c1 e103 | 458b 5108 

  0x00007122b56a73e8: ;   {metadata('it/unimi/dsi/fastutil/objects/Object2ObjectOpenHashMap$1')}
  0x00007122b56a73e8: 4181 fa30 | 2943 020f | 85f3 2800 | 0045 8b49 | 0c43 8b54 | cc34 85d2 | 0f85 3b08 | 0000 4c8b 
  0x00007122b56a7408: 5424 4845 | 8b5a 404c | 8b54 2438 | 418b 6a40 | 498b f348 | c1e6 0390 

  0x00007122b56a7420: ;   {static_call}
  0x00007122b56a7420: c5f8 77e8 

  0x00007122b56a7424: ; ImmutableOopMap {rbp=NarrowOop [48]=Oop [56]=Oop [72]=Oop }
                      ;*invokestatic unmodifiableMap {reexecute=0 rethrow=0 return_oop=1}
                      ; - net.minecraft.world.level.chunk.ProtoChunk::getBlockEntityNbts@4 (line 273)
                      ; - net.minecraft.world.level.chunk.LevelChunk::<init>@124 (line 149)
  0x00007122b56a7424: 5832 e4ff 

  0x00007122b56a7428: ;   {post_call_nop}
  0x00007122b56a7428: 0f1f 8400 | 2005 0008 

  0x00007122b56a7430: ; implicit exception: dispatches to 0x00007122b56aaee8
  0x00007122b56a7430: 458b 5cec 

  0x00007122b56a7434: ;   {metadata('java/util/HashMap')}
  0x00007122b56a7434: 0841 81fb | 084d 4000 | 0f85 d228 | 0000 448b | 5808 4d8d | 14ec 4d8b 

  0x00007122b56a744c: ;   {metadata('java/util/HashMap')}
  0x00007122b56a744c: ca41 81fb | 084d 4000 | 0f85 ae07 | 0000 4c8b | d041 8b6a | 1c85 ed0f | 8ef3 0000 | 0045 8b51 
  0x00007122b56a746c: 1445 8b41 | 2445 85d2 | 0f85 fa19 | 0000 c4c1 | 7a10 4928 | c5f9 6ec5 | c5fa e6c0 | c5f2 5ac9 
  0x00007122b56a748c: c5fb 5ec1 | c4e3 790b 

  0x00007122b56a7494: ;   {section_word}
  0x00007122b56a7494: c002 c5fb | 100d 62fb | ffff c5f9 | 2ec8 0f86 | 142b 0000 | c57b 2cd8 | 4181 fb00 | 0000 800f 
  0x00007122b56a74b4: 8421 4f00 | 0045 3bd8 | 7e2d 41ff | cbf3 450f | bddb 41ba | ffff ffff | c4c2 23f7 | ea85 ed0f 
  0x00007122b56a74d4: 8c1b 2200 | 0081 fd00 | 0000 400f | 8d9f 2b00 | 00ff c541 | 8969 244c | 894c 2440 | 488b f066 
  0x00007122b56a74f4: 6690 c5f8 | 7748 b8e8 | 3b33 6922 

  0x00007122b56a7500: ;   {virtual_call}
  0x00007122b56a7500: 7100 00e8 

  0x00007122b56a7504: ; ImmutableOopMap {[48]=Oop [56]=Oop [64]=Oop [72]=Oop }
                      ;*invokeinterface entrySet {reexecute=0 rethrow=0 return_oop=1}
                      ; - java.util.HashMap::putMapEntries@98 (line 520)
                      ; - java.util.HashMap::putAll@3 (line 792)
                      ; - net.minecraft.world.level.chunk.LevelChunk::<init>@127 (line 149)
  0x00007122b56a7504: 7aeb 98ff 

  0x00007122b56a7508: ;   {post_call_nop}
  0x00007122b56a7508: 0f1f 8400 | 0006 0009 | 488b f066 | 6690 c5f8 | 7748 b810 | 3c33 6922 

  0x00007122b56a7520: ;   {virtual_call}
  0x00007122b56a7520: 7100 00e8 

  0x00007122b56a7524: ; ImmutableOopMap {[48]=Oop [56]=Oop [64]=Oop [72]=Oop }
                      ;*invokeinterface iterator {reexecute=0 rethrow=0 return_oop=1}
                      ; - java.util.HashMap::putMapEntries@103 (line 520)
                      ; - java.util.HashMap::putAll@3 (line 792)
                      ; - net.minecraft.world.level.chunk.LevelChunk::<init>@127 (line 149)
  0x00007122b56a7524: daae daff 

  0x00007122b56a7528: ;   {post_call_nop}
  0x00007122b56a7528: 0f1f 8400 | 2006 000a | 4889 4424 | 5048 8bf0 | 6690 c5f8 | 7748 b838 | 3c33 6922 

  0x00007122b56a7544: ;   {virtual_call}
  0x00007122b56a7544: 7100 00e8 

  0x00007122b56a7548: ; ImmutableOopMap {[48]=Oop [56]=Oop [64]=Oop [72]=Oop [80]=Oop }
                      ;*invokeinterface hasNext {reexecute=0 rethrow=0 return_oop=0}
                      ; - java.util.HashMap::putMapEntries@112 (line 520)
                      ; - java.util.HashMap::putAll@3 (line 792)
                      ; - net.minecraft.world.level.chunk.LevelChunk::<init>@127 (line 149)
  0x00007122b56a7548: b616 77ff 

  0x00007122b56a754c: ;   {post_call_nop}
  0x00007122b56a754c: 0f1f 8400 | 4406 000b | 85c0 0f85 | 1804 0000 | 4c8b 5c24 | 4841 8b5b | 1845 8b4c | dc0c 4585 
  0x00007122b56a756c: c90f 86f1 | 0800 0048 | 8b4c 2438 | 8b79 1845 | 85c9 0f86 | c027 0000 | 418b 6cdc | 1045 8b44 
  0x00007122b56a758c: fc0c 4585 | c00f 86e9 | 2700 00c5 | f96e dfc5 | f96e cbc5 | fb10 4424 | 4845 8b5c | fc08 41ba 
  0x00007122b56a75ac: 0000 0041 | 4d03 d349 | 8b82 1801 | 0000 448b | 5014 4d63 | dac4 c1f9 | 6ee3 85ed | 741a 418b 
  0x00007122b56a75cc: 4cec 08be | 0000 0041 | 4803 f14e | 8b1c 1e49 | 3bc3 0f85 | ce04 0000 | c5f9 7ec9 | 4d8d 1ccc 
  0x00007122b56a75ec: c4c1 f96e | f34d 63d9 | 4963 c84c | 3bd9 490f | 4ccb 8bc9 | c4c1 797e | db4f 8d2c | dc4b 8d54 
  0x00007122b56a760c: dc10 4180 | 7f48 000f | 851b 4100 | 0089 2a8b | fd48 c1e7 | 0348 8bda | 4833 df48 | c1eb 160f 
  0x00007122b56a762c: 8427 0000 | 0048 83ff | 000f 841d | 0000 0048 | 8bda 48c1 | eb09 48bf | 0090 1dc1 

  0x00007122b56a7648: ;   {other}
  0x00007122b56a7648: 2271 0000 | 4803 df80 | 3b02 0f85 | 9d41 0000 | 83f9 010f | 8e57 2700 | 00bb 0100 | 0000 895c 
  0x00007122b56a7668: 2420 eb25 

  0x00007122b56a766c: ; ImmutableOopMap {r13=Oop xmm0=Oop xmm1=NarrowOop xmm3=NarrowOop xmm6=Oop [48]=Oop [56]=Oop }
                      ;*goto {reexecute=1 rethrow=0 return_oop=0}
                      ; - (reexecute) net.minecraft.world.level.chunk.LevelChunk::<init>@162 (line 151)
  0x00007122b56a766c: 4d8b 5730 

  0x00007122b56a7670: ;   {poll}
  0x00007122b56a7670: 4185 0244 | 8b54 2420 | 443b 5424 | 240f 8d22 | 0700 00c4 | c179 7ed0 | c4c1 797e | ea8b 4c24 
  0x00007122b56a7690: 2444 8bf1 | 442b 7424 | 2033 db3b | 4c24 2044 | 0f4c f341 | 81fe e803 | 0000 41bb | e803 0000 
  0x00007122b56a76b0: 450f 47f3 | 4403 7424 | 20e9 8500 | 0000 6690 | c4c1 796e | d0c4 c179 | 6eea 894c | 2424 448b 
  0x00007122b56a76d0: 5424 204f | 8d5c 9510 | 4180 7f48 | 000f 85cc | 4100 0041 | 892b 448b | c549 c1e0 | 0349 8bcb 
  0x00007122b56a76f0: 4933 c848 | c1e9 160f | 8427 0000 | 0049 83f8 | 000f 841d | 0000 0049 | 8bcb 48c1 | e909 49b8 
  0x00007122b56a7710: 0090 1dc1 | 2271 0000 | 4903 c880 | 3902 0f85 | 5442 0000 | 41ff c244 | 8954 2420 | 453b d60f 
  0x00007122b56a7730: 8d37 ffff | ffc4 c179 | 7ed0 c4c1 | 797e ea8b | 4c24 2444 | 8b5c 2420 | c4e1 f97e | f342 8b6c 
  0x00007122b56a7750: 9b10 85ed | 0f84 4c17 | 0000 458b | 5cec 08be | 0000 0041 | 4903 f3c4 | c1f9 7ee3 

  0x00007122b56a776c: ;   {other}
  0x00007122b56a776c: 4e8b 1c1e | 493b c30f | 8447 ffff | ff41 83fa | 200f 85c0 | 0000 0048 | 3bf0 7513 | c4c1 796e 
  0x00007122b56a778c: d0c4 c179 | 6eea 894c | 2424 e933 | ffff ff89 | 4c24 24c4 | c179 6eea | c4c1 796e | d048 8b9e 
  0x00007122b56a77ac: a800 0000 | 488b d38a | 88b0 0000 | 0083 f13f | 48d3 e248 | 85d2 0f89 | 6600 0000 | f348 0fb8 
  0x00007122b56a77cc: d24c 8b5e | 2849 3b04 | d374 608a | 88b0 0000 | 0048 d3cb | 480f bae3 | 0173 4741 | 8b3b 4983 
  0x00007122b56a77ec: c308 83ff | 3e0f 8f24 | 0000 0033 | c93b d70f | 4dd1 493b | 04d3 0f84 | 2f00 0000 | 480f bae3 
  0x00007122b56a780c: 020f 831b | 0000 0048 | d1cb 83c2 | 01eb de33 | d249 3b04 | d30f 8410 | 0000 0083 | c201 3bd7 
  0x00007122b56a782c: 7cef 48c7 | c701 0000 | 00eb 0348 | 33ff 4885 | ff0f 848b 

  0x00007122b56a7840: ;   {oop(a 'java/lang/ArrayStoreException'{0x000000061c41c058})}
  0x00007122b56a7840: feff ff48 | be58 c041 | 1c06 0000 | 0048 33c9 | 4c8d 5614 | 4180 7f48 | 000f 85d7 | 4100 0041 
  0x00007122b56a7860: 890a c5f8 | 7748 81c4 | 9000 0000 

  0x00007122b56a786c: ;   {runtime_call C2 Runtime rethrow}
  0x00007122b56a786c: 5de9 ee23 | 4efe 0f1f | 8000 0000 | 000f 1f80 | 0000 0000 | 498b e848 | 8bf5 c5f8 | 7748 b860 
  0x00007122b56a788c: 3c33 6922 

  0x00007122b56a7890: ;   {virtual_call}
  0x00007122b56a7890: 7100 00e8 

  0x00007122b56a7894: ; ImmutableOopMap {rbp=Oop [48]=Oop [56]=Oop [64]=Oop [72]=Oop [80]=Oop }
                      ;*invokeinterface getKey {reexecute=0 rethrow=0 return_oop=1}
                      ; - java.util.HashMap::putMapEntries@134 (line 521)
                      ; - java.util.HashMap::putAll@3 (line 792)
                      ; - net.minecraft.world.level.chunk.LevelChunk::<init>@127 (line 149)
  0x00007122b56a7894: eaea 0bff 

  0x00007122b56a7898: ;   {post_call_nop}
  0x00007122b56a7898: 0f1f 8400 | 9009 000d | 4889 4424 | 2048 8bf5 | 6690 c5f8 | 7748 b888 | 3c33 6922 

  0x00007122b56a78b4: ;   {virtual_call}
  0x00007122b56a78b4: 7100 00e8 

  0x00007122b56a78b8: ; ImmutableOopMap {[32]=Oop [48]=Oop [56]=Oop [64]=Oop [72]=Oop [80]=Oop }
                      ;*invokeinterface getValue {reexecute=0 rethrow=0 return_oop=1}
                      ; - java.util.HashMap::putMapEntries@143 (line 522)
                      ; - java.util.HashMap::putAll@3 (line 792)
                      ; - net.minecraft.world.level.chunk.LevelChunk::<init>@127 (line 149)
  0x00007122b56a78b8: c6a2 82ff 

  0x00007122b56a78bc: ;   {post_call_nop}
  0x00007122b56a78bc: 0f1f 8400 | b409 000e | 488b e84c | 8b44 2420 | 4d85 c00f | 8407 1f00 | 0045 8b50 | 0841 bb00 
  0x00007122b56a78dc: 0000 414d | 03da 4d8b | 9328 0200 

  0x00007122b56a78e8: ;   {metadata({method} {0x000000004134a198} 'hashCode' '()I' in 'java/lang/Object')}
  0x00007122b56a78e8: 0049 bb98 | a134 4100 | 0000 004d | 3bd3 0f85 | 8215 0000 | 4d8b 104d | 8bda 4983 | e303 4983 
  0x00007122b56a7908: fb02 0f84 | 6e15 0000 | 49c1 ea0b | 418b c225 | ffff ff7f | 0f84 5c15 | 0000 8bd0 | c1ea 1033 
  0x00007122b56a7928: d048 8b74 | 2440 498b | c84c 8bc5 | 4533 c9bf | 0100 0000 

  0x00007122b56a793c: ;   {optimized virtual_call}
  0x00007122b56a793c: c5f8 77e8 

  0x00007122b56a7940: ; ImmutableOopMap {[48]=Oop [56]=Oop [64]=Oop [72]=Oop [80]=Oop }
                      ;*invokevirtual putVal {reexecute=0 rethrow=0 return_oop=1}
                      ; - java.util.HashMap::putMapEntries@162 (line 523)
                      ; - java.util.HashMap::putAll@3 (line 792)
                      ; - net.minecraft.world.level.chunk.LevelChunk::<init>@127 (line 149)
  0x00007122b56a7940: 4c24 f8fe 

  0x00007122b56a7944: ;   {post_call_nop}
  0x00007122b56a7944: 0f1f 8400 | 3c0a 000f | 488b 7424 | 5090 c5f8 | 7748 b8b0 | 3c33 6922 

  0x00007122b56a795c: ;   {virtual_call}
  0x00007122b56a795c: 7100 00e8 

  0x00007122b56a7960: ; ImmutableOopMap {[48]=Oop [56]=Oop [64]=Oop [72]=Oop [80]=Oop }
                      ;*invokeinterface hasNext {reexecute=0 rethrow=0 return_oop=0}
                      ; - java.util.HashMap::putMapEntries@112 (line 520)
                      ; - java.util.HashMap::putAll@3 (line 792)
                      ; - net.minecraft.world.level.chunk.LevelChunk::<init>@127 (line 149)
  0x00007122b56a7960: 9e12 77ff 

  0x00007122b56a7964: ;   {post_call_nop}
  0x00007122b56a7964: 0f1f 8400 | 5c0a 0010 | 85c0 0f84 | e8fb ffff | 488b 7424 | 5090 c5f8 | 7748 b8d8 | 3c33 6922 
  0x00007122b56a7984: ;   {virtual_call}
  0x00007122b56a7984: 7100 00e8 

  0x00007122b56a7988: ; ImmutableOopMap {[48]=Oop [56]=Oop [64]=Oop [72]=Oop [80]=Oop }
                      ;*invokeinterface next {reexecute=0 rethrow=0 return_oop=1}
                      ; - java.util.HashMap::putMapEntries@122 (line 520)
                      ; - java.util.HashMap::putAll@3 (line 792)
                      ; - net.minecraft.world.level.chunk.LevelChunk::<init>@127 (line 149)
  0x00007122b56a7988: f604 66ff 

  0x00007122b56a798c: ;   {post_call_nop}
  0x00007122b56a798c: 0f1f 8400 | 840a 0011 | 4c8b c044 

  0x00007122b56a7998: ;   {metadata('java/util/HashMap$Node')}
  0x00007122b56a7998: 8b58 0841 | 81fb 60aa | 5700 0f84 | d8fe ffff 

  0x00007122b56a79a8: ;   {metadata('java/util/KeyValueHolder')}
  0x00007122b56a79a8: 4181 fb80 | a34b 000f | 84cb feff | ffbe 0000 | 0041 4903 | f34c 8b56 

  0x00007122b56a79c0: ;   {metadata('java/util/Map$Entry')}
  0x00007122b56a79c0: 2049 bb00 | 4235 4100 | 0000 004d | 3bd3 0f84 | acfe ffff 

  0x00007122b56a79d4: ;   {metadata('java/util/Map$Entry')}
  0x00007122b56a79d4: 48b8 0042 | 3541 0000 | 0000 4833 | ff4c 8b9e | a800 0000 | 498b d348 | c1e2 1c0f | 8921 0000 
  0x00007122b56a79f4: 00f3 480f | b8d2 488b | 5e28 483b | 04d3 7415 | 490f bae3 | 2473 0b49 

  0x00007122b56a7a0c: ;   {runtime_call Stub::lookup_secondary_supers_table_slow_path}
  0x00007122b56a7a0c: c1cb 23e8 | f9d6 3efe | eb03 48ff | c748 85ff | 0f84 5efe | ffff bede | ffff ff49 | 8be8 6690 
  0x00007122b56a7a2c: ;   {runtime_call UncommonTrapBlob}
  0x00007122b56a7a2c: c5f8 77e8 

  0x00007122b56a7a30: ; ImmutableOopMap {rbp=Oop }
                      ;*checkcast {reexecute=0 rethrow=0 return_oop=0}
                      ; - java.util.HashMap::putMapEntries@127 (line 520)
                      ; - java.util.HashMap::putAll@3 (line 792)
                      ; - net.minecraft.world.level.chunk.LevelChunk::<init>@127 (line 149)
  0x00007122b56a7a30: 2c68 4dfe 

  0x00007122b56a7a34: ;   {post_call_nop}
  0x00007122b56a7a34: 0f1f 8400 | 2c0b 0012 | 4833 ff4c | 8b9e a800 | 0000 498b | d348 c1e2 | 2d0f 8921 | 0000 00f3 
  0x00007122b56a7a54: 480f b8d2 | 488b 5e28 | 483b 04d3 | 7415 490f | bae3 1373 | 0b49 c1cb 

  0x00007122b56a7a6c: ;   {runtime_call Stub::lookup_secondary_supers_table_slow_path}
  0x00007122b56a7a6c: 12e8 9bd6 | 3efe eb03 | 48ff c748 | 85ff 0f84 | d7f7 ffff | 4c89 5424 | 5045 8b5a | 08be 0000 
  0x00007122b56a7a8c: 0041 4903 | f34c 8b56 | 204c 3bd0 | 0f85 710f | 0000 4c8b | 5424 504c | 8954 2420 | 488b 7424 
  0x00007122b56a7aac: 40e9 b2f7 | ffff 4183 | fa20 0f85 | 87fd ffff | 483b f00f | 841f fbff | ff48 8b9e | a800 0000 
  0x00007122b56a7acc: 488b d38a | 88b0 0000 | 0083 f13f | 48d3 e248 | 85d2 0f89 | 6600 0000 | f348 0fb8 | d24c 8b5e 
  0x00007122b56a7aec: 2849 3b04 | d374 608a | 88b0 0000 | 0048 d3cb | 480f bae3 | 0173 4741 | 8b3b 4983 | c308 83ff 
  0x00007122b56a7b0c: 3e0f 8f24 | 0000 0033 | c93b d70f | 4dd1 493b | 04d3 0f84 | 2f00 0000 | 480f bae3 | 020f 831b 
  0x00007122b56a7b2c: 0000 0048 | d1cb 83c2 | 01eb de33 | d249 3b04 | d30f 8410 | 0000 0083 | c201 3bd7 | 7cef 48c7 
  0x00007122b56a7b4c: c701 0000 | 00eb 0348 | 33ff 4885 | ff0f 8485 | faff ffe9 | dffc ffff | 4f8d 14dc | 4c89 5424 
  0x00007122b56a7b6c: ;   {other}
  0x00007122b56a7b6c: 40e9 8df6 | ffff 498b | 87c8 0100 | 004c 8bd0 | 4983 c210 | 4d3b 97d8 | 0100 000f | 83bb 1e00 
  0x00007122b56a7b8c: 004d 8997 | c801 0000 | 410f 1882 | 0001 0000 | 48c7 0001 

  0x00007122b56a7ba0: ;   {metadata('it/unimi/dsi/fastutil/objects/Object2ObjectOpenHashMap$KeySet')}
  0x00007122b56a7ba0: 0000 00c7 | 4008 38af | 9803 4489 | 600c 4c8b | dd49 c1eb | 0344 8958 | 0c4c 8d45 | 1c41 807f 
  0x00007122b56a7bc0: 4800 0f85 | d93e 0000 | 4c8b d849 | c1eb 0345 | 8918 4d8b | d04c 33d0 | 49c1 ea16 | 0f84 1e00 
  0x00007122b56a7be0: 0000 4d8b | d049 c1ea | 0949 bb00 | 901d c122 | 7100 004d | 03d3 4180 | 3a02 0f85 | 003f 0000 
  0x00007122b56a7c00: 4c8b d0e9 | 27f6 ffff | 4c89 4c24 | 2848 8944 | 2420 488b | f090 c5f8 | 7748 b800 | 3d33 6922 
  0x00007122b56a7c20: ;   {virtual_call}
  0x00007122b56a7c20: 7100 00e8 

  0x00007122b56a7c24: ; ImmutableOopMap {[32]=Oop [40]=Oop [48]=Oop [56]=Oop [72]=Oop }
                      ;*invokeinterface size {reexecute=0 rethrow=0 return_oop=0}
                      ; - java.util.HashMap::putMapEntries@1 (line 504)
                      ; - java.util.HashMap::putAll@3 (line 792)
                      ; - net.minecraft.world.level.chunk.LevelChunk::<init>@127 (line 149)
  0x00007122b56a7c24: 6a95 2cf8 

  0x00007122b56a7c28: ;   {post_call_nop}
  0x00007122b56a7c28: 0f1f 8400 | 200d 0013 | 8be8 488b | 4424 204c | 8b4c 2428 | e920 f8ff | ff43 8b7c | cc28 4c8b 
  0x00007122b56a7c48: 4424 3845 | 8b58 0843 | 0fb6 5ccc 

  0x00007122b56a7c54: ;   {metadata('net/minecraft/world/level/chunk/LevelChunk')}
  0x00007122b56a7c54: 3c41 81fb | 8827 a602 | 0f85 7a26 | 0000 85db | 0f85 7226 | 0000 498b | f0b8 ffff | ffff 438b 
  0x00007122b56a7c74: 4ccc 1485 | d20f 8445 | 2700 0047 | 8b6c cc10 | 448d 5aff | ffcf 85ff | 0f8c 8227 | 0000 478b 
  0x00007122b56a7c94: 54ec 0c44 | 895c 2458 | 458b f548 | 8974 2450 | 895c 2444 | 8bdf 8954 | 2420 4489 | 4c24 404c 
  0x00007122b56a7cb4: 8b5c 2448 | 4c89 5c24 | 284c 8944 | 2438 4f8d | 04ec 413b | da0f 8305 | 2500 0045 | 8b5c 9810 
  0x00007122b56a7cd4: ; ImmutableOopMap {r11=NarrowOop r8=Oop rcx=NarrowOop r14=NarrowOop [40]=Oop [48]=Oop [56]=Oop [64]=NarrowOop [80]=Oop }
                      ;*ifnull {reexecute=1 rethrow=0 return_oop=0}
                      ; - (reexecute) it.unimi.dsi.fastutil.objects.Object2ObjectOpenHashMap$MapIterator::nextEntry@142 (line 655)
                      ; - it.unimi.dsi.fastutil.objects.Object2ObjectOpenHashMap$ValueIterator::next@8 (line 1158)
                      ; - net.minecraft.world.level.chunk.LevelChunk::<init>@100 (line 145)
  0x00007122b56a7cd4: 4d8b 4f30 

  0x00007122b56a7cd8: ;   {poll}
  0x00007122b56a7cd8: 4185 0145 | 85db 7544 | 448d 4bff | 418b d945 | 85c9 7dda | be45 ffff | ff48 8b6c | 2438 4c8b 
  0x00007122b56a7cf8: 5424 304c | 8954 2420 | 894c 2430 | 4489 7424 | 3444 894c | 243c 8944 | 2448 6690 

  0x00007122b56a7d14: ;   {runtime_call UncommonTrapBlob}
  0x00007122b56a7d14: c5f8 77e8 

  0x00007122b56a7d18: ; ImmutableOopMap {rbp=Oop [32]=Oop [40]=Oop [48]=NarrowOop [52]=NarrowOop [64]=NarrowOop }
                      ;*ifge {reexecute=1 rethrow=0 return_oop=0}
                      ; - (reexecute) it.unimi.dsi.fastutil.objects.Object2ObjectOpenHashMap$MapIterator::nextEntry@69 (line 647)
                      ; - it.unimi.dsi.fastutil.objects.Object2ObjectOpenHashMap$ValueIterator::next@8 (line 1158)
                      ; - net.minecraft.world.level.chunk.LevelChunk::<init>@100 (line 145)
  0x00007122b56a7d18: 4465 4dfe 

  0x00007122b56a7d1c: ;   {post_call_nop}
  0x00007122b56a7d1c: 0f1f 8400 | 140e 0015 

  0x00007122b56a7d24: ; implicit exception: dispatches to 0x00007122b56ab208
  0x00007122b56a7d24: 458b 54cc | 0c41 3bda | 0f83 6225 | 0000 4d8d | 14cc 418b | 6c9a 1045 | 8b5c ec08 | 41ba 0000 
  0x00007122b56a7d44: 0041 4d03 | d34d 8b52 

  0x00007122b56a7d4c: ;   {metadata('net/minecraft/world/level/block/entity/BlockEntity')}
  0x00007122b56a7d4c: 4049 bbb8 | ae63 4300 | 0000 004d | 3bd3 0f85 | 6425 0000 | 895c 2424 | 498d 14ec | 488b 7424 
  0x00007122b56a7d6c: 5048 8bee 

  0x00007122b56a7d70: ;   {optimized virtual_call}
  0x00007122b56a7d70: c5f8 77e8 

  0x00007122b56a7d74: ; ImmutableOopMap {rbp=Oop [40]=Oop [48]=Oop [56]=Oop [64]=NarrowOop }
                      ;*invokevirtual setBlockEntity {reexecute=0 rethrow=0 return_oop=0}
                      ; - net.minecraft.world.level.chunk.LevelChunk::<init>@113 (line 146)
  0x00007122b56a7d74: a863 27f7 

  0x00007122b56a7d78: ;   {post_call_nop}
  0x00007122b56a7d78: 0f1f 8400 | 700e 0016 

  0x00007122b56a7d80: ; ImmutableOopMap {rbp=Oop [40]=Oop [48]=Oop [56]=Oop [64]=NarrowOop }
                      ;*goto {reexecute=1 rethrow=0 return_oop=0}
                      ; - (reexecute) net.minecraft.world.level.chunk.LevelChunk::<init>@116 (line 147)
  0x00007122b56a7d80: 4d8b 5730 

  0x00007122b56a7d84: ;   {poll}
  0x00007122b56a7d84: 4185 0244 | 8b5c 2420 | 4183 fb01 | 0f85 2b19 | 0000 4c8b | 5424 284c | 8954 2448 | e961 f6ff 
  0x00007122b56a7da4: ff41 8bca | c4c1 797e | d0c4 c179 | 7eea 413b | c90f 8da4 | 0000 0044 | 8bf1 6690 | 453b f10f 
  0x00007122b56a7dc4: 8397 2600 | 00c4 c1f9 | 7ef3 438b | 6cb3 1045 | 3bf0 0f83 | 9e26 0000 | 85ed 741f | 418b 4cec 
  0x00007122b56a7de4: 08be 0000 | 0041 4803 | f1c4 c1f9 | 7ee3 4e8b | 1c1e 493b | c30f 85ff | 1800 004f | 8d5c b510 
  0x00007122b56a7e04: 4180 7f48 | 000f 854b | 3d00 0041 | 892b 8bdd | 48c1 e303 | 498b fb48 | 33fb 48c1 | ef16 0f84 
  0x00007122b56a7e24: 2700 0000 | 4883 fb00 | 0f84 1d00 | 0000 498b | fb48 c1ef | 0948 bb00 | 901d c122 | 7100 0048 
  0x00007122b56a7e44: 03fb 803f | 020f 85c4 | 3d00 0045 | 8d5e 0145 | 8bf3 453b | d90f 8c61 | ffff ffc4 | c1f9 7ec3 
  0x00007122b56a7e64: 458b 4338 

  0x00007122b56a7e68: ; implicit exception: dispatches to 0x00007122b56ab12c
  0x00007122b56a7e68: 478b 4cc4 

  0x00007122b56a7e6c: ;   {metadata('java/util/HashMap')}
  0x00007122b56a7e6c: 0841 81f9 | 084d 4000 | 0f85 a62e | 0000 4c8b | 4c24 3845 | 8b51 3843 | 8b7c d408 | 4b8d 0cc4 
  0x00007122b56a7e8c: ;   {metadata('java/util/HashMap')}
  0x00007122b56a7e8c: 81ff 084d | 4000 0f85 | 7423 0000 | 49c1 e203 | 498b da8b | 7b14 ff43 | 2085 ff0f | 8493 0000 
  0x00007122b56a7eac: 0044 8b43 | 1c45 85c0 | 0f8e 8600 | 0000 4489 | 631c 418b | 6cfc 0c85 | ed76 7944 | 8d55 ff44 
  0x00007122b56a7ecc: 3bd5 0f83 | 5024 0000 | 498d 34fc | 4533 d248 | 8b54 2438 | 498b c344 | 8bdd 452b | da45 33c9 
  0x00007122b56a7eec: 413b ea45 | 0f4c d941 | 81fb e803 | 0000 41b8 | e803 0000 | 450f 47d8 | 4503 da66 | 0f1f 8400 
  0x00007122b56a7f0c: 0000 0000 | 4d33 c94e | 8d44 9610 | 4180 7f48 | 000f 859f | 3d00 0045 | 8908 41ff | c245 3bd3 
  0x00007122b56a7f2c: 7ce2 4d8b 

  0x00007122b56a7f30: ; ImmutableOopMap {rcx=Oop rbx=Oop rdi=NarrowOop rdx=Oop rsi=Oop rax=Oop [48]=Oop }
                      ;*goto {reexecute=1 rethrow=0 return_oop=0}
                      ; - (reexecute) java.util.HashMap::clear@46 (line 870)
                      ; - net.minecraft.world.level.chunk.ChunkAccess::setAllStarts@4 (line 216)
                      ; - net.minecraft.world.level.chunk.LevelChunk::<init>@170 (line 155)
                      ;   {poll}
  0x00007122b56a7f30: 5f30 4185 | 0344 3bd5 | 7ca9 4c8b | ca4c 8bd8 | 448b 411c | 4585 c00f | 8e19 0200 | 008b 5324 
  0x00007122b56a7f50: 85ff 0f85 | 8b18 0000 | c5fa 104b | 28c4 c179 | 6ec0 c5fa | e6c0 c5f2 | 5ac9 c5fb | 5ec1 c4e3 
  0x00007122b56a7f70: 790b c002 

  0x00007122b56a7f74: ;   {section_word}
  0x00007122b56a7f74: c5fb 100d | 84f0 ffff | c5f9 2ec8 | 0f86 7d25 | 0000 c57b | 2cc0 4181 | f800 0000 | 800f 842e 
  0x00007122b56a7f94: 4400 0044 | 3bc2 7e2c | 41ff c8f3 | 410f bdf8 | 41b8 ffff | ffff c4c2 | 43f7 e885 | ed0f 8ce1 
  0x00007122b56a7fb4: 1900 0081 | fd00 0000 | 400f 8de9 | 2500 00ff | c589 6b24 | 498b bfc8 | 0100 004c | 8bd7 4983 
  0x00007122b56a7fd4: c210 4d3b | 97d8 0100 | 000f 8365 | 1b00 004d | 8997 c801 | 0000 410f | 1882 0001 | 0000 48c7 
  0x00007122b56a7ff4: 0701 0000 

  0x00007122b56a7ff8: ;   {metadata('java/util/Collections$UnmodifiableMap$UnmodifiableEntrySet')}
  0x00007122b56a7ff8: 00c7 4708 | 600c 5c00 | 4489 670c | 448b 4118 | 4585 c00f | 859f 1700 | 0049 8b87 | c801 0000 
  0x00007122b56a8018: 4c8b d049 | 83c2 104d | 3b97 d801 | 0000 0f83 | aa1b 0000 | 4d89 97c8 | 0100 0041 | 0f18 8200 
  0x00007122b56a8038: 0100 0048 | c700 0100 

  0x00007122b56a8040: ;   {metadata('java/util/HashMap$EntrySet')}
  0x00007122b56a8040: 0000 c740 | 0800 cf57 | 0044 8960 | 0c49 8be9 | 4c89 5c24 | 2848 894c | 2420 4889 | 5c24 3848 
  0x00007122b56a8060: 897c 2440 | 4c8b 5424 | 2049 c1ea | 0344 8950 | 0c4c 8bc0 | 49c1 e803 | 488b 4c24 | 204c 8d59 
  0x00007122b56a8080: 1841 807f | 4800 0f85 | dd3c 0000 | 4c8b c849 | c1e9 0345 | 890b 4d8b | d34c 33d0 | 49c1 ea16 
  0x00007122b56a80a0: 0f84 1e00 | 0000 4d8b | d349 c1ea | 0949 b900 | 901d c122 | 7100 004d | 03d1 4180 | 3a02 0f85 
  0x00007122b56a80c0: 103d 0000 | 488b 4c24 | 404c 8d51 | 0c41 807f | 4800 0f85 | 563d 0000 | 4589 0245 | 8bc8 49c1 
  0x00007122b56a80e0: e103 4d8b | da4d 33d9 | 49c1 eb16 | 0f84 1e00 | 0000 4d8b | da49 c1eb | 0949 b900 | 901d c122 
  0x00007122b56a8100: 7100 004d | 03d9 4180 | 3b02 0f85 | 7d3d 0000 | 488b 7424 | 4066 6690 

  0x00007122b56a8118: ;   {optimized virtual_call}
  0x00007122b56a8118: c5f8 77e8 

  0x00007122b56a811c: ; ImmutableOopMap {rbp=Oop [40]=Oop [48]=Oop [56]=Oop }
                      ;*invokeinterface iterator {reexecute=0 rethrow=0 return_oop=1}
                      ; - java.util.HashMap::putMapEntries@103 (line 520)
                      ; - java.util.HashMap::putAll@3 (line 792)
                      ; - net.minecraft.world.level.chunk.ChunkAccess::setAllStarts@14 (line 217)
                      ; - net.minecraft.world.level.chunk.LevelChunk::<init>@170 (line 155)
  0x00007122b56a811c: f0a2 daff 

  0x00007122b56a8120: ;   {post_call_nop}
  0x00007122b56a8120: 0f1f 8400 | 1812 0019 | 4889 4424 | 4048 8bf0 | 6690 c5f8 | 7748 b828 | 3d33 6922 

  0x00007122b56a813c: ;   {virtual_call}
  0x00007122b56a813c: 7100 00e8 

  0x00007122b56a8140: ; ImmutableOopMap {rbp=Oop [40]=Oop [48]=Oop [56]=Oop [64]=Oop }
                      ;*invokeinterface hasNext {reexecute=0 rethrow=0 return_oop=0}
                      ; - java.util.HashMap::putMapEntries@112 (line 520)
                      ; - java.util.HashMap::putAll@3 (line 792)
                      ; - net.minecraft.world.level.chunk.ChunkAccess::setAllStarts@14 (line 217)
                      ; - net.minecraft.world.level.chunk.LevelChunk::<init>@170 (line 155)
  0x00007122b56a8140: be0a 77ff 

  0x00007122b56a8144: ;   {post_call_nop}
  0x00007122b56a8144: 0f1f 8400 | 3c12 001a | 85c0 0f85 | 880a 0000 | 4c8b cd4c | 8b5c 2428 | eb08 4c8b | cd4c 8b5c 
  0x00007122b56a8164: 2428 450f | b651 0c41 | c641 0c01 | f083 4424 | c000 4585 | d20f 8498 | 0d00 0045 | 8b43 3c47 
  0x00007122b56a8184: 8b54 c408 

  0x00007122b56a8188: ;   {metadata('java/util/HashMap')}
  0x00007122b56a8188: 4181 fa08 | 4d40 000f | 85c7 2b00 | 0045 8b51 | 3c43 8b4c | d408 4b8d 

  0x00007122b56a81a0: ;   {metadata('java/util/HashMap')}
  0x00007122b56a81a0: 1cc4 81f9 | 084d 4000 | 0f85 9620 | 0000 49c1 | e203 4d8b | c241 ff40 | 2041 8b50 | 1485 d274 
  0x00007122b56a81c0: 7941 8b48 | 1c85 c97e | 7145 8960 | 1c41 8b6c | d40c 85ed | 7664 8bca | 4c8b d38d | 5dff 3bdd 
  0x00007122b56a81e0: 0f83 6e21 | 0000 498d | 04d4 33db | 8bd5 2bd3 | 33ff 3beb | 0f4c d781 | fae8 0300 | 00be e803 
  0x00007122b56a8200: 0000 0f47 | d603 d366 | 0f1f 8400 | 0000 0000 | 4833 ff48 | 8d74 9810 | 4180 7f48 | 000f 85b2 
  0x00007122b56a8220: 3c00 0089 | 3eff c33b | da7c e549 

  0x00007122b56a822c: ; ImmutableOopMap {r10=Oop r11=Oop r8=Oop r9=Oop rcx=NarrowOop rax=Oop [48]=Oop }
                      ;*goto {reexecute=1 rethrow=0 return_oop=0}
                      ; - (reexecute) java.util.HashMap::clear@46 (line 870)
                      ; - net.minecraft.world.level.chunk.ChunkAccess::setAllReferences@4 (line 239)
                      ; - net.minecraft.world.level.chunk.LevelChunk::<init>@178 (line 156)
                      ;   {poll}
  0x00007122b56a822c: 8b7f 3085 | 073b dd7c | b749 8bda | 8bd1 448b | 531c 4585 | d20f 8eff | 0100 0041 | 8b78 2485 
  0x00007122b56a824c: d20f 859e | 1500 00c4 | c17a 1048 | 28c4 c179 | 6ec2 c5fa | e6c0 c5f2 | 5ac9 c5fb | 5ec1 c4e3 
  0x00007122b56a826c: 790b c002 

  0x00007122b56a8270: ;   {section_word}
  0x00007122b56a8270: c5fb 100d | 88ed ffff | c5f9 2ec8 | 0f86 d622 | 0000 c5fb | 2cc8 81f9 | 0000 0080 | 0f84 1f41 
  0x00007122b56a8290: 0000 3bcf | 7e2b ffc9 | f30f bdf9 | 41ba ffff | ffff c4c2 | 43f7 ea85 | ed0f 8cf3 | 1600 0081 
  0x00007122b56a82b0: fd00 0000 | 400f 8d25 | 2300 00ff | c541 8968 | 2449 8b8f | c801 0000 | 4c8b d149 | 83c2 104d 
  0x00007122b56a82d0: 3b97 d801 | 0000 0f83 | b218 0000 | 4d89 97c8 | 0100 0041 | 0f18 8200 | 0100 0048 | c701 0100 
  0x00007122b56a82f0: ;   {metadata('java/util/Collections$UnmodifiableMap$UnmodifiableEntrySet')}
  0x00007122b56a82f0: 0000 c741 | 0860 0c5c | 0044 8961 | 0c44 8b53 | 1845 85d2 | 0f85 bd14 | 0000 498b | 87c8 0100 
  0x00007122b56a8310: 004c 8bd0 | 4983 c210 | 4d3b 97d8 | 0100 000f | 83e8 1800 | 004d 8997 | c801 0000 | 410f 1882 
  0x00007122b56a8330: 0001 0000 | 48c7 0001 

  0x00007122b56a8338: ;   {metadata('java/util/HashMap$EntrySet')}
  0x00007122b56a8338: 0000 00c7 | 4008 00cf | 5700 4489 | 600c 4c8b | d349 c1ea | 0344 8950 | 0c4c 8bd0 | 49c1 ea03 
  0x00007122b56a8358: 488d 5318 | 4180 7f48 | 000f 8515 | 3c00 0048 | 8bf0 48c1 | ee03 8932 | 488b fa48 | 33f8 48c1 
  0x00007122b56a8378: ef16 0f84 | 1d00 0000 | 488b fa48 | c1ef 0948 | be00 901d | c122 7100 | 0048 03fe | 803f 020f 
  0x00007122b56a8398: 8571 3c00 | 0049 8be9 | 4c89 5c24 | 284c 8944 | 2448 4c8b | d94d 8d43 | 0c41 807f | 4800 0f85 
  0x00007122b56a83b8: cf3c 0000 | 4589 1041 | 8bca 48c1 | e103 4d8b | c84c 33c9 | 49c1 e916 | 0f84 1e00 | 0000 4d8b 
  0x00007122b56a83d8: c849 c1e9 | 0948 b900 | 901d c122 | 7100 004c | 03c9 4180 | 3902 0f85 | 023d 0000 | 498b f390 
  0x00007122b56a83f8: ;   {optimized virtual_call}
  0x00007122b56a83f8: c5f8 77e8 

  0x00007122b56a83fc: ; ImmutableOopMap {rbp=Oop [40]=Oop [48]=Oop [72]=Oop }
                      ;*invokeinterface iterator {reexecute=0 rethrow=0 return_oop=1}
                      ; - java.util.HashMap::putMapEntries@103 (line 520)
                      ; - java.util.HashMap::putAll@3 (line 792)
                      ; - net.minecraft.world.level.chunk.ChunkAccess::setAllReferences@14 (line 240)
                      ; - net.minecraft.world.level.chunk.LevelChunk::<init>@178 (line 156)
  0x00007122b56a83fc: 10a0 daff 

  0x00007122b56a8400: ;   {post_call_nop}
  0x00007122b56a8400: 0f1f 8400 | f814 001c | 4889 4424 | 3848 8bf0 | 6690 c5f8 | 7748 b850 | 3d33 6922 

  0x00007122b56a841c: ;   {virtual_call}
  0x00007122b56a841c: 7100 00e8 

  0x00007122b56a8420: ; ImmutableOopMap {rbp=Oop [40]=Oop [48]=Oop [56]=Oop [72]=Oop }
                      ;*invokeinterface hasNext {reexecute=0 rethrow=0 return_oop=0}
                      ; - java.util.HashMap::putMapEntries@112 (line 520)
                      ; - java.util.HashMap::putAll@3 (line 792)
                      ; - net.minecraft.world.level.chunk.ChunkAccess::setAllReferences@14 (line 240)
                      ; - net.minecraft.world.level.chunk.LevelChunk::<init>@178 (line 156)
  0x00007122b56a8420: de07 77ff 

  0x00007122b56a8424: ;   {post_call_nop}
  0x00007122b56a8424: 0f1f 8400 | 1c15 001d | 85c0 0f85 | 7809 0000 | 4c8b cd4c | 8b5c 2428 | eb08 4c8b | cd4c 8b5c 
  0x00007122b56a8444: 2428 450f | b651 0c41 | c641 0c01 | f083 4424 | c000 4585 | d20f 849b | 0c00 004c | 8b54 2430 
  0x00007122b56a8464: ; implicit exception: dispatches to 0x00007122b56ab18c
  0x00007122b56a8464: 458b 4238 | 458b 5150 | 4c89 4c24 | 3041 8b4b | 5049 8beb | 498b f048 | c1e6 0348 | 8bd1 48c1 
  0x00007122b56a8484: e203 498b | ca48 c1e1 

  0x00007122b56a848c: ;   {oop(a 'net/neoforged/neoforge/attachment/AttachmentInternals$$Lambda+0x0000000044a516d0'{0x0000000640fa5690})}
  0x00007122b56a848c: 0349 b890 | 56fa 4006 | 0000 0090 

  0x00007122b56a8498: ;   {static_call}
  0x00007122b56a8498: c5f8 77e8 

  0x00007122b56a849c: ; ImmutableOopMap {rbp=Oop [48]=Oop }
                      ;*invokestatic copyAttachments {reexecute=0 rethrow=0 return_oop=0}
                      ; - net.neoforged.neoforge.attachment.AttachmentInternals::copyChunkAttachmentsOnPromotion@8 (line 46)
                      ; - net.minecraft.world.level.chunk.LevelChunk::<init>@193 (line 158)
  0x00007122b56a849c: 60f1 dbf7 

  0x00007122b56a84a0: ;   {post_call_nop}
  0x00007122b56a84a0: 0f1f 8400 | 9815 001e | 4c8b cd41 | 8b69 3045 | 8b5c ec08 

  0x00007122b56a84b4: ;   {metadata('java/util/EnumMap')}
  0x00007122b56a84b4: 4181 fb78 | 6d62 000f | 85b7 1d00 | 0048 c1e5 | 0344 8b55 | 2045 85d2 | 0f84 ba15 | 0000 4b8d 
  0x00007122b56a84d4: 0cd4 448b 

  0x00007122b56a84d8: ;   {metadata('java/util/Collections$UnmodifiableSet')}
  0x00007122b56a84d8: 5108 4181 | fa20 e55a | 000f 84a1 | 1e00 004d | 8b9f c801 | 0000 4d8b | d349 83c2 | 104d 3b97 
  0x00007122b56a84f8: d801 0000 | 0f83 1c16 | 0000 4d89 | 97c8 0100 | 0041 0f18 | 8200 0100 | 0049 c703 | 0100 0000 
  0x00007122b56a8518: ;   {metadata('java/util/Collections$UnmodifiableSet')}
  0x00007122b56a8518: 41c7 4308 | 20e5 5a00 | 4589 630c | 4c89 4c24 | 2848 8be9 | 4c8b d549 | c1ea 0345 | 8953 0c4c 
  0x00007122b56a8538: 895c 2420 | 488b f548 | 8b6c 2430 | 6690 c5f8 | 7748 b878 | 3d33 6922 

  0x00007122b56a8550: ;   {virtual_call}
  0x00007122b56a8550: 7100 00e8 

  0x00007122b56a8554: ; ImmutableOopMap {rbp=Oop [32]=Oop [40]=Oop [48]=Oop }
                      ;*invokeinterface iterator {reexecute=0 rethrow=0 return_oop=1}
                      ; - java.util.Collections$UnmodifiableCollection$1::<init>@22 (line 1077)
                      ; - java.util.Collections$UnmodifiableCollection::iterator@5 (line 1076)
                      ; - net.minecraft.world.level.chunk.LevelChunk::<init>@200 (line 159)
  0x00007122b56a8554: aad9 eefe 

  0x00007122b56a8558: ;   {post_call_nop}
  0x00007122b56a8558: 0f1f 8400 | 5016 001f | 488b e848 | 8bf0 c5f8 | 7748 b8a0 | 3d33 6922 

  0x00007122b56a8570: ;   {virtual_call}
  0x00007122b56a8570: 7100 00e8 

  0x00007122b56a8574: ; ImmutableOopMap {rbp=Oop [32]=Oop [40]=Oop [48]=Oop }
                      ;*invokeinterface hasNext {reexecute=0 rethrow=0 return_oop=0}
                      ; - java.util.Collections$UnmodifiableCollection$1::hasNext@4 (line 1079)
                      ; - net.minecraft.world.level.chunk.LevelChunk::<init>@209 (line 159)
  0x00007122b56a8574: 8aac e9fe 

  0x00007122b56a8578: ;   {post_call_nop}
  0x00007122b56a8578: 0f1f 8400 | 7016 0020 | 85c0 0f84 | bf03 0000 | 4c8b c54d | 8bd8 49c1 | eb03 4c8b | 4c24 204d 
  0x00007122b56a8598: 8bd1 49c1 | ea03 4c89 | 4c24 504c | 8944 2448 | 4489 5424 | 2044 895c | 2424 4c89 | 4c24 6844 
  0x00007122b56a85b8: 895c 2438 | 4489 5424 | 3ce9 3701 | 0000 6666 | 0f1f 8400 | 0000 0000 | 448b 4924 | 41ff c144 
  0x00007122b56a85d8: 8949 244e | 8d5c 8710 | 4180 7f48 | 000f 8565 | 3b00 0048 | 8bc8 48c1 | e903 4189 | 0b4d 8bcb 
  0x00007122b56a85f8: 4c33 c849 | c1e9 160f | 841e 0000 | 004d 8bcb | 49c1 e909 | 48b9 0090 | 1dc1 2271 | 0000 4c03 
  0x00007122b56a8618: c941 8039 | 020f 858c | 3b00 004c | 8bd8 458b 

  0x00007122b56a8628: ;   {metadata('net/minecraft/world/level/levelgen/Heightmap')}
  0x00007122b56a8628: 5308 4181 | fa70 38be | 020f 85e9 | 2700 0041 | 8b6b 0c45 | 8b54 ec08 

  0x00007122b56a8640: ;   {metadata('net/minecraft/util/SimpleBitStorage')}
  0x00007122b56a8640: 4181 fa60 | 6274 030f | 8567 1800 | 004d 8d14 | ec45 8b42 | 2c47 8b5c | c40c 448b | 5424 6043 
  0x00007122b56a8660: 8b6c d40c | 443b dd0f | 8557 1a00 | 0044 3bdd | 0f82 5618 | 0000 85ed | 762d 4f8d | 1cd4 4b8d 
  0x00007122b56a8680: 7cd4 1048 | 63d5 4f8d | 14c4 4b8d | 74c4 10c5 

  0x00007122b56a8690: ;   {runtime_call Stub::jlong_disjoint_arraycopy}
  0x00007122b56a8690: f877 49ba | a03b a9b3 | 2271 0000 

  0x00007122b56a869c: ;   {post_call_nop}
  0x00007122b56a869c: 41ff d20f | 1f84 0000 | 0000 0044 | 8b5c 243c | 4489 5c24 | 2044 8b54 | 2438 4489 | 5424 244c 
  0x00007122b56a86bc: 8b44 2440 | 4c8b 4c24 | 684c 894c | 2450 4c89 | 4424 4848 | 8b74 2440 | 6690 c5f8 | 7748 b8c8 
  0x00007122b56a86dc: 3d33 6922 

  0x00007122b56a86e0: ;   {virtual_call}
  0x00007122b56a86e0: 7100 00e8 

  0x00007122b56a86e4: ; ImmutableOopMap {[32]=NarrowOop [36]=NarrowOop [40]=Oop [48]=Oop [56]=NarrowOop [60]=NarrowOop [64]=Oop [72]=Oop [80]=Oop [104]=Oop }
                      ;*invokeinterface hasNext {reexecute=0 rethrow=0 return_oop=0}
                      ; - java.util.Collections$UnmodifiableCollection$1::hasNext@4 (line 1079)
                      ; - net.minecraft.world.level.chunk.LevelChunk::<init>@209 (line 159)
  0x00007122b56a86e4: 1aab e9fe 

  0x00007122b56a86e8: ;   {post_call_nop}
  0x00007122b56a86e8: 0f1f 8400 | e017 0021 | 85c0 0f84 | 4f02 0000 | 4c8b 4424 | 404c 8944 | 2440 498b | f090 c5f8 
  0x00007122b56a8708: 7748 b8f0 | 3d33 6922 

  0x00007122b56a8710: ;   {virtual_call}
  0x00007122b56a8710: 7100 00e8 

  0x00007122b56a8714: ; ImmutableOopMap {[32]=NarrowOop [36]=NarrowOop [40]=Oop [48]=Oop [56]=NarrowOop [60]=NarrowOop [64]=Oop [72]=Oop [80]=Oop [104]=Oop }
                      ;*invokeinterface next {reexecute=0 rethrow=0 return_oop=1}
                      ; - java.util.Collections$UnmodifiableCollection$1::next@4 (line 1080)
                      ; - net.minecraft.world.level.chunk.LevelChunk::<init>@219 (line 159)
  0x00007122b56a8714: eac6 ecfe 

  0x00007122b56a8718: ;   {post_call_nop}
  0x00007122b56a8718: 0f1f 8400 | 1018 0022 

  0x00007122b56a8720: ; implicit exception: dispatches to 0x00007122b56aaf88
  0x00007122b56a8720: 448b 5808 

  0x00007122b56a8724: ;   {metadata('java/util/EnumMap$EntryIterator$Entry')}
  0x00007122b56a8724: 4181 fba8 | ab62 000f | 856b 2600 | 004c 8bd8 

  0x00007122b56a8734: ;   {oop(a 'net/minecraft/world/level/chunk/status/ChunkStatus'{0x0000000622c6f770})}
  0x00007122b56a8734: 49ba 70f7 | c622 0600 | 0000 458b | 4218 448b | 500c 4585 | d20f 8cc1 | 1800 0044 | 8b48 1047 
  0x00007122b56a8754: 8b4c cc1c 

  0x00007122b56a8758: ; implicit exception: dispatches to 0x00007122b56aafc4
  0x00007122b56a8758: 438b 6ccc | 1841 8b4c | ec0c 443b | d10f 8357 | 1600 0049 | 8d0c ec42 | 8b4c 9110 

  0x00007122b56a8774: ; implicit exception: dispatches to 0x00007122b56aaff4
  0x00007122b56a8774: 438b 44c4 | 0c41 8b54 | cc08 488b | d848 c1e3 | 03bf 0000 | 0041 4803 | fa48 8b7f | 7048 8b2f 
  0x00007122b56a8794: 483b eb0f | 85b3 1800 | 0041 8b5c | cc0c bf01 | 0000 00c4 | e2e1 f7df | 4b85 5cc4 | 1875 1a44 
  0x00007122b56a87b4: 8b5c 2424 | 4d8b c349 | c1e0 0344 | 8b54 2420 | 4f8d 0cd4 | e9f8 feff 

  0x00007122b56a87cc: ;   {metadata('net/minecraft/world/level/levelgen/Heightmap$Types')}
  0x00007122b56a87cc: ff81 fa10 | 31be 020f | 85ef 2500 | 0043 8b6c | cc1c 458b | 44ec 0c4d | 8d1c cc4c | 895c 2458 
  0x00007122b56a87ec: 453b d00f | 8307 1600 | 004d 8d1c | ec43 8b6c 

  0x00007122b56a87fc: ;   {oop(a 'java/util/EnumMap$1'{0x00000007ff6dee60})}
  0x00007122b56a87fc: 9310 81fd | ccbd edff | 0f84 1216 | 0000 458b 

  0x00007122b56a880c: ;   {metadata('net/minecraft/world/level/levelgen/Heightmap')}
  0x00007122b56a880c: 54ec 0841 | 81fa 7038 | be02 0f85 | e425 0000 | 4d8d 14ec | 418b 6a0c 

  0x00007122b56a8824: ; implicit exception: dispatches to 0x00007122b56ab024
  0x00007122b56a8824: 458b 5cec 

  0x00007122b56a8828: ;   {metadata('net/minecraft/util/SimpleBitStorage')}
  0x00007122b56a8828: 0841 81fb | 6062 7403 | 0f85 2616 | 0000 49ba | 3c2d 8dc8 | 2271 0000 | 458b 1a4d | 8d14 ec45 
  0x00007122b56a8848: 8b52 2c44 | 8954 2460 | 4c8b 5424 | 3041 8b6a | 3045 85db | 0f85 1a16 | 0000 458b 

  0x00007122b56a8864: ;   {metadata('java/util/EnumMap')}
  0x00007122b56a8864: 54ec 0841 | 81fa 786d | 6200 0f85 | 2016 0000 | 4d8d 04ec | 458b 5814 

  0x00007122b56a887c: ;   {oop(a 'java/lang/Class'{0x0000000622c6eae0} = 'net/minecraft/world/level/levelgen/Heightmap$Types')}
  0x00007122b56a887c: 4181 fb5c | dd58 c40f | 857d 1100 | 004c 8b54 | 2458 458b | 4a0c 418b | 681c 4c89 | 4424 4845 
  0x00007122b56a889c: 8b54 ec0c | 453b ca0f | 8397 1500 | 004d 8d14 | ec47 8b5c 

  0x00007122b56a88b0: ;   {oop(a 'java/util/EnumMap$1'{0x00000007ff6dee60})}
  0x00007122b56a88b0: 8a10 4181 | fbcc bded | ff74 0945 | 85db 0f85 | 4201 0000 | 488b 7424 | 3048 8b54 | 2458 488b 
  0x00007122b56a88d0: ea66 6690 

  0x00007122b56a88d4: ;   {optimized virtual_call}
  0x00007122b56a88d4: c5f8 77e8 

  0x00007122b56a88d8: ; ImmutableOopMap {rbp=Oop [40]=Oop [48]=Oop [56]=NarrowOop [60]=NarrowOop [64]=Oop [72]=Oop [88]=Oop [96]=NarrowOop [104]=Oop }
                      ;*invokevirtual lambda$getOrCreateHeightmapUnprimed$0 {reexecute=0 rethrow=0 return_oop=1}
                      ; - net.minecraft.world.level.chunk.ChunkAccess$$Lambda/0x0000000044862678::apply@8
                      ; - java.util.Map::computeIfAbsent@19 (line 1067)
                      ; - net.minecraft.world.level.chunk.ChunkAccess::getOrCreateHeightmapUnprimed@11 (line 175)
                      ; - net.minecraft.world.level.chunk.ChunkAccess::setHeightmap@2 (line 171)
                      ; - net.minecraft.world.level.chunk.LevelChunk::<init>@272 (line 161)
  0x00007122b56a88d8: 044e 40fe 

  0x00007122b56a88dc: ;   {post_call_nop}
  0x00007122b56a88dc: 0f1f 8400 | d419 0023 | 4885 c00f | 8403 1800 | 004c 8b4c | 2448 458b 

  0x00007122b56a88f4: ;   {oop(a 'java/lang/Class'{0x0000000622c6eae0} = 'net/minecraft/world/level/levelgen/Heightmap$Types')}
  0x00007122b56a88f4: 5114 4181 | fa5c dd58 | c40f 854b | 0f00 0049 | 8bc9 4c8b | dd45 8b43 | 0c41 8b59 | 1c45 8b4c 
  0x00007122b56a8914: dc0c 453b | c10f 8316 | 1600 0045 | 8b4c dc08 | 498d 3cdc | 428b 6c87 

  0x00007122b56a892c: ;   {metadata('java/lang/Object'[])}
  0x00007122b56a892c: 1041 81f9 | 98a2 3400 | 0f85 4616 | 0000 85ed | 0f84 8efc | ffff e994 | fcff ff4c | 8b5c 2428 
  0x00007122b56a894c: 450f b653 | 0d45 8b5b | 3448 8b5c | 2430 4c8d | 4b34 4180 | 7f48 000f | 85a0 3800 | 0045 8919 
  0x00007122b56a896c: 418b cb48 | c1e1 034d | 8bc1 4c33 | c149 c1e8 | 160f 8428 | 0000 0048 | 83f9 000f | 841e 0000 
  0x00007122b56a898c: 004d 8bc1 | 49c1 e809 | 48b9 0090 | 1dc1 2271 | 0000 4c03 | c141 8038 | 020f 85c9 | 3800 0044 
  0x00007122b56a89ac: 8853 0df0 | 8344 24c0 | 0044 0fb6 | 5b0c c643 | 0c01 f083 | 4424 c000 | 4585 db0f | 8404 0900 
  0x00007122b56a89cc: 004c 8b54 | 2430 450f | b652 0c4c | 8b5c 2430 | 41c6 430c | 01f0 8344 | 24c0 0045 | 85d2 0f84 
  0x00007122b56a89ec: dd0a 0000 | c5f8 7748 | 81c4 9000 

  0x00007122b56a89f8: ;   {poll_return}
  0x00007122b56a89f8: 0000 5d49 | 3b67 280f | 8796 3900 | 00c3 49c1 | e303 e917 | fcff ff48 | 33ff 4c8b | 9ea8 0000 
  0x00007122b56a8a18: 0049 8bd3 | 48c1 e22d | 0f89 2100 | 0000 f348 | 0fb8 d248 | 8b5e 2848 | 3b04 d374 | 1549 0fba 
  0x00007122b56a8a38: e313 730b | 49c1 cb12 

  0x00007122b56a8a40: ;   {runtime_call Stub::lookup_secondary_supers_table_slow_path}
  0x00007122b56a8a40: e8c8 c63e | feeb 0348 | ffc7 4885 | ff0f 844b | f0ff ff48 | 8b74 2440 | 6690 c5f8 | 7748 b818 
  0x00007122b56a8a60: 3e33 6922 

  0x00007122b56a8a64: ;   {virtual_call}
  0x00007122b56a8a64: 7100 00e8 

  0x00007122b56a8a68: ; ImmutableOopMap {rbp=Oop [48]=Oop [56]=Oop [72]=Oop [80]=Oop }
                      ;*invokeinterface size {reexecute=0 rethrow=0 return_oop=0}
                      ; - java.util.Collections::disjoint@26 (line 5929)
                      ; - net.minecraft.world.level.chunk.LevelChunk::<init>@52 (line 141)
  0x00007122b56a8a68: 744f 40fe 

  0x00007122b56a8a6c: ;   {post_call_nop}
  0x00007122b56a8a6c: 0f1f 8400 | 641b 0024 | 8944 2420 | 488b 7424 | 5090 c5f8 | 7748 b840 | 3e33 6922 

  0x00007122b56a8a88: ;   {virtual_call}
  0x00007122b56a8a88: 7100 00e8 

  0x00007122b56a8a8c: ; ImmutableOopMap {rbp=Oop [48]=Oop [56]=Oop [72]=Oop [80]=Oop }
                      ;*invokeinterface size {reexecute=0 rethrow=0 return_oop=0}
                      ; - java.util.Collections::disjoint@34 (line 5930)
                      ; - net.minecraft.world.level.chunk.LevelChunk::<init>@52 (line 141)
  0x00007122b56a8a8c: 504f 40fe 

  0x00007122b56a8a90: ;   {post_call_nop}
  0x00007122b56a8a90: 0f1f 8400 | 881b 0025 | 448b 5c24 | 2045 85db | 0f84 7ae8 | ffff 85c0 | 0f84 72e8 | ffff 443b 
  0x00007122b56a8ab0: d87e 0f48 | 896c 2420 | 488b 7424 | 50e9 a2e7 | ffff 4c8b | 5424 504c | 8954 2420 | 488b f5e9 
  0x00007122b56a8ad0: 90e7 ffff | 660f 1f44 | 0000 660f | 1f44 0000 | 4c89 5424 | 2049 8bf2 | 6690 c5f8 | 7748 b868 
  0x00007122b56a8af0: 3e33 6922 

  0x00007122b56a8af4: ;   {virtual_call}
  0x00007122b56a8af4: 7100 00e8 

  0x00007122b56a8af8: ; ImmutableOopMap {rbp=Oop [32]=Oop [40]=Oop [48]=Oop [56]=Oop [64]=Oop }
                      ;*invokeinterface getKey {reexecute=0 rethrow=0 return_oop=1}
                      ; - java.util.HashMap::putMapEntries@134 (line 521)
                      ; - java.util.HashMap::putAll@3 (line 792)
                      ; - net.minecraft.world.level.chunk.ChunkAccess::setAllStarts@14 (line 217)
                      ; - net.minecraft.world.level.chunk.LevelChunk::<init>@170 (line 155)
  0x00007122b56a8af8: 86d8 0bff 

  0x00007122b56a8afc: ;   {post_call_nop}
  0x00007122b56a8afc: 0f1f 8400 | f41b 0026 | 4889 4424 | 4848 8b74 | 2420 c5f8 | 7748 b890 | 3e33 6922 

  0x00007122b56a8b18: ;   {virtual_call}
  0x00007122b56a8b18: 7100 00e8 

  0x00007122b56a8b1c: ; ImmutableOopMap {rbp=Oop [40]=Oop [48]=Oop [56]=Oop [64]=Oop [72]=Oop }
                      ;*invokeinterface getValue {reexecute=0 rethrow=0 return_oop=1}
                      ; - java.util.HashMap::putMapEntries@143 (line 522)
                      ; - java.util.HashMap::putAll@3 (line 792)
                      ; - net.minecraft.world.level.chunk.ChunkAccess::setAllStarts@14 (line 217)
                      ; - net.minecraft.world.level.chunk.LevelChunk::<init>@170 (line 155)
  0x00007122b56a8b1c: 6290 82ff 

  0x00007122b56a8b20: ;   {post_call_nop}
  0x00007122b56a8b20: 0f1f 8400 | 181c 0027 | 4889 4424 | 204c 8b44 | 2448 4d85 | c00f 84bd | 0e00 0045 | 8b58 0841 
  0x00007122b56a8b40: ba00 0000 | 414d 03d3 | 4d8b 9228 

  0x00007122b56a8b4c: ;   {metadata({method} {0x000000004134a198} 'hashCode' '()I' in 'java/lang/Object')}
  0x00007122b56a8b4c: 0200 0049 | bb98 a134 | 4100 0000 | 004d 3bd3 | 0f85 9d0c | 0000 4d8b | 104d 8bda | 4983 e303 
  0x00007122b56a8b6c: 4983 fb02 | 0f84 890c | 0000 49c1 | ea0b 418b | c225 ffff | ff7f 0f84 | 770c 0000 | 8bd0 c1ea 
  0x00007122b56a8b8c: 1033 d048 | 8b74 2438 | 498b c84c | 8b44 2420 | 4533 c9bf | 0100 0000 

  0x00007122b56a8ba4: ;   {optimized virtual_call}
  0x00007122b56a8ba4: c5f8 77e8 

  0x00007122b56a8ba8: ; ImmutableOopMap {rbp=Oop [40]=Oop [48]=Oop [56]=Oop [64]=Oop }
                      ;*invokevirtual putVal {reexecute=0 rethrow=0 return_oop=1}
                      ; - java.util.HashMap::putMapEntries@162 (line 523)
                      ; - java.util.HashMap::putAll@3 (line 792)
                      ; - net.minecraft.world.level.chunk.ChunkAccess::setAllStarts@14 (line 217)
                      ; - net.minecraft.world.level.chunk.LevelChunk::<init>@170 (line 155)
  0x00007122b56a8ba8: e411 f8fe 

  0x00007122b56a8bac: ;   {post_call_nop}
  0x00007122b56a8bac: 0f1f 8400 | a41c 0028 | 488b 7424 | 4090 c5f8 | 7748 b8b8 | 3e33 6922 

  0x00007122b56a8bc4: ;   {virtual_call}
  0x00007122b56a8bc4: 7100 00e8 

  0x00007122b56a8bc8: ; ImmutableOopMap {rbp=Oop [40]=Oop [48]=Oop [56]=Oop [64]=Oop }
                      ;*invokeinterface hasNext {reexecute=0 rethrow=0 return_oop=0}
                      ; - java.util.HashMap::putMapEntries@112 (line 520)
                      ; - java.util.HashMap::putAll@3 (line 792)
                      ; - net.minecraft.world.level.chunk.ChunkAccess::setAllStarts@14 (line 217)
                      ; - net.minecraft.world.level.chunk.LevelChunk::<init>@170 (line 155)
  0x00007122b56a8bc8: 3600 77ff 

  0x00007122b56a8bcc: ;   {post_call_nop}
  0x00007122b56a8bcc: 0f1f 8400 | c41c 0029 | 85c0 0f84 | 82f5 ffff | 488b 7424 | 4090 c5f8 | 7748 b8e0 | 3e33 6922 
  0x00007122b56a8bec: ;   {virtual_call}
  0x00007122b56a8bec: 7100 00e8 

  0x00007122b56a8bf0: ; ImmutableOopMap {rbp=Oop [40]=Oop [48]=Oop [56]=Oop [64]=Oop }
                      ;*invokeinterface next {reexecute=0 rethrow=0 return_oop=1}
                      ; - java.util.HashMap::putMapEntries@122 (line 520)
                      ; - java.util.HashMap::putAll@3 (line 792)
                      ; - net.minecraft.world.level.chunk.ChunkAccess::setAllStarts@14 (line 217)
                      ; - net.minecraft.world.level.chunk.LevelChunk::<init>@170 (line 155)
  0x00007122b56a8bf0: 8ef2 65ff 

  0x00007122b56a8bf4: ;   {post_call_nop}
  0x00007122b56a8bf4: 0f1f 8400 | ec1c 002a | 4c8b d044 

  0x00007122b56a8c00: ;   {metadata('java/util/HashMap$Node')}
  0x00007122b56a8c00: 8b58 0841 | 81fb 60aa | 5700 0f84 | d0fe ffff 

  0x00007122b56a8c10: ;   {metadata('java/util/KeyValueHolder')}
  0x00007122b56a8c10: 4181 fb80 | a34b 000f | 84c3 feff | ffbe 0000 | 0041 4903 | f34c 8b5e 

  0x00007122b56a8c28: ;   {metadata('java/util/Map$Entry')}
  0x00007122b56a8c28: 2049 b800 | 4235 4100 | 0000 004d | 3bd8 0f84 | a4fe ffff 

  0x00007122b56a8c3c: ;   {metadata('java/util/Map$Entry')}
  0x00007122b56a8c3c: 48b8 0042 | 3541 0000 | 0000 4833 | ff4c 8b9e | a800 0000 | 498b d348 | c1e2 1c0f | 8921 0000 
  0x00007122b56a8c5c: 00f3 480f | b8d2 488b | 5e28 483b | 04d3 7415 | 490f bae3 | 2473 0b49 

  0x00007122b56a8c74: ;   {runtime_call Stub::lookup_secondary_supers_table_slow_path}
  0x00007122b56a8c74: c1cb 23e8 | 91c4 3efe | eb03 48ff | c748 85ff | 0f84 56fe | ffff bede | ffff ff49 | 8bea 6690 
  0x00007122b56a8c94: ;   {runtime_call UncommonTrapBlob}
  0x00007122b56a8c94: c5f8 77e8 

  0x00007122b56a8c98: ; ImmutableOopMap {rbp=Oop }
                      ;*checkcast {reexecute=0 rethrow=0 return_oop=0}
                      ; - java.util.HashMap::putMapEntries@127 (line 520)
                      ; - java.util.HashMap::putAll@3 (line 792)
                      ; - net.minecraft.world.level.chunk.ChunkAccess::setAllStarts@14 (line 217)
                      ; - net.minecraft.world.level.chunk.LevelChunk::<init>@170 (line 155)
  0x00007122b56a8c98: c455 4dfe 

  0x00007122b56a8c9c: ;   {post_call_nop}
  0x00007122b56a8c9c: 0f1f 8400 | 941d 002b | 660f 1f44 | 0000 660f | 1f44 0000 | 4c89 5424 | 2049 8bf2 | 6690 c5f8 
  0x00007122b56a8cbc: 7748 b808 | 3f33 6922 

  0x00007122b56a8cc4: ;   {virtual_call}
  0x00007122b56a8cc4: 7100 00e8 

  0x00007122b56a8cc8: ; ImmutableOopMap {rbp=Oop [32]=Oop [40]=Oop [48]=Oop [56]=Oop [72]=Oop }
                      ;*invokeinterface getKey {reexecute=0 rethrow=0 return_oop=1}
                      ; - java.util.HashMap::putMapEntries@134 (line 521)
                      ; - java.util.HashMap::putAll@3 (line 792)
                      ; - net.minecraft.world.level.chunk.ChunkAccess::setAllReferences@14 (line 240)
                      ; - net.minecraft.world.level.chunk.LevelChunk::<init>@178 (line 156)
  0x00007122b56a8cc8: b6d6 0bff 

  0x00007122b56a8ccc: ;   {post_call_nop}
  0x00007122b56a8ccc: 0f1f 8400 | c41d 002c | 4889 4424 | 4048 8b74 | 2420 c5f8 | 7748 b830 | 3f33 6922 

  0x00007122b56a8ce8: ;   {virtual_call}
  0x00007122b56a8ce8: 7100 00e8 

  0x00007122b56a8cec: ; ImmutableOopMap {rbp=Oop [40]=Oop [48]=Oop [56]=Oop [64]=Oop [72]=Oop }
                      ;*invokeinterface getValue {reexecute=0 rethrow=0 return_oop=1}
                      ; - java.util.HashMap::putMapEntries@143 (line 522)
                      ; - java.util.HashMap::putAll@3 (line 792)
                      ; - net.minecraft.world.level.chunk.ChunkAccess::setAllReferences@14 (line 240)
                      ; - net.minecraft.world.level.chunk.LevelChunk::<init>@178 (line 156)
  0x00007122b56a8cec: 928e 82ff 

  0x00007122b56a8cf0: ;   {post_call_nop}
  0x00007122b56a8cf0: 0f1f 8400 | e81d 002d | 4889 4424 | 204c 8b44 | 2440 4d85 | c00f 84f4 | 0c00 0045 | 8b58 0841 
  0x00007122b56a8d10: ba00 0000 | 414d 03d3 | 4d8b 9228 

  0x00007122b56a8d1c: ;   {metadata({method} {0x000000004134a198} 'hashCode' '()I' in 'java/lang/Object')}
  0x00007122b56a8d1c: 0200 0049 | bb98 a134 | 4100 0000 | 004d 3bd3 | 0f85 f40a | 0000 4d8b | 104d 8bda | 4983 e303 
  0x00007122b56a8d3c: 4983 fb02 | 0f84 e00a | 0000 49c1 | ea0b 418b | c225 ffff | ff7f 0f84 | ce0a 0000 | 8bd0 c1ea 
  0x00007122b56a8d5c: 1033 d048 | 8b74 2448 | 498b c84c | 8b44 2420 | 4533 c9bf | 0100 0000 

  0x00007122b56a8d74: ;   {optimized virtual_call}
  0x00007122b56a8d74: c5f8 77e8 

  0x00007122b56a8d78: ; ImmutableOopMap {rbp=Oop [40]=Oop [48]=Oop [56]=Oop [72]=Oop }
                      ;*invokevirtual putVal {reexecute=0 rethrow=0 return_oop=1}
                      ; - java.util.HashMap::putMapEntries@162 (line 523)
                      ; - java.util.HashMap::putAll@3 (line 792)
                      ; - net.minecraft.world.level.chunk.ChunkAccess::setAllReferences@14 (line 240)
                      ; - net.minecraft.world.level.chunk.LevelChunk::<init>@178 (line 156)
  0x00007122b56a8d78: 1410 f8fe 

  0x00007122b56a8d7c: ;   {post_call_nop}
  0x00007122b56a8d7c: 0f1f 8400 | 741e 002e | 488b 7424 | 3890 c5f8 | 7748 b858 | 3f33 6922 

  0x00007122b56a8d94: ;   {virtual_call}
  0x00007122b56a8d94: 7100 00e8 

  0x00007122b56a8d98: ; ImmutableOopMap {rbp=Oop [40]=Oop [48]=Oop [56]=Oop [72]=Oop }
                      ;*invokeinterface hasNext {reexecute=0 rethrow=0 return_oop=0}
                      ; - java.util.HashMap::putMapEntries@112 (line 520)
                      ; - java.util.HashMap::putAll@3 (line 792)
                      ; - net.minecraft.world.level.chunk.ChunkAccess::setAllReferences@14 (line 240)
                      ; - net.minecraft.world.level.chunk.LevelChunk::<init>@178 (line 156)
  0x00007122b56a8d98: 66fe 76ff 

  0x00007122b56a8d9c: ;   {post_call_nop}
  0x00007122b56a8d9c: 0f1f 8400 | 941e 002f | 85c0 0f84 | 92f6 ffff | 488b 7424 | 3890 c5f8 | 7748 b880 | 3f33 6922 
  0x00007122b56a8dbc: ;   {virtual_call}
  0x00007122b56a8dbc: 7100 00e8 

  0x00007122b56a8dc0: ; ImmutableOopMap {rbp=Oop [40]=Oop [48]=Oop [56]=Oop [72]=Oop }
                      ;*invokeinterface next {reexecute=0 rethrow=0 return_oop=1}
                      ; - java.util.HashMap::putMapEntries@122 (line 520)
                      ; - java.util.HashMap::putAll@3 (line 792)
                      ; - net.minecraft.world.level.chunk.ChunkAccess::setAllReferences@14 (line 240)
                      ; - net.minecraft.world.level.chunk.LevelChunk::<init>@178 (line 156)
  0x00007122b56a8dc0: bef0 65ff 

  0x00007122b56a8dc4: ;   {post_call_nop}
  0x00007122b56a8dc4: 0f1f 8400 | bc1e 0030 | 4c8b d044 

  0x00007122b56a8dd0: ;   {metadata('java/util/HashMap$Node')}
  0x00007122b56a8dd0: 8b58 0841 | 81fb 60aa | 5700 0f84 | d0fe ffff 

  0x00007122b56a8de0: ;   {metadata('java/util/KeyValueHolder')}
  0x00007122b56a8de0: 4181 fb80 | a34b 000f | 84c3 feff | ffbe 0000 | 0041 4903 | f34c 8b5e 

  0x00007122b56a8df8: ;   {metadata('java/util/Map$Entry')}
  0x00007122b56a8df8: 2049 b800 | 4235 4100 | 0000 004d | 3bd8 0f84 | a4fe ffff 

  0x00007122b56a8e0c: ;   {metadata('java/util/Map$Entry')}
  0x00007122b56a8e0c: 48b8 0042 | 3541 0000 | 0000 4833 | ff4c 8b9e | a800 0000 | 498b d348 | c1e2 1c0f | 8921 0000 
  0x00007122b56a8e2c: 00f3 480f | b8d2 488b | 5e28 483b | 04d3 7415 | 490f bae3 | 2473 0b49 

  0x00007122b56a8e44: ;   {runtime_call Stub::lookup_secondary_supers_table_slow_path}
  0x00007122b56a8e44: c1cb 23e8 | c1c2 3efe | eb03 48ff | c748 85ff | 0f84 56fe | ffff bede | ffff ff49 | 8bea 6690 
  0x00007122b56a8e64: ;   {runtime_call UncommonTrapBlob}
  0x00007122b56a8e64: c5f8 77e8 

  0x00007122b56a8e68: ; ImmutableOopMap {rbp=Oop }
                      ;*checkcast {reexecute=0 rethrow=0 return_oop=0}
                      ; - java.util.HashMap::putMapEntries@127 (line 520)
                      ; - java.util.HashMap::putAll@3 (line 792)
                      ; - net.minecraft.world.level.chunk.ChunkAccess::setAllReferences@14 (line 240)
                      ; - net.minecraft.world.level.chunk.LevelChunk::<init>@178 (line 156)
  0x00007122b56a8e68: f453 4dfe 

  0x00007122b56a8e6c: ;   {post_call_nop}
  0x00007122b56a8e6c: 0f1f 8400 | 641f 0031 | 413b e87f | 50e9 6de6 | ffff 498b | f090 c5f8 | 7748 b8a8 | 3f33 6922 
  0x00007122b56a8e8c: ;   {virtual_call}
  0x00007122b56a8e8c: 7100 00e8 

  0x00007122b56a8e90: ; ImmutableOopMap {rbp=Oop [32]=Oop [48]=Oop [56]=Oop [64]=Oop [72]=Oop [80]=Oop }
                      ;*invokevirtual hashCode {reexecute=0 rethrow=0 return_oop=0}
                      ; - java.util.HashMap::hash@9 (line 338)
                      ; - java.util.HashMap::putMapEntries@153 (line 523)
                      ; - java.util.HashMap::putAll@3 (line 792)
                      ; - net.minecraft.world.level.chunk.LevelChunk::<init>@127 (line 149)
  0x00007122b56a8e90: 6e8f b7fe 

  0x00007122b56a8e94: ;   {post_call_nop}
  0x00007122b56a8e94: 0f1f 8400 | 8c1f 0032 | 4c8b 4424 | 20e9 7cea | ffff c4c1 | 796e d0c4 | c179 6eea | 894c 2424 
  0x00007122b56a8eb4: e915 e8ff | ff0f 1f80 | 0000 0000 | 458b 5114 | 488b 4424 | 2047 8b5c | d40c 4181 | fb00 0000 
  0x00007122b56a8ed4: 400f 8d10 | e6ff ff4c | 894c 2428 | 4889 4424 | 2049 8bf1 

  0x00007122b56a8ee8: ;   {optimized virtual_call}
  0x00007122b56a8ee8: c5f8 77e8 

  0x00007122b56a8eec: ; ImmutableOopMap {[32]=Oop [40]=Oop [48]=Oop [56]=Oop [72]=Oop }
                      ;*invokevirtual resize {reexecute=0 rethrow=0 return_oop=1}
                      ; - java.util.HashMap::putMapEntries@90 (line 517)
                      ; - java.util.HashMap::putAll@3 (line 792)
                      ; - net.minecraft.world.level.chunk.LevelChunk::<init>@127 (line 149)
  0x00007122b56a8eec: f047 40fe 

  0x00007122b56a8ef0: ;   {post_call_nop}
  0x00007122b56a8ef0: 0f1f 8400 | e81f 0033 

  0x00007122b56a8ef8: ; ImmutableOopMap {[32]=Oop [40]=Oop [48]=Oop [56]=Oop [72]=Oop }
                      ;*goto {reexecute=1 rethrow=0 return_oop=0}
                      ; - (reexecute) java.util.HashMap::putMapEntries@94 (line 517)
                      ; - java.util.HashMap::putAll@3 (line 792)
                      ; - net.minecraft.world.level.chunk.LevelChunk::<init>@127 (line 149)
  0x00007122b56a8ef8: 4d8b 5730 

  0x00007122b56a8efc: ;   {poll}
  0x00007122b56a8efc: 4185 024c | 8b4c 2428 | 458b 5124 | 413b ea7f | b348 8b44 | 2420 e9d4 | e5ff ff41 | 8b49 7045 
  0x00007122b56a8f1c: 8b41 1c45 | 8b54 cc08 

  0x00007122b56a8f24: ;   {metadata('net/minecraft/world/level/chunk/LevelChunk$$Lambda+0x0000000044862198')}
  0x00007122b56a8f24: 4181 fa98 | 2186 030f | 844e f2ff 

  0x00007122b56a8f30: ;   {metadata('net/minecraft/server/level/ChunkMap$$Lambda+0x00000000447547b0')}
  0x00007122b56a8f30: ff41 81fa | b047 7503 | 0f85 d217 | 0000 4d8d | 14cc 458b | 520c 478b | 54d4 6c43 | 8b5c c40c 
  0x00007122b56a8f50: 4f63 44c4 | 1049 c1e0 | 2049 0bd8 

  0x00007122b56a8f5c: ; implicit exception: dispatches to 0x00007122b56ab32c
  0x00007122b56a8f5c: 438b 4cd4 

  0x00007122b56a8f60: ;   {metadata('it/unimi/dsi/fastutil/longs/LongLinkedOpenHashSet')}
  0x00007122b56a8f60: 0881 f900 | 8073 030f | 85d3 1700 | 0049 c1e2 | 0349 8bca | 4885 db0f | 8413 1500 | 004d 8bc3 
  0x00007122b56a8f80: 4d8b d98b | 510c 4c8b | cb49 ba15 | 7c4a 7fb9 | 7937 9e49 | 0faf da8b | 7930 448b | ef4c 8bd3 
  0x00007122b56a8fa0: 49c1 ea20 | 4c33 d349 | 8bda 48c1 | eb10 4933 | da44 8bd3 | 418b da23 | da41 8b74 | fc0c 3bde 
  0x00007122b56a8fc0: 0f83 7816 | 0000 48c1 | e703 4c8b | 54df 104d | 85d2 7474 | 4d3b d10f | 8412 0100 | 0044 8d53 
  0x00007122b56a8fe0: 0144 23d2 | 418b da44 | 3bd6 0f83 | d01a 0000 | 4a8b 44d7 | 1048 85c0 | 744e 660f | 1f44 0000 
  0x00007122b56a9000: 498b 6f30 | 493b c141 | baff ffff | ff7c 0841 | 0f95 c245 

  0x00007122b56a9014: ; ImmutableOopMap {r11=Oop r8=Oop rcx=Oop rdi=Oop r13=NarrowOop [48]=Oop }
                      ;*ifne {reexecute=1 rethrow=0 return_oop=0}
                      ; - (reexecute) it.unimi.dsi.fastutil.longs.LongLinkedOpenHashSet::add@91 (line 448)
                      ; - net.minecraft.server.level.ChunkMap::setChunkUnsaved@8 (line 212)
                      ; - net.minecraft.server.level.ChunkMap$$Lambda/0x00000000447547b0::setUnsaved@5
                      ; - net.minecraft.world.level.chunk.LevelChunk::markUnsaved@21 (line 182)
                      ; - net.minecraft.world.level.chunk.ChunkAccess::setAllStarts@20 (line 218)
                      ; - net.minecraft.world.level.chunk.LevelChunk::<init>@170 (line 155)
                      ;   {poll}
  0x00007122b56a9014: 0fb6 d285 | 4500 493b | c175 0b4d | 8bcb 4d8b | d8e9 55f1 | ffff ffc3 | 448b d344 | 23d2 418b 
  0x00007122b56a9034: da44 3bd6 | 0f83 561b | 0000 4a8b | 44d7 1048 | 85c0 75b8 | 3bde 0f83 | 0c18 0000 | 448b d34c 
  0x00007122b56a9054: 894c df10 | 4d8b cb4d | 8bd8 8b59 | 348b 7124 | 85f6 0f84 | b810 0000 | 4c8b c14c | 895c 2438 
  0x00007122b56a9074: 4c89 4c24 | 2044 8b59 | 1445 8bcb 

  0x00007122b56a9080: ; implicit exception: dispatches to 0x00007122b56ab47c
  0x00007122b56a9080: 458b 5cdc | 0c45 3bcb | 0f83 a218 | 0000 418b | d249 8d3c | dc49 63e9 | 48c1 e520 | b9ff ffff 
  0x00007122b56a90a0: ff48 0be9 | 4a8b 4ccf | 1048 33d1 | 8bd2 4833 | d14a 8954 | cf10 453b | d30f 83b5 | 1800 004a 
  0x00007122b56a90c0: 896c d710 | 4589 5014 | 4d8b d845 | 8b50 1c44 | 8d46 0145 | 8943 2441 | 3bf2 0f8d | 1c0e 0000 
  0x00007122b56a90e0: 4c8b 4c24 | 204c 8b5c | 2438 e990 | f0ff ff4d | 8bcb 4d8b | d8e9 85f0 | ffff 418b | 4970 458b 
  0x00007122b56a9100: 411c 458b 

  0x00007122b56a9104: ;   {metadata('net/minecraft/world/level/chunk/LevelChunk$$Lambda+0x0000000044862198')}
  0x00007122b56a9104: 54cc 0841 | 81fa 9821 | 8603 0f84 | 4bf3 ffff 

  0x00007122b56a9114: ;   {metadata('net/minecraft/server/level/ChunkMap$$Lambda+0x00000000447547b0')}
  0x00007122b56a9114: 4181 fab0 | 4775 030f | 8553 1600 | 004d 8d14 | cc45 8b52 | 0c47 8b54 | d46c 438b | 7cc4 0c4f 
  0x00007122b56a9134: 6344 c410 | 49c1 e020 | 490b f843 | 8b4c d408 

  0x00007122b56a9144: ;   {metadata('it/unimi/dsi/fastutil/longs/LongLinkedOpenHashSet')}
  0x00007122b56a9144: 81f9 0080 | 7303 0f85 | 5416 0000 | 49c1 e203 | 4d8b c248 | 85ff 0f84 | 4b13 0000 | 458b 500c 
  0x00007122b56a9164: 488b d748 | b915 7c4a | 7fb9 7937 | 9e48 0faf | d141 8b58 | 3048 8bca | 48c1 e920 | 4833 ca48 
  0x00007122b56a9184: 8bd1 48c1 | ea10 4833 | d18b ca41 | 23ca 418b | 74dc 0c3b | ce0f 83d9 | 1400 0049 | 8d2c dc48 
  0x00007122b56a91a4: 8b54 cd10 | 4885 d274 | 5b48 3bd7 | 0f84 a9f2 | ffff ffc1 | 4123 ca3b | ce0f 8339 | 1900 0048 
  0x00007122b56a91c4: 8b54 cd10 | 4885 d274 | 3b66 6690 | 4d8b 6f30 | 483b d7b8 | ffff ffff | 7c06 0f95 

  0x00007122b56a91e0: ; ImmutableOopMap {r11=Oop r8=Oop r9=Oop rbx=NarrowOop rbp=Oop [48]=Oop }
                      ;*ifne {reexecute=1 rethrow=0 return_oop=0}
                      ; - (reexecute) it.unimi.dsi.fastutil.longs.LongLinkedOpenHashSet::add@91 (line 448)
                      ; - net.minecraft.server.level.ChunkMap::setChunkUnsaved@8 (line 212)
                      ; - net.minecraft.server.level.ChunkMap$$Lambda/0x00000000447547b0::setUnsaved@5
                      ; - net.minecraft.world.level.chunk.LevelChunk::markUnsaved@21 (line 182)
                      ; - net.minecraft.world.level.chunk.ChunkAccess::setAllReferences@20 (line 241)
                      ; - net.minecraft.world.level.chunk.LevelChunk::<init>@178 (line 156)
  0x00007122b56a91e0: c00f b6c0 

  0x00007122b56a91e4: ;   {poll}
  0x00007122b56a91e4: 4185 4500 | 483b d70f | 846e f2ff | ffff c141 | 23ca 3bce | 0f83 d219 | 0000 488b | 54cd 1048 
  0x00007122b56a9204: 85d2 75c8 | 3bce 0f83 | 8816 0000 | 4889 7ccd | 1041 8b58 | 3441 8b70 | 2485 f60f | 8437 0f00 
  0x00007122b56a9224: 0041 8b68 | 1441 8b54 | dc0c 3bea | 0f83 7617 | 0000 448b | d149 8d04 | dc48 8b7c | e810 4c33 
  0x00007122b56a9244: d745 8bd2 | 4c33 d74c | 8954 e810 | 4863 ed48 | c1e5 2041 | baff ffff | ff49 0bea | 3bca 0f83 
  0x00007122b56a9264: 7c17 0000 | 4889 6cc8 | 1041 8948 | 1441 8b48 | 1c44 8d56 | 0145 8950 | 243b f10f | 8cda f1ff 
  0x00007122b56a9284: ff4c 895c | 2420 498b | e9c4 c17a | 1040 284c | 8944 2428 | 83c6 0290 

  0x00007122b56a929c: ;   {static_call}
  0x00007122b56a929c: c5f8 77e8 

  0x00007122b56a92a0: ; ImmutableOopMap {rbp=Oop [32]=Oop [40]=Oop [48]=Oop }
                      ;*invokestatic arraySize {reexecute=0 rethrow=0 return_oop=0}
                      ; - it.unimi.dsi.fastutil.longs.LongLinkedOpenHashSet::add@218 (line 461)
                      ; - net.minecraft.server.level.ChunkMap::setChunkUnsaved@8 (line 212)
                      ; - net.minecraft.server.level.ChunkMap$$Lambda/0x00000000447547b0::setUnsaved@5
                      ; - net.minecraft.world.level.chunk.LevelChunk::markUnsaved@21 (line 182)
                      ; - net.minecraft.world.level.chunk.ChunkAccess::setAllReferences@20 (line 241)
                      ; - net.minecraft.world.level.chunk.LevelChunk::<init>@178 (line 156)
  0x00007122b56a92a0: 3c4a 40fe 

  0x00007122b56a92a4: ;   {post_call_nop}
  0x00007122b56a92a4: 0f1f 8400 | 9c23 0037 | 488b 7424 | 288b d090 

  0x00007122b56a92b4: ;   {optimized virtual_call}
  0x00007122b56a92b4: c5f8 77e8 

  0x00007122b56a92b8: ; ImmutableOopMap {rbp=Oop [32]=Oop [48]=Oop }
                      ;*invokevirtual rehash {reexecute=0 rethrow=0 return_oop=0}
                      ; - it.unimi.dsi.fastutil.longs.LongLinkedOpenHashSet::add@221 (line 461)
                      ; - net.minecraft.server.level.ChunkMap::setChunkUnsaved@8 (line 212)
                      ; - net.minecraft.server.level.ChunkMap$$Lambda/0x00000000447547b0::setUnsaved@5
                      ; - net.minecraft.world.level.chunk.LevelChunk::markUnsaved@21 (line 182)
                      ; - net.minecraft.world.level.chunk.ChunkAccess::setAllReferences@20 (line 241)
                      ; - net.minecraft.world.level.chunk.LevelChunk::<init>@178 (line 156)
  0x00007122b56a92b8: 2444 40fe 

  0x00007122b56a92bc: ;   {post_call_nop}
  0x00007122b56a92bc: 0f1f 8400 | b423 0038 | 4c8b cd4c | 8b5c 2420 | e98e f1ff | ff44 8b4b | 7044 8b5b | 1c47 8b54 
  0x00007122b56a92dc: ;   {metadata('net/minecraft/world/level/chunk/LevelChunk$$Lambda+0x0000000044862198')}
  0x00007122b56a92dc: cc08 4181 | fa98 2186 | 030f 84e2 

  0x00007122b56a92e8: ;   {metadata('net/minecraft/server/level/ChunkMap$$Lambda+0x00000000447547b0')}
  0x00007122b56a92e8: f6ff ff41 | 81fa b047 | 7503 0f85 | e014 0000 | 4f8d 14cc | 458b 520c 

  0x00007122b56a9300: ; implicit exception: dispatches to 0x00007122b56ab3bc
  0x00007122b56a9300: 478b 44d4 | 6c43 8b4c | dc0c 4f63 | 54dc 1049 | c1e2 2049 | 0bca 478b 

  0x00007122b56a9318: ;   {metadata('it/unimi/dsi/fastutil/longs/LongLinkedOpenHashSet')}
  0x00007122b56a9318: 5cc4 0841 | 81fb 0080 | 7303 0f85 | f014 0000 | 4f8d 14c4 | 4c89 5424 | 2848 85c9 | 0f84 8c11 
  0x00007122b56a9338: 0000 458b | 4a30 4c8b | d949 ba15 | 7c4a 7fb9 | 7937 9e4d | 0faf da4c | 8b54 2428 | 458b 520c 
  0x00007122b56a9358: 4d8b c349 | c1e8 204d | 33c3 4d8b | d849 c1eb | 104d 33d8 | 418b db41 | 23da 478b | 44cc 0c41 
  0x00007122b56a9378: 3bd8 0f83 | 3413 0000 | 4b8d 14cc | 488b 7cda | 1048 85ff | 7466 483b | f90f 8436 | f6ff ffff 
  0x00007122b56a9398: c341 23da | 413b d80f | 8393 1700 | 0048 8b44 | da10 4885 | c074 4590 | 483b c1be | ffff ffff 
  0x00007122b56a93b8: 7c08 400f | 95c6 400f | b6f6 498b | 6f30 4c8b | 5c24 3048 

  0x00007122b56a93cc: ; ImmutableOopMap {r11=Oop r9=NarrowOop rdi=Oop rdx=Oop [40]=Oop [48]=Oop }
                      ;*ifne {reexecute=1 rethrow=0 return_oop=0}
                      ; - (reexecute) it.unimi.dsi.fastutil.longs.LongLinkedOpenHashSet::add@91 (line 448)
                      ; - net.minecraft.server.level.ChunkMap::setChunkUnsaved@8 (line 212)
                      ; - net.minecraft.server.level.ChunkMap$$Lambda/0x00000000447547b0::setUnsaved@5
                      ; - net.minecraft.world.level.chunk.LevelChunk::markUnsaved@21 (line 182)
                      ; - net.minecraft.world.level.chunk.ChunkAccess::setLightCorrect@6 (line 401)
                      ; - net.minecraft.world.level.chunk.LevelChunk::<init>@291 (line 166)
  0x00007122b56a93cc: 8b7c 2428 

  0x00007122b56a93d0: ;   {poll}
  0x00007122b56a93d0: 8545 0048 | 3bc1 0f84 | f1f5 ffff | ffc3 4123 | da41 3bd8 | 0f83 2218 | 0000 488b | 44da 1048 
  0x00007122b56a93f0: 85c0 75bc | 413b d80f | 83d7 1400 | 0048 894c | da10 4c8b | 5424 2845 | 8b5a 3441 | 8b72 2485 
  0x00007122b56a9410: f60f 846d | 0d00 0045 | 8b4a 1447 | 8b54 dc0c | 453b ca0f | 83f3 1500 | 0049 63e9 | 4b8d 0cdc 
  0x00007122b56a9430: 4a8b 7cc9 | 1048 c1e5 | 2041 b8ff | ffff ff49 | 0be8 448b | c34c 33c7 | 458b c04c | 33c7 4e89 
  0x00007122b56a9450: 44c9 1041 | 3bda 0f83 | 1c16 0000 | 4889 6cd9 | 104c 8b54 | 2428 4189 | 5a14 4c8b | 5424 2845 
  0x00007122b56a9470: 8b52 1c44 | 8d46 014c | 8b5c 2428 | 4589 4324 | 413b f20f | 8c44 f5ff | ff4d 8bd3 | c4c1 7a10 
  0x00007122b56a9490: 4228 83c6 | 0248 8b6c | 2430 6690 

  0x00007122b56a949c: ;   {static_call}
  0x00007122b56a949c: c5f8 77e8 

  0x00007122b56a94a0: ; ImmutableOopMap {rbp=Oop [40]=Oop [48]=Oop }
                      ;*invokestatic arraySize {reexecute=0 rethrow=0 return_oop=0}
                      ; - it.unimi.dsi.fastutil.longs.LongLinkedOpenHashSet::add@218 (line 461)
                      ; - net.minecraft.server.level.ChunkMap::setChunkUnsaved@8 (line 212)
                      ; - net.minecraft.server.level.ChunkMap$$Lambda/0x00000000447547b0::setUnsaved@5
                      ; - net.minecraft.world.level.chunk.LevelChunk::markUnsaved@21 (line 182)
                      ; - net.minecraft.world.level.chunk.ChunkAccess::setLightCorrect@6 (line 401)
                      ; - net.minecraft.world.level.chunk.LevelChunk::<init>@291 (line 166)
  0x00007122b56a94a0: 3c48 40fe 

  0x00007122b56a94a4: ;   {post_call_nop}
  0x00007122b56a94a4: 0f1f 8400 | 9c25 003a | 4c8b 5c24 | 2849 8bf3 | 8bd0 6690 

  0x00007122b56a94b8: ;   {optimized virtual_call}
  0x00007122b56a94b8: c5f8 77e8 

  0x00007122b56a94bc: ; ImmutableOopMap {rbp=Oop [48]=Oop }
                      ;*invokevirtual rehash {reexecute=0 rethrow=0 return_oop=0}
                      ; - it.unimi.dsi.fastutil.longs.LongLinkedOpenHashSet::add@221 (line 461)
                      ; - net.minecraft.server.level.ChunkMap::setChunkUnsaved@8 (line 212)
                      ; - net.minecraft.server.level.ChunkMap$$Lambda/0x00000000447547b0::setUnsaved@5
                      ; - net.minecraft.world.level.chunk.LevelChunk::markUnsaved@21 (line 182)
                      ; - net.minecraft.world.level.chunk.ChunkAccess::setLightCorrect@6 (line 401)
                      ; - net.minecraft.world.level.chunk.LevelChunk::<init>@291 (line 166)
  0x00007122b56a94bc: 2042 40fe 

  0x00007122b56a94c0: ;   {post_call_nop}
  0x00007122b56a94c0: 0f1f 8400 | b825 003b | e900 f5ff | ff45 8b53 | 7041 8b4b | 1c47 8b5c 

  0x00007122b56a94d8: ;   {metadata('net/minecraft/world/level/chunk/LevelChunk$$Lambda+0x0000000044862198')}
  0x00007122b56a94d8: d408 4181 | fb98 2186 | 030f 8409 

  0x00007122b56a94e4: ;   {metadata('net/minecraft/server/level/ChunkMap$$Lambda+0x00000000447547b0')}
  0x00007122b56a94e4: f5ff ff41 | 81fb b047 | 7503 0f85 | 0813 0000 | 49c1 e203 | 458b 5a0c 

  0x00007122b56a94fc: ; implicit exception: dispatches to 0x00007122b56ab3d4
  0x00007122b56a94fc: 478b 5cdc | 6c45 8b4c | cc0c 4d63 | 54cc 1049 | c1e2 204d | 0bca 478b 

  0x00007122b56a9514: ;   {metadata('it/unimi/dsi/fastutil/longs/LongLinkedOpenHashSet')}
  0x00007122b56a9514: 54dc 0841 | 81fa 0080 | 7303 0f85 | 1813 0000 | 4f8d 14dc | 4c89 5424 | 204d 85c9 | 0f84 ac0f 
  0x00007122b56a9534: 0000 458b | 4230 4d8b | d949 ba15 | 7c4a 7fb9 | 7937 9e4d | 0faf da4c | 8b54 2420 | 418b 7a0c 
  0x00007122b56a9554: 4d8b d349 | c1ea 204d | 33d3 4d8b | da49 c1eb | 104d 33da | 418b cb23 | cf43 8b5c | c40c 3bcb 
  0x00007122b56a9574: 0f83 6e11 | 0000 4b8d | 34c4 4c8b | 5cce 104d | 85db 7466 | 4d3b d90f | 845f f4ff | ffff c123 
  0x00007122b56a9594: cf3b cb0f | 83cf 1500 | 0048 8b44 | ce10 4885 | c074 4766 | 0f1f 8400 | 0000 0000 | 493b c141 
  0x00007122b56a95b4: bbff ffff | ff7c 0841 | 0f95 c345 | 0fb6 db49 | 8b6f 304c 

  0x00007122b56a95c8: ; ImmutableOopMap {r10=Oop r8=NarrowOop rsi=Oop [32]=Oop }
                      ;*ifne {reexecute=1 rethrow=0 return_oop=0}
                      ; - (reexecute) it.unimi.dsi.fastutil.longs.LongLinkedOpenHashSet::add@91 (line 448)
                      ; - net.minecraft.server.level.ChunkMap::setChunkUnsaved@8 (line 212)
                      ; - net.minecraft.server.level.ChunkMap$$Lambda/0x00000000447547b0::setUnsaved@5
                      ; - net.minecraft.world.level.chunk.LevelChunk::markUnsaved@21 (line 182)
                      ; - net.minecraft.world.level.chunk.LevelChunk::<init>@295 (line 167)
  0x00007122b56a95c8: 8b54 2420 

  0x00007122b56a95cc: ;   {poll}
  0x00007122b56a95cc: 8545 0049 | 3bc1 0f84 | 18f4 ffff | ffc1 23cf | 3bcb 0f83 | 5816 0000 | 488b 44ce | 1048 85c0 
  0x00007122b56a95ec: 75c2 3bcb | 0f83 1213 | 0000 4c89 | 4cce 104c | 8b54 2420 | 458b 4234 | 418b 7224 | 85f6 0f84 
  0x00007122b56a960c: 9c0b 0000 | 418b 7a14 

  0x00007122b56a9614: ; implicit exception: dispatches to 0x00007122b56ab4c4
  0x00007122b56a9614: 478b 54c4 | 0c41 3bfa | 0f83 2e14 | 0000 4863 | ef4b 8d1c | c448 8b54 | fb10 48c1 | e520 41bb 
  0x00007122b56a9634: ffff ffff | 490b eb44 | 8bd9 4c33 | da45 8bdb | 4c33 da4c | 895c fb10 | 413b ca0f | 834b 1400 
  0x00007122b56a9654: 0048 896c | cb10 4c8b | 5424 2041 | 894a 144c | 8b54 2420 | 458b 5a1c | 448d 5601 | 4c8b 4424 
  0x00007122b56a9674: 2045 8950 | 2441 3bf3 | 0f8c 6ef3 | ffff 4d8b | d0c4 c17a | 1042 2883 | c602 498b | ea66 6690 
  0x00007122b56a9694: ;   {static_call}
  0x00007122b56a9694: c5f8 77e8 

  0x00007122b56a9698: ; ImmutableOopMap {rbp=Oop }
                      ;*invokestatic arraySize {reexecute=0 rethrow=0 return_oop=0}
                      ; - it.unimi.dsi.fastutil.longs.LongLinkedOpenHashSet::add@218 (line 461)
                      ; - net.minecraft.server.level.ChunkMap::setChunkUnsaved@8 (line 212)
                      ; - net.minecraft.server.level.ChunkMap$$Lambda/0x00000000447547b0::setUnsaved@5
                      ; - net.minecraft.world.level.chunk.LevelChunk::markUnsaved@21 (line 182)
                      ; - net.minecraft.world.level.chunk.LevelChunk::<init>@295 (line 167)
  0x00007122b56a9698: 4446 40fe 

  0x00007122b56a969c: ;   {post_call_nop}
  0x00007122b56a969c: 0f1f 8400 | 9427 003d | 488b f58b | d066 6690 

  0x00007122b56a96ac: ;   {optimized virtual_call}
  0x00007122b56a96ac: c5f8 77e8 

  0x00007122b56a96b0: ; ImmutableOopMap {}
                      ;*invokevirtual rehash {reexecute=0 rethrow=0 return_oop=0}
                      ; - it.unimi.dsi.fastutil.longs.LongLinkedOpenHashSet::add@221 (line 461)
                      ; - net.minecraft.server.level.ChunkMap::setChunkUnsaved@8 (line 212)
                      ; - net.minecraft.server.level.ChunkMap$$Lambda/0x00000000447547b0::setUnsaved@5
                      ; - net.minecraft.world.level.chunk.LevelChunk::markUnsaved@21 (line 182)
                      ; - net.minecraft.world.level.chunk.LevelChunk::<init>@295 (line 167)
  0x00007122b56a96b0: 2c40 40fe 

  0x00007122b56a96b4: ;   {post_call_nop}
  0x00007122b56a96b4: 0f1f 8400 | ac27 003e | e92f f3ff | ff44 8b5c | 2424 448b | 5424 584c | 8b44 2438 | 4c8b 4c24 
  0x00007122b56a96d4: 284c 894c | 2448 448b | 4c24 4041 | 8bd2 418b | fb8b 5c24 | 4448 8bf5 | 418b c3e9 | 7ee5 ffff 
  0x00007122b56a96f4: bd01 0000 | 00e9 e9dd | ffff 4183 | fa20 0f85 | 3be1 ffff | 483b f00f | 84ee e6ff | ff48 8b9e 
  0x00007122b56a9714: a800 0000 | 488b d38a | 88b0 0000 | 0083 f13f | 48d3 e248 | 85d2 0f89 | 6600 0000 | f348 0fb8 
  0x00007122b56a9734: d24c 8b5e | 2849 3b04 | d374 608a | 88b0 0000 | 0048 d3cb | 480f bae3 | 0173 4741 | 8b3b 4983 
  0x00007122b56a9754: c308 83ff | 3e0f 8f24 | 0000 0033 | c93b d70f | 4dd1 493b | 04d3 0f84 | 2f00 0000 | 480f bae3 
  0x00007122b56a9774: 020f 831b | 0000 0048 | d1cb 83c2 | 01eb de33 | d249 3b04 | d30f 8410 | 0000 0083 | c201 3bd7 
  0x00007122b56a9794: 7cef 48c7 | c701 0000 | 00eb 0348 | 33ff 4885 | ff0f 8454 | e6ff ffe9 | 93e0 ffff 

  0x00007122b56a97b0: ;   {other}
  0x00007122b56a97b0: 498b e94c | 895c 2428 | 4889 5c24 | 3848 897c | 2440 e9fd | e8ff ff49 | 8be9 4c89 | 5c24 284c 
  0x00007122b56a97d0: 8944 2448 | 4c8b d9e9 | d1eb ffff | 33d2 e946 | e1ff ff44 | 3bc2 0f8f | c400 0000 | e9d7 e7ff 
  0x00007122b56a97f0: ff44 3bd7 | 0f8f 3701 | 0000 e9c2 | eaff ff49 | 8bf0 c5f8 | 7748 b8d0 | 3f33 6922 

  0x00007122b56a980c: ;   {virtual_call}
  0x00007122b56a980c: 7100 00e8 

  0x00007122b56a9810: ; ImmutableOopMap {rbp=Oop [32]=Oop [40]=Oop [48]=Oop [56]=Oop [64]=Oop [72]=Oop }
                      ;*invokevirtual hashCode {reexecute=0 rethrow=0 return_oop=0}
                      ; - java.util.HashMap::hash@9 (line 338)
                      ; - java.util.HashMap::putMapEntries@153 (line 523)
                      ; - java.util.HashMap::putAll@3 (line 792)
                      ; - net.minecraft.world.level.chunk.ChunkAccess::setAllStarts@14 (line 217)
                      ; - net.minecraft.world.level.chunk.LevelChunk::<init>@170 (line 155)
  0x00007122b56a9810: cc41 40fe 

  0x00007122b56a9814: ;   {post_call_nop}
  0x00007122b56a9814: 0f1f 8400 | 0c29 003f | 4c8b 4424 | 48e9 62f3 | ffff 498b | f090 c5f8 | 7748 b8f8 | 3f33 6922 
  0x00007122b56a9834: ;   {virtual_call}
  0x00007122b56a9834: 7100 00e8 

  0x00007122b56a9838: ; ImmutableOopMap {rbp=Oop [32]=Oop [40]=Oop [48]=Oop [56]=Oop [64]=Oop [72]=Oop }
                      ;*invokevirtual hashCode {reexecute=0 rethrow=0 return_oop=0}
                      ; - java.util.HashMap::hash@9 (line 338)
                      ; - java.util.HashMap::putMapEntries@153 (line 523)
                      ; - java.util.HashMap::putAll@3 (line 792)
                      ; - net.minecraft.world.level.chunk.ChunkAccess::setAllReferences@14 (line 240)
                      ; - net.minecraft.world.level.chunk.LevelChunk::<init>@178 (line 156)
  0x00007122b56a9838: a441 40fe 

  0x00007122b56a983c: ;   {post_call_nop}
  0x00007122b56a983c: 0f1f 8400 | 3429 0040 | 4c8b 4424 | 40e9 0af5 

  0x00007122b56a984c: ;   {oop(a 'java/lang/Class'{0x000000061c8cee30} = 'java/lang/Enum')}
  0x00007122b56a984c: ffff 4181 | fac6 9d91 | c30f 84a8 | f0ff ffbe | 6d00 0000 | 488b 6c24 | 304c 8b54 | 2428 4c89 
  0x00007122b56a986c: 5424 2044 | 8b5c 2460 | 4489 5c24 | 3848 8944 | 2460 4c89 | 4c24 7090 

  0x00007122b56a9884: ;   {runtime_call UncommonTrapBlob}
  0x00007122b56a9884: c5f8 77e8 

  0x00007122b56a9888: ; ImmutableOopMap {rbp=Oop [32]=Oop [56]=NarrowOop [64]=Oop [88]=Oop [96]=Oop [104]=Oop [112]=Oop }
                      ;*new {reexecute=0 rethrow=0 return_oop=0}
                      ; - java.util.EnumMap::typeCheck@24 (line 742)
                      ; - java.util.EnumMap::put@2 (line 268)
                      ; - java.util.EnumMap::put@6 (line 81)
                      ; - java.util.Map::computeIfAbsent@34 (line 1068)
                      ; - net.minecraft.world.level.chunk.ChunkAccess::getOrCreateHeightmapUnprimed@11 (line 175)
                      ; - net.minecraft.world.level.chunk.ChunkAccess::setHeightmap@2 (line 171)
                      ; - net.minecraft.world.level.chunk.LevelChunk::<init>@272 (line 161)
  0x00007122b56a9888: d449 4dfe 

  0x00007122b56a988c: ;   {post_call_nop}
  0x00007122b56a988c: 0f1f 8400 | 8429 0041 | 660f 1f44 | 0000 660f | 1f44 0000 | 8b7b 144c | 8bcd 4c8b | 5c24 2048 
  0x00007122b56a98ac: 8b4c 2428 

  0x00007122b56a98b0: ; implicit exception: dispatches to 0x00007122b56ab2cc
  0x00007122b56a98b0: 418b 7cfc | 0c81 ff00 | 0000 400f | 8d07 e7ff | ff44 8944 | 2440 4889 | 5c24 3848 | 894c 2428 
  0x00007122b56a98d0: 4c89 5c24 | 2049 8be9 | 488b f390 

  0x00007122b56a98dc: ;   {optimized virtual_call}
  0x00007122b56a98dc: c5f8 77e8 

  0x00007122b56a98e0: ; ImmutableOopMap {rbp=Oop [32]=Oop [40]=Oop [48]=Oop [56]=Oop }
                      ;*invokevirtual resize {reexecute=0 rethrow=0 return_oop=1}
                      ; - java.util.HashMap::putMapEntries@90 (line 517)
                      ; - java.util.HashMap::putAll@3 (line 792)
                      ; - net.minecraft.world.level.chunk.ChunkAccess::setAllStarts@14 (line 217)
                      ; - net.minecraft.world.level.chunk.LevelChunk::<init>@170 (line 155)
  0x00007122b56a98e0: fc3d 40fe 

  0x00007122b56a98e4: ;   {post_call_nop}
  0x00007122b56a98e4: 0f1f 8400 | dc29 0042 

  0x00007122b56a98ec: ; ImmutableOopMap {rbp=Oop [32]=Oop [40]=Oop [48]=Oop [56]=Oop }
                      ;*goto {reexecute=1 rethrow=0 return_oop=0}
                      ; - (reexecute) java.util.HashMap::putMapEntries@94 (line 517)
                      ; - java.util.HashMap::putAll@3 (line 792)
                      ; - net.minecraft.world.level.chunk.ChunkAccess::setAllStarts@14 (line 217)
                      ; - net.minecraft.world.level.chunk.LevelChunk::<init>@170 (line 155)
  0x00007122b56a98ec: 4d8b 5730 

  0x00007122b56a98f0: ;   {poll}
  0x00007122b56a98f0: 4185 0248 | 8b5c 2438 | 448b 5324 | 448b 4424 | 4045 3bc2 | 7f9a 4c8b | cd4c 8b5c | 2420 488b 
  0x00007122b56a9910: 4c24 28e9 | b0e6 ffff | 0f1f 8400 | 0000 0000 | 418b 5014 | 4c8b cd4c | 8b5c 2420 | 488b 5c24 
  0x00007122b56a9930: 2841 8b7c | d40c 81ff | 0000 0040 | 0f8d 7fe9 | ffff 4489 | 5424 404c | 8944 2438 | 4889 5c24 
  0x00007122b56a9950: 284c 895c | 2420 498b | e949 8bf0 

  0x00007122b56a995c: ;   {optimized virtual_call}
  0x00007122b56a995c: c5f8 77e8 

  0x00007122b56a9960: ; ImmutableOopMap {rbp=Oop [32]=Oop [40]=Oop [48]=Oop [56]=Oop }
                      ;*invokevirtual resize {reexecute=0 rethrow=0 return_oop=1}
                      ; - java.util.HashMap::putMapEntries@90 (line 517)
                      ; - java.util.HashMap::putAll@3 (line 792)
                      ; - net.minecraft.world.level.chunk.ChunkAccess::setAllReferences@14 (line 240)
                      ; - net.minecraft.world.level.chunk.LevelChunk::<init>@178 (line 156)
  0x00007122b56a9960: 7c3d 40fe 

  0x00007122b56a9964: ;   {post_call_nop}
  0x00007122b56a9964: 0f1f 8400 | 5c2a 0044 

  0x00007122b56a996c: ; ImmutableOopMap {rbp=Oop [32]=Oop [40]=Oop [48]=Oop [56]=Oop }
                      ;*goto {reexecute=1 rethrow=0 return_oop=0}
                      ; - (reexecute) java.util.HashMap::putMapEntries@94 (line 517)
                      ; - java.util.HashMap::putAll@3 (line 792)
                      ; - net.minecraft.world.level.chunk.ChunkAccess::setAllReferences@14 (line 240)
                      ; - net.minecraft.world.level.chunk.LevelChunk::<init>@178 (line 156)
  0x00007122b56a996c: 4d8b 5730 

  0x00007122b56a9970: ;   {poll}
  0x00007122b56a9970: 4185 024c | 8b44 2438 | 458b 5824 | 448b 5424 | 4045 3bd3 | 7f9a 4c8b | cd4c 8b5c | 2420 488b 
  0x00007122b56a9990: 5c24 28e9 | 29e9 ffff | bd01 0000 | 00e9 23e6 | ffff bd01 | 0000 00e9 | 11e9 ffff | 4c8b 5424 
  0x00007122b56a99b0: 484c 8954 

  0x00007122b56a99b4: ;   {metadata('java/util/HashMap$KeySet')}
  0x00007122b56a99b4: 2420 48be | a8bd 5741 | 0000 0000 

  0x00007122b56a99c0: ;   {runtime_call C2 Runtime new_instance}
  0x00007122b56a99c0: c5f8 77e8 

  0x00007122b56a99c4: ; ImmutableOopMap {rbp=Oop [32]=Oop [48]=Oop [56]=Oop [72]=Oop }
                      ;*new {reexecute=0 rethrow=0 return_oop=1}
                      ; - java.util.HashMap::keySet@9 (line 915)
                      ; - net.minecraft.world.level.chunk.LevelChunk::<init>@38 (line 141)
  0x00007122b56a99c4: 18bb 4dfe 

  0x00007122b56a99c8: ;   {post_call_nop}
  0x00007122b56a99c8: 0f1f 8400 | c02a 0046 | e9d3 d7ff 

  0x00007122b56a99d4: ;   {metadata('it/unimi/dsi/fastutil/objects/Object2ObjectOpenHashMap$1')}
  0x00007122b56a99d4: ff48 be30 | 2943 4300 | 0000 0090 

  0x00007122b56a99e0: ;   {runtime_call C2 Runtime new_instance}
  0x00007122b56a99e0: c5f8 77e8 

  0x00007122b56a99e4: ; ImmutableOopMap {rbp=Oop [48]=Oop [56]=Oop [72]=Oop }
                      ;*new {reexecute=0 rethrow=0 return_oop=1}
                      ; - it.unimi.dsi.fastutil.objects.Object2ObjectOpenHashMap::values@8 (line 1190)
                      ; - it.unimi.dsi.fastutil.objects.Object2ObjectOpenHashMap::values@1 (line 51)
                      ; - net.minecraft.world.level.chunk.LevelChunk::<init>@76 (line 145)
  0x00007122b56a99e4: f8ba 4dfe 

  0x00007122b56a99e8: ;   {post_call_nop}
  0x00007122b56a99e8: 0f1f 8400 | e02a 0047 | 4c8b c8e9 | 91d9 ffff | 33d2 e990 | f1ff ff33 | d2e9 59f3 

  0x00007122b56a9a04: ;   {oop(a 'java/lang/Class'{0x000000061c8cee30} = 'java/lang/Enum')}
  0x00007122b56a9a04: ffff 4181 | fbc6 9d91 | c30f 8476 | eeff ffbe | 45ff ffff | 488b 6c24 | 304c 8b54 | 2428 4c89 
  0x00007122b56a9a24: 5424 2044 | 8b54 2460 | 4489 5424 | 484c 8944 | 2450 6690 

  0x00007122b56a9a38: ;   {runtime_call UncommonTrapBlob}
  0x00007122b56a9a38: c5f8 77e8 

  0x00007122b56a9a3c: ; ImmutableOopMap {rbp=Oop [32]=Oop [64]=Oop [72]=NarrowOop [80]=Oop [88]=Oop [104]=Oop }
                      ;*ifeq {reexecute=1 rethrow=0 return_oop=0}
                      ; - (reexecute) java.util.EnumMap::get@5 (line 247)
                      ; - java.util.Map::computeIfAbsent@7 (line 1065)
                      ; - net.minecraft.world.level.chunk.ChunkAccess::getOrCreateHeightmapUnprimed@11 (line 175)
                      ; - net.minecraft.world.level.chunk.ChunkAccess::setHeightmap@2 (line 171)
                      ; - net.minecraft.world.level.chunk.LevelChunk::<init>@272 (line 161)
  0x00007122b56a9a3c: 2048 4dfe 

  0x00007122b56a9a40: ;   {post_call_nop}
  0x00007122b56a9a40: 0f1f 8400 | 382b 0048 | 4c8b 5424 | 484c 8954 

  0x00007122b56a9a50: ;   {metadata('it/unimi/dsi/fastutil/objects/Object2ObjectOpenHashMap$KeySet')}
  0x00007122b56a9a50: 2420 48be | 38af 9844 | 0000 0000 

  0x00007122b56a9a5c: ;   {runtime_call C2 Runtime new_instance}
  0x00007122b56a9a5c: c5f8 77e8 

  0x00007122b56a9a60: ; ImmutableOopMap {rbp=Oop [32]=Oop [48]=Oop [56]=Oop [64]=Oop [72]=Oop }
                      ;*new {reexecute=0 rethrow=0 return_oop=1}
                      ; - it.unimi.dsi.fastutil.objects.Object2ObjectOpenHashMap::keySet@8 (line 1131)
                      ; - it.unimi.dsi.fastutil.objects.Object2ObjectOpenHashMap::keySet@1 (line 51)
                      ; - net.minecraft.world.level.chunk.LevelChunk::<init>@47 (line 141)
  0x00007122b56a9a60: 7cba 4dfe 

  0x00007122b56a9a64: ;   {post_call_nop}
  0x00007122b56a9a64: 0f1f 8400 | 5c2b 0049 | e93d e1ff | ffbe 45ff | ffff 488b | 6c24 3890 

  0x00007122b56a9a7c: ;   {runtime_call UncommonTrapBlob}
  0x00007122b56a9a7c: c5f8 77e8 

  0x00007122b56a9a80: ; ImmutableOopMap {rbp=Oop [48]=Oop [72]=Oop }
                      ;*ifne {reexecute=1 rethrow=0 return_oop=0}
                      ; - (reexecute) net.minecraft.world.level.chunk.LevelChunk::<init>@55 (line 141)
  0x00007122b56a9a80: dc47 4dfe 

  0x00007122b56a9a84: ;   {post_call_nop}
  0x00007122b56a9a84: 0f1f 8400 | 7c2b 004a | 498b 87c8 | 0100 004c | 8bd0 4983 | c210 4d3b | 97d8 0100 | 000f 836d 
  0x00007122b56a9aa4: 0b00 004d | 8997 c801 | 0000 410f | 1882 0001 | 0000 48c7 | 0001 0000 

  0x00007122b56a9abc: ;   {metadata('java/util/EnumMap$EntrySet')}
  0x00007122b56a9abc: 00c7 4008 | 9895 6200 | 4c8b dd49 | c1eb 0344 | 8958 0c48 | 8bc8 4c8d | 4520 4180 | 7f48 000f 
  0x00007122b56a9adc: 85ed 2700 | 004c 8bd9 | 49c1 eb03 | 4589 184d | 8bd0 4c33 | d149 c1ea | 160f 841e | 0000 004d 
  0x00007122b56a9afc: 8bd0 49c1 | ea09 49bb | 0090 1dc1 | 2271 0000 | 4d03 d341 | 803a 020f | 8520 2800 | 00e9 b8e9 
  0x00007122b56a9b1c: ffff 488b | e94c 894c 

  0x00007122b56a9b24: ;   {metadata('java/util/Collections$UnmodifiableSet')}
  0x00007122b56a9b24: 2428 48be | 20e5 5a41 | 0000 0000 

  0x00007122b56a9b30: ;   {runtime_call C2 Runtime new_instance}
  0x00007122b56a9b30: c5f8 77e8 

  0x00007122b56a9b34: ; ImmutableOopMap {rbp=Oop [40]=Oop [48]=Oop }
                      ;*new {reexecute=0 rethrow=0 return_oop=1}
                      ; - java.util.Collections::unmodifiableSet@13 (line 1242)
                      ; - net.minecraft.world.level.chunk.ChunkAccess::getHeightmaps@9 (line 167)
                      ; - net.minecraft.world.level.chunk.LevelChunk::<init>@197 (line 159)
  0x00007122b56a9b34: a8b9 4dfe 

  0x00007122b56a9b38: ;   {post_call_nop}
  0x00007122b56a9b38: 0f1f 8400 | 302c 004b | 4c8b d8e9 | e4e9 ffff | 4889 5c24 | 3848 894c | 2428 4c89 | 5c24 2049 
  0x00007122b56a9b58: ;   {metadata('java/util/Collections$UnmodifiableMap$UnmodifiableEntrySet')}
  0x00007122b56a9b58: 8be9 48be | 600c 5c41 | 0000 0000 

  0x00007122b56a9b64: ;   {runtime_call C2 Runtime new_instance}
  0x00007122b56a9b64: c5f8 77e8 

  0x00007122b56a9b68: ; ImmutableOopMap {rbp=Oop [32]=Oop [40]=Oop [48]=Oop [56]=Oop }
                      ;*new {reexecute=0 rethrow=0 return_oop=1}
                      ; - java.util.Collections$UnmodifiableMap::entrySet@8 (line 1688)
                      ; - java.util.HashMap::putMapEntries@98 (line 520)
                      ; - java.util.HashMap::putAll@3 (line 792)
                      ; - net.minecraft.world.level.chunk.ChunkAccess::setAllStarts@14 (line 217)
                      ; - net.minecraft.world.level.chunk.LevelChunk::<init>@170 (line 155)
  0x00007122b56a9b68: 74b9 4dfe 

  0x00007122b56a9b6c: ;   {post_call_nop}
  0x00007122b56a9b6c: 0f1f 8400 | 642c 004c | 4c8b cd4c | 8b5c 2420 | 488b 4c24 | 2848 8b5c | 2438 488b | f8e9 76e4 
  0x00007122b56a9b8c: ffff 4c89 | 4424 3848 | 895c 2428 | 4c89 5c24 | 2049 8be9 

  0x00007122b56a9ba0: ;   {metadata('java/util/Collections$UnmodifiableMap$UnmodifiableEntrySet')}
  0x00007122b56a9ba0: 48be 600c | 5c41 0000 | 0000 6690 

  0x00007122b56a9bac: ;   {runtime_call C2 Runtime new_instance}
  0x00007122b56a9bac: c5f8 77e8 

  0x00007122b56a9bb0: ; ImmutableOopMap {rbp=Oop [32]=Oop [40]=Oop [48]=Oop [56]=Oop }
                      ;*new {reexecute=0 rethrow=0 return_oop=1}
                      ; - java.util.Collections$UnmodifiableMap::entrySet@8 (line 1688)
                      ; - java.util.HashMap::putMapEntries@98 (line 520)
                      ; - java.util.HashMap::putAll@3 (line 792)
                      ; - net.minecraft.world.level.chunk.ChunkAccess::setAllReferences@14 (line 240)
                      ; - net.minecraft.world.level.chunk.LevelChunk::<init>@178 (line 156)
  0x00007122b56a9bb0: 2cb9 4dfe 

  0x00007122b56a9bb4: ;   {post_call_nop}
  0x00007122b56a9bb4: 0f1f 8400 | ac2c 004d | 4c8b cd4c | 8b5c 2420 | 488b 5c24 | 284c 8b44 | 2438 488b | c8e9 27e7 
  0x00007122b56a9bd4: ffff 4889 | 7c24 4048 | 895c 2438 | 4889 4c24 | 204c 895c | 2428 498b 

  0x00007122b56a9bec: ;   {metadata('java/util/HashMap$EntrySet')}
  0x00007122b56a9bec: e948 be00 | cf57 4100 | 0000 0090 

  0x00007122b56a9bf8: ;   {runtime_call C2 Runtime new_instance}
  0x00007122b56a9bf8: c5f8 77e8 

  0x00007122b56a9bfc: ; ImmutableOopMap {rbp=Oop [32]=Oop [40]=Oop [48]=Oop [56]=Oop [64]=Oop }
                      ;*new {reexecute=0 rethrow=0 return_oop=1}
                      ; - java.util.HashMap::entrySet@10 (line 1100)
                      ; - java.util.Collections$UnmodifiableMap::entrySet@16 (line 1688)
                      ; - java.util.HashMap::putMapEntries@98 (line 520)
                      ; - java.util.HashMap::putAll@3 (line 792)
                      ; - net.minecraft.world.level.chunk.ChunkAccess::setAllStarts@14 (line 217)
                      ; - net.minecraft.world.level.chunk.LevelChunk::<init>@170 (line 155)
  0x00007122b56a9bfc: e0b8 4dfe 

  0x00007122b56a9c00: ;   {post_call_nop}
  0x00007122b56a9c00: 0f1f 8400 | f82c 004e | e957 e4ff | ff48 894c | 2440 4c89 | 4424 3848 | 895c 2428 | 4c89 5c24 
  0x00007122b56a9c20: 2049 8be9 

  0x00007122b56a9c24: ;   {metadata('java/util/HashMap$EntrySet')}
  0x00007122b56a9c24: 48be 00cf | 5741 0000 | 0000 6690 

  0x00007122b56a9c30: ;   {runtime_call C2 Runtime new_instance}
  0x00007122b56a9c30: c5f8 77e8 

  0x00007122b56a9c34: ; ImmutableOopMap {rbp=Oop [32]=Oop [40]=Oop [48]=Oop [56]=Oop [64]=Oop }
                      ;*new {reexecute=0 rethrow=0 return_oop=1}
                      ; - java.util.HashMap::entrySet@10 (line 1100)
                      ; - java.util.Collections$UnmodifiableMap::entrySet@16 (line 1688)
                      ; - java.util.HashMap::putMapEntries@98 (line 520)
                      ; - java.util.HashMap::putAll@3 (line 792)
                      ; - net.minecraft.world.level.chunk.ChunkAccess::setAllReferences@14 (line 240)
                      ; - net.minecraft.world.level.chunk.LevelChunk::<init>@178 (line 156)
  0x00007122b56a9c34: a8b8 4dfe 

  0x00007122b56a9c38: ;   {post_call_nop}
  0x00007122b56a9c38: 0f1f 8400 | 302d 004f | 4c8b cd4c | 8b5c 2420 | 488b 5c24 | 284c 8b44 | 2438 488b | 4c24 40e9 
  0x00007122b56a9c58: eae6 ffff | bede ffff | ff48 8b6c | 2438 4889 | 4c24 4890 

  0x00007122b56a9c6c: ;   {runtime_call UncommonTrapBlob}
  0x00007122b56a9c6c: c5f8 77e8 

  0x00007122b56a9c70: ; ImmutableOopMap {rbp=Oop [48]=Oop [64]=Oop [72]=Oop }
                      ;*invokevirtual getPos {reexecute=0 rethrow=0 return_oop=0}
                      ; - net.minecraft.world.level.chunk.LevelChunk::<init>@3 (line 132)
  0x00007122b56a9c70: ec45 4dfe 

  0x00007122b56a9c74: ;   {post_call_nop}
  0x00007122b56a9c74: 0f1f 8400 | 6c2d 0050 | bede ffff | ff4c 8b54 | 2430 4c89 | 5424 2890 

  0x00007122b56a9c8c: ;   {runtime_call UncommonTrapBlob}
  0x00007122b56a9c8c: c5f8 77e8 

  0x00007122b56a9c90: ; ImmutableOopMap {rbp=NarrowOop [40]=Oop [56]=Oop [72]=Oop }
                      ;*invokeinterface keySet {reexecute=0 rethrow=0 return_oop=0}
                      ; - net.minecraft.world.level.chunk.LevelChunk::<init>@38 (line 141)
  0x00007122b56a9c90: cc45 4dfe 

  0x00007122b56a9c94: ;   {post_call_nop}
  0x00007122b56a9c94: 0f1f 8400 | 8c2d 0051 | bede ffff | ff4c 8b54 | 2438 4c89 | 5424 204c | 8b54 2430 | 4c89 5424 
  0x00007122b56a9cb4: 2866 6690 

  0x00007122b56a9cb8: ;   {runtime_call UncommonTrapBlob}
  0x00007122b56a9cb8: c5f8 77e8 

  0x00007122b56a9cbc: ; ImmutableOopMap {rbp=NarrowOop [32]=Oop [40]=Oop [64]=Oop [72]=Oop }
                      ;*invokeinterface keySet {reexecute=0 rethrow=0 return_oop=0}
                      ; - net.minecraft.world.level.chunk.LevelChunk::<init>@47 (line 141)
  0x00007122b56a9cbc: a045 4dfe 

  0x00007122b56a9cc0: ;   {post_call_nop}
  0x00007122b56a9cc0: 0f1f 8400 | b82d 0052 | bede ffff | ff4c 8b54 | 2430 4c89 | 5424 2890 

  0x00007122b56a9cd8: ;   {runtime_call UncommonTrapBlob}
  0x00007122b56a9cd8: c5f8 77e8 

  0x00007122b56a9cdc: ; ImmutableOopMap {rbp=NarrowOop [40]=Oop [56]=Oop [72]=Oop }
                      ;*invokeinterface values {reexecute=0 rethrow=0 return_oop=0}
                      ; - net.minecraft.world.level.chunk.LevelChunk::<init>@76 (line 145)
  0x00007122b56a9cdc: 8045 4dfe 

  0x00007122b56a9ce0: ;   {post_call_nop}
  0x00007122b56a9ce0: 0f1f 8400 | d82d 0053 | bede ffff | ff48 8b6c | 2438 4c8b | 5424 304c | 8954 2420 | 4c89 4c24 
  0x00007122b56a9d00: 3066 6690 

  0x00007122b56a9d04: ;   {runtime_call UncommonTrapBlob}
  0x00007122b56a9d04: c5f8 77e8 

  0x00007122b56a9d08: ; ImmutableOopMap {rbp=Oop [32]=Oop [48]=Oop [72]=Oop }
                      ;*invokeinterface iterator {reexecute=0 rethrow=0 return_oop=0}
                      ; - net.minecraft.world.level.chunk.LevelChunk::<init>@81 (line 145)
  0x00007122b56a9d08: 5445 4dfe 

  0x00007122b56a9d0c: ;   {post_call_nop}
  0x00007122b56a9d0c: 0f1f 8400 | 042e 0054 | bede ffff | ff4c 8b54 | 2438 4c89 | 5424 204c | 8b54 2430 | 4c89 5424 
  0x00007122b56a9d2c: 2848 8944 | 2438 6690 

  0x00007122b56a9d34: ;   {runtime_call UncommonTrapBlob}
  0x00007122b56a9d34: c5f8 77e8 

  0x00007122b56a9d38: ; ImmutableOopMap {rbp=NarrowOop [32]=Oop [40]=Oop [56]=Oop [72]=Oop }
                      ;*invokeinterface putAll {reexecute=0 rethrow=0 return_oop=0}
                      ; - net.minecraft.world.level.chunk.LevelChunk::<init>@127 (line 149)
  0x00007122b56a9d38: 2445 4dfe 

  0x00007122b56a9d3c: ;   {post_call_nop}
  0x00007122b56a9d3c: 0f1f 8400 | 342e 0055 | 4533 d2be | e4ff ffff | 488b e94c | 8b44 2430 | 4c89 4424 | 204c 895c 
  0x00007122b56a9d5c: 2428 897c | 2434 4489 | 5424 3889 | 5c24 3c44 | 8954 2440 

  0x00007122b56a9d70: ;   {runtime_call UncommonTrapBlob}
  0x00007122b56a9d70: c5f8 77e8 

  0x00007122b56a9d74: ; ImmutableOopMap {rbp=Oop [32]=Oop [40]=Oop [52]=NarrowOop [60]=NarrowOop }
                      ;*aaload {reexecute=0 rethrow=0 return_oop=0}
                      ; - net.minecraft.world.level.chunk.LevelChunk::<init>@157 (line 152)
  0x00007122b56a9d74: e844 4dfe 

  0x00007122b56a9d78: ;   {post_call_nop}
  0x00007122b56a9d78: 0f1f 8400 | 702e 0056 | 4533 d2be | e4ff ffff | 4889 4c24 | 204c 8b44 | 2430 4c89 | 4424 284c 
  0x00007122b56a9d98: 895c 2430 | 897c 243c | 4489 5424 | 4066 6690 

  0x00007122b56a9da8: ;   {runtime_call UncommonTrapBlob}
  0x00007122b56a9da8: c5f8 77e8 

  0x00007122b56a9dac: ; ImmutableOopMap {rbp=NarrowOop [32]=Oop [40]=Oop [48]=Oop [60]=NarrowOop }
                      ;*aastore {reexecute=1 rethrow=0 return_oop=0}
                      ; - (reexecute) net.minecraft.world.level.chunk.LevelChunk::<init>@158 (line 152)
  0x00007122b56a9dac: b044 4dfe 

  0x00007122b56a9db0: ;   {post_call_nop}
  0x00007122b56a9db0: 0f1f 8400 | a82e 0057 | b901 0000 | 00e9 f0df | ffff bee4 | ffff ff4c | 8b4c 2430 | 4c89 4c24 
  0x00007122b56a9dd0: 2048 8944 | 2430 4489 | 4424 3844 | 8954 243c | 4c8b 5424 | 484c 8954 | 2440 6690 

  0x00007122b56a9dec: ;   {runtime_call UncommonTrapBlob}
  0x00007122b56a9dec: c5f8 77e8 

  0x00007122b56a9df0: ; ImmutableOopMap {rbp=NarrowOop [32]=Oop [40]=Oop [48]=Oop [56]=NarrowOop [64]=Oop [80]=Oop }
                      ;*aaload {reexecute=0 rethrow=0 return_oop=0}
                      ; - java.util.EnumMap$EntryIterator$Entry::getKey@18 (line 589)
                      ; - java.util.EnumMap$EntryIterator$Entry::getKey@1 (line 580)
                      ; - net.minecraft.world.level.chunk.LevelChunk::<init>@237 (line 160)
  0x00007122b56a9df0: 6c44 4dfe 

  0x00007122b56a9df4: ;   {post_call_nop}
  0x00007122b56a9df4: 0f1f 8400 | ec2e 0058 | bee4 ffff | ff44 894c | 2440 4489 | 5424 4490 

  0x00007122b56a9e0c: ;   {runtime_call UncommonTrapBlob}
  0x00007122b56a9e0c: c5f8 77e8 

  0x00007122b56a9e10: ; ImmutableOopMap {rbp=NarrowOop [40]=Oop [48]=Oop [64]=NarrowOop [72]=Oop [80]=Oop [88]=Oop }
                      ;*aaload {reexecute=0 rethrow=0 return_oop=0}
                      ; - java.util.EnumMap$EntryIterator$Entry::getValue@25 (line 594)
                      ; - net.minecraft.world.level.chunk.LevelChunk::<init>@261 (line 161)
  0x00007122b56a9e10: 4c44 4dfe 

  0x00007122b56a9e14: ;   {post_call_nop}
  0x00007122b56a9e14: 0f1f 8400 | 0c2f 0059 | bef4 ffff | ff48 8b6c | 2430 4c8b | 5424 284c | 8954 2420 

  0x00007122b56a9e30: ;   {runtime_call UncommonTrapBlob}
  0x00007122b56a9e30: c5f8 77e8 

  0x00007122b56a9e34: ; ImmutableOopMap {rbp=Oop [32]=Oop [72]=Oop [80]=Oop [88]=Oop }
                      ;*checkcast {reexecute=0 rethrow=0 return_oop=0}
                      ; - net.minecraft.world.level.chunk.LevelChunk::<init>@266 (line 161)
  0x00007122b56a9e34: 2844 4dfe 

  0x00007122b56a9e38: ;   {post_call_nop}
  0x00007122b56a9e38: 0f1f 8400 | 302f 005a | bee4 ffff | ff44 894c | 2464 6690 

  0x00007122b56a9e4c: ;   {runtime_call UncommonTrapBlob}
  0x00007122b56a9e4c: c5f8 77e8 

  0x00007122b56a9e50: ; ImmutableOopMap {rbp=NarrowOop [40]=Oop [48]=Oop [64]=Oop [72]=Oop [88]=Oop [96]=NarrowOop [104]=Oop }
                      ;*aaload {reexecute=0 rethrow=0 return_oop=0}
                      ; - java.util.EnumMap::get@20 (line 248)
                      ; - java.util.Map::computeIfAbsent@7 (line 1065)
                      ; - net.minecraft.world.level.chunk.ChunkAccess::getOrCreateHeightmapUnprimed@11 (line 175)
                      ; - net.minecraft.world.level.chunk.ChunkAccess::setHeightmap@2 (line 171)
                      ; - net.minecraft.world.level.chunk.LevelChunk::<init>@272 (line 161)
  0x00007122b56a9e50: 0c44 4dfe 

  0x00007122b56a9e54: ;   {post_call_nop}
  0x00007122b56a9e54: 0f1f 8400 | 4c2f 005b | bede ffff | ff4c 8b54 | 2448 4c89 | 5424 4090 

  0x00007122b56a9e6c: ;   {runtime_call UncommonTrapBlob}
  0x00007122b56a9e6c: c5f8 77e8 

  0x00007122b56a9e70: ; ImmutableOopMap {rbp=NarrowOop [40]=Oop [48]=Oop [64]=Oop [80]=Oop [88]=Oop }
                      ;*invokeinterface getRaw {reexecute=0 rethrow=0 return_oop=0}
                      ; - net.minecraft.world.level.levelgen.Heightmap::getRawData@4 (line 137)
                      ; - net.minecraft.world.level.chunk.LevelChunk::<init>@269 (line 161)
  0x00007122b56a9e70: ec43 4dfe 

  0x00007122b56a9e74: ;   {post_call_nop}
  0x00007122b56a9e74: 0f1f 8400 | 6c2f 005c | becc ffff | ff66 6690 

  0x00007122b56a9e84: ;   {runtime_call UncommonTrapBlob}
  0x00007122b56a9e84: c5f8 77e8 

  0x00007122b56a9e88: ; ImmutableOopMap {rbp=NarrowOop [40]=Oop [48]=Oop [72]=Oop [80]=Oop [88]=Oop [96]=NarrowOop }
                      ;*invokevirtual allocateInstance {reexecute=0 rethrow=0 return_oop=0}
                      ; - java.lang.invoke.DirectMethodHandle::allocateInstance@12 (line 500)
                      ; - java.lang.invoke.DirectMethodHandle$Holder::newInvokeSpecial@1
                      ; - java.lang.invoke.Invokers$Holder::linkToTargetMethod@5
                      ; - net.minecraft.world.level.chunk.ChunkAccess::getOrCreateHeightmapUnprimed@6 (line 175)
                      ; - net.minecraft.world.level.chunk.ChunkAccess::setHeightmap@2 (line 171)
                      ; - net.minecraft.world.level.chunk.LevelChunk::<init>@272 (line 161)
  0x00007122b56a9e88: d443 4dfe 

  0x00007122b56a9e8c: ;   {post_call_nop}
  0x00007122b56a9e8c: 0f1f 8400 | 842f 005d | bede ffff | ff44 8b5c | 2460 4489 | 5c24 5090 

  0x00007122b56a9ea4: ;   {runtime_call UncommonTrapBlob}
  0x00007122b56a9ea4: c5f8 77e8 

  0x00007122b56a9ea8: ; ImmutableOopMap {rbp=NarrowOop [40]=Oop [48]=Oop [64]=Oop [80]=NarrowOop [88]=Oop [104]=Oop }
                      ;*invokeinterface computeIfAbsent {reexecute=0 rethrow=0 return_oop=0}
                      ; - net.minecraft.world.level.chunk.ChunkAccess::getOrCreateHeightmapUnprimed@11 (line 175)
                      ; - net.minecraft.world.level.chunk.ChunkAccess::setHeightmap@2 (line 171)
                      ; - net.minecraft.world.level.chunk.LevelChunk::<init>@272 (line 161)
  0x00007122b56a9ea8: b443 4dfe 

  0x00007122b56a9eac: ;   {post_call_nop}
  0x00007122b56a9eac: 0f1f 8400 | a42f 005e | bede ffff | ff66 6690 

  0x00007122b56a9ebc: ;   {runtime_call UncommonTrapBlob}
  0x00007122b56a9ebc: c5f8 77e8 

  0x00007122b56a9ec0: ; ImmutableOopMap {rbp=NarrowOop [40]=Oop [48]=Oop [64]=Oop [88]=Oop [96]=NarrowOop [104]=Oop }
                      ;*invokeinterface getRaw {reexecute=0 rethrow=0 return_oop=0}
                      ; - net.minecraft.world.level.levelgen.Heightmap::setRawData@4 (line 127)
                      ; - net.minecraft.world.level.chunk.ChunkAccess::setHeightmap@8 (line 171)
                      ; - net.minecraft.world.level.chunk.LevelChunk::<init>@272 (line 161)
  0x00007122b56a9ec0: 9c43 4dfe 

  0x00007122b56a9ec4: ;   {post_call_nop}
  0x00007122b56a9ec4: 0f1f 8400 | bc2f 005f | becc ffff | ff4c 8b5c | 2430 4c89 | 5c24 2044 | 8944 2434 | 4c8b 5424 
  0x00007122b56a9ee4: 404c 8954 | 2438 6690 

  0x00007122b56a9eec: ;   {runtime_call UncommonTrapBlob}
  0x00007122b56a9eec: c5f8 77e8 

  0x00007122b56a9ef0: ; ImmutableOopMap {[32]=Oop [40]=Oop [52]=NarrowOop [56]=Oop [96]=NarrowOop [104]=Oop }
                      ;*invokestatic arraycopy {reexecute=0 rethrow=0 return_oop=0}
                      ; - net.minecraft.world.level.levelgen.Heightmap::setRawData@26 (line 129)
                      ; - net.minecraft.world.level.chunk.ChunkAccess::setHeightmap@8 (line 171)
                      ; - net.minecraft.world.level.chunk.LevelChunk::<init>@272 (line 161)
  0x00007122b56a9ef0: 6c43 4dfe 

  0x00007122b56a9ef4: ;   {post_call_nop}
  0x00007122b56a9ef4: 0f1f 8400 | ec2f 0060 | 498b ebc4 | c17a 1043 | 2883 c602 

  0x00007122b56a9f08: ;   {static_call}
  0x00007122b56a9f08: c5f8 77e8 

  0x00007122b56a9f0c: ; ImmutableOopMap {rbp=Oop [32]=Oop [48]=Oop [56]=Oop }
                      ;*invokestatic arraySize {reexecute=0 rethrow=0 return_oop=0}
                      ; - it.unimi.dsi.fastutil.longs.LongLinkedOpenHashSet::add@218 (line 461)
                      ; - net.minecraft.server.level.ChunkMap::setChunkUnsaved@8 (line 212)
                      ; - net.minecraft.server.level.ChunkMap$$Lambda/0x00000000447547b0::setUnsaved@5
                      ; - net.minecraft.world.level.chunk.LevelChunk::markUnsaved@21 (line 182)
                      ; - net.minecraft.world.level.chunk.ChunkAccess::setAllStarts@20 (line 218)
                      ; - net.minecraft.world.level.chunk.LevelChunk::<init>@170 (line 155)
  0x00007122b56a9f0c: d03d 40fe 

  0x00007122b56a9f10: ;   {post_call_nop}
  0x00007122b56a9f10: 0f1f 8400 | 0830 0061 | 488b f58b | d066 6690 

  0x00007122b56a9f20: ;   {optimized virtual_call}
  0x00007122b56a9f20: c5f8 77e8 

  0x00007122b56a9f24: ; ImmutableOopMap {[32]=Oop [48]=Oop [56]=Oop }
                      ;*invokevirtual rehash {reexecute=0 rethrow=0 return_oop=0}
                      ; - it.unimi.dsi.fastutil.longs.LongLinkedOpenHashSet::add@221 (line 461)
                      ; - net.minecraft.server.level.ChunkMap::setChunkUnsaved@8 (line 212)
                      ; - net.minecraft.server.level.ChunkMap$$Lambda/0x00000000447547b0::setUnsaved@5
                      ; - net.minecraft.world.level.chunk.LevelChunk::markUnsaved@21 (line 182)
                      ; - net.minecraft.world.level.chunk.ChunkAccess::setAllStarts@20 (line 218)
                      ; - net.minecraft.world.level.chunk.LevelChunk::<init>@170 (line 155)
  0x00007122b56a9f24: b837 40fe 

  0x00007122b56a9f28: ;   {post_call_nop}
  0x00007122b56a9f28: 0f1f 8400 | 2030 0062 | e9ab f1ff | ffbe e4ff | ffff 488b | 6c24 304c | 8b5c 2428 | 4c89 5c24 
  0x00007122b56a9f48: 204c 8b5c | 2458 4c89 | 5c24 3044 | 8b4c 2460 | 4489 4c24 | 3848 894c | 2450 4889 | 4424 5889 
  0x00007122b56a9f68: 5c24 6044 | 8944 2464 

  0x00007122b56a9f70: ;   {runtime_call UncommonTrapBlob}
  0x00007122b56a9f70: c5f8 77e8 

  0x00007122b56a9f74: ; ImmutableOopMap {rbp=Oop [32]=Oop [48]=Oop [56]=NarrowOop [64]=Oop [80]=Oop [88]=Oop [96]=NarrowOop [104]=Oop }
                      ;*aaload {reexecute=0 rethrow=0 return_oop=0}
                      ; - java.util.EnumMap::put@15 (line 271)
                      ; - java.util.EnumMap::put@6 (line 81)
                      ; - java.util.Map::computeIfAbsent@34 (line 1068)
                      ; - net.minecraft.world.level.chunk.ChunkAccess::getOrCreateHeightmapUnprimed@11 (line 175)
                      ; - net.minecraft.world.level.chunk.ChunkAccess::setHeightmap@2 (line 171)
                      ; - net.minecraft.world.level.chunk.LevelChunk::<init>@272 (line 161)
  0x00007122b56a9f74: e842 4dfe 

  0x00007122b56a9f78: ;   {post_call_nop}
  0x00007122b56a9f78: 0f1f 8400 | 7030 0063 | bed6 ffff | ff4c 8b5c | 2458 4c89 | 5c24 3844 | 8b5c 2460 | 4489 5c24 
  0x00007122b56a9f98: 4848 894c | 2458 895c | 244c 4489 | 4424 6048 | 8944 2470 

  0x00007122b56a9fac: ;   {runtime_call UncommonTrapBlob}
  0x00007122b56a9fac: c5f8 77e8 

  0x00007122b56a9fb0: ; ImmutableOopMap {rbp=NarrowOop [40]=Oop [48]=Oop [56]=Oop [64]=Oop [72]=NarrowOop [76]=NarrowOop [88]=Oop [104]=Oop [112]=Oop }
                      ;*aastore {reexecute=1 rethrow=0 return_oop=0}
                      ; - (reexecute) java.util.EnumMap::put@28 (line 272)
                      ; - java.util.EnumMap::put@6 (line 81)
                      ; - java.util.Map::computeIfAbsent@34 (line 1068)
                      ; - net.minecraft.world.level.chunk.ChunkAccess::getOrCreateHeightmapUnprimed@11 (line 175)
                      ; - net.minecraft.world.level.chunk.ChunkAccess::setHeightmap@2 (line 171)
                      ; - net.minecraft.world.level.chunk.LevelChunk::<init>@272 (line 161)
  0x00007122b56a9fb0: ac42 4dfe 

  0x00007122b56a9fb4: ;   {post_call_nop}
  0x00007122b56a9fb4: 0f1f 8400 | ac30 0064 | c5f9 2ec8 | bdff ffff | ff0f 8a0e | 0000 000f | 8208 0000 | 0040 0f95 
  0x00007122b56a9fd4: c540 0fb6 | edf7 ddbe | 45ff ffff | 4c8b 5424 | 384c 8954 | 2420 4c8b | 5424 304c | 8954 2428 
  0x00007122b56a9ff4: 4c89 4c24 | 3848 8944 | 2440 6690 

  0x00007122b56aa000: ;   {runtime_call UncommonTrapBlob}
  0x00007122b56aa000: c5f8 77e8 

  0x00007122b56aa004: ; ImmutableOopMap {[32]=Oop [40]=Oop [56]=Oop [64]=Oop [72]=Oop }
                      ;*ifge {reexecute=1 rethrow=0 return_oop=0}
                      ; - (reexecute) java.util.HashMap::putMapEntries@37 (line 508)
                      ; - java.util.HashMap::putAll@3 (line 792)
                      ; - net.minecraft.world.level.chunk.LevelChunk::<init>@127 (line 149)
  0x00007122b56aa004: 5842 4dfe 

  0x00007122b56aa008: ;   {post_call_nop}
  0x00007122b56aa008: 0f1f 8400 | 0031 0065 | be45 ffff | ff48 8b6c | 2430 4c8b | 4c24 284c | 894c 2420 | 4489 4424 
  0x00007122b56aa028: 3048 8944 | 2438 4489 | 5424 344c | 8b54 2448 | 4c89 5424 | 4066 6690 

  0x00007122b56aa040: ;   {runtime_call UncommonTrapBlob}
  0x00007122b56aa040: c5f8 77e8 

  0x00007122b56aa044: ; ImmutableOopMap {rbp=Oop [32]=Oop [48]=NarrowOop [56]=Oop [64]=Oop [80]=Oop }
                      ;*ifge {reexecute=1 rethrow=0 return_oop=0}
                      ; - (reexecute) java.util.EnumMap$EntryIterator$Entry::checkIndexForEntryUse@4 (line 634)
                      ; - java.util.EnumMap$EntryIterator$Entry::getKey@1 (line 588)
                      ; - java.util.EnumMap$EntryIterator$Entry::getKey@1 (line 580)
                      ; - net.minecraft.world.level.chunk.LevelChunk::<init>@237 (line 160)
  0x00007122b56aa044: 1842 4dfe 

  0x00007122b56aa048: ;   {post_call_nop}
  0x00007122b56aa048: 0f1f 8400 | 4031 0066 | be45 ffff | ff4c 8b54 | 2430 4c89 | 5424 204c | 895c 2430 | 4489 4424 
  0x00007122b56aa068: 3889 4c24 | 3c89 4424 | 4066 6690 

  0x00007122b56aa074: ;   {runtime_call UncommonTrapBlob}
  0x00007122b56aa074: c5f8 77e8 

  0x00007122b56aa078: ; ImmutableOopMap {rbp=Oop [32]=Oop [40]=Oop [48]=Oop [56]=NarrowOop [60]=NarrowOop [64]=NarrowOop [72]=Oop [80]=Oop }
                      ;*if_acmpeq {reexecute=1 rethrow=0 return_oop=0}
                      ; - (reexecute) java.util.RegularEnumSet::contains@16 (line 145)
                      ; - net.minecraft.world.level.chunk.LevelChunk::<init>@242 (line 160)
  0x00007122b56aa078: e441 4dfe 

  0x00007122b56aa07c: ;   {post_call_nop}
  0x00007122b56aa07c: 0f1f 8400 | 7431 0067 | be45 ffff | ff4c 8b54 | 2438 4c89 | 5424 204c | 8b54 2430 | 4c89 5424 
  0x00007122b56aa09c: 284c 8b54 | 2448 4c89 | 5424 304c | 894c 2440 | 4889 4424 | 4866 6690 

  0x00007122b56aa0b4: ;   {runtime_call UncommonTrapBlob}
  0x00007122b56aa0b4: c5f8 77e8 

  0x00007122b56aa0b8: ; ImmutableOopMap {[32]=Oop [40]=Oop [48]=Oop [64]=Oop [72]=Oop }
                      ;*if_icmplt {reexecute=1 rethrow=0 return_oop=0}
                      ; - (reexecute) java.util.HashMap::tableSizeFor@20 (line 379)
                      ; - java.util.HashMap::putMapEntries@62 (line 511)
                      ; - java.util.HashMap::putAll@3 (line 792)
                      ; - net.minecraft.world.level.chunk.LevelChunk::<init>@127 (line 149)
  0x00007122b56aa0b8: a441 4dfe 

  0x00007122b56aa0bc: ;   {post_call_nop}
  0x00007122b56aa0bc: 0f1f 8400 | b431 0068 | be45 ffff | ff4c 8b4c | 2458 4c89 | 4c24 3844 | 8944 244c | 4489 5c24 
  0x00007122b56aa0dc: 5066 6690 

  0x00007122b56aa0e0: ;   {runtime_call UncommonTrapBlob}
  0x00007122b56aa0e0: c5f8 77e8 

  0x00007122b56aa0e4: ; ImmutableOopMap {[40]=Oop [48]=Oop [56]=Oop [64]=Oop [76]=NarrowOop [96]=NarrowOop [104]=Oop }
                      ;*if_icmpne {reexecute=1 rethrow=0 return_oop=0}
                      ; - (reexecute) net.minecraft.world.level.levelgen.Heightmap::setRawData@16 (line 128)
                      ; - net.minecraft.world.level.chunk.ChunkAccess::setHeightmap@8 (line 171)
                      ; - net.minecraft.world.level.chunk.LevelChunk::<init>@272 (line 161)
  0x00007122b56aa0e4: 7841 4dfe 

  0x00007122b56aa0e8: ;   {post_call_nop}
  0x00007122b56aa0e8: 0f1f 8400 | e031 0069 | be45 ffff | ff48 8b6c | 2430 4c8b | 5424 284c | 8954 2420 | 4c8b 5424 
  0x00007122b56aa108: 584c 8954 | 2430 4889 | 4424 5090 

  0x00007122b56aa114: ;   {runtime_call UncommonTrapBlob}
  0x00007122b56aa114: c5f8 77e8 

  0x00007122b56aa118: ; ImmutableOopMap {rbp=Oop [32]=Oop [48]=Oop [64]=Oop [80]=Oop [96]=NarrowOop [104]=Oop }
                      ;*ifnull {reexecute=1 rethrow=0 return_oop=0}
                      ; - (reexecute) java.util.Map::computeIfAbsent@27 (line 1067)
                      ; - net.minecraft.world.level.chunk.ChunkAccess::getOrCreateHeightmapUnprimed@11 (line 175)
                      ; - net.minecraft.world.level.chunk.ChunkAccess::setHeightmap@2 (line 171)
                      ; - net.minecraft.world.level.chunk.LevelChunk::<init>@272 (line 161)
  0x00007122b56aa118: 4441 4dfe 

  0x00007122b56aa11c: ;   {post_call_nop}
  0x00007122b56aa11c: 0f1f 8400 | 1432 006a | 4c89 5c24 | 384c 894c | 2420 4489 | 5110 4489 | 5114 458b | da4c 8bc1 
  0x00007122b56aa13c: ; implicit exception: dispatches to 0x00007122b56ab4dc
  0x00007122b56aa13c: 458b 4cdc | 0c45 3bd1 | 0f83 1a0b | 0000 4d8d | 14dc 4bc7 | 44da 10ff | ffff ffe9 | 6cef ffff 
  0x00007122b56aa15c: 4189 4810 | 4189 4814 

  0x00007122b56aa164: ; implicit exception: dispatches to 0x00007122b56ab4f4
  0x00007122b56aa164: 458b 54dc | 0c41 3bca | 0f83 2e0b | 0000 4d8d | 14dc 49c7 | 44ca 10ff | ffff ffe9 | edf0 ffff 
  0x00007122b56aa184: 4189 5a10 | 4189 5a14 

  0x00007122b56aa18c: ; implicit exception: dispatches to 0x00007122b56ab50c
  0x00007122b56aa18c: 478b 44dc | 0c41 3bd8 | 0f83 3a0b | 0000 4f8d | 14dc 49c7 | 44da 10ff | ffff ffe9 | bef2 ffff 
  0x00007122b56aa1ac: 4189 4a10 | 4189 4a14 

  0x00007122b56aa1b4: ; implicit exception: dispatches to 0x00007122b56ab524
  0x00007122b56aa1b4: 478b 54c4 | 0c41 3bca | 0f83 3a0b | 0000 4f8d | 14c4 49c7 | 44ca 10ff | ffff ffe9 | 8ff4 ffff 
  0x00007122b56aa1d4: bee4 ffff | ff48 8b6c | 2438 4c8b | 5424 304c | 8954 2420 | 894c 2430 | 4489 7424 | 3889 5c24 
  0x00007122b56aa1f4: 4889 4424 | 4c66 6690 

  0x00007122b56aa1fc: ;   {runtime_call UncommonTrapBlob}
  0x00007122b56aa1fc: c5f8 77e8 

  0x00007122b56aa200: ; ImmutableOopMap {rbp=Oop [32]=Oop [40]=Oop [48]=NarrowOop [56]=NarrowOop [64]=NarrowOop }
                      ;*aaload {reexecute=0 rethrow=0 return_oop=0}
                      ; - it.unimi.dsi.fastutil.objects.Object2ObjectOpenHashMap$MapIterator::nextEntry@141 (line 655)
                      ; - it.unimi.dsi.fastutil.objects.Object2ObjectOpenHashMap$ValueIterator::next@8 (line 1158)
                      ; - net.minecraft.world.level.chunk.LevelChunk::<init>@100 (line 145)
  0x00007122b56aa200: 5c40 4dfe 

  0x00007122b56aa204: ;   {post_call_nop}
  0x00007122b56aa204: 0f1f 8400 | fc32 006b | bede ffff | ff4c 8b44 | 2430 4c89 | 4424 204c | 895c 2428 | 48ff 7424 
  0x00007122b56aa224: 3848 8f44 | 2430 4489 | 5424 3848 | 894c 2440 

  0x00007122b56aa234: ;   {runtime_call UncommonTrapBlob}
  0x00007122b56aa234: c5f8 77e8 

  0x00007122b56aa238: ; ImmutableOopMap {[32]=Oop [40]=Oop [48]=Oop [56]=NarrowOop [64]=Oop }
                      ;*invokeinterface clear {reexecute=0 rethrow=0 return_oop=0}
                      ; - net.minecraft.world.level.chunk.ChunkAccess::setAllStarts@4 (line 216)
                      ; - net.minecraft.world.level.chunk.LevelChunk::<init>@170 (line 155)
  0x00007122b56aa238: 2440 4dfe 

  0x00007122b56aa23c: ;   {post_call_nop}
  0x00007122b56aa23c: 0f1f 8400 | 3433 006c | bede ffff | ff4c 8b44 | 2430 4c89 | 4424 204c | 895c 2428 | 4c89 4c24 
  0x00007122b56aa25c: 3044 8954 | 2438 4889 | 5c24 4090 

  0x00007122b56aa268: ;   {runtime_call UncommonTrapBlob}
  0x00007122b56aa268: c5f8 77e8 

  0x00007122b56aa26c: ; ImmutableOopMap {[32]=Oop [40]=Oop [48]=Oop [56]=NarrowOop [64]=Oop }
                      ;*invokeinterface clear {reexecute=0 rethrow=0 return_oop=0}
                      ; - net.minecraft.world.level.chunk.ChunkAccess::setAllReferences@4 (line 239)
                      ; - net.minecraft.world.level.chunk.LevelChunk::<init>@178 (line 156)
  0x00007122b56aa26c: f03f 4dfe 

  0x00007122b56aa270: ;   {post_call_nop}
  0x00007122b56aa270: 0f1f 8400 | 6833 006d | bede ffff | ff4c 894c | 2428 6690 

  0x00007122b56aa284: ;   {runtime_call UncommonTrapBlob}
  0x00007122b56aa284: c5f8 77e8 

  0x00007122b56aa288: ; ImmutableOopMap {rbp=NarrowOop [40]=Oop [48]=Oop }
                      ;*invokeinterface entrySet {reexecute=0 rethrow=0 return_oop=0}
                      ; - net.minecraft.world.level.chunk.ChunkAccess::getHeightmaps@4 (line 167)
                      ; - net.minecraft.world.level.chunk.LevelChunk::<init>@197 (line 159)
  0x00007122b56aa288: d43f 4dfe 

  0x00007122b56aa28c: ;   {post_call_nop}
  0x00007122b56aa28c: 0f1f 8400 | 8433 006e | bee4 ffff | ff48 8b6c | 2438 4c8b | 5424 304c | 8954 2420 | 894c 2430 
  0x00007122b56aa2ac: 895c 2438 | 895c 243c 

  0x00007122b56aa2b4: ;   {runtime_call UncommonTrapBlob}
  0x00007122b56aa2b4: c5f8 77e8 

  0x00007122b56aa2b8: ; ImmutableOopMap {rbp=Oop [32]=Oop [40]=Oop [48]=NarrowOop [64]=NarrowOop }
                      ;*aaload {reexecute=0 rethrow=0 return_oop=0}
                      ; - it.unimi.dsi.fastutil.objects.Object2ObjectOpenHashMap$ValueIterator::next@11 (line 1158)
                      ; - net.minecraft.world.level.chunk.LevelChunk::<init>@100 (line 145)
  0x00007122b56aa2b8: a43f 4dfe 

  0x00007122b56aa2bc: ;   {post_call_nop}
  0x00007122b56aa2bc: 0f1f 8400 | b433 006f | bede ffff | ff66 6690 

  0x00007122b56aa2cc: ;   {runtime_call UncommonTrapBlob}
  0x00007122b56aa2cc: c5f8 77e8 

  0x00007122b56aa2d0: ; ImmutableOopMap {rbp=NarrowOop }
                      ;*checkcast {reexecute=0 rethrow=0 return_oop=0}
                      ; - net.minecraft.world.level.chunk.LevelChunk::<init>@105 (line 145)
  0x00007122b56aa2d0: 8c3f 4dfe 

  0x00007122b56aa2d4: ;   {post_call_nop}
  0x00007122b56aa2d4: 0f1f 8400 | cc33 0070 | 33ed 85d2 | 400f 95c5 | bebe ffff | ff4c 8944 | 2420 4c8b | 5424 304c 
  0x00007122b56aa2f4: 8954 2428 | 4c8b 5424 | 484c 8954 | 2430 897c | 2438 8954 | 243c 895c | 2440 4489 | 4c24 4890 
  0x00007122b56aa314: ;   {runtime_call UncommonTrapBlob}
  0x00007122b56aa314: c5f8 77e8 

  0x00007122b56aa318: ; ImmutableOopMap {[32]=Oop [40]=Oop [48]=Oop [72]=NarrowOop }
                      ;*ifeq {reexecute=1 rethrow=0 return_oop=0}
                      ; - (reexecute) net.minecraft.world.level.chunk.LevelChunk::<init>@95 (line 145)
  0x00007122b56aa318: 443f 4dfe 

  0x00007122b56aa31c: ;   {post_call_nop}
  0x00007122b56aa31c: 0f1f 8400 | 1434 0071 | be6e ffff | ff4c 8b54 | 2430 4c89 | 5424 284c | 895c 2430 | 897c 2440 
  0x00007122b56aa33c: 4889 4c24 | 4866 6690 

  0x00007122b56aa344: ;   {runtime_call UncommonTrapBlob}
  0x00007122b56aa344: c5f8 77e8 

  0x00007122b56aa348: ; ImmutableOopMap {[40]=Oop [48]=Oop [56]=Oop [64]=NarrowOop [72]=Oop }
                      ;*if_icmpge {reexecute=1 rethrow=0 return_oop=0}
                      ; - (reexecute) java.util.HashMap::clear@36 (line 870)
                      ; - net.minecraft.world.level.chunk.ChunkAccess::setAllStarts@4 (line 216)
                      ; - net.minecraft.world.level.chunk.LevelChunk::<init>@170 (line 155)
  0x00007122b56aa348: 143f 4dfe 

  0x00007122b56aa34c: ;   {post_call_nop}
  0x00007122b56aa34c: 0f1f 8400 | 4434 0072 | be6e ffff | ff4c 8b44 | 2430 4c89 | 4424 284c | 895c 2430 | 4c89 4c24 
  0x00007122b56aa36c: 3889 5424 | 404c 8954 | 2448 6690 

  0x00007122b56aa378: ;   {runtime_call UncommonTrapBlob}
  0x00007122b56aa378: c5f8 77e8 

  0x00007122b56aa37c: ; ImmutableOopMap {[40]=Oop [48]=Oop [56]=Oop [64]=NarrowOop [72]=Oop }
                      ;*if_icmpge {reexecute=1 rethrow=0 return_oop=0}
                      ; - (reexecute) java.util.HashMap::clear@36 (line 870)
                      ; - net.minecraft.world.level.chunk.ChunkAccess::setAllReferences@4 (line 239)
                      ; - net.minecraft.world.level.chunk.LevelChunk::<init>@178 (line 156)
  0x00007122b56aa37c: e03e 4dfe 

  0x00007122b56aa380: ;   {post_call_nop}
  0x00007122b56aa380: 0f1f 8400 | 7834 0073 | be45 ffff | ff41 bb00 | 0000 414d | 03da 4d8b | 5370 498b | 2a4c 8b54 
  0x00007122b56aa3a0: 2430 4c89 | 5424 204c | 894c 2428 | 4889 4c24 | 3066 6690 

  0x00007122b56aa3b4: ;   {runtime_call UncommonTrapBlob}
  0x00007122b56aa3b4: c5f8 77e8 

  0x00007122b56aa3b8: ; ImmutableOopMap {rbp=Oop [32]=Oop [40]=Oop [48]=Oop }
                      ;*if_acmpne {reexecute=1 rethrow=0 return_oop=0}
                      ; - (reexecute) java.util.Collections::unmodifiableSet@8 (line 1239)
                      ; - net.minecraft.world.level.chunk.ChunkAccess::getHeightmaps@9 (line 167)
                      ; - net.minecraft.world.level.chunk.LevelChunk::<init>@197 (line 159)
  0x00007122b56aa3b8: a43e 4dfe 

  0x00007122b56aa3bc: ;   {post_call_nop}
  0x00007122b56aa3bc: 0f1f 8400 | b434 0074 | 33ed 85d2 | 400f 95c5 | be45 ffff | ff4c 8944 | 2420 4c8b | 5424 304c 
  0x00007122b56aa3dc: 8954 2428 | 4c8b 5424 | 484c 8954 | 2430 894c | 2438 897c | 243c 8944 | 2440 8954 | 2444 895c 
  0x00007122b56aa3fc: 2448 4489 | 4c24 5090 

  0x00007122b56aa404: ;   {runtime_call UncommonTrapBlob}
  0x00007122b56aa404: c5f8 77e8 

  0x00007122b56aa408: ; ImmutableOopMap {[32]=Oop [40]=Oop [48]=Oop [56]=NarrowOop [80]=NarrowOop }
                      ;*ifne {reexecute=1 rethrow=0 return_oop=0}
                      ; - (reexecute) it.unimi.dsi.fastutil.objects.Object2ObjectOpenHashMap$MapIterator::nextEntry@4 (line 639)
                      ; - it.unimi.dsi.fastutil.objects.Object2ObjectOpenHashMap$ValueIterator::next@8 (line 1158)
                      ; - net.minecraft.world.level.chunk.LevelChunk::<init>@100 (line 145)
  0x00007122b56aa408: 543e 4dfe 

  0x00007122b56aa40c: ;   {post_call_nop}
  0x00007122b56aa40c: 0f1f 8400 | 0435 0075 | be45 ffff | ff49 8be8 | 4c8b 5424 | 304c 8954 | 2420 4c8b | 5424 484c 
  0x00007122b56aa42c: 8954 2428 | 894c 2430 | 4489 6c24 | 3489 7c24 | 3c89 4424 | 4044 895c | 2444 895c | 2448 4489 
  0x00007122b56aa44c: 4c24 5090 

  0x00007122b56aa450: ;   {runtime_call UncommonTrapBlob}
  0x00007122b56aa450: c5f8 77e8 

  0x00007122b56aa454: ; ImmutableOopMap {rbp=Oop [32]=Oop [40]=Oop [48]=NarrowOop [52]=NarrowOop [80]=NarrowOop }
                      ;*ifge {reexecute=1 rethrow=0 return_oop=0}
                      ; - (reexecute) it.unimi.dsi.fastutil.objects.Object2ObjectOpenHashMap$MapIterator::nextEntry@69 (line 647)
                      ; - it.unimi.dsi.fastutil.objects.Object2ObjectOpenHashMap$ValueIterator::next@8 (line 1158)
                      ; - net.minecraft.world.level.chunk.LevelChunk::<init>@100 (line 145)
  0x00007122b56aa454: 083e 4dfe 

  0x00007122b56aa458: ;   {post_call_nop}
  0x00007122b56aa458: 0f1f 8400 | 5035 0076 | 488b 4c24 | 38c4 c1f9 | 7ec3 c5f9 | 7ecb c5f9 | 7edf 458b | d6e9 cdf8 
  0x00007122b56aa478: ffff 488b | 4c24 38c4 | c1f9 7ec3 | c5f9 7edf | 458b d6e9 | f3f8 ffff | 440f b641 | 2c45 85c0 
  0x00007122b56aa498: 0f85 e1dc | ffff c641 | 2c01 448b | 5118 e9b3 | ebff ff41 | 0fb6 482c | 85c9 0f85 | a7df ffff 
  0x00007122b56aa4b8: 41c6 402c | 0141 8b48 | 18e9 4fed | ffff 450f | b65a 2c45 | 85db 0f85 | f9e4 ffff | 41c6 422c 
  0x00007122b56aa4d8: 0141 8b5a | 18e9 20ef | ffff 450f | b652 2c45 | 85d2 0f85 | 00e5 ffff | 4c8b 5424 | 2041 c642 
  0x00007122b56aa4f8: 2c01 418b | 4a18 e9f8 | f0ff ffc5 | f92e c8bd | ffff ffff | 0f8a 0e00 | 0000 0f82 | 0800 0000 
  0x00007122b56aa518: 400f 95c5 | 400f b6ed | f7dd be45 | ffff ff4c | 8b54 2430 | 4c89 5424 | 284c 895c | 2430 4c89 
  0x00007122b56aa538: 4c24 3848 | 895c 2440 | 4889 4c24 | 4866 6690 

  0x00007122b56aa548: ;   {runtime_call UncommonTrapBlob}
  0x00007122b56aa548: c5f8 77e8 

  0x00007122b56aa54c: ; ImmutableOopMap {[40]=Oop [48]=Oop [56]=Oop [64]=Oop [72]=Oop }
                      ;*ifge {reexecute=1 rethrow=0 return_oop=0}
                      ; - (reexecute) java.util.HashMap::putMapEntries@37 (line 508)
                      ; - java.util.HashMap::putAll@3 (line 792)
                      ; - net.minecraft.world.level.chunk.ChunkAccess::setAllStarts@14 (line 217)
                      ; - net.minecraft.world.level.chunk.LevelChunk::<init>@170 (line 155)
  0x00007122b56aa54c: 103d 4dfe 

  0x00007122b56aa550: ;   {post_call_nop}
  0x00007122b56aa550: 0f1f 8400 | 4836 0077 | c5f9 2ec8 | bdff ffff | ff0f 8a0e | 0000 000f | 8208 0000 | 0040 0f95 
  0x00007122b56aa570: c540 0fb6 | edf7 ddbe | 45ff ffff | 4c8b 5424 | 304c 8954 | 2428 4c89 | 5c24 304c | 894c 2438 
  0x00007122b56aa590: 4c89 4424 | 4048 895c | 2448 6690 

  0x00007122b56aa59c: ;   {runtime_call UncommonTrapBlob}
  0x00007122b56aa59c: c5f8 77e8 

  0x00007122b56aa5a0: ; ImmutableOopMap {[40]=Oop [48]=Oop [56]=Oop [64]=Oop [72]=Oop }
                      ;*ifge {reexecute=1 rethrow=0 return_oop=0}
                      ; - (reexecute) java.util.HashMap::putMapEntries@37 (line 508)
                      ; - java.util.HashMap::putAll@3 (line 792)
                      ; - net.minecraft.world.level.chunk.ChunkAccess::setAllReferences@14 (line 240)
                      ; - net.minecraft.world.level.chunk.LevelChunk::<init>@178 (line 156)
  0x00007122b56aa5a0: bc3c 4dfe 

  0x00007122b56aa5a4: ;   {post_call_nop}
  0x00007122b56aa5a4: 0f1f 8400 | 9c36 0078 | be45 ffff | ff4c 8b54 | 2430 4c89 | 5424 284c | 895c 2430 | 4c89 4c24 
  0x00007122b56aa5c4: 3848 895c | 2448 4889 | 4c24 5090 

  0x00007122b56aa5d0: ;   {runtime_call UncommonTrapBlob}
  0x00007122b56aa5d0: c5f8 77e8 

  0x00007122b56aa5d4: ; ImmutableOopMap {[40]=Oop [48]=Oop [56]=Oop [72]=Oop [80]=Oop }
                      ;*if_icmplt {reexecute=1 rethrow=0 return_oop=0}
                      ; - (reexecute) java.util.HashMap::tableSizeFor@20 (line 379)
                      ; - java.util.HashMap::putMapEntries@62 (line 511)
                      ; - java.util.HashMap::putAll@3 (line 792)
                      ; - net.minecraft.world.level.chunk.ChunkAccess::setAllStarts@14 (line 217)
                      ; - net.minecraft.world.level.chunk.LevelChunk::<init>@170 (line 155)
  0x00007122b56aa5d4: 883c 4dfe 

  0x00007122b56aa5d8: ;   {post_call_nop}
  0x00007122b56aa5d8: 0f1f 8400 | d036 0079 | be45 ffff | ff4c 8b54 | 2430 4c89 | 5424 284c | 895c 2430 | 4c89 4c24 
  0x00007122b56aa5f8: 384c 8944 | 2448 4889 | 5c24 5090 

  0x00007122b56aa604: ;   {runtime_call UncommonTrapBlob}
  0x00007122b56aa604: c5f8 77e8 

  0x00007122b56aa608: ; ImmutableOopMap {[40]=Oop [48]=Oop [56]=Oop [72]=Oop [80]=Oop }
                      ;*if_icmplt {reexecute=1 rethrow=0 return_oop=0}
                      ; - (reexecute) java.util.HashMap::tableSizeFor@20 (line 379)
                      ; - java.util.HashMap::putMapEntries@62 (line 511)
                      ; - java.util.HashMap::putAll@3 (line 792)
                      ; - net.minecraft.world.level.chunk.ChunkAccess::setAllReferences@14 (line 240)
                      ; - net.minecraft.world.level.chunk.LevelChunk::<init>@178 (line 156)
  0x00007122b56aa608: 543c 4dfe 

  0x00007122b56aa60c: ;   {post_call_nop}
  0x00007122b56aa60c: 0f1f 8400 | 0437 007a | 4c89 4c24 

  0x00007122b56aa618: ;   {metadata('java/util/EnumMap$EntrySet')}
  0x00007122b56aa618: 2048 be98 | 9562 4100 | 0000 0090 

  0x00007122b56aa624: ;   {runtime_call C2 Runtime new_instance}
  0x00007122b56aa624: c5f8 77e8 

  0x00007122b56aa628: ; ImmutableOopMap {rbp=Oop [32]=Oop [48]=Oop }
                      ;*new {reexecute=0 rethrow=0 return_oop=1}
                      ; - java.util.EnumMap::entrySet@12 (line 470)
                      ; - net.minecraft.world.level.chunk.ChunkAccess::getHeightmaps@4 (line 167)
                      ; - net.minecraft.world.level.chunk.LevelChunk::<init>@197 (line 159)
  0x00007122b56aa628: b4ae 4dfe 

  0x00007122b56aa62c: ;   {post_call_nop}
  0x00007122b56aa62c: 0f1f 8400 | 2437 007b | 4c8b 4c24 | 20e9 86f4 | ffff bee4 | ffff ff49 | 8beb 4c8b | 5424 304c 
  0x00007122b56aa64c: 8954 2420 | 4c89 4424 | 2848 894c | 2430 4c89 | 4c24 3889 | 7c24 4889 | 5c24 4c90 

  0x00007122b56aa668: ;   {runtime_call UncommonTrapBlob}
  0x00007122b56aa668: c5f8 77e8 

  0x00007122b56aa66c: ; ImmutableOopMap {rbp=Oop [32]=Oop [40]=Oop [48]=Oop [72]=NarrowOop }
                      ;*laload {reexecute=0 rethrow=0 return_oop=0}
                      ; - it.unimi.dsi.fastutil.longs.LongLinkedOpenHashSet::add@48 (line 446)
                      ; - net.minecraft.server.level.ChunkMap::setChunkUnsaved@8 (line 212)
                      ; - net.minecraft.server.level.ChunkMap$$Lambda/0x00000000447547b0::setUnsaved@5
                      ; - net.minecraft.world.level.chunk.LevelChunk::markUnsaved@21 (line 182)
                      ; - net.minecraft.world.level.chunk.ChunkAccess::setAllStarts@20 (line 218)
                      ; - net.minecraft.world.level.chunk.LevelChunk::<init>@170 (line 155)
  0x00007122b56aa66c: f03b 4dfe 

  0x00007122b56aa670: ;   {post_call_nop}
  0x00007122b56aa670: 0f1f 8400 | 6837 007c | bee4 ffff | ff49 8be9 | 4c8b 5424 | 304c 8954 | 2420 4c89 | 5c24 284c 
  0x00007122b56aa690: 8944 2430 | 4889 7c24 | 3889 5c24 | 4889 4c24 | 4c66 6690 

  0x00007122b56aa6a4: ;   {runtime_call UncommonTrapBlob}
  0x00007122b56aa6a4: c5f8 77e8 

  0x00007122b56aa6a8: ; ImmutableOopMap {rbp=Oop [32]=Oop [40]=Oop [48]=Oop [72]=NarrowOop }
                      ;*laload {reexecute=0 rethrow=0 return_oop=0}
                      ; - it.unimi.dsi.fastutil.longs.LongLinkedOpenHashSet::add@48 (line 446)
                      ; - net.minecraft.server.level.ChunkMap::setChunkUnsaved@8 (line 212)
                      ; - net.minecraft.server.level.ChunkMap$$Lambda/0x00000000447547b0::setUnsaved@5
                      ; - net.minecraft.world.level.chunk.LevelChunk::markUnsaved@21 (line 182)
                      ; - net.minecraft.world.level.chunk.ChunkAccess::setAllReferences@20 (line 241)
                      ; - net.minecraft.world.level.chunk.LevelChunk::<init>@178 (line 156)
  0x00007122b56aa6a8: b43b 4dfe 

  0x00007122b56aa6ac: ;   {post_call_nop}
  0x00007122b56aa6ac: 0f1f 8400 | a437 007d | bee4 ffff | ff48 8b6c | 2430 4c8b | 5424 284c | 8954 2420 | 4889 4c24 
  0x00007122b56aa6cc: 2844 894c | 2438 895c | 243c 6690 

  0x00007122b56aa6d8: ;   {runtime_call UncommonTrapBlob}
  0x00007122b56aa6d8: c5f8 77e8 

  0x00007122b56aa6dc: ; ImmutableOopMap {rbp=Oop [32]=Oop [56]=NarrowOop }
                      ;*laload {reexecute=0 rethrow=0 return_oop=0}
                      ; - it.unimi.dsi.fastutil.longs.LongLinkedOpenHashSet::add@48 (line 446)
                      ; - net.minecraft.server.level.ChunkMap::setChunkUnsaved@8 (line 212)
                      ; - net.minecraft.server.level.ChunkMap$$Lambda/0x00000000447547b0::setUnsaved@5
                      ; - net.minecraft.world.level.chunk.LevelChunk::markUnsaved@21 (line 182)
                      ; - net.minecraft.world.level.chunk.ChunkAccess::setLightCorrect@6 (line 401)
                      ; - net.minecraft.world.level.chunk.LevelChunk::<init>@291 (line 166)
  0x00007122b56aa6dc: 803b 4dfe 

  0x00007122b56aa6e0: ;   {post_call_nop}
  0x00007122b56aa6e0: 0f1f 8400 | d837 007e | bee4 ffff | ff48 8b6c | 2420 4c89 | 4c24 2044 | 8944 2430 | 894c 2434 
  0x00007122b56aa700: ;   {runtime_call UncommonTrapBlob}
  0x00007122b56aa700: c5f8 77e8 

  0x00007122b56aa704: ; ImmutableOopMap {rbp=Oop [48]=NarrowOop }
                      ;*laload {reexecute=0 rethrow=0 return_oop=0}
                      ; - it.unimi.dsi.fastutil.longs.LongLinkedOpenHashSet::add@48 (line 446)
                      ; - net.minecraft.server.level.ChunkMap::setChunkUnsaved@8 (line 212)
                      ; - net.minecraft.server.level.ChunkMap$$Lambda/0x00000000447547b0::setUnsaved@5
                      ; - net.minecraft.world.level.chunk.LevelChunk::markUnsaved@21 (line 182)
                      ; - net.minecraft.world.level.chunk.LevelChunk::<init>@295 (line 167)
  0x00007122b56aa704: 583b 4dfe 

  0x00007122b56aa708: ;   {post_call_nop}
  0x00007122b56aa708: 0f1f 8400 | 0038 007f | bec6 ffff | ff49 8be9 | 4c8b 5424 | 304c 8954 | 2420 4c89 | 5c24 2889 
  0x00007122b56aa728: 4c24 3044 | 8944 2434 

  0x00007122b56aa730: ;   {runtime_call UncommonTrapBlob}
  0x00007122b56aa730: c5f8 77e8 

  0x00007122b56aa734: ; ImmutableOopMap {rbp=Oop [32]=Oop [40]=Oop [48]=NarrowOop [52]=NarrowOop }
                      ;*invokeinterface setUnsaved {reexecute=0 rethrow=0 return_oop=0}
                      ; - net.minecraft.world.level.chunk.LevelChunk::markUnsaved@21 (line 182)
                      ; - net.minecraft.world.level.chunk.ChunkAccess::setAllStarts@20 (line 218)
                      ; - net.minecraft.world.level.chunk.LevelChunk::<init>@170 (line 155)
  0x00007122b56aa734: 283b 4dfe 

  0x00007122b56aa738: ;   {post_call_nop}
  0x00007122b56aa738: 0f1f 8400 | 3038 0080 | bede ffff | ff49 8be9 | 4c8b 4424 | 304c 8944 | 2420 4c89 | 5c24 2844 
  0x00007122b56aa758: 8954 2430 | 4889 5c24 | 3866 6690 

  0x00007122b56aa764: ;   {runtime_call UncommonTrapBlob}
  0x00007122b56aa764: c5f8 77e8 

  0x00007122b56aa768: ; ImmutableOopMap {rbp=Oop [32]=Oop [40]=Oop [48]=NarrowOop }
                      ;*invokeinterface add {reexecute=0 rethrow=0 return_oop=0}
                      ; - net.minecraft.server.level.ChunkMap::setChunkUnsaved@8 (line 212)
                      ; - net.minecraft.server.level.ChunkMap$$Lambda/0x00000000447547b0::setUnsaved@5
                      ; - net.minecraft.world.level.chunk.LevelChunk::markUnsaved@21 (line 182)
                      ; - net.minecraft.world.level.chunk.ChunkAccess::setAllStarts@20 (line 218)
                      ; - net.minecraft.world.level.chunk.LevelChunk::<init>@170 (line 155)
  0x00007122b56aa768: f43a 4dfe 

  0x00007122b56aa76c: ;   {post_call_nop}
  0x00007122b56aa76c: 0f1f 8400 | 6438 0081 | bec6 ffff | ff49 8be9 | 4c8b 5424 | 304c 8954 | 2420 4c89 | 5c24 2889 
  0x00007122b56aa78c: 4c24 3044 | 8944 2434 

  0x00007122b56aa794: ;   {runtime_call UncommonTrapBlob}
  0x00007122b56aa794: c5f8 77e8 

  0x00007122b56aa798: ; ImmutableOopMap {rbp=Oop [32]=Oop [40]=Oop [48]=NarrowOop [52]=NarrowOop }
                      ;*invokeinterface setUnsaved {reexecute=0 rethrow=0 return_oop=0}
                      ; - net.minecraft.world.level.chunk.LevelChunk::markUnsaved@21 (line 182)
                      ; - net.minecraft.world.level.chunk.ChunkAccess::setAllReferences@20 (line 241)
                      ; - net.minecraft.world.level.chunk.LevelChunk::<init>@178 (line 156)
  0x00007122b56aa798: c43a 4dfe 

  0x00007122b56aa79c: ;   {post_call_nop}
  0x00007122b56aa79c: 0f1f 8400 | 9438 0082 | bede ffff | ff49 8be9 | 4c8b 4424 | 304c 8944 | 2420 4c89 | 5c24 2844 
  0x00007122b56aa7bc: 8954 2430 | 4889 7c24 | 3866 6690 

  0x00007122b56aa7c8: ;   {runtime_call UncommonTrapBlob}
  0x00007122b56aa7c8: c5f8 77e8 

  0x00007122b56aa7cc: ; ImmutableOopMap {rbp=Oop [32]=Oop [40]=Oop [48]=NarrowOop }
                      ;*invokeinterface add {reexecute=0 rethrow=0 return_oop=0}
                      ; - net.minecraft.server.level.ChunkMap::setChunkUnsaved@8 (line 212)
                      ; - net.minecraft.server.level.ChunkMap$$Lambda/0x00000000447547b0::setUnsaved@5
                      ; - net.minecraft.world.level.chunk.LevelChunk::markUnsaved@21 (line 182)
                      ; - net.minecraft.world.level.chunk.ChunkAccess::setAllReferences@20 (line 241)
                      ; - net.minecraft.world.level.chunk.LevelChunk::<init>@178 (line 156)
  0x00007122b56aa7cc: 903a 4dfe 

  0x00007122b56aa7d0: ;   {post_call_nop}
  0x00007122b56aa7d0: 0f1f 8400 | c838 0083 | bec6 ffff | ff48 8beb | 4489 4c24 | 2044 895c | 2424 6690 

  0x00007122b56aa7ec: ;   {runtime_call UncommonTrapBlob}
  0x00007122b56aa7ec: c5f8 77e8 

  0x00007122b56aa7f0: ; ImmutableOopMap {rbp=Oop [32]=NarrowOop [36]=NarrowOop }
                      ;*invokeinterface setUnsaved {reexecute=0 rethrow=0 return_oop=0}
                      ; - net.minecraft.world.level.chunk.LevelChunk::markUnsaved@21 (line 182)
                      ; - net.minecraft.world.level.chunk.ChunkAccess::setLightCorrect@6 (line 401)
                      ; - net.minecraft.world.level.chunk.LevelChunk::<init>@291 (line 166)
  0x00007122b56aa7f0: 6c3a 4dfe 

  0x00007122b56aa7f4: ;   {post_call_nop}
  0x00007122b56aa7f4: 0f1f 8400 | ec38 0084 | bec6 ffff | ff41 8bea | 894c 2420 

  0x00007122b56aa808: ;   {runtime_call UncommonTrapBlob}
  0x00007122b56aa808: c5f8 77e8 

  0x00007122b56aa80c: ; ImmutableOopMap {rbp=NarrowOop [32]=NarrowOop }
                      ;*invokeinterface setUnsaved {reexecute=0 rethrow=0 return_oop=0}
                      ; - net.minecraft.world.level.chunk.LevelChunk::markUnsaved@21 (line 182)
                      ; - net.minecraft.world.level.chunk.LevelChunk::<init>@295 (line 167)
  0x00007122b56aa80c: 503a 4dfe 

  0x00007122b56aa810: ;   {post_call_nop}
  0x00007122b56aa810: 0f1f 8400 | 0839 0085 | bede ffff | ff48 8beb | 4489 4424 | 2048 894c | 2428 6690 

  0x00007122b56aa82c: ;   {runtime_call UncommonTrapBlob}
  0x00007122b56aa82c: c5f8 77e8 

  0x00007122b56aa830: ; ImmutableOopMap {rbp=Oop [32]=NarrowOop }
                      ;*invokeinterface add {reexecute=0 rethrow=0 return_oop=0}
                      ; - net.minecraft.server.level.ChunkMap::setChunkUnsaved@8 (line 212)
                      ; - net.minecraft.server.level.ChunkMap$$Lambda/0x00000000447547b0::setUnsaved@5
                      ; - net.minecraft.world.level.chunk.LevelChunk::markUnsaved@21 (line 182)
                      ; - net.minecraft.world.level.chunk.ChunkAccess::setLightCorrect@6 (line 401)
                      ; - net.minecraft.world.level.chunk.LevelChunk::<init>@291 (line 166)
  0x00007122b56aa830: 2c3a 4dfe 

  0x00007122b56aa834: ;   {post_call_nop}
  0x00007122b56aa834: 0f1f 8400 | 2c39 0086 | bede ffff | ff41 8beb | 4c89 4c24 | 2066 6690 

  0x00007122b56aa84c: ;   {runtime_call UncommonTrapBlob}
  0x00007122b56aa84c: c5f8 77e8 

  0x00007122b56aa850: ; ImmutableOopMap {rbp=NarrowOop }
                      ;*invokeinterface add {reexecute=0 rethrow=0 return_oop=0}
                      ; - net.minecraft.server.level.ChunkMap::setChunkUnsaved@8 (line 212)
                      ; - net.minecraft.server.level.ChunkMap$$Lambda/0x00000000447547b0::setUnsaved@5
                      ; - net.minecraft.world.level.chunk.LevelChunk::markUnsaved@21 (line 182)
                      ; - net.minecraft.world.level.chunk.LevelChunk::<init>@295 (line 167)
  0x00007122b56aa850: 0c3a 4dfe 

  0x00007122b56aa854: ;   {post_call_nop}
  0x00007122b56aa854: 0f1f 8400 | 4c39 0087 | bee4 ffff | ff49 8beb | 4c8b 5424 | 304c 8954 | 2420 4c89 | 4424 2848 
  0x00007122b56aa874: 894c 2430 | 4489 6c24 | 3c89 5c24 | 404c 894c | 2448 6690 

  0x00007122b56aa888: ;   {runtime_call UncommonTrapBlob}
  0x00007122b56aa888: c5f8 77e8 

  0x00007122b56aa88c: ; ImmutableOopMap {rbp=Oop [32]=Oop [40]=Oop [48]=Oop [60]=NarrowOop }
                      ;*lastore {reexecute=0 rethrow=0 return_oop=0}
                      ; - it.unimi.dsi.fastutil.longs.LongLinkedOpenHashSet::add@100 (line 450)
                      ; - net.minecraft.server.level.ChunkMap::setChunkUnsaved@8 (line 212)
                      ; - net.minecraft.server.level.ChunkMap$$Lambda/0x00000000447547b0::setUnsaved@5
                      ; - net.minecraft.world.level.chunk.LevelChunk::markUnsaved@21 (line 182)
                      ; - net.minecraft.world.level.chunk.ChunkAccess::setAllStarts@20 (line 218)
                      ; - net.minecraft.world.level.chunk.LevelChunk::<init>@170 (line 155)
  0x00007122b56aa88c: d039 4dfe 

  0x00007122b56aa890: ;   {post_call_nop}
  0x00007122b56aa890: 0f1f 8400 | 8839 0088 | bee4 ffff | ff49 8be9 | 4c8b 5424 | 304c 8954 | 2420 4c89 | 5c24 284c 
  0x00007122b56aa8b0: 8944 2430 | 895c 243c | 894c 2440 | 4889 7c24 | 4866 6690 

  0x00007122b56aa8c4: ;   {runtime_call UncommonTrapBlob}
  0x00007122b56aa8c4: c5f8 77e8 

  0x00007122b56aa8c8: ; ImmutableOopMap {rbp=Oop [32]=Oop [40]=Oop [48]=Oop [60]=NarrowOop }
                      ;*lastore {reexecute=0 rethrow=0 return_oop=0}
                      ; - it.unimi.dsi.fastutil.longs.LongLinkedOpenHashSet::add@100 (line 450)
                      ; - net.minecraft.server.level.ChunkMap::setChunkUnsaved@8 (line 212)
                      ; - net.minecraft.server.level.ChunkMap$$Lambda/0x00000000447547b0::setUnsaved@5
                      ; - net.minecraft.world.level.chunk.LevelChunk::markUnsaved@21 (line 182)
                      ; - net.minecraft.world.level.chunk.ChunkAccess::setAllReferences@20 (line 241)
                      ; - net.minecraft.world.level.chunk.LevelChunk::<init>@178 (line 156)
  0x00007122b56aa8c8: 9439 4dfe 

  0x00007122b56aa8cc: ;   {post_call_nop}
  0x00007122b56aa8cc: 0f1f 8400 | c439 0089 | bee4 ffff | ff48 8b6c | 2430 4c8b | 5424 284c | 8954 2420 | 4489 4c24 
  0x00007122b56aa8ec: 2c89 5c24 | 3048 894c | 2438 6690 

  0x00007122b56aa8f8: ;   {runtime_call UncommonTrapBlob}
  0x00007122b56aa8f8: c5f8 77e8 

  0x00007122b56aa8fc: ; ImmutableOopMap {rbp=Oop [32]=Oop [44]=NarrowOop }
                      ;*lastore {reexecute=0 rethrow=0 return_oop=0}
                      ; - it.unimi.dsi.fastutil.longs.LongLinkedOpenHashSet::add@100 (line 450)
                      ; - net.minecraft.server.level.ChunkMap::setChunkUnsaved@8 (line 212)
                      ; - net.minecraft.server.level.ChunkMap$$Lambda/0x00000000447547b0::setUnsaved@5
                      ; - net.minecraft.world.level.chunk.LevelChunk::markUnsaved@21 (line 182)
                      ; - net.minecraft.world.level.chunk.ChunkAccess::setLightCorrect@6 (line 401)
                      ; - net.minecraft.world.level.chunk.LevelChunk::<init>@291 (line 166)
  0x00007122b56aa8fc: 6039 4dfe 

  0x00007122b56aa900: ;   {post_call_nop}
  0x00007122b56aa900: 0f1f 8400 | f839 008a | bee4 ffff | ff48 8b6c | 2420 4489 | 4424 2489 | 4c24 284c | 894c 2430 
  0x00007122b56aa920: ;   {runtime_call UncommonTrapBlob}
  0x00007122b56aa920: c5f8 77e8 

  0x00007122b56aa924: ; ImmutableOopMap {rbp=Oop [36]=NarrowOop }
                      ;*lastore {reexecute=0 rethrow=0 return_oop=0}
                      ; - it.unimi.dsi.fastutil.longs.LongLinkedOpenHashSet::add@100 (line 450)
                      ; - net.minecraft.server.level.ChunkMap::setChunkUnsaved@8 (line 212)
                      ; - net.minecraft.server.level.ChunkMap$$Lambda/0x00000000447547b0::setUnsaved@5
                      ; - net.minecraft.world.level.chunk.LevelChunk::markUnsaved@21 (line 182)
                      ; - net.minecraft.world.level.chunk.LevelChunk::<init>@295 (line 167)
  0x00007122b56aa924: 3839 4dfe 

  0x00007122b56aa928: ;   {post_call_nop}
  0x00007122b56aa928: 0f1f 8400 | 203a 008b | bee4 ffff | ff48 8b6c | 2420 4c8b | 5c24 304c | 895c 2420 | 4c8b 5c24 
  0x00007122b56aa948: 384c 895c | 2428 4c89 | 4424 3044 | 8954 2438 | 895c 2444 | 4489 4c24 | 4866 6690 

  0x00007122b56aa964: ;   {runtime_call UncommonTrapBlob}
  0x00007122b56aa964: c5f8 77e8 

  0x00007122b56aa968: ; ImmutableOopMap {rbp=Oop [32]=Oop [40]=Oop [48]=Oop [68]=NarrowOop }
                      ;*laload {reexecute=0 rethrow=0 return_oop=0}
                      ; - it.unimi.dsi.fastutil.longs.LongLinkedOpenHashSet::add@139 (line 457)
                      ; - net.minecraft.server.level.ChunkMap::setChunkUnsaved@8 (line 212)
                      ; - net.minecraft.server.level.ChunkMap$$Lambda/0x00000000447547b0::setUnsaved@5
                      ; - net.minecraft.world.level.chunk.LevelChunk::markUnsaved@21 (line 182)
                      ; - net.minecraft.world.level.chunk.ChunkAccess::setAllStarts@20 (line 218)
                      ; - net.minecraft.world.level.chunk.LevelChunk::<init>@170 (line 155)
  0x00007122b56aa968: f438 4dfe 

  0x00007122b56aa96c: ;   {post_call_nop}
  0x00007122b56aa96c: 0f1f 8400 | 643a 008c | bee4 ffff | ff4c 8b5c | 2430 4c89 | 5c24 284c | 8b5c 2438 | 4c89 5c24 
  0x00007122b56aa98c: 304c 8944 | 2438 895c | 2444 4489 | 5424 4890 

  0x00007122b56aa99c: ;   {runtime_call UncommonTrapBlob}
  0x00007122b56aa99c: c5f8 77e8 

  0x00007122b56aa9a0: ; ImmutableOopMap {[32]=Oop [40]=Oop [48]=Oop [56]=Oop [68]=NarrowOop }
                      ;*lastore {reexecute=0 rethrow=0 return_oop=0}
                      ; - it.unimi.dsi.fastutil.longs.LongLinkedOpenHashSet::add@183 (line 458)
                      ; - net.minecraft.server.level.ChunkMap::setChunkUnsaved@8 (line 212)
                      ; - net.minecraft.server.level.ChunkMap$$Lambda/0x00000000447547b0::setUnsaved@5
                      ; - net.minecraft.world.level.chunk.LevelChunk::markUnsaved@21 (line 182)
                      ; - net.minecraft.world.level.chunk.ChunkAccess::setAllStarts@20 (line 218)
                      ; - net.minecraft.world.level.chunk.LevelChunk::<init>@170 (line 155)
  0x00007122b56aa9a0: bc38 4dfe 

  0x00007122b56aa9a4: ;   {post_call_nop}
  0x00007122b56aa9a4: 0f1f 8400 | 9c3a 008d | bee4 ffff | ff4c 894c | 2420 4c8b | 5424 304c | 8954 2428 | 4c89 5c24 
  0x00007122b56aa9c4: 304c 8944 | 2438 894c | 2440 895c | 2448 6690 

  0x00007122b56aa9d4: ;   {runtime_call UncommonTrapBlob}
  0x00007122b56aa9d4: c5f8 77e8 

  0x00007122b56aa9d8: ; ImmutableOopMap {[32]=Oop [40]=Oop [48]=Oop [56]=Oop [72]=NarrowOop }
                      ;*laload {reexecute=0 rethrow=0 return_oop=0}
                      ; - it.unimi.dsi.fastutil.longs.LongLinkedOpenHashSet::add@139 (line 457)
                      ; - net.minecraft.server.level.ChunkMap::setChunkUnsaved@8 (line 212)
                      ; - net.minecraft.server.level.ChunkMap$$Lambda/0x00000000447547b0::setUnsaved@5
                      ; - net.minecraft.world.level.chunk.LevelChunk::markUnsaved@21 (line 182)
                      ; - net.minecraft.world.level.chunk.ChunkAccess::setAllReferences@20 (line 241)
                      ; - net.minecraft.world.level.chunk.LevelChunk::<init>@178 (line 156)
  0x00007122b56aa9d8: 8438 4dfe 

  0x00007122b56aa9dc: ;   {post_call_nop}
  0x00007122b56aa9dc: 0f1f 8400 | d43a 008e | bee4 ffff | ff4c 894c | 2420 4c8b | 5424 304c | 8954 2428 | 4c89 5c24 
  0x00007122b56aa9fc: 304c 8944 | 2438 895c | 2444 894c | 2448 6690 

  0x00007122b56aaa0c: ;   {runtime_call UncommonTrapBlob}
  0x00007122b56aaa0c: c5f8 77e8 

  0x00007122b56aaa10: ; ImmutableOopMap {[32]=Oop [40]=Oop [48]=Oop [56]=Oop [68]=NarrowOop }
                      ;*lastore {reexecute=0 rethrow=0 return_oop=0}
                      ; - it.unimi.dsi.fastutil.longs.LongLinkedOpenHashSet::add@183 (line 458)
                      ; - net.minecraft.server.level.ChunkMap::setChunkUnsaved@8 (line 212)
                      ; - net.minecraft.server.level.ChunkMap$$Lambda/0x00000000447547b0::setUnsaved@5
                      ; - net.minecraft.world.level.chunk.LevelChunk::markUnsaved@21 (line 182)
                      ; - net.minecraft.world.level.chunk.ChunkAccess::setAllReferences@20 (line 241)
                      ; - net.minecraft.world.level.chunk.LevelChunk::<init>@178 (line 156)
  0x00007122b56aaa10: 4c38 4dfe 

  0x00007122b56aaa14: ;   {post_call_nop}
  0x00007122b56aaa14: 0f1f 8400 | 0c3b 008f | bee4 ffff | ff48 8b6c | 2430 4c8b | 5424 284c | 8954 2420 | 895c 2428 
  0x00007122b56aaa34: 4489 5c24 | 3444 894c | 2438 6690 

  0x00007122b56aaa40: ;   {runtime_call UncommonTrapBlob}
  0x00007122b56aaa40: c5f8 77e8 

  0x00007122b56aaa44: ; ImmutableOopMap {rbp=Oop [32]=Oop [52]=NarrowOop }
                      ;*laload {reexecute=0 rethrow=0 return_oop=0}
                      ; - it.unimi.dsi.fastutil.longs.LongLinkedOpenHashSet::add@139 (line 457)
                      ; - net.minecraft.server.level.ChunkMap::setChunkUnsaved@8 (line 212)
                      ; - net.minecraft.server.level.ChunkMap$$Lambda/0x00000000447547b0::setUnsaved@5
                      ; - net.minecraft.world.level.chunk.LevelChunk::markUnsaved@21 (line 182)
                      ; - net.minecraft.world.level.chunk.ChunkAccess::setLightCorrect@6 (line 401)
                      ; - net.minecraft.world.level.chunk.LevelChunk::<init>@291 (line 166)
  0x00007122b56aaa44: 1838 4dfe 

  0x00007122b56aaa48: ;   {post_call_nop}
  0x00007122b56aaa48: 0f1f 8400 | 403b 0090 | bee4 ffff | ff48 8b6c | 2420 894c | 2420 4489 | 4424 2c89 | 7c24 3090 
  0x00007122b56aaa68: ;   {runtime_call UncommonTrapBlob}
  0x00007122b56aaa68: c5f8 77e8 

  0x00007122b56aaa6c: ; ImmutableOopMap {rbp=Oop [44]=NarrowOop }
                      ;*laload {reexecute=0 rethrow=0 return_oop=0}
                      ; - it.unimi.dsi.fastutil.longs.LongLinkedOpenHashSet::add@139 (line 457)
                      ; - net.minecraft.server.level.ChunkMap::setChunkUnsaved@8 (line 212)
                      ; - net.minecraft.server.level.ChunkMap$$Lambda/0x00000000447547b0::setUnsaved@5
                      ; - net.minecraft.world.level.chunk.LevelChunk::markUnsaved@21 (line 182)
                      ; - net.minecraft.world.level.chunk.LevelChunk::<init>@295 (line 167)
  0x00007122b56aaa6c: f037 4dfe 

  0x00007122b56aaa70: ;   {post_call_nop}
  0x00007122b56aaa70: 0f1f 8400 | 683b 0091 | bee4 ffff | ff4c 8b54 | 2430 4c89 | 5424 2044 | 895c 2434 | 895c 2438 
  0x00007122b56aaa90: ;   {runtime_call UncommonTrapBlob}
  0x00007122b56aaa90: c5f8 77e8 

  0x00007122b56aaa94: ; ImmutableOopMap {[32]=Oop [40]=Oop [52]=NarrowOop }
                      ;*lastore {reexecute=0 rethrow=0 return_oop=0}
                      ; - it.unimi.dsi.fastutil.longs.LongLinkedOpenHashSet::add@183 (line 458)
                      ; - net.minecraft.server.level.ChunkMap::setChunkUnsaved@8 (line 212)
                      ; - net.minecraft.server.level.ChunkMap$$Lambda/0x00000000447547b0::setUnsaved@5
                      ; - net.minecraft.world.level.chunk.LevelChunk::markUnsaved@21 (line 182)
                      ; - net.minecraft.world.level.chunk.ChunkAccess::setLightCorrect@6 (line 401)
                      ; - net.minecraft.world.level.chunk.LevelChunk::<init>@291 (line 166)
  0x00007122b56aaa94: c837 4dfe 

  0x00007122b56aaa98: ;   {post_call_nop}
  0x00007122b56aaa98: 0f1f 8400 | 903b 0092 | bee4 ffff | ff44 8944 | 242c 894c | 2430 6690 

  0x00007122b56aaab0: ;   {runtime_call UncommonTrapBlob}
  0x00007122b56aaab0: c5f8 77e8 

  0x00007122b56aaab4: ; ImmutableOopMap {[32]=Oop [44]=NarrowOop }
                      ;*lastore {reexecute=0 rethrow=0 return_oop=0}
                      ; - it.unimi.dsi.fastutil.longs.LongLinkedOpenHashSet::add@183 (line 458)
                      ; - net.minecraft.server.level.ChunkMap::setChunkUnsaved@8 (line 212)
                      ; - net.minecraft.server.level.ChunkMap$$Lambda/0x00000000447547b0::setUnsaved@5
                      ; - net.minecraft.world.level.chunk.LevelChunk::markUnsaved@21 (line 182)
                      ; - net.minecraft.world.level.chunk.LevelChunk::<init>@295 (line 167)
  0x00007122b56aaab4: a837 4dfe 

  0x00007122b56aaab8: ;   {post_call_nop}
  0x00007122b56aaab8: 0f1f 8400 | b03b 0093 | bee4 ffff | ff49 8beb | 4c8b 5424 | 304c 8954 | 2420 4c89 | 4424 2848 
  0x00007122b56aaad8: 894c 2430 | 4c89 4c24 | 3844 896c | 2448 895c | 244c 6690 

  0x00007122b56aaaec: ;   {runtime_call UncommonTrapBlob}
  0x00007122b56aaaec: c5f8 77e8 

  0x00007122b56aaaf0: ; ImmutableOopMap {rbp=Oop [32]=Oop [40]=Oop [48]=Oop [72]=NarrowOop }
                      ;*laload {reexecute=0 rethrow=0 return_oop=0}
                      ; - it.unimi.dsi.fastutil.longs.LongLinkedOpenHashSet::add@78 (line 448)
                      ; - net.minecraft.server.level.ChunkMap::setChunkUnsaved@8 (line 212)
                      ; - net.minecraft.server.level.ChunkMap$$Lambda/0x00000000447547b0::setUnsaved@5
                      ; - net.minecraft.world.level.chunk.LevelChunk::markUnsaved@21 (line 182)
                      ; - net.minecraft.world.level.chunk.ChunkAccess::setAllStarts@20 (line 218)
                      ; - net.minecraft.world.level.chunk.LevelChunk::<init>@170 (line 155)
  0x00007122b56aaaf0: 6c37 4dfe 

  0x00007122b56aaaf4: ;   {post_call_nop}
  0x00007122b56aaaf4: 0f1f 8400 | ec3b 0094 | bee4 ffff | ff49 8be9 | 4c8b 5424 | 304c 8954 | 2420 4c89 | 5c24 284c 
  0x00007122b56aab14: 8944 2430 | 4889 7c24 | 3889 5c24 | 4889 4c24 | 4c66 6690 

  0x00007122b56aab28: ;   {runtime_call UncommonTrapBlob}
  0x00007122b56aab28: c5f8 77e8 

  0x00007122b56aab2c: ; ImmutableOopMap {rbp=Oop [32]=Oop [40]=Oop [48]=Oop [72]=NarrowOop }
                      ;*laload {reexecute=0 rethrow=0 return_oop=0}
                      ; - it.unimi.dsi.fastutil.longs.LongLinkedOpenHashSet::add@78 (line 448)
                      ; - net.minecraft.server.level.ChunkMap::setChunkUnsaved@8 (line 212)
                      ; - net.minecraft.server.level.ChunkMap$$Lambda/0x00000000447547b0::setUnsaved@5
                      ; - net.minecraft.world.level.chunk.LevelChunk::markUnsaved@21 (line 182)
                      ; - net.minecraft.world.level.chunk.ChunkAccess::setAllReferences@20 (line 241)
                      ; - net.minecraft.world.level.chunk.LevelChunk::<init>@178 (line 156)
  0x00007122b56aab2c: 3037 4dfe 

  0x00007122b56aab30: ;   {post_call_nop}
  0x00007122b56aab30: 0f1f 8400 | 283c 0095 | bee4 ffff | ff48 8b6c | 2430 4c8b | 5424 284c | 8954 2420 | 4889 4c24 
  0x00007122b56aab50: 2844 894c | 2438 895c | 243c 6690 

  0x00007122b56aab5c: ;   {runtime_call UncommonTrapBlob}
  0x00007122b56aab5c: c5f8 77e8 

  0x00007122b56aab60: ; ImmutableOopMap {rbp=Oop [32]=Oop [56]=NarrowOop }
                      ;*laload {reexecute=0 rethrow=0 return_oop=0}
                      ; - it.unimi.dsi.fastutil.longs.LongLinkedOpenHashSet::add@78 (line 448)
                      ; - net.minecraft.server.level.ChunkMap::setChunkUnsaved@8 (line 212)
                      ; - net.minecraft.server.level.ChunkMap$$Lambda/0x00000000447547b0::setUnsaved@5
                      ; - net.minecraft.world.level.chunk.LevelChunk::markUnsaved@21 (line 182)
                      ; - net.minecraft.world.level.chunk.ChunkAccess::setLightCorrect@6 (line 401)
                      ; - net.minecraft.world.level.chunk.LevelChunk::<init>@291 (line 166)
  0x00007122b56aab60: fc36 4dfe 

  0x00007122b56aab64: ;   {post_call_nop}
  0x00007122b56aab64: 0f1f 8400 | 5c3c 0096 | bee4 ffff | ff48 8b6c | 2420 4c89 | 4c24 2044 | 8944 2430 | 894c 2434 
  0x00007122b56aab84: ;   {runtime_call UncommonTrapBlob}
  0x00007122b56aab84: c5f8 77e8 

  0x00007122b56aab88: ; ImmutableOopMap {rbp=Oop [48]=NarrowOop }
                      ;*laload {reexecute=0 rethrow=0 return_oop=0}
                      ; - it.unimi.dsi.fastutil.longs.LongLinkedOpenHashSet::add@78 (line 448)
                      ; - net.minecraft.server.level.ChunkMap::setChunkUnsaved@8 (line 212)
                      ; - net.minecraft.server.level.ChunkMap$$Lambda/0x00000000447547b0::setUnsaved@5
                      ; - net.minecraft.world.level.chunk.LevelChunk::markUnsaved@21 (line 182)
                      ; - net.minecraft.world.level.chunk.LevelChunk::<init>@295 (line 167)
  0x00007122b56aab88: d436 4dfe 

  0x00007122b56aab8c: ;   {post_call_nop}
  0x00007122b56aab8c: 0f1f 8400 | 843c 0097 | bee4 ffff | ff49 8beb | 4c8b 5424 | 304c 8954 | 2420 4c89 | 4424 2848 
  0x00007122b56aabac: 894c 2430 | 4c89 4c24 | 3844 896c | 2448 895c | 244c 6690 

  0x00007122b56aabc0: ;   {runtime_call UncommonTrapBlob}
  0x00007122b56aabc0: c5f8 77e8 

  0x00007122b56aabc4: ; ImmutableOopMap {rbp=Oop [32]=Oop [40]=Oop [48]=Oop [72]=NarrowOop }
                      ;*laload {reexecute=0 rethrow=0 return_oop=0}
                      ; - it.unimi.dsi.fastutil.longs.LongLinkedOpenHashSet::add@78 (line 448)
                      ; - net.minecraft.server.level.ChunkMap::setChunkUnsaved@8 (line 212)
                      ; - net.minecraft.server.level.ChunkMap$$Lambda/0x00000000447547b0::setUnsaved@5
                      ; - net.minecraft.world.level.chunk.LevelChunk::markUnsaved@21 (line 182)
                      ; - net.minecraft.world.level.chunk.ChunkAccess::setAllStarts@20 (line 218)
                      ; - net.minecraft.world.level.chunk.LevelChunk::<init>@170 (line 155)
  0x00007122b56aabc4: 9836 4dfe 

  0x00007122b56aabc8: ;   {post_call_nop}
  0x00007122b56aabc8: 0f1f 8400 | c03c 0098 | bee4 ffff | ff49 8be9 | 4c8b 5424 | 304c 8954 | 2420 4c89 | 5c24 284c 
  0x00007122b56aabe8: 8944 2430 | 4889 7c24 | 3889 5c24 | 4889 4c24 | 4c66 6690 

  0x00007122b56aabfc: ;   {runtime_call UncommonTrapBlob}
  0x00007122b56aabfc: c5f8 77e8 

  0x00007122b56aac00: ; ImmutableOopMap {rbp=Oop [32]=Oop [40]=Oop [48]=Oop [72]=NarrowOop }
                      ;*laload {reexecute=0 rethrow=0 return_oop=0}
                      ; - it.unimi.dsi.fastutil.longs.LongLinkedOpenHashSet::add@78 (line 448)
                      ; - net.minecraft.server.level.ChunkMap::setChunkUnsaved@8 (line 212)
                      ; - net.minecraft.server.level.ChunkMap$$Lambda/0x00000000447547b0::setUnsaved@5
                      ; - net.minecraft.world.level.chunk.LevelChunk::markUnsaved@21 (line 182)
                      ; - net.minecraft.world.level.chunk.ChunkAccess::setAllReferences@20 (line 241)
                      ; - net.minecraft.world.level.chunk.LevelChunk::<init>@178 (line 156)
  0x00007122b56aac00: 5c36 4dfe 

  0x00007122b56aac04: ;   {post_call_nop}
  0x00007122b56aac04: 0f1f 8400 | fc3c 0099 | bee4 ffff | ff48 8b6c | 2430 4c8b | d74c 8954 | 2420 4889 | 4c24 2844 
  0x00007122b56aac24: 894c 2438 | 895c 243c 

  0x00007122b56aac2c: ;   {runtime_call UncommonTrapBlob}
  0x00007122b56aac2c: c5f8 77e8 

  0x00007122b56aac30: ; ImmutableOopMap {rbp=Oop [32]=Oop [56]=NarrowOop }
                      ;*laload {reexecute=0 rethrow=0 return_oop=0}
                      ; - it.unimi.dsi.fastutil.longs.LongLinkedOpenHashSet::add@78 (line 448)
                      ; - net.minecraft.server.level.ChunkMap::setChunkUnsaved@8 (line 212)
                      ; - net.minecraft.server.level.ChunkMap$$Lambda/0x00000000447547b0::setUnsaved@5
                      ; - net.minecraft.world.level.chunk.LevelChunk::markUnsaved@21 (line 182)
                      ; - net.minecraft.world.level.chunk.ChunkAccess::setLightCorrect@6 (line 401)
                      ; - net.minecraft.world.level.chunk.LevelChunk::<init>@291 (line 166)
  0x00007122b56aac30: 2c36 4dfe 

  0x00007122b56aac34: ;   {post_call_nop}
  0x00007122b56aac34: 0f1f 8400 | 2c3d 009a | bee4 ffff | ff48 8b6c | 2420 4c89 | 4c24 2044 | 8944 2430 | 894c 2434 
  0x00007122b56aac54: ;   {runtime_call UncommonTrapBlob}
  0x00007122b56aac54: c5f8 77e8 

  0x00007122b56aac58: ; ImmutableOopMap {rbp=Oop [48]=NarrowOop }
                      ;*laload {reexecute=0 rethrow=0 return_oop=0}
                      ; - it.unimi.dsi.fastutil.longs.LongLinkedOpenHashSet::add@78 (line 448)
                      ; - net.minecraft.server.level.ChunkMap::setChunkUnsaved@8 (line 212)
                      ; - net.minecraft.server.level.ChunkMap$$Lambda/0x00000000447547b0::setUnsaved@5
                      ; - net.minecraft.world.level.chunk.LevelChunk::markUnsaved@21 (line 182)
                      ; - net.minecraft.world.level.chunk.LevelChunk::<init>@295 (line 167)
  0x00007122b56aac58: 0436 4dfe 

  0x00007122b56aac5c: ;   {post_call_nop}
  0x00007122b56aac5c: 0f1f 8400 | 543d 009b | bee4 ffff | ff48 8b6c | 2420 4c8b | 5424 304c | 8954 2420 | 4c8b 5424 
  0x00007122b56aac7c: 384c 8954 | 2428 4889 | 4c24 3089 | 5c24 3844 | 895c 243c 

  0x00007122b56aac90: ;   {runtime_call UncommonTrapBlob}
  0x00007122b56aac90: c5f8 77e8 

  0x00007122b56aac94: ; ImmutableOopMap {rbp=Oop [32]=Oop [40]=Oop [48]=Oop [56]=NarrowOop }
                      ;*lastore {reexecute=0 rethrow=0 return_oop=0}
                      ; - it.unimi.dsi.fastutil.longs.LongLinkedOpenHashSet::add@126 (line 455)
                      ; - net.minecraft.server.level.ChunkMap::setChunkUnsaved@8 (line 212)
                      ; - net.minecraft.server.level.ChunkMap$$Lambda/0x00000000447547b0::setUnsaved@5
                      ; - net.minecraft.world.level.chunk.LevelChunk::markUnsaved@21 (line 182)
                      ; - net.minecraft.world.level.chunk.ChunkAccess::setAllStarts@20 (line 218)
                      ; - net.minecraft.world.level.chunk.LevelChunk::<init>@170 (line 155)
  0x00007122b56aac94: c835 4dfe 

  0x00007122b56aac98: ;   {post_call_nop}
  0x00007122b56aac98: 0f1f 8400 | 903d 009c | bee4 ffff | ff49 8be9 | 4c8b 5424 | 304c 8954 | 2420 4c89 | 5c24 284c 
  0x00007122b56aacb8: 8944 2430 | 895c 2438 | 894c 243c 

  0x00007122b56aacc4: ;   {runtime_call UncommonTrapBlob}
  0x00007122b56aacc4: c5f8 77e8 

  0x00007122b56aacc8: ; ImmutableOopMap {rbp=Oop [32]=Oop [40]=Oop [48]=Oop [56]=NarrowOop }
                      ;*lastore {reexecute=0 rethrow=0 return_oop=0}
                      ; - it.unimi.dsi.fastutil.longs.LongLinkedOpenHashSet::add@126 (line 455)
                      ; - net.minecraft.server.level.ChunkMap::setChunkUnsaved@8 (line 212)
                      ; - net.minecraft.server.level.ChunkMap$$Lambda/0x00000000447547b0::setUnsaved@5
                      ; - net.minecraft.world.level.chunk.LevelChunk::markUnsaved@21 (line 182)
                      ; - net.minecraft.world.level.chunk.ChunkAccess::setAllReferences@20 (line 241)
                      ; - net.minecraft.world.level.chunk.LevelChunk::<init>@178 (line 156)
  0x00007122b56aacc8: 9435 4dfe 

  0x00007122b56aaccc: ;   {post_call_nop}
  0x00007122b56aaccc: 0f1f 8400 | c43d 009d | bee4 ffff | ff48 8b6c | 2430 4c89 | 5424 2044 | 895c 2428 | 895c 242c 
  0x00007122b56aacec: ;   {runtime_call UncommonTrapBlob}
  0x00007122b56aacec: c5f8 77e8 

  0x00007122b56aacf0: ; ImmutableOopMap {rbp=Oop [32]=Oop [40]=NarrowOop }
                      ;*lastore {reexecute=0 rethrow=0 return_oop=0}
                      ; - it.unimi.dsi.fastutil.longs.LongLinkedOpenHashSet::add@126 (line 455)
                      ; - net.minecraft.server.level.ChunkMap::setChunkUnsaved@8 (line 212)
                      ; - net.minecraft.server.level.ChunkMap$$Lambda/0x00000000447547b0::setUnsaved@5
                      ; - net.minecraft.world.level.chunk.LevelChunk::markUnsaved@21 (line 182)
                      ; - net.minecraft.world.level.chunk.ChunkAccess::setLightCorrect@6 (line 401)
                      ; - net.minecraft.world.level.chunk.LevelChunk::<init>@291 (line 166)
  0x00007122b56aacf0: 6c35 4dfe 

  0x00007122b56aacf4: ;   {post_call_nop}
  0x00007122b56aacf4: 0f1f 8400 | ec3d 009e | bee4 ffff | ff48 8b6c | 2420 4489 | 4424 2089 | 4c24 2490 

  0x00007122b56aad10: ;   {runtime_call UncommonTrapBlob}
  0x00007122b56aad10: c5f8 77e8 

  0x00007122b56aad14: ; ImmutableOopMap {rbp=Oop [32]=NarrowOop }
                      ;*lastore {reexecute=0 rethrow=0 return_oop=0}
                      ; - it.unimi.dsi.fastutil.longs.LongLinkedOpenHashSet::add@126 (line 455)
                      ; - net.minecraft.server.level.ChunkMap::setChunkUnsaved@8 (line 212)
                      ; - net.minecraft.server.level.ChunkMap$$Lambda/0x00000000447547b0::setUnsaved@5
                      ; - net.minecraft.world.level.chunk.LevelChunk::markUnsaved@21 (line 182)
                      ; - net.minecraft.world.level.chunk.LevelChunk::<init>@295 (line 167)
  0x00007122b56aad14: 4835 4dfe 

  0x00007122b56aad18: ;   {post_call_nop}
  0x00007122b56aad18: 0f1f 8400 | 103e 009f | be5e ffff | ff41 ba00 | 0000 414d | 03d1 4d8b | 5270 498b | 2a4c 8b54 
  0x00007122b56aad38: 2430 4c89 | 5424 284c | 895c 2430 | 4489 4424 | 4066 6690 

  0x00007122b56aad4c: ;   {runtime_call UncommonTrapBlob}
  0x00007122b56aad4c: c5f8 77e8 

  0x00007122b56aad50: ; ImmutableOopMap {rbp=Oop [40]=Oop [48]=Oop [56]=Oop [64]=NarrowOop }
                      ;*if_acmpne {reexecute=1 rethrow=0 return_oop=0}
                      ; - (reexecute) java.util.Collections::unmodifiableMap@8 (line 1634)
                      ; - net.minecraft.world.level.chunk.ChunkAccess::getAllStarts@4 (line 212)
                      ; - net.minecraft.world.level.chunk.LevelChunk::<init>@167 (line 155)
  0x00007122b56aad50: 0c35 4dfe 

  0x00007122b56aad54: ;   {post_call_nop}
  0x00007122b56aad54: 0f1f 8400 | 4c3e 00a0 | be5e ffff | ffb9 0000 | 0041 4903 | ca4c 8b51 | 7049 8b2a | 4c8b 5424 
  0x00007122b56aad74: 304c 8954 | 2428 4c89 | 5c24 304c | 894c 2438 | 4489 4424 | 4066 6690 

  0x00007122b56aad8c: ;   {runtime_call UncommonTrapBlob}
  0x00007122b56aad8c: c5f8 77e8 

  0x00007122b56aad90: ; ImmutableOopMap {rbp=Oop [40]=Oop [48]=Oop [56]=Oop [64]=NarrowOop }
                      ;*if_acmpne {reexecute=1 rethrow=0 return_oop=0}
                      ; - (reexecute) java.util.Collections::unmodifiableMap@8 (line 1634)
                      ; - net.minecraft.world.level.chunk.ChunkAccess::getAllReferences@4 (line 234)
                      ; - net.minecraft.world.level.chunk.LevelChunk::<init>@175 (line 156)
  0x00007122b56aad90: cc34 4dfe 

  0x00007122b56aad94: ;   {post_call_nop}
  0x00007122b56aad94: 0f1f 8400 | 8c3e 00a1 | bede ffff | ff48 8b6c | 2430 4c8b | 5424 284c | 8954 2420 | 4889 4424 
  0x00007122b56aadb4: 2866 6690 

  0x00007122b56aadb8: ;   {runtime_call UncommonTrapBlob}
  0x00007122b56aadb8: c5f8 77e8 

  0x00007122b56aadbc: ; ImmutableOopMap {rbp=Oop [32]=Oop [40]=Oop [72]=Oop [80]=Oop }
                      ;*checkcast {reexecute=0 rethrow=0 return_oop=0}
                      ; - net.minecraft.world.level.chunk.LevelChunk::<init>@224 (line 159)
  0x00007122b56aadbc: a034 4dfe 

  0x00007122b56aadc0: ;   {post_call_nop}
  0x00007122b56aadc0: 0f1f 8400 | b83e 00a2 | bede ffff | ff48 8b6c | 2430 4c8b | 5424 284c | 8954 2420 | 4c89 5c24 
  0x00007122b56aade0: 3089 4c24 | 384c 8b54 | 2448 4c89 | 5424 4090 

  0x00007122b56aadf0: ;   {runtime_call UncommonTrapBlob}
  0x00007122b56aadf0: c5f8 77e8 

  0x00007122b56aadf4: ; ImmutableOopMap {rbp=Oop [32]=Oop [48]=Oop [56]=NarrowOop [64]=Oop [80]=Oop }
                      ;*checkcast {reexecute=0 rethrow=0 return_oop=0}
                      ; - net.minecraft.world.level.chunk.LevelChunk::<init>@256 (line 161)
  0x00007122b56aadf4: 6834 4dfe 

  0x00007122b56aadf8: ;   {post_call_nop}
  0x00007122b56aadf8: 0f1f 8400 | f03e 00a3 | bede ffff | ff4c 8b54 | 2448 4c89 | 5424 4090 

  0x00007122b56aae10: ;   {runtime_call UncommonTrapBlob}
  0x00007122b56aae10: c5f8 77e8 

  0x00007122b56aae14: ; ImmutableOopMap {rbp=NarrowOop [40]=Oop [48]=Oop [64]=Oop [80]=Oop [88]=Oop }
                      ;*checkcast {reexecute=0 rethrow=0 return_oop=0}
                      ; - net.minecraft.world.level.chunk.LevelChunk::<init>@266 (line 161)
  0x00007122b56aae14: 4834 4dfe 

  0x00007122b56aae18: ;   {post_call_nop}
  0x00007122b56aae18: 0f1f 8400 | 103f 00a4 | bede ffff | ff48 8b6c | 2430 4c8b | 5424 284c | 8954 2420 | 4c89 5c24 
  0x00007122b56aae38: 4866 6690 

  0x00007122b56aae3c: ;   {runtime_call UncommonTrapBlob}
  0x00007122b56aae3c: c5f8 77e8 

  0x00007122b56aae40: ; ImmutableOopMap {rbp=Oop [32]=Oop [64]=Oop [72]=Oop [88]=Oop [96]=NarrowOop [104]=Oop }
                      ;*checkcast {reexecute=0 rethrow=0 return_oop=0}
                      ; - net.minecraft.world.level.chunk.ChunkAccess::getOrCreateHeightmapUnprimed@16 (line 175)
                      ; - net.minecraft.world.level.chunk.ChunkAccess::setHeightmap@2 (line 171)
                      ; - net.minecraft.world.level.chunk.LevelChunk::<init>@272 (line 161)
  0x00007122b56aae40: 1c34 4dfe 

  0x00007122b56aae44: ;   {post_call_nop}
  0x00007122b56aae44: 0f1f 8400 | 3c3f 00a5 | bef4 ffff | ff48 8b6c | 2438 4c8b | 5424 304c | 8954 2420 

  0x00007122b56aae60: ;   {runtime_call UncommonTrapBlob}
  0x00007122b56aae60: c5f8 77e8 

  0x00007122b56aae64: ; ImmutableOopMap {rbp=Oop [32]=Oop [64]=Oop [72]=Oop [80]=Oop }
                      ;*checkcast {reexecute=0 rethrow=0 return_oop=0}
                      ; - java.util.HashMap::putMapEntries@127 (line 520)
                      ; - java.util.HashMap::putAll@3 (line 792)
                      ; - net.minecraft.world.level.chunk.LevelChunk::<init>@127 (line 149)
  0x00007122b56aae64: f833 4dfe 

  0x00007122b56aae68: ;   {post_call_nop}
  0x00007122b56aae68: 0f1f 8400 | 603f 00a6 | bef6 ffff | ff66 6690 

  0x00007122b56aae78: ;   {runtime_call UncommonTrapBlob}
  0x00007122b56aae78: c5f8 77e8 

  0x00007122b56aae7c: ; ImmutableOopMap {}
                      ;*invokevirtual getPos {reexecute=0 rethrow=0 return_oop=0}
                      ; - net.minecraft.world.level.chunk.LevelChunk::<init>@3 (line 132)
  0x00007122b56aae7c: e033 4dfe 

  0x00007122b56aae80: ;   {post_call_nop}
  0x00007122b56aae80: 0f1f 8400 | 783f 00a7 | bef6 ffff | ff66 6690 

  0x00007122b56aae90: ;   {runtime_call UncommonTrapBlob}
  0x00007122b56aae90: c5f8 77e8 

  0x00007122b56aae94: ; ImmutableOopMap {}
                      ;*invokeinterface keySet {reexecute=0 rethrow=0 return_oop=0}
                      ; - net.minecraft.world.level.chunk.LevelChunk::<init>@38 (line 141)
  0x00007122b56aae94: c833 4dfe 

  0x00007122b56aae98: ;   {post_call_nop}
  0x00007122b56aae98: 0f1f 8400 | 903f 00a8 | bef6 ffff | ff66 6690 

  0x00007122b56aaea8: ;   {runtime_call UncommonTrapBlob}
  0x00007122b56aaea8: c5f8 77e8 

  0x00007122b56aaeac: ; ImmutableOopMap {}
                      ;*invokeinterface keySet {reexecute=0 rethrow=0 return_oop=0}
                      ; - net.minecraft.world.level.chunk.LevelChunk::<init>@47 (line 141)
  0x00007122b56aaeac: b033 4dfe 

  0x00007122b56aaeb0: ;   {post_call_nop}
  0x00007122b56aaeb0: 0f1f 8400 | a83f 00a9 | bef6 ffff | ff66 6690 

  0x00007122b56aaec0: ;   {runtime_call UncommonTrapBlob}
  0x00007122b56aaec0: c5f8 77e8 

  0x00007122b56aaec4: ; ImmutableOopMap {}
                      ;*invokeinterface values {reexecute=0 rethrow=0 return_oop=0}
                      ; - net.minecraft.world.level.chunk.LevelChunk::<init>@76 (line 145)
  0x00007122b56aaec4: 9833 4dfe 

  0x00007122b56aaec8: ;   {post_call_nop}
  0x00007122b56aaec8: 0f1f 8400 | c03f 00aa | bef6 ffff | ff66 6690 

  0x00007122b56aaed8: ;   {runtime_call UncommonTrapBlob}
  0x00007122b56aaed8: c5f8 77e8 

  0x00007122b56aaedc: ; ImmutableOopMap {}
                      ;*getfield n {reexecute=1 rethrow=0 return_oop=0}
                      ; - (reexecute) it.unimi.dsi.fastutil.objects.Object2ObjectOpenHashMap$MapIterator::<init>@14 (line 614)
                      ; - it.unimi.dsi.fastutil.objects.Object2ObjectOpenHashMap$MapIterator::<init>@2 (line 608)
                      ; - it.unimi.dsi.fastutil.objects.Object2ObjectOpenHashMap$ValueIterator::<init>@8 (line 1145)
                      ; - it.unimi.dsi.fastutil.objects.Object2ObjectOpenHashMap$1::iterator@8 (line 1193)
                      ; - it.unimi.dsi.fastutil.objects.Object2ObjectOpenHashMap$1::iterator@1 (line 1190)
                      ; - net.minecraft.world.level.chunk.LevelChunk::<init>@81 (line 145)
  0x00007122b56aaedc: 8033 4dfe 

  0x00007122b56aaee0: ;   {post_call_nop}
  0x00007122b56aaee0: 0f1f 8400 | d83f 00ab | bef6 ffff | ff48 8be8 

  0x00007122b56aaef0: ;   {runtime_call UncommonTrapBlob}
  0x00007122b56aaef0: c5f8 77e8 

  0x00007122b56aaef4: ; ImmutableOopMap {rbp=Oop }
                      ;*invokeinterface putAll {reexecute=0 rethrow=0 return_oop=0}
                      ; - net.minecraft.world.level.chunk.LevelChunk::<init>@127 (line 149)
  0x00007122b56aaef4: 6833 4dfe 

  0x00007122b56aaef8: ;   {post_call_nop}
  0x00007122b56aaef8: 0f1f 8400 | f03f 00ac | bef6 ffff | ff66 6690 

  0x00007122b56aaf08: ;   {runtime_call UncommonTrapBlob}
  0x00007122b56aaf08: c5f8 77e8 

  0x00007122b56aaf0c: ; ImmutableOopMap {}
                      ;*invokeinterface size {reexecute=0 rethrow=0 return_oop=0}
                      ; - java.util.HashMap::putMapEntries@1 (line 504)
                      ; - java.util.HashMap::putAll@3 (line 792)
                      ; - net.minecraft.world.level.chunk.LevelChunk::<init>@127 (line 149)
  0x00007122b56aaf0c: 5033 4dfe 

  0x00007122b56aaf10: ;   {post_call_nop}
  0x00007122b56aaf10: 0f1f 8400 | 0840 00ad | bef6 ffff | ff66 6690 

  0x00007122b56aaf20: ;   {runtime_call UncommonTrapBlob}
  0x00007122b56aaf20: c5f8 77e8 

  0x00007122b56aaf24: ; ImmutableOopMap {}
                      ;*arraylength {reexecute=0 rethrow=0 return_oop=0}
                      ; - net.minecraft.world.level.chunk.LevelChunk::<init>@141 (line 151)
  0x00007122b56aaf24: 3833 4dfe 

  0x00007122b56aaf28: ;   {post_call_nop}
  0x00007122b56aaf28: 0f1f 8400 | 2040 00ae | bef6 ffff | ff66 6690 

  0x00007122b56aaf38: ;   {runtime_call UncommonTrapBlob}
  0x00007122b56aaf38: c5f8 77e8 

  0x00007122b56aaf3c: ; ImmutableOopMap {rbp=NarrowOop }
                      ;*aastore {reexecute=1 rethrow=0 return_oop=0}
                      ; - (reexecute) net.minecraft.world.level.chunk.LevelChunk::<init>@158 (line 152)
  0x00007122b56aaf3c: 2033 4dfe 

  0x00007122b56aaf40: ;   {post_call_nop}
  0x00007122b56aaf40: 0f1f 8400 | 3840 00af | bef4 ffff | ff4c 8b54 | 2430 4c89 | 5424 2090 

  0x00007122b56aaf58: ;   {runtime_call UncommonTrapBlob}
  0x00007122b56aaf58: c5f8 77e8 

  0x00007122b56aaf5c: ; ImmutableOopMap {rbp=Oop [32]=Oop [40]=Oop [56]=Oop [64]=Oop }
                      ;*checkcast {reexecute=0 rethrow=0 return_oop=0}
                      ; - java.util.HashMap::putMapEntries@127 (line 520)
                      ; - java.util.HashMap::putAll@3 (line 792)
                      ; - net.minecraft.world.level.chunk.ChunkAccess::setAllStarts@14 (line 217)
                      ; - net.minecraft.world.level.chunk.LevelChunk::<init>@170 (line 155)
  0x00007122b56aaf5c: 0033 4dfe 

  0x00007122b56aaf60: ;   {post_call_nop}
  0x00007122b56aaf60: 0f1f 8400 | 5840 00b0 | bef4 ffff | ff4c 8b54 | 2430 4c89 | 5424 2090 

  0x00007122b56aaf78: ;   {runtime_call UncommonTrapBlob}
  0x00007122b56aaf78: c5f8 77e8 

  0x00007122b56aaf7c: ; ImmutableOopMap {rbp=Oop [32]=Oop [40]=Oop [56]=Oop [72]=Oop }
                      ;*checkcast {reexecute=0 rethrow=0 return_oop=0}
                      ; - java.util.HashMap::putMapEntries@127 (line 520)
                      ; - java.util.HashMap::putAll@3 (line 792)
                      ; - net.minecraft.world.level.chunk.ChunkAccess::setAllReferences@14 (line 240)
                      ; - net.minecraft.world.level.chunk.LevelChunk::<init>@178 (line 156)
  0x00007122b56aaf7c: e032 4dfe 

  0x00007122b56aaf80: ;   {post_call_nop}
  0x00007122b56aaf80: 0f1f 8400 | 7840 00b1 | bef4 ffff | ff48 8b6c | 2430 4c8b | 5424 284c | 8954 2420 

  0x00007122b56aaf9c: ;   {runtime_call UncommonTrapBlob}
  0x00007122b56aaf9c: c5f8 77e8 

  0x00007122b56aafa0: ; ImmutableOopMap {rbp=Oop [32]=Oop [72]=Oop [80]=Oop }
                      ;*checkcast {reexecute=0 rethrow=0 return_oop=0}
                      ; - net.minecraft.world.level.chunk.LevelChunk::<init>@224 (line 159)
  0x00007122b56aafa0: bc32 4dfe 

  0x00007122b56aafa4: ;   {post_call_nop}
  0x00007122b56aafa4: 0f1f 8400 | 9c40 00b2 | bef6 ffff | ff66 6690 

  0x00007122b56aafb4: ;   {runtime_call UncommonTrapBlob}
  0x00007122b56aafb4: c5f8 77e8 

  0x00007122b56aafb8: ; ImmutableOopMap {}
                      ;*getfield this$0 {reexecute=1 rethrow=0 return_oop=0}
                      ; - (reexecute) java.util.EnumMap$EntryIterator$Entry::getKey@8 (line 589)
                      ; - java.util.EnumMap$EntryIterator$Entry::getKey@1 (line 580)
                      ; - net.minecraft.world.level.chunk.LevelChunk::<init>@237 (line 160)
  0x00007122b56aafb8: a432 4dfe 

  0x00007122b56aafbc: ;   {post_call_nop}
  0x00007122b56aafbc: 0f1f 8400 | b440 00b3 | bef6 ffff | ff66 6690 

  0x00007122b56aafcc: ;   {runtime_call UncommonTrapBlob}
  0x00007122b56aafcc: c5f8 77e8 

  0x00007122b56aafd0: ; ImmutableOopMap {}
                      ;*getfield keyUniverse {reexecute=1 rethrow=0 return_oop=0}
                      ; - (reexecute) java.util.EnumMap$EntryIterator$Entry::getKey@11 (line 589)
                      ; - java.util.EnumMap$EntryIterator$Entry::getKey@1 (line 580)
                      ; - net.minecraft.world.level.chunk.LevelChunk::<init>@237 (line 160)
  0x00007122b56aafd0: 8c32 4dfe 

  0x00007122b56aafd4: ;   {post_call_nop}
  0x00007122b56aafd4: 0f1f 8400 | cc40 00b4 | bef6 ffff | ff41 8bea 

  0x00007122b56aafe4: ;   {runtime_call UncommonTrapBlob}
  0x00007122b56aafe4: c5f8 77e8 

  0x00007122b56aafe8: ; ImmutableOopMap {}
                      ;*aaload {reexecute=0 rethrow=0 return_oop=0}
                      ; - java.util.EnumMap$EntryIterator$Entry::getKey@18 (line 589)
                      ; - java.util.EnumMap$EntryIterator$Entry::getKey@1 (line 580)
                      ; - net.minecraft.world.level.chunk.LevelChunk::<init>@237 (line 160)
  0x00007122b56aafe8: 7432 4dfe 

  0x00007122b56aafec: ;   {post_call_nop}
  0x00007122b56aafec: 0f1f 8400 | e440 00b5 | bef6 ffff | ff8b e990 

  0x00007122b56aaffc: ;   {runtime_call UncommonTrapBlob}
  0x00007122b56aaffc: c5f8 77e8 

  0x00007122b56ab000: ; ImmutableOopMap {rbp=NarrowOop }
                      ;*invokevirtual contains {reexecute=0 rethrow=0 return_oop=0}
                      ; - net.minecraft.world.level.chunk.LevelChunk::<init>@242 (line 160)
  0x00007122b56ab000: 5c32 4dfe 

  0x00007122b56ab004: ;   {post_call_nop}
  0x00007122b56ab004: 0f1f 8400 | fc40 00b6 | bef6 ffff | ff41 8bea 

  0x00007122b56ab014: ;   {runtime_call UncommonTrapBlob}
  0x00007122b56ab014: c5f8 77e8 

  0x00007122b56ab018: ; ImmutableOopMap {}
                      ;*aaload {reexecute=0 rethrow=0 return_oop=0}
                      ; - java.util.EnumMap$EntryIterator$Entry::getValue@25 (line 594)
                      ; - net.minecraft.world.level.chunk.LevelChunk::<init>@261 (line 161)
  0x00007122b56ab018: 4432 4dfe 

  0x00007122b56ab01c: ;   {post_call_nop}
  0x00007122b56ab01c: 0f1f 8400 | 1441 00b7 | bef6 ffff | ff66 6690 

  0x00007122b56ab02c: ;   {runtime_call UncommonTrapBlob}
  0x00007122b56ab02c: c5f8 77e8 

  0x00007122b56ab030: ; ImmutableOopMap {}
                      ;*invokeinterface getRaw {reexecute=0 rethrow=0 return_oop=0}
                      ; - net.minecraft.world.level.levelgen.Heightmap::getRawData@4 (line 137)
                      ; - net.minecraft.world.level.chunk.LevelChunk::<init>@269 (line 161)
  0x00007122b56ab030: 2c32 4dfe 

  0x00007122b56ab034: ;   {post_call_nop}
  0x00007122b56ab034: 0f1f 8400 | 2c41 00b8 | bef6 ffff | ff48 8b6c | 2430 6690 

  0x00007122b56ab048: ;   {runtime_call UncommonTrapBlob}
  0x00007122b56ab048: c5f8 77e8 

  0x00007122b56ab04c: ; ImmutableOopMap {rbp=Oop [88]=Oop }
                      ;*invokeinterface computeIfAbsent {reexecute=0 rethrow=0 return_oop=0}
                      ; - net.minecraft.world.level.chunk.ChunkAccess::getOrCreateHeightmapUnprimed@11 (line 175)
                      ; - net.minecraft.world.level.chunk.ChunkAccess::setHeightmap@2 (line 171)
                      ; - net.minecraft.world.level.chunk.LevelChunk::<init>@272 (line 161)
  0x00007122b56ab04c: 1032 4dfe 

  0x00007122b56ab050: ;   {post_call_nop}
  0x00007122b56ab050: 0f1f 8400 | 4841 00b9 | bef6 ffff | ff41 8be9 

  0x00007122b56ab060: ;   {runtime_call UncommonTrapBlob}
  0x00007122b56ab060: c5f8 77e8 

  0x00007122b56ab064: ; ImmutableOopMap {}
                      ;*aaload {reexecute=0 rethrow=0 return_oop=0}
                      ; - java.util.EnumMap::get@20 (line 248)
                      ; - java.util.Map::computeIfAbsent@7 (line 1065)
                      ; - net.minecraft.world.level.chunk.ChunkAccess::getOrCreateHeightmapUnprimed@11 (line 175)
                      ; - net.minecraft.world.level.chunk.ChunkAccess::setHeightmap@2 (line 171)
                      ; - net.minecraft.world.level.chunk.LevelChunk::<init>@272 (line 161)
  0x00007122b56ab064: f831 4dfe 

  0x00007122b56ab068: ;   {post_call_nop}
  0x00007122b56ab068: 0f1f 8400 | 6041 00ba | bef6 ffff | ff66 6690 

  0x00007122b56ab078: ;   {runtime_call UncommonTrapBlob}
  0x00007122b56ab078: c5f8 77e8 

  0x00007122b56ab07c: ; ImmutableOopMap {}
                      ;*invokeinterface getRaw {reexecute=0 rethrow=0 return_oop=0}
                      ; - net.minecraft.world.level.levelgen.Heightmap::setRawData@4 (line 127)
                      ; - net.minecraft.world.level.chunk.ChunkAccess::setHeightmap@8 (line 171)
                      ; - net.minecraft.world.level.chunk.LevelChunk::<init>@272 (line 161)
  0x00007122b56ab07c: e031 4dfe 

  0x00007122b56ab080: ;   {post_call_nop}
  0x00007122b56ab080: 0f1f 8400 | 7841 00bb | bef6 ffff | ff66 6690 

  0x00007122b56ab090: ;   {runtime_call UncommonTrapBlob}
  0x00007122b56ab090: c5f8 77e8 

  0x00007122b56ab094: ; ImmutableOopMap {}
                      ;*arraylength {reexecute=0 rethrow=0 return_oop=0}
                      ; - net.minecraft.world.level.levelgen.Heightmap::setRawData@13 (line 128)
                      ; - net.minecraft.world.level.chunk.ChunkAccess::setHeightmap@8 (line 171)
                      ; - net.minecraft.world.level.chunk.LevelChunk::<init>@272 (line 161)
  0x00007122b56ab094: c831 4dfe 

  0x00007122b56ab098: ;   {post_call_nop}
  0x00007122b56ab098: 0f1f 8400 | 9041 00bc | bef6 ffff | ff66 6690 

  0x00007122b56ab0a8: ;   {runtime_call UncommonTrapBlob}
  0x00007122b56ab0a8: c5f8 77e8 

  0x00007122b56ab0ac: ; ImmutableOopMap {}
                      ;*arraylength {reexecute=0 rethrow=0 return_oop=0}
                      ; - net.minecraft.world.level.levelgen.Heightmap::setRawData@15 (line 128)
                      ; - net.minecraft.world.level.chunk.ChunkAccess::setHeightmap@8 (line 171)
                      ; - net.minecraft.world.level.chunk.LevelChunk::<init>@272 (line 161)
  0x00007122b56ab0ac: b031 4dfe 

  0x00007122b56ab0b0: ;   {post_call_nop}
  0x00007122b56ab0b0: 0f1f 8400 | a841 00bd | bef6 ffff | ff41 8be8 

  0x00007122b56ab0c0: ;   {runtime_call UncommonTrapBlob}
  0x00007122b56ab0c0: c5f8 77e8 

  0x00007122b56ab0c4: ; ImmutableOopMap {}
                      ;*aaload {reexecute=0 rethrow=0 return_oop=0}
                      ; - java.util.EnumMap::put@15 (line 271)
                      ; - java.util.EnumMap::put@6 (line 81)
                      ; - java.util.Map::computeIfAbsent@34 (line 1068)
                      ; - net.minecraft.world.level.chunk.ChunkAccess::getOrCreateHeightmapUnprimed@11 (line 175)
                      ; - net.minecraft.world.level.chunk.ChunkAccess::setHeightmap@2 (line 171)
                      ; - net.minecraft.world.level.chunk.LevelChunk::<init>@272 (line 161)
  0x00007122b56ab0c4: 9831 4dfe 

  0x00007122b56ab0c8: ;   {post_call_nop}
  0x00007122b56ab0c8: 0f1f 8400 | c041 00be | be45 ffff | ff48 8b6c | 2430 4c8b | 5424 284c | 8954 2420 | 4c89 5c24 
  0x00007122b56ab0e8: 2889 4c24 | 3466 6690 

  0x00007122b56ab0f0: ;   {runtime_call UncommonTrapBlob}
  0x00007122b56ab0f0: c5f8 77e8 

  0x00007122b56ab0f4: ; ImmutableOopMap {rbp=Oop [32]=Oop [40]=Oop [52]=NarrowOop [72]=Oop [80]=Oop }
                      ;*ifnonnull {reexecute=1 rethrow=0 return_oop=0}
                      ; - (reexecute) java.util.RegularEnumSet::contains@1 (line 142)
                      ; - net.minecraft.world.level.chunk.LevelChunk::<init>@242 (line 160)
  0x00007122b56ab0f4: 6831 4dfe 

  0x00007122b56ab0f8: ;   {post_call_nop}
  0x00007122b56ab0f8: 0f1f 8400 | f041 00bf | bef4 ffff | ff4c 8b54 | 2438 4c89 | 5424 204c | 8b54 2430 | 4c89 5424 
  0x00007122b56ab118: 2866 6690 

  0x00007122b56ab11c: ;   {runtime_call UncommonTrapBlob}
  0x00007122b56ab11c: c5f8 77e8 

  0x00007122b56ab120: ; ImmutableOopMap {[32]=Oop [40]=Oop [64]=Oop [72]=Oop }
                      ;*instanceof {reexecute=0 rethrow=0 return_oop=0}
                      ; - java.util.Collections::disjoint@19 (line 5922)
                      ; - net.minecraft.world.level.chunk.LevelChunk::<init>@52 (line 141)
  0x00007122b56ab120: 3c31 4dfe 

  0x00007122b56ab124: ;   {post_call_nop}
  0x00007122b56ab124: 0f1f 8400 | 1c42 00c0 | bef6 ffff | ff66 6690 

  0x00007122b56ab134: ;   {runtime_call UncommonTrapBlob}
  0x00007122b56ab134: c5f8 77e8 

  0x00007122b56ab138: ; ImmutableOopMap {}
                      ;*invokeinterface getClass {reexecute=0 rethrow=0 return_oop=0}
                      ; - java.util.Collections::unmodifiableMap@1 (line 1634)
                      ; - net.minecraft.world.level.chunk.ChunkAccess::getAllStarts@4 (line 212)
                      ; - net.minecraft.world.level.chunk.LevelChunk::<init>@167 (line 155)
  0x00007122b56ab138: 2431 4dfe 

  0x00007122b56ab13c: ;   {post_call_nop}
  0x00007122b56ab13c: 0f1f 8400 | 3442 00c1 | bef6 ffff | ff66 6690 

  0x00007122b56ab14c: ;   {runtime_call UncommonTrapBlob}
  0x00007122b56ab14c: c5f8 77e8 

  0x00007122b56ab150: ; ImmutableOopMap {}
                      ;*invokeinterface clear {reexecute=0 rethrow=0 return_oop=0}
                      ; - net.minecraft.world.level.chunk.ChunkAccess::setAllStarts@4 (line 216)
                      ; - net.minecraft.world.level.chunk.LevelChunk::<init>@170 (line 155)
  0x00007122b56ab150: 0c31 4dfe 

  0x00007122b56ab154: ;   {post_call_nop}
  0x00007122b56ab154: 0f1f 8400 | 4c42 00c2 | bef6 ffff | ff66 6690 

  0x00007122b56ab164: ;   {runtime_call UncommonTrapBlob}
  0x00007122b56ab164: c5f8 77e8 

  0x00007122b56ab168: ; ImmutableOopMap {}
                      ;*invokeinterface getClass {reexecute=0 rethrow=0 return_oop=0}
                      ; - java.util.Collections::unmodifiableMap@1 (line 1634)
                      ; - net.minecraft.world.level.chunk.ChunkAccess::getAllReferences@4 (line 234)
                      ; - net.minecraft.world.level.chunk.LevelChunk::<init>@175 (line 156)
  0x00007122b56ab168: f430 4dfe 

  0x00007122b56ab16c: ;   {post_call_nop}
  0x00007122b56ab16c: 0f1f 8400 | 6442 00c3 | bef6 ffff | ff66 6690 

  0x00007122b56ab17c: ;   {runtime_call UncommonTrapBlob}
  0x00007122b56ab17c: c5f8 77e8 

  0x00007122b56ab180: ; ImmutableOopMap {}
                      ;*invokeinterface clear {reexecute=0 rethrow=0 return_oop=0}
                      ; - net.minecraft.world.level.chunk.ChunkAccess::setAllReferences@4 (line 239)
                      ; - net.minecraft.world.level.chunk.LevelChunk::<init>@178 (line 156)
  0x00007122b56ab180: dc30 4dfe 

  0x00007122b56ab184: ;   {post_call_nop}
  0x00007122b56ab184: 0f1f 8400 | 7c42 00c4 | bef6 ffff | ff66 6690 

  0x00007122b56ab194: ;   {runtime_call UncommonTrapBlob}
  0x00007122b56ab194: c5f8 77e8 

  0x00007122b56ab198: ; ImmutableOopMap {}
                      ;*invokevirtual registryAccess {reexecute=0 rethrow=0 return_oop=0}
                      ; - net.minecraft.world.level.chunk.LevelChunk::<init>@182 (line 158)
  0x00007122b56ab198: c430 4dfe 

  0x00007122b56ab19c: ;   {post_call_nop}
  0x00007122b56ab19c: 0f1f 8400 | 9442 00c5 | bef6 ffff | ff66 6690 

  0x00007122b56ab1ac: ;   {runtime_call UncommonTrapBlob}
  0x00007122b56ab1ac: c5f8 77e8 

  0x00007122b56ab1b0: ; ImmutableOopMap {}
                      ;*invokeinterface entrySet {reexecute=0 rethrow=0 return_oop=0}
                      ; - net.minecraft.world.level.chunk.ChunkAccess::getHeightmaps@4 (line 167)
                      ; - net.minecraft.world.level.chunk.LevelChunk::<init>@197 (line 159)
  0x00007122b56ab1b0: ac30 4dfe 

  0x00007122b56ab1b4: ;   {post_call_nop}
  0x00007122b56ab1b4: 0f1f 8400 | ac42 00c6 | be6e ffff | ff49 8be8 | 4c8b 5424 | 304c 8954 | 2420 4c8b | 5424 484c 
  0x00007122b56ab1d4: 8954 2428 | 894c 2430 | 4489 6c24 | 3489 7c24 | 3c89 4424 | 4044 895c | 2444 895c | 2448 4489 
  0x00007122b56ab1f4: 4c24 5090 

  0x00007122b56ab1f8: ;   {runtime_call UncommonTrapBlob}
  0x00007122b56ab1f8: c5f8 77e8 

  0x00007122b56ab1fc: ; ImmutableOopMap {rbp=Oop [32]=Oop [40]=Oop [48]=NarrowOop [52]=NarrowOop [80]=NarrowOop }
                      ;*ifge {reexecute=1 rethrow=0 return_oop=0}
                      ; - (reexecute) it.unimi.dsi.fastutil.objects.Object2ObjectOpenHashMap$MapIterator::nextEntry@69 (line 647)
                      ; - it.unimi.dsi.fastutil.objects.Object2ObjectOpenHashMap$ValueIterator::next@8 (line 1158)
                      ; - net.minecraft.world.level.chunk.LevelChunk::<init>@100 (line 145)
  0x00007122b56ab1fc: 6030 4dfe 

  0x00007122b56ab200: ;   {post_call_nop}
  0x00007122b56ab200: 0f1f 8400 | f842 00c7 | bef6 ffff | ff8b eb90 

  0x00007122b56ab210: ;   {runtime_call UncommonTrapBlob}
  0x00007122b56ab210: c5f8 77e8 

  0x00007122b56ab214: ; ImmutableOopMap {}
                      ;*aaload {reexecute=0 rethrow=0 return_oop=0}
                      ; - it.unimi.dsi.fastutil.objects.Object2ObjectOpenHashMap$ValueIterator::next@11 (line 1158)
                      ; - net.minecraft.world.level.chunk.LevelChunk::<init>@100 (line 145)
  0x00007122b56ab214: 4830 4dfe 

  0x00007122b56ab218: ;   {post_call_nop}
  0x00007122b56ab218: 0f1f 8400 | 1043 00c8 | bef4 ffff | ff48 8b6c | 2438 4c8b | 5424 304c | 8954 2420 | 895c 2434 
  0x00007122b56ab238: 448b 5424 | 4444 8954 | 243c 6690 

  0x00007122b56ab244: ;   {runtime_call UncommonTrapBlob}
  0x00007122b56ab244: c5f8 77e8 

  0x00007122b56ab248: ; ImmutableOopMap {rbp=Oop [32]=Oop [40]=Oop [64]=NarrowOop }
                      ;*checkcast {reexecute=0 rethrow=0 return_oop=0}
                      ; - net.minecraft.world.level.chunk.LevelChunk::<init>@105 (line 145)
  0x00007122b56ab248: 1430 4dfe 

  0x00007122b56ab24c: ;   {post_call_nop}
  0x00007122b56ab24c: 0f1f 8400 | 4443 00c9 | bef6 ffff | ff66 6690 

  0x00007122b56ab25c: ;   {runtime_call UncommonTrapBlob}
  0x00007122b56ab25c: c5f8 77e8 

  0x00007122b56ab260: ; ImmutableOopMap {}
                      ;*arraylength {reexecute=0 rethrow=0 return_oop=0}
                      ; - java.util.HashMap::putMapEntries@83 (line 516)
                      ; - java.util.HashMap::putAll@3 (line 792)
                      ; - net.minecraft.world.level.chunk.LevelChunk::<init>@127 (line 149)
  0x00007122b56ab260: fc2f 4dfe 

  0x00007122b56ab264: ;   {post_call_nop}
  0x00007122b56ab264: 0f1f 8400 | 5c43 00ca | bef6 ffff | ff41 8be8 

  0x00007122b56ab274: ;   {runtime_call UncommonTrapBlob}
  0x00007122b56ab274: c5f8 77e8 

  0x00007122b56ab278: ; ImmutableOopMap {rbp=NarrowOop }
                      ;*invokeinterface setUnsaved {reexecute=0 rethrow=0 return_oop=0}
                      ; - net.minecraft.world.level.chunk.LevelChunk::markUnsaved@21 (line 182)
                      ; - net.minecraft.world.level.chunk.ChunkAccess::setAllStarts@20 (line 218)
                      ; - net.minecraft.world.level.chunk.LevelChunk::<init>@170 (line 155)
  0x00007122b56ab278: e42f 4dfe 

  0x00007122b56ab27c: ;   {post_call_nop}
  0x00007122b56ab27c: 0f1f 8400 | 7443 00cb | bef6 ffff | ff41 8be8 

  0x00007122b56ab28c: ;   {runtime_call UncommonTrapBlob}
  0x00007122b56ab28c: c5f8 77e8 

  0x00007122b56ab290: ; ImmutableOopMap {rbp=NarrowOop }
                      ;*invokeinterface setUnsaved {reexecute=0 rethrow=0 return_oop=0}
                      ; - net.minecraft.world.level.chunk.LevelChunk::markUnsaved@21 (line 182)
                      ; - net.minecraft.world.level.chunk.ChunkAccess::setAllReferences@20 (line 241)
                      ; - net.minecraft.world.level.chunk.LevelChunk::<init>@178 (line 156)
  0x00007122b56ab290: cc2f 4dfe 

  0x00007122b56ab294: ;   {post_call_nop}
  0x00007122b56ab294: 0f1f 8400 | 8c43 00cc | bef6 ffff | ff41 8beb 

  0x00007122b56ab2a4: ;   {runtime_call UncommonTrapBlob}
  0x00007122b56ab2a4: c5f8 77e8 

  0x00007122b56ab2a8: ; ImmutableOopMap {rbp=NarrowOop }
                      ;*invokeinterface setUnsaved {reexecute=0 rethrow=0 return_oop=0}
                      ; - net.minecraft.world.level.chunk.LevelChunk::markUnsaved@21 (line 182)
                      ; - net.minecraft.world.level.chunk.ChunkAccess::setLightCorrect@6 (line 401)
                      ; - net.minecraft.world.level.chunk.LevelChunk::<init>@291 (line 166)
  0x00007122b56ab2a8: b42f 4dfe 

  0x00007122b56ab2ac: ;   {post_call_nop}
  0x00007122b56ab2ac: 0f1f 8400 | a443 00cd | bef6 ffff | ff8b e990 

  0x00007122b56ab2bc: ;   {runtime_call UncommonTrapBlob}
  0x00007122b56ab2bc: c5f8 77e8 

  0x00007122b56ab2c0: ; ImmutableOopMap {rbp=NarrowOop }
                      ;*invokeinterface setUnsaved {reexecute=0 rethrow=0 return_oop=0}
                      ; - net.minecraft.world.level.chunk.LevelChunk::markUnsaved@21 (line 182)
                      ; - net.minecraft.world.level.chunk.LevelChunk::<init>@295 (line 167)
  0x00007122b56ab2c0: 9c2f 4dfe 

  0x00007122b56ab2c4: ;   {post_call_nop}
  0x00007122b56ab2c4: 0f1f 8400 | bc43 00ce | bef6 ffff | ff66 6690 

  0x00007122b56ab2d4: ;   {runtime_call UncommonTrapBlob}
  0x00007122b56ab2d4: c5f8 77e8 

  0x00007122b56ab2d8: ; ImmutableOopMap {}
                      ;*arraylength {reexecute=0 rethrow=0 return_oop=0}
                      ; - java.util.HashMap::putMapEntries@83 (line 516)
                      ; - java.util.HashMap::putAll@3 (line 792)
                      ; - net.minecraft.world.level.chunk.ChunkAccess::setAllStarts@14 (line 217)
                      ; - net.minecraft.world.level.chunk.LevelChunk::<init>@170 (line 155)
  0x00007122b56ab2d8: 842f 4dfe 

  0x00007122b56ab2dc: ;   {post_call_nop}
  0x00007122b56ab2dc: 0f1f 8400 | d443 00cf | bef6 ffff | ff66 6690 

  0x00007122b56ab2ec: ;   {runtime_call UncommonTrapBlob}
  0x00007122b56ab2ec: c5f8 77e8 

  0x00007122b56ab2f0: ; ImmutableOopMap {}
                      ;*arraylength {reexecute=0 rethrow=0 return_oop=0}
                      ; - java.util.HashMap::putMapEntries@83 (line 516)
                      ; - java.util.HashMap::putAll@3 (line 792)
                      ; - net.minecraft.world.level.chunk.ChunkAccess::setAllReferences@14 (line 240)
                      ; - net.minecraft.world.level.chunk.LevelChunk::<init>@178 (line 156)
  0x00007122b56ab2f0: 6c2f 4dfe 

  0x00007122b56ab2f4: ;   {post_call_nop}
  0x00007122b56ab2f4: 0f1f 8400 | ec43 00d0 | bef6 ffff | ff41 8be8 

  0x00007122b56ab304: ;   {runtime_call UncommonTrapBlob}
  0x00007122b56ab304: c5f8 77e8 

  0x00007122b56ab308: ; ImmutableOopMap {rbp=NarrowOop }
                      ;*invokevirtual setChunkUnsaved {reexecute=0 rethrow=0 return_oop=0}
                      ; - net.minecraft.server.level.ChunkMap$$Lambda/0x00000000447547b0::setUnsaved@5
                      ; - net.minecraft.world.level.chunk.LevelChunk::markUnsaved@21 (line 182)
                      ; - net.minecraft.world.level.chunk.ChunkAccess::setAllStarts@20 (line 218)
                      ; - net.minecraft.world.level.chunk.LevelChunk::<init>@170 (line 155)
  0x00007122b56ab308: 542f 4dfe 

  0x00007122b56ab30c: ;   {post_call_nop}
  0x00007122b56ab30c: 0f1f 8400 | 0444 00d1 | bef6 ffff | ff66 6690 

  0x00007122b56ab31c: ;   {runtime_call UncommonTrapBlob}
  0x00007122b56ab31c: c5f8 77e8 

  0x00007122b56ab320: ; ImmutableOopMap {}
                      ;*invokevirtual pack {reexecute=0 rethrow=0 return_oop=0}
                      ; - net.minecraft.server.level.ChunkMap::setChunkUnsaved@5 (line 212)
                      ; - net.minecraft.server.level.ChunkMap$$Lambda/0x00000000447547b0::setUnsaved@5
                      ; - net.minecraft.world.level.chunk.LevelChunk::markUnsaved@21 (line 182)
                      ; - net.minecraft.world.level.chunk.ChunkAccess::setAllStarts@20 (line 218)
                      ; - net.minecraft.world.level.chunk.LevelChunk::<init>@170 (line 155)
  0x00007122b56ab320: 3c2f 4dfe 

  0x00007122b56ab324: ;   {post_call_nop}
  0x00007122b56ab324: 0f1f 8400 | 1c44 00d2 | bef6 ffff | ff48 8beb 

  0x00007122b56ab334: ;   {runtime_call UncommonTrapBlob}
  0x00007122b56ab334: c5f8 77e8 

  0x00007122b56ab338: ; ImmutableOopMap {}
                      ;*invokeinterface add {reexecute=0 rethrow=0 return_oop=0}
                      ; - net.minecraft.server.level.ChunkMap::setChunkUnsaved@8 (line 212)
                      ; - net.minecraft.server.level.ChunkMap$$Lambda/0x00000000447547b0::setUnsaved@5
                      ; - net.minecraft.world.level.chunk.LevelChunk::markUnsaved@21 (line 182)
                      ; - net.minecraft.world.level.chunk.ChunkAccess::setAllStarts@20 (line 218)
                      ; - net.minecraft.world.level.chunk.LevelChunk::<init>@170 (line 155)
  0x00007122b56ab338: 242f 4dfe 

  0x00007122b56ab33c: ;   {post_call_nop}
  0x00007122b56ab33c: 0f1f 8400 | 3444 00d3 | bef6 ffff | ff8b eb90 

  0x00007122b56ab34c: ;   {runtime_call UncommonTrapBlob}
  0x00007122b56ab34c: c5f8 77e8 

  0x00007122b56ab350: ; ImmutableOopMap {}
                      ;*laload {reexecute=0 rethrow=0 return_oop=0}
                      ; - it.unimi.dsi.fastutil.longs.LongLinkedOpenHashSet::add@48 (line 446)
                      ; - net.minecraft.server.level.ChunkMap::setChunkUnsaved@8 (line 212)
                      ; - net.minecraft.server.level.ChunkMap$$Lambda/0x00000000447547b0::setUnsaved@5
                      ; - net.minecraft.world.level.chunk.LevelChunk::markUnsaved@21 (line 182)
                      ; - net.minecraft.world.level.chunk.ChunkAccess::setAllStarts@20 (line 218)
                      ; - net.minecraft.world.level.chunk.LevelChunk::<init>@170 (line 155)
  0x00007122b56ab350: 0c2f 4dfe 

  0x00007122b56ab354: ;   {post_call_nop}
  0x00007122b56ab354: 0f1f 8400 | 4c44 00d4 | bef6 ffff | ff41 8be8 

  0x00007122b56ab364: ;   {runtime_call UncommonTrapBlob}
  0x00007122b56ab364: c5f8 77e8 

  0x00007122b56ab368: ; ImmutableOopMap {rbp=NarrowOop }
                      ;*invokevirtual setChunkUnsaved {reexecute=0 rethrow=0 return_oop=0}
                      ; - net.minecraft.server.level.ChunkMap$$Lambda/0x00000000447547b0::setUnsaved@5
                      ; - net.minecraft.world.level.chunk.LevelChunk::markUnsaved@21 (line 182)
                      ; - net.minecraft.world.level.chunk.ChunkAccess::setAllReferences@20 (line 241)
                      ; - net.minecraft.world.level.chunk.LevelChunk::<init>@178 (line 156)
  0x00007122b56ab368: f42e 4dfe 

  0x00007122b56ab36c: ;   {post_call_nop}
  0x00007122b56ab36c: 0f1f 8400 | 6444 00d5 | bef6 ffff | ff66 6690 

  0x00007122b56ab37c: ;   {runtime_call UncommonTrapBlob}
  0x00007122b56ab37c: c5f8 77e8 

  0x00007122b56ab380: ; ImmutableOopMap {}
                      ;*invokevirtual pack {reexecute=0 rethrow=0 return_oop=0}
                      ; - net.minecraft.server.level.ChunkMap::setChunkUnsaved@5 (line 212)
                      ; - net.minecraft.server.level.ChunkMap$$Lambda/0x00000000447547b0::setUnsaved@5
                      ; - net.minecraft.world.level.chunk.LevelChunk::markUnsaved@21 (line 182)
                      ; - net.minecraft.world.level.chunk.ChunkAccess::setAllReferences@20 (line 241)
                      ; - net.minecraft.world.level.chunk.LevelChunk::<init>@178 (line 156)
  0x00007122b56ab380: dc2e 4dfe 

  0x00007122b56ab384: ;   {post_call_nop}
  0x00007122b56ab384: 0f1f 8400 | 7c44 00d6 | bef6 ffff | ff48 8bef 

  0x00007122b56ab394: ;   {runtime_call UncommonTrapBlob}
  0x00007122b56ab394: c5f8 77e8 

  0x00007122b56ab398: ; ImmutableOopMap {}
                      ;*invokeinterface add {reexecute=0 rethrow=0 return_oop=0}
                      ; - net.minecraft.server.level.ChunkMap::setChunkUnsaved@8 (line 212)
                      ; - net.minecraft.server.level.ChunkMap$$Lambda/0x00000000447547b0::setUnsaved@5
                      ; - net.minecraft.world.level.chunk.LevelChunk::markUnsaved@21 (line 182)
                      ; - net.minecraft.world.level.chunk.ChunkAccess::setAllReferences@20 (line 241)
                      ; - net.minecraft.world.level.chunk.LevelChunk::<init>@178 (line 156)
  0x00007122b56ab398: c42e 4dfe 

  0x00007122b56ab39c: ;   {post_call_nop}
  0x00007122b56ab39c: 0f1f 8400 | 9444 00d7 | bef6 ffff | ff8b e990 

  0x00007122b56ab3ac: ;   {runtime_call UncommonTrapBlob}
  0x00007122b56ab3ac: c5f8 77e8 

  0x00007122b56ab3b0: ; ImmutableOopMap {}
                      ;*laload {reexecute=0 rethrow=0 return_oop=0}
                      ; - it.unimi.dsi.fastutil.longs.LongLinkedOpenHashSet::add@48 (line 446)
                      ; - net.minecraft.server.level.ChunkMap::setChunkUnsaved@8 (line 212)
                      ; - net.minecraft.server.level.ChunkMap$$Lambda/0x00000000447547b0::setUnsaved@5
                      ; - net.minecraft.world.level.chunk.LevelChunk::markUnsaved@21 (line 182)
                      ; - net.minecraft.world.level.chunk.ChunkAccess::setAllReferences@20 (line 241)
                      ; - net.minecraft.world.level.chunk.LevelChunk::<init>@178 (line 156)
  0x00007122b56ab3b0: ac2e 4dfe 

  0x00007122b56ab3b4: ;   {post_call_nop}
  0x00007122b56ab3b4: 0f1f 8400 | ac44 00d8 | bef6 ffff | ff41 8beb 

  0x00007122b56ab3c4: ;   {runtime_call UncommonTrapBlob}
  0x00007122b56ab3c4: c5f8 77e8 

  0x00007122b56ab3c8: ; ImmutableOopMap {rbp=NarrowOop }
                      ;*invokevirtual setChunkUnsaved {reexecute=0 rethrow=0 return_oop=0}
                      ; - net.minecraft.server.level.ChunkMap$$Lambda/0x00000000447547b0::setUnsaved@5
                      ; - net.minecraft.world.level.chunk.LevelChunk::markUnsaved@21 (line 182)
                      ; - net.minecraft.world.level.chunk.ChunkAccess::setLightCorrect@6 (line 401)
                      ; - net.minecraft.world.level.chunk.LevelChunk::<init>@291 (line 166)
  0x00007122b56ab3c8: 942e 4dfe 

  0x00007122b56ab3cc: ;   {post_call_nop}
  0x00007122b56ab3cc: 0f1f 8400 | c444 00d9 | bef6 ffff | ff8b e990 

  0x00007122b56ab3dc: ;   {runtime_call UncommonTrapBlob}
  0x00007122b56ab3dc: c5f8 77e8 

  0x00007122b56ab3e0: ; ImmutableOopMap {rbp=NarrowOop }
                      ;*invokevirtual setChunkUnsaved {reexecute=0 rethrow=0 return_oop=0}
                      ; - net.minecraft.server.level.ChunkMap$$Lambda/0x00000000447547b0::setUnsaved@5
                      ; - net.minecraft.world.level.chunk.LevelChunk::markUnsaved@21 (line 182)
                      ; - net.minecraft.world.level.chunk.LevelChunk::<init>@295 (line 167)
  0x00007122b56ab3e0: 7c2e 4dfe 

  0x00007122b56ab3e4: ;   {post_call_nop}
  0x00007122b56ab3e4: 0f1f 8400 | dc44 00da | bef6 ffff | ff66 6690 

  0x00007122b56ab3f4: ;   {runtime_call UncommonTrapBlob}
  0x00007122b56ab3f4: c5f8 77e8 

  0x00007122b56ab3f8: ; ImmutableOopMap {}
                      ;*invokevirtual pack {reexecute=0 rethrow=0 return_oop=0}
                      ; - net.minecraft.server.level.ChunkMap::setChunkUnsaved@5 (line 212)
                      ; - net.minecraft.server.level.ChunkMap$$Lambda/0x00000000447547b0::setUnsaved@5
                      ; - net.minecraft.world.level.chunk.LevelChunk::markUnsaved@21 (line 182)
                      ; - net.minecraft.world.level.chunk.ChunkAccess::setLightCorrect@6 (line 401)
                      ; - net.minecraft.world.level.chunk.LevelChunk::<init>@291 (line 166)
  0x00007122b56ab3f8: 642e 4dfe 

  0x00007122b56ab3fc: ;   {post_call_nop}
  0x00007122b56ab3fc: 0f1f 8400 | f444 00db | bef6 ffff | ff66 6690 

  0x00007122b56ab40c: ;   {runtime_call UncommonTrapBlob}
  0x00007122b56ab40c: c5f8 77e8 

  0x00007122b56ab410: ; ImmutableOopMap {}
                      ;*invokevirtual pack {reexecute=0 rethrow=0 return_oop=0}
                      ; - net.minecraft.server.level.ChunkMap::setChunkUnsaved@5 (line 212)
                      ; - net.minecraft.server.level.ChunkMap$$Lambda/0x00000000447547b0::setUnsaved@5
                      ; - net.minecraft.world.level.chunk.LevelChunk::markUnsaved@21 (line 182)
                      ; - net.minecraft.world.level.chunk.LevelChunk::<init>@295 (line 167)
  0x00007122b56ab410: 4c2e 4dfe 

  0x00007122b56ab414: ;   {post_call_nop}
  0x00007122b56ab414: 0f1f 8400 | 0c45 00dc | bef6 ffff | ff48 8be9 

  0x00007122b56ab424: ;   {runtime_call UncommonTrapBlob}
  0x00007122b56ab424: c5f8 77e8 

  0x00007122b56ab428: ; ImmutableOopMap {}
                      ;*invokeinterface add {reexecute=0 rethrow=0 return_oop=0}
                      ; - net.minecraft.server.level.ChunkMap::setChunkUnsaved@8 (line 212)
                      ; - net.minecraft.server.level.ChunkMap$$Lambda/0x00000000447547b0::setUnsaved@5
                      ; - net.minecraft.world.level.chunk.LevelChunk::markUnsaved@21 (line 182)
                      ; - net.minecraft.world.level.chunk.ChunkAccess::setLightCorrect@6 (line 401)
                      ; - net.minecraft.world.level.chunk.LevelChunk::<init>@291 (line 166)
  0x00007122b56ab428: 342e 4dfe 

  0x00007122b56ab42c: ;   {post_call_nop}
  0x00007122b56ab42c: 0f1f 8400 | 2445 00dd | bef6 ffff | ff49 8be9 

  0x00007122b56ab43c: ;   {runtime_call UncommonTrapBlob}
  0x00007122b56ab43c: c5f8 77e8 

  0x00007122b56ab440: ; ImmutableOopMap {}
                      ;*invokeinterface add {reexecute=0 rethrow=0 return_oop=0}
                      ; - net.minecraft.server.level.ChunkMap::setChunkUnsaved@8 (line 212)
                      ; - net.minecraft.server.level.ChunkMap$$Lambda/0x00000000447547b0::setUnsaved@5
                      ; - net.minecraft.world.level.chunk.LevelChunk::markUnsaved@21 (line 182)
                      ; - net.minecraft.world.level.chunk.LevelChunk::<init>@295 (line 167)
  0x00007122b56ab440: 1c2e 4dfe 

  0x00007122b56ab444: ;   {post_call_nop}
  0x00007122b56ab444: 0f1f 8400 | 3c45 00de | bef6 ffff | ff8b eb90 

  0x00007122b56ab454: ;   {runtime_call UncommonTrapBlob}
  0x00007122b56ab454: c5f8 77e8 

  0x00007122b56ab458: ; ImmutableOopMap {}
                      ;*laload {reexecute=0 rethrow=0 return_oop=0}
                      ; - it.unimi.dsi.fastutil.longs.LongLinkedOpenHashSet::add@48 (line 446)
                      ; - net.minecraft.server.level.ChunkMap::setChunkUnsaved@8 (line 212)
                      ; - net.minecraft.server.level.ChunkMap$$Lambda/0x00000000447547b0::setUnsaved@5
                      ; - net.minecraft.world.level.chunk.LevelChunk::markUnsaved@21 (line 182)
                      ; - net.minecraft.world.level.chunk.ChunkAccess::setLightCorrect@6 (line 401)
                      ; - net.minecraft.world.level.chunk.LevelChunk::<init>@291 (line 166)
  0x00007122b56ab458: 042e 4dfe 

  0x00007122b56ab45c: ;   {post_call_nop}
  0x00007122b56ab45c: 0f1f 8400 | 5445 00df | bef6 ffff | ff8b e990 

  0x00007122b56ab46c: ;   {runtime_call UncommonTrapBlob}
  0x00007122b56ab46c: c5f8 77e8 

  0x00007122b56ab470: ; ImmutableOopMap {}
                      ;*laload {reexecute=0 rethrow=0 return_oop=0}
                      ; - it.unimi.dsi.fastutil.longs.LongLinkedOpenHashSet::add@48 (line 446)
                      ; - net.minecraft.server.level.ChunkMap::setChunkUnsaved@8 (line 212)
                      ; - net.minecraft.server.level.ChunkMap$$Lambda/0x00000000447547b0::setUnsaved@5
                      ; - net.minecraft.world.level.chunk.LevelChunk::markUnsaved@21 (line 182)
                      ; - net.minecraft.world.level.chunk.LevelChunk::<init>@295 (line 167)
  0x00007122b56ab470: ec2d 4dfe 

  0x00007122b56ab474: ;   {post_call_nop}
  0x00007122b56ab474: 0f1f 8400 | 6c45 00e0 | bef6 ffff | ff41 8be9 

  0x00007122b56ab484: ;   {runtime_call UncommonTrapBlob}
  0x00007122b56ab484: c5f8 77e8 

  0x00007122b56ab488: ; ImmutableOopMap {}
                      ;*laload {reexecute=0 rethrow=0 return_oop=0}
                      ; - it.unimi.dsi.fastutil.longs.LongLinkedOpenHashSet::add@139 (line 457)
                      ; - net.minecraft.server.level.ChunkMap::setChunkUnsaved@8 (line 212)
                      ; - net.minecraft.server.level.ChunkMap$$Lambda/0x00000000447547b0::setUnsaved@5
                      ; - net.minecraft.world.level.chunk.LevelChunk::markUnsaved@21 (line 182)
                      ; - net.minecraft.world.level.chunk.ChunkAccess::setAllStarts@20 (line 218)
                      ; - net.minecraft.world.level.chunk.LevelChunk::<init>@170 (line 155)
  0x00007122b56ab488: d42d 4dfe 

  0x00007122b56ab48c: ;   {post_call_nop}
  0x00007122b56ab48c: 0f1f 8400 | 8445 00e1 | bef6 ffff | ff66 6690 

  0x00007122b56ab49c: ;   {runtime_call UncommonTrapBlob}
  0x00007122b56ab49c: c5f8 77e8 

  0x00007122b56ab4a0: ; ImmutableOopMap {}
                      ;*laload {reexecute=0 rethrow=0 return_oop=0}
                      ; - it.unimi.dsi.fastutil.longs.LongLinkedOpenHashSet::add@139 (line 457)
                      ; - net.minecraft.server.level.ChunkMap::setChunkUnsaved@8 (line 212)
                      ; - net.minecraft.server.level.ChunkMap$$Lambda/0x00000000447547b0::setUnsaved@5
                      ; - net.minecraft.world.level.chunk.LevelChunk::markUnsaved@21 (line 182)
                      ; - net.minecraft.world.level.chunk.ChunkAccess::setAllReferences@20 (line 241)
                      ; - net.minecraft.world.level.chunk.LevelChunk::<init>@178 (line 156)
  0x00007122b56ab4a0: bc2d 4dfe 

  0x00007122b56ab4a4: ;   {post_call_nop}
  0x00007122b56ab4a4: 0f1f 8400 | 9c45 00e2 | bef6 ffff | ff41 8be9 

  0x00007122b56ab4b4: ;   {runtime_call UncommonTrapBlob}
  0x00007122b56ab4b4: c5f8 77e8 

  0x00007122b56ab4b8: ; ImmutableOopMap {}
                      ;*laload {reexecute=0 rethrow=0 return_oop=0}
                      ; - it.unimi.dsi.fastutil.longs.LongLinkedOpenHashSet::add@139 (line 457)
                      ; - net.minecraft.server.level.ChunkMap::setChunkUnsaved@8 (line 212)
                      ; - net.minecraft.server.level.ChunkMap$$Lambda/0x00000000447547b0::setUnsaved@5
                      ; - net.minecraft.world.level.chunk.LevelChunk::markUnsaved@21 (line 182)
                      ; - net.minecraft.world.level.chunk.ChunkAccess::setLightCorrect@6 (line 401)
                      ; - net.minecraft.world.level.chunk.LevelChunk::<init>@291 (line 166)
  0x00007122b56ab4b8: a42d 4dfe 

  0x00007122b56ab4bc: ;   {post_call_nop}
  0x00007122b56ab4bc: 0f1f 8400 | b445 00e3 | bef6 ffff | ff8b ef90 

  0x00007122b56ab4cc: ;   {runtime_call UncommonTrapBlob}
  0x00007122b56ab4cc: c5f8 77e8 

  0x00007122b56ab4d0: ; ImmutableOopMap {}
                      ;*laload {reexecute=0 rethrow=0 return_oop=0}
                      ; - it.unimi.dsi.fastutil.longs.LongLinkedOpenHashSet::add@139 (line 457)
                      ; - net.minecraft.server.level.ChunkMap::setChunkUnsaved@8 (line 212)
                      ; - net.minecraft.server.level.ChunkMap$$Lambda/0x00000000447547b0::setUnsaved@5
                      ; - net.minecraft.world.level.chunk.LevelChunk::markUnsaved@21 (line 182)
                      ; - net.minecraft.world.level.chunk.LevelChunk::<init>@295 (line 167)
  0x00007122b56ab4d0: 8c2d 4dfe 

  0x00007122b56ab4d4: ;   {post_call_nop}
  0x00007122b56ab4d4: 0f1f 8400 | cc45 00e4 | bef6 ffff | ff41 8bea 

  0x00007122b56ab4e4: ;   {runtime_call UncommonTrapBlob}
  0x00007122b56ab4e4: c5f8 77e8 

  0x00007122b56ab4e8: ; ImmutableOopMap {}
                      ;*lastore {reexecute=0 rethrow=0 return_oop=0}
                      ; - it.unimi.dsi.fastutil.longs.LongLinkedOpenHashSet::add@126 (line 455)
                      ; - net.minecraft.server.level.ChunkMap::setChunkUnsaved@8 (line 212)
                      ; - net.minecraft.server.level.ChunkMap$$Lambda/0x00000000447547b0::setUnsaved@5
                      ; - net.minecraft.world.level.chunk.LevelChunk::markUnsaved@21 (line 182)
                      ; - net.minecraft.world.level.chunk.ChunkAccess::setAllStarts@20 (line 218)
                      ; - net.minecraft.world.level.chunk.LevelChunk::<init>@170 (line 155)
  0x00007122b56ab4e8: 742d 4dfe 

  0x00007122b56ab4ec: ;   {post_call_nop}
  0x00007122b56ab4ec: 0f1f 8400 | e445 00e5 | bef6 ffff | ff8b e990 

  0x00007122b56ab4fc: ;   {runtime_call UncommonTrapBlob}
  0x00007122b56ab4fc: c5f8 77e8 

  0x00007122b56ab500: ; ImmutableOopMap {}
                      ;*lastore {reexecute=0 rethrow=0 return_oop=0}
                      ; - it.unimi.dsi.fastutil.longs.LongLinkedOpenHashSet::add@126 (line 455)
                      ; - net.minecraft.server.level.ChunkMap::setChunkUnsaved@8 (line 212)
                      ; - net.minecraft.server.level.ChunkMap$$Lambda/0x00000000447547b0::setUnsaved@5
                      ; - net.minecraft.world.level.chunk.LevelChunk::markUnsaved@21 (line 182)
                      ; - net.minecraft.world.level.chunk.ChunkAccess::setAllReferences@20 (line 241)
                      ; - net.minecraft.world.level.chunk.LevelChunk::<init>@178 (line 156)
  0x00007122b56ab500: 5c2d 4dfe 

  0x00007122b56ab504: ;   {post_call_nop}
  0x00007122b56ab504: 0f1f 8400 | fc45 00e6 | bef6 ffff | ff8b eb90 

  0x00007122b56ab514: ;   {runtime_call UncommonTrapBlob}
  0x00007122b56ab514: c5f8 77e8 

  0x00007122b56ab518: ; ImmutableOopMap {}
                      ;*lastore {reexecute=0 rethrow=0 return_oop=0}
                      ; - it.unimi.dsi.fastutil.longs.LongLinkedOpenHashSet::add@126 (line 455)
                      ; - net.minecraft.server.level.ChunkMap::setChunkUnsaved@8 (line 212)
                      ; - net.minecraft.server.level.ChunkMap$$Lambda/0x00000000447547b0::setUnsaved@5
                      ; - net.minecraft.world.level.chunk.LevelChunk::markUnsaved@21 (line 182)
                      ; - net.minecraft.world.level.chunk.ChunkAccess::setLightCorrect@6 (line 401)
                      ; - net.minecraft.world.level.chunk.LevelChunk::<init>@291 (line 166)
  0x00007122b56ab518: 442d 4dfe 

  0x00007122b56ab51c: ;   {post_call_nop}
  0x00007122b56ab51c: 0f1f 8400 | 1446 00e7 | bef6 ffff | ff8b e990 

  0x00007122b56ab52c: ;   {runtime_call UncommonTrapBlob}
  0x00007122b56ab52c: c5f8 77e8 

  0x00007122b56ab530: ; ImmutableOopMap {}
                      ;*lastore {reexecute=0 rethrow=0 return_oop=0}
                      ; - it.unimi.dsi.fastutil.longs.LongLinkedOpenHashSet::add@126 (line 455)
                      ; - net.minecraft.server.level.ChunkMap::setChunkUnsaved@8 (line 212)
                      ; - net.minecraft.server.level.ChunkMap$$Lambda/0x00000000447547b0::setUnsaved@5
                      ; - net.minecraft.world.level.chunk.LevelChunk::markUnsaved@21 (line 182)
                      ; - net.minecraft.world.level.chunk.LevelChunk::<init>@295 (line 167)
  0x00007122b56ab530: 2c2d 4dfe 

  0x00007122b56ab534: ;   {post_call_nop}
  0x00007122b56ab534: 0f1f 8400 | 2c46 00e8 | eb7c eb7a | eb78 eb76 | eb74 eb72 | eb70 eb6e | eb6c eb6a | eb68 eb66 
  0x00007122b56ab554: eb64 eb62 | eb60 eb5e | eb5c eb5a | eb58 eb56 | eb54 eb52 | eb50 eb4e | eb4c eb4a | eb48 eb46 
  0x00007122b56ab574: eb44 eb42 | eb40 eb3e | eb3c eb3a | eb38 eb36 | eb34 eb32 | eb30 eb2e | eb2c eb2a | eb28 eb26 
  0x00007122b56ab594: eb24 eb22 | eb20 eb1e | eb1c eb1a | eb18 eb16 | eb14 eb12 | eb10 eb0e | eb0c eb0a | eb08 eb06 
  0x00007122b56ab5b4: eb04 eb02 | eb00 488b | f0e9 a0c2 | ffff 458b | 1049 c1e2 | 0349 83fa | 000f 84ef | bbff ff4d 
  0x00007122b56ab5d4: 8b5f 384d | 85db 0f84 | 1400 0000 | 4983 eb08 | 4d89 5f38 | 4d03 5f40 | 4d89 13e9 | cebb ffff 
  0x00007122b56ab5f4: 4883 ec10 | 4c89 4424 | 0848 8904 | 2449 8bfa 

  0x00007122b56ab604: ;   {runtime_call G1BarrierSetRuntime::write_ref_field_pre_entry(oopDesc*, JavaThread*)}
  0x00007122b56ab604: 498b f7e8 | c474 3e12 | 488b 0424 | 4c8b 4424 | 08c5 f877 | 4883 c410 | e9a1 bbff | fff0 8344 
  0x00007122b56ab624: 24c0 0041 | 803b 000f | 84c9 bbff | ff41 c603 | 004d 8b57 | 504d 85d2 | 0f84 1400 | 0000 4983 
  0x00007122b56ab644: ea08 4d89 | 5750 4d03 | 5758 4d89 | 1ae9 a4bb | ffff 4883 | ec10 4889 | 4424 0849 | 8bfb 498b 
  0x00007122b56ab664: ;   {runtime_call G1BarrierSetRuntime::write_ref_field_post_entry(unsigned char volatile*, JavaThread*)}
  0x00007122b56ab664: f7e8 8674 | 3e12 488b | 4424 08c5 | f877 4883 | c410 e97f | bbff ff45 | 8b03 49c1 | e003 4983 
  0x00007122b56ab684: f800 0f84 | 17bd ffff | 4d8b 5738 | 4d85 d20f | 8414 0000 | 0049 83ea | 084d 8957 | 384d 0357 
  0x00007122b56ab6a4: 404d 8902 | e9f6 bcff | ff48 83ec | 104c 895c | 2408 4c89 | 0c24 498b | f849 8bf7 

  0x00007122b56ab6c0: ;   {runtime_call G1BarrierSetRuntime::write_ref_field_pre_entry(oopDesc*, JavaThread*)}
  0x00007122b56ab6c0: e80b 743e | 124c 8b0c | 244c 8b5c | 2408 c5f8 | 7748 83c4 | 10e9 c9bc | ffff f083 | 4424 c000 
  0x00007122b56ab6e0: 4180 3a00 | 0f84 f1bc | ffff 41c6 | 0200 4d8b | 4750 4d85 | c00f 8414 | 0000 0049 | 83e8 084d 
  0x00007122b56ab700: 8947 504d | 0347 584d | 8910 e9cc | bcff ff48 | 83ec 104c | 894c 2408 | 498b fa49 

  0x00007122b56ab71c: ;   {runtime_call G1BarrierSetRuntime::write_ref_field_post_entry(unsigned char volatile*, JavaThread*)}
  0x00007122b56ab71c: 8bf7 e8cd | 733e 124c | 8b4c 2408 | c5f8 7748 | 83c4 10e9 | a7bc ffff | 8b3a 48c1 | e703 4883 
  0x00007122b56ab73c: ff00 0f84 | d5be ffff | 498b 5f38 | 4885 db0f | 8414 0000 | 0048 83eb | 0849 895f | 3849 035f 
  0x00007122b56ab75c: 4048 893b | e9b4 beff | ff48 83ec | 60c5 f9d6 | 4424 58c5 | f9d6 4c24 | 50c5 f9d6 | 5c24 48c5 
  0x00007122b56ab77c: f9d6 6424 | 40c5 f9d6 | 7424 384c | 8954 2430 | 4c89 4424 | 284c 894c | 2420 4889 | 4c24 1848 
  0x00007122b56ab79c: 8954 2410 | 4889 4424 | 0849 8bf7 

  0x00007122b56ab7a8: ;   {runtime_call G1BarrierSetRuntime::write_ref_field_pre_entry(oopDesc*, JavaThread*)}
  0x00007122b56ab7a8: e823 733e | 1248 8b44 | 2408 488b | 5424 1048 | 8b4c 2418 | 4c8b 4c24 | 204c 8b44 | 2428 4c8b 
  0x00007122b56ab7c8: 5424 30c5 | f877 c5fa | 7e74 2438 | c5fa 7e64 | 2440 c5fa | 7e5c 2448 | c5fa 7e4c | 2450 c5fa 
  0x00007122b56ab7e8: 7e44 2458 | 4883 c460 | e924 beff | fff0 8344 | 24c0 0080 | 3b00 0f84 | 54be ffff | c603 0049 
  0x00007122b56ab808: 8b7f 5048 | 85ff 0f84 | 1400 0000 | 4883 ef08 | 4989 7f50 | 4903 7f58 | 4889 1fe9 | 30be ffff 
  0x00007122b56ab828: 4883 ec50 | c5f9 d644 | 2448 c5f9 | d64c 2440 | c5f9 d65c | 2438 c5f9 | d664 2430 | c5f9 d674 
  0x00007122b56ab848: 2428 4c89 | 5424 204c | 8944 2418 | 4c89 4c24 | 1048 894c | 2408 4889 | 0424 488b | fb49 8bf7 
  0x00007122b56ab868: ;   {runtime_call G1BarrierSetRuntime::write_ref_field_post_entry(unsigned char volatile*, JavaThread*)}
  0x00007122b56ab868: e883 723e | 1248 8b04 | 2448 8b4c | 2408 4c8b | 4c24 104c | 8b44 2418 | 4c8b 5424 | 20c5 f877 
  0x00007122b56ab888: c5fa 7e74 | 2428 c5fa | 7e64 2430 | c5fa 7e5c | 2438 c5fa | 7e4c 2440 | c5fa 7e44 | 2448 4883 
  0x00007122b56ab8a8: c450 e9a9 | bdff ff45 | 8b03 49c1 | e003 4983 | f800 0f84 | 23be ffff | 498b 4f38 | 4885 c90f 
  0x00007122b56ab8c8: 8414 0000 | 0048 83e9 | 0849 894f | 3849 034f | 404c 8901 | e902 beff | ff48 83ec | 60c5 f9d6 
  0x00007122b56ab8e8: 4424 58c5 | f9d6 4c24 | 50c5 f9d6 | 5424 48c5 | f9d6 5c24 | 40c5 f9d6 | 6424 38c5 | f9d6 6c24 
  0x00007122b56ab908: 30c5 f9d6 | 7424 284c | 8954 2420 | 4c89 5c24 | 184c 894c | 2410 4889 | 4424 0849 | 8bf8 498b 
  0x00007122b56ab928: ;   {runtime_call G1BarrierSetRuntime::write_ref_field_pre_entry(oopDesc*, JavaThread*)}
  0x00007122b56ab928: f7e8 a271 | 3e12 488b | 4424 084c | 8b4c 2410 | 4c8b 5c24 | 184c 8b54 | 2420 c5f8 | 77c5 fa7e 
  0x00007122b56ab948: 7424 28c5 | fa7e 6c24 | 30c5 fa7e | 6424 38c5 | fa7e 5c24 | 40c5 fa7e | 5424 48c5 | fa7e 4c24 
  0x00007122b56ab968: 50c5 fa7e | 4424 5848 | 83c4 60e9 | 6bbd ffff | f083 4424 | c000 8039 | 000f 849d | bdff ffc6 
  0x00007122b56ab988: 0100 4d8b | 4750 4d85 | c00f 8414 | 0000 0049 | 83e8 084d | 8947 504d | 0347 5849 | 8908 e979 
  0x00007122b56ab9a8: bdff ff48 | 83ec 50c5 | f9d6 4424 | 48c5 f9d6 | 4c24 40c5 | f9d6 5424 | 38c5 f9d6 | 5c24 30c5 
  0x00007122b56ab9c8: f9d6 6424 | 28c5 f9d6 | 6c24 20c5 | f9d6 7424 | 184c 8954 | 2410 4c89 | 4c24 0848 | 8904 2448 
  0x00007122b56ab9e8: 8bf9 498b 

  0x00007122b56ab9ec: ;   {runtime_call G1BarrierSetRuntime::write_ref_field_post_entry(unsigned char volatile*, JavaThread*)}
  0x00007122b56ab9ec: f7e8 fe70 | 3e12 488b | 0424 4c8b | 4c24 084c | 8b54 2410 | c5f8 77c5 | fa7e 7424 | 18c5 fa7e 
  0x00007122b56aba0c: 6c24 20c5 | fa7e 6424 | 28c5 fa7e | 5c24 30c5 | fa7e 5424 | 38c5 fa7e | 4c24 40c5 | fa7e 4424 
  0x00007122b56aba2c: 4848 83c4 | 50e9 eebc | ffff 458b | 0249 c1e0 | 0349 83f8 | 000f 8418 | beff ff4d | 8b5f 384d 
  0x00007122b56aba4c: 85db 0f84 | 1400 0000 | 4983 eb08 | 4d89 5f38 | 4d03 5f40 | 4d89 03e9 | f7bd ffff | 4883 ec20 
  0x00007122b56aba6c: 4c89 5424 | 1848 894c | 2410 4889 | 7424 0849 | 8bf8 498b 

  0x00007122b56aba80: ;   {runtime_call G1BarrierSetRuntime::write_ref_field_pre_entry(oopDesc*, JavaThread*)}
  0x00007122b56aba80: f7e8 4a70 | 3e12 488b | 7424 0848 | 8b4c 2410 | 4c8b 5424 | 18c5 f877 | 4883 c420 | e9be bdff 
  0x00007122b56abaa0: ff45 8b18 | 49c1 e303 | 4983 fb00 | 0f84 16c1 | ffff 4d8b | 5738 4d85 | d20f 8414 | 0000 0049 
  0x00007122b56abac0: 83ea 084d | 8957 384d | 0357 404d | 891a e9f5 | c0ff ff48 | 83ec 104c | 8944 2408 | 4889 0424 
  0x00007122b56abae0: 498b fb49 

  0x00007122b56abae4: ;   {runtime_call G1BarrierSetRuntime::write_ref_field_pre_entry(oopDesc*, JavaThread*)}
  0x00007122b56abae4: 8bf7 e8e5 | 6f3e 1248 | 8b04 244c | 8b44 2408 | c5f8 7748 | 83c4 10e9 | c8c0 ffff | f083 4424 
  0x00007122b56abb04: c000 4180 | 3a00 0f84 | f0c0 ffff | 41c6 0200 | 4d8b 5f50 | 4d85 db0f | 8414 0000 | 0049 83eb 
  0x00007122b56abb24: 084d 895f | 504d 035f | 584d 8913 | e9cb c0ff | ff48 83ec | 1048 8944 | 2408 498b | fa49 8bf7 
  0x00007122b56abb44: ;   {runtime_call G1BarrierSetRuntime::write_ref_field_post_entry(unsigned char volatile*, JavaThread*)}
  0x00007122b56abb44: e8a7 6f3e | 1248 8b44 | 2408 c5f8 | 7748 83c4 | 10e9 a6c0 | ffff 418b | 1b48 c1e3 | 0348 83fb 
  0x00007122b56abb64: 000f 84a4 | c2ff ff49 | 8b7f 3848 | 85ff 0f84 | 1400 0000 | 4883 ef08 | 4989 7f38 | 4903 7f40 
  0x00007122b56abb84: 4889 1fe9 | 83c2 ffff | 4883 ec50 | c5f9 d644 | 2448 c5f9 | d64c 2440 | c5f9 d65c | 2438 c5f9 
  0x00007122b56abba4: d664 2430 | c5f9 d674 | 2428 4c89 | 5424 204c | 895c 2418 | 4c89 4424 | 104c 894c | 2408 4889 
  0x00007122b56abbc4: 0424 488b | fb49 8bf7 

  0x00007122b56abbcc: ;   {runtime_call G1BarrierSetRuntime::write_ref_field_pre_entry(oopDesc*, JavaThread*)}
  0x00007122b56abbcc: e8ff 6e3e | 1248 8b04 | 244c 8b4c | 2408 4c8b | 4424 104c | 8b5c 2418 | 4c8b 5424 | 20c5 f877 
  0x00007122b56abbec: c5fa 7e74 | 2428 c5fa | 7e64 2430 | c5fa 7e5c | 2438 c5fa | 7e4c 2440 | c5fa 7e44 | 2448 4883 
  0x00007122b56abc0c: c450 e9fc | c1ff fff0 | 8344 24c0 | 0080 3f00 | 0f84 2dc2 | ffff c607 | 0049 8b5f | 5048 85db 
  0x00007122b56abc2c: 0f84 1400 | 0000 4883 | eb08 4989 | 5f50 4903 | 5f58 4889 | 3be9 09c2 | ffff 4883 | ec50 c5f9 
  0x00007122b56abc4c: d644 2448 | c5f9 d64c | 2440 c5f9 | d65c 2438 | c5f9 d664 | 2430 c5f9 | d674 2428 | 4c89 5424 
  0x00007122b56abc6c: 204c 8944 | 2418 4c89 | 4c24 1048 | 8944 2408 

  0x00007122b56abc7c: ;   {runtime_call G1BarrierSetRuntime::write_ref_field_post_entry(unsigned char volatile*, JavaThread*)}
  0x00007122b56abc7c: 498b f7e8 | 6c6e 3e12 | 488b 4424 | 084c 8b4c | 2410 4c8b | 4424 184c | 8b54 2420 | c5f8 77c5 
  0x00007122b56abc9c: fa7e 7424 | 28c5 fa7e | 6424 30c5 | fa7e 5c24 | 38c5 fa7e | 4c24 40c5 | fa7e 4424 | 4848 83c4 
  0x00007122b56abcbc: 50e9 8dc1 | ffff 458b | 2849 c1e5 | 0349 83fd | 000f 8450 | c2ff ff4d | 8b77 384d | 85f6 0f84 
  0x00007122b56abcdc: 1400 0000 | 4983 ee08 | 4d89 7738 | 4d03 7740 | 4d89 2ee9 | 2fc2 ffff | 4883 ec50 | 4c89 5424 
  0x00007122b56abcfc: 484c 895c | 2440 4c89 | 4424 384c | 894c 2430 | 4889 4c24 | 2848 897c | 2420 4889 | 5424 1848 
  0x00007122b56abd1c: 8974 2410 | 4889 4424 | 0849 8bfd 

  0x00007122b56abd28: ;   {runtime_call G1BarrierSetRuntime::write_ref_field_pre_entry(oopDesc*, JavaThread*)}
  0x00007122b56abd28: 498b f7e8 | a06d 3e12 | 488b 4424 | 0848 8b74 | 2410 488b | 5424 1848 | 8b7c 2420 | 488b 4c24 
  0x00007122b56abd48: 284c 8b4c | 2430 4c8b | 4424 384c | 8b5c 2440 | 4c8b 5424 | 48c5 f877 | 4883 c450 | e9ba c1ff 
  0x00007122b56abd68: ff45 8b0b | 49c1 e103 | 4983 f900 | 0f84 12c3 | ffff 4d8b | 5738 4d85 | d20f 8414 | 0000 0049 
  0x00007122b56abd88: 83ea 084d | 8957 384d | 0357 404d | 890a e9f1 | c2ff ff48 | 83ec 204c | 895c 2418 | 4c89 4424 
  0x00007122b56abda8: 1048 8944 | 2408 498b | f949 8bf7 

  0x00007122b56abdb4: ;   {runtime_call G1BarrierSetRuntime::write_ref_field_pre_entry(oopDesc*, JavaThread*)}
  0x00007122b56abdb4: e817 6d3e | 1248 8b44 | 2408 4c8b | 4424 104c | 8b5c 2418 | c5f8 7748 | 83c4 20e9 | b8c2 ffff 
  0x00007122b56abdd4: f083 4424 | c000 4180 | 3a00 0f84 | e0c2 ffff | 41c6 0200 | 4d8b 4f50 | 4d85 c90f | 8414 0000 
  0x00007122b56abdf4: 0049 83e9 | 084d 894f | 504d 034f | 584d 8911 | e9bb c2ff | ff48 83ec | 104c 8944 | 2408 498b 
  0x00007122b56abe14: fa49 8bf7 

  0x00007122b56abe18: ;   {runtime_call G1BarrierSetRuntime::write_ref_field_post_entry(unsigned char volatile*, JavaThread*)}
  0x00007122b56abe18: e8d3 6c3e | 124c 8b44 | 2408 c5f8 | 7748 83c4 | 10e9 96c2 | ffff 458b | 0a49 c1e1 | 0349 83f9 
  0x00007122b56abe38: 000f 8499 | c2ff ff4d | 8b5f 384d | 85db 0f84 | 1400 0000 | 4983 eb08 | 4d89 5f38 | 4d03 5f40 
  0x00007122b56abe58: 4d89 0be9 | 78c2 ffff | 4883 ec10 | 4c89 5424 | 084c 8904 | 2449 8bf9 

  0x00007122b56abe70: ;   {runtime_call G1BarrierSetRuntime::write_ref_field_pre_entry(oopDesc*, JavaThread*)}
  0x00007122b56abe70: 498b f7e8 | 586c 3e12 | 4c8b 0424 | 4c8b 5424 | 08c5 f877 | 4883 c410 | e94b c2ff | fff0 8344 
  0x00007122b56abe90: 24c0 0041 | 803b 000f | 8473 c2ff | ff41 c603 | 004d 8b4f | 504d 85c9 | 0f84 1400 | 0000 4983 
  0x00007122b56abeb0: e908 4d89 | 4f50 4d03 | 4f58 4d89 | 19e9 4ec2 | ffff 498b | fb49 8bf7 

  0x00007122b56abec8: ;   {runtime_call G1BarrierSetRuntime::write_ref_field_post_entry(unsigned char volatile*, JavaThread*)}
  0x00007122b56abec8: e823 6c3e | 12c5 f877 | e93b c2ff | ff44 8b2e | 49c1 e503 | 4983 fd00 | 0f84 3dc3 | ffff 4d8b 
  0x00007122b56abee8: 7738 4d85 | f60f 8414 | 0000 0049 | 83ee 084d | 8977 384d | 0377 404d | 892e e91c | c3ff ff48 
  0x00007122b56abf08: 83ec 504c | 8954 2448 | 4c89 5c24 | 404c 8944 | 2438 4c89 | 4c24 3048 | 894c 2428 | 4889 7c24 
  0x00007122b56abf28: 2048 8954 | 2418 4889 | 7424 1048 | 8944 2408 | 498b fd49 

  0x00007122b56abf3c: ;   {runtime_call G1BarrierSetRuntime::write_ref_field_pre_entry(oopDesc*, JavaThread*)}
  0x00007122b56abf3c: 8bf7 e88d | 6b3e 1248 | 8b44 2408 | 488b 7424 | 1048 8b54 | 2418 488b | 7c24 2048 | 8b4c 2428 
  0x00007122b56abf5c: 4c8b 4c24 | 304c 8b44 | 2438 4c8b | 5c24 404c | 8b54 2448 | c5f8 7748 | 83c4 50e9 | a7c2 ffff 
  0x00007122b56abf7c: 8b32 48c1 | e603 4883 | fe00 0f84 | dbc3 ffff | 498b 7f38 | 4885 ff0f | 8414 0000 | 0048 83ef 
  0x00007122b56abf9c: 0849 897f | 3849 037f | 4048 8937 | e9ba c3ff | ff48 83ec | 404c 8954 | 2438 4c89 | 5c24 304c 
  0x00007122b56abfbc: 8944 2428 | 4c89 4c24 | 2048 894c | 2418 4889 | 5424 1048 | 8944 2408 | 488b fe49 

  0x00007122b56abfd8: ;   {runtime_call G1BarrierSetRuntime::write_ref_field_pre_entry(oopDesc*, JavaThread*)}
  0x00007122b56abfd8: 8bf7 e8f1 | 6a3e 1248 | 8b44 2408 | 488b 5424 | 1048 8b4c | 2418 4c8b | 4c24 204c | 8b44 2428 
  0x00007122b56abff8: 4c8b 5c24 | 304c 8b54 | 2438 c5f8 | 7748 83c4 | 40e9 59c3 | ffff f083 | 4424 c000 | 803f 000f 
  0x00007122b56ac018: 8480 c3ff | ffc6 0700 | 498b 7750 | 4885 f60f | 8414 0000 | 0048 83ee | 0849 8977 | 5049 0377 
  0x00007122b56ac038: 5848 893e | e95c c3ff | ff48 83ec | 304c 8954 | 2428 4c89 | 5c24 204c | 8944 2418 | 4c89 4c24 
  0x00007122b56ac058: 1048 894c | 2408 498b 

  0x00007122b56ac060: ;   {runtime_call G1BarrierSetRuntime::write_ref_field_post_entry(unsigned char volatile*, JavaThread*)}
  0x00007122b56ac060: f7e8 8a6a | 3e12 488b | 4c24 084c | 8b4c 2410 | 4c8b 4424 | 184c 8b5c | 2420 4c8b | 5424 28c5 
  0x00007122b56ac080: f877 4883 | c430 e912 | c3ff ff41 | 8b08 48c1 | e103 4883 | f900 0f84 | 20c3 ffff | 4d8b 4f38 
  0x00007122b56ac0a0: 4d85 c90f | 8414 0000 | 0049 83e9 | 084d 894f | 384d 034f | 4049 8909 | e9ff c2ff | ff48 83ec 
  0x00007122b56ac0c0: 204c 8954 | 2418 4c89 | 5c24 104c | 8944 2408 | 488b f949 

  0x00007122b56ac0d4: ;   {runtime_call G1BarrierSetRuntime::write_ref_field_pre_entry(oopDesc*, JavaThread*)}
  0x00007122b56ac0d4: 8bf7 e8f5 | 693e 124c | 8b44 2408 | 4c8b 5c24 | 104c 8b54 | 2418 c5f8 | 7748 83c4 | 20e9 c6c2 
  0x00007122b56ac0f4: ffff f083 | 4424 c000 | 4180 3900 | 0f84 eec2 | ffff 41c6 | 0100 498b | 4f50 4885 | c90f 8414 
  0x00007122b56ac114: 0000 0048 | 83e9 0849 | 894f 5049 | 034f 584c | 8909 e9c9 | c2ff ff48 | 83ec 104c | 895c 2408 
  0x00007122b56ac134: 498b f949 

  0x00007122b56ac138: ;   {runtime_call G1BarrierSetRuntime::write_ref_field_post_entry(unsigned char volatile*, JavaThread*)}
  0x00007122b56ac138: 8bf7 e8b1 | 693e 124c | 8b5c 2408 | c5f8 7748 | 83c4 10e9 | a4c2 ffff | 418b 0b48 | c1e1 0348 
  0x00007122b56ac158: 83f9 000f | 848a c4ff | ff4d 8b4f | 384d 85c9 | 0f84 1400 | 0000 4983 | e908 4d89 | 4f38 4d03 
  0x00007122b56ac178: 4f40 4989 | 09e9 69c4 | ffff 4883 | ec10 4c89 | 5c24 0848 | 8904 2448 | 8bf9 498b 

  0x00007122b56ac194: ;   {runtime_call G1BarrierSetRuntime::write_ref_field_pre_entry(oopDesc*, JavaThread*)}
  0x00007122b56ac194: f7e8 3669 | 3e12 488b | 0424 4c8b | 5c24 08c5 | f877 4883 | c410 e93c | c4ff fff0 | 8344 24c0 
  0x00007122b56ac1b4: 0041 8039 | 000f 8464 | c4ff ff41 | c601 0049 | 8b4f 5048 | 85c9 0f84 | 1400 0000 | 4883 e908 
  0x00007122b56ac1d4: 4989 4f50 | 4903 4f58 | 4c89 09e9 | 3fc4 ffff | 4883 ec10 | 4889 4424 | 0849 8bf9 

  0x00007122b56ac1f0: ;   {runtime_call G1BarrierSetRuntime::write_ref_field_post_entry(unsigned char volatile*, JavaThread*)}
  0x00007122b56ac1f0: 498b f7e8 | f868 3e12 | 488b 4424 | 08c5 f877 | 4883 c410 | e91a c4ff | ff41 8b09 | 48c1 e103 
  0x00007122b56ac210: 4883 f900 | 0f84 4fc7 | ffff 4d8b | 4738 4d85 | c00f 8414 | 0000 0049 | 83e8 084d | 8947 384d 
  0x00007122b56ac230: 0347 4049 | 8908 e92e | c7ff ff48 | 83ec 204c | 8954 2418 | 4c89 5c24 | 104c 894c | 2408 488b 
  0x00007122b56ac250: f949 8bf7 

  0x00007122b56ac254: ;   {runtime_call G1BarrierSetRuntime::write_ref_field_pre_entry(oopDesc*, JavaThread*)}
  0x00007122b56ac254: e877 683e | 124c 8b4c | 2408 4c8b | 5c24 104c | 8b54 2418 | c5f8 7748 | 83c4 20e9 | f5c6 ffff 
  0x00007122b56ac274: f083 4424 | c000 4180 | 3800 0f84 | 27c7 ffff | 41c6 0000 | 498b 4f50 | 4885 c90f | 8414 0000 
  0x00007122b56ac294: 0048 83e9 | 0849 894f | 5049 034f | 584c 8901 | e902 c7ff | ff48 83ec | 104c 8954 | 2408 498b 
  0x00007122b56ac2b4: f849 8bf7 

  0x00007122b56ac2b8: ;   {runtime_call G1BarrierSetRuntime::write_ref_field_post_entry(unsigned char volatile*, JavaThread*)}
  0x00007122b56ac2b8: e833 683e | 124c 8b54 | 2408 c5f8 | 7748 83c4 | 10e9 ddc6 | ffff 458b | 1849 c1e3 | 0349 83fb 
  0x00007122b56ac2d8: 000f 8402 | d8ff ff4d | 8b57 384d | 85d2 0f84 | 1400 0000 | 4983 ea08 | 4d89 5738 | 4d03 5740 
  0x00007122b56ac2f8: 4d89 1ae9 | e1d7 ffff | 4883 ec20 | 4c89 4424 | 184c 894c | 2410 4889 | 4c24 0849 | 8bfb 498b 
  0x00007122b56ac318: ;   {runtime_call G1BarrierSetRuntime::write_ref_field_pre_entry(oopDesc*, JavaThread*)}
  0x00007122b56ac318: f7e8 b267 | 3e12 488b | 4c24 084c | 8b4c 2410 | 4c8b 4424 | 18c5 f877 | 4883 c420 | e9a8 d7ff 
  0x00007122b56ac338: fff0 8344 | 24c0 0041 | 803a 000f | 84d0 d7ff | ff41 c602 | 004d 8b5f | 504d 85db | 0f84 1400 
  0x00007122b56ac358: 0000 4983 | eb08 4d89 | 5f50 4d03 | 5f58 4d89 | 13e9 abd7 | ffff 4883 | ec10 4c89 | 4c24 0848 
  0x00007122b56ac378: 890c 2449 | 8bfa 498b 

  0x00007122b56ac380: ;   {runtime_call G1BarrierSetRuntime::write_ref_field_post_entry(unsigned char volatile*, JavaThread*)}
  0x00007122b56ac380: f7e8 6a67 | 3e12 488b | 0c24 4c8b | 4c24 08c5 | f877 4883 | c410 e97e 

  0x00007122b56ac398: ;   {internal_word}
  0x00007122b56ac398: d7ff ff49 | bafb 896a | b522 7100 | 004d 8997 | 3805 0000 

  0x00007122b56ac3ac: ;   {runtime_call SafepointBlob}
  0x00007122b56ac3ac: e9af 3440 | fe48 83ec | 08c5 fb11 

  0x00007122b56ac3b8: ;   {runtime_call Stub::d2i_fixup}
  0x00007122b56ac3b8: 0424 e809 | 3d3b fe59 | e9cd beff | ff48 83ec | 08c5 fb11 

  0x00007122b56ac3cc: ;   {runtime_call Stub::d2i_fixup}
  0x00007122b56ac3cc: 0424 e8f5 | 3c3b fe41 | 58e9 bdbb | ffff 4883 | ec08 c5fb 

  0x00007122b56ac3e0: ;   {runtime_call Stub::d2i_fixup}
  0x00007122b56ac3e0: 1104 24e8 | e03c 3bfe | 415b e9ca 

  0x00007122b56ac3ec: ;   {runtime_call Stub::method_entry_barrier}
  0x00007122b56ac3ec: b0ff ffe8 | 6c8b 3efe | e955 acff | fff4 f4f4 | f4f4 f4f4 
[Stub Code]
  0x00007122b56ac400: ;   {static_stub}
  0x00007122b56ac400: 48bb 6850 | 3d77 2271 

  0x00007122b56ac408: ;   {runtime_call I2C/C2I adapters}
  0x00007122b56ac408: 0000 e927 

  0x00007122b56ac40c: ;   {static_stub}
  0x00007122b56ac40c: 8640 fe48 | bb00 0000 | 0000 0000 

  0x00007122b56ac418: ;   {runtime_call nmethod}
  0x00007122b56ac418: 00e9 fbff 

  0x00007122b56ac41c: ;   {static_stub}
  0x00007122b56ac41c: ffff 48bb | 0000 0000 | 0000 0000 

  0x00007122b56ac428: ;   {runtime_call nmethod}
  0x00007122b56ac428: e9fb ffff 

  0x00007122b56ac42c: ;   {static_stub}
  0x00007122b56ac42c: ff48 bb00 | 0000 0000 

  0x00007122b56ac434: ;   {runtime_call nmethod}
  0x00007122b56ac434: 0000 00e9 | fbff ffff 

  0x00007122b56ac43c: ;   {static_stub}
  0x00007122b56ac43c: 48bb 0000 | 0000 0000 

  0x00007122b56ac444: ;   {runtime_call nmethod}
  0x00007122b56ac444: 0000 e9fb 

  0x00007122b56ac448: ;   {static_stub}
  0x00007122b56ac448: ffff ff48 | bb00 0000 | 0000 0000 

  0x00007122b56ac454: ;   {runtime_call nmethod}
  0x00007122b56ac454: 00e9 fbff 

  0x00007122b56ac458: ;   {static_stub}
  0x00007122b56ac458: ffff 48bb | 0000 0000 | 0000 0000 

  0x00007122b56ac464: ;   {runtime_call nmethod}
  0x00007122b56ac464: e9fb ffff 

  0x00007122b56ac468: ;   {static_stub}
  0x00007122b56ac468: ff48 bb00 | 0000 0000 

  0x00007122b56ac470: ;   {runtime_call nmethod}
  0x00007122b56ac470: 0000 00e9 | fbff ffff 

  0x00007122b56ac478: ;   {static_stub}
  0x00007122b56ac478: 48bb 0000 | 0000 0000 

  0x00007122b56ac480: ;   {runtime_call nmethod}
  0x00007122b56ac480: 0000 e9fb 

  0x00007122b56ac484: ;   {static_stub}
  0x00007122b56ac484: ffff ff48 | bb00 0000 | 0000 0000 

  0x00007122b56ac490: ;   {runtime_call nmethod}
  0x00007122b56ac490: 00e9 fbff 

  0x00007122b56ac494: ;   {static_stub}
  0x00007122b56ac494: ffff 48bb | 0000 0000 | 0000 0000 

  0x00007122b56ac4a0: ;   {runtime_call nmethod}
  0x00007122b56ac4a0: e9fb ffff 

  0x00007122b56ac4a4: ;   {static_stub}
  0x00007122b56ac4a4: ff48 bb00 | 0000 0000 

  0x00007122b56ac4ac: ;   {runtime_call nmethod}
  0x00007122b56ac4ac: 0000 00e9 | fbff ffff 

  0x00007122b56ac4b4: ;   {static_stub}
  0x00007122b56ac4b4: 48bb 0000 | 0000 0000 

  0x00007122b56ac4bc: ;   {runtime_call nmethod}
  0x00007122b56ac4bc: 0000 e9fb 

  0x00007122b56ac4c0: ;   {static_stub}
  0x00007122b56ac4c0: ffff ff48 | bb00 0000 | 0000 0000 

  0x00007122b56ac4cc: ;   {runtime_call nmethod}
  0x00007122b56ac4cc: 00e9 fbff 

  0x00007122b56ac4d0: ;   {static_stub}
  0x00007122b56ac4d0: ffff 48bb | 0000 0000 | 0000 0000 

  0x00007122b56ac4dc: ;   {runtime_call nmethod}
  0x00007122b56ac4dc: e9fb ffff 

  0x00007122b56ac4e0: ;   {runtime_call ExceptionBlob}
  0x00007122b56ac4e0: ffe9 7a20 | 4dfe e800 | 0000 0048 | 832c 2405 

  0x00007122b56ac4f0: ;   {runtime_call DeoptimizationBlob}
  0x00007122b56ac4f0: e96b 3640 | fef4 f4f4 
[/MachCode]


---------------  P R O C E S S  ---------------

Threads class SMR info:
_java_thread_list=0x000071225c2dd1e0, length=54, elements={
0x00007122c0030400, 0x00007122c0104420, 0x00007122c0107a20, 0x00007122c0108c20,
0x00007122c010a670, 0x00007122c010bfa0, 0x00007122c010d820, 0x00007122c010f6a0,
0x00007122c0111090, 0x00007122c01621f0, 0x00007122c0582160, 0x00007122c0586070,
0x00007122c057d850, 0x000071217800af60, 0x000071223c001370, 0x0000712170007ac0,
0x00007122c08d90b0, 0x00007122c1deb1b0, 0x00007121b0098e70, 0x00007121b0099720,
0x00007122c1ded490, 0x00007122c218baf0, 0x00007122c251f1d0, 0x00007122c2559620,
0x000071217c0d33d0, 0x00007122c254fe50, 0x0000712144002b80, 0x00007122c255cc20,
0x000071213c000f40, 0x00007122c255d7b0, 0x000071212c000f40, 0x00007122c2563ad0,
0x0000712124000f40, 0x000071213c023770, 0x00007122c255f240, 0x00007122c255fd40,
0x0000712108000f40, 0x00007122c2a50eb0, 0x0000712238288c30, 0x00007120ec002240,
0x00007120e8002240, 0x00007122c2b5d540, 0x00007122c2b6d8d0, 0x00007120e40d13c0,
0x00007120e8005570, 0x000071210400b260, 0x00007120a8002910, 0x00007120a00031f0,
0x00007122c2592190, 0x00007122c2c924b0, 0x00007122c2acdd40, 0x00007121e453d550,
0x00007122c1de3830, 0x000071225c2dc380
}

Java Threads: ( => current thread )
  0x00007122c0030400 JavaThread "Render thread"                     [_thread_in_Java, id=113213, stack(0x00007122c6fda000,0x00007122c70da000) (1024K)]
  0x00007122c0104420 JavaThread "Common-Cleaner"             daemon [_thread_blocked, id=113225, stack(0x00007122958f9000,0x00007122959fa000) (1028K)]
  0x00007122c0107a20 JavaThread "Reference Handler"          daemon [_thread_blocked, id=113226, stack(0x00007122957f8000,0x00007122958f9000) (1028K)]
  0x00007122c0108c20 JavaThread "Finalizer"                  daemon [_thread_blocked, id=113227, stack(0x0000712294700000,0x0000712294800000) (1024K)]
  0x00007122c010a670 JavaThread "Signal Dispatcher"          daemon [_thread_blocked, id=113228, stack(0x0000712294600000,0x0000712294700000) (1024K)]
  0x00007122c010bfa0 JavaThread "Service Thread"             daemon [_thread_blocked, id=113229, stack(0x0000712294500000,0x0000712294600000) (1024K)]
  0x00007122c010d820 JavaThread "Monitor Deflation Thread"   daemon [_thread_blocked, id=113230, stack(0x0000712294400000,0x0000712294500000) (1024K)]
  0x00007122c010f6a0 JavaThread "C2 CompilerThread0"         daemon [_thread_blocked, id=113231, stack(0x0000712294300000,0x0000712294400000) (1024K)]
  0x00007122c0111090 JavaThread "C1 CompilerThread0"         daemon [_thread_blocked, id=113232, stack(0x0000712294200000,0x0000712294300000) (1024K)]
  0x00007122c01621f0 JavaThread "Notification Thread"        daemon [_thread_blocked, id=113235, stack(0x000071225bf00000,0x000071225c000000) (1024K)]
  0x00007122c0582160 JavaThread "RMI TCP Accept-0"           daemon [_thread_in_native, id=113241, stack(0x000071225b900000,0x000071225ba00000) (1024K)]
  0x00007122c0586070 JavaThread "RMI TCP Accept-1099"        daemon [_thread_in_native, id=113242, stack(0x000071225b800000,0x000071225b900000) (1024K)]
  0x00007122c057d850 JavaThread "RMI TCP Accept-0"           daemon [_thread_in_native, id=113243, stack(0x000071225b700000,0x000071225b800000) (1024K)]
  0x000071217800af60 JavaThread "RMI Scheduler(0)"           daemon [_thread_blocked, id=113295, stack(0x0000712183c00000,0x0000712183d00000) (1024K)]
  0x000071223c001370 JavaThread "RMI TCP Connection(2)-127.0.0.1" daemon [_thread_in_native, id=113298, stack(0x0000712183b00000,0x0000712183c00000) (1024K)]
  0x0000712170007ac0 JavaThread "JMX server connection timeout 80" daemon [_thread_blocked, id=113299, stack(0x0000712183a00000,0x0000712183b00000) (1024K)]
  0x00007122c08d90b0 JavaThread "JNA Cleaner"                daemon [_thread_blocked, id=113303, stack(0x0000712183500000,0x0000712183600000) (1024K)]
  0x00007122c1deb1b0 JavaThread "modloading-sync-worker"     daemon [_thread_blocked, id=113319, stack(0x000071225ba00000,0x000071225bb00000) (1024K)]
  0x00007121b0098e70 JavaThread "FileSystemWatchService"     daemon [_thread_in_native, id=113320, stack(0x00007121b86ff000,0x00007121b87ff000) (1024K)]
  0x00007121b0099720 JavaThread "config-file-watcher-0-0"    daemon [_thread_blocked, id=113321, stack(0x00007121b87ff000,0x00007121b88ff000) (1024K)]
  0x00007122c1ded490 JavaThread "Timer hack thread"          daemon [_thread_blocked, id=113322, stack(0x00007121b80fb000,0x00007121b81fb000) (1024K)]
  0x00007122c218baf0 JavaThread "Download-1"                 daemon [_thread_blocked, id=113324, stack(0x0000712183e00000,0x0000712183f00000) (1024K)]
  0x00007122c251f1d0 JavaThread "Worker-Main-1"              daemon [_thread_blocked, id=113331, stack(0x000071225bb00000,0x000071225bc00000) (1024K)]
  0x00007122c2559620 JavaThread "Worker-Main-2"              daemon [_thread_blocked, id=113337, stack(0x0000712180400000,0x0000712180500000) (1024K)]
  0x000071217c0d33d0 JavaThread "Worker-Main-3"              daemon [_thread_blocked, id=113338, stack(0x0000712180200000,0x0000712180300000) (1024K)]
  0x00007122c254fe50 JavaThread "Worker-Main-4"              daemon [_thread_blocked, id=113339, stack(0x0000712180100000,0x0000712180200000) (1024K)]
  0x0000712144002b80 JavaThread "Worker-Main-5"              daemon [_thread_blocked, id=113340, stack(0x0000712180000000,0x0000712180100000) (1024K)]
  0x00007122c255cc20 JavaThread "Worker-Main-6"              daemon [_thread_blocked, id=113341, stack(0x0000712160700000,0x0000712160800000) (1024K)]
  0x000071213c000f40 JavaThread "Worker-Main-7"              daemon [_thread_blocked, id=113342, stack(0x0000712160600000,0x0000712160700000) (1024K)]
  0x00007122c255d7b0 JavaThread "Worker-Main-8"              daemon [_thread_blocked, id=113343, stack(0x0000712160500000,0x0000712160600000) (1024K)]
  0x000071212c000f40 JavaThread "Worker-Main-9"              daemon [_thread_blocked, id=113344, stack(0x0000712160400000,0x0000712160500000) (1024K)]
  0x00007122c2563ad0 JavaThread "Worker-Main-10"             daemon [_thread_blocked, id=113345, stack(0x0000712160100000,0x0000712160200000) (1024K)]
  0x0000712124000f40 JavaThread "Worker-Main-12"             daemon [_thread_blocked, id=113346, stack(0x0000712160000000,0x0000712160100000) (1024K)]
  0x000071213c023770 JavaThread "Worker-Main-11"             daemon [_thread_blocked, id=113347, stack(0x000071214c280000,0x000071214c380000) (1024K)]
  0x00007122c255f240 JavaThread "Worker-Main-13"             daemon [_thread_blocked, id=113348, stack(0x000071214c180000,0x000071214c280000) (1024K)]
  0x00007122c255fd40 JavaThread "Worker-Main-14"             daemon [_thread_blocked, id=113349, stack(0x000071214c080000,0x000071214c180000) (1024K)]
  0x0000712108000f40 JavaThread "Worker-Main-15"             daemon [_thread_blocked, id=113350, stack(0x000071211fa00000,0x000071211fb00000) (1024K)]
  0x00007122c2a50eb0 JavaThread "IO-Worker-1"                       [_thread_blocked, id=113382, stack(0x00007121b9a00000,0x00007121b9b00000) (1024K)]
  0x0000712238288c30 JavaThread "IO-Worker-4"                       [_thread_blocked, id=113386, stack(0x00007121b9600000,0x00007121b9700000) (1024K)]
  0x00007120ec002240 JavaThread "IO-Worker-6"                       [_thread_blocked, id=113389, stack(0x00007121b9300000,0x00007121b9400000) (1024K)]
  0x00007120e8002240 JavaThread "IO-Worker-5"                       [_thread_blocked, id=113390, stack(0x00007121b9200000,0x00007121b9300000) (1024K)]
  0x00007122c2b5d540 JavaThread "Netty Local IO #0"          daemon [_thread_blocked, id=113392, stack(0x00007121b9400000,0x00007121b9500000) (1024K)]
  0x00007122c2b6d8d0 JavaThread "Netty Local IO #0"          daemon [_thread_blocked, id=113393, stack(0x00007121b9100000,0x00007121b9200000) (1024K)]
  0x00007120e40d13c0 JavaThread "Netty Local IO #1"          daemon [_thread_blocked, id=113394, stack(0x00007120fe800000,0x00007120fe900000) (1024K)]
  0x00007120e8005570 JavaThread "IO-Worker-7"                       [_thread_blocked, id=113396, stack(0x00007120fc07e000,0x00007120fc17e000) (1024K)]
  0x000071210400b260 JavaThread "IO-Worker-8"                       [_thread_blocked, id=113397, stack(0x00007120f4900000,0x00007120f4a00000) (1024K)]
  0x00007120a8002910 JavaThread "IO-Worker-9"                       [_thread_blocked, id=113399, stack(0x00007120f4700000,0x00007120f4800000) (1024K)]
  0x00007120a00031f0 JavaThread "IO-Worker-11"                      [_thread_blocked, id=113517, stack(0x000071225a6f6000,0x000071225a7f6000) (1024K)]
=>0x00007122c2592190 JavaThread "Server thread"                     [_thread_in_Java, id=113571, stack(0x000071225a9f6000,0x000071225aaf6000) (1024K)]
  0x00007122c2c924b0 JavaThread "Netty Local IO #2"          daemon [_thread_blocked, id=113578, stack(0x000071225a3f6000,0x000071225a4f6000) (1024K)]
  0x00007122c2acdd40 JavaThread "Netty Local IO #1"          daemon [_thread_blocked, id=113579, stack(0x000071225a2f6000,0x000071225a3f6000) (1024K)]
  0x00007121e453d550 JavaThread "Netty Local IO #3"          daemon [_thread_blocked, id=113580, stack(0x0000712294100000,0x0000712294200000) (1024K)]
  0x00007122c1de3830 JavaThread "Sound engine"               daemon [_thread_blocked, id=113588, stack(0x000071225a1f6000,0x000071225a2f6000) (1024K)]
  0x000071225c2dc380 JavaThread "C1 CompilerThread1"         daemon [_thread_blocked, id=113673, stack(0x00007121b9900000,0x00007121b9a00000) (1024K)]
Total: 54

Other Threads:
  0x00007122c00fc740 VMThread "VM Thread"                           [id=113224, stack(0x00007122959fb000,0x0000712295afb000) (1024K)]
  0x00007122c00ec170 WatcherThread "VM Periodic Task Thread"        [id=113223, stack(0x0000712295afc000,0x0000712295bfc000) (1024K)]
  0x00007122c005d030 WorkerThread "GC Thread#0"                     [id=113214, stack(0x00007122c40fd000,0x00007122c41fd000) (1024K)]
  0x0000712280009670 WorkerThread "GC Thread#1"                     [id=113247, stack(0x000071225b500000,0x000071225b600000) (1024K)]
  0x000071228000a0c0 WorkerThread "GC Thread#2"                     [id=113248, stack(0x000071225b3ff000,0x000071225b4ff000) (1024K)]
  0x000071228000ac50 WorkerThread "GC Thread#3"                     [id=113249, stack(0x000071225b2fe000,0x000071225b3fe000) (1024K)]
  0x000071228000b990 WorkerThread "GC Thread#4"                     [id=113250, stack(0x000071225b1fd000,0x000071225b2fd000) (1024K)]
  0x000071228000c6d0 WorkerThread "GC Thread#5"                     [id=113251, stack(0x000071225b0fc000,0x000071225b1fc000) (1024K)]
  0x000071228000d410 WorkerThread "GC Thread#6"                     [id=113252, stack(0x000071225affb000,0x000071225b0fb000) (1024K)]
  0x000071228000e150 WorkerThread "GC Thread#7"                     [id=113253, stack(0x000071225aefa000,0x000071225affa000) (1024K)]
  0x000071228000ee90 WorkerThread "GC Thread#8"                     [id=113254, stack(0x000071225adf9000,0x000071225aef9000) (1024K)]
  0x000071228000fc10 WorkerThread "GC Thread#9"                     [id=113255, stack(0x000071225acf8000,0x000071225adf8000) (1024K)]
  0x0000712280010990 WorkerThread "GC Thread#10"                    [id=113256, stack(0x000071225abf7000,0x000071225acf7000) (1024K)]
  0x000071228001a700 WorkerThread "GC Thread#11"                    [id=113286, stack(0x00007121b85ff000,0x00007121b86ff000) (1024K)]
  0x000071228001b3c0 WorkerThread "GC Thread#12"                    [id=113287, stack(0x00007121b84fe000,0x00007121b85fe000) (1024K)]
  0x00007122c0075410 ConcurrentGCThread "G1 Main Marker"            [id=113215, stack(0x00007122bff00000,0x00007122c0000000) (1024K)]
  0x00007122c00765e0 WorkerThread "G1 Conc#0"                       [id=113216, stack(0x00007122a4bf0000,0x00007122a4cf0000) (1024K)]
  0x0000712298000ce0 WorkerThread "G1 Conc#1"                       [id=113288, stack(0x00007121b83fd000,0x00007121b84fd000) (1024K)]
  0x0000712298001a60 WorkerThread "G1 Conc#2"                       [id=113289, stack(0x00007121b82fc000,0x00007121b83fc000) (1024K)]
  0x00007122c00dc4d0 ConcurrentGCThread "G1 Refine#0"               [id=113217, stack(0x0000712295cfe000,0x0000712295dfe000) (1024K)]
  0x00007122c00dd6c0 ConcurrentGCThread "G1 Service"                [id=113218, stack(0x0000712295bfd000,0x0000712295cfd000) (1024K)]
Total: 21

Threads with active compile tasks:
Total: 0

VM state: not at safepoint (normal execution)

VM Mutex/Monitor currently owned by a thread: None

Heap address: 0x000000061bc00000, size: 7748 MB, Compressed Oops mode: Zero based, Oop shift amount: 3

CDS archive(s) mapped at: [0x0000000041000000-0x0000000042ce6000-0x0000000042ce6000), size 30302208, SharedBaseAddress: 0x0000000041000000, ArchiveRelocationMode: 1.
Compressed class space mapped at: 0x0000000043000000-0x0000000083000000, reserved size: 1073741824
UseCompressedClassPointers 1, UseCompactObjectHeaders 0
Narrow klass pointer bits 32, Max shift 3
Narrow klass base: 0x0000000041000000, Narrow klass shift: 0
Encoding Range: [0x0000000041000000 - 0x0000000141000000), (4294967296 bytes)
Klass Range:    [0x0000000041001000 - 0x0000000083000000), (1107292160 bytes)
Klass ID Range:  [4096 - 1107296249) (1107292153)
Protection zone: [0x0000000041000000 - 0x0000000041001000), (4096 bytes)

GC Precious Log:
 CardTable entry size: 512
 Card Set container configuration: InlinePtr #cards 4 size 8 Array Of Cards #cards 32 size 80 Howl #buckets 8 coarsen threshold 7372 Howl Bitmap #cards 1024 size 144 coarsen threshold 921 Card regions per heap region 1 cards per card region 8192
 CPUs: 16 total, 16 available
 Memory: 30991M
 Large Page Support: Disabled
 NUMA Support: Disabled
 Compressed Oops: Enabled (Zero based)
 Heap Region Size: 4M
 Heap Min Capacity: 8M
 Heap Initial Capacity: 488M
 Heap Max Capacity: 7748M
 Pre-touch: Disabled
 Parallel Workers: 13
 Concurrent Workers: 3
 Concurrent Refinement Workers: 13
 Periodic GC: Disabled

Heap:
 garbage-first heap   total reserved 7933952K, committed 2146304K, used 1909279K [0x000000061bc00000, 0x0000000800000000)
  region size 4096K, 269 young (1101824K), 19 survivors (77824K)

Heap Regions: E=young(eden), S=young(survivor), O=old, HS=humongous(starts), HC=humongous(continues), CS=collection set, F=free, TAMS=top-at-mark-start, PB=parsable bottom
|   0|0x000000061bc00000, 0x000000061c000000, 0x000000061c000000|100%|HS|  |TAMS 0x000000061bc00000| PB 0x000000061bc00000| Complete |  0
|   1|0x000000061c000000, 0x000000061c400000, 0x000000061c400000|100%| O|  |TAMS 0x000000061c000000| PB 0x000000061c000000| Untracked |  0
|   2|0x000000061c400000, 0x000000061c800000, 0x000000061c800000|100%| O|  |TAMS 0x000000061c400000| PB 0x000000061c400000| Untracked |  0
|   3|0x000000061c800000, 0x000000061cc00000, 0x000000061cc00000|100%| O|  |TAMS 0x000000061c800000| PB 0x000000061c800000| Untracked |  0
|   4|0x000000061cc00000, 0x000000061d000000, 0x000000061d000000|100%| O|  |TAMS 0x000000061cc00000| PB 0x000000061cc00000| Untracked |  0
|   5|0x000000061d000000, 0x000000061d400000, 0x000000061d400000|100%| O|  |TAMS 0x000000061d000000| PB 0x000000061d000000| Untracked |  0
|   6|0x000000061d400000, 0x000000061d800000, 0x000000061d800000|100%| O|  |TAMS 0x000000061d400000| PB 0x000000061d400000| Untracked |  0
|   7|0x000000061d800000, 0x000000061dc00000, 0x000000061dc00000|100%| O|  |TAMS 0x000000061d800000| PB 0x000000061d800000| Untracked |  0
|   8|0x000000061dc00000, 0x000000061e000000, 0x000000061e000000|100%| O|  |TAMS 0x000000061dc00000| PB 0x000000061dc00000| Untracked |  0
|   9|0x000000061e000000, 0x000000061e400000, 0x000000061e400000|100%|HS|  |TAMS 0x000000061e000000| PB 0x000000061e000000| Complete |  0
|  10|0x000000061e400000, 0x000000061e800000, 0x000000061e800000|100%|HC|  |TAMS 0x000000061e400000| PB 0x000000061e400000| Complete |  0
|  11|0x000000061e800000, 0x000000061ec00000, 0x000000061ec00000|100%|HC|  |TAMS 0x000000061e800000| PB 0x000000061e800000| Complete |  0
|  12|0x000000061ec00000, 0x000000061f000000, 0x000000061f000000|100%| O|  |TAMS 0x000000061ec00000| PB 0x000000061ec00000| Untracked |  0
|  13|0x000000061f000000, 0x000000061f400000, 0x000000061f400000|100%| O|  |TAMS 0x000000061f000000| PB 0x000000061f000000| Untracked |  0
|  14|0x000000061f400000, 0x000000061f800000, 0x000000061f800000|100%| O|  |TAMS 0x000000061f400000| PB 0x000000061f400000| Untracked |  0
|  15|0x000000061f800000, 0x000000061fc00000, 0x000000061fc00000|100%| O|  |TAMS 0x000000061f800000| PB 0x000000061f800000| Untracked |  0
|  16|0x000000061fc00000, 0x0000000620000000, 0x0000000620000000|100%| O|  |TAMS 0x000000061fc00000| PB 0x000000061fc00000| Untracked |  0
|  17|0x0000000620000000, 0x0000000620400000, 0x0000000620400000|100%| O|  |TAMS 0x0000000620000000| PB 0x0000000620000000| Untracked |  0
|  18|0x0000000620400000, 0x0000000620800000, 0x0000000620800000|100%| O|  |TAMS 0x0000000620400000| PB 0x0000000620400000| Untracked |  0
|  19|0x0000000620800000, 0x0000000620c00000, 0x0000000620c00000|100%| O|  |TAMS 0x0000000620800000| PB 0x0000000620800000| Untracked |  0
|  20|0x0000000620c00000, 0x0000000621000000, 0x0000000621000000|100%| O|  |TAMS 0x0000000620c00000| PB 0x0000000620c00000| Untracked |  0
|  21|0x0000000621000000, 0x0000000621400000, 0x0000000621400000|100%| O|  |TAMS 0x0000000621000000| PB 0x0000000621000000| Untracked |  0
|  22|0x0000000621400000, 0x0000000621800000, 0x0000000621800000|100%| O|  |TAMS 0x0000000621400000| PB 0x0000000621400000| Untracked |  0
|  23|0x0000000621800000, 0x0000000621c00000, 0x0000000621c00000|100%|HS|  |TAMS 0x0000000621800000| PB 0x0000000621800000| Complete |  0
|  24|0x0000000621c00000, 0x0000000622000000, 0x0000000622000000|100%| O|  |TAMS 0x0000000621c00000| PB 0x0000000621c00000| Untracked |  0
|  25|0x0000000622000000, 0x0000000622400000, 0x0000000622400000|100%| O|  |TAMS 0x0000000622000000| PB 0x0000000622000000| Untracked |  0
|  26|0x0000000622400000, 0x0000000622800000, 0x0000000622800000|100%| O|  |TAMS 0x0000000622400000| PB 0x0000000622400000| Untracked |  0
|  27|0x0000000622800000, 0x0000000622c00000, 0x0000000622c00000|100%| O|  |TAMS 0x0000000622800000| PB 0x0000000622800000| Untracked |  0
|  28|0x0000000622c00000, 0x0000000623000000, 0x0000000623000000|100%| O|  |TAMS 0x0000000622c00000| PB 0x0000000622c00000| Untracked |  0
|  29|0x0000000623000000, 0x0000000623400000, 0x0000000623400000|100%| O|  |TAMS 0x0000000623000000| PB 0x0000000623000000| Untracked |  0
|  30|0x0000000623400000, 0x0000000623800000, 0x0000000623800000|100%| O|  |TAMS 0x0000000623400000| PB 0x0000000623400000| Untracked |  0
|  31|0x0000000623800000, 0x0000000623c00000, 0x0000000623c00000|100%| O|  |TAMS 0x0000000623800000| PB 0x0000000623800000| Untracked |  0
|  32|0x0000000623c00000, 0x0000000624000000, 0x0000000624000000|100%| O|  |TAMS 0x0000000623c00000| PB 0x0000000623c00000| Untracked |  0
|  33|0x0000000624000000, 0x0000000624400000, 0x0000000624400000|100%| O|  |TAMS 0x0000000624000000| PB 0x0000000624000000| Untracked |  0
|  34|0x0000000624400000, 0x0000000624800000, 0x0000000624800000|100%| O|  |TAMS 0x0000000624400000| PB 0x0000000624400000| Untracked |  0
|  35|0x0000000624800000, 0x0000000624c00000, 0x0000000624c00000|100%| O|  |TAMS 0x0000000624800000| PB 0x0000000624800000| Untracked |  0
|  36|0x0000000624c00000, 0x0000000625000000, 0x0000000625000000|100%| O|  |TAMS 0x0000000624c00000| PB 0x0000000624c00000| Untracked |  0
|  37|0x0000000625000000, 0x0000000625400000, 0x0000000625400000|100%| O|  |TAMS 0x0000000625000000| PB 0x0000000625000000| Untracked |  0
|  38|0x0000000625400000, 0x0000000625800000, 0x0000000625800000|100%| O|  |TAMS 0x0000000625400000| PB 0x0000000625400000| Untracked |  0
|  39|0x0000000625800000, 0x0000000625c00000, 0x0000000625c00000|100%| O|  |TAMS 0x0000000625800000| PB 0x0000000625800000| Untracked |  0
|  40|0x0000000625c00000, 0x0000000626000000, 0x0000000626000000|100%| O|  |TAMS 0x0000000625c00000| PB 0x0000000625c00000| Untracked |  0
|  41|0x0000000626000000, 0x0000000626400000, 0x0000000626400000|100%| O|  |TAMS 0x0000000626000000| PB 0x0000000626000000| Untracked |  0
|  42|0x0000000626400000, 0x0000000626800000, 0x0000000626800000|100%| O|  |TAMS 0x0000000626400000| PB 0x0000000626400000| Untracked |  0
|  43|0x0000000626800000, 0x0000000626c00000, 0x0000000626c00000|100%| O|  |TAMS 0x0000000626800000| PB 0x0000000626800000| Untracked |  0
|  44|0x0000000626c00000, 0x0000000627000000, 0x0000000627000000|100%| O|  |TAMS 0x0000000626c00000| PB 0x0000000626c00000| Untracked |  0
|  45|0x0000000627000000, 0x0000000627400000, 0x0000000627400000|100%| O|  |TAMS 0x0000000627000000| PB 0x0000000627000000| Untracked |  0
|  46|0x0000000627400000, 0x0000000627800000, 0x0000000627800000|100%| O|  |TAMS 0x0000000627400000| PB 0x0000000627400000| Untracked |  0
|  47|0x0000000627800000, 0x0000000627c00000, 0x0000000627c00000|100%| O|  |TAMS 0x0000000627800000| PB 0x0000000627800000| Untracked |  0
|  48|0x0000000627c00000, 0x0000000628000000, 0x0000000628000000|100%| O|  |TAMS 0x0000000627c00000| PB 0x0000000627c00000| Untracked |  0
|  49|0x0000000628000000, 0x0000000628400000, 0x0000000628400000|100%| O|  |TAMS 0x0000000628000000| PB 0x0000000628000000| Untracked |  0
|  50|0x0000000628400000, 0x0000000628800000, 0x0000000628800000|100%| O|  |TAMS 0x0000000628400000| PB 0x0000000628400000| Untracked |  0
|  51|0x0000000628800000, 0x0000000628c00000, 0x0000000628c00000|100%| O|  |TAMS 0x0000000628800000| PB 0x0000000628800000| Untracked |  0
|  52|0x0000000628c00000, 0x0000000629000000, 0x0000000629000000|100%| O|  |TAMS 0x0000000628c00000| PB 0x0000000628c00000| Untracked |  0
|  53|0x0000000629000000, 0x0000000629400000, 0x0000000629400000|100%| O|  |TAMS 0x0000000629000000| PB 0x0000000629000000| Untracked |  0
|  54|0x0000000629400000, 0x0000000629800000, 0x0000000629800000|100%| O|  |TAMS 0x0000000629400000| PB 0x0000000629400000| Untracked |  0
|  55|0x0000000629800000, 0x0000000629c00000, 0x0000000629c00000|100%| O|  |TAMS 0x0000000629800000| PB 0x0000000629800000| Untracked |  0
|  56|0x0000000629c00000, 0x000000062a000000, 0x000000062a000000|100%| O|  |TAMS 0x0000000629c00000| PB 0x0000000629c00000| Untracked |  0
|  57|0x000000062a000000, 0x000000062a400000, 0x000000062a400000|100%| O|  |TAMS 0x000000062a000000| PB 0x000000062a000000| Untracked |  0
|  58|0x000000062a400000, 0x000000062a800000, 0x000000062a800000|100%| O|  |TAMS 0x000000062a400000| PB 0x000000062a400000| Untracked |  0
|  59|0x000000062a800000, 0x000000062ac00000, 0x000000062ac00000|100%| O|Cm|TAMS 0x000000062a800000| PB 0x000000062a800000| Complete |  0
|  60|0x000000062ac00000, 0x000000062b000000, 0x000000062b000000|100%| O|Cm|TAMS 0x000000062ac00000| PB 0x000000062ac00000| Complete |  0
|  61|0x000000062b000000, 0x000000062b400000, 0x000000062b400000|100%| O|  |TAMS 0x000000062b000000| PB 0x000000062b000000| Untracked |  0
|  62|0x000000062b400000, 0x000000062b800000, 0x000000062b800000|100%| O|  |TAMS 0x000000062b400000| PB 0x000000062b400000| Untracked |  0
|  63|0x000000062b800000, 0x000000062bc00000, 0x000000062bc00000|100%| O|  |TAMS 0x000000062b800000| PB 0x000000062b800000| Untracked |  0
|  64|0x000000062bc00000, 0x000000062c000000, 0x000000062c000000|100%| O|  |TAMS 0x000000062bc00000| PB 0x000000062bc00000| Untracked |  0
|  65|0x000000062c000000, 0x000000062c400000, 0x000000062c400000|100%| O|  |TAMS 0x000000062c000000| PB 0x000000062c000000| Untracked |  0
|  66|0x000000062c400000, 0x000000062c800000, 0x000000062c800000|100%| O|  |TAMS 0x000000062c400000| PB 0x000000062c400000| Untracked |  0
|  67|0x000000062c800000, 0x000000062cc00000, 0x000000062cc00000|100%| O|  |TAMS 0x000000062c800000| PB 0x000000062c800000| Untracked |  0
|  68|0x000000062cc00000, 0x000000062d000000, 0x000000062d000000|100%| O|  |TAMS 0x000000062cc00000| PB 0x000000062cc00000| Untracked |  0
|  69|0x000000062d000000, 0x000000062d400000, 0x000000062d400000|100%| O|  |TAMS 0x000000062d000000| PB 0x000000062d000000| Untracked |  0
|  70|0x000000062d400000, 0x000000062d800000, 0x000000062d800000|100%| O|  |TAMS 0x000000062d400000| PB 0x000000062d400000| Untracked |  0
|  71|0x000000062d800000, 0x000000062dc00000, 0x000000062dc00000|100%| O|  |TAMS 0x000000062d800000| PB 0x000000062d800000| Untracked |  0
|  72|0x000000062dc00000, 0x000000062e000000, 0x000000062e000000|100%| O|  |TAMS 0x000000062dc00000| PB 0x000000062dc00000| Untracked |  0
|  73|0x000000062e000000, 0x000000062e400000, 0x000000062e400000|100%| O|  |TAMS 0x000000062e000000| PB 0x000000062e000000| Untracked |  0
|  74|0x000000062e400000, 0x000000062e800000, 0x000000062e800000|100%| O|  |TAMS 0x000000062e400000| PB 0x000000062e400000| Untracked |  0
|  75|0x000000062e800000, 0x000000062ec00000, 0x000000062ec00000|100%| O|  |TAMS 0x000000062e800000| PB 0x000000062e800000| Untracked |  0
|  76|0x000000062ec00000, 0x000000062f000000, 0x000000062f000000|100%| O|  |TAMS 0x000000062ec00000| PB 0x000000062ec00000| Untracked |  0
|  77|0x000000062f000000, 0x000000062f400000, 0x000000062f400000|100%| O|Cm|TAMS 0x000000062f000000| PB 0x000000062f000000| Complete |  0
|  78|0x000000062f400000, 0x000000062f800000, 0x000000062f800000|100%| O|  |TAMS 0x000000062f400000| PB 0x000000062f400000| Untracked |  0
|  79|0x000000062f800000, 0x000000062fc00000, 0x000000062fc00000|100%| O|  |TAMS 0x000000062f800000| PB 0x000000062f800000| Untracked |  0
|  80|0x000000062fc00000, 0x0000000630000000, 0x0000000630000000|100%| O|  |TAMS 0x000000062fc00000| PB 0x000000062fc00000| Untracked |  0
|  81|0x0000000630000000, 0x0000000630400000, 0x0000000630400000|100%| O|  |TAMS 0x0000000630000000| PB 0x0000000630000000| Untracked |  0
|  82|0x0000000630400000, 0x0000000630800000, 0x0000000630800000|100%| O|  |TAMS 0x0000000630400000| PB 0x0000000630400000| Untracked |  0
|  83|0x0000000630800000, 0x0000000630c00000, 0x0000000630c00000|100%| O|  |TAMS 0x0000000630800000| PB 0x0000000630800000| Untracked |  0
|  84|0x0000000630c00000, 0x0000000631000000, 0x0000000631000000|100%| O|  |TAMS 0x0000000630c00000| PB 0x0000000630c00000| Untracked |  0
|  85|0x0000000631000000, 0x0000000631400000, 0x0000000631400000|100%| O|  |TAMS 0x0000000631000000| PB 0x0000000631000000| Untracked |  0
|  86|0x0000000631400000, 0x0000000631800000, 0x0000000631800000|100%| O|  |TAMS 0x0000000631400000| PB 0x0000000631400000| Untracked |  0
|  87|0x0000000631800000, 0x0000000631c00000, 0x0000000631c00000|100%| O|  |TAMS 0x0000000631800000| PB 0x0000000631800000| Untracked |  0
|  88|0x0000000631c00000, 0x0000000632000000, 0x0000000632000000|100%| O|Cm|TAMS 0x0000000631c00000| PB 0x0000000631c00000| Complete |  0
|  89|0x0000000632000000, 0x0000000632400000, 0x0000000632400000|100%| O|  |TAMS 0x0000000632000000| PB 0x0000000632000000| Untracked |  0
|  90|0x0000000632400000, 0x0000000632800000, 0x0000000632800000|100%| O|  |TAMS 0x0000000632400000| PB 0x0000000632400000| Untracked |  0
|  91|0x0000000632800000, 0x0000000632c00000, 0x0000000632c00000|100%| O|  |TAMS 0x0000000632800000| PB 0x0000000632800000| Untracked |  0
|  92|0x0000000632c00000, 0x0000000633000000, 0x0000000633000000|100%| O|  |TAMS 0x0000000632c00000| PB 0x0000000632c00000| Untracked |  0
|  93|0x0000000633000000, 0x0000000633400000, 0x0000000633400000|100%| O|  |TAMS 0x0000000633000000| PB 0x0000000633000000| Untracked |  0
|  94|0x0000000633400000, 0x0000000633800000, 0x0000000633800000|100%| O|  |TAMS 0x0000000633400000| PB 0x0000000633400000| Untracked |  0
|  95|0x0000000633800000, 0x0000000633c00000, 0x0000000633c00000|100%| O|Cm|TAMS 0x0000000633800000| PB 0x0000000633800000| Complete |  0
|  96|0x0000000633c00000, 0x0000000634000000, 0x0000000634000000|100%| O|  |TAMS 0x0000000633c00000| PB 0x0000000633c00000| Untracked |  0
|  97|0x0000000634000000, 0x0000000634400000, 0x0000000634400000|100%| O|  |TAMS 0x0000000634000000| PB 0x0000000634000000| Untracked |  0
|  98|0x0000000634400000, 0x0000000634800000, 0x0000000634800000|100%| O|  |TAMS 0x0000000634400000| PB 0x0000000634400000| Untracked |  0
|  99|0x0000000634800000, 0x0000000634c00000, 0x0000000634c00000|100%| O|  |TAMS 0x0000000634800000| PB 0x0000000634800000| Untracked |  0
| 100|0x0000000634c00000, 0x0000000635000000, 0x0000000635000000|100%| O|  |TAMS 0x0000000634c00000| PB 0x0000000634c00000| Untracked |  0
| 101|0x0000000635000000, 0x0000000635400000, 0x0000000635400000|100%| O|  |TAMS 0x0000000635000000| PB 0x0000000635000000| Untracked |  0
| 102|0x0000000635400000, 0x0000000635800000, 0x0000000635800000|100%| O|  |TAMS 0x0000000635400000| PB 0x0000000635400000| Untracked |  0
| 103|0x0000000635800000, 0x0000000635c00000, 0x0000000635c00000|100%| O|  |TAMS 0x0000000635800000| PB 0x0000000635800000| Untracked |  0
| 104|0x0000000635c00000, 0x0000000636000000, 0x0000000636000000|100%| O|  |TAMS 0x0000000635c00000| PB 0x0000000635c00000| Untracked |  0
| 105|0x0000000636000000, 0x0000000636400000, 0x0000000636400000|100%| O|  |TAMS 0x0000000636000000| PB 0x0000000636000000| Untracked |  0
| 106|0x0000000636400000, 0x0000000636800000, 0x0000000636800000|100%| O|  |TAMS 0x0000000636400000| PB 0x0000000636400000| Untracked |  0
| 107|0x0000000636800000, 0x0000000636c00000, 0x0000000636c00000|100%| O|  |TAMS 0x0000000636800000| PB 0x0000000636800000| Untracked |  0
| 108|0x0000000636c00000, 0x0000000637000000, 0x0000000637000000|100%| O|  |TAMS 0x0000000636c00000| PB 0x0000000636c00000| Untracked |  0
| 109|0x0000000637000000, 0x0000000637400000, 0x0000000637400000|100%| O|Cm|TAMS 0x0000000637000000| PB 0x0000000637000000| Complete |  0
| 110|0x0000000637400000, 0x0000000637800000, 0x0000000637800000|100%| O|  |TAMS 0x0000000637400000| PB 0x0000000637400000| Untracked |  0
| 111|0x0000000637800000, 0x0000000637c00000, 0x0000000637c00000|100%| O|  |TAMS 0x0000000637800000| PB 0x0000000637800000| Untracked |  0
| 112|0x0000000637c00000, 0x0000000638000000, 0x0000000638000000|100%| O|  |TAMS 0x0000000637c00000| PB 0x0000000637c00000| Untracked |  0
| 113|0x0000000638000000, 0x0000000638400000, 0x0000000638400000|100%| O|  |TAMS 0x0000000638000000| PB 0x0000000638000000| Untracked |  0
| 114|0x0000000638400000, 0x0000000638800000, 0x0000000638800000|100%| O|  |TAMS 0x0000000638400000| PB 0x0000000638400000| Untracked |  0
| 115|0x0000000638800000, 0x0000000638c00000, 0x0000000638c00000|100%| O|  |TAMS 0x0000000638800000| PB 0x0000000638800000| Untracked |  0
| 116|0x0000000638c00000, 0x0000000639000000, 0x0000000639000000|100%| O|  |TAMS 0x0000000638c00000| PB 0x0000000638c00000| Untracked |  0
| 117|0x0000000639000000, 0x0000000639400000, 0x0000000639400000|100%| O|  |TAMS 0x0000000639000000| PB 0x0000000639000000| Untracked |  0
| 118|0x0000000639400000, 0x0000000639800000, 0x0000000639800000|100%| O|  |TAMS 0x0000000639400000| PB 0x0000000639400000| Untracked |  0
| 119|0x0000000639800000, 0x0000000639c00000, 0x0000000639c00000|100%| O|  |TAMS 0x0000000639800000| PB 0x0000000639800000| Untracked |  0
| 120|0x0000000639c00000, 0x000000063a000000, 0x000000063a000000|100%| O|  |TAMS 0x0000000639c00000| PB 0x0000000639c00000| Untracked |  0
| 121|0x000000063a000000, 0x000000063a400000, 0x000000063a400000|100%| O|  |TAMS 0x000000063a000000| PB 0x000000063a000000| Untracked |  0
| 122|0x000000063a400000, 0x000000063a800000, 0x000000063a800000|100%| O|  |TAMS 0x000000063a400000| PB 0x000000063a400000| Untracked |  0
| 123|0x000000063a800000, 0x000000063ac00000, 0x000000063ac00000|100%| O|  |TAMS 0x000000063a800000| PB 0x000000063a800000| Untracked |  0
| 124|0x000000063ac00000, 0x000000063b000000, 0x000000063b000000|100%| O|  |TAMS 0x000000063ac00000| PB 0x000000063ac00000| Untracked |  0
| 125|0x000000063b000000, 0x000000063b400000, 0x000000063b400000|100%| O|  |TAMS 0x000000063b000000| PB 0x000000063b000000| Untracked |  0
| 126|0x000000063b400000, 0x000000063b800000, 0x000000063b800000|100%| O|  |TAMS 0x000000063b400000| PB 0x000000063b400000| Untracked |  0
| 127|0x000000063b800000, 0x000000063bc00000, 0x000000063bc00000|100%| O|  |TAMS 0x000000063b800000| PB 0x000000063b800000| Untracked |  0
| 128|0x000000063bc00000, 0x000000063c000000, 0x000000063c000000|100%| O|  |TAMS 0x000000063bc00000| PB 0x000000063bc00000| Untracked |  0
| 129|0x000000063c000000, 0x000000063c400000, 0x000000063c400000|100%| O|  |TAMS 0x000000063c000000| PB 0x000000063c000000| Untracked |  0
| 130|0x000000063c400000, 0x000000063c800000, 0x000000063c800000|100%| O|  |TAMS 0x000000063c400000| PB 0x000000063c400000| Untracked |  0
| 131|0x000000063c800000, 0x000000063cc00000, 0x000000063cc00000|100%| O|Cm|TAMS 0x000000063c800000| PB 0x000000063c800000| Complete |  0
| 132|0x000000063cc00000, 0x000000063d000000, 0x000000063d000000|100%| O|Cm|TAMS 0x000000063cc00000| PB 0x000000063cc00000| Complete |  0
| 133|0x000000063d000000, 0x000000063d400000, 0x000000063d400000|100%| O|  |TAMS 0x000000063d000000| PB 0x000000063d000000| Untracked |  0
| 134|0x000000063d400000, 0x000000063d800000, 0x000000063d800000|100%| O|  |TAMS 0x000000063d400000| PB 0x000000063d400000| Untracked |  0
| 135|0x000000063d800000, 0x000000063dc00000, 0x000000063dc00000|100%| O|  |TAMS 0x000000063d800000| PB 0x000000063d800000| Untracked |  0
| 136|0x000000063dc00000, 0x000000063e000000, 0x000000063e000000|100%| O|  |TAMS 0x000000063dc00000| PB 0x000000063dc00000| Untracked |  0
| 137|0x000000063e000000, 0x000000063e400000, 0x000000063e400000|100%| O|  |TAMS 0x000000063e000000| PB 0x000000063e000000| Untracked |  0
| 138|0x000000063e400000, 0x000000063e800000, 0x000000063e800000|100%| O|  |TAMS 0x000000063e400000| PB 0x000000063e400000| Untracked |  0
| 139|0x000000063e800000, 0x000000063ec00000, 0x000000063ec00000|100%| O|Cm|TAMS 0x000000063e800000| PB 0x000000063e800000| Complete |  0
| 140|0x000000063ec00000, 0x000000063f000000, 0x000000063f000000|100%| O|Cm|TAMS 0x000000063ec00000| PB 0x000000063ec00000| Complete |  0
| 141|0x000000063f000000, 0x000000063f400000, 0x000000063f400000|100%| O|Cm|TAMS 0x000000063f000000| PB 0x000000063f000000| Complete |  0
| 142|0x000000063f400000, 0x000000063f800000, 0x000000063f800000|100%| O|  |TAMS 0x000000063f400000| PB 0x000000063f400000| Untracked |  0
| 143|0x000000063f800000, 0x000000063fc00000, 0x000000063fc00000|100%| O|Cm|TAMS 0x000000063f800000| PB 0x000000063f800000| Complete |  0
| 144|0x000000063fc00000, 0x0000000640000000, 0x0000000640000000|100%| O|  |TAMS 0x000000063fc00000| PB 0x000000063fc00000| Untracked |  0
| 145|0x0000000640000000, 0x0000000640400000, 0x0000000640400000|100%| O|  |TAMS 0x0000000640000000| PB 0x0000000640000000| Untracked |  0
| 146|0x0000000640400000, 0x0000000640800000, 0x0000000640800000|100%| O|  |TAMS 0x0000000640400000| PB 0x0000000640400000| Untracked |  0
| 147|0x0000000640800000, 0x0000000640800000, 0x0000000640c00000|  0%| F|  |TAMS 0x0000000640800000| PB 0x0000000640800000| Untracked |  0
| 148|0x0000000640c00000, 0x0000000641000000, 0x0000000641000000|100%| O|  |TAMS 0x0000000640c00000| PB 0x0000000640c00000| Untracked |  0
| 149|0x0000000641000000, 0x0000000641400000, 0x0000000641400000|100%| O|  |TAMS 0x0000000641000000| PB 0x0000000641000000| Untracked |  0
| 150|0x0000000641400000, 0x0000000641800000, 0x0000000641800000|100%| O|  |TAMS 0x0000000641400000| PB 0x0000000641400000| Untracked |  0
| 151|0x0000000641800000, 0x0000000641c00000, 0x0000000641c00000|100%| O|  |TAMS 0x0000000641800000| PB 0x0000000641800000| Untracked |  0
| 152|0x0000000641c00000, 0x0000000642000000, 0x0000000642000000|100%| O|  |TAMS 0x0000000641c00000| PB 0x0000000641c00000| Untracked |  0
| 153|0x0000000642000000, 0x0000000642400000, 0x0000000642400000|100%| O|  |TAMS 0x0000000642000000| PB 0x0000000642000000| Untracked |  0
| 154|0x0000000642400000, 0x0000000642800000, 0x0000000642800000|100%| O|  |TAMS 0x0000000642400000| PB 0x0000000642400000| Untracked |  0
| 155|0x0000000642800000, 0x0000000642c00000, 0x0000000642c00000|100%| O|  |TAMS 0x0000000642800000| PB 0x0000000642800000| Untracked |  0
| 156|0x0000000642c00000, 0x0000000643000000, 0x0000000643000000|100%| O|  |TAMS 0x0000000642c00000| PB 0x0000000642c00000| Untracked |  0
| 157|0x0000000643000000, 0x0000000643400000, 0x0000000643400000|100%| O|  |TAMS 0x0000000643000000| PB 0x0000000643000000| Untracked |  0
| 158|0x0000000643400000, 0x0000000643800000, 0x0000000643800000|100%| O|  |TAMS 0x0000000643400000| PB 0x0000000643400000| Untracked |  0
| 159|0x0000000643800000, 0x0000000643800000, 0x0000000643c00000|  0%| F|  |TAMS 0x0000000643800000| PB 0x0000000643800000| Untracked |  0
| 160|0x0000000643c00000, 0x0000000644000000, 0x0000000644000000|100%| O|  |TAMS 0x0000000643c00000| PB 0x0000000643c00000| Untracked |  0
| 161|0x0000000644000000, 0x0000000644000000, 0x0000000644400000|  0%| F|  |TAMS 0x0000000644000000| PB 0x0000000644000000| Untracked |  0
| 162|0x0000000644400000, 0x0000000644800000, 0x0000000644800000|100%| O|  |TAMS 0x0000000644400000| PB 0x0000000644400000| Untracked |  0
| 163|0x0000000644800000, 0x0000000644800000, 0x0000000644c00000|  0%| F|  |TAMS 0x0000000644800000| PB 0x0000000644800000| Untracked |  0
| 164|0x0000000644c00000, 0x0000000645000000, 0x0000000645000000|100%| O|  |TAMS 0x0000000644c00000| PB 0x0000000644c00000| Untracked |  0
| 165|0x0000000645000000, 0x0000000645400000, 0x0000000645400000|100%| O|  |TAMS 0x0000000645000000| PB 0x0000000645000000| Untracked |  0
| 166|0x0000000645400000, 0x0000000645800000, 0x0000000645800000|100%| O|  |TAMS 0x0000000645400000| PB 0x0000000645400000| Untracked |  0
| 167|0x0000000645800000, 0x0000000645c00000, 0x0000000645c00000|100%| O|  |TAMS 0x0000000645800000| PB 0x0000000645800000| Untracked |  0
| 168|0x0000000645c00000, 0x0000000646000000, 0x0000000646000000|100%| O|  |TAMS 0x0000000645c00000| PB 0x0000000645c00000| Untracked |  0
| 169|0x0000000646000000, 0x0000000646400000, 0x0000000646400000|100%| O|  |TAMS 0x0000000646000000| PB 0x0000000646000000| Untracked |  0
| 170|0x0000000646400000, 0x0000000646800000, 0x0000000646800000|100%| O|  |TAMS 0x0000000646400000| PB 0x0000000646400000| Untracked |  0
| 171|0x0000000646800000, 0x0000000646c00000, 0x0000000646c00000|100%| O|  |TAMS 0x0000000646800000| PB 0x0000000646800000| Untracked |  0
| 172|0x0000000646c00000, 0x0000000647000000, 0x0000000647000000|100%| O|  |TAMS 0x0000000646c00000| PB 0x0000000646c00000| Untracked |  0
| 173|0x0000000647000000, 0x0000000647400000, 0x0000000647400000|100%| O|  |TAMS 0x0000000647000000| PB 0x0000000647000000| Untracked |  0
| 174|0x0000000647400000, 0x0000000647400000, 0x0000000647800000|  0%| F|  |TAMS 0x0000000647400000| PB 0x0000000647400000| Untracked |  0
| 175|0x0000000647800000, 0x0000000647c00000, 0x0000000647c00000|100%| O|  |TAMS 0x0000000647800000| PB 0x0000000647800000| Untracked |  0
| 176|0x0000000647c00000, 0x0000000648000000, 0x0000000648000000|100%| O|  |TAMS 0x0000000647c00000| PB 0x0000000647c00000| Untracked |  0
| 177|0x0000000648000000, 0x0000000648400000, 0x0000000648400000|100%| O|  |TAMS 0x0000000648000000| PB 0x0000000648000000| Untracked |  0
| 178|0x0000000648400000, 0x0000000648400000, 0x0000000648800000|  0%| F|  |TAMS 0x0000000648400000| PB 0x0000000648400000| Untracked |  0
| 179|0x0000000648800000, 0x0000000648800000, 0x0000000648c00000|  0%| F|  |TAMS 0x0000000648800000| PB 0x0000000648800000| Untracked |  0
| 180|0x0000000648c00000, 0x0000000648c00000, 0x0000000649000000|  0%| F|  |TAMS 0x0000000648c00000| PB 0x0000000648c00000| Untracked |  0
| 181|0x0000000649000000, 0x0000000649000000, 0x0000000649400000|  0%| F|  |TAMS 0x0000000649000000| PB 0x0000000649000000| Untracked |  0
| 182|0x0000000649400000, 0x0000000649400000, 0x0000000649800000|  0%| F|  |TAMS 0x0000000649400000| PB 0x0000000649400000| Untracked |  0
| 183|0x0000000649800000, 0x0000000649800000, 0x0000000649c00000|  0%| F|  |TAMS 0x0000000649800000| PB 0x0000000649800000| Untracked |  0
| 184|0x0000000649c00000, 0x0000000649c00000, 0x000000064a000000|  0%| F|  |TAMS 0x0000000649c00000| PB 0x0000000649c00000| Untracked |  0
| 185|0x000000064a000000, 0x000000064a000000, 0x000000064a400000|  0%| F|  |TAMS 0x000000064a000000| PB 0x000000064a000000| Untracked |  0
| 186|0x000000064a400000, 0x000000064a800000, 0x000000064a800000|100%| O|  |TAMS 0x000000064a400000| PB 0x000000064a400000| Untracked |  0
| 187|0x000000064a800000, 0x000000064ac00000, 0x000000064ac00000|100%| O|  |TAMS 0x000000064a800000| PB 0x000000064a800000| Untracked |  0
| 188|0x000000064ac00000, 0x000000064b000000, 0x000000064b000000|100%| O|  |TAMS 0x000000064ac00000| PB 0x000000064ac00000| Untracked |  0
| 189|0x000000064b000000, 0x000000064b400000, 0x000000064b400000|100%| O|  |TAMS 0x000000064b000000| PB 0x000000064b000000| Untracked |  0
| 190|0x000000064b400000, 0x000000064b800000, 0x000000064b800000|100%| O|  |TAMS 0x000000064b400000| PB 0x000000064b400000| Untracked |  0
| 191|0x000000064b800000, 0x000000064bc00000, 0x000000064bc00000|100%| O|  |TAMS 0x000000064b800000| PB 0x000000064b800000| Untracked |  0
| 192|0x000000064bc00000, 0x000000064bc00000, 0x000000064c000000|  0%| F|  |TAMS 0x000000064bc00000| PB 0x000000064bc00000| Untracked |  0
| 193|0x000000064c000000, 0x000000064c000000, 0x000000064c400000|  0%| F|  |TAMS 0x000000064c000000| PB 0x000000064c000000| Untracked |  0
| 194|0x000000064c400000, 0x000000064c800000, 0x000000064c800000|100%| O|  |TAMS 0x000000064c400000| PB 0x000000064c400000| Untracked |  0
| 195|0x000000064c800000, 0x000000064c800000, 0x000000064cc00000|  0%| F|  |TAMS 0x000000064c800000| PB 0x000000064c800000| Untracked |  0
| 196|0x000000064cc00000, 0x000000064d000000, 0x000000064d000000|100%| O|  |TAMS 0x000000064cc00000| PB 0x000000064cc00000| Untracked |  0
| 197|0x000000064d000000, 0x000000064d047ea8, 0x000000064d400000|  7%| O|  |TAMS 0x000000064d000000| PB 0x000000064d000000| Untracked |  0
| 198|0x000000064d400000, 0x000000064d400000, 0x000000064d800000|  0%| F|  |TAMS 0x000000064d400000| PB 0x000000064d400000| Untracked |  0
| 199|0x000000064d800000, 0x000000064d800000, 0x000000064dc00000|  0%| F|  |TAMS 0x000000064d800000| PB 0x000000064d800000| Untracked |  0
| 200|0x000000064dc00000, 0x000000064dc40010, 0x000000064e000000|  6%| S|CS|TAMS 0x000000064dc00000| PB 0x000000064dc00000| Complete |  0
| 201|0x000000064e000000, 0x000000064e400000, 0x000000064e400000|100%| S|CS|TAMS 0x000000064e000000| PB 0x000000064e000000| Complete |  0
| 202|0x000000064e400000, 0x000000064e800000, 0x000000064e800000|100%| S|CS|TAMS 0x000000064e400000| PB 0x000000064e400000| Complete |  0
| 203|0x000000064e800000, 0x000000064e800000, 0x000000064ec00000|  0%| F|  |TAMS 0x000000064e800000| PB 0x000000064e800000| Untracked |  0
| 204|0x000000064ec00000, 0x000000064ec00000, 0x000000064f000000|  0%| F|  |TAMS 0x000000064ec00000| PB 0x000000064ec00000| Untracked |  0
| 205|0x000000064f000000, 0x000000064f000000, 0x000000064f400000|  0%| F|  |TAMS 0x000000064f000000| PB 0x000000064f000000| Untracked |  0
| 206|0x000000064f400000, 0x000000064f400000, 0x000000064f800000|  0%| F|  |TAMS 0x000000064f400000| PB 0x000000064f400000| Untracked |  0
| 207|0x000000064f800000, 0x000000064fc00000, 0x000000064fc00000|100%| S|CS|TAMS 0x000000064f800000| PB 0x000000064f800000| Complete |  0
| 208|0x000000064fc00000, 0x0000000650000000, 0x0000000650000000|100%| S|CS|TAMS 0x000000064fc00000| PB 0x000000064fc00000| Complete |  0
| 209|0x0000000650000000, 0x0000000650400000, 0x0000000650400000|100%| S|CS|TAMS 0x0000000650000000| PB 0x0000000650000000| Complete |  0
| 210|0x0000000650400000, 0x0000000650800000, 0x0000000650800000|100%| S|CS|TAMS 0x0000000650400000| PB 0x0000000650400000| Complete |  0
| 211|0x0000000650800000, 0x0000000650c00000, 0x0000000650c00000|100%| S|CS|TAMS 0x0000000650800000| PB 0x0000000650800000| Complete |  0
| 212|0x0000000650c00000, 0x0000000650c00000, 0x0000000651000000|  0%| F|  |TAMS 0x0000000650c00000| PB 0x0000000650c00000| Untracked |  0
| 213|0x0000000651000000, 0x0000000651000000, 0x0000000651400000|  0%| F|  |TAMS 0x0000000651000000| PB 0x0000000651000000| Untracked |  0
| 214|0x0000000651400000, 0x0000000651400000, 0x0000000651800000|  0%| F|  |TAMS 0x0000000651400000| PB 0x0000000651400000| Untracked |  0
| 215|0x0000000651800000, 0x0000000651c00000, 0x0000000651c00000|100%| S|CS|TAMS 0x0000000651800000| PB 0x0000000651800000| Complete |  0
| 216|0x0000000651c00000, 0x0000000652000000, 0x0000000652000000|100%| S|CS|TAMS 0x0000000651c00000| PB 0x0000000651c00000| Complete |  0
| 217|0x0000000652000000, 0x0000000652400000, 0x0000000652400000|100%| S|CS|TAMS 0x0000000652000000| PB 0x0000000652000000| Complete |  0
| 218|0x0000000652400000, 0x0000000652800000, 0x0000000652800000|100%| S|CS|TAMS 0x0000000652400000| PB 0x0000000652400000| Complete |  0
| 219|0x0000000652800000, 0x0000000652c00000, 0x0000000652c00000|100%| S|CS|TAMS 0x0000000652800000| PB 0x0000000652800000| Complete |  0
| 220|0x0000000652c00000, 0x0000000653000000, 0x0000000653000000|100%| S|CS|TAMS 0x0000000652c00000| PB 0x0000000652c00000| Complete |  0
| 221|0x0000000653000000, 0x0000000653400000, 0x0000000653400000|100%| S|CS|TAMS 0x0000000653000000| PB 0x0000000653000000| Complete |  0
| 222|0x0000000653400000, 0x0000000653800000, 0x0000000653800000|100%| S|CS|TAMS 0x0000000653400000| PB 0x0000000653400000| Complete |  0
| 223|0x0000000653800000, 0x0000000653c00000, 0x0000000653c00000|100%| S|CS|TAMS 0x0000000653800000| PB 0x0000000653800000| Complete |  0
| 224|0x0000000653c00000, 0x0000000654000000, 0x0000000654000000|100%| S|CS|TAMS 0x0000000653c00000| PB 0x0000000653c00000| Complete |  0
| 225|0x0000000654000000, 0x0000000654400000, 0x0000000654400000|100%| S|CS|TAMS 0x0000000654000000| PB 0x0000000654000000| Complete |  0
| 226|0x0000000654400000, 0x0000000654400000, 0x0000000654800000|  0%| F|  |TAMS 0x0000000654400000| PB 0x0000000654400000| Untracked |  0
| 227|0x0000000654800000, 0x0000000654800000, 0x0000000654c00000|  0%| F|  |TAMS 0x0000000654800000| PB 0x0000000654800000| Untracked |  0
| 228|0x0000000654c00000, 0x0000000654c00000, 0x0000000655000000|  0%| F|  |TAMS 0x0000000654c00000| PB 0x0000000654c00000| Untracked |  0
| 229|0x0000000655000000, 0x0000000655000000, 0x0000000655400000|  0%| F|  |TAMS 0x0000000655000000| PB 0x0000000655000000| Untracked |  0
| 230|0x0000000655400000, 0x0000000655400000, 0x0000000655800000|  0%| F|  |TAMS 0x0000000655400000| PB 0x0000000655400000| Untracked |  0
| 231|0x0000000655800000, 0x0000000655800000, 0x0000000655c00000|  0%| F|  |TAMS 0x0000000655800000| PB 0x0000000655800000| Untracked |  0
| 232|0x0000000655c00000, 0x0000000655c00000, 0x0000000656000000|  0%| F|  |TAMS 0x0000000655c00000| PB 0x0000000655c00000| Untracked |  0
| 233|0x0000000656000000, 0x0000000656000000, 0x0000000656400000|  0%| F|  |TAMS 0x0000000656000000| PB 0x0000000656000000| Untracked |  0
| 234|0x0000000656400000, 0x0000000656400000, 0x0000000656800000|  0%| F|  |TAMS 0x0000000656400000| PB 0x0000000656400000| Untracked |  0
| 235|0x0000000656800000, 0x0000000656800000, 0x0000000656c00000|  0%| F|  |TAMS 0x0000000656800000| PB 0x0000000656800000| Untracked |  0
| 236|0x0000000656c00000, 0x0000000656c00000, 0x0000000657000000|  0%| F|  |TAMS 0x0000000656c00000| PB 0x0000000656c00000| Untracked |  0
| 237|0x0000000657000000, 0x0000000657000000, 0x0000000657400000|  0%| F|  |TAMS 0x0000000657000000| PB 0x0000000657000000| Untracked |  0
| 238|0x0000000657400000, 0x0000000657400000, 0x0000000657800000|  0%| F|  |TAMS 0x0000000657400000| PB 0x0000000657400000| Untracked |  0
| 239|0x0000000657800000, 0x0000000657800000, 0x0000000657c00000|  0%| F|  |TAMS 0x0000000657800000| PB 0x0000000657800000| Untracked |  0
| 240|0x0000000657c00000, 0x0000000657c00000, 0x0000000658000000|  0%| F|  |TAMS 0x0000000657c00000| PB 0x0000000657c00000| Untracked |  0
| 241|0x0000000658000000, 0x0000000658000000, 0x0000000658400000|  0%| F|  |TAMS 0x0000000658000000| PB 0x0000000658000000| Untracked |  0
| 242|0x0000000658400000, 0x0000000658400000, 0x0000000658800000|  0%| F|  |TAMS 0x0000000658400000| PB 0x0000000658400000| Untracked |  0
| 243|0x0000000658800000, 0x0000000658800000, 0x0000000658c00000|  0%| F|  |TAMS 0x0000000658800000| PB 0x0000000658800000| Untracked |  0
| 244|0x0000000658c00000, 0x0000000658c00000, 0x0000000659000000|  0%| F|  |TAMS 0x0000000658c00000| PB 0x0000000658c00000| Untracked |  0
| 245|0x0000000659000000, 0x0000000659000000, 0x0000000659400000|  0%| F|  |TAMS 0x0000000659000000| PB 0x0000000659000000| Untracked |  0
| 246|0x0000000659400000, 0x0000000659400000, 0x0000000659800000|  0%| F|  |TAMS 0x0000000659400000| PB 0x0000000659400000| Untracked |  0
| 247|0x0000000659800000, 0x0000000659800000, 0x0000000659c00000|  0%| F|  |TAMS 0x0000000659800000| PB 0x0000000659800000| Untracked |  0
| 248|0x0000000659c00000, 0x0000000659c00000, 0x000000065a000000|  0%| F|  |TAMS 0x0000000659c00000| PB 0x0000000659c00000| Untracked |  0
| 249|0x000000065a000000, 0x000000065a000000, 0x000000065a400000|  0%| F|  |TAMS 0x000000065a000000| PB 0x000000065a000000| Untracked |  0
| 250|0x000000065a400000, 0x000000065a400000, 0x000000065a800000|  0%| F|  |TAMS 0x000000065a400000| PB 0x000000065a400000| Untracked |  0
| 251|0x000000065a800000, 0x000000065a800000, 0x000000065ac00000|  0%| F|  |TAMS 0x000000065a800000| PB 0x000000065a800000| Untracked |  0
| 252|0x000000065ac00000, 0x000000065ac00000, 0x000000065b000000|  0%| F|  |TAMS 0x000000065ac00000| PB 0x000000065ac00000| Untracked |  0
| 253|0x000000065b000000, 0x000000065b000000, 0x000000065b400000|  0%| F|  |TAMS 0x000000065b000000| PB 0x000000065b000000| Untracked |  0
| 254|0x000000065b400000, 0x000000065b400000, 0x000000065b800000|  0%| F|  |TAMS 0x000000065b400000| PB 0x000000065b400000| Untracked |  0
| 255|0x000000065b800000, 0x000000065bc00000, 0x000000065bc00000|100%| E|  |TAMS 0x000000065b800000| PB 0x000000065b800000| Complete |  0
| 256|0x000000065bc00000, 0x000000065c000000, 0x000000065c000000|100%| E|CS|TAMS 0x000000065bc00000| PB 0x000000065bc00000| Complete |  0
| 257|0x000000065c000000, 0x000000065c400000, 0x000000065c400000|100%| E|CS|TAMS 0x000000065c000000| PB 0x000000065c000000| Complete |  0
| 258|0x000000065c400000, 0x000000065c800000, 0x000000065c800000|100%| E|CS|TAMS 0x000000065c400000| PB 0x000000065c400000| Complete |  0
| 259|0x000000065c800000, 0x000000065cc00000, 0x000000065cc00000|100%| E|CS|TAMS 0x000000065c800000| PB 0x000000065c800000| Complete |  0
| 260|0x000000065cc00000, 0x000000065d000000, 0x000000065d000000|100%| E|CS|TAMS 0x000000065cc00000| PB 0x000000065cc00000| Complete |  1
| 261|0x000000065d000000, 0x000000065d400000, 0x000000065d400000|100%| E|CS|TAMS 0x000000065d000000| PB 0x000000065d000000| Complete |  1
| 262|0x000000065d400000, 0x000000065d800000, 0x000000065d800000|100%| E|CS|TAMS 0x000000065d400000| PB 0x000000065d400000| Complete |  0
| 263|0x000000065d800000, 0x000000065dc00000, 0x000000065dc00000|100%| E|CS|TAMS 0x000000065d800000| PB 0x000000065d800000| Complete |  0
| 264|0x000000065dc00000, 0x000000065e000000, 0x000000065e000000|100%| E|CS|TAMS 0x000000065dc00000| PB 0x000000065dc00000| Complete |  0
| 265|0x000000065e000000, 0x000000065e400000, 0x000000065e400000|100%| E|CS|TAMS 0x000000065e000000| PB 0x000000065e000000| Complete |  0
| 266|0x000000065e400000, 0x000000065e800000, 0x000000065e800000|100%| E|  |TAMS 0x000000065e400000| PB 0x000000065e400000| Complete |  0
| 267|0x000000065e800000, 0x000000065ec00000, 0x000000065ec00000|100%| E|CS|TAMS 0x000000065e800000| PB 0x000000065e800000| Complete |  0
| 268|0x000000065ec00000, 0x000000065f000000, 0x000000065f000000|100%| E|CS|TAMS 0x000000065ec00000| PB 0x000000065ec00000| Complete |  0
| 269|0x000000065f000000, 0x000000065f400000, 0x000000065f400000|100%| E|CS|TAMS 0x000000065f000000| PB 0x000000065f000000| Complete |  0
| 270|0x000000065f400000, 0x000000065f800000, 0x000000065f800000|100%| E|CS|TAMS 0x000000065f400000| PB 0x000000065f400000| Complete |  0
| 271|0x000000065f800000, 0x000000065fc00000, 0x000000065fc00000|100%| E|CS|TAMS 0x000000065f800000| PB 0x000000065f800000| Complete |  0
| 272|0x000000065fc00000, 0x0000000660000000, 0x0000000660000000|100%| E|CS|TAMS 0x000000065fc00000| PB 0x000000065fc00000| Complete |  0
| 273|0x0000000660000000, 0x0000000660400000, 0x0000000660400000|100%| E|CS|TAMS 0x0000000660000000| PB 0x0000000660000000| Complete |  0
| 274|0x0000000660400000, 0x0000000660800000, 0x0000000660800000|100%| E|CS|TAMS 0x0000000660400000| PB 0x0000000660400000| Complete |  0
| 275|0x0000000660800000, 0x0000000660c00000, 0x0000000660c00000|100%| E|CS|TAMS 0x0000000660800000| PB 0x0000000660800000| Complete |  0
| 276|0x0000000660c00000, 0x0000000661000000, 0x0000000661000000|100%| E|CS|TAMS 0x0000000660c00000| PB 0x0000000660c00000| Complete |  0
| 277|0x0000000661000000, 0x0000000661400000, 0x0000000661400000|100%| E|CS|TAMS 0x0000000661000000| PB 0x0000000661000000| Complete |  0
| 278|0x0000000661400000, 0x0000000661800000, 0x0000000661800000|100%| E|CS|TAMS 0x0000000661400000| PB 0x0000000661400000| Complete |  0
| 279|0x0000000661800000, 0x0000000661c00000, 0x0000000661c00000|100%| E|CS|TAMS 0x0000000661800000| PB 0x0000000661800000| Complete |  0
| 280|0x0000000661c00000, 0x0000000662000000, 0x0000000662000000|100%| E|CS|TAMS 0x0000000661c00000| PB 0x0000000661c00000| Complete |  0
| 281|0x0000000662000000, 0x0000000662400000, 0x0000000662400000|100%| E|CS|TAMS 0x0000000662000000| PB 0x0000000662000000| Complete |  0
| 282|0x0000000662400000, 0x0000000662800000, 0x0000000662800000|100%| E|CS|TAMS 0x0000000662400000| PB 0x0000000662400000| Complete |  0
| 283|0x0000000662800000, 0x0000000662c00000, 0x0000000662c00000|100%| E|CS|TAMS 0x0000000662800000| PB 0x0000000662800000| Complete |  0
| 284|0x0000000662c00000, 0x0000000663000000, 0x0000000663000000|100%| E|CS|TAMS 0x0000000662c00000| PB 0x0000000662c00000| Complete |  0
| 285|0x0000000663000000, 0x0000000663400000, 0x0000000663400000|100%| E|CS|TAMS 0x0000000663000000| PB 0x0000000663000000| Complete |  0
| 286|0x0000000663400000, 0x0000000663800000, 0x0000000663800000|100%| E|CS|TAMS 0x0000000663400000| PB 0x0000000663400000| Complete |  0
| 287|0x0000000663800000, 0x0000000663c00000, 0x0000000663c00000|100%| E|CS|TAMS 0x0000000663800000| PB 0x0000000663800000| Complete |  0
| 288|0x0000000663c00000, 0x0000000664000000, 0x0000000664000000|100%| E|CS|TAMS 0x0000000663c00000| PB 0x0000000663c00000| Complete |  0
| 289|0x0000000664000000, 0x0000000664400000, 0x0000000664400000|100%| E|CS|TAMS 0x0000000664000000| PB 0x0000000664000000| Complete |  0
| 290|0x0000000664400000, 0x0000000664800000, 0x0000000664800000|100%| E|CS|TAMS 0x0000000664400000| PB 0x0000000664400000| Complete |  0
| 291|0x0000000664800000, 0x0000000664c00000, 0x0000000664c00000|100%| E|CS|TAMS 0x0000000664800000| PB 0x0000000664800000| Complete |  0
| 292|0x0000000664c00000, 0x0000000665000000, 0x0000000665000000|100%| E|CS|TAMS 0x0000000664c00000| PB 0x0000000664c00000| Complete |  0
| 293|0x0000000665000000, 0x0000000665400000, 0x0000000665400000|100%| E|CS|TAMS 0x0000000665000000| PB 0x0000000665000000| Complete |  0
| 294|0x0000000665400000, 0x0000000665800000, 0x0000000665800000|100%| E|CS|TAMS 0x0000000665400000| PB 0x0000000665400000| Complete |  0
| 295|0x0000000665800000, 0x0000000665c00000, 0x0000000665c00000|100%| E|CS|TAMS 0x0000000665800000| PB 0x0000000665800000| Complete |  0
| 296|0x0000000665c00000, 0x0000000666000000, 0x0000000666000000|100%| E|CS|TAMS 0x0000000665c00000| PB 0x0000000665c00000| Complete |  0
| 297|0x0000000666000000, 0x0000000666400000, 0x0000000666400000|100%| E|CS|TAMS 0x0000000666000000| PB 0x0000000666000000| Complete |  0
| 298|0x0000000666400000, 0x0000000666800000, 0x0000000666800000|100%| E|CS|TAMS 0x0000000666400000| PB 0x0000000666400000| Complete |  0
| 299|0x0000000666800000, 0x0000000666c00000, 0x0000000666c00000|100%| E|CS|TAMS 0x0000000666800000| PB 0x0000000666800000| Complete |  0
| 300|0x0000000666c00000, 0x0000000667000000, 0x0000000667000000|100%| E|CS|TAMS 0x0000000666c00000| PB 0x0000000666c00000| Complete |  0
| 301|0x0000000667000000, 0x0000000667400000, 0x0000000667400000|100%| E|CS|TAMS 0x0000000667000000| PB 0x0000000667000000| Complete |  0
| 302|0x0000000667400000, 0x0000000667800000, 0x0000000667800000|100%| E|CS|TAMS 0x0000000667400000| PB 0x0000000667400000| Complete |  0
| 303|0x0000000667800000, 0x0000000667c00000, 0x0000000667c00000|100%| E|CS|TAMS 0x0000000667800000| PB 0x0000000667800000| Complete |  0
| 304|0x0000000667c00000, 0x0000000668000000, 0x0000000668000000|100%| E|CS|TAMS 0x0000000667c00000| PB 0x0000000667c00000| Complete |  0
| 305|0x0000000668000000, 0x0000000668400000, 0x0000000668400000|100%| E|CS|TAMS 0x0000000668000000| PB 0x0000000668000000| Complete |  0
| 306|0x0000000668400000, 0x0000000668800000, 0x0000000668800000|100%| E|CS|TAMS 0x0000000668400000| PB 0x0000000668400000| Complete |  0
| 307|0x0000000668800000, 0x0000000668c00000, 0x0000000668c00000|100%| E|CS|TAMS 0x0000000668800000| PB 0x0000000668800000| Complete |  0
| 308|0x0000000668c00000, 0x0000000669000000, 0x0000000669000000|100%| E|CS|TAMS 0x0000000668c00000| PB 0x0000000668c00000| Complete |  0
| 309|0x0000000669000000, 0x0000000669400000, 0x0000000669400000|100%| E|CS|TAMS 0x0000000669000000| PB 0x0000000669000000| Complete |  0
| 310|0x0000000669400000, 0x0000000669800000, 0x0000000669800000|100%| E|CS|TAMS 0x0000000669400000| PB 0x0000000669400000| Complete |  0
| 311|0x0000000669800000, 0x0000000669c00000, 0x0000000669c00000|100%| E|CS|TAMS 0x0000000669800000| PB 0x0000000669800000| Complete |  0
| 312|0x0000000669c00000, 0x000000066a000000, 0x000000066a000000|100%| E|CS|TAMS 0x0000000669c00000| PB 0x0000000669c00000| Complete |  0
| 313|0x000000066a000000, 0x000000066a400000, 0x000000066a400000|100%| E|CS|TAMS 0x000000066a000000| PB 0x000000066a000000| Complete |  0
| 314|0x000000066a400000, 0x000000066a800000, 0x000000066a800000|100%| E|CS|TAMS 0x000000066a400000| PB 0x000000066a400000| Complete |  0
| 315|0x000000066a800000, 0x000000066ac00000, 0x000000066ac00000|100%| E|CS|TAMS 0x000000066a800000| PB 0x000000066a800000| Complete |  0
| 316|0x000000066ac00000, 0x000000066b000000, 0x000000066b000000|100%| E|CS|TAMS 0x000000066ac00000| PB 0x000000066ac00000| Complete |  0
| 317|0x000000066b000000, 0x000000066b400000, 0x000000066b400000|100%| E|CS|TAMS 0x000000066b000000| PB 0x000000066b000000| Complete |  0
| 318|0x000000066b400000, 0x000000066b800000, 0x000000066b800000|100%| E|CS|TAMS 0x000000066b400000| PB 0x000000066b400000| Complete |  0
| 319|0x000000066b800000, 0x000000066bc00000, 0x000000066bc00000|100%| E|CS|TAMS 0x000000066b800000| PB 0x000000066b800000| Complete |  0
| 320|0x000000066bc00000, 0x000000066c000000, 0x000000066c000000|100%| E|CS|TAMS 0x000000066bc00000| PB 0x000000066bc00000| Complete |  0
| 321|0x000000066c000000, 0x000000066c400000, 0x000000066c400000|100%| E|CS|TAMS 0x000000066c000000| PB 0x000000066c000000| Complete |  0
| 322|0x000000066c400000, 0x000000066c800000, 0x000000066c800000|100%| E|CS|TAMS 0x000000066c400000| PB 0x000000066c400000| Complete |  0
| 323|0x000000066c800000, 0x000000066cc00000, 0x000000066cc00000|100%| E|CS|TAMS 0x000000066c800000| PB 0x000000066c800000| Complete |  0
| 324|0x000000066cc00000, 0x000000066d000000, 0x000000066d000000|100%| E|CS|TAMS 0x000000066cc00000| PB 0x000000066cc00000| Complete |  0
| 325|0x000000066d000000, 0x000000066d400000, 0x000000066d400000|100%| E|CS|TAMS 0x000000066d000000| PB 0x000000066d000000| Complete |  0
| 326|0x000000066d400000, 0x000000066d800000, 0x000000066d800000|100%| E|CS|TAMS 0x000000066d400000| PB 0x000000066d400000| Complete |  0
| 327|0x000000066d800000, 0x000000066dc00000, 0x000000066dc00000|100%| E|CS|TAMS 0x000000066d800000| PB 0x000000066d800000| Complete |  0
| 328|0x000000066dc00000, 0x000000066e000000, 0x000000066e000000|100%| E|CS|TAMS 0x000000066dc00000| PB 0x000000066dc00000| Complete |  0
| 329|0x000000066e000000, 0x000000066e400000, 0x000000066e400000|100%| E|CS|TAMS 0x000000066e000000| PB 0x000000066e000000| Complete |  0
| 330|0x000000066e400000, 0x000000066e800000, 0x000000066e800000|100%| E|CS|TAMS 0x000000066e400000| PB 0x000000066e400000| Complete |  0
| 331|0x000000066e800000, 0x000000066ec00000, 0x000000066ec00000|100%| E|CS|TAMS 0x000000066e800000| PB 0x000000066e800000| Complete |  0
| 332|0x000000066ec00000, 0x000000066f000000, 0x000000066f000000|100%| E|CS|TAMS 0x000000066ec00000| PB 0x000000066ec00000| Complete |  0
| 333|0x000000066f000000, 0x000000066f400000, 0x000000066f400000|100%| E|CS|TAMS 0x000000066f000000| PB 0x000000066f000000| Complete |  0
| 334|0x000000066f400000, 0x000000066f800000, 0x000000066f800000|100%| E|CS|TAMS 0x000000066f400000| PB 0x000000066f400000| Complete |  0
| 335|0x000000066f800000, 0x000000066fc00000, 0x000000066fc00000|100%| E|CS|TAMS 0x000000066f800000| PB 0x000000066f800000| Complete |  0
| 336|0x000000066fc00000, 0x0000000670000000, 0x0000000670000000|100%| E|CS|TAMS 0x000000066fc00000| PB 0x000000066fc00000| Complete |  0
| 337|0x0000000670000000, 0x0000000670400000, 0x0000000670400000|100%| E|CS|TAMS 0x0000000670000000| PB 0x0000000670000000| Complete |  0
| 338|0x0000000670400000, 0x0000000670800000, 0x0000000670800000|100%| E|CS|TAMS 0x0000000670400000| PB 0x0000000670400000| Complete |  0
| 339|0x0000000670800000, 0x0000000670c00000, 0x0000000670c00000|100%| E|CS|TAMS 0x0000000670800000| PB 0x0000000670800000| Complete |  0
| 340|0x0000000670c00000, 0x0000000671000000, 0x0000000671000000|100%| E|CS|TAMS 0x0000000670c00000| PB 0x0000000670c00000| Complete |  0
| 341|0x0000000671000000, 0x0000000671400000, 0x0000000671400000|100%| E|CS|TAMS 0x0000000671000000| PB 0x0000000671000000| Complete |  0
| 342|0x0000000671400000, 0x0000000671800000, 0x0000000671800000|100%| E|CS|TAMS 0x0000000671400000| PB 0x0000000671400000| Complete |  0
| 343|0x0000000671800000, 0x0000000671c00000, 0x0000000671c00000|100%| E|CS|TAMS 0x0000000671800000| PB 0x0000000671800000| Complete |  0
| 344|0x0000000671c00000, 0x0000000672000000, 0x0000000672000000|100%| E|CS|TAMS 0x0000000671c00000| PB 0x0000000671c00000| Complete |  0
| 345|0x0000000672000000, 0x0000000672400000, 0x0000000672400000|100%| E|CS|TAMS 0x0000000672000000| PB 0x0000000672000000| Complete |  0
| 346|0x0000000672400000, 0x0000000672800000, 0x0000000672800000|100%| E|CS|TAMS 0x0000000672400000| PB 0x0000000672400000| Complete |  0
| 347|0x0000000672800000, 0x0000000672c00000, 0x0000000672c00000|100%| E|CS|TAMS 0x0000000672800000| PB 0x0000000672800000| Complete |  0
| 348|0x0000000672c00000, 0x0000000673000000, 0x0000000673000000|100%| E|CS|TAMS 0x0000000672c00000| PB 0x0000000672c00000| Complete |  0
| 349|0x0000000673000000, 0x0000000673400000, 0x0000000673400000|100%| E|CS|TAMS 0x0000000673000000| PB 0x0000000673000000| Complete |  0
| 350|0x0000000673400000, 0x0000000673800000, 0x0000000673800000|100%| E|CS|TAMS 0x0000000673400000| PB 0x0000000673400000| Complete |  0
| 351|0x0000000673800000, 0x0000000673c00000, 0x0000000673c00000|100%| E|CS|TAMS 0x0000000673800000| PB 0x0000000673800000| Complete |  0
| 352|0x0000000673c00000, 0x0000000674000000, 0x0000000674000000|100%| E|CS|TAMS 0x0000000673c00000| PB 0x0000000673c00000| Complete |  0
| 353|0x0000000674000000, 0x0000000674400000, 0x0000000674400000|100%| E|CS|TAMS 0x0000000674000000| PB 0x0000000674000000| Complete |  0
| 354|0x0000000674400000, 0x0000000674800000, 0x0000000674800000|100%| E|CS|TAMS 0x0000000674400000| PB 0x0000000674400000| Complete |  0
| 355|0x0000000674800000, 0x0000000674c00000, 0x0000000674c00000|100%| E|CS|TAMS 0x0000000674800000| PB 0x0000000674800000| Complete |  0
| 356|0x0000000674c00000, 0x0000000675000000, 0x0000000675000000|100%| E|CS|TAMS 0x0000000674c00000| PB 0x0000000674c00000| Complete |  0
| 357|0x0000000675000000, 0x0000000675400000, 0x0000000675400000|100%| E|CS|TAMS 0x0000000675000000| PB 0x0000000675000000| Complete |  0
| 358|0x0000000675400000, 0x0000000675800000, 0x0000000675800000|100%| E|CS|TAMS 0x0000000675400000| PB 0x0000000675400000| Complete |  0
| 359|0x0000000675800000, 0x0000000675c00000, 0x0000000675c00000|100%| E|CS|TAMS 0x0000000675800000| PB 0x0000000675800000| Complete |  0
| 360|0x0000000675c00000, 0x0000000676000000, 0x0000000676000000|100%| E|CS|TAMS 0x0000000675c00000| PB 0x0000000675c00000| Complete |  0
| 361|0x0000000676000000, 0x0000000676400000, 0x0000000676400000|100%| E|CS|TAMS 0x0000000676000000| PB 0x0000000676000000| Complete |  0
| 362|0x0000000676400000, 0x0000000676800000, 0x0000000676800000|100%| E|CS|TAMS 0x0000000676400000| PB 0x0000000676400000| Complete |  0
| 363|0x0000000676800000, 0x0000000676c00000, 0x0000000676c00000|100%| E|CS|TAMS 0x0000000676800000| PB 0x0000000676800000| Complete |  0
| 364|0x0000000676c00000, 0x0000000677000000, 0x0000000677000000|100%| E|CS|TAMS 0x0000000676c00000| PB 0x0000000676c00000| Complete |  0
| 365|0x0000000677000000, 0x0000000677400000, 0x0000000677400000|100%| E|CS|TAMS 0x0000000677000000| PB 0x0000000677000000| Complete |  0
| 366|0x0000000677400000, 0x0000000677800000, 0x0000000677800000|100%| E|CS|TAMS 0x0000000677400000| PB 0x0000000677400000| Complete |  0
| 367|0x0000000677800000, 0x0000000677c00000, 0x0000000677c00000|100%| E|CS|TAMS 0x0000000677800000| PB 0x0000000677800000| Complete |  0
| 368|0x0000000677c00000, 0x0000000678000000, 0x0000000678000000|100%| E|CS|TAMS 0x0000000677c00000| PB 0x0000000677c00000| Complete |  0
| 369|0x0000000678000000, 0x0000000678400000, 0x0000000678400000|100%| E|CS|TAMS 0x0000000678000000| PB 0x0000000678000000| Complete |  0
| 370|0x0000000678400000, 0x0000000678800000, 0x0000000678800000|100%| E|CS|TAMS 0x0000000678400000| PB 0x0000000678400000| Complete |  0
| 371|0x0000000678800000, 0x0000000678c00000, 0x0000000678c00000|100%| E|CS|TAMS 0x0000000678800000| PB 0x0000000678800000| Complete |  0
| 372|0x0000000678c00000, 0x0000000679000000, 0x0000000679000000|100%| E|CS|TAMS 0x0000000678c00000| PB 0x0000000678c00000| Complete |  0
| 373|0x0000000679000000, 0x0000000679400000, 0x0000000679400000|100%| E|CS|TAMS 0x0000000679000000| PB 0x0000000679000000| Complete |  0
| 374|0x0000000679400000, 0x0000000679800000, 0x0000000679800000|100%| E|CS|TAMS 0x0000000679400000| PB 0x0000000679400000| Complete |  0
| 375|0x0000000679800000, 0x0000000679c00000, 0x0000000679c00000|100%| E|CS|TAMS 0x0000000679800000| PB 0x0000000679800000| Complete |  0
| 376|0x0000000679c00000, 0x000000067a000000, 0x000000067a000000|100%| E|CS|TAMS 0x0000000679c00000| PB 0x0000000679c00000| Complete |  0
| 377|0x000000067a000000, 0x000000067a400000, 0x000000067a400000|100%| E|CS|TAMS 0x000000067a000000| PB 0x000000067a000000| Complete |  0
| 378|0x000000067a400000, 0x000000067a800000, 0x000000067a800000|100%| E|CS|TAMS 0x000000067a400000| PB 0x000000067a400000| Complete |  0
| 379|0x000000067a800000, 0x000000067ac00000, 0x000000067ac00000|100%| E|CS|TAMS 0x000000067a800000| PB 0x000000067a800000| Complete |  0
| 380|0x000000067ac00000, 0x000000067b000000, 0x000000067b000000|100%| E|CS|TAMS 0x000000067ac00000| PB 0x000000067ac00000| Complete |  0
| 381|0x000000067b000000, 0x000000067b400000, 0x000000067b400000|100%| E|CS|TAMS 0x000000067b000000| PB 0x000000067b000000| Complete |  0
| 382|0x000000067b400000, 0x000000067b800000, 0x000000067b800000|100%| E|CS|TAMS 0x000000067b400000| PB 0x000000067b400000| Complete |  0
| 383|0x000000067b800000, 0x000000067bc00000, 0x000000067bc00000|100%| E|CS|TAMS 0x000000067b800000| PB 0x000000067b800000| Complete |  0
| 384|0x000000067bc00000, 0x000000067c000000, 0x000000067c000000|100%| E|CS|TAMS 0x000000067bc00000| PB 0x000000067bc00000| Complete |  0
| 385|0x000000067c000000, 0x000000067c400000, 0x000000067c400000|100%| E|CS|TAMS 0x000000067c000000| PB 0x000000067c000000| Complete |  0
| 386|0x000000067c400000, 0x000000067c800000, 0x000000067c800000|100%| E|CS|TAMS 0x000000067c400000| PB 0x000000067c400000| Complete |  0
| 387|0x000000067c800000, 0x000000067cc00000, 0x000000067cc00000|100%| E|CS|TAMS 0x000000067c800000| PB 0x000000067c800000| Complete |  0
| 388|0x000000067cc00000, 0x000000067d000000, 0x000000067d000000|100%| E|CS|TAMS 0x000000067cc00000| PB 0x000000067cc00000| Complete |  0
| 389|0x000000067d000000, 0x000000067d400000, 0x000000067d400000|100%| E|CS|TAMS 0x000000067d000000| PB 0x000000067d000000| Complete |  0
| 390|0x000000067d400000, 0x000000067d800000, 0x000000067d800000|100%| E|CS|TAMS 0x000000067d400000| PB 0x000000067d400000| Complete |  0
| 391|0x000000067d800000, 0x000000067dc00000, 0x000000067dc00000|100%| E|CS|TAMS 0x000000067d800000| PB 0x000000067d800000| Complete |  0
| 392|0x000000067dc00000, 0x000000067e000000, 0x000000067e000000|100%| E|CS|TAMS 0x000000067dc00000| PB 0x000000067dc00000| Complete |  0
| 393|0x000000067e000000, 0x000000067e400000, 0x000000067e400000|100%| E|CS|TAMS 0x000000067e000000| PB 0x000000067e000000| Complete |  0
| 394|0x000000067e400000, 0x000000067e800000, 0x000000067e800000|100%| E|CS|TAMS 0x000000067e400000| PB 0x000000067e400000| Complete |  0
| 395|0x000000067e800000, 0x000000067ec00000, 0x000000067ec00000|100%| E|CS|TAMS 0x000000067e800000| PB 0x000000067e800000| Complete |  0
| 396|0x000000067ec00000, 0x000000067f000000, 0x000000067f000000|100%| E|CS|TAMS 0x000000067ec00000| PB 0x000000067ec00000| Complete |  0
| 397|0x000000067f000000, 0x000000067f400000, 0x000000067f400000|100%| E|CS|TAMS 0x000000067f000000| PB 0x000000067f000000| Complete |  0
| 398|0x000000067f400000, 0x000000067f800000, 0x000000067f800000|100%| E|CS|TAMS 0x000000067f400000| PB 0x000000067f400000| Complete |  0
| 399|0x000000067f800000, 0x000000067fc00000, 0x000000067fc00000|100%| E|CS|TAMS 0x000000067f800000| PB 0x000000067f800000| Complete |  0
| 400|0x000000067fc00000, 0x0000000680000000, 0x0000000680000000|100%| E|CS|TAMS 0x000000067fc00000| PB 0x000000067fc00000| Complete |  0
| 401|0x0000000680000000, 0x0000000680400000, 0x0000000680400000|100%| E|CS|TAMS 0x0000000680000000| PB 0x0000000680000000| Complete |  0
| 402|0x0000000680400000, 0x0000000680800000, 0x0000000680800000|100%| E|CS|TAMS 0x0000000680400000| PB 0x0000000680400000| Complete |  0
| 403|0x0000000680800000, 0x0000000680c00000, 0x0000000680c00000|100%| E|CS|TAMS 0x0000000680800000| PB 0x0000000680800000| Complete |  0
| 404|0x0000000680c00000, 0x0000000681000000, 0x0000000681000000|100%| E|CS|TAMS 0x0000000680c00000| PB 0x0000000680c00000| Complete |  0
| 405|0x0000000681000000, 0x0000000681400000, 0x0000000681400000|100%| E|CS|TAMS 0x0000000681000000| PB 0x0000000681000000| Complete |  0
| 406|0x0000000681400000, 0x0000000681800000, 0x0000000681800000|100%| E|CS|TAMS 0x0000000681400000| PB 0x0000000681400000| Complete |  0
| 407|0x0000000681800000, 0x0000000681c00000, 0x0000000681c00000|100%| E|CS|TAMS 0x0000000681800000| PB 0x0000000681800000| Complete |  0
| 408|0x0000000681c00000, 0x0000000682000000, 0x0000000682000000|100%| E|CS|TAMS 0x0000000681c00000| PB 0x0000000681c00000| Complete |  0
| 409|0x0000000682000000, 0x0000000682400000, 0x0000000682400000|100%| E|CS|TAMS 0x0000000682000000| PB 0x0000000682000000| Complete |  0
| 410|0x0000000682400000, 0x0000000682800000, 0x0000000682800000|100%| E|CS|TAMS 0x0000000682400000| PB 0x0000000682400000| Complete |  0
| 411|0x0000000682800000, 0x0000000682c00000, 0x0000000682c00000|100%| E|CS|TAMS 0x0000000682800000| PB 0x0000000682800000| Complete |  0
| 412|0x0000000682c00000, 0x0000000683000000, 0x0000000683000000|100%| E|CS|TAMS 0x0000000682c00000| PB 0x0000000682c00000| Complete |  0
| 413|0x0000000683000000, 0x0000000683400000, 0x0000000683400000|100%| E|CS|TAMS 0x0000000683000000| PB 0x0000000683000000| Complete |  0
| 414|0x0000000683400000, 0x0000000683800000, 0x0000000683800000|100%| E|CS|TAMS 0x0000000683400000| PB 0x0000000683400000| Complete |  0
| 415|0x0000000683800000, 0x0000000683c00000, 0x0000000683c00000|100%| E|CS|TAMS 0x0000000683800000| PB 0x0000000683800000| Complete |  0
| 416|0x0000000683c00000, 0x0000000684000000, 0x0000000684000000|100%| E|CS|TAMS 0x0000000683c00000| PB 0x0000000683c00000| Complete |  0
| 417|0x0000000684000000, 0x0000000684400000, 0x0000000684400000|100%| E|CS|TAMS 0x0000000684000000| PB 0x0000000684000000| Complete |  0
| 418|0x0000000684400000, 0x0000000684800000, 0x0000000684800000|100%| E|CS|TAMS 0x0000000684400000| PB 0x0000000684400000| Complete |  0
| 419|0x0000000684800000, 0x0000000684c00000, 0x0000000684c00000|100%| E|CS|TAMS 0x0000000684800000| PB 0x0000000684800000| Complete |  0
| 420|0x0000000684c00000, 0x0000000685000000, 0x0000000685000000|100%| E|CS|TAMS 0x0000000684c00000| PB 0x0000000684c00000| Complete |  0
| 421|0x0000000685000000, 0x0000000685400000, 0x0000000685400000|100%| E|CS|TAMS 0x0000000685000000| PB 0x0000000685000000| Complete |  0
| 422|0x0000000685400000, 0x0000000685800000, 0x0000000685800000|100%| E|CS|TAMS 0x0000000685400000| PB 0x0000000685400000| Complete |  0
| 423|0x0000000685800000, 0x0000000685c00000, 0x0000000685c00000|100%| E|CS|TAMS 0x0000000685800000| PB 0x0000000685800000| Complete |  0
| 424|0x0000000685c00000, 0x0000000686000000, 0x0000000686000000|100%| E|CS|TAMS 0x0000000685c00000| PB 0x0000000685c00000| Complete |  0
| 425|0x0000000686000000, 0x0000000686400000, 0x0000000686400000|100%| E|CS|TAMS 0x0000000686000000| PB 0x0000000686000000| Complete |  0
| 426|0x0000000686400000, 0x0000000686800000, 0x0000000686800000|100%| E|CS|TAMS 0x0000000686400000| PB 0x0000000686400000| Complete |  0
| 427|0x0000000686800000, 0x0000000686c00000, 0x0000000686c00000|100%| E|CS|TAMS 0x0000000686800000| PB 0x0000000686800000| Complete |  0
| 428|0x0000000686c00000, 0x0000000687000000, 0x0000000687000000|100%| E|CS|TAMS 0x0000000686c00000| PB 0x0000000686c00000| Complete |  0
| 429|0x0000000687000000, 0x0000000687400000, 0x0000000687400000|100%| E|CS|TAMS 0x0000000687000000| PB 0x0000000687000000| Complete |  0
| 430|0x0000000687400000, 0x0000000687800000, 0x0000000687800000|100%| E|CS|TAMS 0x0000000687400000| PB 0x0000000687400000| Complete |  0
| 431|0x0000000687800000, 0x0000000687c00000, 0x0000000687c00000|100%| E|CS|TAMS 0x0000000687800000| PB 0x0000000687800000| Complete |  0
| 432|0x0000000687c00000, 0x0000000688000000, 0x0000000688000000|100%| E|CS|TAMS 0x0000000687c00000| PB 0x0000000687c00000| Complete |  0
| 433|0x0000000688000000, 0x0000000688400000, 0x0000000688400000|100%| E|CS|TAMS 0x0000000688000000| PB 0x0000000688000000| Complete |  0
| 434|0x0000000688400000, 0x0000000688800000, 0x0000000688800000|100%| E|CS|TAMS 0x0000000688400000| PB 0x0000000688400000| Complete |  0
| 435|0x0000000688800000, 0x0000000688c00000, 0x0000000688c00000|100%| E|CS|TAMS 0x0000000688800000| PB 0x0000000688800000| Complete |  0
| 436|0x0000000688c00000, 0x0000000689000000, 0x0000000689000000|100%| E|CS|TAMS 0x0000000688c00000| PB 0x0000000688c00000| Complete |  0
| 437|0x0000000689000000, 0x0000000689400000, 0x0000000689400000|100%| E|CS|TAMS 0x0000000689000000| PB 0x0000000689000000| Complete |  0
| 438|0x0000000689400000, 0x0000000689800000, 0x0000000689800000|100%| E|CS|TAMS 0x0000000689400000| PB 0x0000000689400000| Complete |  0
| 439|0x0000000689800000, 0x0000000689c00000, 0x0000000689c00000|100%| E|CS|TAMS 0x0000000689800000| PB 0x0000000689800000| Complete |  0
| 440|0x0000000689c00000, 0x000000068a000000, 0x000000068a000000|100%| E|CS|TAMS 0x0000000689c00000| PB 0x0000000689c00000| Complete |  0
| 441|0x000000068a000000, 0x000000068a400000, 0x000000068a400000|100%| E|CS|TAMS 0x000000068a000000| PB 0x000000068a000000| Complete |  0
| 442|0x000000068a400000, 0x000000068a800000, 0x000000068a800000|100%| E|CS|TAMS 0x000000068a400000| PB 0x000000068a400000| Complete |  0
| 443|0x000000068a800000, 0x000000068ac00000, 0x000000068ac00000|100%| E|CS|TAMS 0x000000068a800000| PB 0x000000068a800000| Complete |  0
| 444|0x000000068ac00000, 0x000000068b000000, 0x000000068b000000|100%| E|CS|TAMS 0x000000068ac00000| PB 0x000000068ac00000| Complete |  0
| 445|0x000000068b000000, 0x000000068b400000, 0x000000068b400000|100%| E|CS|TAMS 0x000000068b000000| PB 0x000000068b000000| Complete |  0
| 446|0x000000068b400000, 0x000000068b800000, 0x000000068b800000|100%| E|CS|TAMS 0x000000068b400000| PB 0x000000068b400000| Complete |  0
| 447|0x000000068b800000, 0x000000068bc00000, 0x000000068bc00000|100%| E|CS|TAMS 0x000000068b800000| PB 0x000000068b800000| Complete |  0
| 448|0x000000068bc00000, 0x000000068c000000, 0x000000068c000000|100%| E|CS|TAMS 0x000000068bc00000| PB 0x000000068bc00000| Complete |  0
| 449|0x000000068c000000, 0x000000068c400000, 0x000000068c400000|100%| E|CS|TAMS 0x000000068c000000| PB 0x000000068c000000| Complete |  0
| 450|0x000000068c400000, 0x000000068c800000, 0x000000068c800000|100%| E|CS|TAMS 0x000000068c400000| PB 0x000000068c400000| Complete |  0
| 451|0x000000068c800000, 0x000000068cc00000, 0x000000068cc00000|100%| E|CS|TAMS 0x000000068c800000| PB 0x000000068c800000| Complete |  0
| 452|0x000000068cc00000, 0x000000068d000000, 0x000000068d000000|100%| E|CS|TAMS 0x000000068cc00000| PB 0x000000068cc00000| Complete |  0
| 453|0x000000068d000000, 0x000000068d400000, 0x000000068d400000|100%| E|CS|TAMS 0x000000068d000000| PB 0x000000068d000000| Complete |  0
| 454|0x000000068d400000, 0x000000068d800000, 0x000000068d800000|100%| E|CS|TAMS 0x000000068d400000| PB 0x000000068d400000| Complete |  0
| 455|0x000000068d800000, 0x000000068dc00000, 0x000000068dc00000|100%| E|CS|TAMS 0x000000068d800000| PB 0x000000068d800000| Complete |  0
| 456|0x000000068dc00000, 0x000000068e000000, 0x000000068e000000|100%| E|CS|TAMS 0x000000068dc00000| PB 0x000000068dc00000| Complete |  0
| 457|0x000000068e000000, 0x000000068e400000, 0x000000068e400000|100%| E|CS|TAMS 0x000000068e000000| PB 0x000000068e000000| Complete |  0
| 458|0x000000068e400000, 0x000000068e800000, 0x000000068e800000|100%| E|CS|TAMS 0x000000068e400000| PB 0x000000068e400000| Complete |  0
| 459|0x000000068e800000, 0x000000068ec00000, 0x000000068ec00000|100%| E|CS|TAMS 0x000000068e800000| PB 0x000000068e800000| Complete |  0
| 460|0x000000068ec00000, 0x000000068f000000, 0x000000068f000000|100%| E|CS|TAMS 0x000000068ec00000| PB 0x000000068ec00000| Complete |  0
| 461|0x000000068f000000, 0x000000068f400000, 0x000000068f400000|100%| E|CS|TAMS 0x000000068f000000| PB 0x000000068f000000| Complete |  0
| 462|0x000000068f400000, 0x000000068f800000, 0x000000068f800000|100%| E|CS|TAMS 0x000000068f400000| PB 0x000000068f400000| Complete |  0
| 463|0x000000068f800000, 0x000000068fc00000, 0x000000068fc00000|100%| E|CS|TAMS 0x000000068f800000| PB 0x000000068f800000| Complete |  0
| 464|0x000000068fc00000, 0x0000000690000000, 0x0000000690000000|100%| E|CS|TAMS 0x000000068fc00000| PB 0x000000068fc00000| Complete |  0
| 465|0x0000000690000000, 0x0000000690400000, 0x0000000690400000|100%| E|CS|TAMS 0x0000000690000000| PB 0x0000000690000000| Complete |  0
| 466|0x0000000690400000, 0x0000000690800000, 0x0000000690800000|100%| E|CS|TAMS 0x0000000690400000| PB 0x0000000690400000| Complete |  0
| 467|0x0000000690800000, 0x0000000690c00000, 0x0000000690c00000|100%| E|CS|TAMS 0x0000000690800000| PB 0x0000000690800000| Complete |  0
| 468|0x0000000690c00000, 0x0000000691000000, 0x0000000691000000|100%| E|CS|TAMS 0x0000000690c00000| PB 0x0000000690c00000| Complete |  0
| 469|0x0000000691000000, 0x0000000691400000, 0x0000000691400000|100%| E|CS|TAMS 0x0000000691000000| PB 0x0000000691000000| Complete |  0
| 470|0x0000000691400000, 0x0000000691800000, 0x0000000691800000|100%| E|CS|TAMS 0x0000000691400000| PB 0x0000000691400000| Complete |  0
|1884|0x00000007f2c00000, 0x00000007f3000000, 0x00000007f3000000|100%| O|Cm|TAMS 0x00000007f2c00000| PB 0x00000007f2c00000| Complete |  0
|1885|0x00000007f3000000, 0x00000007f3400000, 0x00000007f3400000|100%| O|  |TAMS 0x00000007f3000000| PB 0x00000007f3000000| Untracked |  0
|1886|0x00000007f3400000, 0x00000007f3800000, 0x00000007f3800000|100%| O|Cm|TAMS 0x00000007f3400000| PB 0x00000007f3400000| Complete |  0
|1887|0x00000007f3800000, 0x00000007f3c00000, 0x00000007f3c00000|100%| E|CS|TAMS 0x00000007f3800000| PB 0x00000007f3800000| Complete |  0
|1888|0x00000007f3c00000, 0x00000007f4000000, 0x00000007f4000000|100%| O|  |TAMS 0x00000007f3c00000| PB 0x00000007f3c00000| Untracked |  0
|1889|0x00000007f4000000, 0x00000007f4400000, 0x00000007f4400000|100%| O|  |TAMS 0x00000007f4000000| PB 0x00000007f4000000| Untracked |  0
|1890|0x00000007f4400000, 0x00000007f4800000, 0x00000007f4800000|100%| O|  |TAMS 0x00000007f4400000| PB 0x00000007f4400000| Untracked |  0
|1891|0x00000007f4800000, 0x00000007f4c00000, 0x00000007f4c00000|100%| O|  |TAMS 0x00000007f4800000| PB 0x00000007f4800000| Untracked |  0
|1892|0x00000007f4c00000, 0x00000007f5000000, 0x00000007f5000000|100%| E|CS|TAMS 0x00000007f4c00000| PB 0x00000007f4c00000| Complete |  0
|1893|0x00000007f5000000, 0x00000007f5400000, 0x00000007f5400000|100%| O|  |TAMS 0x00000007f5000000| PB 0x00000007f5000000| Untracked |  0
|1894|0x00000007f5400000, 0x00000007f5800000, 0x00000007f5800000|100%| O|  |TAMS 0x00000007f5400000| PB 0x00000007f5400000| Untracked |  0
|1895|0x00000007f5800000, 0x00000007f5c00000, 0x00000007f5c00000|100%| E|CS|TAMS 0x00000007f5800000| PB 0x00000007f5800000| Complete |  0
|1896|0x00000007f5c00000, 0x00000007f6000000, 0x00000007f6000000|100%| E|CS|TAMS 0x00000007f5c00000| PB 0x00000007f5c00000| Complete |  0
|1897|0x00000007f6000000, 0x00000007f6400000, 0x00000007f6400000|100%| E|CS|TAMS 0x00000007f6000000| PB 0x00000007f6000000| Complete |  0
|1898|0x00000007f6400000, 0x00000007f6800000, 0x00000007f6800000|100%| E|CS|TAMS 0x00000007f6400000| PB 0x00000007f6400000| Complete |  0
|1899|0x00000007f6800000, 0x00000007f6c00000, 0x00000007f6c00000|100%| E|CS|TAMS 0x00000007f6800000| PB 0x00000007f6800000| Complete |  0
|1900|0x00000007f6c00000, 0x00000007f7000000, 0x00000007f7000000|100%| O|  |TAMS 0x00000007f6c00000| PB 0x00000007f6c00000| Untracked |  0
|1901|0x00000007f7000000, 0x00000007f7400000, 0x00000007f7400000|100%| E|CS|TAMS 0x00000007f7000000| PB 0x00000007f7000000| Complete |  0
|1902|0x00000007f7400000, 0x00000007f7800000, 0x00000007f7800000|100%| E|CS|TAMS 0x00000007f7400000| PB 0x00000007f7400000| Complete |  0
|1903|0x00000007f7800000, 0x00000007f7c00000, 0x00000007f7c00000|100%| E|CS|TAMS 0x00000007f7800000| PB 0x00000007f7800000| Complete |  0
|1904|0x00000007f7c00000, 0x00000007f8000000, 0x00000007f8000000|100%| O|  |TAMS 0x00000007f7c00000| PB 0x00000007f7c00000| Untracked |  0
|1905|0x00000007f8000000, 0x00000007f8400000, 0x00000007f8400000|100%| O|  |TAMS 0x00000007f8000000| PB 0x00000007f8000000| Untracked |  0
|1906|0x00000007f8400000, 0x00000007f8800000, 0x00000007f8800000|100%| O|  |TAMS 0x00000007f8400000| PB 0x00000007f8400000| Untracked |  0
|1907|0x00000007f8800000, 0x00000007f8c00000, 0x00000007f8c00000|100%| E|CS|TAMS 0x00000007f8800000| PB 0x00000007f8800000| Complete |  0
|1908|0x00000007f8c00000, 0x00000007f9000000, 0x00000007f9000000|100%| E|CS|TAMS 0x00000007f8c00000| PB 0x00000007f8c00000| Complete |  0
|1909|0x00000007f9000000, 0x00000007f9400000, 0x00000007f9400000|100%| E|CS|TAMS 0x00000007f9000000| PB 0x00000007f9000000| Complete |  0
|1910|0x00000007f9400000, 0x00000007f9800000, 0x00000007f9800000|100%| E|CS|TAMS 0x00000007f9400000| PB 0x00000007f9400000| Complete |  0
|1911|0x00000007f9800000, 0x00000007f9c00000, 0x00000007f9c00000|100%| E|CS|TAMS 0x00000007f9800000| PB 0x00000007f9800000| Complete |  0
|1912|0x00000007f9c00000, 0x00000007fa000000, 0x00000007fa000000|100%| E|CS|TAMS 0x00000007f9c00000| PB 0x00000007f9c00000| Complete |  0
|1913|0x00000007fa000000, 0x00000007fa400000, 0x00000007fa400000|100%| E|CS|TAMS 0x00000007fa000000| PB 0x00000007fa000000| Complete |  0
|1914|0x00000007fa400000, 0x00000007fa800000, 0x00000007fa800000|100%| E|CS|TAMS 0x00000007fa400000| PB 0x00000007fa400000| Complete |  0
|1915|0x00000007fa800000, 0x00000007fac00000, 0x00000007fac00000|100%| E|CS|TAMS 0x00000007fa800000| PB 0x00000007fa800000| Complete |  0
|1916|0x00000007fac00000, 0x00000007fb000000, 0x00000007fb000000|100%| E|CS|TAMS 0x00000007fac00000| PB 0x00000007fac00000| Complete |  0
|1917|0x00000007fb000000, 0x00000007fb400000, 0x00000007fb400000|100%| E|CS|TAMS 0x00000007fb000000| PB 0x00000007fb000000| Complete |  0
|1918|0x00000007fb400000, 0x00000007fb800000, 0x00000007fb800000|100%| E|CS|TAMS 0x00000007fb400000| PB 0x00000007fb400000| Complete |  0
|1919|0x00000007fb800000, 0x00000007fbc00000, 0x00000007fbc00000|100%| E|CS|TAMS 0x00000007fb800000| PB 0x00000007fb800000| Complete |  0
|1920|0x00000007fbc00000, 0x00000007fc000000, 0x00000007fc000000|100%| E|CS|TAMS 0x00000007fbc00000| PB 0x00000007fbc00000| Complete |  0
|1921|0x00000007fc000000, 0x00000007fc400000, 0x00000007fc400000|100%| E|CS|TAMS 0x00000007fc000000| PB 0x00000007fc000000| Complete |  0
|1922|0x00000007fc400000, 0x00000007fc800000, 0x00000007fc800000|100%| E|CS|TAMS 0x00000007fc400000| PB 0x00000007fc400000| Complete |  0
|1923|0x00000007fc800000, 0x00000007fcc00000, 0x00000007fcc00000|100%| E|CS|TAMS 0x00000007fc800000| PB 0x00000007fc800000| Complete |  0
|1924|0x00000007fcc00000, 0x00000007fd000000, 0x00000007fd000000|100%| E|CS|TAMS 0x00000007fcc00000| PB 0x00000007fcc00000| Complete |  0
|1925|0x00000007fd000000, 0x00000007fd400000, 0x00000007fd400000|100%| O|  |TAMS 0x00000007fd000000| PB 0x00000007fd000000| Untracked |  0
|1926|0x00000007fd400000, 0x00000007fd800000, 0x00000007fd800000|100%| E|CS|TAMS 0x00000007fd400000| PB 0x00000007fd400000| Complete |  0
|1927|0x00000007fd800000, 0x00000007fdc00000, 0x00000007fdc00000|100%| E|CS|TAMS 0x00000007fd800000| PB 0x00000007fd800000| Complete |  0
|1928|0x00000007fdc00000, 0x00000007fe000000, 0x00000007fe000000|100%| E|CS|TAMS 0x00000007fdc00000| PB 0x00000007fdc00000| Complete |  0
|1929|0x00000007fe000000, 0x00000007fe400000, 0x00000007fe400000|100%| E|CS|TAMS 0x00000007fe000000| PB 0x00000007fe000000| Complete |  0
|1930|0x00000007fe400000, 0x00000007fe800000, 0x00000007fe800000|100%| O|  |TAMS 0x00000007fe400000| PB 0x00000007fe400000| Untracked |  0
|1931|0x00000007fe800000, 0x00000007fec00000, 0x00000007fec00000|100%| O|  |TAMS 0x00000007fe800000| PB 0x00000007fe800000| Untracked |  0
|1932|0x00000007fec00000, 0x00000007ff000000, 0x00000007ff000000|100%| O|  |TAMS 0x00000007fec00000| PB 0x00000007fec00000| Untracked |  0
|1933|0x00000007ff000000, 0x00000007ff400000, 0x00000007ff400000|100%| E|CS|TAMS 0x00000007ff000000| PB 0x00000007ff000000| Complete |  0
|1934|0x00000007ff400000, 0x00000007ff800000, 0x00000007ff800000|100%| O|  |TAMS 0x00000007ff400000| PB 0x00000007ff400000| Untracked |  0
|1935|0x00000007ff800000, 0x00000007ffc00000, 0x00000007ffc00000|100%| O|  |TAMS 0x00000007ff800000| PB 0x00000007ff800000| Untracked |  0
|1936|0x00000007ffc00000, 0x0000000800000000, 0x0000000800000000|100%| E|CS|TAMS 0x00000007ffc00000| PB 0x00000007ffc00000| Complete |  0

Card table byte_map: [0x00007122c42b7000,0x00007122c51d9000] _byte_map_base: 0x00007122c11d9000

Marking Bits: (CMBitMap*) 0x00007122c005dd80
 Bits: [0x00007122a4cf0000, 0x00007122ac600000)

Polling page: 0x00007122c8c9f000

Metaspace:
Metaspace        used 156710K, committed 158656K, reserved 1179648K
 class space     used 27098K, committed 27904K, reserved 1048576K

Usage:
  Non-class:    126.57 MB used.
      Class:     26.46 MB used.
       Both:    153.04 MB used.

Virtual space:
  Non-class space:      128.00 MB reserved,     127.69 MB (>99%) committed,  2 nodes.
      Class space:        1.00 GB reserved,      27.25 MB (  3%) committed,  1 nodes.
             Both:        1.12 GB reserved,     154.94 MB ( 13%) committed. 

Chunk freelists:
   Non-Class:  160.00 KB
       Class:  4.73 MB
        Both:  4.89 MB

MaxMetaspaceSize: unlimited
CompressedClassSpaceSize: 1.00 GB
Initial GC threshold: 21.00 MB
Current GC threshold: 257.94 MB
CDS: on
 - commit_granule_bytes: 65536.
 - commit_granule_words: 8192.
 - virtual_space_node_default_size: 8388608.
 - enlarge_chunks_in_place: 1.
UseCompressedClassPointers 1, UseCompactObjectHeaders 0
Narrow klass pointer bits 32, Max shift 3
Narrow klass base: 0x0000000041000000, Narrow klass shift: 0
Encoding Range: [0x0000000041000000 - 0x0000000141000000), (4294967296 bytes)
Klass Range:    [0x0000000041001000 - 0x0000000083000000), (1107292160 bytes)
Klass ID Range:  [4096 - 1107296249) (1107292153)
Protection zone: [0x0000000041000000 - 0x0000000041001000), (4096 bytes)


Internal statistics:

num_allocs_failed_limit: 29.
num_arena_births: 3392.
num_arena_deaths: 74.
num_vsnodes_births: 3.
num_vsnodes_deaths: 0.
num_space_committed: 2474.
num_space_uncommitted: 0.
num_chunks_returned_to_freelist: 133.
num_chunks_taken_from_freelist: 11024.
num_chunk_merges: 62.
num_chunk_splits: 6930.
num_chunks_enlarged: 4495.
num_inconsistent_stats: 0.

CodeHeap 'non-profiled nmethods': size=119172Kb used=22794Kb max_used=22794Kb free=96377Kb
 bounds [0x00007122b419f000, 0x00007122b57ef000, 0x00007122bb600000]
CodeHeap 'profiled nmethods': size=119164Kb used=19738Kb max_used=29199Kb free=99425Kb
 bounds [0x00007122ac600000, 0x00007122ae2e0000, 0x00007122b3a5f000]
CodeHeap 'non-nmethods': size=7424Kb used=4791Kb max_used=6076Kb free=2632Kb
 bounds [0x00007122b3a5f000, 0x00007122b407f000, 0x00007122b419f000]
CodeCache: size=245760Kb, used=47323Kb, max_used=58069Kb, free=198434Kb
 total_blobs=22961, nmethods=20049, adapters=2758, full_count=0
Compilation: enabled, stopped_count=0, restarted_count=0

Compilation events (20 events):
Event: 190.697 Thread 0x00007122c010f6a0 nmethod 51368 0x00007122b57dd208 code [0x00007122b57dd300, 0x00007122b57dd480]
Event: 190.697 Thread 0x00007122c010f6a0 51369       4       net.minecraft.world.level.block.state.StateHolder$$Lambda/0x0000000044630288::apply (12 bytes)
Event: 190.698 Thread 0x00007122c010f6a0 nmethod 51369 0x00007122b57dd508 code [0x00007122b57dd600, 0x00007122b57dd720]
Event: 190.815 Thread 0x00007122c010f6a0 51370       4       it.unimi.dsi.fastutil.longs.Long2IntOpenHashMap::remove (110 bytes)
Event: 190.822 Thread 0x00007122c010f6a0 nmethod 51370 0x00007122b57dd808 code [0x00007122b57dd900, 0x00007122b57dde98]
Event: 190.825 Thread 0x00007122c010f6a0 51371       4       net.minecraft.client.multiplayer.ClientCommonPacketListenerImpl::handleCustomPayload (184 bytes)
Event: 190.828 Thread 0x00007122c010f6a0 nmethod 51371 0x00007122b57ddf08 code [0x00007122b57de000, 0x00007122b57de698]
Event: 190.828 Thread 0x00007122c010f6a0 51372   !   4       java.util.concurrent.ConcurrentHashMap::clear (176 bytes)
Event: 190.828 Thread 0x00007122c010f6a0 nmethod 51372 0x00007122b57de708 code [0x00007122b57de800, 0x00007122b57de898]
Event: 190.868 Thread 0x00007122c010f6a0 51373       4       com.google.common.collect.ImmutableMapEntrySet$RegularEntrySet::spliterator (8 bytes)
Event: 190.869 Thread 0x00007122c010f6a0 nmethod 51373 0x00007122b57dea08 code [0x00007122b57deb00, 0x00007122b57dec68]
Event: 190.869 Thread 0x00007122c010f6a0 51374       4       net.minecraft.nbt.NbtOps::createMap (6 bytes)
Event: 190.877 Thread 0x000071225c2dc380 51376       3       net.minecraft.world.level.entity.PersistentEntitySectionManager$$Lambda/0x000000004487e4b8::accept (16 bytes)
Event: 190.877 Thread 0x00007122c0111090 51377       3       net.minecraft.world.level.entity.PersistentEntitySectionManager::lambda$updateChunkStatus$0 (174 bytes)
Event: 190.877 Thread 0x000071225c2dc380 nmethod 51376 0x00007122ada8e308 code [0x00007122ada8e400, 0x00007122ada8e620]
Event: 190.878 Thread 0x00007122c010f6a0 nmethod 51374 0x00007122b57ded08 code [0x00007122b57dee00, 0x00007122b57df928]
Event: 190.878 Thread 0x00007122c010f6a0 51375       4       net.neoforged.neoforge.attachment.AttachmentSync::onChunkSent (135 bytes)
Event: 190.880 Thread 0x00007122c0111090 nmethod 51377 0x00007122ac785088 code [0x00007122ac785180, 0x00007122ac788658]
Event: 190.884 Thread 0x00007122c010f6a0 nmethod 51375 0x00007122b57df988 code [0x00007122b57dfa80, 0x00007122b57e00b0]
Event: 190.914 Thread 0x00007122c010f6a0 51378       4       net.minecraft.resources.DelegatingOps::createMap (11 bytes)

GC Heap Usage History (20 events):
Event: 173.411 {heap Before GC invocations=173 (full 0):
 garbage-first heap   total reserved 7933952K, committed 2027520K, used 1914673K [0x000000061bc00000, 0x0000000800000000)
  region size 4096K, 289 young (1183744K), 24 survivors (98304K)
}
Event: 173.425 {heap After GC invocations=174 (full 0):
 garbage-first heap   total reserved 7933952K, committed 2035712K, used 849203K [0x000000061bc00000, 0x0000000800000000)
  region size 4096K, 24 young (98304K), 24 survivors (98304K)
}
Event: 174.415 {heap Before GC invocations=174 (full 0):
 garbage-first heap   total reserved 7933952K, committed 2035712K, used 1922355K [0x000000061bc00000, 0x0000000800000000)
  region size 4096K, 287 young (1175552K), 24 survivors (98304K)
}
Event: 174.433 {heap After GC invocations=175 (full 0):
 garbage-first heap   total reserved 7933952K, committed 2068480K, used 835977K [0x000000061bc00000, 0x0000000800000000)
  region size 4096K, 19 young (77824K), 19 survivors (77824K)
}
Event: 175.831 {heap Before GC invocations=175 (full 0):
 garbage-first heap   total reserved 7933952K, committed 2068480K, used 1954185K [0x000000061bc00000, 0x0000000800000000)
  region size 4096K, 293 young (1200128K), 19 survivors (77824K)
}
Event: 175.843 {heap After GC invocations=176 (full 0):
 garbage-first heap   total reserved 7933952K, committed 2068480K, used 855565K [0x000000061bc00000, 0x0000000800000000)
  region size 4096K, 24 young (98304K), 24 survivors (98304K)
}
Event: 177.212 {heap Before GC invocations=177 (full 0):
 garbage-first heap   total reserved 7933952K, committed 2068480K, used 1953293K [0x000000061bc00000, 0x0000000800000000)
  region size 4096K, 293 young (1200128K), 24 survivors (98304K)
}
Event: 177.228 {heap After GC invocations=178 (full 0):
 garbage-first heap   total reserved 7933952K, committed 2080768K, used 877852K [0x000000061bc00000, 0x0000000800000000)
  region size 4096K, 23 young (94208K), 23 survivors (94208K)
}
Event: 179.809 {heap Before GC invocations=178 (full 0):
 garbage-first heap   total reserved 7933952K, committed 2080768K, used 1967388K [0x000000061bc00000, 0x0000000800000000)
  region size 4096K, 290 young (1187840K), 23 survivors (94208K)
}
Event: 179.829 {heap After GC invocations=179 (full 0):
 garbage-first heap   total reserved 7933952K, committed 2121728K, used 859436K [0x000000061bc00000, 0x0000000800000000)
  region size 4096K, 20 young (81920K), 20 survivors (81920K)
}
Event: 181.482 {heap Before GC invocations=179 (full 0):
 garbage-first heap   total reserved 7933952K, committed 2121728K, used 2002220K [0x000000061bc00000, 0x0000000800000000)
  region size 4096K, 300 young (1228800K), 20 survivors (81920K)
}
Event: 181.494 {heap After GC invocations=180 (full 0):
 garbage-first heap   total reserved 7933952K, committed 2121728K, used 874549K [0x000000061bc00000, 0x0000000800000000)
  region size 4096K, 23 young (94208K), 23 survivors (94208K)
}
Event: 183.296 {heap Before GC invocations=181 (full 0):
 garbage-first heap   total reserved 7933952K, committed 2121728K, used 2005045K [0x000000061bc00000, 0x0000000800000000)
  region size 4096K, 300 young (1228800K), 23 survivors (94208K)
}
Event: 183.310 {heap After GC invocations=182 (full 0):
 garbage-first heap   total reserved 7933952K, committed 2121728K, used 885419K [0x000000061bc00000, 0x0000000800000000)
  region size 4096K, 22 young (90112K), 22 survivors (90112K)
}
Event: 184.770 {heap Before GC invocations=182 (full 0):
 garbage-first heap   total reserved 7933952K, committed 2121728K, used 2003627K [0x000000061bc00000, 0x0000000800000000)
  region size 4096K, 296 young (1212416K), 22 survivors (90112K)
}
Event: 184.789 {heap After GC invocations=183 (full 0):
 garbage-first heap   total reserved 7933952K, committed 2146304K, used 874580K [0x000000061bc00000, 0x0000000800000000)
  region size 4096K, 23 young (94208K), 23 survivors (94208K)
}
Event: 187.466 {heap Before GC invocations=183 (full 0):
 garbage-first heap   total reserved 7933952K, committed 2146304K, used 2029652K [0x000000061bc00000, 0x0000000800000000)
  region size 4096K, 306 young (1253376K), 23 survivors (94208K)
}
Event: 187.479 {heap After GC invocations=184 (full 0):
 garbage-first heap   total reserved 7933952K, committed 2146304K, used 890797K [0x000000061bc00000, 0x0000000800000000)
  region size 4096K, 23 young (94208K), 23 survivors (94208K)
}
Event: 189.686 {heap Before GC invocations=185 (full 0):
 garbage-first heap   total reserved 7933952K, committed 2146304K, used 2029485K [0x000000061bc00000, 0x0000000800000000)
  region size 4096K, 302 young (1236992K), 23 survivors (94208K)
}
Event: 189.698 {heap After GC invocations=186 (full 0):
 garbage-first heap   total reserved 7933952K, committed 2146304K, used 893471K [0x000000061bc00000, 0x0000000800000000)
  region size 4096K, 19 young (77824K), 19 survivors (77824K)
}

Metaspace Usage History (20 events):
Event: 173.411 {metaspace Before GC invocations=173 (full 0):
 Metaspace       used 156441K, committed 158336K, reserved 1179648K
  class space    used 27073K, committed 27840K, reserved 1048576K
}
Event: 173.425 {metaspace After GC invocations=174 (full 0):
 Metaspace       used 156441K, committed 158336K, reserved 1179648K
  class space    used 27073K, committed 27840K, reserved 1048576K
}
Event: 174.415 {metaspace Before GC invocations=174 (full 0):
 Metaspace       used 156449K, committed 158336K, reserved 1179648K
  class space    used 27074K, committed 27840K, reserved 1048576K
}
Event: 174.433 {metaspace After GC invocations=175 (full 0):
 Metaspace       used 156449K, committed 158336K, reserved 1179648K
  class space    used 27074K, committed 27840K, reserved 1048576K
}
Event: 175.831 {metaspace Before GC invocations=175 (full 0):
 Metaspace       used 156536K, committed 158464K, reserved 1179648K
  class space    used 27090K, committed 27904K, reserved 1048576K
}
Event: 175.843 {metaspace After GC invocations=176 (full 0):
 Metaspace       used 156536K, committed 158464K, reserved 1179648K
  class space    used 27090K, committed 27904K, reserved 1048576K
}
Event: 177.212 {metaspace Before GC invocations=177 (full 0):
 Metaspace       used 156547K, committed 158528K, reserved 1179648K
  class space    used 27090K, committed 27904K, reserved 1048576K
}
Event: 177.228 {metaspace After GC invocations=178 (full 0):
 Metaspace       used 156547K, committed 158528K, reserved 1179648K
  class space    used 27090K, committed 27904K, reserved 1048576K
}
Event: 179.809 {metaspace Before GC invocations=178 (full 0):
 Metaspace       used 156580K, committed 158528K, reserved 1179648K
  class space    used 27093K, committed 27904K, reserved 1048576K
}
Event: 179.829 {metaspace After GC invocations=179 (full 0):
 Metaspace       used 156580K, committed 158528K, reserved 1179648K
  class space    used 27093K, committed 27904K, reserved 1048576K
}
Event: 181.482 {metaspace Before GC invocations=179 (full 0):
 Metaspace       used 156598K, committed 158592K, reserved 1179648K
  class space    used 27094K, committed 27904K, reserved 1048576K
}
Event: 181.494 {metaspace After GC invocations=180 (full 0):
 Metaspace       used 156598K, committed 158592K, reserved 1179648K
  class space    used 27094K, committed 27904K, reserved 1048576K
}
Event: 183.296 {metaspace Before GC invocations=181 (full 0):
 Metaspace       used 156618K, committed 158592K, reserved 1179648K
  class space    used 27095K, committed 27904K, reserved 1048576K
}
Event: 183.310 {metaspace After GC invocations=182 (full 0):
 Metaspace       used 156618K, committed 158592K, reserved 1179648K
  class space    used 27095K, committed 27904K, reserved 1048576K
}
Event: 184.770 {metaspace Before GC invocations=182 (full 0):
 Metaspace       used 156647K, committed 158592K, reserved 1179648K
  class space    used 27097K, committed 27904K, reserved 1048576K
}
Event: 184.789 {metaspace After GC invocations=183 (full 0):
 Metaspace       used 156647K, committed 158592K, reserved 1179648K
  class space    used 27097K, committed 27904K, reserved 1048576K
}
Event: 187.466 {metaspace Before GC invocations=183 (full 0):
 Metaspace       used 156662K, committed 158592K, reserved 1179648K
  class space    used 27097K, committed 27904K, reserved 1048576K
}
Event: 187.479 {metaspace After GC invocations=184 (full 0):
 Metaspace       used 156662K, committed 158592K, reserved 1179648K
  class space    used 27097K, committed 27904K, reserved 1048576K
}
Event: 189.686 {metaspace Before GC invocations=185 (full 0):
 Metaspace       used 156670K, committed 158592K, reserved 1179648K
  class space    used 27097K, committed 27904K, reserved 1048576K
}
Event: 189.698 {metaspace After GC invocations=186 (full 0):
 Metaspace       used 156670K, committed 158592K, reserved 1179648K
  class space    used 27097K, committed 27904K, reserved 1048576K
}

Dll operation events (15 events):
Event: 0.002 Loaded shared library /home/tillman/snap/MCreator20262/jdk/lib/libjava.so
Event: 0.021 Loaded shared library /home/tillman/snap/MCreator20262/jdk/lib/libsimdsort.so
Event: 0.041 Loaded shared library /home/tillman/snap/MCreator20262/jdk/lib/libzip.so
Event: 0.049 Loaded shared library /home/tillman/snap/MCreator20262/jdk/lib/libnio.so
Event: 0.050 Loaded shared library /home/tillman/snap/MCreator20262/jdk/lib/libnet.so
Event: 0.052 Loaded shared library /home/tillman/snap/MCreator20262/jdk/lib/libjimage.so
Event: 0.071 Loaded shared library /home/tillman/snap/MCreator20262/jdk/lib/libzip.so
Event: 0.123 Loaded shared library /home/tillman/snap/MCreator20262/jdk/lib/libmanagement.so
Event: 0.129 Loaded shared library /home/tillman/snap/MCreator20262/jdk/lib/libmanagement_ext.so
Event: 0.257 Loaded shared library /home/tillman/snap/MCreator20262/jdk/lib/libextnet.so
Event: 0.711 Loaded shared library /tmp/lwjgl_tillman/3.4.1+2/x64/liblwjgl.so
Event: 1.048 Loaded shared library /tmp/lwjgl_tillman/3.4.1+2/x64/liblwjgl_stb.so
Event: 1.148 Loaded shared library /tmp/lwjgl_tillman/3.4.1+2/x64/liblwjgl_opengl.so
Event: 1.360 Loaded shared library /home/tillman/snap/MCreator20262/jdk/lib/libverify.so
Event: 2.348 Loaded shared library /home/tillman/.cache/JNA/temp/jna1271469019272754050.tmp

Deoptimization events (20 events):
Event: 190.298 Thread 0x00007122c2592190 Uncommon trap: trap_request=0xffffffc6 fr.pc=0x00007122b4a09464 relative=0x00000000000006e4
Event: 190.298 Thread 0x00007122c2592190 Uncommon trap: reason=bimorphic_or_optimized_type_check action=maybe_recompile pc=0x00007122b4a09464 method=com.mojang.serialization.Codec$14.read(Lcom/mojang/serialization/DynamicOps;Ljava/lang/Object;)Lcom/mojang/serialization/DataResult; @ 2 c2
Event: 190.298 Thread 0x00007122c2592190 DEOPT PACKING pc=0x00007122b4a09464 sp=0x000071225aaf38b0
Event: 190.298 Thread 0x00007122c2592190 DEOPT UNPACKING pc=0x00007122b3b7e2f9 sp=0x000071225aaf3860 mode 2
Event: 190.298 Thread 0x00007122c2592190 Uncommon trap: trap_request=0xffffffc6 fr.pc=0x00007122b4a09464 relative=0x00000000000006e4
Event: 190.298 Thread 0x00007122c2592190 Uncommon trap: reason=bimorphic_or_optimized_type_check action=maybe_recompile pc=0x00007122b4a09464 method=com.mojang.serialization.Codec$14.read(Lcom/mojang/serialization/DynamicOps;Ljava/lang/Object;)Lcom/mojang/serialization/DataResult; @ 2 c2
Event: 190.298 Thread 0x00007122c2592190 DEOPT PACKING pc=0x00007122b4a09464 sp=0x000071225aaf3ac0
Event: 190.298 Thread 0x00007122c2592190 DEOPT UNPACKING pc=0x00007122b3b7e2f9 sp=0x000071225aaf3a70 mode 2
Event: 190.504 Thread 0x0000712124000f40 Uncommon trap: trap_request=0xffffff45 fr.pc=0x00007122b55c4be4 relative=0x0000000000003fc4
Event: 190.504 Thread 0x0000712124000f40 Uncommon trap: reason=unstable_if action=reinterpret pc=0x00007122b55c4be4 method=net.minecraft.world.level.levelgen.structure.structures.MineshaftPieces$MineShaftPiece.canBeReplaced(Lnet/minecraft/world/level/LevelReader;IIILnet/minecraft/world/level/lev
Event: 190.504 Thread 0x0000712124000f40 DEOPT PACKING pc=0x00007122b55c4be4 sp=0x00007121600fe0b0
Event: 190.504 Thread 0x0000712124000f40 DEOPT UNPACKING pc=0x00007122b3b7e2f9 sp=0x00007121600fdee8 mode 2
Event: 190.504 Thread 0x0000712124000f40 Uncommon trap: trap_request=0xffffff45 fr.pc=0x00007122b4b8a388 relative=0x0000000000000188
Event: 190.504 Thread 0x0000712124000f40 Uncommon trap: reason=unstable_if action=reinterpret pc=0x00007122b4b8a388 method=net.minecraft.world.level.levelgen.structure.structures.MineshaftPieces$MineShaftPiece.canBeReplaced(Lnet/minecraft/world/level/LevelReader;IIILnet/minecraft/world/level/lev
Event: 190.504 Thread 0x0000712124000f40 DEOPT PACKING pc=0x00007122b4b8a388 sp=0x00007121600fdf30
Event: 190.504 Thread 0x0000712124000f40 DEOPT UNPACKING pc=0x00007122b3b7e2f9 sp=0x00007121600fdec8 mode 2
Event: 190.922 Thread 0x00007122c2592190 Uncommon trap: trap_request=0xffffffc6 fr.pc=0x00007122b566482c relative=0x0000000000000a8c
Event: 190.922 Thread 0x00007122c2592190 Uncommon trap: reason=bimorphic_or_optimized_type_check action=maybe_recompile pc=0x00007122b566482c method=net.minecraft.world.ticks.ScheduledTick.<init>(Ljava/lang/Object;Lnet/minecraft/core/BlockPos;JLnet/minecraft/world/ticks/TickPriority;J)V @ 5 c2
Event: 190.922 Thread 0x00007122c2592190 DEOPT PACKING pc=0x00007122b566482c sp=0x000071225aaf4410
Event: 190.922 Thread 0x00007122c2592190 DEOPT UNPACKING pc=0x00007122b3b7e2f9 sp=0x000071225aaf42d0 mode 2

Classes loaded (20 events):
Event: 22.926 Loading class java/lang/FdLibm$Atan
Event: 22.926 Loading class java/lang/FdLibm$Atan done
Event: 49.064 Loading class java/util/DualPivotQuicksort$PartitionOperation
Event: 49.064 Loading class java/util/DualPivotQuicksort$PartitionOperation done
Event: 49.064 Loading class java/util/DualPivotQuicksort$SortOperation
Event: 49.064 Loading class java/util/DualPivotQuicksort$SortOperation done
Event: 86.988 Loading class java/util/DualPivotQuicksort$Sorter
Event: 86.988 Loading class java/util/DualPivotQuicksort$Sorter done
Event: 116.151 Loading class java/util/PriorityQueue$PriorityQueueSpliterator
Event: 116.151 Loading class java/util/PriorityQueue$PriorityQueueSpliterator done
Event: 118.966 Loading class java/lang/FdLibm$Log1p
Event: 118.966 Loading class java/lang/FdLibm$Log1p done
Event: 175.487 Loading class java/util/stream/LongPipeline$9
Event: 175.487 Loading class java/util/stream/LongPipeline$9 done
Event: 175.490 Loading class java/util/stream/Nodes$LongSpinedNodeBuilder
Event: 175.490 Loading class java/util/stream/SpinedBuffer$OfLong
Event: 175.491 Loading class java/util/stream/SpinedBuffer$OfLong done
Event: 175.491 Loading class java/util/stream/Nodes$LongSpinedNodeBuilder done
Event: 175.491 Loading class java/util/stream/LongPipeline$9$1
Event: 175.491 Loading class java/util/stream/LongPipeline$9$1 done

Classes unloaded (20 events):
Event: 18.121 Thread 0x00007122c00fc740 Unloading class 0x00000000449d7c00 'java/lang/invoke/LambdaForm$MH+0x00000000449d7c00'
Event: 18.121 Thread 0x00007122c00fc740 Unloading class 0x00000000449d7800 'java/lang/invoke/LambdaForm$MH+0x00000000449d7800'
Event: 18.121 Thread 0x00007122c00fc740 Unloading class 0x00000000449d7000 'java/lang/invoke/LambdaForm$MH+0x00000000449d7000'
Event: 18.121 Thread 0x00007122c00fc740 Unloading class 0x00000000449d6c00 'java/lang/invoke/LambdaForm$MH+0x00000000449d6c00'
Event: 18.121 Thread 0x00007122c00fc740 Unloading class 0x00000000449d6400 'java/lang/invoke/LambdaForm$BMH+0x00000000449d6400'
Event: 18.121 Thread 0x00007122c00fc740 Unloading class 0x00000000449d6000 'java/lang/invoke/LambdaForm$BMH+0x00000000449d6000'
Event: 18.121 Thread 0x00007122c00fc740 Unloading class 0x00000000449d5c00 'java/lang/invoke/LambdaForm$DMH+0x00000000449d5c00'
Event: 18.121 Thread 0x00007122c00fc740 Unloading class 0x00000000449d5800 'java/lang/invoke/LambdaForm$DMH+0x00000000449d5800'
Event: 18.121 Thread 0x00007122c00fc740 Unloading class 0x00000000449d4c00 'java/lang/invoke/LambdaForm$DMH+0x00000000449d4c00'
Event: 18.121 Thread 0x00007122c00fc740 Unloading class 0x00000000449d4400 'java/lang/invoke/LambdaForm$DMH+0x00000000449d4400'
Event: 18.121 Thread 0x00007122c00fc740 Unloading class 0x00000000449d4000 'java/lang/invoke/LambdaForm$DMH+0x00000000449d4000'
Event: 18.121 Thread 0x00007122c00fc740 Unloading class 0x0000000044834000 'java/lang/invoke/LambdaForm$MH+0x0000000044834000'
Event: 18.121 Thread 0x00007122c00fc740 Unloading class 0x0000000044785c00 'java/lang/invoke/LambdaForm$DMH+0x0000000044785c00'
Event: 18.121 Thread 0x00007122c00fc740 Unloading class 0x0000000044785800 'java/lang/invoke/LambdaForm$DMH+0x0000000044785800'
Event: 18.121 Thread 0x00007122c00fc740 Unloading class 0x0000000044785000 'java/lang/invoke/LambdaForm$DMH+0x0000000044785000'
Event: 18.121 Thread 0x00007122c00fc740 Unloading class 0x0000000044784c00 'java/lang/invoke/LambdaForm$DMH+0x0000000044784c00'
Event: 18.121 Thread 0x00007122c00fc740 Unloading class 0x0000000044785400 'java/lang/invoke/LambdaForm$DMH+0x0000000044785400'
Event: 18.121 Thread 0x00007122c00fc740 Unloading class 0x0000000044784800 'java/lang/invoke/LambdaForm$DMH+0x0000000044784800'
Event: 18.121 Thread 0x00007122c00fc740 Unloading class 0x0000000044784400 'java/lang/invoke/LambdaForm$DMH+0x0000000044784400'
Event: 18.121 Thread 0x00007122c00fc740 Unloading class 0x000000004477d800 'java/lang/invoke/LambdaForm$DMH+0x000000004477d800'

Classes redefined (0 events):
No events

Internal exceptions (20 events):
Event: 190.919 Thread 0x00007122c2a50eb0 Exception <a 'sun/nio/fs/UnixException'{0x000000065d01bea0}> (0x000000065d01bea0) 
thrown [src/hotspot/share/prims/jni.cpp, line 535]
Event: 190.919 Thread 0x0000712238288c30 Exception <a 'sun/nio/fs/UnixException'{0x000000065d01aad0}> (0x000000065d01aad0) 
thrown [src/hotspot/share/prims/jni.cpp, line 535]
Event: 190.919 Thread 0x00007122c2a50eb0 Exception <a 'sun/nio/fs/UnixException'{0x000000065d0217a8}> (0x000000065d0217a8) 
thrown [src/hotspot/share/prims/jni.cpp, line 535]
Event: 190.919 Thread 0x0000712238288c30 Exception <a 'sun/nio/fs/UnixException'{0x000000065d02fb70}> (0x000000065d02fb70) 
thrown [src/hotspot/share/prims/jni.cpp, line 535]
Event: 190.919 Thread 0x00007122c2a50eb0 Exception <a 'sun/nio/fs/UnixException'{0x000000065d032df8}> (0x000000065d032df8) 
thrown [src/hotspot/share/prims/jni.cpp, line 535]
Event: 190.919 Thread 0x0000712238288c30 Exception <a 'sun/nio/fs/UnixException'{0x000000065d0314b8}> (0x000000065d0314b8) 
thrown [src/hotspot/share/prims/jni.cpp, line 535]
Event: 190.920 Thread 0x00007122c2a50eb0 Exception <a 'sun/nio/fs/UnixException'{0x000000065d038700}> (0x000000065d038700) 
thrown [src/hotspot/share/prims/jni.cpp, line 535]
Event: 190.920 Thread 0x0000712238288c30 Exception <a 'sun/nio/fs/UnixException'{0x000000065d046310}> (0x000000065d046310) 
thrown [src/hotspot/share/prims/jni.cpp, line 535]
Event: 190.920 Thread 0x00007122c2a50eb0 Exception <a 'sun/nio/fs/UnixException'{0x000000065d048f68}> (0x000000065d048f68) 
thrown [src/hotspot/share/prims/jni.cpp, line 535]
Event: 190.920 Thread 0x0000712238288c30 Exception <a 'sun/nio/fs/UnixException'{0x000000065d0571a0}> (0x000000065d0571a0) 
thrown [src/hotspot/share/prims/jni.cpp, line 535]
Event: 190.920 Thread 0x00007122c2a50eb0 Exception <a 'sun/nio/fs/UnixException'{0x000000065d04e870}> (0x000000065d04e870) 
thrown [src/hotspot/share/prims/jni.cpp, line 535]
Event: 190.921 Thread 0x0000712238288c30 Exception <a 'sun/nio/fs/UnixException'{0x000000065d05ccf8}> (0x000000065d05ccf8) 
thrown [src/hotspot/share/prims/jni.cpp, line 535]
Event: 190.921 Thread 0x00007122c2a50eb0 Exception <a 'sun/nio/fs/UnixException'{0x000000065d05fec0}> (0x000000065d05fec0) 
thrown [src/hotspot/share/prims/jni.cpp, line 535]
Event: 190.921 Thread 0x0000712238288c30 Exception <a 'sun/nio/fs/UnixException'{0x000000065d05e640}> (0x000000065d05e640) 
thrown [src/hotspot/share/prims/jni.cpp, line 535]
Event: 190.921 Thread 0x00007122c2a50eb0 Exception <a 'sun/nio/fs/UnixException'{0x000000065d0657c8}> (0x000000065d0657c8) 
thrown [src/hotspot/share/prims/jni.cpp, line 535]
Event: 190.921 Thread 0x0000712238288c30 Exception <a 'sun/nio/fs/UnixException'{0x000000065d073720}> (0x000000065d073720) 
thrown [src/hotspot/share/prims/jni.cpp, line 535]
Event: 190.921 Thread 0x00007122c2a50eb0 Exception <a 'sun/nio/fs/UnixException'{0x000000065d076fa8}> (0x000000065d076fa8) 
thrown [src/hotspot/share/prims/jni.cpp, line 535]
Event: 190.922 Thread 0x0000712238288c30 Exception <a 'sun/nio/fs/UnixException'{0x000000065d086040}> (0x000000065d086040) 
thrown [src/hotspot/share/prims/jni.cpp, line 535]
Event: 190.922 Thread 0x00007122c2a50eb0 Exception <a 'sun/nio/fs/UnixException'{0x000000065d07c8b0}> (0x000000065d07c8b0) 
thrown [src/hotspot/share/prims/jni.cpp, line 535]
Event: 190.922 Thread 0x0000712238288c30 Exception <a 'sun/nio/fs/UnixException'{0x000000065d087988}> (0x000000065d087988) 
thrown [src/hotspot/share/prims/jni.cpp, line 535]

VM Operations (20 events):
Event: 180.109 Executing non-safepoint VM operation: RendezvousGCThreads
Event: 180.109 Executing non-safepoint VM operation: RendezvousGCThreads done
Event: 181.482 Executing safepoint VM operation: G1CollectForAllocation (G1 Evacuation Pause)
Event: 181.495 Executing safepoint VM operation: G1CollectForAllocation (G1 Evacuation Pause) done
Event: 181.732 Executing safepoint VM operation: G1PauseRemark
Event: 181.737 Executing safepoint VM operation: G1PauseRemark done
Event: 181.820 Executing safepoint VM operation: G1PauseCleanup
Event: 181.820 Executing safepoint VM operation: G1PauseCleanup done
Event: 183.296 Executing safepoint VM operation: G1CollectForAllocation (G1 Evacuation Pause)
Event: 183.310 Executing safepoint VM operation: G1CollectForAllocation (G1 Evacuation Pause) done
Event: 184.770 Executing safepoint VM operation: G1CollectForAllocation (G1 Evacuation Pause)
Event: 184.789 Executing safepoint VM operation: G1CollectForAllocation (G1 Evacuation Pause) done
Event: 187.466 Executing safepoint VM operation: G1CollectForAllocation (G1 Evacuation Pause)
Event: 187.479 Executing safepoint VM operation: G1CollectForAllocation (G1 Evacuation Pause) done
Event: 187.673 Executing safepoint VM operation: G1PauseRemark
Event: 187.678 Executing safepoint VM operation: G1PauseRemark done
Event: 187.745 Executing safepoint VM operation: G1PauseCleanup
Event: 187.745 Executing safepoint VM operation: G1PauseCleanup done
Event: 189.686 Executing safepoint VM operation: G1CollectForAllocation (G1 Evacuation Pause)
Event: 189.698 Executing safepoint VM operation: G1CollectForAllocation (G1 Evacuation Pause) done

Memory protections (20 events):
Event: 151.605 Protecting memory [0x0000712183d00000,0x0000712183d04000] with protection modes 0
Event: 152.824 Protecting memory [0x0000712183d00000,0x0000712183d04000] with protection modes 0
Event: 154.721 Protecting memory [0x0000712183d00000,0x0000712183d04000] with protection modes 0
Event: 155.174 Protecting memory [0x0000712183d00000,0x0000712183d04000] with protection modes 0
Event: 156.123 Protecting memory [0x0000712183d00000,0x0000712183d04000] with protection modes 0
Event: 156.145 Protecting memory [0x0000712180300000,0x0000712180304000] with protection modes 0
Event: 156.145 Protecting memory [0x000071225a5f6000,0x000071225a5fa000] with protection modes 0
Event: 159.673 Protecting memory [0x000071225aaf6000,0x000071225aafa000] with protection modes 0
Event: 160.510 Protecting memory [0x000071225aaf6000,0x000071225aafa000] with protection modes 0
Event: 160.510 Protecting memory [0x0000712183d00000,0x0000712183d04000] with protection modes 0
Event: 170.316 Protecting memory [0x0000712294000000,0x0000712294004000] with protection modes 0
Event: 174.119 Protecting memory [0x0000712294000000,0x0000712294004000] with protection modes 0
Event: 174.119 Protecting memory [0x0000712259ef6000,0x0000712259efa000] with protection modes 0
Event: 175.491 Protecting memory [0x0000712294000000,0x0000712294004000] with protection modes 0
Event: 175.517 Protecting memory [0x0000712259ef6000,0x0000712259efa000] with protection modes 0
Event: 175.522 Protecting memory [0x000071225aaf6000,0x000071225aafa000] with protection modes 0
Event: 183.169 Protecting memory [0x00007121b9900000,0x00007121b9904000] with protection modes 0
Event: 185.965 Protecting memory [0x00007121b9900000,0x00007121b9904000] with protection modes 0
Event: 186.674 Protecting memory [0x00007121b9900000,0x00007121b9904000] with protection modes 0
Event: 190.284 Protecting memory [0x00007121b9900000,0x00007121b9904000] with protection modes 0

Nmethod flushes (20 events):
Event: 187.677 Thread 0x00007122c00fc740 flushing  nmethod 0x00007122ad1c9f88
Event: 187.677 Thread 0x00007122c00fc740 flushing  nmethod 0x00007122ad3de208
Event: 187.677 Thread 0x00007122c00fc740 flushing  nmethod 0x00007122ae1e9188
Event: 187.677 Thread 0x00007122c00fc740 flushing  nmethod 0x00007122b47ef488
Event: 187.677 Thread 0x00007122c00fc740 flushing  nmethod 0x00007122b4e6a288
Event: 187.677 Thread 0x00007122c00fc740 flushing  nmethod 0x00007122add60d88
Event: 187.677 Thread 0x00007122c00fc740 flushing  nmethod 0x00007122adf6b308
Event: 187.677 Thread 0x00007122c00fc740 flushing  nmethod 0x00007122b4ba0908
Event: 187.677 Thread 0x00007122c00fc740 flushing  nmethod 0x00007122acd04e88
Event: 187.677 Thread 0x00007122c00fc740 flushing  nmethod 0x00007122acfc5608
Event: 187.677 Thread 0x00007122c00fc740 flushing  nmethod 0x00007122ad44b408
Event: 187.677 Thread 0x00007122c00fc740 flushing  nmethod 0x00007122ad885c88
Event: 187.677 Thread 0x00007122c00fc740 flushing  nmethod 0x00007122ad888188
Event: 187.677 Thread 0x00007122c00fc740 flushing  nmethod 0x00007122ada61088
Event: 187.677 Thread 0x00007122c00fc740 flushing  nmethod 0x00007122adc3b208
Event: 187.677 Thread 0x00007122c00fc740 flushing  nmethod 0x00007122adc3f288
Event: 187.677 Thread 0x00007122c00fc740 flushing  nmethod 0x00007122ae078b08
Event: 187.677 Thread 0x00007122c00fc740 flushing  nmethod 0x00007122acba7788
Event: 187.677 Thread 0x00007122c00fc740 flushing  nmethod 0x00007122ad38a788
Event: 187.677 Thread 0x00007122c00fc740 flushing  nmethod 0x00007122ada8e308

Events (20 events):
Event: 170.517 Thread 0x000071225c7deaf0 Thread exited: 0x000071225c7deaf0
Event: 174.119 Thread 0x00007122c0111090 Thread added: 0x000071225c214c00
Event: 174.119 Thread 0x00007122c0111090 Thread added: 0x000071225c4e2e60
Event: 174.352 Thread 0x000071225c4e2e60 Thread exited: 0x000071225c4e2e60
Event: 174.352 Thread 0x000071225c214c00 Thread exited: 0x000071225c214c00
Event: 175.491 Thread 0x000071225c2c7c40 Thread added: 0x00007120e8162d10
Event: 175.517 Thread 0x000071225c2c7c40 Thread added: 0x00007120e82524b0
Event: 175.522 Thread 0x000071225c2c7c40 Thread added: 0x00007120e8253ae0
Event: 175.664 Thread 0x00007120e8253ae0 Thread exited: 0x00007120e8253ae0
Event: 176.157 Thread 0x0000712104250670 Thread exited: 0x0000712104250670
Event: 176.321 Thread 0x00007120e82524b0 Thread exited: 0x00007120e82524b0
Event: 176.928 Thread 0x00007120e8162d10 Thread exited: 0x00007120e8162d10
Event: 179.836 Thread 0x000071225c2c7c40 Thread exited: 0x000071225c2c7c40
Event: 183.169 Thread 0x00007122c0111090 Thread added: 0x000071225c249850
Event: 183.916 Thread 0x000071225c249850 Thread exited: 0x000071225c249850
Event: 185.965 Thread 0x00007122c0111090 Thread added: 0x000071225c87cc90
Event: 186.159 Thread 0x000071225c87cc90 Thread exited: 0x000071225c87cc90
Event: 186.674 Thread 0x00007122c0111090 Thread added: 0x000071225c4e6110
Event: 187.118 Thread 0x000071225c4e6110 Thread exited: 0x000071225c4e6110
Event: 190.284 Thread 0x00007122c0111090 Thread added: 0x000071225c2dc380


Dynamic libraries:
41000000-41001000 ---p 00000000 00:00 0 
41001000-42ce6000 rw-p 00001000 103:02 24773647                          /home/tillman/snap/MCreator20262/jdk/lib/server/classes.jsa
42ce6000-43000000 ---p 00000000 00:00 0 
43000000-43040000 rw-p 00000000 00:00 0 
43040000-43060000 rw-p 00000000 00:00 0 
43060000-43140000 rw-p 00000000 00:00 0 
43140000-43180000 rw-p 00000000 00:00 0 
43180000-43400000 rw-p 00000000 00:00 0 
43400000-44040000 rw-p 00000000 00:00 0 
44040000-44070000 rw-p 00000000 00:00 0 
44070000-44080000 ---p 00000000 00:00 0 
44080000-44b50000 rw-p 00000000 00:00 0 
44b50000-83000000 ---p 00000000 00:00 0 
61bc00000-691800000 rw-p 00000000 00:00 0 
691800000-7f2c00000 ---p 00000000 00:00 0 
7f2c00000-7ffc00000 rw-p 00000000 00:00 0 
7ffc00000-7ffe57000 rw-p 01d55000 103:02 24773647                        /home/tillman/snap/MCreator20262/jdk/lib/server/classes.jsa
7ffe57000-800000000 rw-p 00000000 00:00 0 
5ad14e587000-5ad14e588000 r--p 00000000 103:02 24773746                  /home/tillman/snap/MCreator20262/jdk/bin/java
5ad14e588000-5ad14e589000 r-xp 00001000 103:02 24773746                  /home/tillman/snap/MCreator20262/jdk/bin/java
5ad14e589000-5ad14e58a000 r--p 00002000 103:02 24773746                  /home/tillman/snap/MCreator20262/jdk/bin/java
5ad14e58a000-5ad14e58b000 r--p 00002000 103:02 24773746                  /home/tillman/snap/MCreator20262/jdk/bin/java
5ad14e58b000-5ad14e58c000 rw-p 00003000 103:02 24773746                  /home/tillman/snap/MCreator20262/jdk/bin/java
5ad15fd0e000-5ad15fd5b000 rw-p 00000000 00:00 0                          [heap]
712098000000-712098064000 rw-p 00000000 00:00 0 
712098064000-71209c000000 ---p 00000000 00:00 0 
7120a0000000-7120a006a000 rw-p 00000000 00:00 0 
7120a006a000-7120a4000000 ---p 00000000 00:00 0 
7120a4000000-7120a50df000 rw-p 00000000 00:00 0 
7120a50df000-7120a8000000 ---p 00000000 00:00 0 
7120a8000000-7120a8065000 rw-p 00000000 00:00 0 
7120a8065000-7120ac000000 ---p 00000000 00:00 0 
7120aea00000-7120aec00000 rw-p 00000000 00:00 0 
7120aecd8000-7120af3fe000 rw-s 00000000 00:07 1323                       /dev/nvidiactl
7120af3fe000-7120b9400000 rw-p 00000000 00:00 0 
7120b9400000-7120bcc00000 rw-p 00000000 00:00 0 
7120bcdff000-7120c4e00000 rw-p 00000000 00:00 0 
7120c4e00000-7120c7e00000 rw-p 00000000 00:00 0 
7120c7fff000-7120d00a9000 rw-p 00000000 00:00 0 
7120d00a9000-7120d4000000 ---p 00000000 00:00 0 
7120d4000000-7120d4056000 rw-p 00000000 00:00 0 
7120d4056000-7120d8000000 ---p 00000000 00:00 0 
7120d8000000-7120d804e000 rw-p 00000000 00:00 0 
7120d804e000-7120dc000000 ---p 00000000 00:00 0 
7120dc000000-7120dc05c000 rw-p 00000000 00:00 0 
7120dc05c000-7120e0000000 ---p 00000000 00:00 0 
7120e0000000-7120e198c000 rw-p 00000000 00:00 0 
7120e198c000-7120e4000000 ---p 00000000 00:00 0 
7120e4000000-7120e43c9000 rw-p 00000000 00:00 0 
7120e43c9000-7120e8000000 ---p 00000000 00:00 0 
7120e8000000-7120e8d04000 rw-p 00000000 00:00 0 
7120e8d04000-7120ec000000 ---p 00000000 00:00 0 
7120ec000000-7120ec05b000 rw-p 00000000 00:00 0 
7120ec05b000-7120f0000000 ---p 00000000 00:00 0 
7120f0000000-7120f309b000 rw-p 00000000 00:00 0 
7120f309b000-7120f4000000 ---p 00000000 00:00 0 
7120f4000000-7120f4200000 rw-s 00000000 00:07 1323                       /dev/nvidiactl
7120f4200000-7120f4400000 rw-p 00000000 00:00 0 
7120f4500000-7120f4700000 rw-s 00000000 00:07 1323                       /dev/nvidiactl
7120f4700000-7120f4704000 ---p 00000000 00:00 0 
7120f4704000-7120f4800000 rw-p 00000000 00:00 0 
7120f4800000-7120f4804000 ---p 00000000 00:00 0 
7120f4804000-7120f4900000 rw-p 00000000 00:00 0 
7120f4900000-7120f4904000 ---p 00000000 00:00 0 
7120f4904000-7120f4a00000 rw-p 00000000 00:00 0 
7120f4a00000-7120f7c00000 rw-p 00000000 00:00 0 
7120f7c00000-7120f8000000 rw-s 00000000 00:07 1323                       /dev/nvidiactl
7120f8000000-7120f80a0000 rw-p 00000000 00:00 0 
7120f80a0000-7120fc000000 ---p 00000000 00:00 0 
7120fc07e000-7120fc082000 ---p 00000000 00:00 0 
7120fc082000-7120fc17e000 rw-p 00000000 00:00 0 
7120fc17e000-7120fc57e000 rw-s 00000000 00:07 1323                       /dev/nvidiactl
7120fc57e000-7120fc97e000 rw-s 00000000 00:07 1323                       /dev/nvidiactl
7120fc97e000-7120fcd7e000 rw-s 00000000 00:07 1323                       /dev/nvidiactl
7120fcd7e000-7120fd17e000 rw-s 00000000 00:07 1323                       /dev/nvidiactl
7120fd17e000-7120fe180000 rw-p 00000000 00:00 0 
7120fe180000-7120fe800000 rw-p 00000000 00:00 0 
7120fe800000-7120fe804000 ---p 00000000 00:00 0 
7120fe804000-7120fe900000 rw-p 00000000 00:00 0 
7120fe900000-712100000000 rw-p 00000000 00:00 0 
712100000000-712100040000 rw-p 00000000 00:00 0 
712100040000-712104000000 ---p 00000000 00:00 0 
712104000000-712105880000 rw-p 00000000 00:00 0 
712105880000-712108000000 ---p 00000000 00:00 0 
712108000000-712108073000 rw-p 00000000 00:00 0 
712108073000-71210c000000 ---p 00000000 00:00 0 
71210c000000-71210c06a000 rw-p 00000000 00:00 0 
71210c06a000-712110000000 ---p 00000000 00:00 0 
712110000000-7121100bf000 rw-p 00000000 00:00 0 
7121100bf000-712114000000 ---p 00000000 00:00 0 
712114000000-712114039000 rw-p 00000000 00:00 0 
712114039000-712118000000 ---p 00000000 00:00 0 
712118000000-712118063000 rw-p 00000000 00:00 0 
712118063000-71211c000000 ---p 00000000 00:00 0 
71211c000000-71211c200000 rw-s 00000000 00:07 1323                       /dev/nvidiactl
71211c200000-71211fa00000 rw-p 00000000 00:00 0 
71211fa00000-71211fa04000 ---p 00000000 00:00 0 
71211fa04000-71211fb00000 rw-p 00000000 00:00 0 
71211fb00000-712120000000 rw-p 00000000 00:00 0 
712120000000-71212008e000 rw-p 00000000 00:00 0 
71212008e000-712124000000 ---p 00000000 00:00 0 
712124000000-712124058000 rw-p 00000000 00:00 0 
712124058000-712128000000 ---p 00000000 00:00 0 
712128000000-712128095000 rw-p 00000000 00:00 0 
712128095000-71212c000000 ---p 00000000 00:00 0 
71212c000000-71212c06f000 rw-p 00000000 00:00 0 
71212c06f000-712130000000 ---p 00000000 00:00 0 
712130000000-71213007a000 rw-p 00000000 00:00 0 
71213007a000-712134000000 ---p 00000000 00:00 0 
712134000000-712134146000 rw-p 00000000 00:00 0 
712134146000-712138000000 ---p 00000000 00:00 0 
712138000000-712138021000 rw-p 00000000 00:00 0 
712138021000-71213c000000 ---p 00000000 00:00 0 
71213c000000-71213c069000 rw-p 00000000 00:00 0 
71213c069000-712140000000 ---p 00000000 00:00 0 
712140000000-712141ecb000 rw-p 00000000 00:00 0 
712141ecb000-712144000000 ---p 00000000 00:00 0 
712144000000-712144088000 rw-p 00000000 00:00 0 
712144088000-712148000000 ---p 00000000 00:00 0 
712148000000-71214967b000 rw-p 00000000 00:00 0 
71214967b000-71214c000000 ---p 00000000 00:00 0 
71214c080000-71214c084000 ---p 00000000 00:00 0 
71214c084000-71214c180000 rw-p 00000000 00:00 0 
71214c180000-71214c184000 ---p 00000000 00:00 0 
71214c184000-71214c280000 rw-p 00000000 00:00 0 
71214c280000-71214c284000 ---p 00000000 00:00 0 
71214c284000-71214c380000 rw-p 00000000 00:00 0 
71214c380000-712158000000 rw-p 00000000 00:00 0 
712158000000-712158700000 rw-p 00000000 00:00 0 
712158700000-712158800000 rw-p 00000000 00:00 0 
712158800000-71215a180000 rw-p 00000000 00:00 0 
71215a180000-71215a200000 rw-p 00000000 00:00 0 
71215a200000-71215b100000 rw-p 00000000 00:00 0 
71215b100000-71215b1d0000 rw-p 00000000 00:00 0 
71215b1d0000-71215b200000 ---p 00000000 00:00 0 
71215b200000-71215bfe0000 rw-p 00000000 00:00 0 
71215bfe0000-71215c000000 ---p 00000000 00:00 0 
71215c000000-71215c021000 rw-p 00000000 00:00 0 
71215c021000-712160004000 ---p 00000000 00:00 0 
712160004000-712160100000 rw-p 00000000 00:00 0 
712160100000-712160104000 ---p 00000000 00:00 0 
712160104000-712160200000 rw-p 00000000 00:00 0 
712160200000-712160400000 rw-p 00000000 00:00 0 
712160400000-712160404000 ---p 00000000 00:00 0 
712160404000-712160500000 rw-p 00000000 00:00 0 
712160500000-712160504000 ---p 00000000 00:00 0 
712160504000-712160600000 rw-p 00000000 00:00 0 
712160600000-712160604000 ---p 00000000 00:00 0 
712160604000-712160700000 rw-p 00000000 00:00 0 
712160700000-712160704000 ---p 00000000 00:00 0 
712160704000-712160800000 rw-p 00000000 00:00 0 
712160800000-71216080b000 r--p 00000000 103:02 20711218                  /usr/lib/x86_64-linux-gnu/libflite_cmu_us_kal16.so.2.2
71216080b000-71216080c000 r-xp 0000b000 103:02 20711218                  /usr/lib/x86_64-linux-gnu/libflite_cmu_us_kal16.so.2.2
71216080c000-712160bd1000 r--p 0000c000 103:02 20711218                  /usr/lib/x86_64-linux-gnu/libflite_cmu_us_kal16.so.2.2
712160bd1000-712160bd8000 r--p 003d1000 103:02 20711218                  /usr/lib/x86_64-linux-gnu/libflite_cmu_us_kal16.so.2.2
712160bd8000-712160bd9000 rw-p 003d8000 103:02 20711218                  /usr/lib/x86_64-linux-gnu/libflite_cmu_us_kal16.so.2.2
712160c00000-712164000000 rw-p 00000000 00:00 0 
712164000000-712164021000 rw-p 00000000 00:00 0 
712164021000-712168000000 ---p 00000000 00:00 0 
712168000000-712169924000 rw-p 00000000 00:00 0 
712169924000-71216c000000 ---p 00000000 00:00 0 
71216c000000-71216c021000 rw-p 00000000 00:00 0 
71216c021000-712170000000 ---p 00000000 00:00 0 
712170000000-712170021000 rw-p 00000000 00:00 0 
712170021000-712174000000 ---p 00000000 00:00 0 
712174000000-712175693000 rw-p 00000000 00:00 0 
712175693000-712178000000 ---p 00000000 00:00 0 
712178000000-71217ae97000 rw-p 00000000 00:00 0 
71217ae97000-71217c000000 ---p 00000000 00:00 0 
71217c000000-71217da2c000 rw-p 00000000 00:00 0 
71217da2c000-712180004000 ---p 00000000 00:00 0 
712180004000-712180100000 rw-p 00000000 00:00 0 
712180100000-712180104000 ---p 00000000 00:00 0 
712180104000-712180200000 rw-p 00000000 00:00 0 
712180200000-712180204000 ---p 00000000 00:00 0 
712180204000-712180300000 rw-p 00000000 00:00 0 
712180300000-712180304000 ---p 00000000 00:00 0 
712180304000-712180400000 rw-p 00000000 00:00 0 
712180400000-712180404000 ---p 00000000 00:00 0 
712180404000-712180500000 rw-p 00000000 00:00 0 
712180500000-712180700000 rw-s 00000000 00:07 1323                       /dev/nvidiactl
712180700000-712181400000 rw-p 00000000 00:00 0 
71218147e000-712181bfe000 rw-p 00000000 00:00 0 
712181bfe000-712182c00000 rw-p 00000000 00:00 0 
712182c00000-712182ca3000 r--p 00000000 103:02 20740663                  /usr/lib/x86_64-linux-gnu/libstdc++.so.6.0.35
712182ca3000-712182dfe000 r-xp 000a3000 103:02 20740663                  /usr/lib/x86_64-linux-gnu/libstdc++.so.6.0.35
712182dfe000-712182e8a000 r--p 001fe000 103:02 20740663                  /usr/lib/x86_64-linux-gnu/libstdc++.so.6.0.35
712182e8a000-712182e99000 r--p 0028a000 103:02 20740663                  /usr/lib/x86_64-linux-gnu/libstdc++.so.6.0.35
712182e99000-712182e9c000 rw-p 00299000 103:02 20740663                  /usr/lib/x86_64-linux-gnu/libstdc++.so.6.0.35
712182e9c000-712182ea0000 rw-p 00000000 00:00 0 
712182f01000-712182f2d000 r--p 00000000 103:02 20740059                  /usr/lib/x86_64-linux-gnu/libasound.so.2.0.0
712182f2d000-712182fd6000 r-xp 0002c000 103:02 20740059                  /usr/lib/x86_64-linux-gnu/libasound.so.2.0.0
712182fd6000-712183017000 r--p 000d5000 103:02 20740059                  /usr/lib/x86_64-linux-gnu/libasound.so.2.0.0
712183017000-71218301e000 r--p 00116000 103:02 20740059                  /usr/lib/x86_64-linux-gnu/libasound.so.2.0.0
71218301e000-71218301f000 rw-p 0011d000 103:02 20740059                  /usr/lib/x86_64-linux-gnu/libasound.so.2.0.0
71218301f000-712183177000 r-xp 00000000 00:2e 2189                       /tmp/lwjgl_tillman/3.4.1+2/x64/libopenal.so
712183177000-712183211000 r--p 00158000 00:2e 2189                       /tmp/lwjgl_tillman/3.4.1+2/x64/libopenal.so
712183211000-71218321b000 r--p 001f2000 00:2e 2189                       /tmp/lwjgl_tillman/3.4.1+2/x64/libopenal.so
71218321b000-71218321c000 rw-p 001fc000 00:2e 2189                       /tmp/lwjgl_tillman/3.4.1+2/x64/libopenal.so
71218321c000-712183300000 rw-p 00000000 00:00 0 
712183300000-712183500000 rw-s 00000000 00:07 1323                       /dev/nvidiactl
712183500000-712183504000 ---p 00000000 00:00 0 
712183504000-712183600000 rw-p 00000000 00:00 0 
712183600000-71218361e000 r-xp 00000000 103:02 23868949                  /home/tillman/.cache/JNA/temp/jna1271469019272754050.tmp (deleted)
71218361e000-71218381d000 ---p 0001e000 103:02 23868949                  /home/tillman/.cache/JNA/temp/jna1271469019272754050.tmp (deleted)
71218381d000-71218381e000 rw-p 0001d000 103:02 23868949                  /home/tillman/.cache/JNA/temp/jna1271469019272754050.tmp (deleted)
71218381e000-71218381f000 rw-p 00000000 00:00 0 
712183869000-712183870000 r--p 00000000 103:02 20711272                  /usr/lib/x86_64-linux-gnu/libflite_cmulex.so.2.2
712183870000-712183871000 r-xp 00007000 103:02 20711272                  /usr/lib/x86_64-linux-gnu/libflite_cmulex.so.2.2
712183871000-7121838fc000 r--p 00008000 103:02 20711272                  /usr/lib/x86_64-linux-gnu/libflite_cmulex.so.2.2
7121838fc000-7121838ff000 r--p 00092000 103:02 20711272                  /usr/lib/x86_64-linux-gnu/libflite_cmulex.so.2.2
7121838ff000-712183900000 rw-p 00095000 103:02 20711272                  /usr/lib/x86_64-linux-gnu/libflite_cmulex.so.2.2
712183900000-712183904000 ---p 00000000 00:00 0 
712183904000-712183a00000 rw-p 00000000 00:00 0 
712183a00000-712183a04000 ---p 00000000 00:00 0 
712183a04000-712183b00000 rw-p 00000000 00:00 0 
712183b00000-712183b04000 ---p 00000000 00:00 0 
712183b04000-712183c00000 rw-p 00000000 00:00 0 
712183c00000-712183c04000 ---p 00000000 00:00 0 
712183c04000-712183d00000 rw-p 00000000 00:00 0 
712183d00000-712183d04000 ---p 00000000 00:00 0 
712183d04000-712183e00000 rw-p 00000000 00:00 0 
712183e00000-712183e04000 ---p 00000000 00:00 0 
712183e04000-712183f00000 rw-p 00000000 00:00 0 
712183f00000-712183f04000 ---p 00000000 00:00 0 
712183f04000-712184000000 rw-p 00000000 00:00 0 
712184000000-712185501000 rw-p 00000000 00:00 0 
712185501000-712188000000 ---p 00000000 00:00 0 
712188000000-712188fee000 rw-p 00000000 00:00 0 
712188fee000-71218c000000 ---p 00000000 00:00 0 
71218c000000-71218c021000 rw-p 00000000 00:00 0 
71218c021000-712190000000 ---p 00000000 00:00 0 
712190000000-712190023000 rw-p 00000000 00:00 0 
712190023000-712194000000 ---p 00000000 00:00 0 
712194000000-712194021000 rw-p 00000000 00:00 0 
712194021000-712198000000 ---p 00000000 00:00 0 
712198000000-712198021000 rw-p 00000000 00:00 0 
712198021000-71219c000000 ---p 00000000 00:00 0 
71219c000000-71219c021000 rw-p 00000000 00:00 0 
71219c021000-7121a0000000 ---p 00000000 00:00 0 
7121a0000000-7121a00bd000 rw-p 00000000 00:00 0 
7121a00bd000-7121a4000000 ---p 00000000 00:00 0 
7121a4000000-7121a4139000 rw-p 00000000 00:00 0 
7121a4139000-7121a8000000 ---p 00000000 00:00 0 
7121a8000000-7121a803a000 rw-p 00000000 00:00 0 
7121a803a000-7121ac000000 ---p 00000000 00:00 0 
7121ac000000-7121ac187000 rw-p 00000000 00:00 0 
7121ac187000-7121b0000000 ---p 00000000 00:00 0 
7121b0000000-7121b00be000 rw-p 00000000 00:00 0 
7121b00be000-7121b4000000 ---p 00000000 00:00 0 
7121b4000000-7121b7677000 rw-p 00000000 00:00 0 
7121b7677000-7121b8000000 ---p 00000000 00:00 0 
7121b804f000-7121b8052000 r--p 00000000 103:02 20740550                  /usr/lib/x86_64-linux-gnu/libpcre2-8.so.0.14.0
7121b8052000-7121b80ce000 r-xp 00003000 103:02 20740550                  /usr/lib/x86_64-linux-gnu/libpcre2-8.so.0.14.0
7121b80ce000-7121b80f9000 r--p 0007f000 103:02 20740550                  /usr/lib/x86_64-linux-gnu/libpcre2-8.so.0.14.0
7121b80f9000-7121b80fa000 r--p 000a9000 103:02 20740550                  /usr/lib/x86_64-linux-gnu/libpcre2-8.so.0.14.0
7121b80fa000-7121b80fb000 rw-p 000aa000 103:02 20740550                  /usr/lib/x86_64-linux-gnu/libpcre2-8.so.0.14.0
7121b80fb000-7121b80ff000 ---p 00000000 00:00 0 
7121b80ff000-7121b81fb000 rw-p 00000000 00:00 0 
7121b81fb000-7121b81ff000 ---p 00000000 00:00 0 
7121b81ff000-7121b86ff000 rw-p 00000000 00:00 0 
7121b86ff000-7121b8703000 ---p 00000000 00:00 0 
7121b8703000-7121b87ff000 rw-p 00000000 00:00 0 
7121b87ff000-7121b8803000 ---p 00000000 00:00 0 
7121b8803000-7121b9100000 rw-p 00000000 00:00 0 
7121b9100000-7121b9104000 ---p 00000000 00:00 0 
7121b9104000-7121b9200000 rw-p 00000000 00:00 0 
7121b9200000-7121b9204000 ---p 00000000 00:00 0 
7121b9204000-7121b9300000 rw-p 00000000 00:00 0 
7121b9300000-7121b9304000 ---p 00000000 00:00 0 
7121b9304000-7121b9400000 rw-p 00000000 00:00 0 
7121b9400000-7121b9404000 ---p 00000000 00:00 0 
7121b9404000-7121b9500000 rw-p 00000000 00:00 0 
7121b9500000-7121b9504000 ---p 00000000 00:00 0 
7121b9504000-7121b9600000 rw-p 00000000 00:00 0 
7121b9600000-7121b9604000 ---p 00000000 00:00 0 
7121b9604000-7121b9700000 rw-p 00000000 00:00 0 
7121b9700000-7121b9900000 rw-s 00000000 00:07 1323                       /dev/nvidiactl
7121b9900000-7121b9904000 ---p 00000000 00:00 0 
7121b9904000-7121b9a00000 rw-p 00000000 00:00 0 
7121b9a00000-7121b9a04000 ---p 00000000 00:00 0 
7121b9a04000-7121b9b00000 rw-p 00000000 00:00 0 
7121b9b00000-7121ba400000 rw-p 00000000 00:00 0 
7121ba400000-7121ba714000 r--p 00000000 103:02 20711729                  /usr/lib/x86_64-linux-gnu/libnvidia-gpucomp.so.595.71.05
7121ba714000-7121be642000 r-xp 00314000 103:02 20711729                  /usr/lib/x86_64-linux-gnu/libnvidia-gpucomp.so.595.71.05
7121be642000-7121bfa71000 r--p 04242000 103:02 20711729                  /usr/lib/x86_64-linux-gnu/libnvidia-gpucomp.so.595.71.05
7121bfa71000-7121bfa72000 ---p 05671000 103:02 20711729                  /usr/lib/x86_64-linux-gnu/libnvidia-gpucomp.so.595.71.05
7121bfa72000-7121bfc7e000 r--p 05671000 103:02 20711729                  /usr/lib/x86_64-linux-gnu/libnvidia-gpucomp.so.595.71.05
7121bfc7e000-7121bfdb8000 rw-p 0587d000 103:02 20711729                  /usr/lib/x86_64-linux-gnu/libnvidia-gpucomp.so.595.71.05
7121bfdb8000-7121bfe64000 rw-p 00000000 00:00 0 
7121bfe70000-7121bfe83000 r--p 00000000 103:02 20711276                  /usr/lib/x86_64-linux-gnu/libflite_usenglish.so.2.2
7121bfe83000-7121bfe88000 r-xp 00013000 103:02 20711276                  /usr/lib/x86_64-linux-gnu/libflite_usenglish.so.2.2
7121bfe88000-7121bfe8e000 r--p 00018000 103:02 20711276                  /usr/lib/x86_64-linux-gnu/libflite_usenglish.so.2.2
7121bfe8e000-7121bfe99000 r--p 0001e000 103:02 20711276                  /usr/lib/x86_64-linux-gnu/libflite_usenglish.so.2.2
7121bfe99000-7121bfe9a000 rw-p 00029000 103:02 20711276                  /usr/lib/x86_64-linux-gnu/libflite_usenglish.so.2.2
7121bfe9a000-7121bfea5000 r--p 00000000 103:02 20711188                  /usr/lib/x86_64-linux-gnu/libflite.so.2.2
7121bfea5000-7121bfec7000 r-xp 0000b000 103:02 20711188                  /usr/lib/x86_64-linux-gnu/libflite.so.2.2
7121bfec7000-7121bfed2000 r--p 0002d000 103:02 20711188                  /usr/lib/x86_64-linux-gnu/libflite.so.2.2
7121bfed2000-7121bfed4000 r--p 00037000 103:02 20711188                  /usr/lib/x86_64-linux-gnu/libflite.so.2.2
7121bfed4000-7121bfed5000 rw-p 00039000 103:02 20711188                  /usr/lib/x86_64-linux-gnu/libflite.so.2.2
7121bfed5000-7121bfed9000 r--p 00000000 103:02 20743448                  /usr/lib/x86_64-linux-gnu/pipewire-0.3/libpipewire-module-session-manager.so
7121bfed9000-7121bfef8000 r-xp 00004000 103:02 20743448                  /usr/lib/x86_64-linux-gnu/pipewire-0.3/libpipewire-module-session-manager.so
7121bfef8000-7121bfefd000 r--p 00023000 103:02 20743448                  /usr/lib/x86_64-linux-gnu/pipewire-0.3/libpipewire-module-session-manager.so
7121bfefd000-7121bfeff000 r--p 00027000 103:02 20743448                  /usr/lib/x86_64-linux-gnu/pipewire-0.3/libpipewire-module-session-manager.so
7121bfeff000-7121bff00000 rw-p 00029000 103:02 20743448                  /usr/lib/x86_64-linux-gnu/pipewire-0.3/libpipewire-module-session-manager.so
7121bff00000-7121bff04000 ---p 00000000 00:00 0 
7121bff04000-7121c0000000 rw-p 00000000 00:00 0 
7121c0000000-7121c1d6a000 rw-p 00000000 00:00 0 
7121c1d6a000-7121c4000000 ---p 00000000 00:00 0 
7121c401c000-7121c4041000 r--p 00000000 103:02 20740557                  /usr/lib/x86_64-linux-gnu/libpipewire-0.3.so.0.1602.0
7121c4041000-7121c40c6000 r-xp 00025000 103:02 20740557                  /usr/lib/x86_64-linux-gnu/libpipewire-0.3.so.0.1602.0
7121c40c6000-7121c40e2000 r--p 000aa000 103:02 20740557                  /usr/lib/x86_64-linux-gnu/libpipewire-0.3.so.0.1602.0
7121c40e2000-7121c40fd000 r--p 000c6000 103:02 20740557                  /usr/lib/x86_64-linux-gnu/libpipewire-0.3.so.0.1602.0
7121c40fd000-7121c40fe000 rw-p 000e1000 103:02 20740557                  /usr/lib/x86_64-linux-gnu/libpipewire-0.3.so.0.1602.0
7121c40fe000-7121c40ff000 rw-p 00000000 00:00 0 
7121c40ff000-7121c4103000 ---p 00000000 00:00 0 
7121c4103000-7121c4a00000 rw-p 00000000 00:00 0 
7121c4a00000-7121c5800000 rw-p 00000000 00:00 0 
7121c5800000-7121c5a50000 r-xp 00000000 103:02 20711726                  /usr/lib/x86_64-linux-gnu/libnvidia-glcore.so.595.71.05
7121c5a50000-7121c5a71000 rwxp 00250000 103:02 20711726                  /usr/lib/x86_64-linux-gnu/libnvidia-glcore.so.595.71.05
7121c5a71000-7121c5c00000 r-xp 00271000 103:02 20711726                  /usr/lib/x86_64-linux-gnu/libnvidia-glcore.so.595.71.05
7121c5c00000-7121c6800000 r-xp 00400000 103:02 20711726                  /usr/lib/x86_64-linux-gnu/libnvidia-glcore.so.595.71.05
7121c6800000-7121c7c26000 r-xp 01000000 103:02 20711726                  /usr/lib/x86_64-linux-gnu/libnvidia-glcore.so.595.71.05
7121c7c26000-7121c7c27000 ---p 02426000 103:02 20711726                  /usr/lib/x86_64-linux-gnu/libnvidia-glcore.so.595.71.05
7121c7c27000-7121c7d9e000 r--p 02426000 103:02 20711726                  /usr/lib/x86_64-linux-gnu/libnvidia-glcore.so.595.71.05
7121c7d9e000-7121c7e01000 rw-p 0259d000 103:02 20711726                  /usr/lib/x86_64-linux-gnu/libnvidia-glcore.so.595.71.05
7121c7e01000-7121c7e20000 rw-p 00000000 00:00 0 
7121c7e2b000-7121c7e2e000 r--p 00000000 103:02 20743427                  /usr/lib/x86_64-linux-gnu/pipewire-0.3/libpipewire-module-metadata.so
7121c7e2e000-7121c7e38000 r-xp 00003000 103:02 20743427                  /usr/lib/x86_64-linux-gnu/pipewire-0.3/libpipewire-module-metadata.so
7121c7e38000-7121c7e3a000 r--p 0000d000 103:02 20743427                  /usr/lib/x86_64-linux-gnu/pipewire-0.3/libpipewire-module-metadata.so
7121c7e3a000-7121c7e3b000 r--p 0000e000 103:02 20743427                  /usr/lib/x86_64-linux-gnu/pipewire-0.3/libpipewire-module-metadata.so
7121c7e3b000-7121c7e3c000 rw-p 0000f000 103:02 20743427                  /usr/lib/x86_64-linux-gnu/pipewire-0.3/libpipewire-module-metadata.so
7121c7e3c000-7121c7e3e000 r--p 00000000 103:02 20743415                  /usr/lib/x86_64-linux-gnu/pipewire-0.3/libpipewire-module-adapter.so
7121c7e3e000-7121c7e42000 r-xp 00002000 103:02 20743415                  /usr/lib/x86_64-linux-gnu/pipewire-0.3/libpipewire-module-adapter.so
7121c7e42000-7121c7e44000 r--p 00006000 103:02 20743415                  /usr/lib/x86_64-linux-gnu/pipewire-0.3/libpipewire-module-adapter.so
7121c7e44000-7121c7e45000 r--p 00007000 103:02 20743415                  /usr/lib/x86_64-linux-gnu/pipewire-0.3/libpipewire-module-adapter.so
7121c7e45000-7121c7e46000 rw-p 00008000 103:02 20743415                  /usr/lib/x86_64-linux-gnu/pipewire-0.3/libpipewire-module-adapter.so
7121c7e46000-7121c7e4a000 r--p 00000000 103:02 20743418                  /usr/lib/x86_64-linux-gnu/pipewire-0.3/libpipewire-module-client-node.so
7121c7e4a000-7121c7e65000 r-xp 00004000 103:02 20743418                  /usr/lib/x86_64-linux-gnu/pipewire-0.3/libpipewire-module-client-node.so
7121c7e65000-7121c7e6a000 r--p 0001f000 103:02 20743418                  /usr/lib/x86_64-linux-gnu/pipewire-0.3/libpipewire-module-client-node.so
7121c7e6a000-7121c7e6c000 r--p 00023000 103:02 20743418                  /usr/lib/x86_64-linux-gnu/pipewire-0.3/libpipewire-module-client-node.so
7121c7e6c000-7121c7e6d000 rw-p 00025000 103:02 20743418                  /usr/lib/x86_64-linux-gnu/pipewire-0.3/libpipewire-module-client-node.so
7121c7e6d000-7121c7e74000 r--p 00000000 103:02 20740626                  /usr/lib/x86_64-linux-gnu/libselinux.so.1
7121c7e74000-7121c7e95000 r-xp 00007000 103:02 20740626                  /usr/lib/x86_64-linux-gnu/libselinux.so.1
7121c7e95000-7121c7e9c000 r--p 00028000 103:02 20740626                  /usr/lib/x86_64-linux-gnu/libselinux.so.1
7121c7e9c000-7121c7e9d000 r--p 0002f000 103:02 20740626                  /usr/lib/x86_64-linux-gnu/libselinux.so.1
7121c7e9d000-7121c7e9e000 rw-p 00030000 103:02 20740626                  /usr/lib/x86_64-linux-gnu/libselinux.so.1
7121c7e9e000-7121c7ea0000 rw-p 00000000 00:00 0 
7121c7ea1000-7121c7ea3000 r--p 00000000 103:02 20743417                  /usr/lib/x86_64-linux-gnu/pipewire-0.3/libpipewire-module-client-device.so
7121c7ea3000-7121c7eb0000 r-xp 00002000 103:02 20743417                  /usr/lib/x86_64-linux-gnu/pipewire-0.3/libpipewire-module-client-device.so
7121c7eb0000-7121c7eb1000 r--p 0000f000 103:02 20743417                  /usr/lib/x86_64-linux-gnu/pipewire-0.3/libpipewire-module-client-device.so
7121c7eb1000-7121c7eb2000 r--p 00010000 103:02 20743417                  /usr/lib/x86_64-linux-gnu/pipewire-0.3/libpipewire-module-client-device.so
7121c7eb2000-7121c7eb3000 rw-p 00011000 103:02 20743417                  /usr/lib/x86_64-linux-gnu/pipewire-0.3/libpipewire-module-client-device.so
7121c7eb3000-7121c7ec0000 r--p 00000000 103:02 20743434                  /usr/lib/x86_64-linux-gnu/pipewire-0.3/libpipewire-module-protocol-native.so
7121c7ec0000-7121c7edf000 r-xp 0000d000 103:02 20743434                  /usr/lib/x86_64-linux-gnu/pipewire-0.3/libpipewire-module-protocol-native.so
7121c7edf000-7121c7eea000 r--p 0002c000 103:02 20743434                  /usr/lib/x86_64-linux-gnu/pipewire-0.3/libpipewire-module-protocol-native.so
7121c7eea000-7121c7ef5000 r--p 00036000 103:02 20743434                  /usr/lib/x86_64-linux-gnu/pipewire-0.3/libpipewire-module-protocol-native.so
7121c7ef5000-7121c7ef6000 rw-p 00041000 103:02 20743434                  /usr/lib/x86_64-linux-gnu/pipewire-0.3/libpipewire-module-protocol-native.so
7121c7ef6000-7121c7ef8000 r--p 00000000 103:02 20743442                  /usr/lib/x86_64-linux-gnu/pipewire-0.3/libpipewire-module-rt.so
7121c7ef8000-7121c7efc000 r-xp 00002000 103:02 20743442                  /usr/lib/x86_64-linux-gnu/pipewire-0.3/libpipewire-module-rt.so
7121c7efc000-7121c7efe000 r--p 00006000 103:02 20743442                  /usr/lib/x86_64-linux-gnu/pipewire-0.3/libpipewire-module-rt.so
7121c7efe000-7121c7eff000 r--p 00007000 103:02 20743442                  /usr/lib/x86_64-linux-gnu/pipewire-0.3/libpipewire-module-rt.so
7121c7eff000-7121c7f00000 rw-p 00008000 103:02 20743442                  /usr/lib/x86_64-linux-gnu/pipewire-0.3/libpipewire-module-rt.so
7121c7f00000-7121c8000000 rw-s 00000000 00:07 1323                       /dev/nvidiactl
7121c8000000-7121c9297000 rw-p 00000000 00:00 0 
7121c9297000-7121cc000000 ---p 00000000 00:00 0 
7121cc000000-7121cc557000 rw-p 00000000 00:00 0 
7121cc557000-7121d0000000 ---p 00000000 00:00 0 
7121d0000000-7121d0036000 rw-p 00000000 00:00 0 
7121d0036000-7121d4000000 ---p 00000000 00:00 0 
7121d4000000-7121d576a000 rw-p 00000000 00:00 0 
7121d576a000-7121d8000000 ---p 00000000 00:00 0 
7121d8000000-7121d9b90000 rw-p 00000000 00:00 0 
7121d9b90000-7121dc000000 ---p 00000000 00:00 0 
7121dc000000-7121de4c6000 rw-p 00000000 00:00 0 
7121de4c6000-7121e0000000 ---p 00000000 00:00 0 
7121e0000000-7121e01b6000 rw-p 00000000 00:00 0 
7121e01b6000-7121e4000000 ---p 00000000 00:00 0 
7121e4000000-7121e5975000 rw-p 00000000 00:00 0 
7121e5975000-7121e8000000 ---p 00000000 00:00 0 
7121e8000000-7121e961f000 rw-p 00000000 00:00 0 
7121e961f000-7121ec000000 ---p 00000000 00:00 0 
7121ec000000-7121eee9e000 rw-p 00000000 00:00 0 
7121eee9e000-7121f0000000 ---p 00000000 00:00 0 
7121f0000000-7121f264e000 rw-p 00000000 00:00 0 
7121f264e000-7121f4000000 ---p 00000000 00:00 0 
7121f4000000-7121f5ce6000 rw-p 00000000 00:00 0 
7121f5ce6000-7121f8000000 ---p 00000000 00:00 0 
7121f8000000-7121f9306000 rw-p 00000000 00:00 0 
7121f9306000-7121fc000000 ---p 00000000 00:00 0 
7121fc000000-7121fdb6e000 rw-p 00000000 00:00 0 
7121fdb6e000-712200000000 ---p 00000000 00:00 0 
712200000000-712200021000 rw-p 00000000 00:00 0 
712200021000-712204000000 ---p 00000000 00:00 0 
712204000000-712204045000 rw-p 00000000 00:00 0 
712204045000-712208000000 ---p 00000000 00:00 0 
712208000000-712208022000 rw-p 00000000 00:00 0 
712208022000-71220c000000 ---p 00000000 00:00 0 
71220c000000-71220c030000 rw-p 00000000 00:00 0 
71220c030000-712210000000 ---p 00000000 00:00 0 
712210000000-712210021000 rw-p 00000000 00:00 0 
712210021000-712214000000 ---p 00000000 00:00 0 
712214000000-712214021000 rw-p 00000000 00:00 0 
712214021000-712218000000 ---p 00000000 00:00 0 
712218000000-712218021000 rw-p 00000000 00:00 0 
712218021000-71221c000000 ---p 00000000 00:00 0 
71221c000000-71221c021000 rw-p 00000000 00:00 0 
71221c021000-712220000000 ---p 00000000 00:00 0 
712220000000-712220035000 rw-p 00000000 00:00 0 
712220035000-712224000000 ---p 00000000 00:00 0 
712224000000-712224021000 rw-p 00000000 00:00 0 
712224021000-712228000000 ---p 00000000 00:00 0 
712228000000-712228762000 rw-p 00000000 00:00 0 
712228762000-71222c000000 ---p 00000000 00:00 0 
71222c000000-71222c04a000 rw-p 00000000 00:00 0 
71222c04a000-712230000000 ---p 00000000 00:00 0 
712230000000-712230021000 rw-p 00000000 00:00 0 
712230021000-712234000000 ---p 00000000 00:00 0 
712234000000-712234021000 rw-p 00000000 00:00 0 
712234021000-712238000000 ---p 00000000 00:00 0 
712238000000-7122396eb000 rw-p 00000000 00:00 0 
7122396eb000-71223c000000 ---p 00000000 00:00 0 
71223c000000-71223c021000 rw-p 00000000 00:00 0 
71223c021000-712240000000 ---p 00000000 00:00 0 
712240000000-712241fd9000 rw-p 00000000 00:00 0 
712241fd9000-712244000000 ---p 00000000 00:00 0 
712244000000-712245bd8000 rw-p 00000000 00:00 0 
712245bd8000-712248000000 ---p 00000000 00:00 0 
712248000000-71224a517000 rw-p 00000000 00:00 0 
71224a517000-71224c000000 ---p 00000000 00:00 0 
71224c000000-71224da18000 rw-p 00000000 00:00 0 
71224da18000-712250000000 ---p 00000000 00:00 0 
712250000000-712250021000 rw-p 00000000 00:00 0 
712250021000-712254000000 ---p 00000000 00:00 0 
712254000000-712256287000 rw-p 00000000 00:00 0 
712256287000-712258000000 ---p 00000000 00:00 0 
712258008000-71225800d000 r--p 00000000 103:02 20841065                  /usr/lib/x86_64-linux-gnu/spa-0.2/support/libspa-support.so
71225800d000-712258028000 r-xp 00005000 103:02 20841065                  /usr/lib/x86_64-linux-gnu/spa-0.2/support/libspa-support.so
712258028000-71225802e000 r--p 00020000 103:02 20841065                  /usr/lib/x86_64-linux-gnu/spa-0.2/support/libspa-support.so
71225802e000-712258036000 r--p 00025000 103:02 20841065                  /usr/lib/x86_64-linux-gnu/spa-0.2/support/libspa-support.so
712258036000-712258037000 rw-p 0002d000 103:02 20841065                  /usr/lib/x86_64-linux-gnu/spa-0.2/support/libspa-support.so
712258037000-71225803b000 r--p 00000000 103:02 20740247                  /usr/lib/x86_64-linux-gnu/libgcc_s.so.1
71225803b000-71225805f000 r-xp 00004000 103:02 20740247                  /usr/lib/x86_64-linux-gnu/libgcc_s.so.1
71225805f000-712258063000 r--p 00028000 103:02 20740247                  /usr/lib/x86_64-linux-gnu/libgcc_s.so.1
712258063000-712258064000 r--p 0002c000 103:02 20740247                  /usr/lib/x86_64-linux-gnu/libgcc_s.so.1
712258064000-712258065000 rw-p 0002d000 103:02 20740247                  /usr/lib/x86_64-linux-gnu/libgcc_s.so.1
71225806a000-71225806c000 r--p 00000000 103:02 20841063                  /usr/lib/x86_64-linux-gnu/spa-0.2/support/libspa-dbus.so
71225806c000-71225806f000 r-xp 00002000 103:02 20841063                  /usr/lib/x86_64-linux-gnu/spa-0.2/support/libspa-dbus.so
71225806f000-712258070000 r--p 00005000 103:02 20841063                  /usr/lib/x86_64-linux-gnu/spa-0.2/support/libspa-dbus.so
712258070000-712258071000 r--p 00005000 103:02 20841063                  /usr/lib/x86_64-linux-gnu/spa-0.2/support/libspa-dbus.so
712258071000-712258072000 rw-p 00006000 103:02 20841063                  /usr/lib/x86_64-linux-gnu/spa-0.2/support/libspa-dbus.so
712258072000-712258073000 r--p 00000000 103:02 20841064                  /usr/lib/x86_64-linux-gnu/spa-0.2/support/libspa-journal.so
712258073000-712258075000 r-xp 00001000 103:02 20841064                  /usr/lib/x86_64-linux-gnu/spa-0.2/support/libspa-journal.so
712258075000-712258076000 r--p 00003000 103:02 20841064                  /usr/lib/x86_64-linux-gnu/spa-0.2/support/libspa-journal.so
712258076000-712258077000 r--p 00003000 103:02 20841064                  /usr/lib/x86_64-linux-gnu/spa-0.2/support/libspa-journal.so
712258077000-712258078000 rw-p 00004000 103:02 20841064                  /usr/lib/x86_64-linux-gnu/spa-0.2/support/libspa-journal.so
712258078000-71225807f000 r--s 00000000 103:02 20741816                  /usr/lib/x86_64-linux-gnu/gconv/gconv-modules.cache
71225807f000-712258087000 r--p 00000000 103:02 20740706                  /usr/lib/x86_64-linux-gnu/libudev.so.1.7.12
712258087000-7122580ae000 r-xp 00008000 103:02 20740706                  /usr/lib/x86_64-linux-gnu/libudev.so.1.7.12
7122580ae000-7122580c0000 r--p 0002f000 103:02 20740706                  /usr/lib/x86_64-linux-gnu/libudev.so.1.7.12
7122580c0000-7122580c5000 r--p 00041000 103:02 20740706                  /usr/lib/x86_64-linux-gnu/libudev.so.1.7.12
7122580c5000-7122580c6000 rw-p 00046000 103:02 20740706                  /usr/lib/x86_64-linux-gnu/libudev.so.1.7.12
7122580c6000-7122580c9000 r--p 00000000 103:02 20739828                  /usr/lib/x86_64-linux-gnu/libEGL.so.1.1.0
7122580c9000-7122580d3000 r-xp 00003000 103:02 20739828                  /usr/lib/x86_64-linux-gnu/libEGL.so.1.1.0
7122580d3000-7122580d7000 r--p 0000d000 103:02 20739828                  /usr/lib/x86_64-linux-gnu/libEGL.so.1.1.0
7122580d7000-7122580d8000 r--p 00010000 103:02 20739828                  /usr/lib/x86_64-linux-gnu/libEGL.so.1.1.0
7122580d8000-7122580d9000 rw-p 00011000 103:02 20739828                  /usr/lib/x86_64-linux-gnu/libEGL.so.1.1.0
7122580db000-7122580df000 r--p 00000000 103:02 24773526                  /home/tillman/snap/MCreator20262/jdk/lib/libverify.so
7122580df000-7122580e7000 r-xp 00004000 103:02 24773526                  /home/tillman/snap/MCreator20262/jdk/lib/libverify.so
7122580e7000-7122580e9000 r--p 0000c000 103:02 24773526                  /home/tillman/snap/MCreator20262/jdk/lib/libverify.so
7122580e9000-7122580eb000 r--p 0000d000 103:02 24773526                  /home/tillman/snap/MCreator20262/jdk/lib/libverify.so
7122580eb000-7122580ec000 rw-p 00000000 00:00 0 
7122580ec000-712258101000 r-xp 00000000 00:2e 2182                       /tmp/lwjgl_tillman/3.4.1+2/x64/liblwjgl_opengl.so
712258101000-712258144000 r--p 00015000 00:2e 2182                       /tmp/lwjgl_tillman/3.4.1+2/x64/liblwjgl_opengl.so
712258144000-712258145000 r--p 00057000 00:2e 2182                       /tmp/lwjgl_tillman/3.4.1+2/x64/liblwjgl_opengl.so
712258145000-712258146000 rw-p 00058000 00:2e 2182                       /tmp/lwjgl_tillman/3.4.1+2/x64/liblwjgl_opengl.so
712258147000-712258148000 rw-p 00000000 00:00 0 
712258148000-712258149000 r-xp 00000000 00:2e 10353                      /tmp/ffiaweJqN (deleted)
712258149000-71225814b000 rw-p 00000000 00:00 0 
71225814b000-71225814c000 rw-p 00000000 00:00 0 
71225814c000-712258150000 rw-s 00000000 00:07 1323                       /dev/nvidiactl
712258150000-712258163000 rw-s 00000000 00:07 1323                       /dev/nvidiactl
712258163000-712258164000 rw-s 00000000 00:07 1324                       /dev/nvidia0
712258164000-712258166000 rw-s 00000000 00:07 1323                       /dev/nvidiactl
712258166000-7122581a6000 rw-s 00000000 00:07 1323                       /dev/nvidiactl
7122581a6000-7122581c6000 rw-s 00000000 00:07 1323                       /dev/nvidiactl
7122581c6000-712258206000 rw-s 00000000 00:07 1323                       /dev/nvidiactl
712258206000-712258246000 rw-s 00000000 00:07 1323                       /dev/nvidiactl
712258246000-71225824a000 ---p 00000000 00:00 0 
71225824a000-712258346000 rw-p 00000000 00:00 0 
712258346000-712258366000 rw-s 00000000 00:07 1323                       /dev/nvidiactl
712258366000-7122583e9000 r-xp 00000000 00:2e 2181                       /tmp/lwjgl_tillman/3.4.1+2/x64/liblwjgl_stb.so
7122583e9000-7122583fe000 r--p 00083000 00:2e 2181                       /tmp/lwjgl_tillman/3.4.1+2/x64/liblwjgl_stb.so
7122583fe000-7122583ff000 r--p 00097000 00:2e 2181                       /tmp/lwjgl_tillman/3.4.1+2/x64/liblwjgl_stb.so
7122583ff000-712258400000 rw-p 00098000 00:2e 2181                       /tmp/lwjgl_tillman/3.4.1+2/x64/liblwjgl_stb.so
712258400000-712258800000 rw-p 00000000 00:00 0 
712258804000-712258864000 r-xp 00000000 00:2e 2180                       /tmp/lwjgl_tillman/3.4.1+2/x64/libjemalloc.so
712258864000-71225887d000 r--p 00060000 00:2e 2180                       /tmp/lwjgl_tillman/3.4.1+2/x64/libjemalloc.so
71225887d000-712258884000 r--p 00078000 00:2e 2180                       /tmp/lwjgl_tillman/3.4.1+2/x64/libjemalloc.so
712258884000-712258885000 rw-p 0007f000 00:2e 2180                       /tmp/lwjgl_tillman/3.4.1+2/x64/libjemalloc.so
712258885000-712258a8f000 rw-p 00000000 00:00 0 
712258a8f000-712258b0f000 rw-s 00000000 00:07 1323                       /dev/nvidiactl
712258b14000-712258b1d000 rw-s 00008000 00:01 47159                      /memfd:pipewire-memfd:flags=0x0000000f,type=2,size=65664 (deleted)
712258b1d000-712258b26000 rw-s 00000000 00:01 47159                      /memfd:pipewire-memfd:flags=0x0000000f,type=2,size=65664 (deleted)
712258b26000-712258b32000 r--p 00000000 103:02 20841042                  /usr/lib/x86_64-linux-gnu/spa-0.2/audioconvert/libspa-audioconvert.so
712258b32000-712258b93000 r-xp 0000c000 103:02 20841042                  /usr/lib/x86_64-linux-gnu/spa-0.2/audioconvert/libspa-audioconvert.so
712258b93000-712258bfe000 r--p 0006d000 103:02 20841042                  /usr/lib/x86_64-linux-gnu/spa-0.2/audioconvert/libspa-audioconvert.so
712258bfe000-712258c0c000 r--p 000d7000 103:02 20841042                  /usr/lib/x86_64-linux-gnu/spa-0.2/audioconvert/libspa-audioconvert.so
712258c0c000-712258c0f000 rw-p 000e5000 103:02 20841042                  /usr/lib/x86_64-linux-gnu/spa-0.2/audioconvert/libspa-audioconvert.so
712258c0f000-712258c8f000 rw-s 00000000 00:07 1323                       /dev/nvidiactl
712258c8f000-712258ccf000 rw-s 00000000 00:07 1323                       /dev/nvidiactl
712258ccf000-712258cef000 rw-s 00000000 00:07 1323                       /dev/nvidiactl
712258cef000-712258d2f000 rw-s 00000000 00:07 1323                       /dev/nvidiactl
712258d2f000-712258d4f000 rw-s 00000000 00:07 1323                       /dev/nvidiactl
712258d4f000-712258dcf000 rw-s 00000000 00:07 1324                       /dev/nvidia0
712258dcf000-712258e0f000 rw-s 00000000 00:07 1323                       /dev/nvidiactl
712258e0f000-712258e2f000 rw-s 00000000 00:07 1323                       /dev/nvidiactl
712258e2f000-712258ede000 rw-p 00000000 00:00 0 
712258ede000-712258ee2000 r--p 00000000 103:02 20711707                  /usr/lib/x86_64-linux-gnu/libnvidia-allocator.so.595.71.05
712258ee2000-712258efb000 r-xp 00004000 103:02 20711707                  /usr/lib/x86_64-linux-gnu/libnvidia-allocator.so.595.71.05
712258efb000-712258f06000 r--p 0001d000 103:02 20711707                  /usr/lib/x86_64-linux-gnu/libnvidia-allocator.so.595.71.05
712258f06000-712258f07000 r--p 00027000 103:02 20711707                  /usr/lib/x86_64-linux-gnu/libnvidia-allocator.so.595.71.05
712258f07000-712258f08000 rw-p 00028000 103:02 20711707                  /usr/lib/x86_64-linux-gnu/libnvidia-allocator.so.595.71.05
712258f08000-712258f0a000 rw-p 00000000 00:00 0 
712258f0a000-712258f4b000 r--p 00000000 103:02 20739918                  /usr/lib/x86_64-linux-gnu/libGLdispatch.so.0.0.0
712258f4b000-712258f4e000 r-xp 00041000 103:02 20739918                  /usr/lib/x86_64-linux-gnu/libGLdispatch.so.0.0.0
712258f4e000-712258f89000 r-xp 00044000 103:02 20739918                  /usr/lib/x86_64-linux-gnu/libGLdispatch.so.0.0.0
712258f89000-712258f8a000 r-xp 0007f000 103:02 20739918                  /usr/lib/x86_64-linux-gnu/libGLdispatch.so.0.0.0
712258f8a000-712258f9e000 r--p 00080000 103:02 20739918                  /usr/lib/x86_64-linux-gnu/libGLdispatch.so.0.0.0
712258f9e000-712258fba000 r--p 00093000 103:02 20739918                  /usr/lib/x86_64-linux-gnu/libGLdispatch.so.0.0.0
712258fba000-712258fbb000 rw-p 000af000 103:02 20739918                  /usr/lib/x86_64-linux-gnu/libGLdispatch.so.0.0.0
712258fbb000-712258fc3000 rw-p 00000000 00:00 0 
712258fc3000-712258fc6000 r--p 00000000 103:02 20739913                  /usr/lib/x86_64-linux-gnu/libGLX.so.0.0.0
712258fc6000-712258fe1000 r-xp 00003000 103:02 20739913                  /usr/lib/x86_64-linux-gnu/libGLX.so.0.0.0
712258fe1000-712258fe4000 r--p 0001e000 103:02 20739913                  /usr/lib/x86_64-linux-gnu/libGLX.so.0.0.0
712258fe4000-712258fe5000 r--p 00021000 103:02 20739913                  /usr/lib/x86_64-linux-gnu/libGLX.so.0.0.0
712258fe5000-712258fe6000 rw-p 00022000 103:02 20739913                  /usr/lib/x86_64-linux-gnu/libGLX.so.0.0.0
712258fe6000-712258ff6000 rw-p 00000000 00:00 0 
712258ff6000-712258ff7000 rw-s 00000000 00:07 1323                       /dev/nvidiactl
712258ff9000-712259002000 rw-s 00008000 00:01 47158                      /memfd:pipewire-memfd:flags=0x0000000f,type=2,size=65664 (deleted)
712259002000-71225900b000 rw-s 00000000 00:01 47158                      /memfd:pipewire-memfd:flags=0x0000000f,type=2,size=65664 (deleted)
71225900b000-71225900c000 rw-s 00000000 00:01 15404                      /memfd:pipewire-memfd:flags=0x0000000f,type=2,size=2312 (deleted)
71225900c000-71225900d000 rw-s 00000000 00:01 47157                      /memfd:pipewire-memfd:flags=0x0000000f,type=2,size=4096 (deleted)
71225900d000-712259010000 rw-s 00000000 00:07 1323                       /dev/nvidiactl
712259010000-712259012000 rw-s 00000000 00:01 46170                      /memfd:/.glXXXXXX (deleted)
712259012000-712259017000 r--p 00000000 103:02 20740178                  /usr/lib/x86_64-linux-gnu/libdrm.so.2.131.0
712259017000-712259023000 r-xp 00005000 103:02 20740178                  /usr/lib/x86_64-linux-gnu/libdrm.so.2.131.0
712259023000-712259027000 r--p 00011000 103:02 20740178                  /usr/lib/x86_64-linux-gnu/libdrm.so.2.131.0
712259027000-712259028000 r--p 00015000 103:02 20740178                  /usr/lib/x86_64-linux-gnu/libdrm.so.2.131.0
712259028000-712259029000 rw-p 00016000 103:02 20740178                  /usr/lib/x86_64-linux-gnu/libdrm.so.2.131.0
712259029000-712259042000 r--p 00000000 103:02 20740670                  /usr/lib/x86_64-linux-gnu/libsystemd.so.0.42.0
712259042000-7122590f9000 r-xp 00019000 103:02 20740670                  /usr/lib/x86_64-linux-gnu/libsystemd.so.0.42.0
7122590f9000-712259133000 r--p 000d0000 103:02 20740670                  /usr/lib/x86_64-linux-gnu/libsystemd.so.0.42.0
712259133000-71225913b000 r--p 0010a000 103:02 20740670                  /usr/lib/x86_64-linux-gnu/libsystemd.so.0.42.0
71225913b000-71225913c000 rw-p 00112000 103:02 20740670                  /usr/lib/x86_64-linux-gnu/libsystemd.so.0.42.0
71225913c000-71225913d000 rw-p 00000000 00:00 0 
71225913d000-712259149000 r--p 00000000 103:02 20740155                  /usr/lib/x86_64-linux-gnu/libdbus-1.so.3.38.3
712259149000-71225917a000 r-xp 0000c000 103:02 20740155                  /usr/lib/x86_64-linux-gnu/libdbus-1.so.3.38.3
71225917a000-71225918b000 r--p 0003d000 103:02 20740155                  /usr/lib/x86_64-linux-gnu/libdbus-1.so.3.38.3
71225918b000-71225918c000 r--p 0004d000 103:02 20740155                  /usr/lib/x86_64-linux-gnu/libdbus-1.so.3.38.3
71225918c000-71225918d000 rw-p 0004e000 103:02 20740155                  /usr/lib/x86_64-linux-gnu/libdbus-1.so.3.38.3
71225918d000-7122591a0000 rw-s 00000000 00:07 1323                       /dev/nvidiactl
7122591a0000-7122591a3000 r--p 00000000 103:02 20740784                  /usr/lib/x86_64-linux-gnu/libxcb-xfixes.so.0.0.0
7122591a3000-7122591a6000 r-xp 00003000 103:02 20740784                  /usr/lib/x86_64-linux-gnu/libxcb-xfixes.so.0.0.0
7122591a6000-7122591a8000 r--p 00006000 103:02 20740784                  /usr/lib/x86_64-linux-gnu/libxcb-xfixes.so.0.0.0
7122591a8000-7122591a9000 r--p 00007000 103:02 20740784                  /usr/lib/x86_64-linux-gnu/libxcb-xfixes.so.0.0.0
7122591a9000-7122591aa000 rw-p 00008000 103:02 20740784                  /usr/lib/x86_64-linux-gnu/libxcb-xfixes.so.0.0.0
7122591aa000-7122591ad000 r--p 00000000 103:02 20740782                  /usr/lib/x86_64-linux-gnu/libxcb-sync.so.1.0.0
7122591ad000-7122591b0000 r-xp 00003000 103:02 20740782                  /usr/lib/x86_64-linux-gnu/libxcb-sync.so.1.0.0
7122591b0000-7122591b1000 r--p 00006000 103:02 20740782                  /usr/lib/x86_64-linux-gnu/libxcb-sync.so.1.0.0
7122591b1000-7122591b2000 r--p 00007000 103:02 20740782                  /usr/lib/x86_64-linux-gnu/libxcb-sync.so.1.0.0
7122591b2000-7122591b3000 rw-p 00008000 103:02 20740782                  /usr/lib/x86_64-linux-gnu/libxcb-sync.so.1.0.0
7122591b3000-7122591b4000 r--p 00000000 103:02 20740776                  /usr/lib/x86_64-linux-gnu/libxcb-present.so.0.0.0
7122591b4000-7122591b5000 r-xp 00001000 103:02 20740776                  /usr/lib/x86_64-linux-gnu/libxcb-present.so.0.0.0
7122591b5000-7122591b6000 r--p 00002000 103:02 20740776                  /usr/lib/x86_64-linux-gnu/libxcb-present.so.0.0.0
7122591b6000-7122591b7000 r--p 00002000 103:02 20740776                  /usr/lib/x86_64-linux-gnu/libxcb-present.so.0.0.0
7122591b7000-7122591b8000 rw-p 00003000 103:02 20740776                  /usr/lib/x86_64-linux-gnu/libxcb-present.so.0.0.0
7122591b8000-7122591ba000 r--p 00000000 103:02 20740774                  /usr/lib/x86_64-linux-gnu/libxcb-dri3.so.0.1.0
7122591ba000-7122591bc000 r-xp 00002000 103:02 20740774                  /usr/lib/x86_64-linux-gnu/libxcb-dri3.so.0.1.0
7122591bc000-7122591bd000 r--p 00004000 103:02 20740774                  /usr/lib/x86_64-linux-gnu/libxcb-dri3.so.0.1.0
7122591bd000-7122591be000 r--p 00004000 103:02 20740774                  /usr/lib/x86_64-linux-gnu/libxcb-dri3.so.0.1.0
7122591be000-7122591bf000 rw-p 00005000 103:02 20740774                  /usr/lib/x86_64-linux-gnu/libxcb-dri3.so.0.1.0
7122591bf000-7122591c6000 r--p 00000000 103:02 20740777                  /usr/lib/x86_64-linux-gnu/libxcb-randr.so.0.1.0
7122591c6000-7122591cb000 r-xp 00007000 103:02 20740777                  /usr/lib/x86_64-linux-gnu/libxcb-randr.so.0.1.0
7122591cb000-7122591ce000 r--p 0000c000 103:02 20740777                  /usr/lib/x86_64-linux-gnu/libxcb-randr.so.0.1.0
7122591ce000-7122591cf000 r--p 0000f000 103:02 20740777                  /usr/lib/x86_64-linux-gnu/libxcb-randr.so.0.1.0
7122591cf000-7122591d0000 rw-p 00010000 103:02 20740777                  /usr/lib/x86_64-linux-gnu/libxcb-randr.so.0.1.0
7122591d0000-7122591db000 r--p 00000000 103:02 20740775                  /usr/lib/x86_64-linux-gnu/libxcb-glx.so.0.0.0
7122591db000-7122591e4000 r-xp 0000b000 103:02 20740775                  /usr/lib/x86_64-linux-gnu/libxcb-glx.so.0.0.0
7122591e4000-7122591e9000 r--p 00014000 103:02 20740775                  /usr/lib/x86_64-linux-gnu/libxcb-glx.so.0.0.0
7122591e9000-7122591eb000 r--p 00019000 103:02 20740775                  /usr/lib/x86_64-linux-gnu/libxcb-glx.so.0.0.0
7122591eb000-7122591ec000 rw-p 0001b000 103:02 20740775                  /usr/lib/x86_64-linux-gnu/libxcb-glx.so.0.0.0
7122591ec000-7122599ed000 rw-p 00000000 00:00 0 
7122599ed000-7122599fd000 r--p 00000000 103:02 20711727                  /usr/lib/x86_64-linux-gnu/libnvidia-glsi.so.595.71.05
7122599fd000-712259a5d000 r-xp 00010000 103:02 20711727                  /usr/lib/x86_64-linux-gnu/libnvidia-glsi.so.595.71.05
712259a5d000-712259a7a000 r--p 00070000 103:02 20711727                  /usr/lib/x86_64-linux-gnu/libnvidia-glsi.so.595.71.05
712259a7a000-712259a80000 r--p 0008c000 103:02 20711727                  /usr/lib/x86_64-linux-gnu/libnvidia-glsi.so.595.71.05
712259a80000-712259a81000 rw-p 00092000 103:02 20711727                  /usr/lib/x86_64-linux-gnu/libnvidia-glsi.so.595.71.05
712259a81000-712259a89000 rw-p 00000000 00:00 0 
712259a89000-712259ada000 r--p 00000000 103:02 20711719                  /usr/lib/x86_64-linux-gnu/libGLX_nvidia.so.595.71.05
712259ada000-712259b37000 r-xp 00051000 103:02 20711719                  /usr/lib/x86_64-linux-gnu/libGLX_nvidia.so.595.71.05
712259b37000-712259b6c000 rwxp 000ae000 103:02 20711719                  /usr/lib/x86_64-linux-gnu/libGLX_nvidia.so.595.71.05
712259b6c000-712259b6d000 r-xp 000e3000 103:02 20711719                  /usr/lib/x86_64-linux-gnu/libGLX_nvidia.so.595.71.05
712259b6d000-712259b8d000 r--p 000e4000 103:02 20711719                  /usr/lib/x86_64-linux-gnu/libGLX_nvidia.so.595.71.05
712259b8d000-712259bad000 r--p 00103000 103:02 20711719                  /usr/lib/x86_64-linux-gnu/libGLX_nvidia.so.595.71.05
712259bad000-712259bb2000 rw-p 00123000 103:02 20711719                  /usr/lib/x86_64-linux-gnu/libGLX_nvidia.so.595.71.05
712259bb2000-712259bb4000 rw-p 00000000 00:00 0 
712259bb4000-712259bb8000 ---p 00000000 00:00 0 
712259bb8000-712259cb4000 rw-p 00000000 00:00 0 
712259cb4000-712259ccd000 r--p 00000000 103:02 20739931                  /usr/lib/x86_64-linux-gnu/libX11.so.6.4.0
712259ccd000-712259d62000 r-xp 00019000 103:02 20739931                  /usr/lib/x86_64-linux-gnu/libX11.so.6.4.0
712259d62000-712259df1000 r--p 000ae000 103:02 20739931                  /usr/lib/x86_64-linux-gnu/libX11.so.6.4.0
712259df1000-712259df2000 r--p 0013d000 103:02 20739931                  /usr/lib/x86_64-linux-gnu/libX11.so.6.4.0
712259df2000-712259df6000 rw-p 0013e000 103:02 20739931                  /usr/lib/x86_64-linux-gnu/libX11.so.6.4.0
712259df6000-712259dfa000 ---p 00000000 00:00 0 
712259dfa000-712259ef6000 rw-p 00000000 00:00 0 
712259ef6000-712259efa000 ---p 00000000 00:00 0 
712259efa000-712259ff6000 rw-p 00000000 00:00 0 
712259ff6000-712259ffa000 ---p 00000000 00:00 0 
712259ffa000-71225a0f6000 rw-p 00000000 00:00 0 
71225a0f6000-71225a0fa000 ---p 00000000 00:00 0 
71225a0fa000-71225a1f6000 rw-p 00000000 00:00 0 
71225a1f6000-71225a1fa000 ---p 00000000 00:00 0 
71225a1fa000-71225a2f6000 rw-p 00000000 00:00 0 
71225a2f6000-71225a2fa000 ---p 00000000 00:00 0 
71225a2fa000-71225a3f6000 rw-p 00000000 00:00 0 
71225a3f6000-71225a3fa000 ---p 00000000 00:00 0 
71225a3fa000-71225a4f6000 rw-p 00000000 00:00 0 
71225a4f6000-71225a4fa000 ---p 00000000 00:00 0 
71225a4fa000-71225a5f6000 rw-p 00000000 00:00 0 
71225a5f6000-71225a5fa000 ---p 00000000 00:00 0 
71225a5fa000-71225a6f6000 rw-p 00000000 00:00 0 
71225a6f6000-71225a6fa000 ---p 00000000 00:00 0 
71225a6fa000-71225a7f6000 rw-p 00000000 00:00 0 
71225a7f6000-71225a7fa000 ---p 00000000 00:00 0 
71225a7fa000-71225a8f6000 rw-p 00000000 00:00 0 
71225a8f6000-71225a8fa000 ---p 00000000 00:00 0 
71225a8fa000-71225a9f6000 rw-p 00000000 00:00 0 
71225a9f6000-71225a9fa000 ---p 00000000 00:00 0 
71225a9fa000-71225aaf6000 rw-p 00000000 00:00 0 
71225aaf6000-71225aafa000 ---p 00000000 00:00 0 
71225aafa000-71225b600000 rw-p 00000000 00:00 0 
71225b600000-71225b604000 ---p 00000000 00:00 0 
71225b604000-71225b700000 rw-p 00000000 00:00 0 
71225b700000-71225b704000 ---p 00000000 00:00 0 
71225b704000-71225b800000 rw-p 00000000 00:00 0 
71225b800000-71225b804000 ---p 00000000 00:00 0 
71225b804000-71225b900000 rw-p 00000000 00:00 0 
71225b900000-71225b904000 ---p 00000000 00:00 0 
71225b904000-71225ba00000 rw-p 00000000 00:00 0 
71225ba00000-71225ba04000 ---p 00000000 00:00 0 
71225ba04000-71225bb00000 rw-p 00000000 00:00 0 
71225bb00000-71225bb04000 ---p 00000000 00:00 0 
71225bb04000-71225bc00000 rw-p 00000000 00:00 0 
71225bc00000-71225bc04000 ---p 00000000 00:00 0 
71225bc04000-71225bd00000 rw-p 00000000 00:00 0 
71225bd00000-71225bd04000 ---p 00000000 00:00 0 
71225bd04000-71225be00000 rw-p 00000000 00:00 0 
71225be00000-71225be04000 ---p 00000000 00:00 0 
71225be04000-71225bf00000 rw-p 00000000 00:00 0 
71225bf00000-71225bf04000 ---p 00000000 00:00 0 
71225bf04000-71225c000000 rw-p 00000000 00:00 0 
71225c000000-71225cd2a000 rw-p 00000000 00:00 0 
71225cd2a000-712260000000 ---p 00000000 00:00 0 
712260000000-712262409000 rw-p 00000000 00:00 0 
712262409000-712264000000 ---p 00000000 00:00 0 
712264000000-712264021000 rw-p 00000000 00:00 0 
712264021000-712268000000 ---p 00000000 00:00 0 
712268000000-71226ba12000 rw-p 00000000 00:00 0 
71226ba12000-71226c000000 ---p 00000000 00:00 0 
71226c000000-71226c021000 rw-p 00000000 00:00 0 
71226c021000-712270000000 ---p 00000000 00:00 0 
712270000000-7122700bd000 rw-p 00000000 00:00 0 
7122700bd000-712274000000 ---p 00000000 00:00 0 
712274000000-712274400000 rw-p 00000000 00:00 0 
712274400000-712274700000 rw-p 00000000 00:00 0 
712274700000-712274900000 rw-p 00000000 00:00 0 
712274900000-712274a00000 rw-p 00000000 00:00 0 
712274a00000-712274f00000 rw-p 00000000 00:00 0 
712274f00000-712275000000 rw-p 00000000 00:00 0 
712275000000-712275d00000 rw-p 00000000 00:00 0 
712275d00000-712275e00000 rw-p 00000000 00:00 0 
712275e00000-712276f00000 rw-p 00000000 00:00 0 
712276f00000-712278000000 rw-p 00000000 00:00 0 
712278000000-712278021000 rw-p 00000000 00:00 0 
712278021000-71227c000000 ---p 00000000 00:00 0 
71227c000000-71227c021000 rw-p 00000000 00:00 0 
71227c021000-712280000000 ---p 00000000 00:00 0 
712280000000-71228005c000 rw-p 00000000 00:00 0 
71228005c000-712284000000 ---p 00000000 00:00 0 
712284000000-712284021000 rw-p 00000000 00:00 0 
712284021000-712288000000 ---p 00000000 00:00 0 
712288000000-712288021000 rw-p 00000000 00:00 0 
712288021000-71228c000000 ---p 00000000 00:00 0 
71228c000000-71228c021000 rw-p 00000000 00:00 0 
71228c021000-712290000000 ---p 00000000 00:00 0 
712290000000-712290021000 rw-p 00000000 00:00 0 
712290021000-712294000000 ---p 00000000 00:00 0 
712294000000-712294004000 ---p 00000000 00:00 0 
712294004000-712294100000 rw-p 00000000 00:00 0 
712294100000-712294104000 ---p 00000000 00:00 0 
712294104000-712294200000 rw-p 00000000 00:00 0 
712294200000-712294204000 ---p 00000000 00:00 0 
712294204000-712294300000 rw-p 00000000 00:00 0 
712294300000-712294304000 ---p 00000000 00:00 0 
712294304000-712294400000 rw-p 00000000 00:00 0 
712294400000-712294404000 ---p 00000000 00:00 0 
712294404000-712294500000 rw-p 00000000 00:00 0 
712294500000-712294504000 ---p 00000000 00:00 0 
712294504000-712294600000 rw-p 00000000 00:00 0 
712294600000-712294604000 ---p 00000000 00:00 0 
712294604000-712294700000 rw-p 00000000 00:00 0 
712294700000-712294704000 ---p 00000000 00:00 0 
712294704000-712294800000 rw-p 00000000 00:00 0 
712294800000-7122955f2000 r--p 00000000 103:02 20721399                  /usr/lib/locale/locale-archive
7122955f6000-7122955f7000 r--p 00000000 103:02 20711733                  /usr/lib/x86_64-linux-gnu/libnvidia-tls.so.595.71.05
7122955f7000-7122955f9000 r-xp 00001000 103:02 20711733                  /usr/lib/x86_64-linux-gnu/libnvidia-tls.so.595.71.05
7122955f9000-7122955fa000 r--p 00003000 103:02 20711733                  /usr/lib/x86_64-linux-gnu/libnvidia-tls.so.595.71.05
7122955fa000-7122955fb000 r--p 00003000 103:02 20711733                  /usr/lib/x86_64-linux-gnu/libnvidia-tls.so.595.71.05
7122955fb000-7122955fc000 rw-p 00004000 103:02 20711733                  /usr/lib/x86_64-linux-gnu/libnvidia-tls.so.595.71.05
7122955fc000-7122955fd000 r--p 00000000 103:02 20739930                  /usr/lib/x86_64-linux-gnu/libX11-xcb.so.1.0.0
7122955fd000-7122955fe000 r-xp 00001000 103:02 20739930                  /usr/lib/x86_64-linux-gnu/libX11-xcb.so.1.0.0
7122955fe000-7122955ff000 r--p 00002000 103:02 20739930                  /usr/lib/x86_64-linux-gnu/libX11-xcb.so.1.0.0
7122955ff000-712295600000 r--p 00002000 103:02 20739930                  /usr/lib/x86_64-linux-gnu/libX11-xcb.so.1.0.0
712295600000-712295601000 rw-p 00003000 103:02 20739930                  /usr/lib/x86_64-linux-gnu/libX11-xcb.so.1.0.0
712295601000-712295602000 r--p 00000000 103:02 20739944                  /usr/lib/x86_64-linux-gnu/libXinerama.so.1.0.0
712295602000-712295603000 r-xp 00001000 103:02 20739944                  /usr/lib/x86_64-linux-gnu/libXinerama.so.1.0.0
712295603000-712295604000 r--p 00002000 103:02 20739944                  /usr/lib/x86_64-linux-gnu/libXinerama.so.1.0.0
712295604000-712295605000 r--p 00002000 103:02 20739944                  /usr/lib/x86_64-linux-gnu/libXinerama.so.1.0.0
712295605000-712295606000 rw-p 00003000 103:02 20739944                  /usr/lib/x86_64-linux-gnu/libXinerama.so.1.0.0
712295606000-712295609000 r--p 00000000 103:02 20739936                  /usr/lib/x86_64-linux-gnu/libXcursor.so.1.0.2
712295609000-71229560f000 r-xp 00003000 103:02 20739936                  /usr/lib/x86_64-linux-gnu/libXcursor.so.1.0.2
71229560f000-712295611000 r--p 00009000 103:02 20739936                  /usr/lib/x86_64-linux-gnu/libXcursor.so.1.0.2
712295611000-712295612000 r--p 0000a000 103:02 20739936                  /usr/lib/x86_64-linux-gnu/libXcursor.so.1.0.2
712295612000-712295613000 rw-p 0000b000 103:02 20739936                  /usr/lib/x86_64-linux-gnu/libXcursor.so.1.0.2
712295613000-712295615000 r--p 00000000 103:02 20739949                  /usr/lib/x86_64-linux-gnu/libXrender.so.1.3.0
712295615000-71229561c000 r-xp 00002000 103:02 20739949                  /usr/lib/x86_64-linux-gnu/libXrender.so.1.3.0
71229561c000-71229561d000 r--p 00009000 103:02 20739949                  /usr/lib/x86_64-linux-gnu/libXrender.so.1.3.0
71229561d000-71229561e000 r--p 00009000 103:02 20739949                  /usr/lib/x86_64-linux-gnu/libXrender.so.1.3.0
71229561e000-71229561f000 rw-p 0000a000 103:02 20739949                  /usr/lib/x86_64-linux-gnu/libXrender.so.1.3.0
71229561f000-712295621000 r--p 00000000 103:02 20739948                  /usr/lib/x86_64-linux-gnu/libXrandr.so.2.2.0
712295621000-712295628000 r-xp 00002000 103:02 20739948                  /usr/lib/x86_64-linux-gnu/libXrandr.so.2.2.0
712295628000-71229562a000 r--p 00009000 103:02 20739948                  /usr/lib/x86_64-linux-gnu/libXrandr.so.2.2.0
71229562a000-71229562b000 r--p 0000a000 103:02 20739948                  /usr/lib/x86_64-linux-gnu/libXrandr.so.2.2.0
71229562b000-71229562c000 rw-p 0000b000 103:02 20739948                  /usr/lib/x86_64-linux-gnu/libXrandr.so.2.2.0
71229562c000-71229562f000 r--p 00000000 103:02 20739943                  /usr/lib/x86_64-linux-gnu/libXi.so.6.1.0
71229562f000-71229563c000 r-xp 00003000 103:02 20739943                  /usr/lib/x86_64-linux-gnu/libXi.so.6.1.0
71229563c000-71229563e000 r--p 00010000 103:02 20739943                  /usr/lib/x86_64-linux-gnu/libXi.so.6.1.0
71229563e000-71229563f000 r--p 00012000 103:02 20739943                  /usr/lib/x86_64-linux-gnu/libXi.so.6.1.0
71229563f000-712295640000 rw-p 00013000 103:02 20739943                  /usr/lib/x86_64-linux-gnu/libXi.so.6.1.0
712295640000-712295665000 r-xp 00000000 00:2e 2179                       /tmp/lwjgl_tillman/3.4.1+2/x64/libglfw.so
712295665000-7122956b4000 r--p 00025000 00:2e 2179                       /tmp/lwjgl_tillman/3.4.1+2/x64/libglfw.so
7122956b4000-7122956b8000 r--p 00074000 00:2e 2179                       /tmp/lwjgl_tillman/3.4.1+2/x64/libglfw.so
7122956b8000-7122956bb000 rw-p 00078000 00:2e 2179                       /tmp/lwjgl_tillman/3.4.1+2/x64/libglfw.so
7122956bb000-7122957f8000 rw-p 00000000 00:00 0 
7122957f8000-7122957fc000 ---p 00000000 00:00 0 
7122957fc000-7122958f9000 rw-p 00000000 00:00 0 
7122958f9000-7122958fd000 ---p 00000000 00:00 0 
7122958fd000-712295dfe000 rw-p 00000000 00:00 0 
712295dfe000-712298021000 rw-p 00000000 00:00 0 
712298021000-71229c000000 ---p 00000000 00:00 0 
71229c000000-71229c021000 rw-p 00000000 00:00 0 
71229c021000-7122a0000000 ---p 00000000 00:00 0 
7122a0000000-7122a0021000 rw-p 00000000 00:00 0 
7122a0021000-7122a4000000 ---p 00000000 00:00 0 
7122a4000000-7122a4004000 rw-s 00000000 00:07 1323                       /dev/nvidiactl
7122a4004000-7122a4008000 r--p 00000000 103:02 20739939                  /usr/lib/x86_64-linux-gnu/libXext.so.6.4.0
7122a4008000-7122a4013000 r-xp 00004000 103:02 20739939                  /usr/lib/x86_64-linux-gnu/libXext.so.6.4.0
7122a4013000-7122a4016000 r--p 0000f000 103:02 20739939                  /usr/lib/x86_64-linux-gnu/libXext.so.6.4.0
7122a4016000-7122a4017000 r--p 00011000 103:02 20739939                  /usr/lib/x86_64-linux-gnu/libXext.so.6.4.0
7122a4017000-7122a4018000 rw-p 00012000 103:02 20739939                  /usr/lib/x86_64-linux-gnu/libXext.so.6.4.0
7122a4018000-7122a4024000 r--p 00000000 103:02 20740785                  /usr/lib/x86_64-linux-gnu/libxcb.so.1.1.0
7122a4024000-7122a4038000 r-xp 0000c000 103:02 20740785                  /usr/lib/x86_64-linux-gnu/libxcb.so.1.1.0
7122a4038000-7122a4041000 r--p 00020000 103:02 20740785                  /usr/lib/x86_64-linux-gnu/libxcb.so.1.1.0
7122a4041000-7122a4042000 r--p 00028000 103:02 20740785                  /usr/lib/x86_64-linux-gnu/libxcb.so.1.1.0
7122a4042000-7122a4043000 rw-p 00029000 103:02 20740785                  /usr/lib/x86_64-linux-gnu/libxcb.so.1.1.0
7122a4043000-7122a4078000 r-xp 00000000 00:2e 2178                       /tmp/lwjgl_tillman/3.4.1+2/x64/liblwjgl.so
7122a4078000-7122a40c0000 r--p 00035000 00:2e 2178                       /tmp/lwjgl_tillman/3.4.1+2/x64/liblwjgl.so
7122a40c0000-7122a40c1000 r--p 0007c000 00:2e 2178                       /tmp/lwjgl_tillman/3.4.1+2/x64/liblwjgl.so
7122a40c1000-7122a40c2000 rw-p 0007d000 00:2e 2178                       /tmp/lwjgl_tillman/3.4.1+2/x64/liblwjgl.so
7122a40c2000-7122a40c6000 ---p 00000000 00:00 0 
7122a40c6000-7122a40e4000 rw-p 00000000 00:00 0 
7122a40e4000-7122a4bef000 rw-p 00000000 00:00 0 
7122a4bef000-7122a4cf0000 rw-p 00000000 00:00 0 
7122a4cf0000-7122a6a60000 rw-p 00000000 00:00 0 
7122a6a60000-7122ac2b0000 ---p 00000000 00:00 0 
7122ac2b0000-7122ac600000 rw-p 00000000 00:00 0 
7122ac600000-7122ae2e0000 rwxp 00000000 00:00 0 
7122ae2e0000-7122b3a5f000 ---p 00000000 00:00 0 
7122b3a5f000-7122b407f000 rwxp 00000000 00:00 0 
7122b407f000-7122b419f000 ---p 00000000 00:00 0 
7122b419f000-7122b57ef000 rwxp 00000000 00:00 0 
7122b57ef000-7122bb600000 ---p 00000000 00:00 0 
7122bb600000-7122bfe6e000 r--s 00000000 103:02 24773531                  /home/tillman/snap/MCreator20262/jdk/lib/modules
7122bfe6e000-7122bfe6f000 rw-s 00000000 00:01 47156                      /memfd:pipewire-memfd:flags=0x0000000f,type=2,size=2312 (deleted)
7122bfe6f000-7122bfe71000 r--p 00000000 103:02 20739940                  /usr/lib/x86_64-linux-gnu/libXfixes.so.3.1.0
7122bfe71000-7122bfe74000 r-xp 00002000 103:02 20739940                  /usr/lib/x86_64-linux-gnu/libXfixes.so.3.1.0
7122bfe74000-7122bfe75000 r--p 00005000 103:02 20739940                  /usr/lib/x86_64-linux-gnu/libXfixes.so.3.1.0
7122bfe75000-7122bfe76000 r--p 00005000 103:02 20739940                  /usr/lib/x86_64-linux-gnu/libXfixes.so.3.1.0
7122bfe76000-7122bfe77000 rw-p 00006000 103:02 20739940                  /usr/lib/x86_64-linux-gnu/libXfixes.so.3.1.0
7122bfe77000-7122bfe78000 r--p 00000000 103:02 20739954                  /usr/lib/x86_64-linux-gnu/libXxf86vm.so.1.0.0
7122bfe78000-7122bfe7b000 r-xp 00001000 103:02 20739954                  /usr/lib/x86_64-linux-gnu/libXxf86vm.so.1.0.0
7122bfe7b000-7122bfe7c000 r--p 00004000 103:02 20739954                  /usr/lib/x86_64-linux-gnu/libXxf86vm.so.1.0.0
7122bfe7c000-7122bfe7d000 r--p 00004000 103:02 20739954                  /usr/lib/x86_64-linux-gnu/libXxf86vm.so.1.0.0
7122bfe7d000-7122bfe7e000 rw-p 00005000 103:02 20739954                  /usr/lib/x86_64-linux-gnu/libXxf86vm.so.1.0.0
7122bfe7e000-7122bfeff000 rw-p 00000000 00:00 0 
7122bfeff000-7122c0000000 rw-p 00000000 00:00 0 
7122c0000000-7122c2eee000 rw-p 00000000 00:00 0 
7122c2eee000-7122c4000000 ---p 00000000 00:00 0 
7122c4000000-7122c4001000 rw-s 00000000 00:01 35585                      /memfd:pipewire-memfd:flags=0x0000000f,type=2,size=2312 (deleted)
7122c4001000-7122c4003000 r-xs 00000000 00:01 46170                      /memfd:/.glXXXXXX (deleted)
7122c4003000-7122c4005000 r--p 00000000 103:02 20739938                  /usr/lib/x86_64-linux-gnu/libXdmcp.so.6.0.0
7122c4005000-7122c4007000 r-xp 00002000 103:02 20739938                  /usr/lib/x86_64-linux-gnu/libXdmcp.so.6.0.0
7122c4007000-7122c4009000 r--p 00004000 103:02 20739938                  /usr/lib/x86_64-linux-gnu/libXdmcp.so.6.0.0
7122c4009000-7122c400a000 r--p 00005000 103:02 20739938                  /usr/lib/x86_64-linux-gnu/libXdmcp.so.6.0.0
7122c400a000-7122c400b000 rw-p 00006000 103:02 20739938                  /usr/lib/x86_64-linux-gnu/libXdmcp.so.6.0.0
7122c400b000-7122c400c000 rw-s 00000000 00:07 1323                       /dev/nvidiactl
7122c400c000-7122c400e000 rw-s 00000000 00:07 1323                       /dev/nvidiactl
7122c400e000-7122c401e000 rw-s 00000000 00:07 1324                       /dev/nvidia0
7122c401e000-7122c401f000 r--p 00000000 103:02 24773523                  /home/tillman/snap/MCreator20262/jdk/lib/libsimdsort.so
7122c401f000-7122c4058000 r-xp 00001000 103:02 24773523                  /home/tillman/snap/MCreator20262/jdk/lib/libsimdsort.so
7122c4058000-7122c405e000 r--p 0003a000 103:02 24773523                  /home/tillman/snap/MCreator20262/jdk/lib/libsimdsort.so
7122c405e000-7122c405f000 r--p 0003f000 103:02 24773523                  /home/tillman/snap/MCreator20262/jdk/lib/libsimdsort.so
7122c405f000-7122c40bb000 rw-p 00000000 00:00 0 
7122c40fc000-7122c41fd000 rw-p 00000000 00:00 0 
7122c41fd000-7122c4665000 rw-p 00000000 00:00 0 
7122c4665000-7122c516f000 ---p 00000000 00:00 0 
7122c516f000-7122c5587000 rw-p 00000000 00:00 0 
7122c5587000-7122c6091000 ---p 00000000 00:00 0 
7122c6091000-7122c6e35000 rw-p 00000000 00:00 0 
7122c6e35000-7122c6ef1000 ---p 00000000 00:00 0 
7122c6ef1000-7122c6f2b000 rw-p 00000000 00:00 0 
7122c6f2b000-7122c6fda000 ---p 00000000 00:00 0 
7122c6fda000-7122c6fde000 ---p 00000000 00:00 0 
7122c6fde000-7122c70da000 rw-p 00000000 00:00 0 
7122c70da000-7122c70ec000 r--p 00000000 103:02 20740431                  /usr/lib/x86_64-linux-gnu/libm.so.6
7122c70ec000-7122c718c000 r-xp 00012000 103:02 20740431                  /usr/lib/x86_64-linux-gnu/libm.so.6
7122c718c000-7122c71fe000 r--p 000b2000 103:02 20740431                  /usr/lib/x86_64-linux-gnu/libm.so.6
7122c71fe000-7122c71ff000 r--p 00123000 103:02 20740431                  /usr/lib/x86_64-linux-gnu/libm.so.6
7122c71ff000-7122c7200000 rw-p 00124000 103:02 20740431                  /usr/lib/x86_64-linux-gnu/libm.so.6
7122c7200000-7122c74dc000 r--p 00000000 103:02 24773650                  /home/tillman/snap/MCreator20262/jdk/lib/server/libjvm.so
7122c74dc000-7122c846d000 r-xp 002dc000 103:02 24773650                  /home/tillman/snap/MCreator20262/jdk/lib/server/libjvm.so
7122c846d000-7122c8789000 r--p 0126d000 103:02 24773650                  /home/tillman/snap/MCreator20262/jdk/lib/server/libjvm.so
7122c8789000-7122c878a000 ---p 01589000 103:02 24773650                  /home/tillman/snap/MCreator20262/jdk/lib/server/libjvm.so
7122c878a000-7122c8873000 r--p 01589000 103:02 24773650                  /home/tillman/snap/MCreator20262/jdk/lib/server/libjvm.so
7122c8873000-7122c889e000 rw-p 01672000 103:02 24773650                  /home/tillman/snap/MCreator20262/jdk/lib/server/libjvm.so
7122c889e000-7122c892a000 rw-p 00000000 00:00 0 
7122c892a000-7122c892b000 r--p 00000000 103:02 20739933                  /usr/lib/x86_64-linux-gnu/libXau.so.6.0.0
7122c892b000-7122c892d000 r-xp 00001000 103:02 20739933                  /usr/lib/x86_64-linux-gnu/libXau.so.6.0.0
7122c892d000-7122c892e000 r--p 00003000 103:02 20739933                  /usr/lib/x86_64-linux-gnu/libXau.so.6.0.0
7122c892e000-7122c892f000 r--p 00003000 103:02 20739933                  /usr/lib/x86_64-linux-gnu/libXau.so.6.0.0
7122c892f000-7122c8930000 rw-p 00004000 103:02 20739933                  /usr/lib/x86_64-linux-gnu/libXau.so.6.0.0
7122c8930000-7122c8931000 r--p 00000000 103:02 24773485                  /home/tillman/snap/MCreator20262/jdk/lib/libextnet.so
7122c8931000-7122c8932000 r-xp 00001000 103:02 24773485                  /home/tillman/snap/MCreator20262/jdk/lib/libextnet.so
7122c8932000-7122c8933000 r--p 00002000 103:02 24773485                  /home/tillman/snap/MCreator20262/jdk/lib/libextnet.so
7122c8933000-7122c8934000 r--p 00002000 103:02 24773485                  /home/tillman/snap/MCreator20262/jdk/lib/libextnet.so
7122c8934000-7122c8935000 rw-p 00000000 00:00 0 
7122c8935000-7122c8937000 r--p 00000000 103:02 24773509                  /home/tillman/snap/MCreator20262/jdk/lib/libmanagement_ext.so
7122c8937000-7122c893a000 r-xp 00002000 103:02 24773509                  /home/tillman/snap/MCreator20262/jdk/lib/libmanagement_ext.so
7122c893a000-7122c893b000 r--p 00005000 103:02 24773509                  /home/tillman/snap/MCreator20262/jdk/lib/libmanagement_ext.so
7122c893b000-7122c893c000 ---p 00006000 103:02 24773509                  /home/tillman/snap/MCreator20262/jdk/lib/libmanagement_ext.so
7122c893c000-7122c893d000 r--p 00006000 103:02 24773509                  /home/tillman/snap/MCreator20262/jdk/lib/libmanagement_ext.so
7122c893d000-7122c893e000 rw-p 00000000 00:00 0 
7122c893e000-7122c8940000 r--p 00000000 103:02 24773514                  /home/tillman/snap/MCreator20262/jdk/lib/libnet.so
7122c8940000-7122c8948000 r-xp 00002000 103:02 24773514                  /home/tillman/snap/MCreator20262/jdk/lib/libnet.so
7122c8948000-7122c894a000 r--p 0000a000 103:02 24773514                  /home/tillman/snap/MCreator20262/jdk/lib/libnet.so
7122c894a000-7122c894b000 r--p 0000b000 103:02 24773514                  /home/tillman/snap/MCreator20262/jdk/lib/libnet.so
7122c894b000-7122c894c000 rw-p 00000000 00:00 0 
7122c894c000-7122c8953000 r--p 00000000 103:02 24773517                  /home/tillman/snap/MCreator20262/jdk/lib/libnio.so
7122c8953000-7122c895c000 r-xp 00007000 103:02 24773517                  /home/tillman/snap/MCreator20262/jdk/lib/libnio.so
7122c895c000-7122c8960000 r--p 00010000 103:02 24773517                  /home/tillman/snap/MCreator20262/jdk/lib/libnio.so
7122c8960000-7122c8961000 ---p 00014000 103:02 24773517                  /home/tillman/snap/MCreator20262/jdk/lib/libnio.so
7122c8961000-7122c8962000 r--p 00014000 103:02 24773517                  /home/tillman/snap/MCreator20262/jdk/lib/libnio.so
7122c8962000-7122c8963000 rw-p 00015000 103:02 24773517                  /home/tillman/snap/MCreator20262/jdk/lib/libnio.so
7122c8963000-7122c89dd000 rw-p 00000000 00:00 0 
7122c89dd000-7122c89e9000 r--p 00000000 103:02 24773494                  /home/tillman/snap/MCreator20262/jdk/lib/libjava.so
7122c89e9000-7122c89f7000 r-xp 0000c000 103:02 24773494                  /home/tillman/snap/MCreator20262/jdk/lib/libjava.so
7122c89f7000-7122c89fc000 r--p 0001a000 103:02 24773494                  /home/tillman/snap/MCreator20262/jdk/lib/libjava.so
7122c89fc000-7122c89fd000 ---p 0001f000 103:02 24773494                  /home/tillman/snap/MCreator20262/jdk/lib/libjava.so
7122c89fd000-7122c89fe000 r--p 0001f000 103:02 24773494                  /home/tillman/snap/MCreator20262/jdk/lib/libjava.so
7122c89fe000-7122c89ff000 rw-p 00020000 103:02 24773494                  /home/tillman/snap/MCreator20262/jdk/lib/libjava.so
7122c89ff000-7122c8a00000 rw-p 00000000 00:00 0 
7122c8a00000-7122c8a28000 r--p 00000000 103:02 20740111                  /usr/lib/x86_64-linux-gnu/libc.so.6
7122c8a28000-7122c8bc0000 r-xp 00028000 103:02 20740111                  /usr/lib/x86_64-linux-gnu/libc.so.6
7122c8bc0000-7122c8c0e000 r--p 001c0000 103:02 20740111                  /usr/lib/x86_64-linux-gnu/libc.so.6
7122c8c0e000-7122c8c12000 r--p 0020d000 103:02 20740111                  /usr/lib/x86_64-linux-gnu/libc.so.6
7122c8c12000-7122c8c14000 rw-p 00211000 103:02 20740111                  /usr/lib/x86_64-linux-gnu/libc.so.6
7122c8c14000-7122c8c21000 rw-p 00000000 00:00 0 
7122c8c21000-7122c8c22000 rw-s 00000000 00:07 1324                       /dev/nvidia0
7122c8c22000-7122c8c23000 rw-s 00000000 00:07 1323                       /dev/nvidiactl
7122c8c23000-7122c8c24000 rw-s 00000000 00:07 1323                       /dev/nvidiactl
7122c8c24000-7122c8c26000 r--p 00000000 103:02 24773530                  /home/tillman/snap/MCreator20262/jdk/lib/libzip.so
7122c8c26000-7122c8c2a000 r-xp 00002000 103:02 24773530                  /home/tillman/snap/MCreator20262/jdk/lib/libzip.so
7122c8c2a000-7122c8c2c000 r--p 00006000 103:02 24773530                  /home/tillman/snap/MCreator20262/jdk/lib/libzip.so
7122c8c2c000-7122c8c2d000 r--p 00007000 103:02 24773530                  /home/tillman/snap/MCreator20262/jdk/lib/libzip.so
7122c8c2d000-7122c8c3b000 rw-p 00000000 00:00 0 
7122c8c3b000-7122c8c3d000 ---p 00000000 00:00 0 
7122c8c3d000-7122c8c40000 r--p 00000000 103:02 24773499                  /home/tillman/snap/MCreator20262/jdk/lib/libjimage.so
7122c8c40000-7122c8c54000 r-xp 00003000 103:02 24773499                  /home/tillman/snap/MCreator20262/jdk/lib/libjimage.so
7122c8c54000-7122c8c5a000 r--p 00017000 103:02 24773499                  /home/tillman/snap/MCreator20262/jdk/lib/libjimage.so
7122c8c5a000-7122c8c5b000 ---p 0001d000 103:02 24773499                  /home/tillman/snap/MCreator20262/jdk/lib/libjimage.so
7122c8c5b000-7122c8c5d000 r--p 0001d000 103:02 24773499                  /home/tillman/snap/MCreator20262/jdk/lib/libjimage.so
7122c8c5d000-7122c8c5e000 rw-p 0001f000 103:02 24773499                  /home/tillman/snap/MCreator20262/jdk/lib/libjimage.so
7122c8c5e000-7122c8c5f000 r--p 00000000 103:02 20740607                  /usr/lib/x86_64-linux-gnu/librt.so.1
7122c8c5f000-7122c8c60000 r-xp 00001000 103:02 20740607                  /usr/lib/x86_64-linux-gnu/librt.so.1
7122c8c60000-7122c8c61000 r--p 00002000 103:02 20740607                  /usr/lib/x86_64-linux-gnu/librt.so.1
7122c8c61000-7122c8c62000 r--p 00002000 103:02 20740607                  /usr/lib/x86_64-linux-gnu/librt.so.1
7122c8c62000-7122c8c63000 rw-p 00003000 103:02 20740607                  /usr/lib/x86_64-linux-gnu/librt.so.1
7122c8c63000-7122c8c67000 rw-p 00000000 00:00 0 
7122c8c67000-7122c8c68000 r--p 00000000 103:02 20740586                  /usr/lib/x86_64-linux-gnu/libpthread.so.0
7122c8c68000-7122c8c69000 r-xp 00001000 103:02 20740586                  /usr/lib/x86_64-linux-gnu/libpthread.so.0
7122c8c69000-7122c8c6a000 r--p 00002000 103:02 20740586                  /usr/lib/x86_64-linux-gnu/libpthread.so.0
7122c8c6a000-7122c8c6b000 r--p 00002000 103:02 20740586                  /usr/lib/x86_64-linux-gnu/libpthread.so.0
7122c8c6b000-7122c8c6c000 rw-p 00003000 103:02 20740586                  /usr/lib/x86_64-linux-gnu/libpthread.so.0
7122c8c6c000-7122c8c6d000 r--p 00000000 103:02 20740175                  /usr/lib/x86_64-linux-gnu/libdl.so.2
7122c8c6d000-7122c8c6e000 r-xp 00001000 103:02 20740175                  /usr/lib/x86_64-linux-gnu/libdl.so.2
7122c8c6e000-7122c8c6f000 r--p 00002000 103:02 20740175                  /usr/lib/x86_64-linux-gnu/libdl.so.2
7122c8c6f000-7122c8c70000 r--p 00002000 103:02 20740175                  /usr/lib/x86_64-linux-gnu/libdl.so.2
7122c8c70000-7122c8c71000 rw-p 00003000 103:02 20740175                  /usr/lib/x86_64-linux-gnu/libdl.so.2
7122c8c71000-7122c8c74000 r--p 00000000 103:02 20740798                  /usr/lib/x86_64-linux-gnu/libz.so.1.3.1
7122c8c74000-7122c8c87000 r-xp 00003000 103:02 20740798                  /usr/lib/x86_64-linux-gnu/libz.so.1.3.1
7122c8c87000-7122c8c8d000 r--p 00016000 103:02 20740798                  /usr/lib/x86_64-linux-gnu/libz.so.1.3.1
7122c8c8d000-7122c8c8e000 r--p 0001c000 103:02 20740798                  /usr/lib/x86_64-linux-gnu/libz.so.1.3.1
7122c8c8e000-7122c8c8f000 rw-p 0001d000 103:02 20740798                  /usr/lib/x86_64-linux-gnu/libz.so.1.3.1
7122c8c8f000-7122c8c90000 r--s 00000000 00:07 1323                       /dev/nvidiactl
7122c8c90000-7122c8c91000 r--p 00000000 00:00 0 
7122c8c91000-7122c8c93000 r--p 00000000 103:02 24773507                  /home/tillman/snap/MCreator20262/jdk/lib/libmanagement.so
7122c8c93000-7122c8c94000 r-xp 00002000 103:02 24773507                  /home/tillman/snap/MCreator20262/jdk/lib/libmanagement.so
7122c8c94000-7122c8c95000 r--p 00003000 103:02 24773507                  /home/tillman/snap/MCreator20262/jdk/lib/libmanagement.so
7122c8c95000-7122c8c96000 r--p 00003000 103:02 24773507                  /home/tillman/snap/MCreator20262/jdk/lib/libmanagement.so
7122c8c96000-7122c8c97000 rw-p 00000000 00:00 0 
7122c8c97000-7122c8c9f000 rw-s 00000000 00:2e 10351                      /tmp/hsperfdata_tillman/113209
7122c8c9f000-7122c8ca0000 ---p 00000000 00:00 0 
7122c8ca0000-7122c8ca1000 r--p 00000000 00:00 0 
7122c8ca1000-7122c8ca2000 ---p 00000000 00:00 0 
7122c8ca2000-7122c8ca4000 r--p 00000000 103:02 24773500                  /home/tillman/snap/MCreator20262/jdk/lib/libjli.so
7122c8ca4000-7122c8cae000 r-xp 00002000 103:02 24773500                  /home/tillman/snap/MCreator20262/jdk/lib/libjli.so
7122c8cae000-7122c8cb1000 r--p 0000c000 103:02 24773500                  /home/tillman/snap/MCreator20262/jdk/lib/libjli.so
7122c8cb1000-7122c8cb2000 ---p 0000f000 103:02 24773500                  /home/tillman/snap/MCreator20262/jdk/lib/libjli.so
7122c8cb2000-7122c8cb3000 r--p 0000f000 103:02 24773500                  /home/tillman/snap/MCreator20262/jdk/lib/libjli.so
7122c8cb3000-7122c8cb4000 rw-p 00010000 103:02 24773500                  /home/tillman/snap/MCreator20262/jdk/lib/libjli.so
7122c8cb4000-7122c8cb6000 rw-p 00000000 00:00 0 
7122c8cb6000-7122c8cba000 r--p 00000000 00:00 0                          [vvar]
7122c8cba000-7122c8cbc000 r--p 00000000 00:00 0                          [vvar_vclock]
7122c8cbc000-7122c8cbe000 r-xp 00000000 00:00 0                          [vdso]
7122c8cbe000-7122c8cbf000 r--p 00000000 103:02 20739802                  /usr/lib/x86_64-linux-gnu/ld-linux-x86-64.so.2
7122c8cbf000-7122c8cee000 r-xp 00001000 103:02 20739802                  /usr/lib/x86_64-linux-gnu/ld-linux-x86-64.so.2
7122c8cee000-7122c8cf9000 r--p 00030000 103:02 20739802                  /usr/lib/x86_64-linux-gnu/ld-linux-x86-64.so.2
7122c8cf9000-7122c8cfb000 r--p 0003b000 103:02 20739802                  /usr/lib/x86_64-linux-gnu/ld-linux-x86-64.so.2
7122c8cfb000-7122c8cfc000 rw-p 0003d000 103:02 20739802                  /usr/lib/x86_64-linux-gnu/ld-linux-x86-64.so.2
7122c8cfc000-7122c8cfd000 rw-p 00000000 00:00 0 
7ffcec4d0000-7ffcec4f5000 rw-p 00000000 00:00 0                          [stack]
ffffffffff600000-ffffffffff601000 --xp 00000000 00:00 0                  [vsyscall]
Total number of mappings: 953

JVMTI agents: none


VM Arguments:
jvm_args: -Dfml.modFolders=mcreator%%/home/tillman/Desktop/programmieren/minecraft/MODS/KomischKristall/build/classes/java/main:mcreator%%/home/tillman/Desktop/programmieren/minecraft/MODS/KomischKristall/build/resources/main --sun-misc-unsafe-memory-access=allow --enable-native-access=ALL-UNNAMED --add-opens=java.base/java.lang.invoke=ALL-UNNAMED --add-exports=jdk.naming.dns/com.sun.jndi.dns=java.naming -Dcom.sun.management.jmxremote.port=1099 -Dcom.sun.management.jmxremote.local.only=true -Dcom.sun.management.jmxremote.ssl=false -Dcom.sun.management.jmxremote.authenticate=false -Dlog4j2.configurationFile=/home/tillman/Desktop/programmieren/minecraft/MODS/KomischKristall/build/moddev/clientLog4j2.xml -Djava.net.preferIPv6Addresses=system -Dneoforge.enableGameTest=true -Dforge.logging.markers=REGISTRIES -Dfile.encoding=UTF-8 -Duser.country=US -Duser.language=en -Duser.variant -Dawt.toolkit.name=XToolkit 
java_command: net.neoforged.devlaunch.Main @/home/tillman/Desktop/programmieren/minecraft/MODS/KomischKristall/build/moddev/clientRunProgramArgs.txt
java_class_path (initial): /home/tillman/Desktop/programmieren/minecraft/MODS/KomischKristall/build/classes/java/main:/home/tillman/Desktop/programmieren/minecraft/MODS/KomischKristall/build/resources/main:/home/tillman/Desktop/programmieren/minecraft/MODS/KomischKristall/build/moddev/artifacts/minecraft-patched-26.1.2.71.jar:/home/tillman/.mcreator/gradle/caches/modules-2/files-2.1/net.neoforged/DevLaunch/1.0.2/2e0e9a67793d5bfdedee4f9ea00934dbf3f2e22d/DevLaunch-1.0.2.jar:/home/tillman/.mcreator/gradle/caches/modules-2/files-2.1/net.neoforged/neoforge/26.1.2.71/2fb61eae2ea7b55fe17d0dba69cab130beb0a054/neoforge-26.1.2.71-universal.jar:/home/tillman/.mcreator/gradle/caches/modules-2/files-2.1/net.neoforged.fancymodloader/earlydisplay/11.0.13/491a1bedecb33802fa118cae384b60f91f6f0241/earlydisplay-11.0.13.jar:/home/tillman/.mcreator/gradle/caches/modules-2/files-2.1/net.neoforged.fancymodloader/loader/11.0.13/c9c89eaf35535990110088224d188748d81eaecf/loader-11.0.13.jar:/home/tillman/.mcreator/gradle/caches/modules-2/files-2.1/net.neoforged/accesstransformers/11.0.2/25dcb69c78b16669935f0ab91dff830ce192379d/accesstransformers-11.0.2.jar:/home/tillman/.mcreator/gradle/caches/modules-2/files-2.1/org.ow2.asm/asm-commons/9.9.1/ab35de4c537184a09339069f1a3b3aacf2289149/asm-commons-9.9.1.jar:/home/tillman/.mcreator/gradle/caches/modules-2/files-2.1/net.neoforged/mergetool/2.0.7/793b18456e92c4a7f66d9b5d8bf7a9c1c7a20b20/mergetool-2.0.7-api.jar:/home/tillman/.mcreator/gradle/caches/modules-2/files-2.1/org.ow2.asm/asm-util/9.9.1/e51f5b0ae0b0c1960687ae970a2a3434d39d8abb/asm-util-9.9.1.jar:/home/tillman/.mcreator/gradle/caches/modules-2/files-2.1/org.ow2.asm/asm-analysis/9.9.1/1ab8d9316ef7a67240087919a708246c37ed1660/asm-analysis-9.9.1.jar:/home/tillman/.mcreator/gradle/caches/modules-2/files-2.1/org.ow2.asm/asm-tree/9.9.1/b6b1b3366296163b4b1f540731aad0a2baa484d8/asm-tree-9.9.1.jar:/home/tillman/.mcreator/gradle/caches/modules-2/files-2.1/net.neoforged/bus/8.0.5/5b2d33285ab5d1554e9798ad98c40d6ea3868bd5/bus-8.0.5.jar:/home/tillman/.mcreator/gradle/caches/modules-2/files-2.1/org.ow2.asm/asm/9.9.1/2ceea6ab43bcae1979b2a6d85fc0ca429877e5ab/asm-9.9.1.jar:/home/tillman/.mcreator/gradle/caches/modules-2/files-2.1/com.electronwill.night-config/toml/3.8.3/90b2fd6efcb4a7d5b9810cf78f9d824994d717f2/toml-3.8.3.jar:/home/tillman/.mcreator/gradle/caches/modules-2/files-2.1/com.electronwill.night-config/core/3.8.3/b442a95f09e349927f5a945ecb594455870fcf4f/core-3.8.3.jar:/home/tillman/.mcreator/gradle/caches/modules-2/files-2.1/net.neoforged/JarJarSelector/0.5.0/64e4956b8dcdd6537eba96590f12fa1f3ba2f831/JarJarSelector-0.5.0.jar:/home/tillman/.mcreator/gradle/caches/modules-2/files-2.1/net.neoforged/JarJarMetadata/0.5.0/6f03d0ac17102c33cb7384e42a2e22eda2a3ad8c/JarJarMetadata-0.5.0.jar:/home/tillman/.mcreator/gradle/caches/modules-2/files-2.1/org.apache.maven/maven-artifact/3.9.9/a130ec431ef32e12a4424f9b074735bb58e15d2d/maven-artifact-3.9.9.jar:/home/tillman/.mcreator/gradle/caches/modules-2/files-2.1/net.jodah/typetools/0.6.3/a01aaa6ddaea9ec07ec4f209487b7a46a526283a/typetools-0.6.3.jar:/home/tillman/.mcreator/gradle/caches/modules-2/files-2.1/net.minecrell/terminalconsoleappender/1.3.0/b562e9bb61235c9520e26282cdee71f8f802d1fc/terminalconsoleappender-1.3.0.jar:/home/tillman/.mcreator/gradle/caches/modules-2/files-2.1/net.fabricmc/sponge-mixin/0.17.3+mixin.0.8.7/41c4a3984a80f4679e759fb9f495587acc5cdac7/sponge-mixin-0.17.3+mixin.0.8.7.jar:/home/tillman/.mcreator/gradle/caches/modules-2/files-2.1/net.sf.jopt-simple/jopt-simple/5.0.4/4fdac2fbe92dfad86aa6e9301736f6b4342a3f5c/jopt-simple-5.0.4.jar:/home/tillman/.mcreator/gradle/caches/modules-2/files-2.1/commons-io/commons-io/2.20.0/36f3474daec2849c149e877614e7f979b2082cd2/commons-io-2.20.0.jar:/home/tillman/.mcreator/gradle/caches/modules-2/files-2.1/org.lwjgl/lwjgl-tinyfd/3.4.1/562697d40dbd2ed0424bf24dcf65d51170f81adf/lwjgl-tinyfd-3.4.1.jar:/home/tillman/.mcreator/gradle/caches/modules-2/files-2.1/org.lwjgl/lwjgl-tinyfd/3.4.1/fc6a72690afc8defb60d82ad1de64dd8f537154c/lwjgl-tinyfd-3.4.1-natives-linux.jar:/home/tillman/.mcreator/gradle/caches/modules-2/files-2.1/com.mojang/logging/1.6.11/fd147240733010c158249d986323f9ef98977fe/logging-1.6.11.jar:/home/tillman/.mcreator/gradle/caches/modules-2/files-2.1/org.apache.logging.log4j/log4j-slf4j2-impl/2.25.2/5eec0c392661dee8a366baec17e8896900dd978f/log4j-slf4j2-impl-2.25.2.jar:/home/tillman/.mcreator/gradle/caches/modules-2/files-2.1/org.apache.logging.log4j/log4j-core/2.25.2/d4d0ad2e51e03e531f784891fbfff1bae1e13a12/log4j-core-2.25.2.jar:/home/tillman/.mcreator/gradle/caches/modules-2/files-2.1/org.apache.logging.log4j/log4j-api/2.25.2/292c1a2b1702f1e1e3adb13e1c57e5bff60335ff/log4j-api-2.25.2.jar:/home/tillman/.mcreator/gradle/caches/modules-2/files-2.1/com.google.guava/guava/33.5.0-jre/8699de25f2f979108d6c1b804a7ba38cda1116bc/guava-33.5.0-jre.jar:/home/tillman/.mcreator/gradle/caches/modules-2/files-2.1/com.google.code.gson/gson/2.13.2/48b8230771e573b54ce6e867a9001e75977fe78e/gson-2.13.2.jar:/home/tillman/.mcreator/gradle/caches/modules-2/files-2.1/org.apache.commons/commons-lang3/3.19.0/d6524b169a6574cd253760c472d419b47bfd37e6/commons-lang3-3.19.0.jar:/home/tillman/.mcreator/gradle/caches/modules-2/files-2.1/net.neoforged.accesstransformers/at-parser/11.0.2/64aae57d6d26d69543c5275181fe6971707a4e16/at-parser-11.0.2.jar:/home/tillman/.mcreator/gradle/caches/modules-2/files-2.1/org.slf4j/slf4j-api/2.0.17/d9e58ac9c7779ba3bf8142aff6c830617a7fe60f/slf4j-api-2.0.17.jar:/home/tillman/.mcreator/gradle/caches/modules-2/files-2.1/net.neoforged/srgutils/1.0.10/abb471237b33b19f040ada00bfbad1ec45b949b6/srgutils-1.0.10.jar:/home/tillman/.mcreator/gradle/caches/modules-2/files-2.1/org.codehaus.plexus/plexus-utils/3.5.1/c6bfb17c97ecc8863e88778ea301be742c62b06d/plexus-utils-3.5.1.jar:/home/tillman/.mcreator/gradle/caches/modules-2/files-2.1/org.jline/jline-reader/3.20.0/8f15415b022a25b473e8e16c28ae913186ffb9c4/jline-reader-3.20.0.jar:/home/tillman/.mcreator/gradle/caches/modules-2/files-2.1/com.google.code.findbugs/jsr305/3.0.2/25ea2e8b0c338a877313bd4672d3fe056ea78f0d/jsr305-3.0.2.jar:/home/tillman/.mcreator/gradle/caches/modules-2/files-2.1/org.jetbrains/annotations/26.0.2-1/c7ce3cdeda3d18909368dfe5977332dfad326c6d/annotations-26.0.2-1.jar:/home/tillman/.mcreator/gradle/caches/modules-2/files-2.1/ca.weblite/java-objc-bridge/1.1/1227f9e0666314f9de41477e3ec277e542ed7f7b/java-objc-bridge-1.1.jar:/home/tillman/.mcreator/gradle/caches/modules-2/files-2.1/org.lwjgl/lwjgl/3.4.1/6105690714874b995aa7812e4f7732a21109276c/lwjgl-3.4.1.jar:/home/tillman/.mcreator/gradle/caches/modules-2/files-2.1/org.lwjgl/lwjgl/3.4.1/2734e106bd95db49fe0da8cf8bf7fd96475c436c/lwjgl-3.4.1-natives-linux.jar:/home/tillman/.mcreator/gradle/caches/modules-2/files-2.1/org.lwjgl/lwjgl-freetype/3.4.1/caa75a37e857efc9b0686e434d708d6420c5b6ea/lwjgl-freetype-3.4.1.jar:/home/tillman/.mcreator/gradle/caches/modules-2/files-2.1/org.lwjgl/lwjgl-freetype/3.4.1/40a29a29b1549c4cad073ccd682e3776ffb454fa/lwjgl-freetype-3.4.1-natives-linux.jar:/home/tillman/.mcreator/gradle/caches/modules-2/files-2.1/org.lwjgl/lwjgl-glfw/3.4.1/a782b1ddd175c9107bf300fd92920579ea65e2a4/lwjgl-glfw-3.4.1.jar:/home/tillman/.mcreator/gradle/caches/modules-2/files-2.1/org.lwjgl/lwjgl-glfw/3.4.1/23cdf7655ce9f3b27ad90f08e73345e0d5b46362/lwjgl-glfw-3.4.1-natives-linux.jar:/home/tillman/.mcreator/gradle/caches/modules-2/files-2.1/org.lwjgl/lwjgl-jemalloc/3.4.1/16b663092854fc6adfe0a941e61cae2bb2e437b6/lwjgl-jemalloc-3.4.1.jar:/home/tillman/.mcreator/gradle/caches/modules-2/files-2.1/org.lwjgl/lwjgl-jemalloc/3.4.1/b83c82d941f2e624d150d6d1e2efcf4ea49ff8ea/lwjgl-jemalloc-3.4.1-natives-linux.jar:/home/tillman/.mcreator/gradle/caches/modules-2/files-2.1/org.lwjgl/lwjgl-openal/3.4.1/8508bd60589de0539aa465b78fcf838efd07ae9a/lwjgl-openal-3.4.1.jar:/home/tillman/.mcreator/gradle/caches/modules-2/files-2.1/org.lwjgl/lwjgl-openal/3.4.1/dbff577119266cd4312e4eb9cc2b171407c56360/lwjgl-openal-3.4.1-natives-linux.jar:/home/tillman/.mcreator/gradle/caches/modules-2/files-2.1/org.lwjgl/lwjgl-opengl/3.4.1/830412cab823c029cda6b9729f9d2ed36cf79959/lwjgl-opengl-3.4.1.jar:/home/tillman/.mcreator/gradle/caches/modules-2/files-2.1/org.lwjgl/lwjgl-opengl/3.4.1/b750599f0e75ddb19f1d0fe993f3011334b710ae/lwjgl-opengl-3.4.1-natives-linux.jar:/home/tillman/.mcreator/gradle/caches/modules-2/files-2.1/org.lwjgl/lwjgl-stb/3.4.1/f077c3dafc31924fbe8acb0b913f08977ba27f8e/lwjgl-stb-3.4.1.jar:/home/tillman/.mcreator/gradle/caches/modules-2/files-2.1/org.lwjgl/lwjgl-stb/3.4.1/7e1cfae909da6c68f3cb6073a9bfeb6c90e82a57/lwjgl-stb-3.4.1-natives-linux.jar:/home/tillman/.mcreator/gradle/caches/modules-2/files-2.1/com.google.guava/failureaccess/1.0.3/aeaffd00d57023a2c947393ed251f0354f0985fc/failureaccess-1.0.3.jar:/home/tillman/.mcreator/gradle/caches/modules-2/files-2.1/com.google.guava/listenablefuture/9999.0-empty-to-avoid-conflict-with-guava/b421526c5f297295adef1c886e5246c39d4ac629/listenablefuture-9999.0-empty-to-avoid-conflict-with-guava.jar:/home/tillman/.mcreator/gradle/caches/modules-2/files-2.1/com.google.errorprone/error_prone_annotations/2.41.0/4381275efdef6ddfae38f002c31e84cd001c97f0/error_prone_annotations-2.41.0.jar:/home/tillman/.mcreator/gradle/caches/modules-2/files-2.1/com.google.j2objc/j2objc-annotations/3.1/a892ca9507839bbdb900d64310ac98256cab992f/j2objc-annotations-3.1.jar:/home/tillman/.mcreator/gradle/caches/modules-2/files-2.1/org.jline/jline-terminal/3.20.0/d0ddcc708ddf527a3454c941b7b9225cc83a15ff/jline-terminal-3.20.0.jar:/home/tillman/.mcreator/gradle/caches/modules-2/files-2.1/at.yawk.lz4/lz4-java/1.10.1/f541d7f910fe3d76f38f799c507c48cc81b12ecb/lz4-java-1.10.1.jar:/home/tillman/.mcreator/gradle/caches/modules-2/files-2.1/com.azure/azure-json/1.4.0/fcc1d354dbc3e0300e5276b1bf124d0247799cd8/azure-json-1.4.0.jar:/home/tillman/.mcreator/gradle/caches/modules-2/files-2.1/com.github.oshi/oshi-core/6.9.0/3224870731860cfcd7744581a05b559e94291e7/oshi-core-6.9.0.jar:/home/tillman/.mcreator/gradle/caches/modules-2/files-2.1/com.ibm.icu/icu4j/77.1/38693cf0b1d7362a8b726af74dc06026a7c23809/icu4j-77.1.jar:/home/tillman/.mcreator/gradle/caches/modules-2/files-2.1/com.microsoft.azure/msal4j/1.23.1/6c722b514873b24a4e1ce9c22dca36ea3c22bdbe/msal4j-1.23.1.jar:/home/tillman/.mcreator/gradle/caches/modules-2/files-2.1/com.mojang/authlib/7.0.63/54895b4e25e8b9b4cbbbe25f24eccf2b71b1ac2b/authlib-7.0.63.jar:/home/tillman/.mcreator/gradle/caches/modules-2/files-2.1/com.mojang/blocklist/1.0.10/5c685c5ffa94c4cd39496c7184c1d122e515ecef/blocklist-1.0.10.jar:/home/tillman/.mcreator/gradle/caches/modules-2/files-2.1/com.mojang/brigadier/1.3.10/d15b53a14cf20fdcaa98f731af5dda654452c010/brigadier-1.3.10.jar:/home/tillman/.mcreator/gradle/caches/modules-2/files-2.1/com.mojang/datafixerupper/9.0.19/4e91f9712fa1e83231d1501625381b0210a977da/datafixerupper-9.0.19.jar:/home/tillman/.mcreator/gradle/caches/modules-2/files-2.1/com.mojang/jtracy/1.0.37/a3fb649b2e2b2288d2978f0b0bc3d83f62809d1e/jtracy-1.0.37.jar:/home/tillman/.mcreator/gradle/caches/modules-2/files-2.1/com.mojang/jtracy/1.0.37/e1b4395227af41195da9e2ead13c48ee0b7d31cd/jtracy-1.0.37-natives-linux.jar:/home/tillman/.mcreator/gradle/caches/modules-2/files-2.1/com.mojang/patchy/2.2.10/da05971b07cbb379d002cf7eaec6a2048211fefc/patchy-2.2.10.jar:/home/tillman/.mcreator/gradle/caches/modules-2/files-2.1/com.mojang/text2speech/1.18.11/e853a12cdd6ba4f4836e8f4bf3b37844a13482b6/text2speech-1.18.11.jar:/home/tillman/.mcreator/gradle/caches/modules-2/files-2.1/commons-codec/commons-codec/1.19.0/8c0dbe3ae883fceda9b50a6c76e745e548073388/commons-codec-1.19.0.jar:/home/tillman/.mcreator/gradle/caches/modules-2/files-2.1/io.netty/netty-buffer/4.2.7.Final/5555ff561643bf2f8430fb57c24403c0efe15994/netty-buffer-4.2.7.Final.jar:/home/tillman/.mcreator/gradle/caches/modules-2/files-2.1/io.netty/netty-codec-base/4.2.7.Final/915e381ebabcf115f1c7ff7032d55c48afb50210/netty-codec-base-4.2.7.Final.jar:/home/tillman/.mcreator/gradle/caches/modules-2/files-2.1/io.netty/netty-codec-compression/4.2.7.Final/572341bc1ca90fd9d6e47f1d2694aab5258566e9/netty-codec-compression-4.2.7.Final.jar:/home/tillman/.mcreator/gradle/caches/modules-2/files-2.1/io.netty/netty-codec-http/4.2.7.Final/b734c108854099c421fd94d92d9f865e4d4da853/netty-codec-http-4.2.7.Final.jar:/home/tillman/.mcreator/gradle/caches/modules-2/files-2.1/io.netty/netty-common/4.2.7.Final/11aa30df26af4fca3239ac1917f303a280f301e1/netty-common-4.2.7.Final.jar:/home/tillman/.mcreator/gradle/caches/modules-2/files-2.1/io.netty/netty-handler/4.2.7.Final/7ad8a1f851e2e6fe93cdd091871fda2b81c03b5b/netty-handler-4.2.7.Final.jar:/home/tillman/.mcreator/gradle/caches/modules-2/files-2.1/io.netty/netty-resolver/4.2.7.Final/5f3e5ef8de03992cd4fb46960dc0085ec1a12a12/netty-resolver-4.2.7.Final.jar:/home/tillman/.mcreator/gradle/caches/modules-2/files-2.1/io.netty/netty-transport-classes-epoll/4.2.7.Final/1075c09f48a78eef9d819fbfd9096b903fdd362a/netty-transport-classes-epoll-4.2.7.Final.jar:/home/tillman/.mcreator/gradle/caches/modules-2/files-2.1/io.netty/netty-transport-classes-kqueue/4.2.7.Final/bdec7c23c75caabd848426d073c09568e8d5f94e/netty-transport-classes-kqueue-4.2.7.Final.jar:/home/tillman/.mcreator/gradle/caches/modules-2/files-2.1/io.netty/netty-transport-native-unix-common/4.2.7.Final/89953f04259ea7502cffb313630dd51e00e60669/netty-transport-native-unix-common-4.2.7.Final.jar:/home/tillman/.mcreator/gradle/caches/modules-2/files-2.1/io.netty/netty-transport/4.2.7.Final/83ea548981d0d8c4a98027cc1a6f9624f902e142/netty-transport-4.2.7.Final.jar:/home/tillman/.mcreator/gradle/caches/modules-2/files-2.1/it.unimi.dsi/fastutil/8.5.18/a6cff377eecc19c2037bf31568a6d7106b50ba1f/fastutil-8.5.18.jar:/home/tillman/.mcreator/gradle/caches/modules-2/files-2.1/net.java.dev.jna/jna-platform/5.17.0/a4934c44d25a9d8c2ddf4203affd20330cb3426f/jna-platform-5.17.0.jar:/home/tillman/.mcreator/gradle/caches/modules-2/files-2.1/net.java.dev.jna/jna/5.17.0/33d12735bef894440780fce64f9758d420c7bae2/jna-5.17.0.jar:/home/tillman/.mcreator/gradle/caches/modules-2/files-2.1/org.apache.commons/commons-compress/1.28.0/e482f2c7a88dac3c497e96aa420b6a769f59c8d7/commons-compress-1.28.0.jar:/home/tillman/.mcreator/gradle/caches/modules-2/files-2.1/org.jcraft/jorbis/0.0.17/8872d22b293e8f5d7d56ff92be966e6dc28ebdc6/jorbis-0.0.17.jar:/home/tillman/.mcreator/gradle/caches/modules-2/files-2.1/org.joml/joml/1.10.8/fc0a71dad90a2cf41d82a76156a0e700af8e4f8d/joml-1.10.8.jar:/home/tillman/.mcreator/gradle/caches/modules-2/files-2.1/org.jspecify/jspecify/1.0.0/7425a601c1c7ec76645a78d22b8c6a627edee507/jspecify-1.0.0.jar:/home/tillman/.mcreator/gradle/caches/modules-2/files-2.1/io.netty/netty-transport-native-epoll/4.2.7.Final/98d02251c98c8f07a23ac5ea27657d9e0ef57614/netty-transport-native-epoll-4.2.7.Final-linux-aarch_64.jar:/home/tillman/.mcreator/gradle/caches/modules-2/files-2.1/io.netty/netty-transport-native-epoll/4.2.7.Final/e83998bfc10b5289d9bcbe807c4079ef0eed8e6f/netty-transport-native-epoll-4.2.7.Final-linux-x86_64.jar
Launcher Type: SUN_STANDARD

[Global flags]
     intx CICompilerCount                          = 12                                        {product} {ergonomic}
     uint ConcGCThreads                            = 3                                         {product} {ergonomic}
     uint G1ConcRefinementThreads                  = 13                                        {product} {ergonomic}
   size_t G1HeapRegionSize                         = 4194304                                   {product} {ergonomic}
   size_t InitialHeapSize                          = 511705088                                 {product} {ergonomic}
     bool ManagementServer                         = true                                      {product} {command line}
   size_t MarkStackSize                            = 4194304                                   {product} {ergonomic}
   size_t MarkStackSizeMax                         = 536870912                                 {product} {ergonomic}
   size_t MaxHeapSize                              = 8124366848                                {product} {ergonomic}
   size_t MaxNewSize                               = 4873781248                                {product} {ergonomic}
   size_t MinHeapDeltaBytes                        = 4194304                                   {product} {ergonomic}
   size_t MinHeapSize                              = 8388608                                   {product} {ergonomic}
    uintx NonNMethodCodeHeapSize                   = 7602176                                {pd product} {ergonomic}
    uintx NonProfiledCodeHeapSize                  = 122032128                              {pd product} {ergonomic}
    uintx ProfiledCodeHeapSize                     = 122023936                              {pd product} {ergonomic}
    uintx ReservedCodeCacheSize                    = 251658240                              {pd product} {ergonomic}
     bool SegmentedCodeCache                       = true                                      {product} {ergonomic}
   size_t SoftMaxHeapSize                          = 8124366848                             {manageable} {ergonomic}
     bool UseCompressedOops                        = true                           {product lp64_product} {ergonomic}
     bool UseG1GC                                  = true                                      {product} {ergonomic}

Logging:
Log output configuration:
 #0: stdout all=warning uptime,level,tags foldmultilines=false
 #1: stderr all=off uptime,level,tags foldmultilines=false

Release file:
JAVA_VERSION="25.0.2"
MODULES="java.base java.datatransfer java.xml java.prefs java.desktop gluegen.rt java.compiler java.instrument java.logging java.management java.security.sasl java.naming java.rmi java.management.rmi java.net.http java.scripting java.security.jgss java.transaction.xa java.sql java.sql.rowset java.xml.crypto java.se java.smartcardio jogl.all jcef jdk.accessibility jdk.internal.jvmstat jdk.attach jdk.charsets jdk.internal.opt jdk.zipfs jdk.compiler jdk.crypto.cryptoki jdk.crypto.ec jdk.dynalink jdk.internal.ed jdk.editpad jdk.internal.vm.ci jdk.graal.compiler jdk.graal.compiler.management jdk.hotspot.agent jdk.httpserver jdk.incubator.vector jdk.internal.le jdk.internal.md jdk.jartool jdk.javadoc jdk.jcmd jdk.management jdk.management.agent jdk.jconsole jdk.jdeps jdk.jdwp.agent jdk.jdi jdk.jfr jdk.jlink jdk.jpackage jdk.jshell jdk.jsobject jdk.jstatd jdk.localedata jdk.management.jfr jdk.naming.dns jdk.naming.rmi jdk.net jdk.nio.mapmode jdk.sctp jdk.security.auth jdk.security.jgss jdk.unsupported jdk.unsupported.desktop jdk.xml.dom"
IMPLEMENTOR="JetBrains s.r.o."
IMPLEMENTOR_VERSION="JBRSDK-25.0.2+10-329.117-jcef"
JAVA_RUNTIME_VERSION="25.0.2+10-b329.117"
LIBC="gnu"
OS_ARCH="x86_64"
OS_NAME="Linux"
SOURCE=".:git:b692a8ec6ff7+ jcef_git:git:4a605f44671a"
JCEF_VERSION="137.0.17.1142+g68de80b"
JCEF_COMMIT_HASH="68de80bc86de497c8d0632ad0f8fe33625b33bff"
JCEF_VERSION_DETAILED=137.0.17-gf354b0e-chromium-137.0.7151.104-api-1.21-261-b81

Environment Variables:
JAVA_HOME=/home/tillman/snap/MCreator20262/jdk
PATH=/usr/local/sbin:/usr/local/bin:/usr/sbin:/usr/bin:/sbin:/bin:/usr/games:/usr/local/games:/snap/bin:/snap/bin
USERNAME=tillman
SHELL=/bin/bash
DISPLAY=:0
WAYLAND_DISPLAY=wayland-0
LANG=en_US.UTF-8
TERM=xterm-256color

Active Locale:
LC_ALL=en_US.UTF-8
LC_COLLATE=en_US.UTF-8
LC_CTYPE=en_US.UTF-8
LC_MESSAGES=en_US.UTF-8
LC_MONETARY=en_US.UTF-8
LC_NUMERIC=en_US.UTF-8
LC_TIME=en_US.UTF-8

Signal Handlers:
   SIGSEGV: crash_handler in libjvm.so, mask=11100100010111111101111111111110, flags=SA_RESTART|SA_SIGINFO, unblocked
    SIGBUS: crash_handler in libjvm.so, mask=11100100010111111101111111111110, flags=SA_RESTART|SA_SIGINFO, unblocked
    SIGFPE: crash_handler in libjvm.so, mask=11100100010111111101111111111110, flags=SA_RESTART|SA_SIGINFO, unblocked
   SIGPIPE: javaSignalHandler in libjvm.so, mask=11100100010111111101111111111110, flags=SA_RESTART|SA_SIGINFO, blocked
   SIGXFSZ: javaSignalHandler in libjvm.so, mask=11100100010111111101111111111110, flags=SA_RESTART|SA_SIGINFO, blocked
    SIGILL: crash_handler in libjvm.so, mask=11100100010111111101111111111110, flags=SA_RESTART|SA_SIGINFO, unblocked
   SIGUSR2: SR_handler in libjvm.so, mask=00000000000000000000000000000000, flags=SA_RESTART|SA_SIGINFO, blocked
    SIGHUP: UserHandler in libjvm.so, mask=11100100010111111101111111111110, flags=SA_RESTART|SA_SIGINFO, blocked
    SIGINT: UserHandler in libjvm.so, mask=11100100010111111101111111111110, flags=SA_RESTART|SA_SIGINFO, blocked
   SIGTERM: UserHandler in libjvm.so, mask=11100100010111111101111111111110, flags=SA_RESTART|SA_SIGINFO, blocked
   SIGQUIT: UserHandler in libjvm.so, mask=11100100010111111101111111111110, flags=SA_RESTART|SA_SIGINFO, blocked
   SIGTRAP: crash_handler in libjvm.so, mask=11100100010111111101111111111110, flags=SA_RESTART|SA_SIGINFO, unblocked


Compilation memory statistics disabled.

Periodic native trim disabled

JNI global refs:
JNI global refs: 72, weak refs: 45

JNI global refs memory usage: 1491, weak refs: 857

Process memory usage:
Resident Set Size: 3462332K (10% of 31734912K total physical memory with 14081764K free physical memory)

OOME stack traces (most recent first):
Classloader memory used:
Loader net.neoforged.fml.classloading.transformation.TransformingClassLoader           : 97720 K
Loader jdk.internal.loader.ClassLoaders$AppClassLoader                                 : 42661 K
Loader bootstrap                                                                       : 15326 K
Loader jdk.internal.loader.ClassLoaders$PlatformClassLoader                            : 968 K
Loader java.net.URLClassLoader                                                         : 30424 B
Loader sun.reflect.misc.MethodUtil                                                     : 4072 B

---------------  S Y S T E M  ---------------

OS:
DISTRIB_ID=Ubuntu
DISTRIB_RELEASE=26.04
DISTRIB_CODENAME=resolute
DISTRIB_DESCRIPTION="Ubuntu 26.04 LTS"
uname: Linux 7.0.0-27-generic #27-Ubuntu SMP PREEMPT_DYNAMIC Thu Jun 18 19:13:49 UTC 2026 x86_64
OS uptime: 0 days 19:43 hours
libc: glibc 2.43 NPTL 2.43 
rlimit (soft/hard): STACK 8192k/infinity , CORE 0k/infinity , NPROC 123788/123788 , NOFILE 524288/524288 , AS infinity/infinity , CPU infinity/infinity , DATA infinity/infinity , FSIZE infinity/infinity , MEMLOCK 8192k/8192k
load average: 5.59 4.00 2.89

/proc/meminfo:
MemTotal:       31734912 kB
MemFree:         1320580 kB
MemAvailable:   14081524 kB
Buffers:          908436 kB
Cached:         12378800 kB
SwapCached:            0 kB
Active:         17764916 kB
Inactive:        9032880 kB
Active(anon):   13668468 kB
Inactive(anon):   480584 kB
Active(file):    4096448 kB
Inactive(file):  8552296 kB
Unevictable:         304 kB
Mlocked:             304 kB
SwapTotal:       8388604 kB
SwapFree:        8388604 kB
Zswap:                 0 kB
Zswapped:              0 kB
Dirty:             14916 kB
Writeback:             0 kB
AnonPages:      13511584 kB
Mapped:          2750520 kB
Shmem:            638268 kB
KReclaimable:     571460 kB
Slab:            1029332 kB
SReclaimable:     571460 kB
SUnreclaim:       457872 kB
KernelStack:       40448 kB
PageTables:       136688 kB
SecPageTables:      6136 kB
NFS_Unstable:          0 kB
Bounce:                0 kB
WritebackTmp:          0 kB
CommitLimit:    24256060 kB
Committed_AS:   57715504 kB
VmallocTotal:   34359738367 kB
VmallocUsed:      147816 kB
VmallocChunk:          0 kB
Percpu:            25728 kB
HardwareCorrupted:     0 kB
AnonHugePages:         0 kB
ShmemHugePages:        0 kB
ShmemPmdMapped:        0 kB
FileHugePages:    335872 kB
FilePmdMapped:      2048 kB
CmaTotal:              0 kB
CmaFree:               0 kB
Unaccepted:            0 kB
Balloon:               0 kB
HugePages_Total:       0
HugePages_Free:        0
HugePages_Rsvd:        0
HugePages_Surp:        0
Hugepagesize:       2048 kB
Hugetlb:               0 kB
DirectMap4k:     2136264 kB
DirectMap2M:    24004608 kB
DirectMap1G:     8388608 kB

/sys/kernel/mm/transparent_hugepage/enabled: always [madvise] never
/sys/kernel/mm/transparent_hugepage/hpage_pmd_size: 2097152
/sys/kernel/mm/transparent_hugepage/shmem_enabled: always within_size advise [never] deny force
/sys/kernel/mm/transparent_hugepage/defrag (defrag/compaction efforts parameter): always defer defer+madvise [madvise] never

Process Memory:
Virtual Size: 18085196K (peak: 18136348K)
Resident Set Size: 3462328K (peak: 3462328K) (anon: 3330040K, file: 128408K, shmem: 3880K)
Swapped out: 0K
C-Heap outstanding allocations: 609423K, retained: 983464K
glibc malloc tunables: (default)

/proc/sys/kernel/threads-max (system-wide limit on the number of threads): 247576
/proc/sys/vm/max_map_count (maximum number of memory map areas a process may have): 1048576
/proc/sys/vm/swappiness (control to define how aggressively the kernel swaps out anonymous memory): 60
/proc/sys/kernel/pid_max (system-wide limit on number of process identifiers): 4194304

container information not found.
Steal ticks since vm start: 0
Steal ticks percentage since vm start:  0.000

CPU: total 16 (initial active 16) (16 cores per cpu, 2 threads per core) family 23 model 113 stepping 0 microcode 0x8701034, cx8, cmov, fxsr, ht, mmx, 3dnowpref, sse, sse2, sse3, ssse3, sse4a, sse4.1, sse4.2, popcnt, lzcnt, tsc, tscinvbit, avx, avx2, aes, clmul, bmi1, bmi2, adx, sha, fma, vzeroupper, clflush, clflushopt, clwb, rdtscp, rdpid, f16c
CPU Model and flags from /proc/cpuinfo:
model name	: AMD Ryzen 7 3800X 8-Core Processor
flags		: fpu vme de pse tsc msr pae mce cx8 apic sep mtrr pge mca cmov pat pse36 clflush mmx fxsr sse sse2 ht syscall nx mmxext fxsr_opt pdpe1gb rdtscp lm constant_tsc rep_good nopl xtopology nonstop_tsc cpuid extd_apicid aperfmperf rapl pni pclmulqdq monitor ssse3 fma cx16 sse4_1 sse4_2 movbe popcnt aes xsave avx f16c rdrand lahf_lm cmp_legacy extapic cr8_legacy abm sse4a misalignsse 3dnowprefetch osvw ibs skinit wdt tce topoext perfctr_core perfctr_nb bpext perfctr_llc mwaitx cpb cat_l3 cdp_l3 hw_pstate ssbd mba ibpb stibp vmmcall fsgsbase bmi1 avx2 smep bmi2 cqm rdt_a rdseed adx smap clflushopt clwb sha_ni xsaveopt xsavec xgetbv1 cqm_llc cqm_occup_llc cqm_mbm_total cqm_mbm_local clzero irperf xsaveerptr rdpru wbnoinvd arat npt lbrv svm_lock nrip_save tsc_scale vmcb_clean flushbyasid decodeassists pausefilter pfthreshold avic v_vmsave_vmload vgif v_spec_ctrl umip rdpid overflow_recov succor smca sev sev_es

Online cpus: 0-15
Offline cpus: 
BIOS frequency limitation: 3900000
Frequency switch latency (ns): 0
Available cpu frequencies: 3900000 2800000 2200000 
Current governor: schedutil
Core performance/turbo boost: 1

Memory: 4k page, physical 31734912k(14081524k free), swap 8388604k(8388604k free)
Page Sizes: 4k

vm_info: OpenJDK 64-Bit Server VM (25.0.2+10-b329.117) for linux-amd64 JRE (25.0.2+10-b329.117), built on 2026-04-20 with gcc 10.3.1 20210422 (Red Hat 10.3.1-1.2.0.1)

END.
