#
# A fatal error has been detected by the Java Runtime Environment:
#
#  SIGSEGV (0xb) at pc=0x000078876ba78e47, pid=113748, tid=113749
#
# JRE version: OpenJDK Runtime Environment JBR-25.0.2+10-329.117-jcef (25.0.2+10) (build 25.0.2+10-b329.117)
# Java VM: OpenJDK 64-Bit Server VM JBR-25.0.2+10-329.117-jcef (25.0.2+10-b329.117, mixed mode, sharing, tiered, compressed oops, compressed class ptrs, g1 gc, linux-amd64)
# Problematic frame:
# j  com.mojang.blaze3d.opengl.GlCommandEncoder.executeDrawMultiple(Lcom/mojang/blaze3d/opengl/GlRenderPass;Ljava/util/Collection;Lcom/mojang/blaze3d/buffers/GpuBuffer;Lcom/mojang/blaze3d/vertex/VertexFormat$IndexType;Ljava/util/Collection;Ljava/lang/Object;)V+217 minecraft@26.1.2
#
# Core dump will be written. Default location: Core dumps may be processed with "/usr/share/apport/apport -p%p -s%s -c%c -d%d -P%P -u%u -g%g -F%F -- %E" (or dumping to /home/tillman/Desktop/programmieren/minecraft/MODS/KomischKristall/run/core.113748)
#
# If you would like to submit a bug report, please visit:
#   https://youtrack.jetbrains.com/issues/JBR
#

---------------  S U M M A R Y ------------

Command Line: -Dfml.modFolders=mcreator%%/home/tillman/Desktop/programmieren/minecraft/MODS/KomischKristall/build/classes/java/main:mcreator%%/home/tillman/Desktop/programmieren/minecraft/MODS/KomischKristall/build/resources/main --sun-misc-unsafe-memory-access=allow --enable-native-access=ALL-UNNAMED --add-opens=java.base/java.lang.invoke=ALL-UNNAMED --add-exports=jdk.naming.dns/com.sun.jndi.dns=java.naming -Dcom.sun.management.jmxremote.port=1099 -Dcom.sun.management.jmxremote.local.only=true -Dcom.sun.management.jmxremote.ssl=false -Dcom.sun.management.jmxremote.authenticate=false -Dlog4j2.configurationFile=/home/tillman/Desktop/programmieren/minecraft/MODS/KomischKristall/build/moddev/clientLog4j2.xml -Djava.net.preferIPv6Addresses=system -Dneoforge.enableGameTest=true -Dforge.logging.markers=REGISTRIES -Dfile.encoding=UTF-8 -Duser.country=US -Duser.language=en -Duser.variant -Dawt.toolkit.name=XToolkit net.neoforged.devlaunch.Main @/home/tillman/Desktop/programmieren/minecraft/MODS/KomischKristall/build/moddev/clientRunProgramArgs.txt

Host: AMD Ryzen 7 3800X 8-Core Processor, 16 cores, 30G, Ubuntu 26.04 LTS
Time: Mon Aug  3 18:37:08 2026 CEST elapsed time: 123.531673 seconds (0d 0h 2m 3s)

---------------  T H R E A D  ---------------

Current thread (0x0000788778030400):  JavaThread "Render thread"        [_thread_in_Java, id=113749, stack(0x000078877e5da000,0x000078877e6da000) (1024K)]

Stack: [0x000078877e5da000,0x000078877e6da000],  sp=0x000078877e6d78a0,  free space=1014k
Native frames: (J=compiled Java code, j=interpreted, Vv=VM code, C=native code)
j  com.mojang.blaze3d.opengl.GlCommandEncoder.executeDrawMultiple(Lcom/mojang/blaze3d/opengl/GlRenderPass;Ljava/util/Collection;Lcom/mojang/blaze3d/buffers/GpuBuffer;Lcom/mojang/blaze3d/vertex/VertexFormat$IndexType;Ljava/util/Collection;Ljava/lang/Object;)V+217 minecraft@26.1.2
J 34866 c2 net.minecraft.client.renderer.chunk.ChunkSectionsToRender.renderGroup(Lnet/minecraft/client/renderer/chunk/ChunkSectionLayerGroup;Lcom/mojang/blaze3d/textures/GpuSampler;)V minecraft@26.1.2 (349 bytes) @ 0x000078876cf1b82c [0x000078876cf1ac80+0x0000000000000bac]
J 37689 c2 net.minecraft.client.renderer.LevelRenderer.lambda$addMainPass$0(Lcom/mojang/blaze3d/buffers/GpuBufferSlice;Lnet/minecraft/client/renderer/state/level/LevelRenderState;Lnet/minecraft/util/profiling/ProfilerFiller;Lnet/minecraft/client/renderer/chunk/ChunkSectionsToRender;Lorg/joml/Matrix4fc;Lcom/mojang/blaze3d/resource/ResourceHandle;Lcom/mojang/blaze3d/resource/ResourceHandle;Lcom/mojang/blaze3d/resource/ResourceHandle;Lcom/mojang/blaze3d/resource/ResourceHandle;Lcom/mojang/blaze3d/resource/ResourceHandle;Z)V minecraft@26.1.2 (767 bytes) @ 0x000078876d19d3b4 [0x000078876d19d2a0+0x0000000000000114]
J 35185 c2 net.minecraft.client.renderer.LevelRenderer$$Lambda+0x000000001c9be910.run()V minecraft@26.1.2 (52 bytes) @ 0x000078876c340fb8 [0x000078876c340f00+0x00000000000000b8]
J 32086 c2 com.mojang.blaze3d.framegraph.FrameGraphBuilder.execute(Lcom/mojang/blaze3d/resource/GraphicsResourceAllocator;Lcom/mojang/blaze3d/framegraph/FrameGraphBuilder$Inspector;)V minecraft@26.1.2 (276 bytes) @ 0x000078876c465df4 [0x000078876c464a00+0x00000000000013f4]
J 36577 c2 net.minecraft.client.renderer.LevelRenderer.renderLevel(Lcom/mojang/blaze3d/resource/GraphicsResourceAllocator;Lnet/minecraft/client/DeltaTracker;ZLnet/minecraft/client/renderer/state/level/CameraRenderState;Lorg/joml/Matrix4fc;Lcom/mojang/blaze3d/buffers/GpuBufferSlice;Lorg/joml/Vector4f;ZLnet/minecraft/client/renderer/chunk/ChunkSectionsToRender;)V minecraft@26.1.2 (617 bytes) @ 0x000078876d628a70 [0x000078876d627180+0x00000000000018f0]
J 40853 c2 net.minecraft.client.renderer.GameRenderer.renderLevel(Lnet/minecraft/client/DeltaTracker;)V minecraft@26.1.2 (706 bytes) @ 0x000078876cbf5564 [0x000078876cbf3c20+0x0000000000001944]
J 34954 c2 net.minecraft.client.renderer.GameRenderer.render(Lnet/minecraft/client/DeltaTracker;Z)V minecraft@26.1.2 (446 bytes) @ 0x000078876cce0cb8 [0x000078876cce0220+0x0000000000000a98]
J 36579 c2 net.minecraft.client.Minecraft.renderFrame(Z)V minecraft@26.1.2 (528 bytes) @ 0x000078876d6303e8 [0x000078876d62f020+0x00000000000013c8]
J 38599 c2 net.minecraft.client.Minecraft.runTick(Z)V minecraft@26.1.2 (637 bytes) @ 0x000078876cdcd618 [0x000078876cdcc920+0x0000000000000cf8]
J 39397% c1 net.minecraft.client.Minecraft.run()V minecraft@26.1.2 (284 bytes) @ 0x00007887648fbac4 [0x00007887648f9700+0x00000000000023c4]
j  net.minecraft.client.main.Main.main([Ljava/lang/String;)V+1553 minecraft@26.1.2
J 3687 c1 java.lang.invoke.DirectMethodHandle$Holder.invokeStatic(Ljava/lang/Object;Ljava/lang/Object;)V java.base@25.0.2 (14 bytes) @ 0x0000788764b945e4 [0x0000788764b94280+0x0000000000000364]
j  java.lang.invoke.LambdaForm$MH+0x000000001b206800.invokeExact_MT(Ljava/lang/Object;Ljava/lang/Object;Ljava/lang/Object;)V+19 java.base@25.0.2
j  net.neoforged.fml.startup.Client.main([Ljava/lang/String;)V+28
j  java.lang.invoke.DirectMethodHandle$Holder.invokeStatic(Ljava/lang/Object;Ljava/lang/Object;)V+10 java.base@25.0.2
j  java.lang.invoke.LambdaForm$MH+0x000000001b046800.invoke(Ljava/lang/Object;Ljava/lang/Object;Ljava/lang/Object;)Ljava/lang/Object;+33 java.base@25.0.2
j  java.lang.invoke.Invokers$Holder.invokeExact_MT(Ljava/lang/Object;Ljava/lang/Object;Ljava/lang/Object;Ljava/lang/Object;)Ljava/lang/Object;+20 java.base@25.0.2
j  jdk.internal.reflect.DirectMethodHandleAccessor.invokeImpl(Ljava/lang/Object;[Ljava/lang/Object;)Ljava/lang/Object;+55 java.base@25.0.2
j  jdk.internal.reflect.DirectMethodHandleAccessor.invoke(Ljava/lang/Object;[Ljava/lang/Object;)Ljava/lang/Object;+23 java.base@25.0.2
j  java.lang.reflect.Method.invoke(Ljava/lang/Object;[Ljava/lang/Object;)Ljava/lang/Object;+102 java.base@25.0.2
j  net.neoforged.devlaunch.Main.main([Ljava/lang/String;)V+183
v  ~StubRoutines::call_stub 0x000078876ba5ffa6
V  [libjvm.so+0x9f5940]  JavaCalls::call_helper(JavaValue*, methodHandle const&, JavaCallArguments*, JavaThread*)+0x2b0
V  [libjvm.so+0xab0ea3]  jni_invoke_static(JNIEnv_*, JavaValue*, _jobject*, JNICallType, _jmethodID*, JNI_ArgumentPusher*, JavaThread*) [clone .constprop.1]+0x363
V  [libjvm.so+0xab3448]  jni_CallStaticVoidMethod+0x128
C  [libjli.so+0x39dc]  invokeStaticMainWithArgs+0x4c
C  [libjli.so+0x4a1a]  JavaMain+0xe5a
C  [libjli.so+0x7c29]  ThreadJavaMain+0x9
C  [libc.so.6+0xa40da]

siginfo: si_signo: 11 (SIGSEGV), si_code: 1 (SEGV_MAPERR), si_addr: 0x000000081c9e3bac

Registers:
RAX=0x00000000194b4460, RBX=0x00000000194b46e0, RCX=0x00000000194b46e0, RDX=0x000000001c9e39a4
RSP=0x000078877e6d78a0, RBP=0x000078877e6d7908, RSI=0x0000788778000f40, RDI=0x000078877e6d77d0
R8 =0x0000000000000030, R9 =0xf0af23402d565df5, R10=0x0000000019000000, R11=0x000078876ba7d5a0
R12=0x0000000000000000, R13=0x000078861103ef99, R14=0x000000081c9e3bac, R15=0x0000788778030400
RIP=0x000078876ba78e47, EFLAGS=0x0000000000010202, CSGSFS=0x002b000000000033, ERR=0x0000000000000004
  TRAPNO=0x000000000000000e

XMM[0]=0x0000000000000000 0x0000000000000000
XMM[1]=0x0000000000000000 0x0000000000000000
XMM[2]=0x0000000000000000 0x00000000000000ff
XMM[3]=0x0000000000000000 0x00000000000000ff
XMM[4]=0x000078876cf1b82c 0x000078877e6d7918
XMM[5]=0x0000000000000000 0x000078876cf1ab88
XMM[6]=0x00000000cdc54bd5 0x0000780000000000
XMM[7]=0x000078876cf1b82c 0x000078877e6d7970
XMM[8]=0xfff1e87ffe4b2761 0xcb19c4bf981ed321
XMM[9]=0xcf0daf80cf0daf80 0xcf0daf8059add383
XMM[10]=0x0000000000000000 0x000000008aa02403
XMM[11]=0x61752f8061752f80 0x61752f80bb230303
XMM[12]=0x0000000000000000 0x0000000059add383
XMM[13]=0x0000000000000000 0x0000000000000000
XMM[14]=0x0000000000000000 0x000000003f7872b0
XMM[15]=0x0000000000000000 0x000000003d89c1d8
  MXCSR=0x00001fbf


Register to memory mapping:

RAX=0x00000000194b4460 is a pointer to class: 
java.util.function.BiConsumer {0x00000000194b4460}
 - instance size:     2
 - klass size:        72
 - access:            public interface abstract 
 - flags:             rewritten has_nonstatic_concrete_methods declares_nonstatic_concrete_methods defined_by_boot_loader has_localvariable_table 
 - state:             fully_initialized
 - name:              'java/util/function/BiConsumer'
 - super:             'java/lang/Object'
 - sub:               
 - nof implementors:  2
 - arrays:            null
 - methods:           Array<T>(0x000000001a1b7288)
 - method ordering:   Array<T>(0x0000000019ea5830)
 - local interfaces:  Array<T>(0x0000000019e6e2e8)
 - trans. interfaces: Array<T>(0x0000000019e6e2e8)
 - secondary supers: Array<T>(0x0000000019e6e2d0)
 - hash_slot:         47
 - secondary bitmap: 0x0000000000000000
 - constants:         constant pool [60]/operands[7] {0x000000001a1b7060} for 'java/util/function/BiConsumer' cache=0x00000000194b46a0
 - class loader data:  loader data: 0x00007887780e5630 of 'bootstrap'
 - source file:       'BiConsumer.java'
 - class annotations:       Array<T>(0x0000000019ea57e0)
 - generic signature: '<T:Ljava/lang/Object;U:Ljava/lang/Object;>Ljava/lang/Object;'
 - inner classes:     Array<T>(0x0000000019ea5818)
 - nest members:     Array<T>(0x0000000019e6e2e0)
 - permitted subclasses:     Array<T>(0x0000000019e6e2e0)
 - java mirror:       a 'java/lang/Class'{0x000000061c922410} = 'java/util/function/BiConsumer'
 - vtable length      5  (start addr: 0x00000000194b4670)
 - itable length      0 (start addr: 0x00000000194b4698)
 - ---- static fields (0 words):
 - ---- non-static fields (0 words):
 - non-static oop maps (0 entries): 
RBX={method} {0x00000000194b46e0} 'accept' '(Ljava/lang/Object;Ljava/lang/Object;)V' in 'java/util/function/BiConsumer'
RCX={method} {0x00000000194b46e0} 'accept' '(Ljava/lang/Object;Ljava/lang/Object;)V' in 'java/util/function/BiConsumer'
RDX=0x000000001c9e39a4 is pointing into metadata
RSP=0x000078877e6d78a0 is pointing into the stack for thread: 0x0000788778030400
RBP=0x000078877e6d7908 is pointing into the stack for thread: 0x0000788778030400
RSI=0x0000788778000f40 points into unknown readable memory: 0x000200000001000c | 0c 00 01 00 00 00 02 00
RDI=0x000078877e6d77d0 is pointing into the stack for thread: 0x0000788778030400
R8 =0x0000000000000030 is an unknown value
R9 =0xf0af23402d565df5 is an unknown value
R10=0x0000000019000000 points into nKlass protection zone
R11=0x000078876ba7d5a0 is at code_begin+0 in an Interpreter codelet
deoptimization entry points  [0x000078876ba7d5a0, 0x000078876ba7f528]  8072 bytes
R12=0x0 is null
R13=0x000078861103ef99 is pointing into metadata
R14=0x000000081c9e3bac is an unknown value
R15=0x0000788778030400 is a thread

Top of Stack: (sp=0x000078877e6d78a0)
0x000078877e6d78a0:   000078876ba67936 000000066e2c8ab0   6y.k.x....,n....
0x000078877e6d78b0:   000000066e2becd0 000000066e2b8860   ..+n....`.+n....
0x000078877e6d78c0:   fffffffffffffff7 000078861103ef99   .............x..
0x000078877e6d78d0:   000000000000000c 0000788611043b68   ........h;...x..
0x000078877e6d78e0:   00007886136a6b38 000000062a763900   8kj..x...9v*....
0x000078877e6d78f0:   000078861103f060 0000000000000000   `....x..........
0x000078877e6d7900:   000078877e6d7970 00000000cdc54bd5   pym~.x...K......
0x000078877e6d7910:   000078876cf1b82c 0000000000000000   ,..l.x..........
0x000078877e6d7920:   0000000623840660 000000066e2b8830   `..#....0.+n....
0x000078877e6d7930:   000000066e2c8a90 000000066e2becd0   ..,n......+n....
0x000078877e6d7940:   0000000000000000 0000000623840660   ........`..#....
0x000078877e6d7950:   0000000629000000 0000000000000000   ...)............
0x000078877e6d7960:   000000066e2c8618 000000061d2f7958   ..,n....Xy/.....
0x000078877e6d7970:   000000066e2c8618 000000066e2c1048   ..,n....H.,n....
0x000078877e6d7980:   00000007fc6f67d0 0000000629000000   .go........)....
0x000078877e6d7990:   c5200000c5200000 000000066e2c8600   .. ... ...,n....
0x000078877e6d79a0:   0000000623840660 0000000000000002   `..#............
0x000078877e6d79b0:   0000000800000000 000000061d21cde8   ..........!.....
0x000078877e6d79c0:   cdc54bd5ff8decfa 0000000000000008   .....K..........
0x000078877e6d79d0:   000000066e2a6428 000000061d21cde8   (d*n......!.....
0x000078877e6d79e0:   000000000000001f 000078877e6d7a30   ........0zm~.x..
0x000078877e6d79f0:   0000000178030400 000000066e2c1048   ...x....H.,n....
0x000078877e6d7a00:   00007887c3a439bd 0000000000000000   .9...x..........
0x000078877e6d7a10:   000000000000001f 000078876c3a4182   .........A:l.x..
0x000078877e6d7a20:   00000000c520b308 000078876d19d3b4   .. ........m.x..
0x000078877e6d7a30:   0000000624c673c8 0000000624384170   .s.$....pA8$....
0x000078877e6d7a40:   0000000624e98cf8 0000000624e991e8   ...$.......$....
0x000078877e6d7a50:   00000007ff805e60 00000007ff805e60   `^......`^......
0x000078877e6d7a60:   000078877e6d7ad0 000000066e2c8478   .zm~.x..x.,n....
0x000078877e6d7a70:   0000000000000000 000078877e6d7ac0   .........zm~.x..
0x000078877e6d7a80:   000000066e2c1048 000078876c4f4585   H.,n.....EOl.x..
0x000078877e6d7a90:   000000066e2c8258 00000006238402f0   X.,n.......#....

Instructions: (pc=0x000078876ba78e47)
  0x000078876ba78d47:   48 83 7a 08 01 74 17 4d 8b ea 4c 33 6a 08 49 f7
  0x000078876ba78d57:   c5 fc ff ff ff 74 0b 48 83 4a 08 02 eb 04 4c 89
  0x000078876ba78d67:   6a 08 48 83 c2 10 4c 8b 6a e8 41 83 ed 02 41 83
  0x000078876ba78d77:   fd 02 0f 8c 80 00 00 00 4c 8b 6b 08 45 0f b7 6d
  0x000078876ba78d87:   2e 4c 2b 2a 41 83 ed 01 4e 8b 6c ec 08 4d 85 ed
  0x000078876ba78d97:   75 0e f6 42 08 01 75 54 f0 48 83 4a 08 01 eb 4c
  0x000078876ba78da7:   45 8b 6d 08 41 ba 00 00 00 19 4d 03 ea 4d 8b d5
  0x000078876ba78db7:   4c 33 6a 08 49 f7 c5 fc ff ff ff 74 2f 41 f6 c5
  0x000078876ba78dc7:   02 75 29 48 83 7a 08 00 74 1e 48 83 7a 08 01 74
  0x000078876ba78dd7:   17 4d 8b ea 4c 33 6a 08 49 f7 c5 fc ff ff ff 74
  0x000078876ba78de7:   0b 48 83 4a 08 02 eb 04 4c 89 6a 08 48 83 c2 10
  0x000078876ba78df7:   4c 8b 6a d8 41 83 ed 04 41 c1 e5 03 49 03 d5 48
  0x000078876ba78e07:   89 55 d8 4c 8d 6c 24 08 49 8b cd 48 2b cd 48 c1
  0x000078876ba78e17:   f9 03 48 89 4d f0 ff 63 68 4c 8b 75 c8 4e 8d 74
  0x000078876ba78e27:   f5 00 8b 51 08 41 ba 00 00 00 19 49 03 d2 48 8b
  0x000078876ba78e37:   cb 44 8b b2 ec 00 00 00 4e 8d b4 f2 10 02 00 00
=>0x000078876ba78e47:   4d 8b 2e 49 3b c5 74 15 4d 85 ed 0f 84 18 03 00
  0x000078876ba78e57:   00 49 83 c6 10 4d 8b 2e 49 3b c5 75 eb 4c 8b 6d
  0x000078876ba78e67:   c0 4c 8b 6d d8 4d 85 ed 0f 84 83 00 00 00 4d 8b
  0x000078876ba78e77:   75 10 4c 3b f2 0f 85 0a 00 00 00 49 83 45 18 01
  0x000078876ba78e87:   e9 64 00 00 00 4d 85 f6 0f 84 39 00 00 00 4d 8b
  0x000078876ba78e97:   75 20 4c 3b f2 0f 85 0a 00 00 00 49 83 45 28 01
  0x000078876ba78ea7:   e9 44 00 00 00 4d 85 f6 74 0a 49 83 45 08 01 e9
  0x000078876ba78eb7:   35 00 00 00 49 89 55 20 41 be 01 00 00 00 4d 89
  0x000078876ba78ec7:   75 28 e9 22 00 00 00 49 3b 55 20 0f 85 0a 00 00
  0x000078876ba78ed7:   00 49 83 45 28 01 e9 0e 00 00 00 49 89 55 10 41
  0x000078876ba78ee7:   be 01 00 00 00 4d 89 75 18 49 83 c5 30 4c 89 6d
  0x000078876ba78ef7:   d8 48 8b 43 08 48 8b 40 08 48 8b 40 18 8b 5b 28
  0x000078876ba78f07:   83 eb f6 f7 db 4c 8b f2 45 8b ae ec 00 00 00 4f
  0x000078876ba78f17:   8d ac ee 10 02 00 00 4d 8d 34 de 49 8b 5d 00 48
  0x000078876ba78f27:   3b c3 74 16 48 85 db 0f 84 3c 02 00 00 49 83 c5
  0x000078876ba78f37:   10 49 8b 5d 00 48 3b c3 75 ea 45 8b 6d 08 4b 8b


Stack slot to memory mapping:

stack at sp + 0 slots: 0x000078876ba67936 is at code_begin+2550 in an Interpreter codelet
return entry points  [0x000078876ba66f40, 0x000078876ba67bb8]  3192 bytes
stack at sp + 1 slots: 0x000000066e2c8ab0 is an oop: com.mojang.blaze3d.opengl.GlCommandEncoder$$Lambda/0x000000001c9e2800 
{0x000000066e2c8ab0} - klass: 'com/mojang/blaze3d/opengl/GlCommandEncoder$$Lambda+0x000000001c9e2800' - flags: is_hidden_class 

 - ---- fields (total size 2 words):
 - private final 'arg$1' 'Lcom/mojang/blaze3d/opengl/GlRenderPass;' @12  a 'com/mojang/blaze3d/opengl/GlRenderPass'{0x000000066e2c8618} (0xcdc590c3)
stack at sp + 2 slots: 0x000000066e2becd0 is an oop: [Lcom.mojang.blaze3d.buffers.GpuBufferSlice; 
{0x000000066e2becd0} - klass: 'com/mojang/blaze3d/buffers/GpuBufferSlice'[] - flags: is_cloneable_fast 

 - length: 250
stack at sp + 3 slots: 
[error occurred during error reporting (inspecting top of stack), id 0xb, SIGSEGV (0xb) at pc=0x000078877f0aa9d0]
stack at sp + 4 slots: 0xfffffffffffffff7 is an unknown value
stack at sp + 5 slots: 0x000078861103ef99 is pointing into metadata
stack at sp + 6 slots: 0x000000000000000c is an unknown value
stack at sp + 7 slots: 0x0000788611043b68 is pointing into metadata

Lock stack of current Java thread (top to bottom):

invokeinterface  185 invokeinterface  [0x000078876ba786c0, 0x000078876ba79228]  2920 bytes
[MachCode]
  0x000078876ba786c0: 4883 ec08 | c5fa 1104 | 24eb 1f48 | 83ec 10c5 | fb11 0424 | eb14 4883 | ec10 4889 | 0424 48c7 
  0x000078876ba786e0: 4424 0800 | 0000 00eb | 0150 488b | 4dd0 410f | b755 0148 | 8b49 386b | d218 488d | 4c11 080f 
  0x000078876ba78700: b659 1681 | fbb9 0000 | 000f 84a7 | 0000 00bb | b900 0000 | e805 0000 | 00e9 8300 | 0000 488b 
  0x000078876ba78720: f348 8d44 | 2408 4c89 | 6dc0 498b | ffc5 f877 | 4989 af90 | 0400 0049 | 8987 8004 | 0000 40f6 
  0x000078876ba78740: c40f 0f84 | 1200 0000 | 4883 ec08 | e85f 4d77 | 1348 83c4 | 08e9 0500 | 0000 e851 | 4d77 1349 
  0x000078876ba78760: c787 8004 | 0000 0000 | 0000 49c7 | 8790 0400 | 0000 0000 | 0049 c787 | 8804 0000 | 0000 0000 
  0x000078876ba78780: c5f8 7749 | 837f 0800 | 0f84 0500 | 0000 e94d | 77fe ff4c | 8b6d c04c | 8b75 c84e | 8d74 f500 
  0x000078876ba787a0: c348 8b4d | d041 0fb7 | 5501 488b | 4938 6bd2 | 1848 8d4c | 1108 0fb6 | 5115 f6c2 | 040f 841a 
  0x000078876ba787c0: 0000 00f6 | c201 0f84 | 0800 0000 | 488b 19e9 | 1000 0000 | 0fb7 5908 | e907 0000 | 0048 8b19 
  0x000078876ba787e0: 488b 4108 | 4c89 6dc0 | 448b ea0f | b651 140f | b749 1248 | 8b4c ccf8 | 49ba 40aa | f07f 8778 
  0x000078876ba78800: 0000 498b | 14d2 5241 | 8bd5 4c8b | 6dc0 448b | f241 83e6 | 040f 847a | 0300 008b | c283 e001 
  0x000078876ba78820: 0f84 7501 | 0000 483b | 0148 8b45 | d848 85c0 | 0f84 0d00 | 0000 4883 | 4008 0148 | 83c0 3048 
  0x000078876ba78840: 8945 d848 | 8b45 d848 | 85c0 0f84 | 3501 0000 | 8078 d00b | 0f85 2b01 | 0000 4883 | c008 4c8b 
  0x000078876ba78860: 68f8 4183 | ed00 4183 | fd02 0f8c | 0a01 0000 | 4c8b 6b08 | 450f b76d | 2e4c 2b28 | 4183 ed01 
  0x000078876ba78880: 4e8b 6cec | 084d 85ed | 750e f640 | 0801 7554 | f048 8348 | 0801 eb4c | 458b 6d08 | 41ba 0000 
  0x000078876ba788a0: 0019 4d03 | ea4d 8bd5 | 4c33 6808 | 49f7 c5fc | ffff ff74 | 2f41 f6c5 | 0275 2948 | 8378 0800 
  0x000078876ba788c0: 741e 4883 | 7808 0174 | 174d 8bea | 4c33 6808 | 49f7 c5fc | ffff ff74 | 0b48 8348 | 0802 eb04 
  0x000078876ba788e0: 4c89 6808 | 4883 c010 | 4c8b 68e8 | 4183 ed02 | 4183 fd02 | 0f8c 8000 | 0000 4c8b | 6b08 450f 
  0x000078876ba78900: b76d 2e4c | 2b28 4183 | ed01 4e8b | 6cec 084d | 85ed 750e | f640 0801 | 7554 f048 | 8348 0801 
  0x000078876ba78920: eb4c 458b | 6d08 41ba | 0000 0019 | 4d03 ea4d | 8bd5 4c33 | 6808 49f7 | c5fc ffff | ff74 2f41 
  0x000078876ba78940: f6c5 0275 | 2948 8378 | 0800 741e | 4883 7808 | 0174 174d | 8bea 4c33 | 6808 49f7 | c5fc ffff 
  0x000078876ba78960: ff74 0b48 | 8348 0802 | eb04 4c89 | 6808 4883 | c010 4c8b | 68d8 4183 | ed04 41c1 | e503 4903 
  0x000078876ba78980: c548 8945 | d84c 8d6c | 2408 498b | cd48 2bcd | 48c1 f903 | 4889 4df0 | ff63 688b | 4108 41ba 
  0x000078876ba789a0: 0000 0019 | 4903 c24c | 8b75 d84d | 85f6 0f84 | 8100 0000 | 498b 5610 | 483b d00f | 850a 0000 
  0x000078876ba789c0: 0049 8346 | 1801 e962 | 0000 0048 | 85d2 0f84 | 3800 0000 | 498b 5620 | 483b d00f | 850a 0000 
  0x000078876ba789e0: 0049 8346 | 2801 e942 | 0000 0048 | 85d2 740a | 4983 4608 | 01e9 3300 | 0000 4989 | 4620 ba01 
  0x000078876ba78a00: 0000 0049 | 8956 28e9 | 2100 0000 | 493b 4620 | 0f85 0a00 | 0000 4983 | 4628 01e9 | 0d00 0000 
  0x000078876ba78a20: 4989 4610 | ba01 0000 | 0049 8956 | 1849 83c6 | 304c 8975 | d848 8b9c | d810 0200 | 0048 8b55 
  0x000078876ba78a40: d848 85d2 | 0f84 3501 | 0000 807a | d00b 0f85 | 2b01 0000 | 4883 c208 | 4c8b 6af8 | 4183 ed00 
  0x000078876ba78a60: 4183 fd02 | 0f8c 0a01 | 0000 4c8b | 6b08 450f | b76d 2e4c | 2b2a 4183 | ed01 4e8b | 6cec 084d 
  0x000078876ba78a80: 85ed 750e | f642 0801 | 7554 f048 | 834a 0801 | eb4c 458b | 6d08 41ba | 0000 0019 | 4d03 ea4d 
  0x000078876ba78aa0: 8bd5 4c33 | 6a08 49f7 | c5fc ffff | ff74 2f41 | f6c5 0275 | 2948 837a | 0800 741e | 4883 7a08 
  0x000078876ba78ac0: 0174 174d | 8bea 4c33 | 6a08 49f7 | c5fc ffff | ff74 0b48 | 834a 0802 | eb04 4c89 | 6a08 4883 
  0x000078876ba78ae0: c210 4c8b | 6ae8 4183 | ed02 4183 | fd02 0f8c | 8000 0000 | 4c8b 6b08 | 450f b76d | 2e4c 2b2a 
  0x000078876ba78b00: 4183 ed01 | 4e8b 6cec | 084d 85ed | 750e f642 | 0801 7554 | f048 834a | 0801 eb4c | 458b 6d08 
  0x000078876ba78b20: 41ba 0000 | 0019 4d03 | ea4d 8bd5 | 4c33 6a08 | 49f7 c5fc | ffff ff74 | 2f41 f6c5 | 0275 2948 
  0x000078876ba78b40: 837a 0800 | 741e 4883 | 7a08 0174 | 174d 8bea | 4c33 6a08 | 49f7 c5fc | ffff ff74 | 0b48 834a 
  0x000078876ba78b60: 0802 eb04 | 4c89 6a08 | 4883 c210 | 4c8b 6ad8 | 4183 ed04 | 41c1 e503 | 4903 d548 | 8955 d84c 
  0x000078876ba78b80: 8d6c 2408 | 498b cd48 | 2bcd 48c1 | f903 4889 | 4df0 ff63 | 6844 8bf2 | 4183 e601 | 0f84 7e02 
  0x000078876ba78ba0: 0000 448b | 7108 41ba | 0000 0019 | 4d03 f24c | 3bf0 0f84 | f600 0000 | 448b 6814 | 4b3b 042e 
  0x000078876ba78bc0: 0f84 e800 | 0000 4183 | fd20 0f85 | d600 0000 | 4883 ec20 | 4889 0c24 | 4889 5424 | 084c 8944 
  0x000078876ba78be0: 2410 4c89 | 4c24 184d | 8b8e a800 | 0000 498b | d18a 88b0 | 0000 0083 | f13f 48d3 | e248 85d2 
  0x000078876ba78c00: 0f89 6d00 | 0000 f348 | 0fb8 d24d | 8b6e 2849 | 3b44 d500 | 7466 8a88 | b000 0000 | 49d3 c949 
  0x000078876ba78c20: 0fba e101 | 734d 458b | 4500 4983 | c508 4183 | f83e 0f8f | 2600 0000 | 33c9 413b | d00f 4dd1 
  0x000078876ba78c40: 493b 44d5 | 000f 8431 | 0000 0049 | 0fba e102 | 0f83 1d00 | 0000 49d1 | c983 c201 | ebdc 33d2 
  0x000078876ba78c60: 493b 44d5 | 000f 8411 | 0000 0083 | c201 413b | d07c ed49 | c7c0 0100 | 0000 eb03 | 4d33 c049 
  0x000078876ba78c80: 83f8 004c | 8b4c 2418 | 4c8b 4424 | 1048 8b54 | 2408 488b | 0c24 488d | 6424 200f | 8505 0000 
  0x000078876ba78ca0: 00e9 0800 | 0000 498b | d6e9 c204 | 0000 488b | 55d8 4885 | d20f 840d | 0000 0048 | 8342 0801 
  0x000078876ba78cc0: 4883 c230 | 4889 55d8 | 488b 55d8 | 4885 d20f | 8435 0100 | 0080 7ad0 | 0b0f 852b | 0100 0048 
  0x000078876ba78ce0: 83c2 084c | 8b6a f841 | 83ed 0041 | 83fd 020f | 8c0a 0100 | 004c 8b6b | 0845 0fb7 | 6d2e 4c2b 
  0x000078876ba78d00: 2a41 83ed | 014e 8b6c | ec08 4d85 | ed75 0ef6 | 4208 0175 | 54f0 4883 | 4a08 01eb | 4c45 8b6d 
  0x000078876ba78d20: 0841 ba00 | 0000 194d | 03ea 4d8b | d54c 336a | 0849 f7c5 | fcff ffff | 742f 41f6 | c502 7529 
  0x000078876ba78d40: 4883 7a08 | 0074 1e48 | 837a 0801 | 7417 4d8b | ea4c 336a | 0849 f7c5 | fcff ffff | 740b 4883 
  0x000078876ba78d60: 4a08 02eb | 044c 896a | 0848 83c2 | 104c 8b6a | e841 83ed | 0241 83fd | 020f 8c80 | 0000 004c 
  0x000078876ba78d80: 8b6b 0845 | 0fb7 6d2e | 4c2b 2a41 | 83ed 014e | 8b6c ec08 | 4d85 ed75 | 0ef6 4208 | 0175 54f0 
  0x000078876ba78da0: 4883 4a08 | 01eb 4c45 | 8b6d 0841 | ba00 0000 | 194d 03ea | 4d8b d54c | 336a 0849 | f7c5 fcff 
  0x000078876ba78dc0: ffff 742f | 41f6 c502 | 7529 4883 | 7a08 0074 | 1e48 837a | 0801 7417 | 4d8b ea4c | 336a 0849 
  0x000078876ba78de0: f7c5 fcff | ffff 740b | 4883 4a08 | 02eb 044c | 896a 0848 | 83c2 104c | 8b6a d841 | 83ed 0441 
  0x000078876ba78e00: c1e5 0349 | 03d5 4889 | 55d8 4c8d | 6c24 0849 | 8bcd 482b | cd48 c1f9 | 0348 894d | f0ff 6368 
  0x000078876ba78e20: 4c8b 75c8 | 4e8d 74f5 | 008b 5108 | 41ba 0000 | 0019 4903 | d248 8bcb | 448b b2ec | 0000 004e 
  0x000078876ba78e40: 8db4 f210 | 0200 004d | 8b2e 493b | c574 154d | 85ed 0f84 | 1803 0000 | 4983 c610 | 4d8b 2e49 
  0x000078876ba78e60: 3bc5 75eb | 4c8b 6dc0 | 4c8b 6dd8 | 4d85 ed0f | 8483 0000 | 004d 8b75 | 104c 3bf2 | 0f85 0a00 
  0x000078876ba78e80: 0000 4983 | 4518 01e9 | 6400 0000 | 4d85 f60f | 8439 0000 | 004d 8b75 | 204c 3bf2 | 0f85 0a00 
  0x000078876ba78ea0: 0000 4983 | 4528 01e9 | 4400 0000 | 4d85 f674 | 0a49 8345 | 0801 e935 | 0000 0049 | 8955 2041 
  0x000078876ba78ec0: be01 0000 | 004d 8975 | 28e9 2200 | 0000 493b | 5520 0f85 | 0a00 0000 | 4983 4528 | 01e9 0e00 
  0x000078876ba78ee0: 0000 4989 | 5510 41be | 0100 0000 | 4d89 7518 | 4983 c530 | 4c89 6dd8 | 488b 4308 | 488b 4008 
  0x000078876ba78f00: 488b 4018 | 8b5b 2883 | ebf6 f7db | 4c8b f245 | 8bae ec00 | 0000 4f8d | acee 1002 | 0000 4d8d 
  0x000078876ba78f20: 34de 498b | 5d00 483b | c374 1648 | 85db 0f84 | 3c02 0000 | 4983 c510 | 498b 5d00 | 483b c375 
  0x000078876ba78f40: ea45 8b6d | 084b 8b1c | 2e48 85db | 0f84 6c01 | 0000 488b | 55d8 4885 | d20f 8435 | 0100 0080 
  0x000078876ba78f60: 7ad0 0b0f | 852b 0100 | 0048 83c2 | 084c 8b6a | f841 83ed | 0041 83fd | 020f 8c0a | 0100 004c 
  0x000078876ba78f80: 8b6b 0845 | 0fb7 6d2e | 4c2b 2a41 | 83ed 014e | 8b6c ec08 | 4d85 ed75 | 0ef6 4208 | 0175 54f0 
  0x000078876ba78fa0: 4883 4a08 | 01eb 4c45 | 8b6d 0841 | ba00 0000 | 194d 03ea | 4d8b d54c | 336a 0849 | f7c5 fcff 
  0x000078876ba78fc0: ffff 742f | 41f6 c502 | 7529 4883 | 7a08 0074 | 1e48 837a | 0801 7417 | 4d8b ea4c | 336a 0849 
  0x000078876ba78fe0: f7c5 fcff | ffff 740b | 4883 4a08 | 02eb 044c | 896a 0848 | 83c2 104c | 8b6a e841 | 83ed 0241 
  0x000078876ba79000: 83fd 020f | 8c80 0000 | 004c 8b6b | 0845 0fb7 | 6d2e 4c2b | 2a41 83ed | 014e 8b6c | ec08 4d85 
  0x000078876ba79020: ed75 0ef6 | 4208 0175 | 54f0 4883 | 4a08 01eb | 4c45 8b6d | 0841 ba00 | 0000 194d | 03ea 4d8b 
  0x000078876ba79040: d54c 336a | 0849 f7c5 | fcff ffff | 742f 41f6 | c502 7529 | 4883 7a08 | 0074 1e48 | 837a 0801 
  0x000078876ba79060: 7417 4d8b | ea4c 336a | 0849 f7c5 | fcff ffff | 740b 4883 | 4a08 02eb | 044c 896a | 0848 83c2 
  0x000078876ba79080: 104c 8b6a | d841 83ed | 0441 c1e5 | 0349 03d5 | 4889 55d8 | 4c8d 6c24 | 0849 8bcd | 482b cd48 
  0x000078876ba790a0: c1f9 0348 | 894d f0ff | 6368 48bf | 6a15 a97f | 8778 0000 | 4883 e4f0 | e8a3 afa8 | 13f4 5b4c 
  0x000078876ba790c0: 8b6d c04c | 8b75 c84e | 8d74 f500 | 488b f248 | 8bd1 e805 | 0000 00e9 | 8000 0000 | 488d 4424 
  0x000078876ba790e0: 084c 896d | c049 8bff | c5f8 7749 | 89af 9004 | 0000 4989 | 8780 0400 | 0040 f6c4 | 0f0f 8412 
  0x000078876ba79100: 0000 0048 | 83ec 08e8 | b41a 7713 | 4883 c408 | e905 0000 | 00e8 a61a | 7713 49c7 | 8780 0400 
  0x000078876ba79120: 0000 0000 | 0049 c787 | 9004 0000 | 0000 0000 | 49c7 8788 | 0400 0000 | 0000 00c5 | f877 4983 
  0x000078876ba79140: 7f08 000f | 8405 0000 | 00e9 926d | feff 4c8b | 6dc0 4c8b | 75c8 4e8d | 74f5 00c3 | 48bf 6a15 
  0x000078876ba79160: a97f 8778 | 0000 4883 | e4f0 e8f1 | aea8 13f4 | 5b4c 8b6d | c04c 8b75 | c84e 8d74 | f500 488b 
  0x000078876ba79180: f2e8 0500 | 0000 e983 | 0000 0048 | 8bd0 488d | 4424 084c | 896d c049 | 8bff c5f8 | 7749 89af 
  0x000078876ba791a0: 9004 0000 | 4989 8780 | 0400 0040 | f6c4 0f0f | 8412 0000 | 0048 83ec | 08e8 32e4 | 7613 4883 
  0x000078876ba791c0: c408 e905 | 0000 00e8 | 24e4 7613 | 49c7 8780 | 0400 0000 | 0000 0049 | c787 9004 | 0000 0000 
  0x000078876ba791e0: 0000 49c7 | 8788 0400 | 0000 0000 | 00c5 f877 | 4983 7f08 | 000f 8405 | 0000 00e9 | e06c feff 
  0x000078876ba79200: 4c8b 6dc0 | 4c8b 75c8 | 4e8d 74f5 | 00c3 48bf | 6a15 a97f | 8778 0000 | 4883 e4f0 | e83f aea8 
  0x000078876ba79220: 13f4 660f | 1f44 0000 
[/MachCode]

Compiled method (c2) 123543 34866   !   4       net.minecraft.client.renderer.chunk.ChunkSectionsToRender::renderGroup (349 bytes)
 total in heap  [0x000078876cf1ab88,0x000078876cf1dd88] = 12800
 main code      [0x000078876cf1ac80,0x000078876cf1dc78] = 12280
 stub code      [0x000078876cf1dc78,0x000078876cf1dce8] = 112
 oops           [0x000078876cf1dce8,0x000078876cf1dd88] = 160
 mutable data [0x000078871c952e70,0x000078871c953648] = 2008
 relocation     [0x000078871c952e70,0x000078871c953230] = 960
 metadata       [0x000078871c953230,0x000078871c953648] = 1048
 immutable data [0x000078871c9f8450,0x000078871c9facd0] = 10368
 dependencies   [0x000078871c9f8450,0x000078871c9f8598] = 328
 nul chk table  [0x000078871c9f8598,0x000078871c9f8710] = 376
 handler table  [0x000078871c9f8710,0x000078871c9f8980] = 624
 scopes pcs     [0x000078871c9f8980,0x000078871c9f9270] = 2288
 scopes data    [0x000078871c9f9270,0x000078871c9facd0] = 6752

[Constant Pool (empty)]

[MachCode]
[Instructions begin]
  0x000078876cf1ac80: 6690 448b | 5608 443b 

  0x000078876cf1ac88: ;   {runtime_call Shared Runtime ic_miss_blob}
  0x000078876cf1ac88: 5008 0f85 | 5027 b9fe 
[Verified Entry Point]
  0x000078876cf1ac90: 8984 2400 | c0fe ff55 | 4881 ecb0 | 0000 0090 | 4181 7f20 | 3300 0000 | 0f85 c02f | 0000 4889 
  0x000078876cf1acb0: 4c24 3848 | 8954 2410 | 4c8b d64d | 8b9f 6804 | 0000 498b 

  0x000078876cf1acc4: ;   {oop(a 'java/lang/Class'{0x0000000623ed4908} = 'com/mojang/blaze3d/systems/RenderSystem')}
  0x000078876cf1acc4: 1b49 bb08 | 49ed 2306 | 0000 0041 | 8b6b 7c4c | 8bdd 49c1 | e303 493b | db0f 8531 

  0x000078876cf1ace0: ;   {oop([I{0x0000000624dd35f0})}
  0x000078876cf1ace0: 2000 0049 | bbf0 35dd | 2406 0000 | 0045 8b43 | 2c41 83f8 | 010f 8589 

  0x000078876cf1acf8: ;   {oop(a 'com/mojang/blaze3d/systems/RenderSystem$AutoStorageIndexBuffer'{0x0000000623840628})}
  0x000078876cf1acf8: 0f00 0049 | b828 0684 | 2306 0000 | 004c 8bde | 8b56 0c85 | d20f 8486 | 0f00 004c | 8944 2418 
  0x000078876cf1ad18: 4889 5c24 | 0848 8bee 

  0x000078876cf1ad20: ;   {optimized virtual_call}
  0x000078876cf1ad20: 498b f0e8 

  0x000078876cf1ad24: ; ImmutableOopMap {rbp=Oop [8]=Oop [16]=Oop [24]=Oop [56]=Oop }
                      ;*invokevirtual ensureStorage {reexecute=0 rethrow=0 return_oop=0}
                      ; - com.mojang.blaze3d.systems.RenderSystem$AutoStorageIndexBuffer::getBuffer@2 (line 324)
                      ; - net.minecraft.client.renderer.chunk.ChunkSectionsToRender::renderGroup@23 (line 32)
  0x000078876cf1ad24: e84d 4800 

  0x000078876cf1ad28: ;   {post_call_nop}
  0x000078876cf1ad28: 0f1f 8400 | a001 0000 | 4c8b dd45 | 8b53 0c4c | 8b44 2418 | 418b 501c | 4585 d20f | 8455 0f00 
  0x000078876cf1ad48: 0045 8b50 | 2049 8bca | 48c1 e103 | 488b 5c24 | 084c 8b4c | 2410 418b | 710c 458b 

  0x000078876cf1ad64: ;   {oop(a 'java/lang/Class'{0x000000062383d0b8} = 'net/minecraft/client/Minecraft')}
  0x000078876cf1ad64: 511c 49b8 | b8d0 8323 | 0600 0000 | 458b 4078 | 83fe 0174 | 1243 8bb4 | c418 0100 | 0085 f674 
  0x000078876cf1ad84: 2349 8d2c | f4eb 2c43 | 8bbc c4a4 | 0000 0041 | 8b84 fc98 | 0000 0041 | 8b6c c410 | 85ed 0f85 
  0x000078876cf1ada4: b421 0000 | 438b b4c4 | 1801 0000 | 488b ee48 

  0x000078876cf1adb4: ;   {oop(a 'java/lang/Class'{0x0000000623ed4908} = 'com/mojang/blaze3d/systems/RenderSystem')}
  0x000078876cf1adb4: c1e5 0348 | bf08 49ed | 2306 0000 | 008b 8780 | 0000 0041 | 8b7c c40c | 4d8b afc8 | 0100 0049 
  0x000078876cf1add4: 8bf5 4883 | c618 493b | b7d8 0100 | 000f 838b | 0f00 0049 | 89b7 c801 | 0000 0f18 | 8600 0100 
  0x000078876cf1adf4: 0049 c745 | 0001 0000 

  0x000078876cf1adfc: ;   {metadata('com/mojang/blaze3d/systems/CommandEncoder')}
  0x000078876cf1adfc: 0041 c745 | 08e0 9628 | 0345 8965 | 0c4d 8965 | 1041 8b74 

  0x000078876cf1ae10: ;   {metadata('com/mojang/blaze3d/opengl/GlDevice')}
  0x000078876cf1ae10: fc08 81fe | 9878 1e03 | 0f85 d217 | 0000 4c89 | 6c24 4848 | 896c 2428 | 4489 4424 | 4444 8954 
  0x000078876cf1ae30: 2440 4889 | 4c24 3089 | 5424 2048 | 895c 2410 | 4c89 4c24 | 184c 895c | 2408 498d | 0cfc 448b 
  0x000078876cf1ae50: 4920 48bb | 3c2d ed7f | 8778 0000 | 4d8d 4510 | 4589 0849 | 8d55 0c48 | 8bf9 48c1 | ef03 893a 
  0x000078876cf1ae70: 448b 1345 | 85d2 0f85 | b817 0000 | 498b 97c8 | 0100 004c | 8bd2 4983 | c210 4d3b | 97d8 0100 
  0x000078876cf1ae90: 000f 8350 | 0f00 004d | 8997 c801 | 0000 410f | 1882 0001 | 0000 48c7 | 0201 0000 

  0x000078876cf1aeac: ;   {metadata('net/minecraft/client/renderer/chunk/ChunkSectionsToRender$$Lambda+0x000000001c9c3418')}
  0x000078876cf1aeac: 00c7 4208 | 1834 9c03 | 4c8b 5424 | 1849 c1ea | 0344 8952 | 0c4c 8b5c | 2428 458b | 5320 458b 
  0x000078876cf1aecc: 4328 498b | ca48 c1e1 | 034d 8bc8 | 49c1 e103 

  0x000078876cf1aedc: ;   {oop(a 'java/util/OptionalDouble'{0x000000061d2f6910})}
  0x000078876cf1aedc: 48bf 1069 | 2f1d 0600 

  0x000078876cf1aee4: ;   {oop(a 'java/util/OptionalInt'{0x000000061fafe980})}
  0x000078876cf1aee4: 0000 49b8 | 80e9 af1f | 0600 0000 | 488b 7424 

  0x000078876cf1aef4: ;   {optimized virtual_call}
  0x000078876cf1aef4: 4866 90e8 

  0x000078876cf1aef8: ; ImmutableOopMap {[8]=Oop [16]=Oop [32]=NarrowOop [48]=Oop [56]=Oop [64]=NarrowOop [68]=NarrowOop }
                      ;*invokevirtual createRenderPass {reexecute=0 rethrow=0 return_oop=1}
                      ; - net.minecraft.client.renderer.chunk.ChunkSectionsToRender::renderGroup@111 (line 41)
  0x000078876cf1aef8: 9485 0e00 

  0x000078876cf1aefc: ;   {post_call_nop}
  0x000078876cf1aefc: 0f1f 8400 | 7403 0001 

  0x000078876cf1af04: ;   {oop(a 'java/lang/Class'{0x0000000623ed4908} = 'com/mojang/blaze3d/systems/RenderSystem')}
  0x000078876cf1af04: 49ba 0849 | ed23 0600 | 0000 418b | 6a7c 4c8b | d549 c1e2 | 034c 8b5c | 2410 4d3b | da0f 8509 
  0x000078876cf1af24: ;   {oop(a 'java/lang/Class'{0x0000000623ed4908} = 'com/mojang/blaze3d/systems/RenderSystem')}
  0x000078876cf1af24: 1e00 0049 | ba08 49ed | 2306 0000 | 0045 8b9a | a400 0000 

  0x000078876cf1af38: ; implicit exception: dispatches to 0x000078876cf1d97c
  0x000078876cf1af38: 4b8b 4cdc | 104c 8bd0 

  0x000078876cf1af40: ; implicit exception: dispatches to 0x000078876cf1d478
  0x000078876cf1af40: 8b68 1445 | 8b44 ec08 

  0x000078876cf1af48: ;   {metadata('com/mojang/blaze3d/opengl/GlDevice')}
  0x000078876cf1af48: 4181 f898 | 781e 030f | 851f 1700 | 004d 8d04 | ec45 8b40 | 1845 85c0 | 0f84 3613 | 0000 4d63 
  0x000078876cf1af68: c848 8bc1 | 48ba 0000 | 0000 0000 | 0080 483b | c275 0833 | d249 83f9 | ff74 0548 | 9949 f7f9 
  0x000078876cf1af88: 4885 d20f | 8f1b 1e00 | 0041 8b6a | 1045 8b44 

  0x000078876cf1af98: ;   {metadata('com/mojang/blaze3d/opengl/GlRenderPass')}
  0x000078876cf1af98: ec08 4181 | f8a0 b643 | 030f 8531 | 1700 0048 | c1e5 0344 | 8b4d 2c45 | 85c9 0f84 | 2413 0000 
  0x000078876cf1afb8: 4c89 5424 | 284b 8d34 | cc4f 8d04 | dcba 09a7 

  0x000078876cf1afc8: ;   {oop("Projection"{0x000000062383d9d0})}
  0x000078876cf1afc8: 6601 48b9 | d0d9 8323 | 0600 0000 | 4533 c9bf | 0100 0000 | 4c89 5424 

  0x000078876cf1afe0: ;   {optimized virtual_call}
  0x000078876cf1afe0: 1066 90e8 

  0x000078876cf1afe4: ; ImmutableOopMap {rbp=Oop [8]=Oop [16]=Oop [32]=NarrowOop [40]=Oop [48]=Oop [56]=Oop [64]=NarrowOop [68]=NarrowOop }
                      ;*invokevirtual putVal {reexecute=0 rethrow=0 return_oop=1}
                      ; - java.util.HashMap::put@9 (line 619)
                      ; - com.mojang.blaze3d.opengl.GlRenderPass::setUniform@6 (line 89)
                      ; - com.mojang.blaze3d.systems.RenderPass::setUniform@42 (line 67)
                      ; - com.mojang.blaze3d.systems.RenderSystem::bindDefaultUniforms@13 (line 285)
                      ; - net.minecraft.client.renderer.chunk.ChunkSectionsToRender::renderGroup@118 (line 48)
  0x000078876cf1afe4: 28f6 a1ff 

  0x000078876cf1afe8: ;   {post_call_nop}
  0x000078876cf1afe8: 0f1f 8400 | 6004 0002 | 8b6d 3445 | 8b5c ec08 

  0x000078876cf1aff8: ;   {metadata('java/util/HashSet')}
  0x000078876cf1aff8: 4181 fbb8 | 6c45 000f | 8517 1700 | 004d 8d14 | ec45 8b52 | 0c45 85d2 | 0f84 fa12 | 0000 4b8d 
  0x000078876cf1b018: 34d4 ba09 

  0x000078876cf1b01c: ;   {oop("Projection"{0x000000062383d9d0})}
  0x000078876cf1b01c: a766 0148 | b9d0 d983 | 2306 0000 

  0x000078876cf1b028: ;   {oop(a 'java/lang/Object'{0x00000007ff804708})}
  0x000078876cf1b028: 0049 b808 | 4780 ff07 | 0000 0045 | 33c9 bf01 | 0000 0048 | 8b6c 2410 

  0x000078876cf1b040: ;   {optimized virtual_call}
  0x000078876cf1b040: 6666 90e8 

  0x000078876cf1b044: ; ImmutableOopMap {rbp=Oop [8]=Oop [16]=Oop [32]=NarrowOop [40]=Oop [48]=Oop [56]=Oop [64]=NarrowOop [68]=NarrowOop }
                      ;*invokevirtual putVal {reexecute=0 rethrow=0 return_oop=1}
                      ; - java.util.HashMap::put@9 (line 619)
                      ; - java.util.HashSet::add@8 (line 230)
                      ; - com.mojang.blaze3d.opengl.GlRenderPass::setUniform@15 (line 90)
                      ; - com.mojang.blaze3d.systems.RenderPass::setUniform@42 (line 67)
                      ; - com.mojang.blaze3d.systems.RenderSystem::bindDefaultUniforms@13 (line 285)
                      ; - net.minecraft.client.renderer.chunk.ChunkSectionsToRender::renderGroup@118 (line 48)
  0x000078876cf1b044: c8f5 a1ff 

  0x000078876cf1b048: ;   {post_call_nop}
  0x000078876cf1b048: 0f1f 8400 | c004 0003 

  0x000078876cf1b050: ;   {oop(a 'java/lang/Class'{0x0000000623ed4908} = 'com/mojang/blaze3d/systems/RenderSystem')}
  0x000078876cf1b050: 49ba 0849 | ed23 0600 | 0000 458b | 829c 0000 | 004b 8b44 | c410 4c8b | dd41 8b6b | 1445 8b4c 
  0x000078876cf1b070: ;   {metadata('com/mojang/blaze3d/opengl/GlDevice')}
  0x000078876cf1b070: ec08 4181 | f998 781e | 030f 85d5 | 1600 004d | 8d14 ec45 | 8b52 1845 | 85d2 0f84 | b412 0000 
  0x000078876cf1b090: 4d63 ca48 | ba00 0000 | 0000 0000 | 8048 3bc2 | 7508 33d2 | 4983 f9ff | 7405 4899 | 49f7 f948 
  0x000078876cf1b0b0: 85d2 0f8f | 4c1d 0000 | 418b 6b10 

  0x000078876cf1b0bc: ; implicit exception: dispatches to 0x000078876cf1d574
  0x000078876cf1b0bc: 458b 4cec 

  0x000078876cf1b0c0: ;   {metadata('com/mojang/blaze3d/opengl/GlRenderPass')}
  0x000078876cf1b0c0: 0841 81f9 | a0b6 4303 | 0f85 de16 | 0000 48c1 | e503 448b | 552c 4585 | d20f 84a5 | 1200 0049 
  0x000078876cf1b0e0: c1e0 034b | 8d34 d4ba | 9f14 0100 

  0x000078876cf1b0ec: ;   {oop("Fog"{0x000000062383d900})}
  0x000078876cf1b0ec: 48b9 00d9 | 8323 0600 | 0000 4533 | c9bf 0100 

  0x000078876cf1b0fc: ;   {optimized virtual_call}
  0x000078876cf1b0fc: 0000 90e8 

  0x000078876cf1b100: ; ImmutableOopMap {rbp=Oop [8]=Oop [16]=Oop [32]=NarrowOop [40]=Oop [48]=Oop [56]=Oop [64]=NarrowOop [68]=NarrowOop }
                      ;*invokevirtual putVal {reexecute=0 rethrow=0 return_oop=1}
                      ; - java.util.HashMap::put@9 (line 619)
                      ; - com.mojang.blaze3d.opengl.GlRenderPass::setUniform@6 (line 89)
                      ; - com.mojang.blaze3d.systems.RenderPass::setUniform@42 (line 67)
                      ; - com.mojang.blaze3d.systems.RenderSystem::bindDefaultUniforms@29 (line 290)
                      ; - net.minecraft.client.renderer.chunk.ChunkSectionsToRender::renderGroup@118 (line 48)
  0x000078876cf1b100: 0cf5 a1ff 

  0x000078876cf1b104: ;   {post_call_nop}
  0x000078876cf1b104: 0f1f 8400 | 7c05 0004 | 8b6d 3445 | 8b54 ec08 

  0x000078876cf1b114: ;   {metadata('java/util/HashSet')}
  0x000078876cf1b114: 4181 fab8 | 6c45 000f | 85cb 1600 | 004d 8d14 | ec45 8b5a | 0c45 85db | 0f84 8612 | 0000 4b8d 
  0x000078876cf1b134: 34dc ba9f 

  0x000078876cf1b138: ;   {oop("Fog"{0x000000062383d900})}
  0x000078876cf1b138: 1401 0048 | b900 d983 | 2306 0000 

  0x000078876cf1b144: ;   {oop(a 'java/lang/Object'{0x00000007ff804708})}
  0x000078876cf1b144: 0049 b808 | 4780 ff07 | 0000 0045 | 33c9 bf01 | 0000 0048 | 8b6c 2410 

  0x000078876cf1b15c: ;   {optimized virtual_call}
  0x000078876cf1b15c: 6666 90e8 

  0x000078876cf1b160: ; ImmutableOopMap {rbp=Oop [8]=Oop [32]=NarrowOop [40]=Oop [48]=Oop [56]=Oop [64]=NarrowOop [68]=NarrowOop }
                      ;*invokevirtual putVal {reexecute=0 rethrow=0 return_oop=1}
                      ; - java.util.HashMap::put@9 (line 619)
                      ; - java.util.HashSet::add@8 (line 230)
                      ; - com.mojang.blaze3d.opengl.GlRenderPass::setUniform@15 (line 90)
                      ; - com.mojang.blaze3d.systems.RenderPass::setUniform@42 (line 67)
                      ; - com.mojang.blaze3d.systems.RenderSystem::bindDefaultUniforms@29 (line 290)
                      ; - net.minecraft.client.renderer.chunk.ChunkSectionsToRender::renderGroup@118 (line 48)
  0x000078876cf1b160: acf4 a1ff 

  0x000078876cf1b164: ;   {post_call_nop}
  0x000078876cf1b164: 0f1f 8400 | dc05 0005 

  0x000078876cf1b16c: ;   {oop(a 'java/lang/Class'{0x0000000623ed4908} = 'com/mojang/blaze3d/systems/RenderSystem')}
  0x000078876cf1b16c: 49ba 0849 | ed23 0600 | 0000 458b | 8ac4 0000 | 004b 8b5c | cc10 488b | cd8b 6910 

  0x000078876cf1b188: ; implicit exception: dispatches to 0x000078876cf1d5dc
  0x000078876cf1b188: 458b 54ec 

  0x000078876cf1b18c: ;   {metadata('com/mojang/blaze3d/opengl/GlRenderPass')}
  0x000078876cf1b18c: 0841 81fa | a0b6 4303 | 0f85 8a16 | 0000 48c1 | e503 4d8b | 87c8 0100 | 0044 8b5d | 2c4d 8bd0 
  0x000078876cf1b1ac: 4983 c220 | 4d3b 97d8 | 0100 000f | 834f 0c00 | 004d 8997 | c801 0000 | 410f 1882 | 0001 0000 
  0x000078876cf1b1cc: 49c7 0001 

  0x000078876cf1b1d0: ;   {metadata('com/mojang/blaze3d/buffers/GpuBufferSlice')}
  0x000078876cf1b1d0: 0000 0041 | c740 08e8 | b428 034d | 8960 1045 | 8948 0c49 | 8958 1845 | 85db 0f84 | fc11 0000 
  0x000078876cf1b1f0: 4889 4c24 | 284b 8d34 | dcba 6063 

  0x000078876cf1b1fc: ;   {oop("Globals"{0x000000062383fe90})}
  0x000078876cf1b1fc: 706a 48b9 | 90fe 8323 | 0600 0000 | 4533 c9bf | 0100 0000 | 48ff 7424 | 2848 8f44 

  0x000078876cf1b218: ;   {optimized virtual_call}
  0x000078876cf1b218: 2410 90e8 

  0x000078876cf1b21c: ; ImmutableOopMap {rbp=Oop [8]=Oop [16]=Oop [32]=NarrowOop [40]=Oop [48]=Oop [56]=Oop [64]=NarrowOop [68]=NarrowOop }
                      ;*invokevirtual putVal {reexecute=0 rethrow=0 return_oop=1}
                      ; - java.util.HashMap::put@9 (line 619)
                      ; - com.mojang.blaze3d.opengl.GlRenderPass::setUniform@9 (line 83)
                      ; - com.mojang.blaze3d.systems.RenderPass::setUniform@6 (line 59)
                      ; - com.mojang.blaze3d.systems.RenderSystem::bindDefaultUniforms@45 (line 295)
                      ; - net.minecraft.client.renderer.chunk.ChunkSectionsToRender::renderGroup@118 (line 48)
  0x000078876cf1b21c: f0f3 a1ff 

  0x000078876cf1b220: ;   {post_call_nop}
  0x000078876cf1b220: 0f1f 8400 | 9806 0006 | 8b6d 3445 | 8b5c ec08 

  0x000078876cf1b230: ;   {metadata('java/util/HashSet')}
  0x000078876cf1b230: 4181 fbb8 | 6c45 000f | 8527 1600 | 004d 8d14 | ec45 8b52 | 0c45 85d2 | 0f84 de11 | 0000 4b8d 
  0x000078876cf1b250: 34d4 ba60 

  0x000078876cf1b254: ;   {oop("Globals"{0x000000062383fe90})}
  0x000078876cf1b254: 6370 6a48 | b990 fe83 | 2306 0000 

  0x000078876cf1b260: ;   {oop(a 'java/lang/Object'{0x00000007ff804708})}
  0x000078876cf1b260: 0049 b808 | 4780 ff07 | 0000 0045 | 33c9 bf01 | 0000 0048 | 8b6c 2410 

  0x000078876cf1b278: ;   {optimized virtual_call}
  0x000078876cf1b278: 6666 90e8 

  0x000078876cf1b27c: ; ImmutableOopMap {rbp=Oop [8]=Oop [16]=Oop [32]=NarrowOop [40]=Oop [48]=Oop [56]=Oop [64]=NarrowOop [68]=NarrowOop }
                      ;*invokevirtual putVal {reexecute=0 rethrow=0 return_oop=1}
                      ; - java.util.HashMap::put@9 (line 619)
                      ; - java.util.HashSet::add@8 (line 230)
                      ; - com.mojang.blaze3d.opengl.GlRenderPass::setUniform@18 (line 84)
                      ; - com.mojang.blaze3d.systems.RenderPass::setUniform@6 (line 59)
                      ; - com.mojang.blaze3d.systems.RenderSystem::bindDefaultUniforms@45 (line 295)
                      ; - net.minecraft.client.renderer.chunk.ChunkSectionsToRender::renderGroup@118 (line 48)
  0x000078876cf1b27c: 90f3 a1ff 

  0x000078876cf1b280: ;   {post_call_nop}
  0x000078876cf1b280: 0f1f 8400 | f806 0007 

  0x000078876cf1b288: ;   {oop(a 'java/lang/Class'{0x0000000623ed4908} = 'com/mojang/blaze3d/systems/RenderSystem')}
  0x000078876cf1b288: 49ba 0849 | ed23 0600 | 0000 458b | 82a0 0000 | 004b 8b44 | c410 4c8b | dd41 8b6b | 1445 8b4c 
  0x000078876cf1b2a8: ;   {metadata('com/mojang/blaze3d/opengl/GlDevice')}
  0x000078876cf1b2a8: ec08 4181 | f998 781e | 030f 85e5 | 1500 004d | 8d14 ec45 | 8b52 1845 | 85d2 0f84 | 9811 0000 
  0x000078876cf1b2c8: 4d63 ca48 | ba00 0000 | 0000 0000 | 8048 3bc2 | 7508 33d2 | 4983 f9ff | 7405 4899 | 49f7 f948 
  0x000078876cf1b2e8: 85d2 0f8f | 681b 0000 | 418b 6b10 

  0x000078876cf1b2f4: ; implicit exception: dispatches to 0x000078876cf1d674
  0x000078876cf1b2f4: 458b 4cec 

  0x000078876cf1b2f8: ;   {metadata('com/mojang/blaze3d/opengl/GlRenderPass')}
  0x000078876cf1b2f8: 0841 81f9 | a0b6 4303 | 0f85 d615 | 0000 48c1 | e503 448b | 552c 4585 | d20f 8489 | 1100 0049 
  0x000078876cf1b318: c1e0 034b | 8d34 d4ba | d699 fa3e 

  0x000078876cf1b324: ;   {oop("Lighting"{0x000000062383f548})}
  0x000078876cf1b324: 48b9 48f5 | 8323 0600 | 0000 4533 | c9bf 0100 

  0x000078876cf1b334: ;   {optimized virtual_call}
  0x000078876cf1b334: 0000 90e8 

  0x000078876cf1b338: ; ImmutableOopMap {rbp=Oop [8]=Oop [16]=Oop [32]=NarrowOop [40]=Oop [48]=Oop [56]=Oop [64]=NarrowOop [68]=NarrowOop }
                      ;*invokevirtual putVal {reexecute=0 rethrow=0 return_oop=1}
                      ; - java.util.HashMap::put@9 (line 619)
                      ; - com.mojang.blaze3d.opengl.GlRenderPass::setUniform@6 (line 89)
                      ; - com.mojang.blaze3d.systems.RenderPass::setUniform@42 (line 67)
                      ; - com.mojang.blaze3d.systems.RenderSystem::bindDefaultUniforms@64 (line 300)
                      ; - net.minecraft.client.renderer.chunk.ChunkSectionsToRender::renderGroup@118 (line 48)
  0x000078876cf1b338: d4f2 a1ff 

  0x000078876cf1b33c: ;   {post_call_nop}
  0x000078876cf1b33c: 0f1f 8400 | b407 0008 | 8b6d 3445 | 8b54 ec08 

  0x000078876cf1b34c: ;   {metadata('java/util/HashSet')}
  0x000078876cf1b34c: 4181 fab8 | 6c45 000f | 85bb 1500 | 004d 8d14 | ec45 8b5a | 0c45 85db | 0f84 6a11 | 0000 4b8d 
  0x000078876cf1b36c: 34dc bad6 

  0x000078876cf1b370: ;   {oop("Lighting"{0x000000062383f548})}
  0x000078876cf1b370: 99fa 3e48 | b948 f583 | 2306 0000 

  0x000078876cf1b37c: ;   {oop(a 'java/lang/Object'{0x00000007ff804708})}
  0x000078876cf1b37c: 0049 b808 | 4780 ff07 | 0000 0045 | 33c9 bf01 

  0x000078876cf1b38c: ;   {optimized virtual_call}
  0x000078876cf1b38c: 0000 00e8 

  0x000078876cf1b390: ; ImmutableOopMap {[8]=Oop [16]=Oop [32]=NarrowOop [40]=Oop [48]=Oop [56]=Oop [64]=NarrowOop [68]=NarrowOop }
                      ;*invokevirtual putVal {reexecute=0 rethrow=0 return_oop=1}
                      ; - java.util.HashMap::put@9 (line 619)
                      ; - java.util.HashSet::add@8 (line 230)
                      ; - com.mojang.blaze3d.opengl.GlRenderPass::setUniform@15 (line 90)
                      ; - com.mojang.blaze3d.systems.RenderPass::setUniform@42 (line 67)
                      ; - com.mojang.blaze3d.systems.RenderSystem::bindDefaultUniforms@64 (line 300)
                      ; - net.minecraft.client.renderer.chunk.ChunkSectionsToRender::renderGroup@118 (line 48)
  0x000078876cf1b390: 7cf2 a1ff 

  0x000078876cf1b394: ;   {post_call_nop}
  0x000078876cf1b394: 0f1f 8400 | 0c08 0009 | 488b 4c24 | 1044 8b49 | 1048 8b5c | 2408 448b | 5310 478b 

  0x000078876cf1b3b0: ;   {metadata('com/mojang/blaze3d/opengl/GlRenderPass')}
  0x000078876cf1b3b0: 5ccc 0841 | 81fb a0b6 | 4303 0f85 | 8c15 0000 | 4b8d 3ccc | 4c8b 4c24 | 384d 85c9 | 0f84 d61a 
  0x000078876cf1b3d0: 0000 8b6f | 304d 8b87 | c801 0000 | 4d8b d849 | 83c3 184d | 3b9f d801 | 0000 0f83 | 6d0a 0000 
  0x000078876cf1b3f0: 4d89 9fc8 | 0100 0041 | 0f18 8300 | 0100 0049 | c700 0100 

  0x000078876cf1b404: ;   {metadata('com/mojang/blaze3d/opengl/GlRenderPass$TextureViewAndSampler')}
  0x000078876cf1b404: 0000 41c7 | 4008 50da | 4303 4589 | 6014 4589 | 500c 4d8b | d149 c1ea | 0345 8950 | 1085 ed0f 
  0x000078876cf1b424: 84df 1000 | 0048 897c | 2410 4889 | 4c24 2848 | 895c 2408 | 498d 34ec | bad3 5c9b 

  0x000078876cf1b440: ;   {oop("Sampler0"{0x000000062383d850})}
  0x000078876cf1b440: 7948 b950 | d883 2306 | 0000 0045 | 33c9 bf01 

  0x000078876cf1b450: ;   {optimized virtual_call}
  0x000078876cf1b450: 0000 00e8 

  0x000078876cf1b454: ; ImmutableOopMap {[8]=Oop [16]=Oop [32]=NarrowOop [40]=Oop [48]=Oop [64]=NarrowOop [68]=NarrowOop }
                      ;*invokevirtual putVal {reexecute=0 rethrow=0 return_oop=1}
                      ; - java.util.HashMap::put@9 (line 619)
                      ; - com.mojang.blaze3d.opengl.GlRenderPass::bindTexture@36 (line 75)
                      ; - com.mojang.blaze3d.systems.RenderPass::bindTexture@7 (line 55)
                      ; - net.minecraft.client.renderer.chunk.ChunkSectionsToRender::renderGroup@130 (line 49)
  0x000078876cf1b454: b8f1 a1ff 

  0x000078876cf1b458: ;   {post_call_nop}
  0x000078876cf1b458: 0f1f 8400 | d008 000a | 4c8b 5424 | 1041 8b6a | 3445 8b54 

  0x000078876cf1b46c: ;   {metadata('java/util/HashSet')}
  0x000078876cf1b46c: ec08 4181 | fab8 6c45 | 000f 8511 | 1500 004d | 8d14 ec45 | 8b5a 0c45 | 85db 0f84 | b010 0000 
  0x000078876cf1b48c: 4b8d 34dc | bad3 5c9b 

  0x000078876cf1b494: ;   {oop("Sampler0"{0x000000062383d850})}
  0x000078876cf1b494: 7948 b950 | d883 2306 

  0x000078876cf1b49c: ;   {oop(a 'java/lang/Object'{0x00000007ff804708})}
  0x000078876cf1b49c: 0000 0049 | b808 4780 | ff07 0000 | 0045 33c9 | bf01 0000 

  0x000078876cf1b4b0: ;   {optimized virtual_call}
  0x000078876cf1b4b0: 0066 90e8 

  0x000078876cf1b4b4: ; ImmutableOopMap {[8]=Oop [32]=NarrowOop [40]=Oop [48]=Oop [64]=NarrowOop [68]=NarrowOop }
                      ;*invokevirtual putVal {reexecute=0 rethrow=0 return_oop=1}
                      ; - java.util.HashMap::put@9 (line 619)
                      ; - java.util.HashSet::add@8 (line 230)
                      ; - com.mojang.blaze3d.opengl.GlRenderPass::bindTexture@45 (line 78)
                      ; - com.mojang.blaze3d.systems.RenderPass::bindTexture@7 (line 55)
                      ; - net.minecraft.client.renderer.chunk.ChunkSectionsToRender::renderGroup@130 (line 49)
  0x000078876cf1b4b4: 58f1 a1ff 

  0x000078876cf1b4b8: ;   {post_call_nop}
  0x000078876cf1b4b8: 0f1f 8400 | 3009 000b | 448b 5c24 | 4447 8b94 | dccc 0000 | 0047 0fb6 | 44d4 2645 | 85c0 744c 
  0x000078876cf1b4d8: 478b 5cd4 | 4847 8b54 | dc0c 478b | 44d4 1045 | 85c0 7542 | be45 ffff | ff48 8b6c | 2408 4889 
  0x000078876cf1b4f8: 4424 f88b | 4424 2089 | 4424 0848 | 8b44 24f8 | 48ff 7424 | 2848 8f44 | 2418 4489 

  0x000078876cf1b514: ;   {runtime_call UncommonTrapBlob}
  0x000078876cf1b514: 4424 28e8 

  0x000078876cf1b518: ; ImmutableOopMap {rbp=Oop [8]=NarrowOop [24]=Oop [40]=NarrowOop [48]=Oop [64]=NarrowOop }
                      ;*ifnonnull {reexecute=1 rethrow=0 return_oop=0}
                      ; - (reexecute) net.minecraft.client.renderer.texture.AbstractTexture::getTextureView@4 (line 42)
                      ; - net.minecraft.client.renderer.UiLightmap::getTextureView@4 (line 20)
                      ; - net.minecraft.client.renderer.GameRenderer::lightmap@11 (line 837)
                      ; - net.minecraft.client.renderer.chunk.ChunkSectionsToRender::renderGroup@142 (line 50)
  0x000078876cf1b518: c462 c6fe 

  0x000078876cf1b51c: ;   {post_call_nop}
  0x000078876cf1b51c: 0f1f 8400 | 9409 000c | 478b 5cd4 | 4047 8b44 

  0x000078876cf1b52c: ;   {oop(a 'com/mojang/blaze3d/systems/SamplerCache'{0x0000000623ed4be0})}
  0x000078876cf1b52c: dc10 49ba | e04b ed23 | 0600 0000 | 418b 6a0c 

  0x000078876cf1b53c: ; implicit exception: dispatches to 0x000078876cf1d7a4
  0x000078876cf1b53c: 458b 54ec | 0c41 83fa | 0f0f 8671 | 1400 0041 | 8b4c ec4c | 4c8b 4c24 | 2841 8b69 | 1045 8b54 
  0x000078876cf1b55c: ;   {metadata('com/mojang/blaze3d/opengl/GlRenderPass')}
  0x000078876cf1b55c: ec08 4181 | faa0 b643 | 030f 8585 | 1400 0049 | 8d1c ec85 | c90f 846d | 1900 008b | 6b30 4d8b 
  0x000078876cf1b57c: 9fc8 0100 | 004d 8bd3 | 4983 c218 | 4d3b 97d8 | 0100 000f | 8310 0900 | 004d 8997 | c801 0000 
  0x000078876cf1b59c: 410f 1882 | 0001 0000 | 49c7 0301 

  0x000078876cf1b5a8: ;   {metadata('com/mojang/blaze3d/opengl/GlRenderPass$TextureViewAndSampler')}
  0x000078876cf1b5a8: 0000 0041 | c743 0850 | da43 0345 | 8963 0c4d | 8963 1045 | 8943 0c41 | 894b 1085 | ed0f 849d 
  0x000078876cf1b5c8: 0f00 0048 | 895c 2410 | 4c89 4c24 | 2849 8d34 | ecba d15c 

  0x000078876cf1b5dc: ;   {oop("Sampler2"{0x000000062383d880})}
  0x000078876cf1b5dc: 9b79 48b9 | 80d8 8323 | 0600 0000 | 4d8b c345 | 33c9 bf01 

  0x000078876cf1b5f0: ;   {optimized virtual_call}
  0x000078876cf1b5f0: 0000 00e8 

  0x000078876cf1b5f4: ; ImmutableOopMap {[8]=Oop [16]=Oop [32]=NarrowOop [40]=Oop [48]=Oop [64]=NarrowOop }
                      ;*invokevirtual putVal {reexecute=0 rethrow=0 return_oop=1}
                      ; - java.util.HashMap::put@9 (line 619)
                      ; - com.mojang.blaze3d.opengl.GlRenderPass::bindTexture@36 (line 75)
                      ; - com.mojang.blaze3d.systems.RenderPass::bindTexture@7 (line 55)
                      ; - net.minecraft.client.renderer.chunk.ChunkSectionsToRender::renderGroup@154 (line 50)
  0x000078876cf1b5f4: 18f0 a1ff 

  0x000078876cf1b5f8: ;   {post_call_nop}
  0x000078876cf1b5f8: 0f1f 8400 | 700a 000d | 4c8b 5424 | 1041 8b6a | 3445 8b54 

  0x000078876cf1b60c: ;   {metadata('java/util/HashSet')}
  0x000078876cf1b60c: ec08 4181 | fab8 6c45 | 000f 8509 | 1400 004d | 8d14 ec45 | 8b5a 0c45 | 85db 0f84 | 700f 0000 
  0x000078876cf1b62c: 4b8d 34dc | bad1 5c9b 

  0x000078876cf1b634: ;   {oop("Sampler2"{0x000000062383d880})}
  0x000078876cf1b634: 7948 b980 | d883 2306 

  0x000078876cf1b63c: ;   {oop(a 'java/lang/Object'{0x00000007ff804708})}
  0x000078876cf1b63c: 0000 0049 | b808 4780 | ff07 0000 | 0045 33c9 | bf01 0000 

  0x000078876cf1b650: ;   {optimized virtual_call}
  0x000078876cf1b650: 0066 90e8 

  0x000078876cf1b654: ; ImmutableOopMap {[8]=Oop [32]=NarrowOop [40]=Oop [48]=Oop [64]=NarrowOop }
                      ;*invokevirtual putVal {reexecute=0 rethrow=0 return_oop=1}
                      ; - java.util.HashMap::put@9 (line 619)
                      ; - java.util.HashSet::add@8 (line 230)
                      ; - com.mojang.blaze3d.opengl.GlRenderPass::bindTexture@45 (line 78)
                      ; - com.mojang.blaze3d.systems.RenderPass::bindTexture@7 (line 55)
                      ; - net.minecraft.client.renderer.chunk.ChunkSectionsToRender::renderGroup@154 (line 50)
  0x000078876cf1b654: b8ef a1ff 

  0x000078876cf1b658: ;   {post_call_nop}
  0x000078876cf1b658: 0f1f 8400 | d00a 000e | 8b5c 2440 

  0x000078876cf1b664: ; implicit exception: dispatches to 0x000078876cf1d828
  0x000078876cf1b664: 458b 4cdc | 0c45 85c9 | 0f86 0502 | 0000 458d | 59ff 453b | d90f 8365 | 1600 0049 | 8d34 dc8b 
  0x000078876cf1b684: 4c24 2048 | 8be9 48c1 | e503 33ff | e901 0300 | 0048 8944 | 24f8 8b44 | 2444 8944 | 2458 488b 
  0x000078876cf1b6a4: 4424 f847 | 8b5c d40c | 448b 4424 | 5845 3bc3 | 0f83 e209 | 0000 49c1 | e203 438b | 6c82 1045 
  0x000078876cf1b6c4: 8b5c ec08 

  0x000078876cf1b6c8: ;   {metadata('java/util/ArrayList')}
  0x000078876cf1b6c8: 4181 fbc8 | 5243 000f | 85ff 1800 | 004d 8d14 | ec4c 8954 | 2460 458b | 5210 4585 | d20f 8439 
  0x000078876cf1b6e8: 1400 0044 | 8b94 2490 

  0x000078876cf1b6f0: ;   {oop(a 'net/minecraft/client/renderer/chunk/ChunkSectionLayer'{0x000000061d21ccc8})}
  0x000078876cf1b6f0: 0000 0041 | 81fa 9939 | a4c3 7569 | 498b 87c8 | 0100 004c | 8bd0 4983 | c218 4d3b | 97d8 0100 
  0x000078876cf1b710: 000f 83d0 | 0700 004d | 8997 c801 | 0000 410f | 1882 0001 | 0000 48c7 | 0001 0000 

  0x000078876cf1b72c: ;   {metadata('java/util/ReverseOrderListView$Rand')}
  0x000078876cf1b72c: 00c7 4008 | f017 1702 | 4c89 6010 | c740 0c01 | 0000 004c | 8b54 2460 | 4d8b da49 | c1eb 0344 
  0x000078876cf1b74c: 8958 1048 | 8944 2460 

  0x000078876cf1b754: ;   {oop(a 'net/minecraft/client/renderer/chunk/ChunkSectionLayer'{0x000000061d21ccc8})}
  0x000078876cf1b754: 49ba c8cc | 211d 0600 | 0000 4c89 | 5424 68eb | 0a48 ff74 | 2448 488f | 4424 684d | 8b9f c801 
  0x000078876cf1b774: 0000 4d8b | d349 83c2 | 184d 3b97 | d801 0000 | 0f83 5905 | 0000 4d89 | 97c8 0100 | 0041 0f18 
  0x000078876cf1b794: 8200 0100 | 0049 c703 | 0100 0000 

  0x000078876cf1b7a0: ;   {metadata('java/util/ImmutableCollections$List12')}
  0x000078876cf1b7a0: 41c7 4308 | d850 4b00 | 4589 6314 

  0x000078876cf1b7ac: ;   {oop("ChunkSection"{0x000000062383ec28})}
  0x000078876cf1b7ac: 41c7 430c | 857d 70c4 

  0x000078876cf1b7b4: ;   {oop(a 'java/lang/Object'{0x00000007ff7ee570})}
  0x000078876cf1b7b4: 41c7 4310 | aedc efff | 4c8b 5424 | 2845 8b52 | 1047 8b4c | d408 4c8b | 8424 8800 | 0000 418b 
  0x000078876cf1b7d4: ;   {metadata('com/mojang/blaze3d/opengl/GlRenderPass')}
  0x000078876cf1b7d4: 4818 4181 | f9a0 b643 | 030f 8521 | 0a00 004b | 8d14 d40f | b66a 0d85 | ed0f 85cd | 1300 0044 
  0x000078876cf1b7f4: 8b42 1045 | 85c0 0f84 | 3409 0000 | 4b8d 34c4 | 4c8b d149 | c1e2 0348 | 8b4c 2460 | 4c8b 4424 
  0x000078876cf1b814: 184c 8b4c | 2430 498b | fb4c 8914 | 248b 6c24 

  0x000078876cf1b824: ;   {optimized virtual_call}
  0x000078876cf1b824: 5466 90e8 

  0x000078876cf1b828: ; ImmutableOopMap {rbp=NarrowOop [16]=Oop [24]=Oop [36]=NarrowOop [40]=Oop [48]=Oop [72]=Oop [80]=NarrowOop [104]=Oop [136]=Oop [144]=NarrowOop }
                      ;*invokevirtual executeDrawMultiple {reexecute=0 rethrow=0 return_oop=0}
                      ; - com.mojang.blaze3d.opengl.GlRenderPass::drawMultipleIndexed@12 (line 156)
                      ; - com.mojang.blaze3d.systems.RenderPass::drawMultipleIndexed@33 (line 109)
                      ; - net.minecraft.client.renderer.chunk.ChunkSectionsToRender::renderGroup@296 (line 62)
  0x000078876cf1b828: e4fd 0a00 

  0x000078876cf1b82c: ;   {post_call_nop}
  0x000078876cf1b82c: 0f1f 8400 | a40c 000f | 448b 9c24 | 8400 0000 | 4183 fb01 | 741d 4889 | 4424 f88b | 4424 4089 
  0x000078876cf1b84c: 8424 8400 | 0000 488b | 4424 f844 | 8bdd e9f8 | 0200 004c | 8b94 2488 | 0000 008b | 7c24 3cff 
  0x000078876cf1b86c: c73b 7c24 | 380f 8c03 | 0100 004c | 8b44 2428 | 418b 6810 

  0x000078876cf1b880: ; implicit exception: dispatches to 0x000078876cf1d840
  0x000078876cf1b880: 458b 5cec 

  0x000078876cf1b884: ;   {metadata('com/mojang/blaze3d/opengl/GlRenderPass')}
  0x000078876cf1b884: 0841 81fb | a0b6 4303 | 0f85 b611 | 0000 4d8d | 14ec 410f | b66a 0d85 | ed0f 85f5 | 1400 0041 
  0x000078876cf1b8a4: 8b68 0c85 | ed0f 8f6d | 1600 0041 | c642 0d01 | 458b 5a10 | 4585 db0f | 84f3 0c00 | 0047 8864 
  0x000078876cf1b8c4: ;   {oop(a 'java/lang/Class'{0x000000062a7643b0} = 'com/mojang/blaze3d/opengl/GlStateManager')}
  0x000078876cf1b8c4: dc14 49ba | b043 762a | 0600 0000 | 418b aab4 | 0000 0085 | ed0f 8451 | 1600 004f | 8d14 dc4c 
  0x000078876cf1b8e4: 8954 2410 | 4489 5c24 | 08be a88c | 0000 33d2 

  0x000078876cf1b8f4: ;   {static_call}
  0x000078876cf1b8f4: 6666 90e8 

  0x000078876cf1b8f8: ; ImmutableOopMap {[8]=NarrowOop [16]=Oop }
                      ;*invokestatic glBindFramebuffer {reexecute=0 rethrow=0 return_oop=0}
                      ; - org.lwjgl.opengl.GL30::glBindFramebuffer@2 (line 936)
                      ; - com.mojang.blaze3d.opengl.GlStateManager::_glBindFramebuffer@22 (line 253)
                      ; - com.mojang.blaze3d.opengl.GlCommandEncoder::finishRenderPass@8 (line 718)
                      ; - com.mojang.blaze3d.opengl.GlRenderPass::close@16 (line 168)
                      ; - com.mojang.blaze3d.systems.RenderPass::close@33 (line 128)
                      ; - net.minecraft.client.renderer.chunk.ChunkSectionsToRender::renderGroup@315 (line 66)
  0x000078876cf1b8f8: 148c 5dff 

  0x000078876cf1b8fc: ;   {post_call_nop}
  0x000078876cf1b8fc: 0f1f 8400 | 740d 0010 

  0x000078876cf1b904: ;   {oop(a 'java/lang/Class'{0x000000062a7643b0} = 'com/mojang/blaze3d/opengl/GlStateManager')}
  0x000078876cf1b904: 49ba b043 | 762a 0600 | 0000 4589 | a2b4 0000 | 0041 8baa | b800 0000 | 85ed 0f84 | 2416 0000 
  0x000078876cf1b924: bea9 8c00 

  0x000078876cf1b928: ;   {static_call}
  0x000078876cf1b928: 0033 d2e8 

  0x000078876cf1b92c: ; ImmutableOopMap {[8]=NarrowOop [16]=Oop }
                      ;*invokestatic glBindFramebuffer {reexecute=0 rethrow=0 return_oop=0}
                      ; - org.lwjgl.opengl.GL30::glBindFramebuffer@2 (line 936)
                      ; - com.mojang.blaze3d.opengl.GlStateManager::_glBindFramebuffer@53 (line 258)
                      ; - com.mojang.blaze3d.opengl.GlCommandEncoder::finishRenderPass@8 (line 718)
                      ; - com.mojang.blaze3d.opengl.GlRenderPass::close@16 (line 168)
                      ; - com.mojang.blaze3d.systems.RenderPass::close@33 (line 128)
                      ; - net.minecraft.client.renderer.chunk.ChunkSectionsToRender::renderGroup@315 (line 66)
  0x000078876cf1b92c: e08b 5dff 

  0x000078876cf1b930: ;   {post_call_nop}
  0x000078876cf1b930: 0f1f 8400 | a80d 0011 

  0x000078876cf1b938: ;   {oop(a 'java/lang/Class'{0x000000062a7643b0} = 'com/mojang/blaze3d/opengl/GlStateManager')}
  0x000078876cf1b938: 49ba b043 | 762a 0600 | 0000 4589 | a2b8 0000 | 0044 8b54 | 2408 478b | 54d4 1845 | 85d2 0f84 
  0x000078876cf1b958: 6c0c 0000 | 473b 64d4 | 280f 8475 | 0c00 0048 | 81c4 b000 

  0x000078876cf1b96c: ;   {poll_return}
  0x000078876cf1b96c: 0000 5d49 | 3b67 280f | 87df 2200 | 00c3 4c89 | 5424 088b | 4c24 248b | 5c24 5044 | 8b4c 2438 
  0x000078876cf1b98c: 488b 7424 | 1048 8b6c | 2418 8b44 | be10 458b | 54c4 1848 | 8b54 2428 | 448b 4210 

  0x000078876cf1b9a8: ; implicit exception: dispatches to 0x000078876cf1d090
  0x000078876cf1b9a8: 478b 5cc4 

  0x000078876cf1b9ac: ;   {metadata('com/mojang/blaze3d/opengl/GlRenderPass')}
  0x000078876cf1b9ac: 0841 81fb | a0b6 4303 | 0f85 4e06 | 0000 897c | 243c 4889 | 6c24 1848 | 8974 2410 | 4489 4c24 
  0x000078876cf1b9cc: 3889 5c24 | 5089 4c24 | 244d 8d1c | c44c 895c | 2448 8944 | 2440 4b8d | 34c4 498b | d248 c1e2 
  0x000078876cf1b9ec: ;   {optimized virtual_call}
  0x000078876cf1b9ec: 0366 90e8 

  0x000078876cf1b9f0: ; ImmutableOopMap {[8]=Oop [16]=Oop [24]=Oop [36]=NarrowOop [40]=Oop [48]=Oop [64]=NarrowOop [72]=Oop [80]=NarrowOop }
                      ;*invokeinterface setPipeline {reexecute=0 rethrow=0 return_oop=0}
                      ; - com.mojang.blaze3d.systems.RenderPass::setPipeline@5 (line 51)
                      ; - net.minecraft.client.renderer.chunk.ChunkSectionsToRender::renderGroup@201 (line 53)
  0x000078876cf1b9f0: 1c90 66ff 

  0x000078876cf1b9f4: ;   {post_call_nop}
  0x000078876cf1b9f4: 0f1f 8400 | 6c0e 0012 | 4c8b 5424 | 0845 8b42 | 1447 8b5c 

  0x000078876cf1ba08: ;   {oop(a 'java/lang/Class'{0x000000061d21cc20} = 'net/minecraft/client/renderer/chunk/ChunkSectionLayer')}
  0x000078876cf1ba08: c414 4181 | fb84 39a4 | c30f 85ed | 0200 0043 | 8b5c c41c | 448b 4c24 | 4043 8b6c | cc0c 458b 
  0x000078876cf1ba28: 5cdc 0c41 | 3beb 0f83 | 8005 0000 | 4d8d 1cdc | 418b 6cab 

  0x000078876cf1ba3c: ;   {oop(a 'java/util/EnumMap$1'{0x00000007ff6af058})}
  0x000078876cf1ba3c: 1081 fd0b | 5eed ff0f | 8413 1000 | 0045 8b5c 

  0x000078876cf1ba4c: ;   {metadata('it/unimi/dsi/fastutil/ints/Int2ObjectOpenHashMap')}
  0x000078876cf1ba4c: ec08 4181 | fbc0 1f41 | 020f 8541 | 1500 0048 | c1e5 0344 | 8b45 2045 | 85c0 740c | 4d8b d849 
  0x000078876cf1ba6c: c1e3 03e9 | 8e00 0000 | 4d8b 9fc8 | 0100 004d | 8bc3 4983 | c010 4d3b | 87d8 0100 | 000f 83b5 
  0x000078876cf1ba8c: 0200 004d | 8987 c801 | 0000 410f | 1880 0001 | 0000 49c7 | 0301 0000 

  0x000078876cf1baa4: ;   {metadata('it/unimi/dsi/fastutil/ints/Int2ObjectOpenHashMap$1')}
  0x000078876cf1baa4: 0041 c743 | 08c8 596b | 0345 8963 | 0c48 8bcd | 48c1 e903 | 4189 4b0c | 488d 5d20 | 4180 7f48 
  0x000078876cf1bac4: 000f 85b5 | 2000 0049 | 8bcb 48c1 | e903 890b | 4c8b c34d | 33c3 49c1 | e816 0f84 | 1e00 0000 
  0x000078876cf1bae4: 4c8b c349 | c1e8 0948 | b900 0060 | 6087 7800 | 004c 03c1 | 4180 3802 | 0f85 e820 | 0000 418b 
  0x000078876cf1bb04: ;   {metadata('it/unimi/dsi/fastutil/ints/Int2ObjectOpenHashMap$1')}
  0x000078876cf1bb04: 4b08 81f9 | c859 6b03 | 0f85 4205 | 0000 458b | 5b0c 438b | 4cdc 3485 | c90f 8444 | fdff ff47 
  0x000078876cf1bb24: 8b44 dc28 | 430f b67c | dc3c baff | ffff ff4c | 8994 2488 | 0000 0044 | 898c 2490 | 0000 0089 
  0x000078876cf1bb44: 8c24 8400 | 0000 4489 | 4424 4489 | 7c24 5c89 | 5424 5844 | 895c 2454 | 478b 54dc | 1444 8b9c 
  0x000078876cf1bb64: 2484 0000 | 0045 85db | 0f84 220f | 0000 448b | 8424 8400 | 0000 41ff | c844 8944 | 2440 448b 
  0x000078876cf1bb84: 5c24 5c45 | 85db 0f85 | 3701 0000 | 448b 4424 | 5447 8b5c | c410 448b | 4424 4441 | ffc8 4489 
  0x000078876cf1bba4: 4424 4445 | 85c0 0f8c | a410 0000 

  0x000078876cf1bbb0: ; implicit exception: dispatches to 0x000078876cf1d360
  0x000078876cf1bbb0: 438b 7cdc | 0c4f 8d04 | dc0f 1f80 | 0000 0000 | 448b 4c24 | 4444 3bcf | 0f83 3703 | 0000 438b 
  0x000078876cf1bbd0: 4c88 104d 

  0x000078876cf1bbd4: ; ImmutableOopMap {r10=NarrowOop r11=NarrowOop r8=Oop [16]=Oop [24]=Oop [36]=NarrowOop [40]=Oop [48]=Oop [72]=Oop [80]=NarrowOop [84]=NarrowOop [136]=Oop [144]=NarrowOop }
                      ;*ifeq {reexecute=1 rethrow=0 return_oop=0}
                      ; - (reexecute) it.unimi.dsi.fastutil.ints.Int2ObjectOpenHashMap$MapIterator::nextEntry@136 (line 681)
                      ; - it.unimi.dsi.fastutil.ints.Int2ObjectOpenHashMap$ValueIterator::next@8 (line 1185)
                      ; - net.minecraft.client.renderer.chunk.ChunkSectionsToRender::renderGroup@242 (line 56)
                      ;   {poll}
  0x000078876cf1bbd4: 8b4f 3041 | 8501 85c9 | 0f85 b3fa | ffff 448b | 4c24 4441 | ffc9 4489 | 4c24 4445 | 85c9 7dcc 
  0x000078876cf1bbf4: be45 ffff | ff48 8944 | 24f8 8b44 | 2424 8944 | 2408 488b | 4424 f848 | ff74 2430 | 488f 4424 
  0x000078876cf1bc14: 1048 ff74 | 2428 488f | 4424 1848 | 8944 24f8 | 8b44 2438 | 8944 240c | 488b 4424 | f848 8944 
  0x000078876cf1bc34: 24f8 8b44 | 243c 8944 | 2420 488b | 4424 f844 | 8954 2428 | 4489 4c24 | 3048 8944 | 24f8 8b44 
  0x000078876cf1bc54: 2440 8944 | 2438 488b | 4424 f848 | 8944 24f8 | 8b44 2454 | 8944 2440 | 488b 4424 | f844 895c 
  0x000078876cf1bc74: ;   {runtime_call UncommonTrapBlob}
  0x000078876cf1bc74: 244c 90e8 

  0x000078876cf1bc78: ; ImmutableOopMap {[8]=NarrowOop [16]=Oop [24]=Oop [40]=NarrowOop [64]=NarrowOop [76]=NarrowOop [80]=NarrowOop [136]=Oop [144]=NarrowOop }
                      ;*ifge {reexecute=1 rethrow=0 return_oop=0}
                      ; - (reexecute) it.unimi.dsi.fastutil.ints.Int2ObjectOpenHashMap$MapIterator::nextEntry@69 (line 673)
                      ; - it.unimi.dsi.fastutil.ints.Int2ObjectOpenHashMap$ValueIterator::next@8 (line 1185)
                      ; - net.minecraft.client.renderer.chunk.ChunkSectionsToRender::renderGroup@242 (line 56)
  0x000078876cf1bc78: 645b c6fe 

  0x000078876cf1bc7c: ;   {post_call_nop}
  0x000078876cf1bc7c: 0f1f 8400 | f410 0014 | 4183 f802 

  0x000078876cf1bc88: ;   {oop(a 'com/mojang/blaze3d/systems/RenderSystem$AutoStorageIndexBuffer'{0x0000000623ed5258})}
  0x000078876cf1bc88: 742e 49b8 | 5852 ed23 | 0600 0000 | e96c f0ff | ff45 33d2 | eb0c 4c8b | d249 c1e2 | 0348 8b5c 
  0x000078876cf1bca8: 2408 498b | d248 c1ea | 0333 c9e9 | a1f0 ffff 

  0x000078876cf1bcb8: ;   {oop(a 'com/mojang/blaze3d/systems/RenderSystem$AutoStorageIndexBuffer'{0x0000000623840938})}
  0x000078876cf1bcb8: 49b8 3809 | 8423 0600 | 0000 e93e | f0ff ff44 | 8b44 2454 | 478b 5cc4 | 2844 895c | 2458 4533 
  0x000078876cf1bcd8: db44 895c | 245c e9c4 

  0x000078876cf1bce0: ;   {metadata('java/util/ImmutableCollections$List12')}
  0x000078876cf1bce0: f9ff ff48 | bed8 504b | 1900 0000 

  0x000078876cf1bcec: ;   {runtime_call C2 Runtime new_instance}
  0x000078876cf1bcec: 0066 90e8 

  0x000078876cf1bcf0: ; ImmutableOopMap {[16]=Oop [24]=Oop [36]=NarrowOop [40]=Oop [48]=Oop [72]=Oop [80]=NarrowOop [84]=NarrowOop [96]=Oop [104]=Oop [136]=Oop [144]=NarrowOop }
                      ;*new {reexecute=0 rethrow=0 return_oop=1}
                      ; - java.util.List::of@0 (line 935)
                      ; - net.minecraft.client.renderer.chunk.ChunkSectionsToRender::renderGroup@289 (line 62)
  0x000078876cf1bcf0: ec51 c6fe 

  0x000078876cf1bcf4: ;   {post_call_nop}
  0x000078876cf1bcf4: 0f1f 8400 | 6c11 0015 | 4c8b d8e9 | a8fa ffff 

  0x000078876cf1bd04: ;   {oop(a 'java/lang/Class'{0x000000061c452c10} = 'java/lang/Enum')}
  0x000078876cf1bd04: 4181 fb82 | a588 c30f | 8406 fdff | ffbe 45ff | ffff 488b | 6c24 0848 | 8944 24f8 | 8b44 2424 
  0x000078876cf1bd24: 8944 2408 | 488b 4424 | f848 ff74 | 2428 488f 

  0x000078876cf1bd34: ;   {runtime_call UncommonTrapBlob}
  0x000078876cf1bd34: 4424 18e8 

  0x000078876cf1bd38: ; ImmutableOopMap {rbp=Oop [8]=NarrowOop [24]=Oop [48]=Oop [64]=NarrowOop [80]=NarrowOop }
                      ;*ifeq {reexecute=1 rethrow=0 return_oop=0}
                      ; - (reexecute) java.util.EnumMap::get@5 (line 247)
                      ; - net.minecraft.client.renderer.chunk.ChunkSectionsToRender::renderGroup@210 (line 54)
  0x000078876cf1bd38: a45a c6fe 

  0x000078876cf1bd3c: ;   {post_call_nop}
  0x000078876cf1bd3c: 0f1f 8400 | b411 0016 | 4489 4c24 

  0x000078876cf1bd48: ;   {metadata('it/unimi/dsi/fastutil/ints/Int2ObjectOpenHashMap$1')}
  0x000078876cf1bd48: 2048 bec8 | 596b 1c00 

  0x000078876cf1bd50: ;   {runtime_call C2 Runtime new_instance}
  0x000078876cf1bd50: 0000 00e8 

  0x000078876cf1bd54: ; ImmutableOopMap {rbp=Oop [8]=Oop [16]=Oop [24]=Oop [32]=NarrowOop [36]=NarrowOop [40]=Oop [48]=Oop [72]=Oop [80]=NarrowOop }
                      ;*new {reexecute=0 rethrow=0 return_oop=1}
                      ; - it.unimi.dsi.fastutil.ints.Int2ObjectOpenHashMap::values@8 (line 1217)
                      ; - net.minecraft.client.renderer.chunk.ChunkSectionsToRender::renderGroup@220 (line 56)
  0x000078876cf1bd54: 8851 c6fe 

  0x000078876cf1bd58: ;   {post_call_nop}
  0x000078876cf1bd58: 0f1f 8400 | d011 0017 | 4c8b 5424 | 0844 8b4c | 2420 4c8b | d8e9 3ffd | ffff 897c | 2434 4889 
  0x000078876cf1bd78: 6c24 4044 | 8944 2430 | 4489 5424 | 2448 894c | 2428 8954 | 2420 4889 | 5c24 184c | 895c 2408 
  0x000078876cf1bd98: 498d 2cc4 

  0x000078876cf1bd9c: ;   {metadata('com/mojang/blaze3d/systems/CommandEncoder')}
  0x000078876cf1bd9c: 48be e096 | 281c 0000 

  0x000078876cf1bda4: ;   {runtime_call C2 Runtime new_instance}
  0x000078876cf1bda4: 0000 90e8 

  0x000078876cf1bda8: ; ImmutableOopMap {rbp=Oop [8]=Oop [16]=Oop [24]=Oop [32]=NarrowOop [36]=NarrowOop [40]=Oop [48]=NarrowOop [52]=NarrowOop [56]=Oop [64]=Oop }
                      ;*new {reexecute=0 rethrow=0 return_oop=1}
                      ; - com.mojang.blaze3d.systems.GpuDevice::createCommandEncoder@0 (line 31)
                      ; - net.minecraft.client.renderer.chunk.ChunkSectionsToRender::renderGroup@86 (line 40)
  0x000078876cf1bda8: 3451 c6fe 

  0x000078876cf1bdac: ;   {post_call_nop}
  0x000078876cf1bdac: 0f1f 8400 | 2412 0018 | 4c8b 5c24 | 084c 8b4c | 2410 488b | 5c24 188b | 5424 2048 | 8b4c 2428 
  0x000078876cf1bdcc: 448b 5424 | 2444 8b44 | 2430 488b | 6c24 408b | 7c24 344c | 8be8 e926 

  0x000078876cf1bde4: ;   {metadata('net/minecraft/client/renderer/chunk/ChunkSectionsToRender$$Lambda+0x000000001c9c3418')}
  0x000078876cf1bde4: f0ff ff48 | be18 349c | 1c00 0000 | 0048 8b6c 

  0x000078876cf1bdf4: ;   {runtime_call C2 Runtime new_instance}
  0x000078876cf1bdf4: 2408 90e8 

  0x000078876cf1bdf8: ; ImmutableOopMap {rbp=Oop [8]=Oop [16]=Oop [24]=Oop [32]=NarrowOop [40]=Oop [48]=Oop [56]=Oop [64]=NarrowOop [68]=NarrowOop [72]=Oop }
                      ;*invokevirtual allocateInstance {reexecute=0 rethrow=0 return_oop=1}
                      ; - java.lang.invoke.DirectMethodHandle::allocateInstance@12 (line 500)
                      ; - java.lang.invoke.DirectMethodHandle$Holder::newInvokeSpecial@1
                      ; - java.lang.invoke.Invokers$Holder::linkToTargetMethod@5
                      ; - net.minecraft.client.renderer.chunk.ChunkSectionsToRender::renderGroup@90 (line 40)
  0x000078876cf1bdf8: e450 c6fe 

  0x000078876cf1bdfc: ;   {post_call_nop}
  0x000078876cf1bdfc: 0f1f 8400 | 7412 0019 | 488b d0e9 | a8f0 ffff | 4489 5c24 | 1448 896c | 2448 4889 | 5c24 184b 
  0x000078876cf1be1c: 8d2c cc44 | 894c 2410 

  0x000078876cf1be24: ;   {metadata('com/mojang/blaze3d/buffers/GpuBufferSlice')}
  0x000078876cf1be24: 48be e8b4 | 281c 0000 

  0x000078876cf1be2c: ;   {runtime_call C2 Runtime new_instance}
  0x000078876cf1be2c: 0000 90e8 

  0x000078876cf1be30: ; ImmutableOopMap {rbp=Oop [8]=Oop [16]=NarrowOop [20]=NarrowOop [32]=NarrowOop [40]=Oop [48]=Oop [56]=Oop [64]=NarrowOop [68]=NarrowOop [72]=Oop }
                      ;*new {reexecute=0 rethrow=0 return_oop=1}
                      ; - com.mojang.blaze3d.buffers.GpuBuffer::slice@0 (line 56)
                      ; - com.mojang.blaze3d.opengl.GlRenderPass::setUniform@6 (line 83)
                      ; - com.mojang.blaze3d.systems.RenderPass::setUniform@6 (line 59)
                      ; - com.mojang.blaze3d.systems.RenderSystem::bindDefaultUniforms@45 (line 295)
                      ; - net.minecraft.client.renderer.chunk.ChunkSectionsToRender::renderGroup@118 (line 48)
  0x000078876cf1be30: ac50 c6fe 

  0x000078876cf1be34: ;   {post_call_nop}
  0x000078876cf1be34: 0f1f 8400 | ac12 001a | 488b 4c24 | 2844 8b4c | 2410 488b | 5c24 1848 | 8b6c 2448 | 4c8b c044 
  0x000078876cf1be54: 8b5c 2414 | e982 f3ff | ff48 897c | 2438 4489 | 5424 184c | 894c 2410 

  0x000078876cf1be6c: ;   {metadata('com/mojang/blaze3d/opengl/GlRenderPass$TextureViewAndSampler')}
  0x000078876cf1be6c: 48be 50da | 431c 0000 

  0x000078876cf1be74: ;   {runtime_call C2 Runtime new_instance}
  0x000078876cf1be74: 0000 90e8 

  0x000078876cf1be78: ; ImmutableOopMap {rbp=NarrowOop [8]=Oop [16]=Oop [24]=NarrowOop [32]=NarrowOop [40]=Oop [48]=Oop [56]=Oop [64]=NarrowOop [68]=NarrowOop }
                      ;*new {reexecute=0 rethrow=0 return_oop=1}
                      ; - com.mojang.blaze3d.opengl.GlRenderPass::bindTexture@21 (line 75)
                      ; - com.mojang.blaze3d.systems.RenderPass::bindTexture@7 (line 55)
                      ; - net.minecraft.client.renderer.chunk.ChunkSectionsToRender::renderGroup@130 (line 49)
  0x000078876cf1be78: 6450 c6fe 

  0x000078876cf1be7c: ;   {post_call_nop}
  0x000078876cf1be7c: 0f1f 8400 | f412 001b | 488b 5c24 | 084c 8b4c | 2410 488b | 4c24 2844 | 8b54 2418 | 488b 7c24 
  0x000078876cf1be9c: 384c 8bc0 | e96d f5ff | ff48 895c | 2418 894c | 2414 4489 

  0x000078876cf1beb0: ;   {metadata('com/mojang/blaze3d/opengl/GlRenderPass$TextureViewAndSampler')}
  0x000078876cf1beb0: 4424 1048 | be50 da43 | 1c00 0000 

  0x000078876cf1bebc: ;   {runtime_call C2 Runtime new_instance}
  0x000078876cf1bebc: 0066 90e8 

  0x000078876cf1bec0: ; ImmutableOopMap {rbp=NarrowOop [8]=Oop [16]=NarrowOop [20]=NarrowOop [24]=Oop [32]=NarrowOop [40]=Oop [48]=Oop [64]=NarrowOop }
                      ;*new {reexecute=0 rethrow=0 return_oop=1}
                      ; - com.mojang.blaze3d.opengl.GlRenderPass::bindTexture@21 (line 75)
                      ; - com.mojang.blaze3d.systems.RenderPass::bindTexture@7 (line 55)
                      ; - net.minecraft.client.renderer.chunk.ChunkSectionsToRender::renderGroup@154 (line 50)
  0x000078876cf1bec0: 1c50 c6fe 

  0x000078876cf1bec4: ;   {post_call_nop}
  0x000078876cf1bec4: 0f1f 8400 | 3c13 001c | 4c8b 4c24 | 2844 8b44 | 2410 8b4c | 2414 488b | 5c24 184c | 8bd8 e9d4 
  0x000078876cf1bee4: ;   {metadata('java/util/ReverseOrderListView$Rand')}
  0x000078876cf1bee4: f6ff ff48 | bef0 1717 | 1b00 0000 

  0x000078876cf1bef0: ;   {runtime_call C2 Runtime new_instance}
  0x000078876cf1bef0: 0066 90e8 

  0x000078876cf1bef4: ; ImmutableOopMap {[16]=Oop [24]=Oop [36]=NarrowOop [40]=Oop [48]=Oop [72]=Oop [80]=NarrowOop [84]=NarrowOop [96]=Oop [136]=Oop [144]=NarrowOop }
                      ;*new {reexecute=0 rethrow=0 return_oop=1}
                      ; - java.util.ReverseOrderListView::of@7 (line 49)
                      ; - java.util.List::reversed@2 (line 902)
                      ; - net.minecraft.client.renderer.chunk.ChunkSectionsToRender::renderGroup@272 (line 59)
  0x000078876cf1bef4: e84f c6fe 

  0x000078876cf1bef8: ;   {post_call_nop}
  0x000078876cf1bef8: 0f1f 8400 | 7013 001d | e933 f8ff | ffbe e4ff | ffff 4889 | 4424 f88b | 4424 2489 | 4424 0848 
  0x000078876cf1bf18: 8b44 24f8 | 48ff 7424 | 3048 8f44 | 2410 48ff | 7424 2848 | 8f44 2418 | 4889 4424 | f88b 4424 
  0x000078876cf1bf38: 3889 4424 | 0c48 8b44 | 24f8 4889 | 4424 f88b | 4424 3c89 | 4424 2048 | 8b44 24f8 | 4489 5424 
  0x000078876cf1bf58: 2848 8944 | 24f8 8b44 | 2444 8944 | 2430 488b | 4424 f848 | 8944 24f8 | 8b44 2440 | 8944 2438 
  0x000078876cf1bf78: 488b 4424 | f848 8944 | 24f8 8b44 | 2454 8944 | 2440 488b | 4424 f848 | 8944 24f8 | 8b44 2450 
  0x000078876cf1bf98: 8944 2448 | 488b 4424 | f844 895c 

  0x000078876cf1bfa4: ;   {runtime_call UncommonTrapBlob}
  0x000078876cf1bfa4: 2450 90e8 

  0x000078876cf1bfa8: ; ImmutableOopMap {[8]=NarrowOop [16]=Oop [24]=Oop [40]=NarrowOop [64]=NarrowOop [72]=NarrowOop [80]=NarrowOop [136]=Oop [144]=NarrowOop }
                      ;*iaload {reexecute=0 rethrow=0 return_oop=0}
                      ; - it.unimi.dsi.fastutil.ints.Int2ObjectOpenHashMap$MapIterator::nextEntry@135 (line 681)
                      ; - it.unimi.dsi.fastutil.ints.Int2ObjectOpenHashMap$ValueIterator::next@8 (line 1185)
                      ; - net.minecraft.client.renderer.chunk.ChunkSectionsToRender::renderGroup@242 (line 56)
  0x000078876cf1bfa8: 3458 c6fe 

  0x000078876cf1bfac: ;   {post_call_nop}
  0x000078876cf1bfac: 0f1f 8400 | 2414 001e | bee4 ffff | ff48 8944 | 24f8 8b44 | 2424 8944 | 2410 488b | 4424 f848 
  0x000078876cf1bfcc: ff74 2430 | 488f 4424 | 1848 ff74 | 2428 488f | 4424 2048 | 8944 24f8 | 8b44 2438 | 8944 2414 
  0x000078876cf1bfec: 488b 4424 | f844 8944 | 2434 895c 

  0x000078876cf1bff8: ;   {runtime_call UncommonTrapBlob}
  0x000078876cf1bff8: 2438 90e8 

  0x000078876cf1bffc: ; ImmutableOopMap {[8]=Oop [16]=NarrowOop [24]=Oop [32]=Oop [52]=NarrowOop [56]=NarrowOop [64]=NarrowOop [80]=NarrowOop }
                      ;*aaload {reexecute=0 rethrow=0 return_oop=0}
                      ; - java.util.EnumMap::get@20 (line 248)
                      ; - net.minecraft.client.renderer.chunk.ChunkSectionsToRender::renderGroup@210 (line 54)
  0x000078876cf1bffc: e057 c6fe 

  0x000078876cf1c000: ;   {post_call_nop}
  0x000078876cf1c000: 0f1f 8400 | 7814 001f | bede ffff | ff48 8b6c | 2408 894c | 2408 48ff | 7424 3048 | 8f44 2410 
  0x000078876cf1c020: 48ff 7424 | 2848 8f44 | 2418 4489 | 4c24 0c89 | 7c24 2089 | 4424 2444 | 8954 2428 | 895c 242c 
  0x000078876cf1c040: 4489 4424 

  0x000078876cf1c044: ;   {runtime_call UncommonTrapBlob}
  0x000078876cf1c044: 3066 90e8 

  0x000078876cf1c048: ; ImmutableOopMap {rbp=Oop [8]=NarrowOop [16]=Oop [24]=Oop [36]=NarrowOop [40]=NarrowOop [44]=NarrowOop [48]=NarrowOop }
                      ;*invokeinterface setPipeline {reexecute=0 rethrow=0 return_oop=0}
                      ; - com.mojang.blaze3d.systems.RenderPass::setPipeline@5 (line 51)
                      ; - net.minecraft.client.renderer.chunk.ChunkSectionsToRender::renderGroup@201 (line 53)
  0x000078876cf1c048: 9457 c6fe 

  0x000078876cf1c04c: ;   {post_call_nop}
  0x000078876cf1c04c: 0f1f 8400 | c414 0020 | bede ffff | ff49 8bea | 4889 4424 | f88b 4424 | 2489 4424 | 0848 8b44 
  0x000078876cf1c06c: 24f8 48ff | 7424 3048 | 8f44 2410 | 48ff 7424 | 2848 8f44 | 2418 4489 | 4c24 244c | 895c 2430 
  0x000078876cf1c08c: ;   {runtime_call UncommonTrapBlob}
  0x000078876cf1c08c: 6666 90e8 

  0x000078876cf1c090: ; ImmutableOopMap {rbp=Oop [8]=NarrowOop [16]=Oop [24]=Oop [36]=NarrowOop [48]=Oop [80]=NarrowOop }
                      ;*invokeinterface iterator {reexecute=0 rethrow=0 return_oop=0}
                      ; - net.minecraft.client.renderer.chunk.ChunkSectionsToRender::renderGroup@223 (line 56)
  0x000078876cf1c090: 4c57 c6fe 

  0x000078876cf1c094: ;   {post_call_nop}
  0x000078876cf1c094: 0f1f 8400 | 0c15 0021 | bee4 ffff | ff48 8944 | 24f8 8b44 | 2424 8944 | 2408 488b | 4424 f848 
  0x000078876cf1c0b4: ff74 2430 | 488f 4424 | 1048 ff74 | 2428 488f | 4424 1848 | 8944 24f8 | 8b44 2438 | 8944 240c 
  0x000078876cf1c0d4: 488b 4424 | f848 8944 | 24f8 8b44 | 243c 8944 | 2420 488b | 4424 f844 | 8954 2428 | 4889 4424 
  0x000078876cf1c0f4: f88b 4424 | 4489 4424 | 3048 8b44 | 24f8 4889 | 4424 f88b | 4424 4089 | 4424 3848 | 8b44 24f8 
  0x000078876cf1c114: 4889 4424 | f88b 4424 | 5489 4424 | 4048 8b44 

  0x000078876cf1c124: ;   {runtime_call UncommonTrapBlob}
  0x000078876cf1c124: 24f8 90e8 

  0x000078876cf1c128: ; ImmutableOopMap {[8]=NarrowOop [16]=Oop [24]=Oop [40]=NarrowOop [64]=NarrowOop [80]=NarrowOop [136]=Oop [144]=NarrowOop }
                      ;*aaload {reexecute=0 rethrow=0 return_oop=0}
                      ; - it.unimi.dsi.fastutil.ints.Int2ObjectOpenHashMap$ValueIterator::next@11 (line 1185)
                      ; - net.minecraft.client.renderer.chunk.ChunkSectionsToRender::renderGroup@242 (line 56)
  0x000078876cf1c128: b456 c6fe 

  0x000078876cf1c12c: ;   {post_call_nop}
  0x000078876cf1c12c: 0f1f 8400 | a415 0022 | bef6 ffff | ff48 ff74 | 2428 488f | 4424 1848 | 8944 24f8 | 8b44 2438 
  0x000078876cf1c14c: 8944 240c | 488b 4424 | f848 8944 | 24f8 8b44 | 243c 8944 | 2420 488b | 4424 f848 | ff74 2430 
  0x000078876cf1c16c: 488f 4424 | 2848 8944 | 24f8 8b44 | 2444 8944 | 2430 488b | 4424 f848 | 8944 24f8 | 8b44 2458 
  0x000078876cf1c18c: 8944 2434 | 488b 4424 | f848 8944 | 24f8 8b44 | 2440 8944 | 2438 488b | 4424 f848 | 8944 24f8 
  0x000078876cf1c1ac: 8b44 245c | 8944 243c | 488b 4424 | f848 8944 | 24f8 8b44 | 2454 8944 | 2440 488b | 4424 f848 
  0x000078876cf1c1cc: 8944 24f8 | 8b44 2450 | 8944 2448 | 488b 4424 | f848 ff74 | 2468 488f | 4424 5048 | 8954 2458 
  0x000078876cf1c1ec: 4c89 5c24 | 6889 4c24 

  0x000078876cf1c1f4: ;   {runtime_call UncommonTrapBlob}
  0x000078876cf1c1f4: 4c66 90e8 

  0x000078876cf1c1f8: ; ImmutableOopMap {[24]=Oop [36]=NarrowOop [40]=Oop [64]=NarrowOop [72]=NarrowOop [76]=NarrowOop [80]=Oop [88]=Oop [96]=Oop [104]=Oop [136]=Oop }
                      ;*invokevirtual executeDrawMultiple {reexecute=0 rethrow=0 return_oop=0}
                      ; - com.mojang.blaze3d.opengl.GlRenderPass::drawMultipleIndexed@12 (line 156)
                      ; - com.mojang.blaze3d.systems.RenderPass::drawMultipleIndexed@33 (line 109)
                      ; - net.minecraft.client.renderer.chunk.ChunkSectionsToRender::renderGroup@296 (line 62)
  0x000078876cf1c1f8: e455 c6fe 

  0x000078876cf1c1fc: ;   {post_call_nop}
  0x000078876cf1c1fc: 0f1f 8400 | 7416 0023 | bede ffff | ff48 8944 | 24f8 8b44 | 2438 8944 | 240c 488b | 4424 f848 
  0x000078876cf1c21c: 8944 24f8 | 8b44 243c | 8944 2420 | 488b 4424 | f848 8944 | 24f8 8b44 | 2444 8944 | 2438 488b 
  0x000078876cf1c23c: 4424 f848 | 8944 24f8 | 8b44 2458 | 8944 243c | 488b 4424 | f848 8944 | 24f8 8b44 | 245c 8944 
  0x000078876cf1c25c: 2444 488b | 4424 f848 | 8944 24f8 | 8b44 2454 | 8944 2448 | 488b 4424 | f848 ff74 | 2468 488f 
  0x000078876cf1c27c: 4424 584c | 895c 2468 | 894c 2454 | 4489 5424 

  0x000078876cf1c28c: ;   {runtime_call UncommonTrapBlob}
  0x000078876cf1c28c: 7066 90e8 

  0x000078876cf1c290: ; ImmutableOopMap {[36]=NarrowOop [40]=Oop [48]=Oop [72]=NarrowOop [80]=NarrowOop [84]=NarrowOop [88]=Oop [96]=Oop [104]=Oop [112]=NarrowOop [136]=Oop }
                      ;*invokeinterface isClosed {reexecute=0 rethrow=0 return_oop=0}
                      ; - com.mojang.blaze3d.systems.RenderPass::drawMultipleIndexed@4 (line 106)
                      ; - net.minecraft.client.renderer.chunk.ChunkSectionsToRender::renderGroup@296 (line 62)
  0x000078876cf1c290: 4c55 c6fe 

  0x000078876cf1c294: ;   {post_call_nop}
  0x000078876cf1c294: 0f1f 8400 | 0c17 0024 | be7e ffff | ff48 8b6c | 2408 4889 | 4424 f88b | 4424 2089 | 4424 0848 
  0x000078876cf1c2b4: 8b44 24f8 | 48ff 7424 | 3048 8f44 | 2410 4889 | 4424 1848 | 894c 2430 

  0x000078876cf1c2cc: ;   {runtime_call UncommonTrapBlob}
  0x000078876cf1c2cc: 6666 90e8 

  0x000078876cf1c2d0: ; ImmutableOopMap {rbp=Oop [8]=NarrowOop [16]=Oop [24]=Oop [56]=Oop [64]=NarrowOop [68]=NarrowOop }
                      ;*lrem {reexecute=0 rethrow=0 return_oop=0}
                      ; - com.mojang.blaze3d.systems.RenderPass::setUniform@16 (line 64)
                      ; - com.mojang.blaze3d.systems.RenderSystem::bindDefaultUniforms@13 (line 285)
                      ; - net.minecraft.client.renderer.chunk.ChunkSectionsToRender::renderGroup@118 (line 48)
  0x000078876cf1c2d0: 0c55 c6fe 

  0x000078876cf1c2d4: ;   {post_call_nop}
  0x000078876cf1c2d4: 0f1f 8400 | 4c17 0025 | bef6 ffff | ff48 8b6c | 2408 4889 | 4424 f88b | 4424 2089 | 4424 0848 
  0x000078876cf1c2f4: 8b44 24f8 | 4c89 5424 | 1844 895c 

  0x000078876cf1c300: ;   {runtime_call UncommonTrapBlob}
  0x000078876cf1c300: 242c 90e8 

  0x000078876cf1c304: ; ImmutableOopMap {rbp=Oop [8]=NarrowOop [24]=Oop [44]=NarrowOop [48]=Oop [56]=Oop [64]=NarrowOop [68]=NarrowOop }
                      ;*invokevirtual put {reexecute=0 rethrow=0 return_oop=0}
                      ; - com.mojang.blaze3d.opengl.GlRenderPass::setUniform@6 (line 89)
                      ; - com.mojang.blaze3d.systems.RenderPass::setUniform@42 (line 67)
                      ; - com.mojang.blaze3d.systems.RenderSystem::bindDefaultUniforms@13 (line 285)
                      ; - net.minecraft.client.renderer.chunk.ChunkSectionsToRender::renderGroup@118 (line 48)
  0x000078876cf1c304: d854 c6fe 

  0x000078876cf1c308: ;   {post_call_nop}
  0x000078876cf1c308: 0f1f 8400 | 8017 0026 | bef6 ffff | ff48 8b6c | 2408 4889 | 4424 f88b | 4424 2089 | 4424 0848 
  0x000078876cf1c328: 8b44 24f8 | 48ff 7424 | 2848 8f44 

  0x000078876cf1c334: ;   {runtime_call UncommonTrapBlob}
  0x000078876cf1c334: 2418 90e8 

  0x000078876cf1c338: ; ImmutableOopMap {rbp=Oop [8]=NarrowOop [24]=Oop [48]=Oop [56]=Oop [64]=NarrowOop [68]=NarrowOop }
                      ;*invokevirtual put {reexecute=0 rethrow=0 return_oop=0}
                      ; - java.util.HashSet::add@8 (line 230)
                      ; - com.mojang.blaze3d.opengl.GlRenderPass::setUniform@15 (line 90)
                      ; - com.mojang.blaze3d.systems.RenderPass::setUniform@42 (line 67)
                      ; - com.mojang.blaze3d.systems.RenderSystem::bindDefaultUniforms@13 (line 285)
                      ; - net.minecraft.client.renderer.chunk.ChunkSectionsToRender::renderGroup@118 (line 48)
  0x000078876cf1c338: a454 c6fe 

  0x000078876cf1c33c: ;   {post_call_nop}
  0x000078876cf1c33c: 0f1f 8400 | b417 0027 | be7e ffff | ff48 8b6c | 2408 4889 | 4424 f88b | 4424 2089 | 4424 0848 
  0x000078876cf1c35c: 8b44 24f8 | 48ff 7424 | 3048 8f44 | 2410 4c89 | 5c24 1848 | 8944 2430 

  0x000078876cf1c374: ;   {runtime_call UncommonTrapBlob}
  0x000078876cf1c374: 6666 90e8 

  0x000078876cf1c378: ; ImmutableOopMap {rbp=Oop [8]=NarrowOop [16]=Oop [24]=Oop [56]=Oop [64]=NarrowOop [68]=NarrowOop }
                      ;*lrem {reexecute=0 rethrow=0 return_oop=0}
                      ; - com.mojang.blaze3d.systems.RenderPass::setUniform@16 (line 64)
                      ; - com.mojang.blaze3d.systems.RenderSystem::bindDefaultUniforms@29 (line 290)
                      ; - net.minecraft.client.renderer.chunk.ChunkSectionsToRender::renderGroup@118 (line 48)
  0x000078876cf1c378: 6454 c6fe 

  0x000078876cf1c37c: ;   {post_call_nop}
  0x000078876cf1c37c: 0f1f 8400 | f417 0028 | bef6 ffff | ff48 8b6c | 2408 4889 | 4424 f88b | 4424 2089 | 4424 0848 
  0x000078876cf1c39c: 8b44 24f8 | 4c89 5c24 | 1844 8944 

  0x000078876cf1c3a8: ;   {runtime_call UncommonTrapBlob}
  0x000078876cf1c3a8: 242c 90e8 

  0x000078876cf1c3ac: ; ImmutableOopMap {rbp=Oop [8]=NarrowOop [24]=Oop [44]=NarrowOop [48]=Oop [56]=Oop [64]=NarrowOop [68]=NarrowOop }
                      ;*invokevirtual put {reexecute=0 rethrow=0 return_oop=0}
                      ; - com.mojang.blaze3d.opengl.GlRenderPass::setUniform@6 (line 89)
                      ; - com.mojang.blaze3d.systems.RenderPass::setUniform@42 (line 67)
                      ; - com.mojang.blaze3d.systems.RenderSystem::bindDefaultUniforms@29 (line 290)
                      ; - net.minecraft.client.renderer.chunk.ChunkSectionsToRender::renderGroup@118 (line 48)
  0x000078876cf1c3ac: 3054 c6fe 

  0x000078876cf1c3b0: ;   {post_call_nop}
  0x000078876cf1c3b0: 0f1f 8400 | 2818 0029 | bef6 ffff | ff48 8b6c | 2408 4889 | 4424 f88b | 4424 2089 | 4424 0848 
  0x000078876cf1c3d0: 8b44 24f8 | 48ff 7424 | 2848 8f44 

  0x000078876cf1c3dc: ;   {runtime_call UncommonTrapBlob}
  0x000078876cf1c3dc: 2418 90e8 

  0x000078876cf1c3e0: ; ImmutableOopMap {rbp=Oop [8]=NarrowOop [24]=Oop [48]=Oop [56]=Oop [64]=NarrowOop [68]=NarrowOop }
                      ;*invokevirtual put {reexecute=0 rethrow=0 return_oop=0}
                      ; - java.util.HashSet::add@8 (line 230)
                      ; - com.mojang.blaze3d.opengl.GlRenderPass::setUniform@15 (line 90)
                      ; - com.mojang.blaze3d.systems.RenderPass::setUniform@42 (line 67)
                      ; - com.mojang.blaze3d.systems.RenderSystem::bindDefaultUniforms@29 (line 290)
                      ; - net.minecraft.client.renderer.chunk.ChunkSectionsToRender::renderGroup@118 (line 48)
  0x000078876cf1c3e0: fc53 c6fe 

  0x000078876cf1c3e4: ;   {post_call_nop}
  0x000078876cf1c3e4: 0f1f 8400 | 5c18 002a | bef6 ffff | ff48 8b6c | 2408 4889 | 4424 f88b | 4424 2089 | 4424 0848 
  0x000078876cf1c404: 8b44 24f8 | 48ff 7424 | 3048 8f44 | 2410 4889 | 4c24 184c | 8944 2430 

  0x000078876cf1c41c: ;   {runtime_call UncommonTrapBlob}
  0x000078876cf1c41c: 6666 90e8 

  0x000078876cf1c420: ; ImmutableOopMap {rbp=Oop [8]=NarrowOop [16]=Oop [24]=Oop [48]=Oop [56]=Oop [64]=NarrowOop [68]=NarrowOop }
                      ;*invokevirtual put {reexecute=0 rethrow=0 return_oop=0}
                      ; - com.mojang.blaze3d.opengl.GlRenderPass::setUniform@9 (line 83)
                      ; - com.mojang.blaze3d.systems.RenderPass::setUniform@6 (line 59)
                      ; - com.mojang.blaze3d.systems.RenderSystem::bindDefaultUniforms@45 (line 295)
                      ; - net.minecraft.client.renderer.chunk.ChunkSectionsToRender::renderGroup@118 (line 48)
  0x000078876cf1c420: bc53 c6fe 

  0x000078876cf1c424: ;   {post_call_nop}
  0x000078876cf1c424: 0f1f 8400 | 9c18 002b | bef6 ffff | ff48 8b6c | 2408 4889 | 4424 f88b | 4424 2089 | 4424 0848 
  0x000078876cf1c444: 8b44 24f8 | 48ff 7424 | 2848 8f44 

  0x000078876cf1c450: ;   {runtime_call UncommonTrapBlob}
  0x000078876cf1c450: 2418 90e8 

  0x000078876cf1c454: ; ImmutableOopMap {rbp=Oop [8]=NarrowOop [24]=Oop [48]=Oop [56]=Oop [64]=NarrowOop [68]=NarrowOop }
                      ;*invokevirtual put {reexecute=0 rethrow=0 return_oop=0}
                      ; - java.util.HashSet::add@8 (line 230)
                      ; - com.mojang.blaze3d.opengl.GlRenderPass::setUniform@18 (line 84)
                      ; - com.mojang.blaze3d.systems.RenderPass::setUniform@6 (line 59)
                      ; - com.mojang.blaze3d.systems.RenderSystem::bindDefaultUniforms@45 (line 295)
                      ; - net.minecraft.client.renderer.chunk.ChunkSectionsToRender::renderGroup@118 (line 48)
  0x000078876cf1c454: 8853 c6fe 

  0x000078876cf1c458: ;   {post_call_nop}
  0x000078876cf1c458: 0f1f 8400 | d018 002c | be7e ffff | ff48 8b6c | 2408 4889 | 4424 f88b | 4424 2089 | 4424 0848 
  0x000078876cf1c478: 8b44 24f8 | 48ff 7424 | 3048 8f44 | 2410 4c89 | 5c24 1848 | 8944 2430 

  0x000078876cf1c490: ;   {runtime_call UncommonTrapBlob}
  0x000078876cf1c490: 6666 90e8 

  0x000078876cf1c494: ; ImmutableOopMap {rbp=Oop [8]=NarrowOop [16]=Oop [24]=Oop [56]=Oop [64]=NarrowOop [68]=NarrowOop }
                      ;*lrem {reexecute=0 rethrow=0 return_oop=0}
                      ; - com.mojang.blaze3d.systems.RenderPass::setUniform@16 (line 64)
                      ; - com.mojang.blaze3d.systems.RenderSystem::bindDefaultUniforms@64 (line 300)
                      ; - net.minecraft.client.renderer.chunk.ChunkSectionsToRender::renderGroup@118 (line 48)
  0x000078876cf1c494: 4853 c6fe 

  0x000078876cf1c498: ;   {post_call_nop}
  0x000078876cf1c498: 0f1f 8400 | 1019 002d | bef6 ffff | ff48 8b6c | 2408 4889 | 4424 f88b | 4424 2089 | 4424 0848 
  0x000078876cf1c4b8: 8b44 24f8 | 4c89 5c24 | 1844 8944 

  0x000078876cf1c4c4: ;   {runtime_call UncommonTrapBlob}
  0x000078876cf1c4c4: 242c 90e8 

  0x000078876cf1c4c8: ; ImmutableOopMap {rbp=Oop [8]=NarrowOop [24]=Oop [44]=NarrowOop [48]=Oop [56]=Oop [64]=NarrowOop [68]=NarrowOop }
                      ;*invokevirtual put {reexecute=0 rethrow=0 return_oop=0}
                      ; - com.mojang.blaze3d.opengl.GlRenderPass::setUniform@6 (line 89)
                      ; - com.mojang.blaze3d.systems.RenderPass::setUniform@42 (line 67)
                      ; - com.mojang.blaze3d.systems.RenderSystem::bindDefaultUniforms@64 (line 300)
                      ; - net.minecraft.client.renderer.chunk.ChunkSectionsToRender::renderGroup@118 (line 48)
  0x000078876cf1c4c8: 1453 c6fe 

  0x000078876cf1c4cc: ;   {post_call_nop}
  0x000078876cf1c4cc: 0f1f 8400 | 4419 002e | bef6 ffff | ff48 8b6c | 2408 4889 | 4424 f88b | 4424 2089 | 4424 0848 
  0x000078876cf1c4ec: 8b44 24f8 | 48ff 7424 | 2848 8f44 

  0x000078876cf1c4f8: ;   {runtime_call UncommonTrapBlob}
  0x000078876cf1c4f8: 2418 90e8 

  0x000078876cf1c4fc: ; ImmutableOopMap {rbp=Oop [8]=NarrowOop [24]=Oop [48]=Oop [56]=Oop [64]=NarrowOop [68]=NarrowOop }
                      ;*invokevirtual put {reexecute=0 rethrow=0 return_oop=0}
                      ; - java.util.HashSet::add@8 (line 230)
                      ; - com.mojang.blaze3d.opengl.GlRenderPass::setUniform@15 (line 90)
                      ; - com.mojang.blaze3d.systems.RenderPass::setUniform@42 (line 67)
                      ; - com.mojang.blaze3d.systems.RenderSystem::bindDefaultUniforms@64 (line 300)
                      ; - net.minecraft.client.renderer.chunk.ChunkSectionsToRender::renderGroup@118 (line 48)
  0x000078876cf1c4fc: e052 c6fe 

  0x000078876cf1c500: ;   {post_call_nop}
  0x000078876cf1c500: 0f1f 8400 | 7819 002f | bef6 ffff | ff48 8beb | 4889 4424 | f88b 4424 | 2089 4424 | 0848 8b44 
  0x000078876cf1c520: 24f8 4889 | 4c24 184c | 8944 2428 

  0x000078876cf1c52c: ;   {runtime_call UncommonTrapBlob}
  0x000078876cf1c52c: 6666 90e8 

  0x000078876cf1c530: ; ImmutableOopMap {rbp=Oop [8]=NarrowOop [24]=Oop [40]=Oop [48]=Oop [64]=NarrowOop [68]=NarrowOop }
                      ;*invokevirtual put {reexecute=0 rethrow=0 return_oop=0}
                      ; - com.mojang.blaze3d.opengl.GlRenderPass::bindTexture@36 (line 75)
                      ; - com.mojang.blaze3d.systems.RenderPass::bindTexture@7 (line 55)
                      ; - net.minecraft.client.renderer.chunk.ChunkSectionsToRender::renderGroup@130 (line 49)
  0x000078876cf1c530: ac52 c6fe 

  0x000078876cf1c534: ;   {post_call_nop}
  0x000078876cf1c534: 0f1f 8400 | ac19 0030 | bef6 ffff | ff48 8b6c | 2408 4889 | 4424 f88b | 4424 2089 | 4424 0848 
  0x000078876cf1c554: 8b44 24f8 

  0x000078876cf1c558: ;   {runtime_call UncommonTrapBlob}
  0x000078876cf1c558: 6666 90e8 

  0x000078876cf1c55c: ; ImmutableOopMap {rbp=Oop [8]=NarrowOop [40]=Oop [48]=Oop [64]=NarrowOop [68]=NarrowOop }
                      ;*invokevirtual put {reexecute=0 rethrow=0 return_oop=0}
                      ; - java.util.HashSet::add@8 (line 230)
                      ; - com.mojang.blaze3d.opengl.GlRenderPass::bindTexture@45 (line 78)
                      ; - com.mojang.blaze3d.systems.RenderPass::bindTexture@7 (line 55)
                      ; - net.minecraft.client.renderer.chunk.ChunkSectionsToRender::renderGroup@130 (line 49)
  0x000078876cf1c55c: 8052 c6fe 

  0x000078876cf1c560: ;   {post_call_nop}
  0x000078876cf1c560: 0f1f 8400 | d819 0031 | bef6 ffff | ff48 8b6c | 2408 4889 | 4424 f88b | 4424 2089 | 4424 0848 
  0x000078876cf1c580: 8b44 24f8 | 4c89 4c24 | 184c 895c 

  0x000078876cf1c58c: ;   {runtime_call UncommonTrapBlob}
  0x000078876cf1c58c: 2420 90e8 

  0x000078876cf1c590: ; ImmutableOopMap {rbp=Oop [8]=NarrowOop [24]=Oop [32]=Oop [48]=Oop [64]=NarrowOop }
                      ;*invokevirtual put {reexecute=0 rethrow=0 return_oop=0}
                      ; - com.mojang.blaze3d.opengl.GlRenderPass::bindTexture@36 (line 75)
                      ; - com.mojang.blaze3d.systems.RenderPass::bindTexture@7 (line 55)
                      ; - net.minecraft.client.renderer.chunk.ChunkSectionsToRender::renderGroup@154 (line 50)
  0x000078876cf1c590: 4c52 c6fe 

  0x000078876cf1c594: ;   {post_call_nop}
  0x000078876cf1c594: 0f1f 8400 | 0c1a 0032 | bef6 ffff | ff48 8b6c 

  0x000078876cf1c5a4: ;   {runtime_call UncommonTrapBlob}
  0x000078876cf1c5a4: 2408 90e8 

  0x000078876cf1c5a8: ; ImmutableOopMap {rbp=Oop [32]=NarrowOop [40]=Oop [48]=Oop [64]=NarrowOop }
                      ;*invokevirtual put {reexecute=0 rethrow=0 return_oop=0}
                      ; - java.util.HashSet::add@8 (line 230)
                      ; - com.mojang.blaze3d.opengl.GlRenderPass::bindTexture@45 (line 78)
                      ; - com.mojang.blaze3d.systems.RenderPass::bindTexture@7 (line 55)
                      ; - net.minecraft.client.renderer.chunk.ChunkSectionsToRender::renderGroup@154 (line 50)
  0x000078876cf1c5a8: 3452 c6fe 

  0x000078876cf1c5ac: ;   {post_call_nop}
  0x000078876cf1c5ac: 0f1f 8400 | 241a 0033 | bef6 ffff 

  0x000078876cf1c5b8: ;   {runtime_call UncommonTrapBlob}
  0x000078876cf1c5b8: ff66 90e8 

  0x000078876cf1c5bc: ; ImmutableOopMap {}
                      ;*invokevirtual finishRenderPass {reexecute=0 rethrow=0 return_oop=0}
                      ; - com.mojang.blaze3d.opengl.GlRenderPass::close@16 (line 168)
                      ; - com.mojang.blaze3d.systems.RenderPass::close@33 (line 128)
                      ; - net.minecraft.client.renderer.chunk.ChunkSectionsToRender::renderGroup@315 (line 66)
  0x000078876cf1c5bc: 2052 c6fe 

  0x000078876cf1c5c0: ;   {post_call_nop}
  0x000078876cf1c5c0: 0f1f 8400 | 381a 0034 | bef6 ffff 

  0x000078876cf1c5cc: ;   {runtime_call UncommonTrapBlob}
  0x000078876cf1c5cc: ff66 90e8 

  0x000078876cf1c5d0: ; ImmutableOopMap {}
                      ;*invokevirtual debugLabels {reexecute=0 rethrow=0 return_oop=0}
                      ; - com.mojang.blaze3d.opengl.GlCommandEncoder::finishRenderPass@15 (line 719)
                      ; - com.mojang.blaze3d.opengl.GlRenderPass::close@16 (line 168)
                      ; - com.mojang.blaze3d.systems.RenderPass::close@33 (line 128)
                      ; - net.minecraft.client.renderer.chunk.ChunkSectionsToRender::renderGroup@315 (line 66)
  0x000078876cf1c5d0: 0c52 c6fe 

  0x000078876cf1c5d4: ;   {post_call_nop}
  0x000078876cf1c5d4: 0f1f 8400 | 4c1a 0035 | bef6 ffff 

  0x000078876cf1c5e0: ;   {runtime_call UncommonTrapBlob}
  0x000078876cf1c5e0: ff66 90e8 

  0x000078876cf1c5e4: ; ImmutableOopMap {}
                      ;*invokevirtual popDebugGroup {reexecute=0 rethrow=0 return_oop=0}
                      ; - com.mojang.blaze3d.opengl.GlCommandEncoder::finishRenderPass@18 (line 719)
                      ; - com.mojang.blaze3d.opengl.GlRenderPass::close@16 (line 168)
                      ; - com.mojang.blaze3d.systems.RenderPass::close@33 (line 128)
                      ; - net.minecraft.client.renderer.chunk.ChunkSectionsToRender::renderGroup@315 (line 66)
  0x000078876cf1c5e4: f851 c6fe 

  0x000078876cf1c5e8: ;   {post_call_nop}
  0x000078876cf1c5e8: 0f1f 8400 | 601a 0036 | bede ffff | ff4c 895c | 2408 8954 | 2410 4889 | 4c24 184c | 894c 2420 
  0x000078876cf1c608: 48ff 7424 | 3848 8f44 | 2428 4489 | 5424 1444 | 8944 2430 | 4c89 6c24 | 4089 7c24 

  0x000078876cf1c624: ;   {runtime_call UncommonTrapBlob}
  0x000078876cf1c624: 4866 90e8 

  0x000078876cf1c628: ; ImmutableOopMap {rbp=Oop [8]=Oop [16]=NarrowOop [20]=NarrowOop [24]=Oop [32]=Oop [40]=Oop [48]=NarrowOop [64]=Oop [72]=NarrowOop }
                      ;*invokeinterface createCommandEncoder {reexecute=0 rethrow=0 return_oop=0}
                      ; - com.mojang.blaze3d.systems.GpuDevice::createCommandEncoder@12 (line 31)
                      ; - net.minecraft.client.renderer.chunk.ChunkSectionsToRender::renderGroup@86 (line 40)
  0x000078876cf1c628: b451 c6fe 

  0x000078876cf1c62c: ;   {post_call_nop}
  0x000078876cf1c62c: 0f1f 8400 | a41a 0037 | becc ffff | ff48 8b6c | 2408 4889 | 4424 f88b | 4424 2089 | 4424 0848 
  0x000078876cf1c64c: 8b44 24f8 | 48ff 7424 | 3048 8f44 | 2410 48ff | 7424 3848 | 8f44 2420 

  0x000078876cf1c664: ;   {runtime_call UncommonTrapBlob}
  0x000078876cf1c664: 6666 90e8 

  0x000078876cf1c668: ; ImmutableOopMap {rbp=Oop [8]=NarrowOop [16]=Oop [24]=Oop [32]=Oop [40]=Oop [64]=NarrowOop [68]=NarrowOop [72]=Oop }
                      ;*invokevirtual allocateInstance {reexecute=0 rethrow=0 return_oop=0}
                      ; - java.lang.invoke.DirectMethodHandle::allocateInstance@12 (line 500)
                      ; - java.lang.invoke.DirectMethodHandle$Holder::newInvokeSpecial@1
                      ; - java.lang.invoke.Invokers$Holder::linkToTargetMethod@5
                      ; - net.minecraft.client.renderer.chunk.ChunkSectionsToRender::renderGroup@90 (line 40)
  0x000078876cf1c668: 7451 c6fe 

  0x000078876cf1c66c: ;   {post_call_nop}
  0x000078876cf1c66c: 0f1f 8400 | e41a 0038 | bede ffff | ff48 8944 | 24f8 8b44 | 2420 8944 | 2410 488b | 4424 f848 
  0x000078876cf1c68c: ff74 2430 | 488f 4424 | 1848 8944 | 2428 4889 | 4424 3048 | 8944 24f8 | 8b44 2440 | 8944 2414 
  0x000078876cf1c6ac: 488b 4424 | f848 8944 | 24f8 8b44 | 2444 8944 | 2440 488b | 4424 f844 | 895c 2444 

  0x000078876cf1c6c8: ;   {runtime_call UncommonTrapBlob}
  0x000078876cf1c6c8: 6666 90e8 

  0x000078876cf1c6cc: ; ImmutableOopMap {rbp=NarrowOop [8]=Oop [16]=NarrowOop [20]=NarrowOop [24]=Oop [40]=Oop [48]=Oop [56]=Oop [64]=NarrowOop [68]=NarrowOop }
                      ;*invokeinterface getUniformOffsetAlignment {reexecute=0 rethrow=0 return_oop=0}
                      ; - com.mojang.blaze3d.systems.RenderPass::setUniform@4 (line 63)
                      ; - com.mojang.blaze3d.systems.RenderSystem::bindDefaultUniforms@13 (line 285)
                      ; - net.minecraft.client.renderer.chunk.ChunkSectionsToRender::renderGroup@118 (line 48)
  0x000078876cf1c6cc: 1051 c6fe 

  0x000078876cf1c6d0: ;   {post_call_nop}
  0x000078876cf1c6d0: 0f1f 8400 | 481b 0039 | bede ffff | ff48 8944 | 24f8 8b44 | 2420 8944 | 2410 488b | 4424 f848 
  0x000078876cf1c6f0: ff74 2430 | 488f 4424 | 184c 8954 | 2428 48ff | 7424 3848 | 8f44 2430 | 4489 5c24 

  0x000078876cf1c70c: ;   {runtime_call UncommonTrapBlob}
  0x000078876cf1c70c: 3c66 90e8 

  0x000078876cf1c710: ; ImmutableOopMap {rbp=NarrowOop [8]=Oop [16]=NarrowOop [24]=Oop [40]=Oop [48]=Oop [60]=NarrowOop [64]=NarrowOop [68]=NarrowOop }
                      ;*invokeinterface setUniform {reexecute=0 rethrow=0 return_oop=0}
                      ; - com.mojang.blaze3d.systems.RenderPass::setUniform@42 (line 67)
                      ; - com.mojang.blaze3d.systems.RenderSystem::bindDefaultUniforms@13 (line 285)
                      ; - net.minecraft.client.renderer.chunk.ChunkSectionsToRender::renderGroup@118 (line 48)
  0x000078876cf1c710: cc50 c6fe 

  0x000078876cf1c714: ;   {post_call_nop}
  0x000078876cf1c714: 0f1f 8400 | 8c1b 003a | bede ffff | ff48 8944 | 24f8 8b44 | 2420 8944 | 2410 488b | 4424 f848 
  0x000078876cf1c734: ff74 2430 | 488f 4424 | 1848 ff74 | 2438 488f 

  0x000078876cf1c744: ;   {runtime_call UncommonTrapBlob}
  0x000078876cf1c744: 4424 30e8 

  0x000078876cf1c748: ; ImmutableOopMap {rbp=NarrowOop [8]=Oop [16]=NarrowOop [24]=Oop [40]=Oop [48]=Oop [64]=NarrowOop [68]=NarrowOop }
                      ;*invokeinterface add {reexecute=0 rethrow=0 return_oop=0}
                      ; - com.mojang.blaze3d.opengl.GlRenderPass::setUniform@15 (line 90)
                      ; - com.mojang.blaze3d.systems.RenderPass::setUniform@42 (line 67)
                      ; - com.mojang.blaze3d.systems.RenderSystem::bindDefaultUniforms@13 (line 285)
                      ; - net.minecraft.client.renderer.chunk.ChunkSectionsToRender::renderGroup@118 (line 48)
  0x000078876cf1c748: 9450 c6fe 

  0x000078876cf1c74c: ;   {post_call_nop}
  0x000078876cf1c74c: 0f1f 8400 | c41b 003b | bede ffff | ff48 8944 | 24f8 8b44 | 2420 8944 | 2410 488b | 4424 f848 
  0x000078876cf1c76c: ff74 2430 | 488f 4424 | 1848 8944 | 24f8 8b44 | 2440 8944 | 2414 488b | 4424 f848 | 8944 24f8 
  0x000078876cf1c78c: 8b44 2444 | 8944 2440 | 488b 4424 | f844 8944 

  0x000078876cf1c79c: ;   {runtime_call UncommonTrapBlob}
  0x000078876cf1c79c: 2444 90e8 

  0x000078876cf1c7a0: ; ImmutableOopMap {rbp=NarrowOop [8]=Oop [16]=NarrowOop [20]=NarrowOop [24]=Oop [40]=Oop [56]=Oop [64]=NarrowOop [68]=NarrowOop }
                      ;*invokeinterface getUniformOffsetAlignment {reexecute=0 rethrow=0 return_oop=0}
                      ; - com.mojang.blaze3d.systems.RenderPass::setUniform@4 (line 63)
                      ; - com.mojang.blaze3d.systems.RenderSystem::bindDefaultUniforms@29 (line 290)
                      ; - net.minecraft.client.renderer.chunk.ChunkSectionsToRender::renderGroup@118 (line 48)
  0x000078876cf1c7a0: 3c50 c6fe 

  0x000078876cf1c7a4: ;   {post_call_nop}
  0x000078876cf1c7a4: 0f1f 8400 | 1c1c 003c | bede ffff | ff48 8944 | 24f8 8b44 | 2420 8944 | 2410 488b | 4424 f848 
  0x000078876cf1c7c4: ff74 2430 | 488f 4424 | 1848 ff74 | 2438 488f | 4424 3044 | 8944 243c 

  0x000078876cf1c7dc: ;   {runtime_call UncommonTrapBlob}
  0x000078876cf1c7dc: 6666 90e8 

  0x000078876cf1c7e0: ; ImmutableOopMap {rbp=NarrowOop [8]=Oop [16]=NarrowOop [24]=Oop [40]=Oop [48]=Oop [60]=NarrowOop [64]=NarrowOop [68]=NarrowOop }
                      ;*invokeinterface setUniform {reexecute=0 rethrow=0 return_oop=0}
                      ; - com.mojang.blaze3d.systems.RenderPass::setUniform@42 (line 67)
                      ; - com.mojang.blaze3d.systems.RenderSystem::bindDefaultUniforms@29 (line 290)
                      ; - net.minecraft.client.renderer.chunk.ChunkSectionsToRender::renderGroup@118 (line 48)
  0x000078876cf1c7e0: fc4f c6fe 

  0x000078876cf1c7e4: ;   {post_call_nop}
  0x000078876cf1c7e4: 0f1f 8400 | 5c1c 003d | bede ffff | ff48 8944 | 24f8 8b44 | 2420 8944 | 2410 488b | 4424 f848 
  0x000078876cf1c804: ff74 2430 | 488f 4424 | 1848 ff74 | 2438 488f 

  0x000078876cf1c814: ;   {runtime_call UncommonTrapBlob}
  0x000078876cf1c814: 4424 30e8 

  0x000078876cf1c818: ; ImmutableOopMap {rbp=NarrowOop [8]=Oop [16]=NarrowOop [24]=Oop [40]=Oop [48]=Oop [64]=NarrowOop [68]=NarrowOop }
                      ;*invokeinterface add {reexecute=0 rethrow=0 return_oop=0}
                      ; - com.mojang.blaze3d.opengl.GlRenderPass::setUniform@15 (line 90)
                      ; - com.mojang.blaze3d.systems.RenderPass::setUniform@42 (line 67)
                      ; - com.mojang.blaze3d.systems.RenderSystem::bindDefaultUniforms@29 (line 290)
                      ; - net.minecraft.client.renderer.chunk.ChunkSectionsToRender::renderGroup@118 (line 48)
  0x000078876cf1c818: c44f c6fe 

  0x000078876cf1c81c: ;   {post_call_nop}
  0x000078876cf1c81c: 0f1f 8400 | 941c 003e | bede ffff | ff48 8944 | 24f8 8b44 | 2420 8944 | 2410 488b | 4424 f848 
  0x000078876cf1c83c: ff74 2430 | 488f 4424 | 1848 ff74 | 2438 488f | 4424 3044 | 894c 243c 

  0x000078876cf1c854: ;   {runtime_call UncommonTrapBlob}
  0x000078876cf1c854: 6666 90e8 

  0x000078876cf1c858: ; ImmutableOopMap {rbp=NarrowOop [8]=Oop [16]=NarrowOop [24]=Oop [40]=Oop [48]=Oop [60]=NarrowOop [64]=NarrowOop [68]=NarrowOop }
                      ;*invokeinterface setUniform {reexecute=0 rethrow=0 return_oop=0}
                      ; - com.mojang.blaze3d.systems.RenderPass::setUniform@6 (line 59)
                      ; - com.mojang.blaze3d.systems.RenderSystem::bindDefaultUniforms@45 (line 295)
                      ; - net.minecraft.client.renderer.chunk.ChunkSectionsToRender::renderGroup@118 (line 48)
  0x000078876cf1c858: 844f c6fe 

  0x000078876cf1c85c: ;   {post_call_nop}
  0x000078876cf1c85c: 0f1f 8400 | d41c 003f | bede ffff | ff48 8944 | 24f8 8b44 | 2420 8944 | 2410 488b | 4424 f848 
  0x000078876cf1c87c: ff74 2430 | 488f 4424 | 1848 ff74 | 2438 488f 

  0x000078876cf1c88c: ;   {runtime_call UncommonTrapBlob}
  0x000078876cf1c88c: 4424 30e8 

  0x000078876cf1c890: ; ImmutableOopMap {rbp=NarrowOop [8]=Oop [16]=NarrowOop [24]=Oop [40]=Oop [48]=Oop [64]=NarrowOop [68]=NarrowOop }
                      ;*invokeinterface add {reexecute=0 rethrow=0 return_oop=0}
                      ; - com.mojang.blaze3d.opengl.GlRenderPass::setUniform@18 (line 84)
                      ; - com.mojang.blaze3d.systems.RenderPass::setUniform@6 (line 59)
                      ; - com.mojang.blaze3d.systems.RenderSystem::bindDefaultUniforms@45 (line 295)
                      ; - net.minecraft.client.renderer.chunk.ChunkSectionsToRender::renderGroup@118 (line 48)
  0x000078876cf1c890: 4c4f c6fe 

  0x000078876cf1c894: ;   {post_call_nop}
  0x000078876cf1c894: 0f1f 8400 | 0c1d 0040 | bede ffff | ff48 8944 | 24f8 8b44 | 2420 8944 | 2410 488b | 4424 f848 
  0x000078876cf1c8b4: ff74 2430 | 488f 4424 | 1848 ff74 | 2438 488f | 4424 3044 | 8944 243c 

  0x000078876cf1c8cc: ;   {runtime_call UncommonTrapBlob}
  0x000078876cf1c8cc: 6666 90e8 

  0x000078876cf1c8d0: ; ImmutableOopMap {rbp=NarrowOop [8]=Oop [16]=NarrowOop [24]=Oop [40]=Oop [48]=Oop [60]=NarrowOop [64]=NarrowOop [68]=NarrowOop }
                      ;*invokeinterface getUniformOffsetAlignment {reexecute=0 rethrow=0 return_oop=0}
                      ; - com.mojang.blaze3d.systems.RenderPass::setUniform@4 (line 63)
                      ; - com.mojang.blaze3d.systems.RenderSystem::bindDefaultUniforms@64 (line 300)
                      ; - net.minecraft.client.renderer.chunk.ChunkSectionsToRender::renderGroup@118 (line 48)
  0x000078876cf1c8d0: 0c4f c6fe 

  0x000078876cf1c8d4: ;   {post_call_nop}
  0x000078876cf1c8d4: 0f1f 8400 | 4c1d 0041 | bede ffff | ff48 8944 | 24f8 8b44 | 2420 8944 | 2410 488b | 4424 f848 
  0x000078876cf1c8f4: ff74 2430 | 488f 4424 | 184c 895c | 2420 4489 

  0x000078876cf1c904: ;   {runtime_call UncommonTrapBlob}
  0x000078876cf1c904: 4424 34e8 

  0x000078876cf1c908: ; ImmutableOopMap {rbp=NarrowOop [8]=Oop [16]=NarrowOop [24]=Oop [32]=Oop [52]=NarrowOop [56]=Oop [64]=NarrowOop [68]=NarrowOop }
                      ;*invokeinterface setUniform {reexecute=0 rethrow=0 return_oop=0}
                      ; - com.mojang.blaze3d.systems.RenderPass::setUniform@42 (line 67)
                      ; - com.mojang.blaze3d.systems.RenderSystem::bindDefaultUniforms@64 (line 300)
                      ; - net.minecraft.client.renderer.chunk.ChunkSectionsToRender::renderGroup@118 (line 48)
  0x000078876cf1c908: d44e c6fe 

  0x000078876cf1c90c: ;   {post_call_nop}
  0x000078876cf1c90c: 0f1f 8400 | 841d 0042 | bede ffff | ff48 8944 | 24f8 8b44 | 2420 8944 | 2410 488b | 4424 f848 
  0x000078876cf1c92c: ff74 2430 | 488f 4424 | 1848 ff74 | 2428 488f 

  0x000078876cf1c93c: ;   {runtime_call UncommonTrapBlob}
  0x000078876cf1c93c: 4424 20e8 

  0x000078876cf1c940: ; ImmutableOopMap {rbp=NarrowOop [8]=Oop [16]=NarrowOop [24]=Oop [32]=Oop [56]=Oop [64]=NarrowOop [68]=NarrowOop }
                      ;*invokeinterface add {reexecute=0 rethrow=0 return_oop=0}
                      ; - com.mojang.blaze3d.opengl.GlRenderPass::setUniform@15 (line 90)
                      ; - com.mojang.blaze3d.systems.RenderPass::setUniform@42 (line 67)
                      ; - com.mojang.blaze3d.systems.RenderSystem::bindDefaultUniforms@64 (line 300)
                      ; - net.minecraft.client.renderer.chunk.ChunkSectionsToRender::renderGroup@118 (line 48)
  0x000078876cf1c940: 9c4e c6fe 

  0x000078876cf1c944: ;   {post_call_nop}
  0x000078876cf1c944: 0f1f 8400 | bc1d 0043 | bede ffff | ff48 8beb | 4889 4424 | f88b 4424 | 2089 4424 | 0848 8b44 
  0x000078876cf1c964: 24f8 48ff | 7424 3048 | 8f44 2410 | 4889 4c24 | 1844 894c | 2424 4489 

  0x000078876cf1c97c: ;   {runtime_call UncommonTrapBlob}
  0x000078876cf1c97c: 5424 28e8 

  0x000078876cf1c980: ; ImmutableOopMap {rbp=Oop [8]=NarrowOop [16]=Oop [24]=Oop [36]=NarrowOop [40]=NarrowOop [56]=Oop [64]=NarrowOop [68]=NarrowOop }
                      ;*invokeinterface bindTexture {reexecute=0 rethrow=0 return_oop=0}
                      ; - com.mojang.blaze3d.systems.RenderPass::bindTexture@7 (line 55)
                      ; - net.minecraft.client.renderer.chunk.ChunkSectionsToRender::renderGroup@130 (line 49)
  0x000078876cf1c980: 5c4e c6fe 

  0x000078876cf1c984: ;   {post_call_nop}
  0x000078876cf1c984: 0f1f 8400 | fc1d 0044 | bede ffff | ff48 8944 | 24f8 8b44 | 2420 8944 | 2410 488b | 4424 f848 
  0x000078876cf1c9a4: ff74 2428 | 488f 4424 

  0x000078876cf1c9ac: ;   {runtime_call UncommonTrapBlob}
  0x000078876cf1c9ac: 2066 90e8 

  0x000078876cf1c9b0: ; ImmutableOopMap {rbp=NarrowOop [8]=Oop [16]=NarrowOop [32]=Oop [48]=Oop [64]=NarrowOop [68]=NarrowOop }
                      ;*invokeinterface add {reexecute=0 rethrow=0 return_oop=0}
                      ; - com.mojang.blaze3d.opengl.GlRenderPass::bindTexture@45 (line 78)
                      ; - com.mojang.blaze3d.systems.RenderPass::bindTexture@7 (line 55)
                      ; - net.minecraft.client.renderer.chunk.ChunkSectionsToRender::renderGroup@130 (line 49)
  0x000078876cf1c9b0: 2c4e c6fe 

  0x000078876cf1c9b4: ;   {post_call_nop}
  0x000078876cf1c9b4: 0f1f 8400 | 2c1e 0045 | bee4 ffff | ff48 8944 | 24f8 8b44 | 2420 8944 | 2410 488b | 4424 f848 
  0x000078876cf1c9d4: ff74 2430 | 488f 4424 | 1844 8944 

  0x000078876cf1c9e0: ;   {runtime_call UncommonTrapBlob}
  0x000078876cf1c9e0: 2430 90e8 

  0x000078876cf1c9e4: ; ImmutableOopMap {rbp=NarrowOop [8]=Oop [16]=NarrowOop [24]=Oop [40]=Oop [48]=NarrowOop [64]=NarrowOop }
                      ;*aaload {reexecute=0 rethrow=0 return_oop=0}
                      ; - com.mojang.blaze3d.systems.SamplerCache::getSampler@14 (line 37)
                      ; - com.mojang.blaze3d.systems.SamplerCache::getClampToEdge@10 (line 41)
                      ; - net.minecraft.client.renderer.chunk.ChunkSectionsToRender::renderGroup@151 (line 50)
  0x000078876cf1c9e4: f84d c6fe 

  0x000078876cf1c9e8: ;   {post_call_nop}
  0x000078876cf1c9e8: 0f1f 8400 | 601e 0046 | bede ffff | ff48 8944 | 24f8 8b44 | 2420 8944 | 2410 488b | 4424 f84c 
  0x000078876cf1ca08: 894c 2420 | 4489 4424 | 2889 4c24 

  0x000078876cf1ca14: ;   {runtime_call UncommonTrapBlob}
  0x000078876cf1ca14: 2c66 90e8 

  0x000078876cf1ca18: ; ImmutableOopMap {rbp=NarrowOop [8]=Oop [16]=NarrowOop [32]=Oop [40]=NarrowOop [44]=NarrowOop [48]=Oop [64]=NarrowOop }
                      ;*invokeinterface bindTexture {reexecute=0 rethrow=0 return_oop=0}
                      ; - com.mojang.blaze3d.systems.RenderPass::bindTexture@7 (line 55)
                      ; - net.minecraft.client.renderer.chunk.ChunkSectionsToRender::renderGroup@154 (line 50)
  0x000078876cf1ca18: c44d c6fe 

  0x000078876cf1ca1c: ;   {post_call_nop}
  0x000078876cf1ca1c: 0f1f 8400 | 941e 0047 | bede ffff | ff48 8944 | 24f8 8b44 | 2420 8944 | 2410 488b 

  0x000078876cf1ca38: ;   {runtime_call UncommonTrapBlob}
  0x000078876cf1ca38: 4424 f8e8 

  0x000078876cf1ca3c: ; ImmutableOopMap {rbp=NarrowOop [8]=Oop [16]=NarrowOop [40]=Oop [48]=Oop [64]=NarrowOop }
                      ;*invokeinterface add {reexecute=0 rethrow=0 return_oop=0}
                      ; - com.mojang.blaze3d.opengl.GlRenderPass::bindTexture@45 (line 78)
                      ; - com.mojang.blaze3d.systems.RenderPass::bindTexture@7 (line 55)
                      ; - net.minecraft.client.renderer.chunk.ChunkSectionsToRender::renderGroup@154 (line 50)
  0x000078876cf1ca3c: a04d c6fe 

  0x000078876cf1ca40: ;   {post_call_nop}
  0x000078876cf1ca40: 0f1f 8400 | b81e 0048 | bede ffff 

  0x000078876cf1ca4c: ;   {runtime_call UncommonTrapBlob}
  0x000078876cf1ca4c: ff66 90e8 

  0x000078876cf1ca50: ; ImmutableOopMap {rbp=NarrowOop [40]=Oop }
                      ;*invokeinterface isClosed {reexecute=0 rethrow=0 return_oop=0}
                      ; - com.mojang.blaze3d.systems.RenderPass::close@4 (line 123)
                      ; - net.minecraft.client.renderer.chunk.ChunkSectionsToRender::renderGroup@315 (line 66)
  0x000078876cf1ca50: 8c4d c6fe 

  0x000078876cf1ca54: ;   {post_call_nop}
  0x000078876cf1ca54: 0f1f 8400 | cc1e 0049 | be45 ffff | ff48 8944 | 24f8 8b44 | 2424 8944 | 2410 488b | 4424 f848 
  0x000078876cf1ca74: ff74 2430 | 488f 4424 | 1848 ff74 | 2428 488f 

  0x000078876cf1ca84: ;   {runtime_call UncommonTrapBlob}
  0x000078876cf1ca84: 4424 20e8 

  0x000078876cf1ca88: ; ImmutableOopMap {rbp=NarrowOop [8]=Oop [16]=NarrowOop [24]=Oop [32]=Oop [64]=NarrowOop [80]=NarrowOop }
                      ;*if_acmpne {reexecute=1 rethrow=0 return_oop=0}
                      ; - (reexecute) java.util.EnumMap::unmaskNull@4 (line 127)
                      ; - java.util.EnumMap::get@21 (line 248)
                      ; - net.minecraft.client.renderer.chunk.ChunkSectionsToRender::renderGroup@210 (line 54)
  0x000078876cf1ca88: 544d c6fe 

  0x000078876cf1ca8c: ;   {post_call_nop}
  0x000078876cf1ca8c: 0f1f 8400 | 041f 004a | 33ed 4585 | db40 0f95 | c5be 45ff | ffff 4889 | 4424 f88b | 4424 2489 
  0x000078876cf1caac: 4424 1048 | 8b44 24f8 | 48ff 7424 | 3048 8f44 | 2418 48ff | 7424 2848 | 8f44 2420 | 4889 4424 
  0x000078876cf1cacc: f88b 4424 | 3889 4424 | 1448 8b44 | 24f8 4889 | 4424 f88b | 4424 3c89 | 4424 2848 | 8b44 24f8 
  0x000078876cf1caec: 4489 5424 | 3048 8944 | 24f8 8b44 | 2444 8944 | 2434 488b | 4424 f848 | 8944 24f8 | 8b44 2454 
  0x000078876cf1cb0c: 8944 2440 | 488b 4424 

  0x000078876cf1cb14: ;   {runtime_call UncommonTrapBlob}
  0x000078876cf1cb14: f866 90e8 

  0x000078876cf1cb18: ; ImmutableOopMap {[16]=NarrowOop [24]=Oop [32]=Oop [48]=NarrowOop [64]=NarrowOop [80]=NarrowOop [136]=Oop [144]=NarrowOop }
                      ;*ifne {reexecute=1 rethrow=0 return_oop=0}
                      ; - (reexecute) it.unimi.dsi.fastutil.ints.Int2ObjectOpenHashMap$MapIterator::nextEntry@4 (line 665)
                      ; - it.unimi.dsi.fastutil.ints.Int2ObjectOpenHashMap$ValueIterator::next@8 (line 1185)
                      ; - net.minecraft.client.renderer.chunk.ChunkSectionsToRender::renderGroup@242 (line 56)
  0x000078876cf1cb18: c44c c6fe 

  0x000078876cf1cb1c: ;   {post_call_nop}
  0x000078876cf1cb1c: 0f1f 8400 | 941f 004b | 33ed 4585 | d240 0f94 | c5be 45ff | ffff 4889 | 4424 f88b | 4424 2489 
  0x000078876cf1cb3c: 4424 1048 | 8b44 24f8 | 48ff 7424 | 3048 8f44 | 2418 48ff | 7424 2848 | 8f44 2420 | 4889 4424 
  0x000078876cf1cb5c: f88b 4424 | 3889 4424 | 1448 8b44 | 24f8 4889 | 4424 f88b | 4424 3c89 | 4424 2848 | 8b44 24f8 
  0x000078876cf1cb7c: 4889 4424 | f88b 4424 | 4489 4424 | 3048 8b44 | 24f8 4889 | 4424 f88b | 4424 4089 | 4424 3848 
  0x000078876cf1cb9c: 8b44 24f8 | 4889 4424 | f88b 4424 | 5489 4424 | 4048 8b44 

  0x000078876cf1cbb0: ;   {runtime_call UncommonTrapBlob}
  0x000078876cf1cbb0: 24f8 90e8 

  0x000078876cf1cbb4: ; ImmutableOopMap {[16]=NarrowOop [24]=Oop [32]=Oop [64]=NarrowOop [80]=NarrowOop [136]=Oop [144]=NarrowOop }
                      ;*ifne {reexecute=1 rethrow=0 return_oop=0}
                      ; - (reexecute) net.minecraft.client.renderer.chunk.ChunkSectionsToRender::renderGroup@259 (line 57)
  0x000078876cf1cbb4: 284c c6fe 

  0x000078876cf1cbb8: ;   {post_call_nop}
  0x000078876cf1cbb8: 0f1f 8400 | 3020 004c | be45 ffff | ff48 8944 | 24f8 8b44 | 2424 8944 | 2410 488b | 4424 f848 
  0x000078876cf1cbd8: ff74 2430 | 488f 4424 | 1848 ff74 | 2428 488f | 4424 2048 | 8944 24f8 | 8b44 2438 | 8944 2414 
  0x000078876cf1cbf8: 488b 4424 | f848 8944 | 24f8 8b44 | 243c 8944 | 2428 488b | 4424 f848 | 8944 24f8 | 8b44 2444 
  0x000078876cf1cc18: 8944 242c | 488b 4424 | f848 8944 | 24f8 8b44 | 2440 8944 | 2434 488b | 4424 f848 | 8944 24f8 
  0x000078876cf1cc38: 8b44 2454 | 8944 243c | 488b 4424 

  0x000078876cf1cc44: ;   {runtime_call UncommonTrapBlob}
  0x000078876cf1cc44: f866 90e8 

  0x000078876cf1cc48: ; ImmutableOopMap {[16]=NarrowOop [24]=Oop [32]=Oop [60]=NarrowOop [80]=NarrowOop [104]=Oop [136]=Oop }
                      ;*ifeq {reexecute=1 rethrow=0 return_oop=0}
                      ; - (reexecute) com.mojang.blaze3d.systems.RenderPass::drawMultipleIndexed@9 (line 106)
                      ; - net.minecraft.client.renderer.chunk.ChunkSectionsToRender::renderGroup@296 (line 62)
  0x000078876cf1cc48: 944b c6fe 

  0x000078876cf1cc4c: ;   {post_call_nop}
  0x000078876cf1cc4c: 0f1f 8400 | c420 004d | be45 ffff | ff48 8944 | 24f8 8b44 | 2424 8944 | 2408 488b | 4424 f848 
  0x000078876cf1cc6c: ff74 2430 | 488f 4424 | 1048 ff74 | 2428 488f | 4424 1848 | 8944 24f8 | 8b44 2438 | 8944 240c 
  0x000078876cf1cc8c: 488b 4424 | f848 8944 | 24f8 8b44 | 243c 8944 | 2420 488b | 4424 f844 | 8954 2428 | 4489 4424 
  0x000078876cf1ccac: 3048 8944 | 24f8 8b44 | 2440 8944 | 2438 488b | 4424 f848 | 8944 24f8 | 8b44 2454 | 8944 2440 
  0x000078876cf1cccc: 488b 4424 | f844 895c 

  0x000078876cf1ccd4: ;   {runtime_call UncommonTrapBlob}
  0x000078876cf1ccd4: 244c 90e8 

  0x000078876cf1ccd8: ; ImmutableOopMap {[8]=NarrowOop [16]=Oop [24]=Oop [40]=NarrowOop [64]=NarrowOop [76]=NarrowOop [80]=NarrowOop [136]=Oop [144]=NarrowOop }
                      ;*ifge {reexecute=1 rethrow=0 return_oop=0}
                      ; - (reexecute) it.unimi.dsi.fastutil.ints.Int2ObjectOpenHashMap$MapIterator::nextEntry@69 (line 673)
                      ; - it.unimi.dsi.fastutil.ints.Int2ObjectOpenHashMap$ValueIterator::next@8 (line 1185)
                      ; - net.minecraft.client.renderer.chunk.ChunkSectionsToRender::renderGroup@242 (line 56)
  0x000078876cf1ccd8: 044b c6fe 

  0x000078876cf1ccdc: ;   {post_call_nop}
  0x000078876cf1ccdc: 0f1f 8400 | 5421 004e | be6e ffff | ff48 8b6c | 2408 4889 | 4424 f88b | 4424 2089 | 4424 0848 
  0x000078876cf1ccfc: 8b44 24f8 | 4489 4c24 

  0x000078876cf1cd04: ;   {runtime_call UncommonTrapBlob}
  0x000078876cf1cd04: 2066 90e8 

  0x000078876cf1cd08: ; ImmutableOopMap {rbp=Oop [8]=NarrowOop [40]=Oop [48]=Oop [64]=NarrowOop }
                      ;*if_icmpge {reexecute=1 rethrow=0 return_oop=0}
                      ; - (reexecute) net.minecraft.client.renderer.chunk.ChunkSectionsToRender::renderGroup@173 (line 52)
  0x000078876cf1cd08: d44a c6fe 

  0x000078876cf1cd0c: ;   {post_call_nop}
  0x000078876cf1cd0c: 0f1f 8400 | 8421 004f | be45 ffff | ff4c 8954 | 2408 4889 

  0x000078876cf1cd20: ;   {runtime_call UncommonTrapBlob}
  0x000078876cf1cd20: 5c24 20e8 

  0x000078876cf1cd24: ; ImmutableOopMap {rbp=NarrowOop [8]=Oop [16]=Oop [32]=Oop [56]=Oop }
                      ;*if_acmpne {reexecute=1 rethrow=0 return_oop=0}
                      ; - (reexecute) com.mojang.blaze3d.systems.RenderSystem::isOnRenderThread@6 (line 92)
                      ; - com.mojang.blaze3d.systems.RenderSystem::assertOnRenderThread@0 (line 96)
                      ; - com.mojang.blaze3d.systems.RenderSystem::getSequentialBuffer@0 (line 220)
                      ; - net.minecraft.client.renderer.chunk.ChunkSectionsToRender::renderGroup@3 (line 31)
  0x000078876cf1cd24: b84a c6fe 

  0x000078876cf1cd28: ;   {post_call_nop}
  0x000078876cf1cd28: 0f1f 8400 | a021 0050 | be45 ffff | ff48 8944 | 24f8 8b44 | 2420 8944 | 2410 488b | 4424 f848 
  0x000078876cf1cd48: ff74 2430 | 488f 4424 | 1848 8944 | 2428 48ff | 7424 3848 | 8f44 2430 | 4889 4424 | f88b 4424 
  0x000078876cf1cd68: 4089 4424 | 1448 8b44 | 24f8 4889 | 4424 f88b | 4424 4489 | 4424 3848 | 8b44 24f8 | 4c89 5c24 
  0x000078876cf1cd88: ;   {runtime_call UncommonTrapBlob}
  0x000078876cf1cd88: 4066 90e8 

  0x000078876cf1cd8c: ; ImmutableOopMap {rbp=NarrowOop [8]=Oop [16]=NarrowOop [20]=NarrowOop [24]=Oop [40]=Oop [48]=Oop [56]=NarrowOop [64]=Oop }
                      ;*if_acmpne {reexecute=1 rethrow=0 return_oop=0}
                      ; - (reexecute) com.mojang.blaze3d.systems.RenderSystem::isOnRenderThread@6 (line 92)
                      ; - com.mojang.blaze3d.systems.RenderSystem::assertOnRenderThread@0 (line 96)
                      ; - com.mojang.blaze3d.systems.RenderSystem::getProjectionMatrixBuffer@0 (line 205)
                      ; - com.mojang.blaze3d.systems.RenderSystem::bindDefaultUniforms@0 (line 283)
                      ; - net.minecraft.client.renderer.chunk.ChunkSectionsToRender::renderGroup@118 (line 48)
  0x000078876cf1cd8c: 504a c6fe 

  0x000078876cf1cd90: ;   {post_call_nop}
  0x000078876cf1cd90: 0f1f 8400 | 0822 0051 | be45 ffff 

  0x000078876cf1cd9c: ;   {runtime_call UncommonTrapBlob}
  0x000078876cf1cd9c: ff66 90e8 

  0x000078876cf1cda0: ; ImmutableOopMap {}
                      ;*ifne {reexecute=1 rethrow=0 return_oop=0}
                      ; - (reexecute) com.mojang.blaze3d.systems.RenderPass::close@9 (line 123)
                      ; - net.minecraft.client.renderer.chunk.ChunkSectionsToRender::renderGroup@315 (line 66)
  0x000078876cf1cda0: 3c4a c6fe 

  0x000078876cf1cda4: ;   {post_call_nop}
  0x000078876cf1cda4: 0f1f 8400 | 1c22 0052 | 4533 db49 | 3bd3 bdff | ffff ff7c | 0840 0f95 | c540 0fb6 | edbe 45ff 
  0x000078876cf1cdc4: ffff 4889 | 4424 f88b | 4424 2089 | 4424 1048 | 8b44 24f8 | 48ff 7424 | 3048 8f44 | 2418 4c89 
  0x000078876cf1cde4: 5424 2848 | ff74 2438 | 488f 4424 | 3044 8944 

  0x000078876cf1cdf4: ;   {runtime_call UncommonTrapBlob}
  0x000078876cf1cdf4: 243c 90e8 

  0x000078876cf1cdf8: ; ImmutableOopMap {[8]=Oop [16]=NarrowOop [24]=Oop [40]=Oop [48]=Oop [64]=NarrowOop [68]=NarrowOop }
                      ;*ifle {reexecute=1 rethrow=0 return_oop=0}
                      ; - (reexecute) com.mojang.blaze3d.systems.RenderPass::setUniform@19 (line 64)
                      ; - com.mojang.blaze3d.systems.RenderSystem::bindDefaultUniforms@13 (line 285)
                      ; - net.minecraft.client.renderer.chunk.ChunkSectionsToRender::renderGroup@118 (line 48)
  0x000078876cf1cdf8: e449 c6fe 

  0x000078876cf1cdfc: ;   {post_call_nop}
  0x000078876cf1cdfc: 0f1f 8400 | 7422 0053 | 4533 c049 | 3bd0 bdff | ffff ff7c | 0840 0f95 | c540 0fb6 | edbe 45ff 
  0x000078876cf1ce1c: ffff 4889 | 4424 f88b | 4424 2089 | 4424 1048 | 8b44 24f8 | 48ff 7424 | 3048 8f44 | 2418 48ff 
  0x000078876cf1ce3c: 7424 3848 | 8f44 2430 | 4489 5424 

  0x000078876cf1ce48: ;   {runtime_call UncommonTrapBlob}
  0x000078876cf1ce48: 3c66 90e8 

  0x000078876cf1ce4c: ; ImmutableOopMap {[8]=Oop [16]=NarrowOop [24]=Oop [40]=Oop [48]=Oop [64]=NarrowOop [68]=NarrowOop }
                      ;*ifle {reexecute=1 rethrow=0 return_oop=0}
                      ; - (reexecute) com.mojang.blaze3d.systems.RenderPass::setUniform@19 (line 64)
                      ; - com.mojang.blaze3d.systems.RenderSystem::bindDefaultUniforms@29 (line 290)
                      ; - net.minecraft.client.renderer.chunk.ChunkSectionsToRender::renderGroup@118 (line 48)
  0x000078876cf1ce4c: 9049 c6fe 

  0x000078876cf1ce50: ;   {post_call_nop}
  0x000078876cf1ce50: 0f1f 8400 | c822 0054 | 4533 c049 | 3bd0 bdff | ffff ff7c | 0840 0f95 | c540 0fb6 | edbe 45ff 
  0x000078876cf1ce70: ffff 4889 | 4424 f88b | 4424 2089 | 4424 1048 | 8b44 24f8 | 48ff 7424 | 3048 8f44 | 2418 4c89 
  0x000078876cf1ce90: 5c24 2044 | 8954 2434 

  0x000078876cf1ce98: ;   {runtime_call UncommonTrapBlob}
  0x000078876cf1ce98: 6666 90e8 

  0x000078876cf1ce9c: ; ImmutableOopMap {[8]=Oop [16]=NarrowOop [24]=Oop [32]=Oop [56]=Oop [64]=NarrowOop [68]=NarrowOop }
                      ;*ifle {reexecute=1 rethrow=0 return_oop=0}
                      ; - (reexecute) com.mojang.blaze3d.systems.RenderPass::setUniform@19 (line 64)
                      ; - com.mojang.blaze3d.systems.RenderSystem::bindDefaultUniforms@64 (line 300)
                      ; - net.minecraft.client.renderer.chunk.ChunkSectionsToRender::renderGroup@118 (line 48)
  0x000078876cf1ce9c: 4049 c6fe 

  0x000078876cf1cea0: ;   {post_call_nop}
  0x000078876cf1cea0: 0f1f 8400 | 1823 0055 | be45 ffff | ff48 8beb | 4889 4424 | f88b 4424 | 2089 4424 | 0848 8b44 
  0x000078876cf1cec0: 24f8 48ff | 7424 3048 | 8f44 2410 | 4889 4c24 | 1848 897c 

  0x000078876cf1ced4: ;   {runtime_call UncommonTrapBlob}
  0x000078876cf1ced4: 2428 90e8 

  0x000078876cf1ced8: ; ImmutableOopMap {rbp=Oop [8]=NarrowOop [16]=Oop [24]=Oop [40]=Oop [56]=Oop [64]=NarrowOop [68]=NarrowOop }
                      ;*ifnonnull {reexecute=1 rethrow=0 return_oop=0}
                      ; - (reexecute) com.mojang.blaze3d.opengl.GlRenderPass::bindTexture@1 (line 72)
                      ; - com.mojang.blaze3d.systems.RenderPass::bindTexture@7 (line 55)
                      ; - net.minecraft.client.renderer.chunk.ChunkSectionsToRender::renderGroup@130 (line 49)
  0x000078876cf1ced8: 0449 c6fe 

  0x000078876cf1cedc: ;   {post_call_nop}
  0x000078876cf1cedc: 0f1f 8400 | 5423 0056 | be45 ffff | ff48 8b6c | 2408 4889 | 4424 f88b | 4424 2089 | 4424 0848 
  0x000078876cf1cefc: 8b44 24f8 | 4c89 4c24 | 1848 895c | 2420 894c 

  0x000078876cf1cf0c: ;   {runtime_call UncommonTrapBlob}
  0x000078876cf1cf0c: 242c 90e8 

  0x000078876cf1cf10: ; ImmutableOopMap {rbp=Oop [8]=NarrowOop [24]=Oop [32]=Oop [44]=NarrowOop [48]=Oop [64]=NarrowOop }
                      ;*ifnonnull {reexecute=1 rethrow=0 return_oop=0}
                      ; - (reexecute) com.mojang.blaze3d.opengl.GlRenderPass::bindTexture@1 (line 72)
                      ; - com.mojang.blaze3d.systems.RenderPass::bindTexture@7 (line 55)
                      ; - net.minecraft.client.renderer.chunk.ChunkSectionsToRender::renderGroup@154 (line 50)
  0x000078876cf1cf10: cc48 c6fe 

  0x000078876cf1cf14: ;   {post_call_nop}
  0x000078876cf1cf14: 0f1f 8400 | 8c23 0057 | be45 ffff 

  0x000078876cf1cf20: ;   {runtime_call UncommonTrapBlob}
  0x000078876cf1cf20: ff66 90e8 

  0x000078876cf1cf24: ; ImmutableOopMap {}
                      ;*ifle {reexecute=1 rethrow=0 return_oop=0}
                      ; - (reexecute) com.mojang.blaze3d.systems.RenderPass::close@16 (line 124)
                      ; - net.minecraft.client.renderer.chunk.ChunkSectionsToRender::renderGroup@315 (line 66)
  0x000078876cf1cf24: b848 c6fe 

  0x000078876cf1cf28: ;   {post_call_nop}
  0x000078876cf1cf28: 0f1f 8400 | a023 0058 | be45 ffff | ff44 895c 

  0x000078876cf1cf38: ;   {runtime_call UncommonTrapBlob}
  0x000078876cf1cf38: 2408 90e8 

  0x000078876cf1cf3c: ; ImmutableOopMap {[8]=NarrowOop }
                      ;*if_icmpeq {reexecute=1 rethrow=0 return_oop=0}
                      ; - (reexecute) com.mojang.blaze3d.opengl.GlStateManager::_glBindFramebuffer@16 (line 252)
                      ; - com.mojang.blaze3d.opengl.GlCommandEncoder::finishRenderPass@8 (line 718)
                      ; - com.mojang.blaze3d.opengl.GlRenderPass::close@16 (line 168)
                      ; - com.mojang.blaze3d.systems.RenderPass::close@33 (line 128)
                      ; - net.minecraft.client.renderer.chunk.ChunkSectionsToRender::renderGroup@315 (line 66)
  0x000078876cf1cf3c: a048 c6fe 

  0x000078876cf1cf40: ;   {post_call_nop}
  0x000078876cf1cf40: 0f1f 8400 | b823 0059 | be45 ffff 

  0x000078876cf1cf4c: ;   {runtime_call UncommonTrapBlob}
  0x000078876cf1cf4c: ff66 90e8 

  0x000078876cf1cf50: ; ImmutableOopMap {[8]=NarrowOop }
                      ;*if_icmpeq {reexecute=1 rethrow=0 return_oop=0}
                      ; - (reexecute) com.mojang.blaze3d.opengl.GlStateManager::_glBindFramebuffer@46 (line 257)
                      ; - com.mojang.blaze3d.opengl.GlCommandEncoder::finishRenderPass@8 (line 718)
                      ; - com.mojang.blaze3d.opengl.GlRenderPass::close@16 (line 168)
                      ; - com.mojang.blaze3d.systems.RenderPass::close@33 (line 128)
                      ; - net.minecraft.client.renderer.chunk.ChunkSectionsToRender::renderGroup@315 (line 66)
  0x000078876cf1cf50: 8c48 c6fe 

  0x000078876cf1cf54: ;   {post_call_nop}
  0x000078876cf1cf54: 0f1f 8400 | cc23 005a | be45 ffff | ff4c 895c | 2408 8954 | 2410 4889 | 4c24 184c | 894c 2420 
  0x000078876cf1cf74: 48ff 7424 | 3848 8f44 | 2428 4489 | 5424 1444 | 8944 2434 | 897c 2438 

  0x000078876cf1cf8c: ;   {runtime_call UncommonTrapBlob}
  0x000078876cf1cf8c: 6666 90e8 

  0x000078876cf1cf90: ; ImmutableOopMap {rbp=NarrowOop [8]=Oop [16]=NarrowOop [20]=NarrowOop [24]=Oop [32]=Oop [40]=Oop [52]=NarrowOop [56]=NarrowOop }
                      ;*ifnull {reexecute=1 rethrow=0 return_oop=0}
                      ; - (reexecute) net.minecraft.client.renderer.LevelRenderer::getTranslucentTarget@7 (line 1555)
                      ; - net.minecraft.client.renderer.chunk.ChunkSectionLayerGroup::outputTarget@32 (line 34)
                      ; - net.minecraft.client.renderer.chunk.ChunkSectionsToRender::renderGroup@78 (line 37)
  0x000078876cf1cf90: 4c48 c6fe 

  0x000078876cf1cf94: ;   {post_call_nop}
  0x000078876cf1cf94: 0f1f 8400 | 0c24 005b | bede ffff | ff48 8944 | 24f8 8b44 | 2424 8944 | 2410 488b | 4424 f848 
  0x000078876cf1cfb4: ff74 2430 | 488f 4424 | 1848 ff74 | 2428 488f 

  0x000078876cf1cfc4: ;   {runtime_call UncommonTrapBlob}
  0x000078876cf1cfc4: 4424 20e8 

  0x000078876cf1cfc8: ; ImmutableOopMap {rbp=NarrowOop [8]=Oop [16]=NarrowOop [24]=Oop [32]=Oop [64]=NarrowOop [80]=NarrowOop }
                      ;*checkcast {reexecute=0 rethrow=0 return_oop=0}
                      ; - net.minecraft.client.renderer.chunk.ChunkSectionsToRender::renderGroup@213 (line 54)
  0x000078876cf1cfc8: 1448 c6fe 

  0x000078876cf1cfcc: ;   {post_call_nop}
  0x000078876cf1cfcc: 0f1f 8400 | 4424 005c | bede ffff | ff48 8944 | 24f8 8b44 | 2424 8944 | 2410 488b | 4424 f848 
  0x000078876cf1cfec: ff74 2430 | 488f 4424 | 1848 ff74 | 2428 488f | 4424 2048 | 8944 24f8 | 8b44 2438 | 8944 2414 
  0x000078876cf1d00c: 488b 4424 | f848 8944 | 24f8 8b44 | 243c 8944 | 2428 488b | 4424 f848 | 8944 24f8 | 8b44 2444 
  0x000078876cf1d02c: 8944 2430 | 488b 4424 | f848 8944 | 24f8 8b44 | 2440 8944 | 2438 488b | 4424 f848 | 8944 24f8 
  0x000078876cf1d04c: 8b44 2454 | 8944 2440 | 488b 4424 

  0x000078876cf1d058: ;   {runtime_call UncommonTrapBlob}
  0x000078876cf1d058: f866 90e8 

  0x000078876cf1d05c: ; ImmutableOopMap {rbp=NarrowOop [16]=NarrowOop [24]=Oop [32]=Oop [64]=NarrowOop [80]=NarrowOop [136]=Oop [144]=NarrowOop }
                      ;*checkcast {reexecute=0 rethrow=0 return_oop=0}
                      ; - net.minecraft.client.renderer.chunk.ChunkSectionsToRender::renderGroup@247 (line 56)
  0x000078876cf1d05c: 8047 c6fe 

  0x000078876cf1d060: ;   {post_call_nop}
  0x000078876cf1d060: 0f1f 8400 | d824 005d | bef6 ffff | ff48 8b6c | 2408 894c | 2408 4489 | 4c24 0c89 | 7c24 2089 
  0x000078876cf1d080: ;   {runtime_call UncommonTrapBlob}
  0x000078876cf1d080: 5c24 24e8 

  0x000078876cf1d084: ; ImmutableOopMap {rbp=Oop [8]=NarrowOop [36]=NarrowOop [40]=Oop [48]=Oop }
                      ;*invokevirtual pipeline {reexecute=0 rethrow=0 return_oop=0}
                      ; - net.minecraft.client.renderer.chunk.ChunkSectionsToRender::renderGroup@198 (line 53)
  0x000078876cf1d084: 5847 c6fe 

  0x000078876cf1d088: ;   {post_call_nop}
  0x000078876cf1d088: 0f1f 8400 | 0025 005e | bef6 ffff | ff48 8b6c | 2408 894c | 2408 48ff | 7424 2848 | 8f44 2418 
  0x000078876cf1d0a8: 4489 4c24 | 0c89 7c24 | 2089 4424 | 2444 8954 | 2428 895c 

  0x000078876cf1d0bc: ;   {runtime_call UncommonTrapBlob}
  0x000078876cf1d0bc: 242c 90e8 

  0x000078876cf1d0c0: ; ImmutableOopMap {rbp=Oop [8]=NarrowOop [24]=Oop [36]=NarrowOop [40]=NarrowOop [44]=NarrowOop [48]=Oop }
                      ;*invokeinterface setPipeline {reexecute=0 rethrow=0 return_oop=0}
                      ; - com.mojang.blaze3d.systems.RenderPass::setPipeline@5 (line 51)
                      ; - net.minecraft.client.renderer.chunk.ChunkSectionsToRender::renderGroup@201 (line 53)
  0x000078876cf1d0c0: 1c47 c6fe 

  0x000078876cf1d0c4: ;   {post_call_nop}
  0x000078876cf1d0c4: 0f1f 8400 | 3c25 005f | bef6 ffff | ff48 8b6c | 2408 4889 | 4424 f88b | 4424 2489 | 4424 0848 
  0x000078876cf1d0e4: 8b44 24f8 | 48ff 7424 | 2848 8f44 | 2418 4889 | 4424 f88b | 4424 4089 | 4424 2448 | 8b44 24f8 
  0x000078876cf1d104: ;   {runtime_call UncommonTrapBlob}
  0x000078876cf1d104: 6666 90e8 

  0x000078876cf1d108: ; ImmutableOopMap {rbp=Oop [8]=NarrowOop [24]=Oop [36]=NarrowOop [48]=Oop [80]=NarrowOop }
                      ;*invokevirtual get {reexecute=0 rethrow=0 return_oop=0}
                      ; - net.minecraft.client.renderer.chunk.ChunkSectionsToRender::renderGroup@210 (line 54)
  0x000078876cf1d108: d446 c6fe 

  0x000078876cf1d10c: ;   {post_call_nop}
  0x000078876cf1d10c: 0f1f 8400 | 8425 0060 | bef6 ffff | ff48 8944 | 24f8 8b44 | 2424 8944 | 2410 488b | 4424 f848 
  0x000078876cf1d12c: ff74 2430 | 488f 4424 | 1848 ff74 | 2428 488f 

  0x000078876cf1d13c: ;   {runtime_call UncommonTrapBlob}
  0x000078876cf1d13c: 4424 20e8 

  0x000078876cf1d140: ; ImmutableOopMap {[8]=Oop [16]=NarrowOop [24]=Oop [32]=Oop [64]=NarrowOop [80]=NarrowOop }
                      ;*aaload {reexecute=0 rethrow=0 return_oop=0}
                      ; - java.util.EnumMap::get@20 (line 248)
                      ; - net.minecraft.client.renderer.chunk.ChunkSectionsToRender::renderGroup@210 (line 54)
  0x000078876cf1d140: 9c46 c6fe 

  0x000078876cf1d144: ;   {post_call_nop}
  0x000078876cf1d144: 0f1f 8400 | bc25 0061 | bef4 ffff | ff48 8b6c | 2408 4889 | 4424 f88b | 4424 2489 | 4424 0848 
  0x000078876cf1d164: 8b44 24f8 | 48ff 7424 | 2848 8f44 

  0x000078876cf1d170: ;   {runtime_call UncommonTrapBlob}
  0x000078876cf1d170: 2418 90e8 

  0x000078876cf1d174: ; ImmutableOopMap {rbp=Oop [8]=NarrowOop [24]=Oop [48]=Oop [64]=NarrowOop [80]=NarrowOop }
                      ;*checkcast {reexecute=0 rethrow=0 return_oop=0}
                      ; - net.minecraft.client.renderer.chunk.ChunkSectionsToRender::renderGroup@213 (line 54)
  0x000078876cf1d174: 6846 c6fe 

  0x000078876cf1d178: ;   {post_call_nop}
  0x000078876cf1d178: 0f1f 8400 | f025 0062 | bef6 ffff | ff49 8bea | 4889 4424 | f88b 4424 | 2489 4424 | 0848 8b44 
  0x000078876cf1d198: 24f8 48ff | 7424 2848 | 8f44 2418 | 4489 4c24 

  0x000078876cf1d1a8: ;   {runtime_call UncommonTrapBlob}
  0x000078876cf1d1a8: 2466 90e8 

  0x000078876cf1d1ac: ; ImmutableOopMap {rbp=Oop [8]=NarrowOop [24]=Oop [36]=NarrowOop [48]=Oop [80]=NarrowOop }
                      ;*getfield n {reexecute=1 rethrow=0 return_oop=0}
                      ; - (reexecute) it.unimi.dsi.fastutil.ints.Int2ObjectOpenHashMap$MapIterator::<init>@14 (line 640)
                      ; - it.unimi.dsi.fastutil.ints.Int2ObjectOpenHashMap$MapIterator::<init>@2 (line 634)
                      ; - it.unimi.dsi.fastutil.ints.Int2ObjectOpenHashMap$ValueIterator::<init>@8 (line 1172)
                      ; - it.unimi.dsi.fastutil.ints.Int2ObjectOpenHashMap$1::iterator@8 (line 1220)
                      ; - net.minecraft.client.renderer.chunk.ChunkSectionsToRender::renderGroup@223 (line 56)
  0x000078876cf1d1ac: 3046 c6fe 

  0x000078876cf1d1b0: ;   {post_call_nop}
  0x000078876cf1d1b0: 0f1f 8400 | 2826 0063 | bef6 ffff | ff48 8944 | 24f8 8b44 | 2424 8944 | 2408 488b | 4424 f848 
  0x000078876cf1d1d0: ff74 2430 | 488f 4424 | 1048 ff74 | 2428 488f | 4424 1848 | 8944 24f8 | 8b44 2438 | 8944 240c 
  0x000078876cf1d1f0: 488b 4424 | f848 8944 | 24f8 8b44 | 243c 8944 | 2420 488b | 4424 f848 | 8944 24f8 | 8b44 2444 
  0x000078876cf1d210: 8944 242c | 488b 4424 | f848 8944 | 24f8 8b44 | 2440 8944 | 2434 488b | 4424 f848 | 8944 24f8 
  0x000078876cf1d230: 8b44 2454 | 8944 243c | 488b 4424 

  0x000078876cf1d23c: ;   {runtime_call UncommonTrapBlob}
  0x000078876cf1d23c: f866 90e8 

  0x000078876cf1d240: ; ImmutableOopMap {[8]=NarrowOop [16]=Oop [24]=Oop [60]=NarrowOop [80]=NarrowOop [136]=Oop [144]=NarrowOop }
                      ;*aaload {reexecute=0 rethrow=0 return_oop=0}
                      ; - it.unimi.dsi.fastutil.ints.Int2ObjectOpenHashMap$ValueIterator::next@11 (line 1185)
                      ; - net.minecraft.client.renderer.chunk.ChunkSectionsToRender::renderGroup@242 (line 56)
  0x000078876cf1d240: 9c45 c6fe 

  0x000078876cf1d244: ;   {post_call_nop}
  0x000078876cf1d244: 0f1f 8400 | bc26 0064 | bef4 ffff | ff48 8944 | 24f8 8b44 | 2424 8944 | 2408 488b | 4424 f848 
  0x000078876cf1d264: ff74 2430 | 488f 4424 | 1048 ff74 | 2428 488f | 4424 1848 | 8944 24f8 | 8b44 2438 | 8944 240c 
  0x000078876cf1d284: 488b 4424 | f848 8944 | 24f8 8b44 | 243c 8944 | 2420 488b | 4424 f848 | 8944 24f8 | 8b44 2440 
  0x000078876cf1d2a4: 8944 2430 | 488b 4424 | f848 8944 | 24f8 8b44 | 2454 8944 | 2438 488b 

  0x000078876cf1d2bc: ;   {runtime_call UncommonTrapBlob}
  0x000078876cf1d2bc: 4424 f8e8 

  0x000078876cf1d2c0: ; ImmutableOopMap {[8]=NarrowOop [16]=Oop [24]=Oop [56]=NarrowOop [80]=NarrowOop [136]=Oop [144]=NarrowOop }
                      ;*checkcast {reexecute=0 rethrow=0 return_oop=0}
                      ; - net.minecraft.client.renderer.chunk.ChunkSectionsToRender::renderGroup@247 (line 56)
  0x000078876cf1d2c0: 1c45 c6fe 

  0x000078876cf1d2c4: ;   {post_call_nop}
  0x000078876cf1d2c4: 0f1f 8400 | 3c27 0065 | bef6 ffff | ff48 8944 | 24f8 8b44 | 2424 8944 | 2408 488b | 4424 f848 
  0x000078876cf1d2e4: ff74 2430 | 488f 4424 | 1048 ff74 | 2428 488f | 4424 1848 | 8944 24f8 | 8b44 2438 | 8944 240c 
  0x000078876cf1d304: 488b 4424 | f848 8944 | 24f8 8b44 | 243c 8944 | 2420 488b | 4424 f848 | 8944 24f8 | 8b44 2444 
  0x000078876cf1d324: 8944 2424 | 488b 4424 | f848 8944 | 24f8 8b44 | 2440 8944 | 242c 488b | 4424 f848 | 8944 24f8 
  0x000078876cf1d344: 8b44 2454 | 8944 2434 | 488b 4424 

  0x000078876cf1d350: ;   {runtime_call UncommonTrapBlob}
  0x000078876cf1d350: f866 90e8 

  0x000078876cf1d354: ; ImmutableOopMap {[8]=NarrowOop [16]=Oop [24]=Oop [52]=NarrowOop [80]=NarrowOop [104]=Oop [136]=Oop }
                      ;*invokeinterface isClosed {reexecute=0 rethrow=0 return_oop=0}
                      ; - com.mojang.blaze3d.systems.RenderPass::drawMultipleIndexed@4 (line 106)
                      ; - net.minecraft.client.renderer.chunk.ChunkSectionsToRender::renderGroup@296 (line 62)
  0x000078876cf1d354: 8844 c6fe 

  0x000078876cf1d358: ;   {post_call_nop}
  0x000078876cf1d358: 0f1f 8400 | d027 0066 | be6e ffff | ff48 8944 | 24f8 8b44 | 2424 8944 | 2408 488b | 4424 f848 
  0x000078876cf1d378: ff74 2430 | 488f 4424 | 1048 ff74 | 2428 488f | 4424 1848 | 8944 24f8 | 8b44 2438 | 8944 240c 
  0x000078876cf1d398: 488b 4424 | f848 8944 | 24f8 8b44 | 243c 8944 | 2420 488b | 4424 f844 | 8954 2428 | 4489 4424 
  0x000078876cf1d3b8: 3048 8944 | 24f8 8b44 | 2440 8944 | 2438 488b | 4424 f848 | 8944 24f8 | 8b44 2454 | 8944 2440 
  0x000078876cf1d3d8: 488b 4424 | f844 895c 

  0x000078876cf1d3e0: ;   {runtime_call UncommonTrapBlob}
  0x000078876cf1d3e0: 244c 90e8 

  0x000078876cf1d3e4: ; ImmutableOopMap {[8]=NarrowOop [16]=Oop [24]=Oop [40]=NarrowOop [64]=NarrowOop [76]=NarrowOop [80]=NarrowOop [136]=Oop [144]=NarrowOop }
                      ;*ifge {reexecute=1 rethrow=0 return_oop=0}
                      ; - (reexecute) it.unimi.dsi.fastutil.ints.Int2ObjectOpenHashMap$MapIterator::nextEntry@69 (line 673)
                      ; - it.unimi.dsi.fastutil.ints.Int2ObjectOpenHashMap$ValueIterator::next@8 (line 1185)
                      ; - net.minecraft.client.renderer.chunk.ChunkSectionsToRender::renderGroup@242 (line 56)
  0x000078876cf1d3e4: f843 c6fe 

  0x000078876cf1d3e8: ;   {post_call_nop}
  0x000078876cf1d3e8: 0f1f 8400 | 6028 0067 | bef6 ffff | ff49 8beb | 8954 2408 | 4889 4c24 

  0x000078876cf1d400: ;   {runtime_call UncommonTrapBlob}
  0x000078876cf1d400: 1066 90e8 

  0x000078876cf1d404: ; ImmutableOopMap {rbp=Oop [8]=NarrowOop [16]=Oop [56]=Oop }
                      ;*invokevirtual layers {reexecute=0 rethrow=0 return_oop=0}
                      ; - net.minecraft.client.renderer.chunk.ChunkSectionsToRender::renderGroup@46 (line 34)
  0x000078876cf1d404: d843 c6fe 

  0x000078876cf1d408: ;   {post_call_nop}
  0x000078876cf1d408: 0f1f 8400 | 8028 0068 | bef6 ffff | ff4c 895c | 2408 8954 | 2410 4889 | 4c24 184c | 894c 2420 
  0x000078876cf1d428: 4489 5424 | 1444 8944 

  0x000078876cf1d430: ;   {runtime_call UncommonTrapBlob}
  0x000078876cf1d430: 2430 90e8 

  0x000078876cf1d434: ; ImmutableOopMap {rbp=Oop [8]=Oop [16]=NarrowOop [20]=NarrowOop [24]=Oop [32]=Oop [48]=NarrowOop [56]=Oop }
                      ;*invokeinterface createCommandEncoder {reexecute=0 rethrow=0 return_oop=0}
                      ; - com.mojang.blaze3d.systems.GpuDevice::createCommandEncoder@12 (line 31)
                      ; - net.minecraft.client.renderer.chunk.ChunkSectionsToRender::renderGroup@86 (line 40)
  0x000078876cf1d434: a843 c6fe 

  0x000078876cf1d438: ;   {post_call_nop}
  0x000078876cf1d438: 0f1f 8400 | b028 0069 | bef6 ffff | ff48 8b6c | 2408 4889 | 4424 f88b | 4424 2089 | 4424 0848 
  0x000078876cf1d458: 8b44 24f8 | 48ff 7424 | 3048 8f44 | 2410 4889 

  0x000078876cf1d468: ;   {runtime_call UncommonTrapBlob}
  0x000078876cf1d468: 5424 30e8 

  0x000078876cf1d46c: ; ImmutableOopMap {rbp=Oop [8]=NarrowOop [16]=Oop [48]=Oop [56]=Oop [64]=NarrowOop [68]=NarrowOop [72]=Oop }
                      ;*invokevirtual getColorTextureView {reexecute=0 rethrow=0 return_oop=0}
                      ; - net.minecraft.client.renderer.chunk.ChunkSectionsToRender::renderGroup@97 (line 43)
  0x000078876cf1d46c: 7043 c6fe 

  0x000078876cf1d470: ;   {post_call_nop}
  0x000078876cf1d470: 0f1f 8400 | e828 006a | bef6 ffff | ff48 8b6c | 2408 4889 | 4424 f88b | 4424 2089 | 4424 0848 
  0x000078876cf1d490: 8b44 24f8 | 4889 4424 | 1844 895c 

  0x000078876cf1d49c: ;   {runtime_call UncommonTrapBlob}
  0x000078876cf1d49c: 242c 90e8 

  0x000078876cf1d4a0: ; ImmutableOopMap {rbp=Oop [8]=NarrowOop [24]=Oop [44]=NarrowOop [48]=Oop [56]=Oop [64]=NarrowOop [68]=NarrowOop }
                      ;*invokevirtual setUniform {reexecute=0 rethrow=0 return_oop=0}
                      ; - com.mojang.blaze3d.systems.RenderSystem::bindDefaultUniforms@13 (line 285)
                      ; - net.minecraft.client.renderer.chunk.ChunkSectionsToRender::renderGroup@118 (line 48)
  0x000078876cf1d4a0: 3c43 c6fe 

  0x000078876cf1d4a4: ;   {post_call_nop}
  0x000078876cf1d4a4: 0f1f 8400 | 1c29 006b | bef6 ffff | ff48 8b6c | 2408 4889 | 4424 f88b | 4424 2089 | 4424 0848 
  0x000078876cf1d4c4: 8b44 24f8 | 4889 4424 

  0x000078876cf1d4cc: ;   {runtime_call UncommonTrapBlob}
  0x000078876cf1d4cc: 1866 90e8 

  0x000078876cf1d4d0: ; ImmutableOopMap {rbp=Oop [8]=NarrowOop [24]=Oop [48]=Oop [56]=Oop [64]=NarrowOop [68]=NarrowOop }
                      ;*invokeinterface getUniformOffsetAlignment {reexecute=0 rethrow=0 return_oop=0}
                      ; - com.mojang.blaze3d.systems.RenderPass::setUniform@4 (line 63)
                      ; - com.mojang.blaze3d.systems.RenderSystem::bindDefaultUniforms@13 (line 285)
                      ; - net.minecraft.client.renderer.chunk.ChunkSectionsToRender::renderGroup@118 (line 48)
  0x000078876cf1d4d0: 0c43 c6fe 

  0x000078876cf1d4d4: ;   {post_call_nop}
  0x000078876cf1d4d4: 0f1f 8400 | 4c29 006c | bef6 ffff | ff48 8b6c | 2408 4889 | 4424 f88b | 4424 2089 | 4424 0848 
  0x000078876cf1d4f4: 8b44 24f8 | 4c89 5424 | 1844 895c 

  0x000078876cf1d500: ;   {runtime_call UncommonTrapBlob}
  0x000078876cf1d500: 242c 90e8 

  0x000078876cf1d504: ; ImmutableOopMap {rbp=Oop [8]=NarrowOop [24]=Oop [44]=NarrowOop [48]=Oop [56]=Oop [64]=NarrowOop [68]=NarrowOop }
                      ;*invokeinterface setUniform {reexecute=0 rethrow=0 return_oop=0}
                      ; - com.mojang.blaze3d.systems.RenderPass::setUniform@42 (line 67)
                      ; - com.mojang.blaze3d.systems.RenderSystem::bindDefaultUniforms@13 (line 285)
                      ; - net.minecraft.client.renderer.chunk.ChunkSectionsToRender::renderGroup@118 (line 48)
  0x000078876cf1d504: d842 c6fe 

  0x000078876cf1d508: ;   {post_call_nop}
  0x000078876cf1d508: 0f1f 8400 | 8029 006d | bef6 ffff | ff48 8b6c | 2408 4889 | 4424 f88b | 4424 2089 | 4424 0848 
  0x000078876cf1d528: 8b44 24f8 | 48ff 7424 | 2848 8f44 

  0x000078876cf1d534: ;   {runtime_call UncommonTrapBlob}
  0x000078876cf1d534: 2418 90e8 

  0x000078876cf1d538: ; ImmutableOopMap {rbp=Oop [8]=NarrowOop [24]=Oop [48]=Oop [56]=Oop [64]=NarrowOop [68]=NarrowOop }
                      ;*invokeinterface add {reexecute=0 rethrow=0 return_oop=0}
                      ; - com.mojang.blaze3d.opengl.GlRenderPass::setUniform@15 (line 90)
                      ; - com.mojang.blaze3d.systems.RenderPass::setUniform@42 (line 67)
                      ; - com.mojang.blaze3d.systems.RenderSystem::bindDefaultUniforms@13 (line 285)
                      ; - net.minecraft.client.renderer.chunk.ChunkSectionsToRender::renderGroup@118 (line 48)
  0x000078876cf1d538: a442 c6fe 

  0x000078876cf1d53c: ;   {post_call_nop}
  0x000078876cf1d53c: 0f1f 8400 | b429 006e | bef6 ffff | ff48 8b6c | 2408 4889 | 4424 f88b | 4424 2089 | 4424 0848 
  0x000078876cf1d55c: 8b44 24f8 | 4c89 5c24 

  0x000078876cf1d564: ;   {runtime_call UncommonTrapBlob}
  0x000078876cf1d564: 1866 90e8 

  0x000078876cf1d568: ; ImmutableOopMap {rbp=Oop [8]=NarrowOop [24]=Oop [48]=Oop [56]=Oop [64]=NarrowOop [68]=NarrowOop }
                      ;*invokeinterface getUniformOffsetAlignment {reexecute=0 rethrow=0 return_oop=0}
                      ; - com.mojang.blaze3d.systems.RenderPass::setUniform@4 (line 63)
                      ; - com.mojang.blaze3d.systems.RenderSystem::bindDefaultUniforms@29 (line 290)
                      ; - net.minecraft.client.renderer.chunk.ChunkSectionsToRender::renderGroup@118 (line 48)
  0x000078876cf1d568: 7442 c6fe 

  0x000078876cf1d56c: ;   {post_call_nop}
  0x000078876cf1d56c: 0f1f 8400 | e429 006f | bef6 ffff | ff48 8b6c | 2408 4889 | 4424 f88b | 4424 2089 | 4424 0848 
  0x000078876cf1d58c: 8b44 24f8 | 4c89 5c24 | 1844 8944 

  0x000078876cf1d598: ;   {runtime_call UncommonTrapBlob}
  0x000078876cf1d598: 242c 90e8 

  0x000078876cf1d59c: ; ImmutableOopMap {rbp=Oop [8]=NarrowOop [24]=Oop [44]=NarrowOop [48]=Oop [56]=Oop [64]=NarrowOop [68]=NarrowOop }
                      ;*invokeinterface setUniform {reexecute=0 rethrow=0 return_oop=0}
                      ; - com.mojang.blaze3d.systems.RenderPass::setUniform@42 (line 67)
                      ; - com.mojang.blaze3d.systems.RenderSystem::bindDefaultUniforms@29 (line 290)
                      ; - net.minecraft.client.renderer.chunk.ChunkSectionsToRender::renderGroup@118 (line 48)
  0x000078876cf1d59c: 4042 c6fe 

  0x000078876cf1d5a0: ;   {post_call_nop}
  0x000078876cf1d5a0: 0f1f 8400 | 182a 0070 | bef6 ffff | ff48 8b6c | 2408 4889 | 4424 f88b | 4424 2089 | 4424 0848 
  0x000078876cf1d5c0: 8b44 24f8 | 48ff 7424 | 2848 8f44 

  0x000078876cf1d5cc: ;   {runtime_call UncommonTrapBlob}
  0x000078876cf1d5cc: 2418 90e8 

  0x000078876cf1d5d0: ; ImmutableOopMap {rbp=Oop [8]=NarrowOop [24]=Oop [48]=Oop [56]=Oop [64]=NarrowOop [68]=NarrowOop }
                      ;*invokeinterface add {reexecute=0 rethrow=0 return_oop=0}
                      ; - com.mojang.blaze3d.opengl.GlRenderPass::setUniform@15 (line 90)
                      ; - com.mojang.blaze3d.systems.RenderPass::setUniform@42 (line 67)
                      ; - com.mojang.blaze3d.systems.RenderSystem::bindDefaultUniforms@29 (line 290)
                      ; - net.minecraft.client.renderer.chunk.ChunkSectionsToRender::renderGroup@118 (line 48)
  0x000078876cf1d5d0: 0c42 c6fe 

  0x000078876cf1d5d4: ;   {post_call_nop}
  0x000078876cf1d5d4: 0f1f 8400 | 4c2a 0071 | bef6 ffff | ff48 8b6c | 2408 4889 | 4424 f88b | 4424 2089 | 4424 0848 
  0x000078876cf1d5f4: 8b44 24f8 | 4889 4c24 | 1844 894c 

  0x000078876cf1d600: ;   {runtime_call UncommonTrapBlob}
  0x000078876cf1d600: 242c 90e8 

  0x000078876cf1d604: ; ImmutableOopMap {rbp=Oop [8]=NarrowOop [24]=Oop [44]=NarrowOop [48]=Oop [56]=Oop [64]=NarrowOop [68]=NarrowOop }
                      ;*invokeinterface setUniform {reexecute=0 rethrow=0 return_oop=0}
                      ; - com.mojang.blaze3d.systems.RenderPass::setUniform@6 (line 59)
                      ; - com.mojang.blaze3d.systems.RenderSystem::bindDefaultUniforms@45 (line 295)
                      ; - net.minecraft.client.renderer.chunk.ChunkSectionsToRender::renderGroup@118 (line 48)
  0x000078876cf1d604: d841 c6fe 

  0x000078876cf1d608: ;   {post_call_nop}
  0x000078876cf1d608: 0f1f 8400 | 802a 0072 | bef6 ffff | ff48 8b6c | 2408 4889 | 4424 f88b | 4424 2089 | 4424 0848 
  0x000078876cf1d628: 8b44 24f8 | 48ff 7424 | 2848 8f44 

  0x000078876cf1d634: ;   {runtime_call UncommonTrapBlob}
  0x000078876cf1d634: 2418 90e8 

  0x000078876cf1d638: ; ImmutableOopMap {rbp=Oop [8]=NarrowOop [24]=Oop [48]=Oop [56]=Oop [64]=NarrowOop [68]=NarrowOop }
                      ;*invokeinterface add {reexecute=0 rethrow=0 return_oop=0}
                      ; - com.mojang.blaze3d.opengl.GlRenderPass::setUniform@18 (line 84)
                      ; - com.mojang.blaze3d.systems.RenderPass::setUniform@6 (line 59)
                      ; - com.mojang.blaze3d.systems.RenderSystem::bindDefaultUniforms@45 (line 295)
                      ; - net.minecraft.client.renderer.chunk.ChunkSectionsToRender::renderGroup@118 (line 48)
  0x000078876cf1d638: a441 c6fe 

  0x000078876cf1d63c: ;   {post_call_nop}
  0x000078876cf1d63c: 0f1f 8400 | b42a 0073 | bef6 ffff | ff48 8b6c | 2408 4889 | 4424 f88b | 4424 2089 | 4424 0848 
  0x000078876cf1d65c: 8b44 24f8 | 4c89 5c24 

  0x000078876cf1d664: ;   {runtime_call UncommonTrapBlob}
  0x000078876cf1d664: 1866 90e8 

  0x000078876cf1d668: ; ImmutableOopMap {rbp=Oop [8]=NarrowOop [24]=Oop [48]=Oop [56]=Oop [64]=NarrowOop [68]=NarrowOop }
                      ;*invokeinterface getUniformOffsetAlignment {reexecute=0 rethrow=0 return_oop=0}
                      ; - com.mojang.blaze3d.systems.RenderPass::setUniform@4 (line 63)
                      ; - com.mojang.blaze3d.systems.RenderSystem::bindDefaultUniforms@64 (line 300)
                      ; - net.minecraft.client.renderer.chunk.ChunkSectionsToRender::renderGroup@118 (line 48)
  0x000078876cf1d668: 7441 c6fe 

  0x000078876cf1d66c: ;   {post_call_nop}
  0x000078876cf1d66c: 0f1f 8400 | e42a 0074 | bef6 ffff | ff48 8b6c | 2408 4889 | 4424 f88b | 4424 2089 | 4424 0848 
  0x000078876cf1d68c: 8b44 24f8 | 4c89 5c24 | 1844 8944 

  0x000078876cf1d698: ;   {runtime_call UncommonTrapBlob}
  0x000078876cf1d698: 242c 90e8 

  0x000078876cf1d69c: ; ImmutableOopMap {rbp=Oop [8]=NarrowOop [24]=Oop [44]=NarrowOop [48]=Oop [56]=Oop [64]=NarrowOop [68]=NarrowOop }
                      ;*invokeinterface setUniform {reexecute=0 rethrow=0 return_oop=0}
                      ; - com.mojang.blaze3d.systems.RenderPass::setUniform@42 (line 67)
                      ; - com.mojang.blaze3d.systems.RenderSystem::bindDefaultUniforms@64 (line 300)
                      ; - net.minecraft.client.renderer.chunk.ChunkSectionsToRender::renderGroup@118 (line 48)
  0x000078876cf1d69c: 4041 c6fe 

  0x000078876cf1d6a0: ;   {post_call_nop}
  0x000078876cf1d6a0: 0f1f 8400 | 182b 0075 | bef6 ffff | ff48 8b6c | 2408 4889 | 4424 f88b | 4424 2089 | 4424 0848 
  0x000078876cf1d6c0: 8b44 24f8 | 48ff 7424 | 2848 8f44 

  0x000078876cf1d6cc: ;   {runtime_call UncommonTrapBlob}
  0x000078876cf1d6cc: 2418 90e8 

  0x000078876cf1d6d0: ; ImmutableOopMap {rbp=Oop [8]=NarrowOop [24]=Oop [48]=Oop [56]=Oop [64]=NarrowOop [68]=NarrowOop }
                      ;*invokeinterface add {reexecute=0 rethrow=0 return_oop=0}
                      ; - com.mojang.blaze3d.opengl.GlRenderPass::setUniform@15 (line 90)
                      ; - com.mojang.blaze3d.systems.RenderPass::setUniform@42 (line 67)
                      ; - com.mojang.blaze3d.systems.RenderSystem::bindDefaultUniforms@64 (line 300)
                      ; - net.minecraft.client.renderer.chunk.ChunkSectionsToRender::renderGroup@118 (line 48)
  0x000078876cf1d6d0: 0c41 c6fe 

  0x000078876cf1d6d4: ;   {post_call_nop}
  0x000078876cf1d6d4: 0f1f 8400 | 4c2b 0076 | bef6 ffff | ff48 8beb | 4889 4424 | f88b 4424 | 2089 4424 | 0848 8b44 
  0x000078876cf1d6f4: 24f8 4889 | 4c24 1844 | 8954 2424 

  0x000078876cf1d700: ;   {runtime_call UncommonTrapBlob}
  0x000078876cf1d700: 6666 90e8 

  0x000078876cf1d704: ; ImmutableOopMap {rbp=Oop [8]=NarrowOop [24]=Oop [36]=NarrowOop [48]=Oop [56]=Oop [64]=NarrowOop [68]=NarrowOop }
                      ;*invokeinterface bindTexture {reexecute=0 rethrow=0 return_oop=0}
                      ; - com.mojang.blaze3d.systems.RenderPass::bindTexture@7 (line 55)
                      ; - net.minecraft.client.renderer.chunk.ChunkSectionsToRender::renderGroup@130 (line 49)
  0x000078876cf1d704: d840 c6fe 

  0x000078876cf1d708: ;   {post_call_nop}
  0x000078876cf1d708: 0f1f 8400 | 802b 0077 | bef6 ffff | ff48 8b6c | 2408 4889 | 4424 f88b | 4424 2089 | 4424 0848 
  0x000078876cf1d728: 8b44 24f8 

  0x000078876cf1d72c: ;   {runtime_call UncommonTrapBlob}
  0x000078876cf1d72c: 6666 90e8 

  0x000078876cf1d730: ; ImmutableOopMap {rbp=Oop [8]=NarrowOop [40]=Oop [48]=Oop [64]=NarrowOop [68]=NarrowOop }
                      ;*invokeinterface add {reexecute=0 rethrow=0 return_oop=0}
                      ; - com.mojang.blaze3d.opengl.GlRenderPass::bindTexture@45 (line 78)
                      ; - com.mojang.blaze3d.systems.RenderPass::bindTexture@7 (line 55)
                      ; - net.minecraft.client.renderer.chunk.ChunkSectionsToRender::renderGroup@130 (line 49)
  0x000078876cf1d730: ac40 c6fe 

  0x000078876cf1d734: ;   {post_call_nop}
  0x000078876cf1d734: 0f1f 8400 | ac2b 0078 | bef6 ffff | ff48 8b6c | 2408 4889 | 4424 f88b | 4424 2089 | 4424 0848 
  0x000078876cf1d754: 8b44 24f8 | 48ff 7424 | 2848 8f44 

  0x000078876cf1d760: ;   {runtime_call UncommonTrapBlob}
  0x000078876cf1d760: 2418 90e8 

  0x000078876cf1d764: ; ImmutableOopMap {rbp=Oop [8]=NarrowOop [24]=Oop [48]=Oop [64]=NarrowOop }
                      ;*getfield gameRenderer {reexecute=1 rethrow=0 return_oop=0}
                      ; - (reexecute) net.minecraft.client.renderer.chunk.ChunkSectionsToRender::renderGroup@139 (line 50)
  0x000078876cf1d764: 7840 c6fe 

  0x000078876cf1d768: ;   {post_call_nop}
  0x000078876cf1d768: 0f1f 8400 | e02b 0079 | bef6 ffff | ff48 8b6c | 2408 4889 | 4424 f88b | 4424 2089 | 4424 0848 
  0x000078876cf1d788: 8b44 24f8 | 48ff 7424 | 2848 8f44 

  0x000078876cf1d794: ;   {runtime_call UncommonTrapBlob}
  0x000078876cf1d794: 2418 90e8 

  0x000078876cf1d798: ; ImmutableOopMap {rbp=Oop [8]=NarrowOop [24]=Oop [48]=Oop [64]=NarrowOop }
                      ;*invokevirtual lightmap {reexecute=0 rethrow=0 return_oop=0}
                      ; - net.minecraft.client.renderer.chunk.ChunkSectionsToRender::renderGroup@142 (line 50)
  0x000078876cf1d798: 4440 c6fe 

  0x000078876cf1d79c: ;   {post_call_nop}
  0x000078876cf1d79c: 0f1f 8400 | 142c 007a | bef6 ffff | ff48 8b6c | 2408 4889 | 4424 f88b | 4424 2089 | 4424 0848 
  0x000078876cf1d7bc: 8b44 24f8 | 48ff 7424 | 2848 8f44 | 2418 4489 

  0x000078876cf1d7cc: ;   {runtime_call UncommonTrapBlob}
  0x000078876cf1d7cc: 4424 28e8 

  0x000078876cf1d7d0: ; ImmutableOopMap {rbp=Oop [8]=NarrowOop [24]=Oop [40]=NarrowOop [48]=Oop [64]=NarrowOop }
                      ;*aaload {reexecute=0 rethrow=0 return_oop=0}
                      ; - com.mojang.blaze3d.systems.SamplerCache::getSampler@14 (line 37)
                      ; - com.mojang.blaze3d.systems.SamplerCache::getClampToEdge@10 (line 41)
                      ; - net.minecraft.client.renderer.chunk.ChunkSectionsToRender::renderGroup@151 (line 50)
  0x000078876cf1d7d0: 0c40 c6fe 

  0x000078876cf1d7d4: ;   {post_call_nop}
  0x000078876cf1d7d4: 0f1f 8400 | 4c2c 007b | bef6 ffff | ff48 8b6c | 2408 4889 | 4424 f88b | 4424 2089 | 4424 0848 
  0x000078876cf1d7f4: 8b44 24f8 | 4489 4424 | 2089 4c24 

  0x000078876cf1d800: ;   {runtime_call UncommonTrapBlob}
  0x000078876cf1d800: 2466 90e8 

  0x000078876cf1d804: ; ImmutableOopMap {rbp=Oop [8]=NarrowOop [32]=NarrowOop [36]=NarrowOop [40]=Oop [48]=Oop [64]=NarrowOop }
                      ;*invokeinterface bindTexture {reexecute=0 rethrow=0 return_oop=0}
                      ; - com.mojang.blaze3d.systems.RenderPass::bindTexture@7 (line 55)
                      ; - net.minecraft.client.renderer.chunk.ChunkSectionsToRender::renderGroup@154 (line 50)
  0x000078876cf1d804: d83f c6fe 

  0x000078876cf1d808: ;   {post_call_nop}
  0x000078876cf1d808: 0f1f 8400 | 802c 007c | bef6 ffff | ff48 8b6c 

  0x000078876cf1d818: ;   {runtime_call UncommonTrapBlob}
  0x000078876cf1d818: 2408 90e8 

  0x000078876cf1d81c: ; ImmutableOopMap {rbp=Oop [32]=NarrowOop [40]=Oop [48]=Oop [64]=NarrowOop }
                      ;*invokeinterface add {reexecute=0 rethrow=0 return_oop=0}
                      ; - com.mojang.blaze3d.opengl.GlRenderPass::bindTexture@45 (line 78)
                      ; - com.mojang.blaze3d.systems.RenderPass::bindTexture@7 (line 55)
                      ; - net.minecraft.client.renderer.chunk.ChunkSectionsToRender::renderGroup@154 (line 50)
  0x000078876cf1d81c: c03f c6fe 

  0x000078876cf1d820: ;   {post_call_nop}
  0x000078876cf1d820: 0f1f 8400 | 982c 007d | bef6 ffff | ff48 8b6c 

  0x000078876cf1d830: ;   {runtime_call UncommonTrapBlob}
  0x000078876cf1d830: 2408 90e8 

  0x000078876cf1d834: ; ImmutableOopMap {rbp=Oop [32]=NarrowOop [40]=Oop [48]=Oop }
                      ;*arraylength {reexecute=0 rethrow=0 return_oop=0}
                      ; - net.minecraft.client.renderer.chunk.ChunkSectionsToRender::renderGroup@163 (line 52)
  0x000078876cf1d834: a83f c6fe 

  0x000078876cf1d838: ;   {post_call_nop}
  0x000078876cf1d838: 0f1f 8400 | b02c 007e | bef6 ffff 

  0x000078876cf1d844: ;   {runtime_call UncommonTrapBlob}
  0x000078876cf1d844: ff66 90e8 

  0x000078876cf1d848: ; ImmutableOopMap {}
                      ;*invokeinterface isClosed {reexecute=0 rethrow=0 return_oop=0}
                      ; - com.mojang.blaze3d.systems.RenderPass::close@4 (line 123)
                      ; - net.minecraft.client.renderer.chunk.ChunkSectionsToRender::renderGroup@315 (line 66)
  0x000078876cf1d848: 943f c6fe 

  0x000078876cf1d84c: ;   {post_call_nop}
  0x000078876cf1d84c: 0f1f 8400 | c42c 007f | bef6 ffff | ff48 8b6c | 2408 4889 | 4424 f88b | 4424 2089 | 4424 0848 
  0x000078876cf1d86c: 8b44 24f8 | 48ff 7424 | 2848 8f44 

  0x000078876cf1d878: ;   {runtime_call UncommonTrapBlob}
  0x000078876cf1d878: 2418 90e8 

  0x000078876cf1d87c: ; ImmutableOopMap {rbp=Oop [8]=NarrowOop [24]=Oop [48]=Oop [64]=NarrowOop }
                      ;*invokevirtual getTextureView {reexecute=0 rethrow=0 return_oop=0}
                      ; - net.minecraft.client.renderer.GameRenderer::lightmap@21 (line 837)
                      ; - net.minecraft.client.renderer.chunk.ChunkSectionsToRender::renderGroup@142 (line 50)
  0x000078876cf1d87c: 603f c6fe 

  0x000078876cf1d880: ;   {post_call_nop}
  0x000078876cf1d880: 0f1f 8400 | f82c 0080 | bef6 ffff | ff49 8beb | 8954 2408 | 4889 4c24 | 104c 894c | 2418 4489 
  0x000078876cf1d8a0: 5424 0c44 | 8944 2428 

  0x000078876cf1d8a8: ;   {runtime_call UncommonTrapBlob}
  0x000078876cf1d8a8: 6666 90e8 

  0x000078876cf1d8ac: ; ImmutableOopMap {rbp=Oop [8]=NarrowOop [12]=NarrowOop [16]=Oop [24]=Oop [40]=NarrowOop [56]=Oop }
                      ;*getfield levelRenderer {reexecute=1 rethrow=0 return_oop=0}
                      ; - (reexecute) net.minecraft.client.renderer.chunk.ChunkSectionLayerGroup::outputTarget@29 (line 34)
                      ; - net.minecraft.client.renderer.chunk.ChunkSectionsToRender::renderGroup@78 (line 37)
  0x000078876cf1d8ac: 303f c6fe 

  0x000078876cf1d8b0: ;   {post_call_nop}
  0x000078876cf1d8b0: 0f1f 8400 | 282d 0081 | bef6 ffff | ff49 8beb | 8954 2408 | 4889 4c24 | 104c 894c | 2418 4489 
  0x000078876cf1d8d0: 5424 0c44 | 8944 2428 

  0x000078876cf1d8d8: ;   {runtime_call UncommonTrapBlob}
  0x000078876cf1d8d8: 6666 90e8 

  0x000078876cf1d8dc: ; ImmutableOopMap {rbp=Oop [8]=NarrowOop [12]=NarrowOop [16]=Oop [24]=Oop [40]=NarrowOop [56]=Oop }
                      ;*invokevirtual getTranslucentTarget {reexecute=0 rethrow=0 return_oop=0}
                      ; - net.minecraft.client.renderer.chunk.ChunkSectionLayerGroup::outputTarget@32 (line 34)
                      ; - net.minecraft.client.renderer.chunk.ChunkSectionsToRender::renderGroup@78 (line 37)
  0x000078876cf1d8dc: 003f c6fe 

  0x000078876cf1d8e0: ;   {post_call_nop}
  0x000078876cf1d8e0: 0f1f 8400 | 582d 0082 | bef6 ffff | ff49 8beb | 8954 2408 | 4889 4c24 | 104c 894c | 2418 4489 
  0x000078876cf1d900: 5424 0c44 | 8944 2428 

  0x000078876cf1d908: ;   {runtime_call UncommonTrapBlob}
  0x000078876cf1d908: 6666 90e8 

  0x000078876cf1d90c: ; ImmutableOopMap {rbp=Oop [8]=NarrowOop [12]=NarrowOop [16]=Oop [24]=Oop [40]=NarrowOop [56]=Oop }
                      ;*getfield translucent {reexecute=1 rethrow=0 return_oop=0}
                      ; - (reexecute) net.minecraft.client.renderer.LevelRenderer::getTranslucentTarget@4 (line 1555)
                      ; - net.minecraft.client.renderer.chunk.ChunkSectionLayerGroup::outputTarget@32 (line 34)
                      ; - net.minecraft.client.renderer.chunk.ChunkSectionsToRender::renderGroup@78 (line 37)
  0x000078876cf1d90c: d03e c6fe 

  0x000078876cf1d910: ;   {post_call_nop}
  0x000078876cf1d910: 0f1f 8400 | 882d 0083 | bef6 ffff | ff49 8beb | 8954 2408 | 4889 4c24 | 104c 894c | 2418 4489 
  0x000078876cf1d930: 5424 0c44 | 8944 2428 

  0x000078876cf1d938: ;   {runtime_call UncommonTrapBlob}
  0x000078876cf1d938: 6666 90e8 

  0x000078876cf1d93c: ; ImmutableOopMap {rbp=Oop [8]=NarrowOop [12]=NarrowOop [16]=Oop [24]=Oop [40]=NarrowOop [56]=Oop }
                      ;*invokevirtual getMainRenderTarget {reexecute=0 rethrow=0 return_oop=0}
                      ; - net.minecraft.client.renderer.chunk.ChunkSectionLayerGroup::outputTarget@39 (line 35)
                      ; - net.minecraft.client.renderer.chunk.ChunkSectionsToRender::renderGroup@78 (line 37)
  0x000078876cf1d93c: a03e c6fe 

  0x000078876cf1d940: ;   {post_call_nop}
  0x000078876cf1d940: 0f1f 8400 | b82d 0084 | be45 ffff | ff4c 895c | 2408 8954 | 2410 4889 | 4c24 184c | 894c 2420 
  0x000078876cf1d960: 4489 5424 | 1444 8944 | 2430 8944 

  0x000078876cf1d96c: ;   {runtime_call UncommonTrapBlob}
  0x000078876cf1d96c: 2434 90e8 

  0x000078876cf1d970: ; ImmutableOopMap {rbp=Oop [8]=Oop [16]=NarrowOop [20]=NarrowOop [24]=Oop [32]=Oop [48]=NarrowOop [52]=NarrowOop [56]=Oop }
                      ;*ifnonnull {reexecute=1 rethrow=0 return_oop=0}
                      ; - (reexecute) com.mojang.blaze3d.systems.RenderSystem::getDevice@3 (line 263)
                      ; - net.minecraft.client.renderer.chunk.ChunkSectionsToRender::renderGroup@83 (line 39)
  0x000078876cf1d970: 6c3e c6fe 

  0x000078876cf1d974: ;   {post_call_nop}
  0x000078876cf1d974: 0f1f 8400 | ec2d 0085 | be45 ffff | ff48 8b6c | 2408 4889 | 4424 f88b | 4424 2089 | 4424 0848 
  0x000078876cf1d994: 8b44 24f8 | 48ff 7424 | 3048 8f44 | 2410 4889 | 4424 2048 | ff74 2438 | 488f 4424 | 2844 895c 
  0x000078876cf1d9b4: ;   {runtime_call UncommonTrapBlob}
  0x000078876cf1d9b4: 2438 90e8 

  0x000078876cf1d9b8: ; ImmutableOopMap {rbp=Oop [8]=NarrowOop [16]=Oop [32]=Oop [40]=Oop [56]=NarrowOop [64]=NarrowOop [68]=NarrowOop }
                      ;*ifnull {reexecute=1 rethrow=0 return_oop=0}
                      ; - (reexecute) com.mojang.blaze3d.systems.RenderSystem::bindDefaultUniforms@5 (line 284)
                      ; - net.minecraft.client.renderer.chunk.ChunkSectionsToRender::renderGroup@118 (line 48)
  0x000078876cf1d9b8: 243e c6fe 

  0x000078876cf1d9bc: ;   {post_call_nop}
  0x000078876cf1d9bc: 0f1f 8400 | 342e 0086 | be45 ffff | ff48 8b6c | 2408 4889 | 4424 f88b | 4424 2089 | 4424 0848 
  0x000078876cf1d9dc: 8b44 24f8 | 48ff 7424 | 3048 8f44 | 2410 48ff | 7424 2848 | 8f44 2418 | 48ff 7424 | 3848 8f44 
  0x000078876cf1d9fc: 2428 4489 

  0x000078876cf1da00: ;   {runtime_call UncommonTrapBlob}
  0x000078876cf1da00: 4424 38e8 

  0x000078876cf1da04: ; ImmutableOopMap {rbp=Oop [8]=NarrowOop [16]=Oop [24]=Oop [40]=Oop [56]=NarrowOop [64]=NarrowOop [68]=NarrowOop }
                      ;*ifnull {reexecute=1 rethrow=0 return_oop=0}
                      ; - (reexecute) com.mojang.blaze3d.systems.RenderSystem::bindDefaultUniforms@21 (line 289)
                      ; - net.minecraft.client.renderer.chunk.ChunkSectionsToRender::renderGroup@118 (line 48)
  0x000078876cf1da04: d83d c6fe 

  0x000078876cf1da08: ;   {post_call_nop}
  0x000078876cf1da08: 0f1f 8400 | 802e 0087 | be45 ffff | ff48 8b6c | 2408 4889 | 4424 f88b | 4424 2089 | 4424 0848 
  0x000078876cf1da28: 8b44 24f8 | 48ff 7424 | 3048 8f44 | 2410 48ff | 7424 2848 | 8f44 2418 | 48ff 7424 | 3848 8f44 
  0x000078876cf1da48: 2428 4489 

  0x000078876cf1da4c: ;   {runtime_call UncommonTrapBlob}
  0x000078876cf1da4c: 4c24 38e8 

  0x000078876cf1da50: ; ImmutableOopMap {rbp=Oop [8]=NarrowOop [16]=Oop [24]=Oop [40]=Oop [56]=NarrowOop [64]=NarrowOop [68]=NarrowOop }
                      ;*ifnull {reexecute=1 rethrow=0 return_oop=0}
                      ; - (reexecute) com.mojang.blaze3d.systems.RenderSystem::bindDefaultUniforms@37 (line 294)
                      ; - net.minecraft.client.renderer.chunk.ChunkSectionsToRender::renderGroup@118 (line 48)
  0x000078876cf1da50: 8c3d c6fe 

  0x000078876cf1da54: ;   {post_call_nop}
  0x000078876cf1da54: 0f1f 8400 | cc2e 0088 | be45 ffff | ff48 8b6c | 2408 4889 | 4424 f88b | 4424 2089 | 4424 0848 
  0x000078876cf1da74: 8b44 24f8 | 48ff 7424 | 3048 8f44 | 2410 48ff | 7424 2848 | 8f44 2418 | 4489 4424 

  0x000078876cf1da90: ;   {runtime_call UncommonTrapBlob}
  0x000078876cf1da90: 3066 90e8 

  0x000078876cf1da94: ; ImmutableOopMap {rbp=Oop [8]=NarrowOop [16]=Oop [24]=Oop [48]=NarrowOop [56]=Oop [64]=NarrowOop [68]=NarrowOop }
                      ;*ifnull {reexecute=1 rethrow=0 return_oop=0}
                      ; - (reexecute) com.mojang.blaze3d.systems.RenderSystem::bindDefaultUniforms@55 (line 299)
                      ; - net.minecraft.client.renderer.chunk.ChunkSectionsToRender::renderGroup@118 (line 48)
  0x000078876cf1da94: 483d c6fe 

  0x000078876cf1da98: ;   {post_call_nop}
  0x000078876cf1da98: 0f1f 8400 | 102f 0089 | bef6 ffff | ff48 8b6c | 2408 4889 | 4424 f88b | 4424 2089 | 4424 0848 
  0x000078876cf1dab8: 8b44 24f8 | 48ff 7424 | 2848 8f44 

  0x000078876cf1dac4: ;   {runtime_call UncommonTrapBlob}
  0x000078876cf1dac4: 2418 90e8 

  0x000078876cf1dac8: ; ImmutableOopMap {rbp=Oop [8]=NarrowOop [24]=Oop [48]=Oop [64]=NarrowOop }
                      ;*invokevirtual getTextureView {reexecute=0 rethrow=0 return_oop=0}
                      ; - net.minecraft.client.renderer.GameRenderer::lightmap@11 (line 837)
                      ; - net.minecraft.client.renderer.chunk.ChunkSectionsToRender::renderGroup@142 (line 50)
  0x000078876cf1dac8: 143d c6fe 

  0x000078876cf1dacc: ;   {post_call_nop}
  0x000078876cf1dacc: 0f1f 8400 | 442f 008a | bef6 ffff | ff48 8b6c | 2408 4889 | 4424 f88b | 4424 2089 | 4424 0848 
  0x000078876cf1daec: 8b44 24f8 | 48ff 7424 | 2848 8f44 

  0x000078876cf1daf8: ;   {runtime_call UncommonTrapBlob}
  0x000078876cf1daf8: 2418 90e8 

  0x000078876cf1dafc: ; ImmutableOopMap {rbp=Oop [8]=NarrowOop [24]=Oop [48]=Oop [64]=NarrowOop }
                      ;*invokevirtual getTextureView {reexecute=0 rethrow=0 return_oop=0}
                      ; - net.minecraft.client.renderer.UiLightmap::getTextureView@4 (line 20)
                      ; - net.minecraft.client.renderer.GameRenderer::lightmap@11 (line 837)
                      ; - net.minecraft.client.renderer.chunk.ChunkSectionsToRender::renderGroup@142 (line 50)
  0x000078876cf1dafc: e03c c6fe 

  0x000078876cf1db00: ;   {post_call_nop}
  0x000078876cf1db00: 0f1f 8400 | 782f 008b | 488b f0eb | 1448 8bf0 | eb0f eb00 | 488b f0eb | 0848 8bf0 | eb03 488b 
  0x000078876cf1db20: f048 81c4 | b000 0000 

  0x000078876cf1db28: ;   {runtime_call C2 Runtime rethrow}
  0x000078876cf1db28: 5de9 32fa | c6fe 488b | e8eb 39eb | 28eb 2deb | 3048 8be8 | eb2e 488b | e8eb 29eb | 24eb 22eb 
  0x000078876cf1db48: 20eb 1eeb | 1ceb 1aeb | 1848 8be8 | eb16 488b | e8eb 11eb | 0048 8be8 | eb0a eb00 | 488b e8eb 
  0x000078876cf1db68: 0348 8be8 | be95 ffff 

  0x000078876cf1db70: ;   {runtime_call UncommonTrapBlob}
  0x000078876cf1db70: ff66 90e8 

  0x000078876cf1db74: ; ImmutableOopMap {rbp=Oop [40]=Oop }
                      ;*astore {reexecute=0 rethrow=0 return_oop=0}
                      ; - net.minecraft.client.renderer.chunk.ChunkSectionsToRender::renderGroup@321 (line 39)
  0x000078876cf1db74: 683c c6fe 

  0x000078876cf1db78: ;   {post_call_nop}
  0x000078876cf1db78: 0f1f 8400 | f02f 008c | 8b0b 48c1 | e103 4883 | f900 0f84 | 3bdf ffff | 4d8b 4738 | 4d85 c00f 
  0x000078876cf1db98: 8414 0000 | 0049 83e8 | 084d 8947 | 384d 0347 | 4049 8908 | e91a dfff | ff48 83ec | 204c 8954 
  0x000078876cf1dbb8: 2418 4c89 | 5c24 104c | 894c 2408 | 488b f949 

  0x000078876cf1dbc8: ;   {runtime_call G1BarrierSetRuntime::write_ref_field_pre_entry(oopDesc*, JavaThread*)}
  0x000078876cf1dbc8: 8bf7 e801 | 4f17 124c | 8b4c 2408 | 4c8b 5c24 | 104c 8b54 | 2418 c5f8 | 7748 83c4 | 20e9 e1de 
  0x000078876cf1dbe8: ffff f083 | 4424 c000 | 4180 3800 | 0f84 08df | ffff 41c6 | 0000 498b | 4f50 4885 | c90f 8414 
  0x000078876cf1dc08: 0000 0048 | 83e9 0849 | 894f 5049 | 034f 584c | 8901 e9e3 | deff ff48 | 83ec 204c | 8954 2418 
  0x000078876cf1dc28: 4c89 5c24 | 104c 894c | 2408 498b | f849 8bf7 

  0x000078876cf1dc38: ;   {runtime_call G1BarrierSetRuntime::write_ref_field_post_entry(unsigned char volatile*, JavaThread*)}
  0x000078876cf1dc38: e8b3 4e17 | 124c 8b4c | 2408 4c8b | 5c24 104c | 8b54 2418 | c5f8 7748 | 83c4 20e9 | aade ffff 
  0x000078876cf1dc58: ;   {internal_word}
  0x000078876cf1dc58: 49ba 6fb9 | f16c 8778 | 0000 4d89 | 9738 0500 

  0x000078876cf1dc68: ;   {runtime_call SafepointBlob}
  0x000078876cf1dc68: 00e9 f21b 

  0x000078876cf1dc6c: ;   {runtime_call Stub::method_entry_barrier}
  0x000078876cf1dc6c: b9fe e8ed | 72b7 fee9 | 36d0 ffff 
[Stub Code]
  0x000078876cf1dc78: ;   {static_stub}
  0x000078876cf1dc78: 48bb 0000 | 0000 0000 

  0x000078876cf1dc80: ;   {runtime_call nmethod}
  0x000078876cf1dc80: 0000 e9fb 

  0x000078876cf1dc84: ;   {static_stub}
  0x000078876cf1dc84: ffff ff48 | bb00 0000 | 0000 0000 

  0x000078876cf1dc90: ;   {runtime_call nmethod}
  0x000078876cf1dc90: 00e9 fbff 

  0x000078876cf1dc94: ;   {static_stub}
  0x000078876cf1dc94: ffff 48bb | 0000 0000 | 0000 0000 

  0x000078876cf1dca0: ;   {runtime_call nmethod}
  0x000078876cf1dca0: e9fb ffff 

  0x000078876cf1dca4: ;   {static_stub}
  0x000078876cf1dca4: ff48 bb00 | 0000 0000 

  0x000078876cf1dcac: ;   {runtime_call nmethod}
  0x000078876cf1dcac: 0000 00e9 | fbff ffff 

  0x000078876cf1dcb4: ;   {static_stub}
  0x000078876cf1dcb4: 48bb 0000 | 0000 0000 

  0x000078876cf1dcbc: ;   {runtime_call nmethod}
  0x000078876cf1dcbc: 0000 e9fb 

  0x000078876cf1dcc0: ;   {static_stub}
  0x000078876cf1dcc0: ffff ff48 | bb00 0000 | 0000 0000 

  0x000078876cf1dccc: ;   {runtime_call nmethod}
  0x000078876cf1dccc: 00e9 fbff 

  0x000078876cf1dcd0: ;   {runtime_call ExceptionBlob}
  0x000078876cf1dcd0: ffff e909 | 3ec6 fee8 | 0000 0000 | 4883 2c24 

  0x000078876cf1dce0: ;   {runtime_call DeoptimizationBlob}
  0x000078876cf1dce0: 05e9 7a1e | b9fe f4f4 
[/MachCode]


Compiled method (c2) 123579 37689       4       net.minecraft.client.renderer.LevelRenderer::lambda$addMainPass$0 (767 bytes)
 total in heap  [0x000078876d19d188,0x000078876d1a31d0] = 24648
 constants      [0x000078876d19d280,0x000078876d19d2a0] = 32
 main code      [0x000078876d19d2a0,0x000078876d1a2ed8] = 23608
 stub code      [0x000078876d1a2ed8,0x000078876d1a3148] = 624
 oops           [0x000078876d1a3148,0x000078876d1a31d0] = 136
 mutable data [0x000078871c4f26e0,0x000078871c4f3560] = 3712
 relocation     [0x000078871c4f26e0,0x000078871c4f2e18] = 1848
 metadata       [0x000078871c4f2e18,0x000078871c4f3560] = 1864
 immutable data [0x000078871cff6b90,0x000078871cffb378] = 18408
 dependencies   [0x000078871cff6b90,0x000078871cff6e28] = 664
 nul chk table  [0x000078871cff6e28,0x000078871cff7068] = 576
 handler table  [0x000078871cff7068,0x000078871cff7698] = 1584
 scopes pcs     [0x000078871cff7698,0x000078871cff8658] = 4032
 scopes data    [0x000078871cff8658,0x000078871cffb378] = 11552


[Constant Pool]
             Address          hex4                    hex8      
  0x000078876d19d280:   0x00000000      0x3ff0000000000000      
  0x000078876d19d284:   0x3ff00000                              
  0x000078876d19d288:   0xf4f4f4f4      0xf4f4f4f4f4f4f4f4      
  0x000078876d19d28c:   0xf4f4f4f4                              
  0x000078876d19d290:   0xf4f4f4f4      0xf4f4f4f4f4f4f4f4      
  0x000078876d19d294:   0xf4f4f4f4                              
  0x000078876d19d298:   0xf4f4f4f4      0xf4f4f4f4f4f4f4f4      
  0x000078876d19d29c:   0xf4f4f4f4                              

[MachCode]
[Instructions begin]
  0x000078876d19d2a0: ;   {other}
  0x000078876d19d2a0: 6690 448b | 5608 443b 

  0x000078876d19d2a8: ;   {runtime_call Shared Runtime ic_miss_blob}
  0x000078876d19d2a8: 5008 0f85 | 3001 91fe 
[Verified Entry Point]
  0x000078876d19d2b0: 8984 2400 | c0fe ff55 | 4881 eca0 | 0000 0090 | 4181 7f20 | 3300 0000 | 0f85 fc5b | 0000 4889 
  0x000078876d19d2d0: 7c24 184c 

  0x000078876d19d2d4: ;   {oop(a 'java/lang/Class'{0x0000000623ed4908} = 'com/mojang/blaze3d/systems/RenderSystem')}
  0x000078876d19d2d4: 8bd6 48be | 0849 ed23 | 0600 0000 | 4c8d 9e9c | 0000 0041 | 807f 4800 | 0f85 d14c | 0000 488b 
  0x000078876d19d2f4: da48 c1eb | 0341 891b | 498b fb48 | 33fa 48c1 | ef16 0f84 | 2700 0000 | 4883 fa00 | 0f84 1d00 
  0x000078876d19d314: 0000 498b | fb48 c1ef | 0948 bb00 | 0060 6087 | 7800 0048 | 03fb 803f | 020f 8517 | 4d00 0048 
  0x000078876d19d334: 8bd9 448b | 5910 4585 | db0f 842d | 2f00 0047 | 3b64 dc24 | 0f84 362f | 0000 418b 

  0x000078876d19d350: ;   {metadata('net/minecraft/util/profiling/InactiveProfiler')}
  0x000078876d19d350: 4808 81f9 | 6031 4003 | 0f85 762f | 0000 418b | aab4 0000 | 0085 ed0f | 843b 3400 | 004d 85c9 
  0x000078876d19d370: 0f84 222f | 0000 4c89 | 4424 084c | 894c 2450 | 4c89 1424 | 4889 5c24 | 1048 8bcd | 48c1 e103 
  0x000078876d19d390: ;   {oop(a 'net/minecraft/client/renderer/chunk/ChunkSectionLayerGroup'{0x00000007fc6f6750})}
  0x000078876d19d390: 48ba 5067 | 6ffc 0700 | 0000 4d8b | 9768 0400 | 004d 8b12 | 4c89 5424 | 2049 8bf1 

  0x000078876d19d3ac: ;   {optimized virtual_call}
  0x000078876d19d3ac: 6666 90e8 

  0x000078876d19d3b0: ; ImmutableOopMap {[0]=Oop [8]=Oop [16]=Oop [24]=Oop [32]=Oop [80]=Oop [176]=Oop [184]=Oop [192]=Oop [200]=Oop [208]=Oop }
                      ;*invokevirtual renderGroup {reexecute=0 rethrow=0 return_oop=0}
                      ; - net.minecraft.client.renderer.LevelRenderer::lambda$addMainPass$0@112 (line 684)
  0x000078876d19d3b0: dcd8 d7ff 

  0x000078876d19d3b4: ;   {post_call_nop}
  0x000078876d19d3b4: 0f1f 8400 | 2c02 0000 | 4d8b 87c8 | 0100 004d | 8bd0 4983 | c228 4d3b | 97d8 0100 | 000f 83ed 
  0x000078876d19d3d4: 2500 004d | 8997 c801 | 0000 410f | 1882 0001 | 0000 49c7 | 0001 0000 

  0x000078876d19d3ec: ;   {metadata('net/neoforged/neoforge/client/event/RenderLevelStageEvent$AfterOpaqueBlocks')}
  0x000078876d19d3ec: 0041 c740 | 0880 8233 | 0345 8960 | 0c4d 8960 | 184d 8960 | 2048 8b1c | 248b ab80 | 0000 0044 
  0x000078876d19d40c: 8b8b a800 | 0000 4c8b | db49 c1eb | 0345 8958 | 1045 8948 | 144d 8b8f | c801 0000 | 4d8b d149 
  0x000078876d19d42c: 83c2 184d | 3b97 d801 | 0000 0f83 | ac25 0000 | 4d89 97c8 | 0100 0041 | 0f18 8200 | 0100 0049 
  0x000078876d19d44c: c701 0100 

  0x000078876d19d450: ;   {metadata('com/mojang/blaze3d/vertex/PoseStack')}
  0x000078876d19d450: 0000 41c7 | 4108 b8b3 | 3203 4589 | 610c 4d89 | 6110 498b | 8fc8 0100 | 004c 8bd1 | 4983 c218 
  0x000078876d19d470: 4d3b 97d8 | 0100 000f | 83a5 2500 | 004d 8997 | c801 0000 | 410f 1882 | 0001 0000 | 48c7 0101 
  0x000078876d19d490: ;   {metadata('java/util/ArrayList')}
  0x000078876d19d490: 0000 00c7 | 4108 c852 | 4300 4489 | 610c 4c89 | 6110 498b | bfc8 0100 | 004c 8bd7 | 4983 c250 
  0x000078876d19d4b0: 4d3b 97d8 | 0100 000f | 83aa 2500 | 004d 8997 | c801 0000 | 410f 1882 | 0001 0000 | 48c7 0701 
  0x000078876d19d4d0: 0000 0041 | 0f18 8240 | 0100 0041 | 0f18 8280 

  0x000078876d19d4e0: ;   {metadata('java/lang/Object'[])}
  0x000078876d19d4e0: 0100 00c7 | 4708 98a2 | 3400 c747 | 0c10 0000 | 004c 8967 | 104c 8967 | 184c 8967 | 204c 8967 
  0x000078876d19d500: 284c 8967 | 304c 8967 | 384c 8967 | 404c 8967 | 484d 8b97 | c801 0000 | 4d8b ea49 | 83c5 1849 
  0x000078876d19d520: 8d71 1048 | 8bc1 48c1 | e803 8906 | 488b d648 | 33d1 48c1 | ea16 0f84 | 1d00 0000 | 488b d648 
  0x000078876d19d540: c1ea 0948 | b800 0060 | 6087 7800 | 0048 03d0 | 803a 020f | 8562 4b00 | 0048 8d71 | 1448 8bd7 
  0x000078876d19d560: 48c1 ea03 | 8916 4c8b | f64c 33f7 | 49c1 ee16 | 0f84 1e00 | 0000 4c8b | f649 c1ee | 0948 ba00 
  0x000078876d19d580: 0060 6087 | 7800 004c | 03f2 4180 | 3e02 0f85 | af4b 0000 | 4d3b afd8 | 0100 000f | 831b 2500 
  0x000078876d19d5a0: 004d 89af | c801 0000 | 410f 1885 | 0001 0000 | 49c7 0201 

  0x000078876d19d5b4: ;   {metadata('com/mojang/blaze3d/vertex/PoseStack$Pose')}
  0x000078876d19d5b4: 0000 0041 | c742 0870 | b632 0345 | 8962 0c4d | 8962 1049 | 8b97 c801 | 0000 488b | f248 83c6 
  0x000078876d19d5d4: 5049 3bb7 | d801 0000 | 0f83 3325 | 0000 4989 | b7c8 0100 | 000f 1886 | 0001 0000 | 48c7 0201 
  0x000078876d19d5f4: ;   {metadata('org/joml/Matrix4f')}
  0x000078876d19d5f4: 0000 00c7 | 4208 68da | 6802 4c89 | 6218 4c89 | 6228 4c89 | 6230 4c89 | 6240 4889 | 1c24 4c89 
  0x000078876d19d614: 4424 2844 | 895c 2430 | 4c89 4c24 | 3848 894c | 2440 4889 | 7c24 484c | 8954 2458 | c742 0c1e 
  0x000078876d19d634: 0000 0048 | c742 1000 | 0080 3f49 | ba00 0000 | 0000 0080 | 3f4c 8952 | 2048 c742 | 3800 0080 
  0x000078876d19d654: 3f4c 8952 | 4849 8b87 | c801 0000 | 4c8b d049 | 83c2 3048 | 8b4c 2458 | 4c8d 4910 | 4c8b da49 
  0x000078876d19d674: c1eb 0345 | 8919 4d8b | c14c 33c2 | 49c1 e816 | 0f84 1e00 | 0000 4d8b | c149 c1e8 | 0949 bb00 
  0x000078876d19d694: 0060 6087 | 7800 004d | 03c3 4180 | 3802 0f85 | 254b 0000 | 4d3b 97d8 | 0100 000f | 83a3 2400 
  0x000078876d19d6b4: 004d 8997 | c801 0000 | 410f 1882 | 0001 0000 | 48c7 0001 

  0x000078876d19d6c8: ;   {metadata('org/joml/Matrix3f')}
  0x000078876d19d6c8: 0000 00c7 | 4008 a824 | 6602 4c89 | 6010 4c89 | 6020 c740 | 0c00 0080 | 3f49 ba00 | 0000 0000 
  0x000078876d19d6e8: 0080 3f4c | 8950 184c | 8950 284c | 8b54 2458 | 41c6 420c | 014c 8b54 | 2418 49c1 | ea03 4489 
  0x000078876d19d708: 5424 3448 | 8b54 2458 | 4c8d 4a14 | 4c8b c049 | c1e8 0345 | 8901 498b | f948 33f8 | 48c1 ef16 
  0x000078876d19d728: 0f84 1d00 | 0000 498b | f948 c1ef | 0949 b800 | 0060 6087 | 7800 0049 | 03f8 803f | 020f 85e4 
  0x000078876d19d748: 4a00 004c | 8b44 2440 | 41c7 400c | 0100 0000 | 41c7 4010 | 0100 0000 | 488b 7c24 | 4848 8d5f 
  0x000078876d19d768: 1041 807f | 4800 0f85 | 2c4b 0000 | 488b ca48 | c1e9 0389 | 0b4c 8bcb | 4c33 ca49 | c1e9 160f 
  0x000078876d19d788: 841e 0000 | 004c 8bcb | 49c1 e909 | 48b9 0000 | 6060 8778 | 0000 4c03 | c941 8039 | 020f 8567 
  0x000078876d19d7a8: 4b00 0048 | 8b5c 2428 | 488b 7c24 | 384c 8d43 | 1841 807f | 4800 0f85 | bc4b 0000 | 4c8b cf49 
  0x000078876d19d7c8: ;   {other}
  0x000078876d19d7c8: c1e9 0345 | 8908 498b | c848 33cf | 48c1 e916 | 0f84 1d00 | 0000 498b | c848 c1e9 | 0949 b900 
  0x000078876d19d7e8: 0060 6087 | 7800 0049 | 03c9 8039 | 020f 85f8 | 4b00 0044 | 8b4c 2434 | 4c8d 431c | 4180 7f48 
  0x000078876d19d808: 000f 8544 | 4c00 0045 | 8908 418b | c948 c1e1 | 034d 8bd0 | 4c33 d149 | c1ea 160f | 8428 0000 
  0x000078876d19d828: 0048 83f9 | 000f 841e | 0000 004d | 8bd0 49c1 | ea09 48b9 | 0000 6060 | 8778 0000 | 4c03 d141 
  0x000078876d19d848: 803a 020f | 856d 4c00 | 004c 8d43 | 2041 807f | 4800 0f85 | b84c 0000 | 4189 2844 | 8bd5 49c1 
  0x000078876d19d868: e203 4d8b | d84d 33da | 49c1 eb16 | 0f84 2800 | 0000 4983 | fa00 0f84 | 1e00 0000 | 4d8b d849 
  0x000078876d19d888: c1eb 0949 | ba00 0060 | 6087 7800 | 004d 03da | 4180 3b02 | 0f85 cd4c 

  0x000078876d19d8a0: ;   {oop(a 'net/neoforged/bus/EventBus'{0x0000000623b2c278})}
  0x000078876d19d8a0: 0000 48be | 78c2 b223 | 0600 0000 | 488b 5424 

  0x000078876d19d8b0: ;   {optimized virtual_call}
  0x000078876d19d8b0: 2866 90e8 

  0x000078876d19d8b4: ; ImmutableOopMap {[0]=Oop [8]=Oop [16]=Oop [24]=Oop [32]=Oop [48]=NarrowOop [52]=NarrowOop [80]=Oop [176]=Oop [184]=Oop [192]=Oop [200]=Oop [208]=Oop }
                      ;*invokeinterface post {reexecute=0 rethrow=0 return_oop=1}
                      ; - net.minecraft.client.renderer.LevelRenderer::lambda$addMainPass$0@146 (line 686)
  0x000078876d19d8b4: d823 b5ff 

  0x000078876d19d8b8: ;   {post_call_nop}
  0x000078876d19d8b8: 0f1f 8400 | 3007 0001 | 4c8b 1424 | 458b 4250 

  0x000078876d19d8c8: ; implicit exception: dispatches to 0x000078876d1a1800
  0x000078876d19d8c8: 478b 9cc4 | cc00 0000 

  0x000078876d19d8d0: ; implicit exception: dispatches to 0x000078876d1a1814
  0x000078876d19d8d0: 478b 44dc | 7447 8b4c | c40c 4f8b | 5ccc 1049 | 83fb 200f | 8c7b 2e00 | 0049 8b87 | c801 0000 
  0x000078876d19d8f0: 4c8b d849 | 83c3 204d | 3b9f d801 | 0000 0f83 | 7122 0000 | 4d89 9fc8 | 0100 0041 | 0f18 8300 
  0x000078876d19d910: 0100 0048 | c700 0100 

  0x000078876d19d918: ;   {metadata('com/mojang/blaze3d/buffers/GpuBufferSlice')}
  0x000078876d19d918: 0000 c740 | 08e8 b428 | 0344 8960 | 0c4c 8960 | 1048 c740 | 1820 0000 | 0044 8948 | 0c45 8b9a 
  0x000078876d19d938: a800 0000 

  0x000078876d19d93c: ;   {oop(a 'java/lang/Class'{0x0000000623ed4908} = 'com/mojang/blaze3d/systems/RenderSystem')}
  0x000078876d19d93c: 48bb 0849 | ed23 0600 | 0000 4c8d | 83a0 0000 | 0041 807f | 4800 0f85 | 5f4c 0000 | 488b c848 
  0x000078876d19d95c: c1e9 0341 | 8908 4d8b | c84c 33c8 | 49c1 e916 | 0f84 1e00 | 0000 4d8b | c849 c1e9 | 0948 b900 
  0x000078876d19d97c: 0060 6087 | 7800 004c | 03c9 4180 | 3902 0f85 | 9a4c 0000 

  0x000078876d19d990: ; implicit exception: dispatches to 0x000078876d1a1850
  0x000078876d19d990: 478b 5cdc | 1043 0fb6 | 6cdc 1d85 | ed0f 85ed | 2d00 0041 | 8baa 9400 | 0000 85ed | 0f84 1e2e 
  0x000078876d19d9b0: 0000 458b | 4250 438b | acc4 8401 | 0000 85ed | 0f84 222e | 0000 4c8b | 9c24 b000 | 0000 458b 
  0x000078876d19d9d0: ;   {metadata('com/mojang/blaze3d/framegraph/FrameGraphBuilder$Handle')}
  0x000078876d19d9d0: 4b08 4181 | f928 a25e | 030f 8525 | 2900 0041 | 8b6b 1045 | 8b44 ec08 | 4d8d 1cec 

  0x000078876d19d9ec: ;   {metadata('com/mojang/blaze3d/framegraph/FrameGraphBuilder$ExternalResource')}
  0x000078876d19d9ec: 4181 f8e0 | 955e 030f | 85da 1500 | 0045 8b5b | 1445 85db | 0f84 ba29 | 0000 4d8b | cb49 c1e1 
  0x000078876d19da0c: 0345 8b59 

  0x000078876d19da10: ;   {metadata('com/mojang/blaze3d/pipeline/TextureTarget')}
  0x000078876d19da10: 0841 81fb | b87c 3303 | 0f85 aa3a 

  0x000078876d19da1c: ;   {oop(a 'java/lang/Class'{0x0000000623ed4908} = 'com/mojang/blaze3d/systems/RenderSystem')}
  0x000078876d19da1c: 0000 49bb | 0849 ed23 | 0600 0000 | 458b 9b80 | 0000 0043 | 8b6c dc0c 

  0x000078876d19da34: ; implicit exception: dispatches to 0x000078876d1a18a0
  0x000078876d19da34: 458b 5cec 

  0x000078876d19da38: ;   {metadata('com/mojang/blaze3d/opengl/GlDevice')}
  0x000078876d19da38: 0841 81fb | 9878 1e03 | 0f85 fa28 | 0000 498d | 3cec 448b | 5f20 438b | 5cdc 0845 | 8b41 1c45 
  0x000078876d19da58: ;   {metadata('com/mojang/blaze3d/opengl/GlCommandEncoder')}
  0x000078876d19da58: 8b49 2481 | fb00 c020 | 030f 850d | 2900 0041 | 8bc9 418b | d84c 8994 | 24b0 0000 | 004f 8d14 
  0x000078876d19da78: dc45 8bcb | 410f b66a | 1485 ed0f | 8577 2d00 | 0041 8b6c | dc20 85ed | 0f84 1628 

  0x000078876d19da94: ;   {oop(a 'com/mojang/blaze3d/textures/TextureFormat'{0x000000062383d668})}
  0x000078876d19da94: 0000 81fd | cd7a 70c4 | 0f85 862d | 0000 410f | b66c dc3c | 85ed 0f85 | b02d 0000 | 458b 5cdc 
  0x000078876d19dab4: 1c41 8beb | 83e5 080f | 84d7 2d00 | 0041 83e3 | 010f 8405 | 2e00 0041 | 8b6c dc14 | 83fd 010f 
  0x000078876d19dad4: 8f4b 2e00 | 0041 8b54 | cc20 85d2 | 0f84 da27 

  0x000078876d19dae4: ;   {oop(a 'com/mojang/blaze3d/textures/TextureFormat'{0x0000000623b4f7c0})}
  0x000078876d19dae4: 0000 81fa | f89e 76c4 

  0x000078876d19daec: ;   {oop(a 'com/mojang/blaze3d/textures/TextureFormat'{0x0000000623b4f768})}
  0x000078876d19daec: 7466 81fa | ed9e 76c4 | 0f84 aa33 

  0x000078876d19daf8: ;   {oop(a 'com/mojang/blaze3d/textures/TextureFormat'{0x0000000623b4f710})}
  0x000078876d19daf8: 0000 81fa | e29e 76c4 | 0f84 562e | 0000 be45 | ffff ff48 | 8bac 24b0 | 0000 004c | 8b54 2410 
  0x000078876d19db18: 4c89 9424 | b000 0000 | 4c8b 5424 | 084c 8914 | 244c 8b54 | 2418 4c89 | 5424 0889 | 5c24 1889 
  0x000078876d19db38: 4c24 1c48 | 897c 2420 | 4489 4c24 

  0x000078876d19db44: ;   {runtime_call UncommonTrapBlob}
  0x000078876d19db44: 2866 90e8 

  0x000078876d19db48: ; ImmutableOopMap {rbp=Oop [0]=Oop [8]=Oop [24]=NarrowOop [28]=NarrowOop [32]=Oop [40]=NarrowOop [80]=Oop [176]=Oop [184]=Oop [192]=Oop [200]=Oop [208]=Oop }
                      ;*ifne {reexecute=1 rethrow=0 return_oop=0}
                      ; - (reexecute) com.mojang.blaze3d.systems.CommandEncoder::verifyDepthTexture@7 (line 484)
                      ; - com.mojang.blaze3d.systems.CommandEncoder::clearColorAndDepthTextures@29 (line 84)
                      ; - net.minecraft.client.renderer.LevelRenderer::lambda$addMainPass$0@210 (line 692)
  0x000078876d19db48: 943c 9efe 

  0x000078876d19db4c: ;   {post_call_nop}
  0x000078876d19db4c: 0f1f 8400 | c409 0002 | 410f b66c | cc3c 85ed | 0f85 722f | 0000 458b | 5ccc 1c41 | 8beb 83e5 
  0x000078876d19db6c: 080f 8499 | 2f00 0041 | 83e3 010f | 84c7 2f00 | 0041 8b6c | cc14 83fd | 010f 8f0d | 3000 0045 
  0x000078876d19db8c: 8b5a 1847 | 8b4c dc2c | 418b 7ccc 

  0x000078876d19db98: ;   {oop(a 'com/mojang/blaze3d/textures/TextureFormat'{0x0000000623b4f768})}
  0x000078876d19db98: 2c81 faed | 9e76 c40f | 842b 3000 

  0x000078876d19dba4: ;   {oop(a 'com/mojang/blaze3d/textures/TextureFormat'{0x0000000623b4f710})}
  0x000078876d19dba4: 0081 fae2 | 9e76 c40f | 846b 3000 | 0044 8bd3 | 478b 5cd4 | 3447 8b44 | d430 443b | df0f 85b0 
  0x000078876d19dbc4: 1d00 0044 | 8944 2428 

  0x000078876d19dbcc: ;   {oop(a 'java/lang/Class'{0x000000062a7643b0} = 'com/mojang/blaze3d/opengl/GlStateManager')}
  0x000078876d19dbcc: 49ba b043 | 762a 0600 | 0000 418b | aab4 0000 | 003b 6c24 | 280f 8481 | 3000 00be | a88c 0000 
  0x000078876d19dbec: 8b54 2428 

  0x000078876d19dbf0: ;   {static_call}
  0x000078876d19dbf0: 6666 90e8 

  0x000078876d19dbf4: ; ImmutableOopMap {[8]=Oop [16]=Oop [24]=Oop [32]=Oop [48]=NarrowOop [52]=NarrowOop [80]=Oop [176]=Oop [184]=Oop [192]=Oop [200]=Oop [208]=Oop }
                      ;*invokestatic glBindFramebuffer {reexecute=0 rethrow=0 return_oop=0}
                      ; - org.lwjgl.opengl.GL30::glBindFramebuffer@2 (line 936)
                      ; - com.mojang.blaze3d.opengl.GlStateManager::_glBindFramebuffer@22 (line 253)
                      ; - com.mojang.blaze3d.opengl.GlCommandEncoder::clearColorAndDepthTextures@21 (line 116)
                      ; - com.mojang.blaze3d.systems.CommandEncoder::clearColorAndDepthTextures@41 (line 85)
                      ; - net.minecraft.client.renderer.LevelRenderer::lambda$addMainPass$0@210 (line 692)
  0x000078876d19dbf4: 1869 35ff 

  0x000078876d19dbf8: ;   {post_call_nop}
  0x000078876d19dbf8: 0f1f 8400 | 700a 0003 

  0x000078876d19dc00: ;   {oop(a 'java/lang/Class'{0x000000062a7643b0} = 'com/mojang/blaze3d/opengl/GlStateManager')}
  0x000078876d19dc00: 49ba b043 | 762a 0600 | 0000 448b | 4424 2845 | 8982 b400 | 0000 418b | aab8 0000 | 003b 6c24 
  0x000078876d19dc20: 280f 8469 | 3000 00be | a98c 0000 | 8b54 2428 

  0x000078876d19dc30: ;   {static_call}
  0x000078876d19dc30: 6666 90e8 

  0x000078876d19dc34: ; ImmutableOopMap {[8]=Oop [16]=Oop [24]=Oop [32]=Oop [48]=NarrowOop [52]=NarrowOop [80]=Oop [176]=Oop [184]=Oop [192]=Oop [200]=Oop [208]=Oop }
                      ;*invokestatic glBindFramebuffer {reexecute=0 rethrow=0 return_oop=0}
                      ; - org.lwjgl.opengl.GL30::glBindFramebuffer@2 (line 936)
                      ; - com.mojang.blaze3d.opengl.GlStateManager::_glBindFramebuffer@53 (line 258)
                      ; - com.mojang.blaze3d.opengl.GlCommandEncoder::clearColorAndDepthTextures@21 (line 116)
                      ; - com.mojang.blaze3d.systems.CommandEncoder::clearColorAndDepthTextures@41 (line 85)
                      ; - net.minecraft.client.renderer.LevelRenderer::lambda$addMainPass$0@210 (line 692)
  0x000078876d19dc34: d868 35ff 

  0x000078876d19dc38: ;   {post_call_nop}
  0x000078876d19dc38: 0f1f 8400 | b00a 0004 

  0x000078876d19dc40: ;   {oop(a 'java/lang/Class'{0x000000062a7643b0} = 'com/mojang/blaze3d/opengl/GlStateManager')}
  0x000078876d19dc40: 49ba b043 | 762a 0600 | 0000 8b6c | 2428 4189 | aab8 0000 

  0x000078876d19dc54: ;   {oop(a 'java/lang/Class'{0x0000000623ed4908} = 'com/mojang/blaze3d/systems/RenderSystem')}
  0x000078876d19dc54: 0049 ba08 | 49ed 2306 | 0000 0041 | 8b6a 7c4c | 8bd5 49c1 | e203 4c8b | 5c24 204d | 3bda 0f85 
  0x000078876d19dc74: b82d 0000 

  0x000078876d19dc78: ;   {oop(a 'com/mojang/blaze3d/opengl/GlStateManager$ScissorState'{0x000000062a764cc0})}
  0x000078876d19dc78: 49ba c04c | 762a 0600 | 0000 458b | 420c 470f | b654 c410 | 4585 d20f | 8511 1f00 | 004c 891c 
  0x000078876d19dc98: ;   {section_word}
  0x000078876d19dc98: 24c5 fb10 | 05df f5ff 

  0x000078876d19dca0: ;   {static_call}
  0x000078876d19dca0: ff66 90e8 

  0x000078876d19dca4: ; ImmutableOopMap {[0]=Oop [8]=Oop [16]=Oop [24]=Oop [48]=NarrowOop [52]=NarrowOop [80]=Oop [176]=Oop [184]=Oop [192]=Oop [200]=Oop [208]=Oop }
                      ;*invokestatic glClearDepth {reexecute=0 rethrow=0 return_oop=0}
                      ; - org.lwjgl.opengl.GL11::glClearDepth@1 (line 799)
                      ; - com.mojang.blaze3d.opengl.GlCommandEncoder::clearColorAndDepthTextures@29 (line 118)
                      ; - com.mojang.blaze3d.systems.CommandEncoder::clearColorAndDepthTextures@41 (line 85)
                      ; - net.minecraft.client.renderer.LevelRenderer::lambda$addMainPass$0@210 (line 692)
  0x000078876d19dca4: e850 34ff 

  0x000078876d19dca8: ;   {post_call_nop}
  0x000078876d19dca8: 0f1f 8400 | 200b 0005 | c5f8 57c0 | c5f0 57c9 | c5e8 57d2 | c5e0 57db 

  0x000078876d19dcc0: ;   {static_call}
  0x000078876d19dcc0: 6666 90e8 

  0x000078876d19dcc4: ; ImmutableOopMap {[0]=Oop [8]=Oop [16]=Oop [24]=Oop [48]=NarrowOop [52]=NarrowOop [80]=Oop [176]=Oop [184]=Oop [192]=Oop [200]=Oop [208]=Oop }
                      ;*invokestatic glClearColor {reexecute=0 rethrow=0 return_oop=0}
                      ; - org.lwjgl.opengl.GL11::glClearColor@4 (line 792)
                      ; - com.mojang.blaze3d.opengl.GlCommandEncoder::clearColorAndDepthTextures@48 (line 119)
                      ; - com.mojang.blaze3d.systems.CommandEncoder::clearColorAndDepthTextures@41 (line 85)
                      ; - net.minecraft.client.renderer.LevelRenderer::lambda$addMainPass$0@210 (line 692)
  0x000078876d19dcc4: 485b 0eff 

  0x000078876d19dcc8: ;   {post_call_nop}
  0x000078876d19dcc8: 0f1f 8400 | 400b 0006 

  0x000078876d19dcd0: ;   {oop(a 'java/lang/Class'{0x0000000623ed4908} = 'com/mojang/blaze3d/systems/RenderSystem')}
  0x000078876d19dcd0: 49ba 0849 | ed23 0600 | 0000 418b | 6a7c 4c8b | dd49 c1e3 | 034c 8b14 | 244d 3bd3 | 0f85 662d 
  0x000078876d19dcf0: ;   {oop(a 'com/mojang/blaze3d/opengl/GlStateManager$DepthState'{0x000000062a764dd0})}
  0x000078876d19dcf0: 0000 49bb | d04d 762a | 0600 0000 | 450f b643 | 1041 83f8 | 0174 6141 | c643 1001 | be01 0000 
  0x000078876d19dd10: ;   {static_call}
  0x000078876d19dd10: 0066 90e8 

  0x000078876d19dd14: ; ImmutableOopMap {[0]=Oop [8]=Oop [16]=Oop [24]=Oop [48]=NarrowOop [52]=NarrowOop [80]=Oop [176]=Oop [184]=Oop [192]=Oop [200]=Oop [208]=Oop }
                      ;*invokestatic glDepthMask {reexecute=0 rethrow=0 return_oop=0}
                      ; - org.lwjgl.opengl.GL11::glDepthMask@1 (line 1185)
                      ; - com.mojang.blaze3d.opengl.GlStateManager::_depthMask@21 (line 86)
                      ; - com.mojang.blaze3d.opengl.GlCommandEncoder::clearColorAndDepthTextures@52 (line 120)
                      ; - com.mojang.blaze3d.systems.CommandEncoder::clearColorAndDepthTextures@41 (line 85)
                      ; - net.minecraft.client.renderer.LevelRenderer::lambda$addMainPass$0@210 (line 692)
  0x000078876d19dd14: c8ff 90fe 

  0x000078876d19dd18: ;   {post_call_nop}
  0x000078876d19dd18: 0f1f 8400 | 900b 0007 

  0x000078876d19dd20: ;   {oop(a 'java/lang/Class'{0x0000000623ed4908} = 'com/mojang/blaze3d/systems/RenderSystem')}
  0x000078876d19dd20: 49ba 0849 | ed23 0600 | 0000 418b | 6a7c 4c8b | dd49 c1e3 | 034c 8b14 | 244d 3bd3 | 742a be45 
  0x000078876d19dd40: ffff ff4c | 8b5c 2410 | 4c89 1c24 | 4c8b 5c24 | 184c 895c | 2410 4c89 

  0x000078876d19dd58: ;   {runtime_call UncommonTrapBlob}
  0x000078876d19dd58: 5424 20e8 

  0x000078876d19dd5c: ; ImmutableOopMap {rbp=NarrowOop [0]=Oop [8]=Oop [16]=Oop [32]=Oop [80]=Oop [176]=Oop [184]=Oop [192]=Oop [200]=Oop [208]=Oop }
                      ;*if_acmpne {reexecute=1 rethrow=0 return_oop=0}
                      ; - (reexecute) com.mojang.blaze3d.systems.RenderSystem::isOnRenderThread@6 (line 92)
                      ; - com.mojang.blaze3d.systems.RenderSystem::assertOnRenderThread@0 (line 96)
                      ; - com.mojang.blaze3d.opengl.GlStateManager::_colorMask@0 (line 433)
                      ; - com.mojang.blaze3d.opengl.GlCommandEncoder::clearColorAndDepthTextures@57 (line 121)
                      ; - com.mojang.blaze3d.systems.CommandEncoder::clearColorAndDepthTextures@41 (line 85)
                      ; - net.minecraft.client.renderer.LevelRenderer::lambda$addMainPass$0@210 (line 692)
  0x000078876d19dd5c: 803a 9efe 

  0x000078876d19dd60: ;   {post_call_nop}
  0x000078876d19dd60: 0f1f 8400 | d80b 0008 

  0x000078876d19dd68: ;   {oop(a 'java/lang/Class'{0x000000062a7643b0} = 'com/mojang/blaze3d/opengl/GlStateManager')}
  0x000078876d19dd68: 49bb b043 | 762a 0600 | 0000 458b | 9bb0 0000 | 0041 83fb | 0f0f 859d | 1900 00be | 0041 0000 
  0x000078876d19dd88: ;   {static_call}
  0x000078876d19dd88: 6666 90e8 

  0x000078876d19dd8c: ; ImmutableOopMap {[8]=Oop [16]=Oop [24]=Oop [48]=NarrowOop [52]=NarrowOop [80]=Oop [176]=Oop [184]=Oop [192]=Oop [200]=Oop [208]=Oop }
                      ;*invokestatic glClear {reexecute=0 rethrow=0 return_oop=0}
                      ; - org.lwjgl.opengl.GL11::glClear@1 (line 780)
                      ; - com.mojang.blaze3d.opengl.GlStateManager::_clear@4 (line 442)
                      ; - com.mojang.blaze3d.opengl.GlCommandEncoder::clearColorAndDepthTextures@63 (line 122)
                      ; - com.mojang.blaze3d.systems.CommandEncoder::clearColorAndDepthTextures@41 (line 85)
                      ; - net.minecraft.client.renderer.LevelRenderer::lambda$addMainPass$0@210 (line 692)
  0x000078876d19dd8c: 80d3 18ff 

  0x000078876d19dd90: ;   {post_call_nop}
  0x000078876d19dd90: 0f1f 8400 | 080c 0009 

  0x000078876d19dd98: ;   {oop(a 'java/lang/Class'{0x000000062a7643b0} = 'com/mojang/blaze3d/opengl/GlStateManager')}
  0x000078876d19dd98: 49ba b043 | 762a 0600 | 0000 418b | aab4 0000 | 0085 ed0f | 8407 2f00 | 00be a88c | 0000 33d2 
  0x000078876d19ddb8: ;   {static_call}
  0x000078876d19ddb8: 6666 90e8 

  0x000078876d19ddbc: ; ImmutableOopMap {[8]=Oop [16]=Oop [24]=Oop [48]=NarrowOop [52]=NarrowOop [80]=Oop [176]=Oop [184]=Oop [192]=Oop [200]=Oop [208]=Oop }
                      ;*invokestatic glBindFramebuffer {reexecute=0 rethrow=0 return_oop=0}
                      ; - org.lwjgl.opengl.GL30::glBindFramebuffer@2 (line 936)
                      ; - com.mojang.blaze3d.opengl.GlStateManager::_glBindFramebuffer@22 (line 253)
                      ; - com.mojang.blaze3d.opengl.GlCommandEncoder::clearColorAndDepthTextures@69 (line 123)
                      ; - com.mojang.blaze3d.systems.CommandEncoder::clearColorAndDepthTextures@41 (line 85)
                      ; - net.minecraft.client.renderer.LevelRenderer::lambda$addMainPass$0@210 (line 692)
  0x000078876d19ddbc: 5067 35ff 

  0x000078876d19ddc0: ;   {post_call_nop}
  0x000078876d19ddc0: 0f1f 8400 | 380c 000a 

  0x000078876d19ddc8: ;   {oop(a 'java/lang/Class'{0x000000062a7643b0} = 'com/mojang/blaze3d/opengl/GlStateManager')}
  0x000078876d19ddc8: 49ba b043 | 762a 0600 | 0000 4589 | a2b4 0000 | 0041 8baa | b800 0000 | 85ed 0f84 | f82e 0000 
  0x000078876d19dde8: bea9 8c00 

  0x000078876d19ddec: ;   {static_call}
  0x000078876d19ddec: 0033 d2e8 

  0x000078876d19ddf0: ; ImmutableOopMap {[8]=Oop [16]=Oop [24]=Oop [48]=NarrowOop [52]=NarrowOop [80]=Oop [176]=Oop [184]=Oop [192]=Oop [200]=Oop [208]=Oop }
                      ;*invokestatic glBindFramebuffer {reexecute=0 rethrow=0 return_oop=0}
                      ; - org.lwjgl.opengl.GL30::glBindFramebuffer@2 (line 936)
                      ; - com.mojang.blaze3d.opengl.GlStateManager::_glBindFramebuffer@53 (line 258)
                      ; - com.mojang.blaze3d.opengl.GlCommandEncoder::clearColorAndDepthTextures@69 (line 123)
                      ; - com.mojang.blaze3d.systems.CommandEncoder::clearColorAndDepthTextures@41 (line 85)
                      ; - net.minecraft.client.renderer.LevelRenderer::lambda$addMainPass$0@210 (line 692)
  0x000078876d19ddf0: 1c67 35ff 

  0x000078876d19ddf4: ;   {post_call_nop}
  0x000078876d19ddf4: 0f1f 8400 | 6c0c 000b 

  0x000078876d19ddfc: ;   {oop(a 'java/lang/Class'{0x000000062a7643b0} = 'com/mojang/blaze3d/opengl/GlStateManager')}
  0x000078876d19ddfc: 49ba b043 | 762a 0600 | 0000 4589 | a2b8 0000 | 0049 8b87 | c801 0000 | 4c8b d049 | 83c2 184d 
  0x000078876d19de1c: 3b97 d801 | 0000 0f83 | a91d 0000 | 4d89 97c8 | 0100 0041 | 0f18 8200 | 0100 0048 | c700 0100 
  0x000078876d19de3c: ;   {metadata('com/mojang/blaze3d/vertex/PoseStack')}
  0x000078876d19de3c: 0000 c740 | 08b8 b332 | 0344 8960 | 0c4c 8960 | 1048 8bc8 | 4d8b 9fc8 | 0100 004d | 8bd3 4983 
  0x000078876d19de5c: c218 4d3b | 97d8 0100 | 000f 838a | 1d00 004d | 8997 c801 | 0000 410f | 1882 0001 | 0000 49c7 
  0x000078876d19de7c: 0301 0000 

  0x000078876d19de80: ;   {metadata('java/util/ArrayList')}
  0x000078876d19de80: 0041 c743 | 08c8 5243 | 0045 8963 | 0c4d 8963 | 1049 8bbf | c801 0000 | 4c8b d749 | 83c2 504d 
  0x000078876d19dea0: 3b97 d801 | 0000 0f83 | 6f1d 0000 | 4d89 97c8 | 0100 0041 | 0f18 8200 | 0100 0048 | c707 0100 
  0x000078876d19dec0: 0000 410f | 1882 4001 | 0000 410f | 1882 8001 

  0x000078876d19ded0: ;   {metadata('java/lang/Object'[])}
  0x000078876d19ded0: 0000 c747 | 0898 a234 | 00c7 470c | 1000 0000 | 4c89 6710 | 4c89 6718 | 4c89 6720 | 4c89 6728 
  0x000078876d19def0: 4c89 6730 | 4c89 6738 | 4c89 6740 | 4c89 6748 | 498b b7c8 | 0100 004c | 8bd6 4983 | c218 4d8d 
  0x000078876d19df10: 4314 488b | df48 c1eb | 0341 8918 | 498b d048 | 33d7 48c1 | ea16 0f84 | 1d00 0000 | 498b d048 
  0x000078876d19df30: c1ea 0948 | bb00 0060 | 6087 7800 | 0048 03d3 | 803a 020f | 8543 4700 | 004c 8d41 | 1049 8bdb 
  0x000078876d19df50: 48c1 eb03 | 4189 184d | 8bc8 4d33 | cb49 c1e9 | 160f 841e | 0000 004d | 8bc8 49c1 | e909 48bb 
  0x000078876d19df70: 0000 6060 | 8778 0000 | 4c03 cb41 | 8039 020f | 858f 4700 | 004d 3b97 | d801 0000 | 0f83 bd1c 
  0x000078876d19df90: 0000 4d89 | 97c8 0100 | 0041 0f18 | 8200 0100 | 0048 c706 | 0100 0000 

  0x000078876d19dfa8: ;   {metadata('com/mojang/blaze3d/vertex/PoseStack$Pose')}
  0x000078876d19dfa8: c746 0870 | b632 0344 | 8966 0c4c | 8966 1049 | 8b97 c801 | 0000 4c8b | d249 83c2 | 504d 3b97 
  0x000078876d19dfc8: d801 0000 | 0f83 b61c | 0000 4d89 | 97c8 0100 | 0041 0f18 | 8200 0100 | 0048 c702 | 0100 0000 
  0x000078876d19dfe8: ;   {metadata('org/joml/Matrix4f')}
  0x000078876d19dfe8: c742 0868 | da68 024c | 8962 184c | 8962 284c | 8962 304c | 8962 40c7 | 420c 1e00 | 0000 48c7 
  0x000078876d19e008: 4210 0000 | 803f 49ba | 0000 0000 | 0000 803f | 4c89 5220 | 48c7 4238 | 0000 803f | 4c89 5248 
  0x000078876d19e028: 498b 87c8 | 0100 004c | 8bd0 4983 | c230 4c8d | 4e10 488b | da48 c1eb | 0341 8919 | 4d8b c14c 
  0x000078876d19e048: 33c2 49c1 | e816 0f84 | 1e00 0000 | 4d8b c149 | c1e8 0948 | bb00 0060 | 6087 7800 | 004c 03c3 
  0x000078876d19e068: 4180 3802 | 0f85 2447 | 0000 4d3b | 97d8 0100 | 000f 834a | 1c00 004d | 8997 c801 | 0000 410f 
  0x000078876d19e088: 1882 0001 | 0000 48c7 | 0001 0000 

  0x000078876d19e094: ;   {metadata('org/joml/Matrix3f')}
  0x000078876d19e094: 00c7 4008 | a824 6602 | 4c89 6010 | 4c89 6020 | c740 0c00 | 0080 3f49 | ba00 0000 | 0000 0080 
  0x000078876d19e0b4: 3f4c 8950 | 184c 8950 | 28c6 460c | 014c 8d4e | 1448 8bd0 | 48c1 ea03 | 4189 1149 | 8bd9 4833 
  0x000078876d19e0d4: d848 c1eb | 160f 841d | 0000 0049 | 8bd9 48c1 | eb09 48ba | 0000 6060 | 8778 0000 | 4803 da80 
  0x000078876d19e0f4: 3b02 0f85 | 2447 0000 | 41c7 430c | 0100 0000 | 41c7 4310 | 0100 0000 | 4c8d 4710 | 4180 7f48 
  0x000078876d19e114: 000f 858d | 4700 004c | 8bde 49c1 | eb03 4589 | 184d 8bd0 | 4c33 d649 | c1ea 160f | 841e 0000 
  0x000078876d19e134: 004d 8bd0 | 49c1 ea09 | 49bb 0000 | 6060 8778 | 0000 4d03 | d341 803a | 020f 85c0 | 4700 0048 
  0x000078876d19e154: 8bac 24b0 | 0000 0044 | 8b45 5c47 | 8b5c c414 | 488b 5c24 | 1044 8b4b | 1043 8b7c | cc24 c4c1 
  0x000078876d19e174: 7b10 44fc | 1044 8b53 | 1443 8b74 | d408 c4c1 | 7b10 6cfc | 2044 8b8d | ac00 0000 | 478b 44c4 
  0x000078876d19e194: ;   {other}
  0x000078876d19e194: 18c4 c17b | 105c fc18 

  0x000078876d19e19c: ;   {metadata('java/util/ArrayList')}
  0x000078876d19e19c: 81fe c852 | 4300 0f85 | 7024 0000 | 4b8d 3cd4 | 448b 5710 | 4585 d20f | 84cb 0200 | 0044 8944 
  0x000078876d19e1bc: 245c 4489 | 5c24 4c48 | 894c 2428 | 4889 6c24 | 2048 895c | 2438 448b | 570c 4889 | 7c24 604d 
  0x000078876d19e1dc: 8bd9 49c1 | e303 4c89 | 9c24 b000 | 0000 4489 | 4c24 58b9 | ffff ffff | 4489 5424 | 4845 33db 
  0x000078876d19e1fc: 4489 5c24 | 44e9 4801 | 0000 6666 | 0f1f 8400 | 0000 0000 | 4c8b 5424 | 1041 8b6a | 1045 8b54 
  0x000078876d19e21c: ;   {metadata('net/minecraft/client/renderer/SubmitNodeCollection')}
  0x000078876d19e21c: ec08 4181 | fa00 4044 | 030f 8599 | 3300 0044 | 8b9c 24d8 | 0000 0047 | 8b54 dc54 | 498d 14ec 
  0x000078876d19e23c: 4585 d20f | 842d 1e00 | 004b 8d34 | d444 8b54 | 2424 49c1 | e203 4c89 | 5424 40b9 | 0100 0000 
  0x000078876d19e25c: ;   {optimized virtual_call}
  0x000078876d19e25c: 8b2c 24e8 

  0x000078876d19e260: ; ImmutableOopMap {rbp=NarrowOop [0]=NarrowOop [4]=NarrowOop [8]=Oop [16]=Oop [24]=Oop [32]=NarrowOop [36]=NarrowOop [48]=NarrowOop [52]=NarrowOop [56]=Oop [64]=Oop [176]=Oop [184]=Oop [192]=NarrowOop [200]=Oop [208]=Oop [216]=NarrowOop }
                      ;*invokevirtual render {reexecute=0 rethrow=0 return_oop=0}
                      ; - net.minecraft.client.renderer.feature.ParticleFeatureRenderer::renderTranslucent@3 (line 37)
                      ; - net.minecraft.client.renderer.feature.FeatureRenderDispatcher::renderTranslucentParticles@40 (line 95)
                      ; - net.minecraft.client.renderer.LevelRenderer::lambda$addMainPass$0@703 (line 751)
  0x000078876d19e260: 2c2e 04ff 

  0x000078876d19e264: ;   {post_call_nop}
  0x000078876d19e264: 0f1f 8400 | dc10 000c 

  0x000078876d19e26c: ; ImmutableOopMap {rbp=NarrowOop [0]=NarrowOop [4]=NarrowOop [8]=Oop [16]=Oop [24]=Oop [32]=NarrowOop [36]=NarrowOop [48]=NarrowOop [52]=NarrowOop [56]=Oop [64]=Oop [176]=Oop [184]=Oop [192]=NarrowOop [200]=Oop [208]=Oop [216]=NarrowOop }
                      ;*goto {reexecute=1 rethrow=0 return_oop=0}
                      ; - (reexecute) net.minecraft.client.renderer.feature.FeatureRenderDispatcher::renderTranslucentParticles@43 (line 96)
                      ; - net.minecraft.client.renderer.LevelRenderer::lambda$addMainPass$0@703 (line 751)
  0x000078876d19e26c: 4d8b 5730 

  0x000078876d19e270: ;   {poll}
  0x000078876d19e270: 4185 0244 | 8b5c 2424 | 4585 db0f | 8589 0000 | 004c 8b84 | 24b0 0000 | 0049 8be8 | 488b 7424 
  0x000078876d19e290: ;   {optimized virtual_call}
  0x000078876d19e290: 3866 90e8 

  0x000078876d19e294: ; ImmutableOopMap {rbp=Oop [4]=NarrowOop [8]=Oop [24]=Oop [48]=NarrowOop [52]=NarrowOop [184]=Oop [208]=Oop }
                      ;*invokevirtual endBatch {reexecute=0 rethrow=0 return_oop=0}
                      ; - net.minecraft.client.renderer.LevelRenderer::lambda$addMainPass$0@708 (line 752)
  0x000078876d19e294: f806 d7ff 

  0x000078876d19e298: ;   {post_call_nop}
  0x000078876d19e298: 0f1f 8400 | 1011 000e | 4c8b cd45 | 8b99 b000 | 0000 478b | 54dc 0c47 | 8b54 d40c 

  0x000078876d19e2b4: ; implicit exception: dispatches to 0x000078876d1a1ae4
  0x000078876d19e2b4: 438b 6cd4 | 2445 8b5c 

  0x000078876d19e2bc: ;   {metadata('it/unimi/dsi/fastutil/ints/Int2ObjectAVLTreeMap$2')}
  0x000078876d19e2bc: ec08 4181 | fb00 0044 | 030f 8535 | 2400 004d | 8d14 ec45 | 8b52 0c43 | 8b4c d414 | 85c9 0f84 
  0x000078876d19e2dc: d009 0000 | 4c8b c149 | c1e0 0345 | 33db 4833 | db4c 898c | 24c8 0000 | 0044 8954 | 2410 894c 
  0x000078876d19e2fc: 2414 4489 | 1c24 448b | dbe9 c008 | 0000 448b | 9424 c000 | 0000 4489 | 9c24 c000 | 0000 48ff 
  0x000078876d19e31c: 7424 4048 | 8f44 2410 | e9a2 0700 | 000f 1f80 | 0000 0000 | 458b 520c | 8b4c 2444 | 4489 4424 
  0x000078876d19e33c: 44c5 fb10 | 0424 c5fb | 106c 2410 | c5fb 105c | 2468 443b | 5424 480f | 85a7 1d00 | 004c 8b54 
  0x000078876d19e35c: 2460 418b | 6a10 448b | 5c24 4444 | 3bdd 0f8d | 201e 0000 | 458b 4214 

  0x000078876d19e374: ; implicit exception: dispatches to 0x000078876d1a16c4
  0x000078876d19e374: 478b 5cc4 | 0c44 8b4c | 2444 453b | cb0f 8d51 | 1e00 0044 | 8b54 2444 | 41ff c244 | 8954 2440 
  0x000078876d19e394: 453b cb0f | 83d0 1b00 | 004f 8d14 | c447 8b44 | 8a10 478b | 5cc4 0841 | ba00 0000 | 194d 03d3 
  0x000078876d19e3b4: 4d8b 5240 

  0x000078876d19e3b8: ;   {metadata('net/minecraft/client/renderer/entity/state/EntityRenderState')}
  0x000078876d19e3b8: 49bb 5007 | 381c 0000 | 0000 4d3b | d30f 8579 | 1c00 004c | 8b54 2438 | 410f b66a | 584b 8d14 
  0x000078876d19e3d8: c485 ed0f | 85a7 1c00 | 0044 8962 | 60c5 fb10 | 4a30 c5fb | 1052 40c5 | f35c e0c5 | eb5c d5c5 
  0x000078876d19e3f8: fb10 4a38 | c5f3 5ccb | 4c8b 5424 | 2045 8b52 | 544c 8b5c | 2438 418b | 6b10 4585 | d20f 84f1 
  0x000078876d19e418: 1b00 00c5 | fb11 5c24 | 68c5 fb11 | 6c24 10c5 | fb11 0424 | 4b8d 34d4 | 488b cd48 | c1e1 03c5 
  0x000078876d19e438: f928 c44c | 8b44 2428 | 4c8b 8c24 | b000 0000 

  0x000078876d19e448: ;   {optimized virtual_call}
  0x000078876d19e448: 498b ebe8 

  0x000078876d19e44c: ; ImmutableOopMap {rbp=Oop [8]=Oop [24]=Oop [32]=Oop [40]=Oop [48]=NarrowOop [52]=NarrowOop [56]=Oop [76]=NarrowOop [80]=Oop [88]=NarrowOop [92]=NarrowOop [96]=Oop [176]=Oop [184]=Oop [192]=Oop [200]=Oop [208]=Oop }
                      ;*invokevirtual submit {reexecute=0 rethrow=0 return_oop=0}
                      ; - net.minecraft.client.renderer.LevelRenderer::submitEntities@112 (line 915)
                      ; - net.minecraft.client.renderer.LevelRenderer::lambda$addMainPass$0@257 (line 699)
  0x000078876d19e44c: c05e 61ff 

  0x000078876d19e450: ;   {post_call_nop}
  0x000078876d19e450: 0f1f 8400 | c812 000f 

  0x000078876d19e458: ; ImmutableOopMap {rbp=Oop [8]=Oop [24]=Oop [32]=Oop [40]=Oop [48]=NarrowOop [52]=NarrowOop [56]=Oop [76]=NarrowOop [80]=Oop [88]=NarrowOop [92]=NarrowOop [96]=Oop [176]=Oop [184]=Oop [192]=Oop [200]=Oop [208]=Oop }
                      ;*goto {reexecute=1 rethrow=0 return_oop=0}
                      ; - (reexecute) net.minecraft.client.renderer.LevelRenderer::submitEntities@115 (line 916)
                      ; - net.minecraft.client.renderer.LevelRenderer::lambda$addMainPass$0@257 (line 699)
  0x000078876d19e458: 4d8b 5730 

  0x000078876d19e45c: ;   {poll}
  0x000078876d19e45c: 4185 024c | 8b54 2460 | 458b 5a10 | 448b 4424 | 4045 3bc3 | 0f85 bafe | ffff 488b | 6c24 2044 
  0x000078876d19e47c: 8b8d ac00 | 0000 eb14 | 4889 5c24 | 3848 894c | 2428 4489 | 5c24 4c44 | 8944 245c | 4d8b c149 
  0x000078876d19e49c: c1e0 0348 | 8bf5 488b | 5424 2848 | 8b4c 2438 

  0x000078876d19e4ac: ;   {optimized virtual_call}
  0x000078876d19e4ac: 6666 90e8 

  0x000078876d19e4b0: ; ImmutableOopMap {rbp=Oop [8]=Oop [24]=Oop [40]=Oop [48]=NarrowOop [52]=NarrowOop [56]=Oop [76]=NarrowOop [80]=Oop [92]=NarrowOop [184]=Oop [192]=Oop [200]=Oop [208]=Oop }
                      ;*invokevirtual submitBlockEntities {reexecute=0 rethrow=0 return_oop=0}
                      ; - net.minecraft.client.renderer.LevelRenderer::lambda$addMainPass$0@268 (line 700)
  0x000078876d19e4b0: 5c1a 3300 

  0x000078876d19e4b4: ;   {post_call_nop}
  0x000078876d19e4b4: 0f1f 8400 | 2c13 0011 | 4c8b 5424 | 3845 8b5a | 304c 8bc5 | 448b 8dac | 0000 0041 | 8b6a 1045 
  0x000078876d19e4d4: 85db 0f84 | a820 0000 | 4c89 0424 | 4b8d 34dc | 498b d148 | c1e2 0348 | 8bcd 48c1 

  0x000078876d19e4f0: ;   {optimized virtual_call}
  0x000078876d19e4f0: e103 90e8 

  0x000078876d19e4f4: ; ImmutableOopMap {[0]=Oop [8]=Oop [24]=Oop [40]=Oop [48]=NarrowOop [52]=NarrowOop [56]=Oop [76]=NarrowOop [80]=Oop [92]=NarrowOop [184]=Oop [192]=Oop [200]=Oop [208]=Oop }
                      ;*invokevirtual submit {reexecute=0 rethrow=0 return_oop=0}
                      ; - net.minecraft.client.renderer.LevelRenderer::lambda$addMainPass$0@283 (line 701)
  0x000078876d19e4f4: 987f 2eff 

  0x000078876d19e4f8: ;   {post_call_nop}
  0x000078876d19e4f8: 0f1f 8400 | 7013 0012 | 488b 7c24 | 3844 8b57 | 1047 8b5c | d424 c481 | 7b10 44dc | 108b 5f20 
  0x000078876d19e518: ; implicit exception: dispatches to 0x000078876d1a1a1c
  0x000078876d19e518: 458b 54dc | 08c4 817b | 104c dc20 | 4c8b 0c24 | 458b 81ac | 0000 00c4 | 817b 1054 

  0x000078876d19e534: ;   {metadata('java/util/ArrayList')}
  0x000078876d19e534: dc18 4181 | fac8 5243 | 000f 8535 | 2100 0049 | 8d0c dc44 | 8b51 1045 | 85d2 0f85 | b427 0000 
  0x000078876d19e554: 498b 97c8 | 0100 004c | 8bd2 4983 | c220 4d3b | 97d8 0100 | 000f 839b | 1700 004d | 8997 c801 
  0x000078876d19e574: 0000 410f | 1882 0001 | 0000 48c7 | 0201 0000 

  0x000078876d19e584: ;   {metadata('net/neoforged/neoforge/client/event/SubmitCustomGeometryEvent')}
  0x000078876d19e584: 00c7 4208 | f884 3303 | 4489 620c | 4489 6218 | 4c89 8c24 | b000 0000 | 4489 0424 | 4c8b df49 
  0x000078876d19e5a4: c1eb 0348 | 897c 2410 | 4489 5a10 | 4489 5c24 | 0444 8b14 | 2444 8952 | 144c 8b54 | 2428 4d8b 
  0x000078876d19e5c4: da49 c1eb | 034c 8b94 | 24b0 0000 | 0045 8b82 | 8000 0000 | 4489 421c | 4489 5a18 

  0x000078876d19e5e0: ;   {oop(a 'net/neoforged/bus/EventBus'{0x0000000623b2c278})}
  0x000078876d19e5e0: 48be 78c2 | b223 0600 

  0x000078876d19e5e8: ;   {optimized virtual_call}
  0x000078876d19e5e8: 0000 90e8 

  0x000078876d19e5ec: ; ImmutableOopMap {[4]=NarrowOop [8]=Oop [16]=Oop [24]=Oop [40]=Oop [48]=NarrowOop [52]=NarrowOop [76]=NarrowOop [80]=Oop [92]=NarrowOop [176]=Oop [184]=Oop [192]=Oop [200]=Oop [208]=Oop }
                      ;*invokeinterface post {reexecute=0 rethrow=0 return_oop=1}
                      ; - net.minecraft.client.renderer.LevelRenderer::lambda$addMainPass$0@327 (line 704)
  0x000078876d19e5ec: a016 b5ff 

  0x000078876d19e5f0: ;   {post_call_nop}
  0x000078876d19e5f0: 0f1f 8400 | 6814 0013 | 4c8b 9c24 | b000 0000 | 458b 93b0 | 0000 0045 | 85d2 0f84 | 901f 0000 
  0x000078876d19e610: 4b8d 34d4 

  0x000078876d19e614: ;   {optimized virtual_call}
  0x000078876d19e614: 6666 90e8 

  0x000078876d19e618: ; ImmutableOopMap {[4]=NarrowOop [8]=Oop [16]=Oop [24]=Oop [40]=Oop [48]=NarrowOop [52]=NarrowOop [76]=NarrowOop [80]=Oop [92]=NarrowOop [176]=Oop [184]=Oop [192]=Oop [200]=Oop [208]=Oop }
                      ;*invokevirtual renderSolidFeatures {reexecute=0 rethrow=0 return_oop=0}
                      ; - net.minecraft.client.renderer.LevelRenderer::lambda$addMainPass$0@346 (line 706)
  0x000078876d19e618: 743d 25ff 

  0x000078876d19e61c: ;   {post_call_nop}
  0x000078876d19e61c: 0f1f 8400 | 9414 0014 | 448b 5c24 | 4c45 85db | 0f84 821f | 0000 4889 | 4424 f88b | 4424 4c89 
  0x000078876d19e63c: 4424 2048 | 8b44 24f8 | 4f8d 14dc | 4c89 5424 | 3849 8bf2 

  0x000078876d19e650: ;   {optimized virtual_call}
  0x000078876d19e650: 6666 90e8 

  0x000078876d19e654: ; ImmutableOopMap {[4]=NarrowOop [8]=Oop [16]=Oop [24]=Oop [32]=NarrowOop [40]=Oop [48]=NarrowOop [52]=NarrowOop [56]=Oop [76]=NarrowOop [80]=Oop [92]=NarrowOop [176]=Oop [184]=Oop [192]=Oop [200]=Oop [208]=Oop }
                      ;*invokevirtual endBatch {reexecute=0 rethrow=0 return_oop=0}
                      ; - net.minecraft.client.renderer.LevelRenderer::lambda$addMainPass$0@351 (line 707)
  0x000078876d19e654: 3803 d7ff 

  0x000078876d19e658: ;   {post_call_nop}
  0x000078876d19e658: 0f1f 8400 | d014 0015 | 498b 97c8 | 0100 004c | 8bd2 4983 | c228 4d3b | 97d8 0100 | 000f 83c4 
  0x000078876d19e678: 1600 004d | 8997 c801 | 0000 410f | 1882 0001 | 0000 48c7 | 0201 0000 

  0x000078876d19e690: ;   {metadata('net/neoforged/neoforge/client/event/RenderLevelStageEvent$AfterOpaqueFeatures')}
  0x000078876d19e690: 00c7 4208 | 781e 0b03 | 4489 620c | 4489 6218 | 4489 6224 | 448b 5424 | 3044 8952 | 1044 8b5c 
  0x000078876d19e6b0: 2404 4489 | 5a14 448b | 5424 3444 | 8952 1c4c | 8b94 24b0 | 0000 0045 | 8b9a 8000 | 0000 4489 
  0x000078876d19e6d0: 5a20 4c8b | 4c24 284c | 8d5a 184d | 8bc1 49c1 | e803 4589 

  0x000078876d19e6e4: ;   {oop(a 'net/neoforged/bus/EventBus'{0x0000000623b2c278})}
  0x000078876d19e6e4: 0348 be78 | c2b2 2306 

  0x000078876d19e6ec: ;   {optimized virtual_call}
  0x000078876d19e6ec: 0000 00e8 

  0x000078876d19e6f0: ; ImmutableOopMap {[4]=NarrowOop [8]=Oop [16]=Oop [24]=Oop [32]=NarrowOop [40]=Oop [48]=NarrowOop [52]=NarrowOop [56]=Oop [76]=NarrowOop [80]=Oop [92]=NarrowOop [176]=Oop [184]=Oop [192]=Oop [200]=Oop [208]=Oop }
                      ;*invokeinterface post {reexecute=0 rethrow=0 return_oop=1}
                      ; - net.minecraft.client.renderer.LevelRenderer::lambda$addMainPass$0@383 (line 709)
  0x000078876d19e6f0: 9c15 b5ff 

  0x000078876d19e6f4: ;   {post_call_nop}
  0x000078876d19e6f4: 0f1f 8400 | 6c15 0016 | 4c8b 4c24 | 2841 8b69 | 0c85 ed0f | 8577 2300 | 004c 8b94 | 24b8 0000 
  0x000078876d19e714: 004d 85d2 | 0f85 6226 | 0000 4c8b | 8424 c800 | 0000 4d85 | c00f 859d | 2600 004c | 8b84 24d0 
  0x000078876d19e734: 0000 004d | 85c0 0f85 | d426 0000 | 488b ac24 | b000 0000 | 448b 9db0 | 0000 0045 | 85db 0f84 
  0x000078876d19e754: 701e 0000 | 48ff 7424 | 2848 8f84 | 24d0 0000 | 004b 8d34 

  0x000078876d19e768: ;   {optimized virtual_call}
  0x000078876d19e768: dc66 90e8 

  0x000078876d19e76c: ; ImmutableOopMap {rbp=Oop [4]=NarrowOop [8]=Oop [16]=Oop [24]=Oop [32]=NarrowOop [40]=Oop [48]=NarrowOop [52]=NarrowOop [56]=Oop [76]=NarrowOop [80]=Oop [92]=NarrowOop [176]=Oop [208]=Oop }
                      ;*invokevirtual renderTranslucentFeatures {reexecute=0 rethrow=0 return_oop=0}
                      ; - net.minecraft.client.renderer.LevelRenderer::lambda$addMainPass$0@498 (line 725)
  0x000078876d19e76c: 406f 6fff 

  0x000078876d19e770: ;   {post_call_nop}
  0x000078876d19e770: 0f1f 8400 | e815 0017 | 488b 7424 

  0x000078876d19e77c: ;   {optimized virtual_call}
  0x000078876d19e77c: 3866 90e8 

  0x000078876d19e780: ; ImmutableOopMap {rbp=Oop [4]=NarrowOop [8]=Oop [16]=Oop [24]=Oop [32]=NarrowOop [40]=Oop [48]=NarrowOop [52]=NarrowOop [56]=Oop [76]=NarrowOop [80]=Oop [92]=NarrowOop [176]=Oop [208]=Oop }
                      ;*invokevirtual endBatch {reexecute=0 rethrow=0 return_oop=0}
                      ; - net.minecraft.client.renderer.LevelRenderer::lambda$addMainPass$0@503 (line 726)
  0x000078876d19e780: 0c02 d7ff 

  0x000078876d19e784: ;   {post_call_nop}
  0x000078876d19e784: 0f1f 8400 | fc15 0018 | 448b 5c24 | 5c45 85db | 0f84 421e | 0000 4b8d 

  0x000078876d19e79c: ;   {optimized virtual_call}
  0x000078876d19e79c: 34dc 90e8 

  0x000078876d19e7a0: ; ImmutableOopMap {rbp=Oop [4]=NarrowOop [8]=Oop [16]=Oop [24]=Oop [32]=NarrowOop [40]=Oop [48]=NarrowOop [52]=NarrowOop [56]=Oop [76]=NarrowOop [80]=Oop [176]=Oop [208]=Oop }
                      ;*invokevirtual endBatch {reexecute=0 rethrow=0 return_oop=0}
                      ; - net.minecraft.client.renderer.LevelRenderer::lambda$addMainPass$0@508 (line 727)
  0x000078876d19e7a0: ec01 d7ff 

  0x000078876d19e7a4: ;   {post_call_nop}
  0x000078876d19e7a4: 0f1f 8400 | 1c16 0019 | 498b 97c8 | 0100 004c | 8bd2 4983 | c228 4d3b | 97d8 0100 | 000f 8399 
  0x000078876d19e7c4: 1500 004d | 8997 c801 | 0000 410f | 1882 0001 | 0000 48c7 | 0201 0000 

  0x000078876d19e7dc: ;   {metadata('net/neoforged/neoforge/client/event/RenderLevelStageEvent$AfterTranslucentFeatures')}
  0x000078876d19e7dc: 00c7 4208 | 4887 3303 | 4489 620c | 4489 6218 | 4489 6224 | 448b 5424 | 3044 8952 | 1044 8b5c 
  0x000078876d19e7fc: 2404 4489 | 5a14 448b | 5424 3444 | 8952 1c44 | 8b95 8000 | 0000 4489 | 5220 4c8b | 8c24 d000 
  0x000078876d19e81c: 0000 4c8d | 5218 4d8b | d949 c1eb | 0345 891a 

  0x000078876d19e82c: ;   {oop(a 'net/neoforged/bus/EventBus'{0x0000000623b2c278})}
  0x000078876d19e82c: 48be 78c2 | b223 0600 

  0x000078876d19e834: ;   {optimized virtual_call}
  0x000078876d19e834: 0000 90e8 

  0x000078876d19e838: ; ImmutableOopMap {rbp=Oop [4]=NarrowOop [8]=Oop [16]=Oop [24]=Oop [32]=NarrowOop [48]=NarrowOop [52]=NarrowOop [56]=Oop [76]=NarrowOop [80]=Oop [208]=Oop }
                      ;*invokeinterface post {reexecute=0 rethrow=0 return_oop=1}
                      ; - net.minecraft.client.renderer.LevelRenderer::lambda$addMainPass$0@540 (line 729)
  0x000078876d19e838: 5414 b5ff 

  0x000078876d19e83c: ;   {post_call_nop}
  0x000078876d19e83c: 0f1f 8400 | b416 001a | 448b 555c 

  0x000078876d19e848: ; implicit exception: dispatches to 0x000078876d1a1a30
  0x000078876d19e848: 478b 5cd4 | 1c47 8b54 | dc10 4585 | d20f 8495 | 1d00 0048 | 89ac 24b0 | 0000 004b 

  0x000078876d19e864: ;   {optimized virtual_call}
  0x000078876d19e864: 8d34 d4e8 

  0x000078876d19e868: ; ImmutableOopMap {rbp=Oop [4]=NarrowOop [8]=Oop [16]=Oop [24]=Oop [32]=NarrowOop [48]=NarrowOop [52]=NarrowOop [56]=Oop [76]=NarrowOop [80]=Oop [176]=Oop [208]=Oop }
                      ;*invokevirtual endBatch {reexecute=0 rethrow=0 return_oop=0}
                      ; - net.minecraft.client.renderer.OutlineBufferSource::endOutlineBatch@4 (line 36)
                      ; - net.minecraft.client.renderer.LevelRenderer::lambda$addMainPass$0@559 (line 731)
  0x000078876d19e868: 2401 d7ff 

  0x000078876d19e86c: ;   {post_call_nop}
  0x000078876d19e86c: 0f1f 8400 | e416 001b | 8b9c 24d8 | 0000 0085 | db0f 84d9 | 2500 0048 | 8b4c 2410 | 448b 511c 
  0x000078876d19e88c: 4585 d20f | 85dd 0700 | 0089 9c24 | d800 0000 | 488b e948 | 8b74 2438 

  0x000078876d19e8a4: ;   {optimized virtual_call}
  0x000078876d19e8a4: 6666 90e8 

  0x000078876d19e8a8: ; ImmutableOopMap {rbp=Oop [4]=NarrowOop [8]=Oop [24]=Oop [32]=NarrowOop [48]=NarrowOop [52]=NarrowOop [56]=Oop [80]=Oop [176]=Oop [208]=Oop }
                      ;*invokevirtual endBatch {reexecute=0 rethrow=0 return_oop=0}
                      ; - net.minecraft.client.renderer.LevelRenderer::lambda$addMainPass$0@579 (line 734)
  0x000078876d19e8a8: e400 d7ff 

  0x000078876d19e8ac: ;   {post_call_nop}
  0x000078876d19e8ac: 0f1f 8400 | 2417 001c | 488b b424 | b000 0000 

  0x000078876d19e8bc: ;   {optimized virtual_call}
  0x000078876d19e8bc: 6666 90e8 

  0x000078876d19e8c0: ; ImmutableOopMap {rbp=Oop [4]=NarrowOop [8]=Oop [24]=Oop [32]=NarrowOop [48]=NarrowOop [52]=NarrowOop [56]=Oop [80]=Oop [176]=Oop [208]=Oop }
                      ;*invokevirtual finalizeGizmoCollection {reexecute=0 rethrow=0 return_oop=0}
                      ; - net.minecraft.client.renderer.LevelRenderer::lambda$addMainPass$0@583 (line 737)
  0x000078876d19e8c0: ecf0 1d00 

  0x000078876d19e8c4: ;   {post_call_nop}
  0x000078876d19e8c4: 0f1f 8400 | 3c17 001d | 4c8b 8424 | b000 0000 | 458b 90bc | 0000 0047 | 8b5c d40c | 4c8b d541 
  0x000078876d19e8e4: 8b6a 1045 | 85db 0f84 | 141d 0000 | 4c89 9424 | b800 0000 | 4b8d 34dc | 4c8b c549 | c1e0 0348 
  0x000078876d19e904: 8b94 24d0 | 0000 0048 | 8b4c 2438 | 4c8b 4c24 

  0x000078876d19e914: ;   {optimized virtual_call}
  0x000078876d19e914: 1866 90e8 

  0x000078876d19e918: ; ImmutableOopMap {[4]=NarrowOop [8]=Oop [24]=Oop [32]=NarrowOop [48]=NarrowOop [52]=NarrowOop [56]=Oop [80]=Oop [176]=Oop [184]=Oop [208]=Oop }
                      ;*invokevirtual render {reexecute=0 rethrow=0 return_oop=0}
                      ; - net.minecraft.client.renderer.LevelRenderer::lambda$addMainPass$0@603 (line 738)
  0x000078876d19e918: 7414 e7ff 

  0x000078876d19e91c: ;   {post_call_nop}
  0x000078876d19e91c: 0f1f 8400 | 9417 001e | 488b 7424 

  0x000078876d19e928: ;   {optimized virtual_call}
  0x000078876d19e928: 3866 90e8 

  0x000078876d19e92c: ; ImmutableOopMap {[4]=NarrowOop [8]=Oop [24]=Oop [32]=NarrowOop [48]=NarrowOop [52]=NarrowOop [56]=Oop [80]=Oop [176]=Oop [184]=Oop [208]=Oop }
                      ;*invokevirtual endBatch {reexecute=0 rethrow=0 return_oop=0}
                      ; - net.minecraft.client.renderer.LevelRenderer::lambda$addMainPass$0@608 (line 739)
  0x000078876d19e92c: 6000 d7ff 

  0x000078876d19e930: ;   {post_call_nop}
  0x000078876d19e930: 0f1f 8400 | a817 001f | 4c8b 9424 | d000 0000 | 418b 6a0c | 85ed 0f85 | 6821 0000 | 4c8b 9424 
  0x000078876d19e950: b000 0000 | 458b 92b4 

  0x000078876d19e958: ;   {oop(a 'net/minecraft/client/renderer/chunk/ChunkSectionLayerGroup'{0x00000007fc6f66e0})}
  0x000078876d19e958: 0000 0048 | bae0 666f | fc07 0000 | 0049 8bca | 48c1 e103 | 488b 7424 

  0x000078876d19e970: ;   {optimized virtual_call}
  0x000078876d19e970: 5066 90e8 

  0x000078876d19e974: ; ImmutableOopMap {[4]=NarrowOop [8]=Oop [24]=Oop [32]=NarrowOop [48]=NarrowOop [52]=NarrowOop [56]=Oop [176]=Oop [184]=Oop [208]=Oop }
                      ;*invokevirtual renderGroup {reexecute=0 rethrow=0 return_oop=0}
                      ; - net.minecraft.client.renderer.LevelRenderer::lambda$addMainPass$0@635 (line 742)
  0x000078876d19e974: 18c3 d7ff 

  0x000078876d19e978: ;   {post_call_nop}
  0x000078876d19e978: 0f1f 8400 | f017 0020 | 498b 97c8 | 0100 004c | 8bd2 4983 | c228 4d3b | 97d8 0100 | 000f 83e5 
  0x000078876d19e998: 1300 004d | 8997 c801 | 0000 410f | 1882 0001 | 0000 48c7 | 0201 0000 

  0x000078876d19e9b0: ;   {metadata('net/neoforged/neoforge/client/event/RenderLevelStageEvent$AfterTranslucentBlocks')}
  0x000078876d19e9b0: 00c7 4208 | c089 3303 | 4489 620c | 4489 6218 | 4489 6224 | 448b 5424 | 3044 8952 | 1044 8b5c 
  0x000078876d19e9d0: 2404 4489 | 5a14 448b | 5424 3444 | 8952 1c4c | 8b94 24b0 | 0000 0045 | 8b92 8000 | 0000 4489 
  0x000078876d19e9f0: 5220 4c8b | 8c24 d000 | 0000 4c8d | 5a18 4d8b | c149 c1e8 | 0345 8903 

  0x000078876d19ea08: ;   {oop(a 'net/neoforged/bus/EventBus'{0x0000000623b2c278})}
  0x000078876d19ea08: 48be 78c2 | b223 0600 

  0x000078876d19ea10: ;   {optimized virtual_call}
  0x000078876d19ea10: 0000 90e8 

  0x000078876d19ea14: ; ImmutableOopMap {[4]=NarrowOop [8]=Oop [24]=Oop [32]=NarrowOop [48]=NarrowOop [52]=NarrowOop [56]=Oop [176]=Oop [184]=Oop [208]=Oop }
                      ;*invokeinterface post {reexecute=0 rethrow=0 return_oop=1}
                      ; - net.minecraft.client.renderer.LevelRenderer::lambda$addMainPass$0@667 (line 744)
  0x000078876d19ea14: 7812 b5ff 

  0x000078876d19ea18: ;   {post_call_nop}
  0x000078876d19ea18: 0f1f 8400 | 9018 0021 | 488b 9c24 | b800 0000 | 8b4b 1c85 | c90f 8590 | 0900 0048 | 899c 24b8 
  0x000078876d19ea38: 0000 0048 | 8b74 2438 

  0x000078876d19ea40: ;   {optimized virtual_call}
  0x000078876d19ea40: 6666 90e8 

  0x000078876d19ea44: ; ImmutableOopMap {[4]=NarrowOop [8]=Oop [24]=Oop [32]=NarrowOop [48]=NarrowOop [52]=NarrowOop [56]=Oop [176]=Oop [184]=Oop [208]=Oop }
                      ;*invokevirtual endBatch {reexecute=0 rethrow=0 return_oop=0}
                      ; - net.minecraft.client.renderer.LevelRenderer::lambda$addMainPass$0@690 (line 749)
  0x000078876d19ea44: 48ff d6ff 

  0x000078876d19ea48: ;   {post_call_nop}
  0x000078876d19ea48: 0f1f 8400 | c018 0022 | 4c8b 8424 | b000 0000 | 458b 88b0 | 0000 0047 | 8b5c cc0c 

  0x000078876d19ea64: ; implicit exception: dispatches to 0x000078876d1a1a80
  0x000078876d19ea64: 478b 54dc | 0c43 8b6c | d424 458b 

  0x000078876d19ea70: ;   {metadata('it/unimi/dsi/fastutil/ints/Int2ObjectAVLTreeMap$2')}
  0x000078876d19ea70: 5cec 0841 | 81fb 0000 | 4403 0f85 | 681c 0000 | 4d8d 14ec | 458b 520c 

  0x000078876d19ea88: ; implicit exception: dispatches to 0x000078876d1a1aa8
  0x000078876d19ea88: 438b 4cd4 | 1485 c90f | 84f4 f7ff | ff44 8914 | 244f 8d14 | cc4c 8994 | 24c8 0000 | 0044 898c 
  0x000078876d19eaa8: 24d8 0000 | 004c 8bd1 | 49c1 e203 | 4c89 5424 | 1089 8c24 | c000 0000 | 4533 c04d | 33d2 4489 
  0x000078876d19eac8: 4424 284c | 8b5c 2410 

  0x000078876d19ead0: ; implicit exception: dispatches to 0x000078876d1a1b48
  0x000078876d19ead0: 458b 5b18 | 4489 5c24 | 2444 8b5c | 2428 41ff | c344 895c | 2428 4c8b | 5424 1041 | bb00 0000 
  0x000078876d19eaf0: 8045 855a | 1c0f 8515 | f7ff ff44 | 8b54 2424 

  0x000078876d19eb00: ; implicit exception: dispatches to 0x000078876d1a1c04
  0x000078876d19eb00: 438b 6cd4 | 1c81 e500 | 0000 400f | 85ff f6ff | ffbe 45ff | ffff 4c8b | 5424 084c | 8994 24c0 
  0x000078876d19eb20: 0000 004c | 8b54 2418 | 4c89 9424 | c800 0000 | 448b 5c24 | 2044 895c | 2404 448b | 5424 2444 
  0x000078876d19eb40: 8954 2408 | 448b 5c24 | 2844 895c 

  0x000078876d19eb4c: ;   {runtime_call UncommonTrapBlob}
  0x000078876d19eb4c: 240c 90e8 

  0x000078876d19eb50: ; ImmutableOopMap {[0]=NarrowOop [4]=NarrowOop [8]=NarrowOop [16]=Oop [176]=Oop [184]=Oop [192]=Oop [200]=Oop [208]=Oop [216]=NarrowOop }
                      ;*ifne {reexecute=1 rethrow=0 return_oop=0}
                      ; - (reexecute) it.unimi.dsi.fastutil.ints.Int2ObjectAVLTreeMap$Entry::next@22 (line 823)
                      ; - it.unimi.dsi.fastutil.ints.Int2ObjectAVLTreeMap$TreeIterator::updateNext@5 (line 994)
                      ; - it.unimi.dsi.fastutil.ints.Int2ObjectAVLTreeMap$TreeIterator::nextEntry@39 (line 1001)
                      ; - it.unimi.dsi.fastutil.ints.Int2ObjectAVLTreeMap$ValueIterator::next@1 (line 1234)
                      ; - net.minecraft.client.renderer.feature.FeatureRenderDispatcher::renderTranslucentParticles@26 (line 94)
                      ; - net.minecraft.client.renderer.LevelRenderer::lambda$addMainPass$0@703 (line 751)
  0x000078876d19eb50: 8c2c 9efe 

  0x000078876d19eb54: ;   {post_call_nop}
  0x000078876d19eb54: 0f1f 8400 | cc19 0023 | 448b 500c | 4585 d20f | 8407 1a00 | 0043 8b6c | d420 413b | e90f 8565 
  0x000078876d19eb74: 1e00 004c | 8b54 2428 | 4589 620c | 448b 4424 | 2441 ffc0 | 4c8b 5424 | 1041 8b6a | 0c4d 8b57 
  0x000078876d19eb94: ; ImmutableOopMap {[4]=NarrowOop [8]=Oop [16]=Oop [24]=Oop [48]=NarrowOop [52]=NarrowOop [56]=NarrowOop [60]=NarrowOop [176]=Oop [184]=Oop [192]=Oop [200]=Oop [208]=Oop }
                      ;*goto {reexecute=1 rethrow=0 return_oop=0}
                      ; - (reexecute) java.util.ArrayList::forEach@54 (line 1603)
                      ; - net.minecraft.client.renderer.state.level.ParticlesRenderState::reset@9 (line 14)
                      ; - net.minecraft.client.renderer.LevelRenderer::lambda$addMainPass$0@722 (line 754)
                      ;   {poll}
  0x000078876d19eb94: 3041 8502 | 3bac 24d8 | 0000 000f | 847d 0100 | 00e9 021e | 0000 660f | 1f44 0000 | 448b 5c24 
  0x000078876d19ebb4: 1444 8b94 | 24d8 0000 | 0044 8954 | 2414 4c8b | 8424 c000 | 0000 458b | 5018 4489 | 9424 d800 
  0x000078876d19ebd4: 0000 448b | 1c24 41ff | c341 ba00 | 0000 8045 | 8550 1c75 | 5f44 891c | 2444 8b9c | 24d8 0000 
  0x000078876d19ebf4: 0043 8b6c | dc1c 81e5 | 0000 0040 | 754a be45 | ffff ff4c | 8b94 24c8 | 0000 004c | 8994 24b0 
  0x000078876d19ec14: 0000 004c | 8b54 2408 | 4c89 9424 | c000 0000 | 4c8b 5424 | 184c 8994 | 24c8 0000 | 004c 8944 
  0x000078876d19ec34: 2418 4c89 

  0x000078876d19ec38: ;   {runtime_call UncommonTrapBlob}
  0x000078876d19ec38: 4424 20e8 

  0x000078876d19ec3c: ; ImmutableOopMap {[16]=NarrowOop [24]=Oop [32]=Oop [176]=Oop [184]=Oop [192]=Oop [200]=Oop [208]=Oop [216]=NarrowOop }
                      ;*ifne {reexecute=1 rethrow=0 return_oop=0}
                      ; - (reexecute) it.unimi.dsi.fastutil.ints.Int2ObjectAVLTreeMap$Entry::next@22 (line 823)
                      ; - it.unimi.dsi.fastutil.ints.Int2ObjectAVLTreeMap$TreeIterator::updateNext@5 (line 994)
                      ; - it.unimi.dsi.fastutil.ints.Int2ObjectAVLTreeMap$TreeIterator::nextEntry@39 (line 1001)
                      ; - it.unimi.dsi.fastutil.ints.Int2ObjectAVLTreeMap$ValueIterator::next@1 (line 1234)
                      ; - java.lang.Iterable::forEach@22 (line 74)
                      ; - net.minecraft.client.renderer.SubmitNodeStorage::clear@12 (line 168)
                      ; - net.minecraft.client.renderer.feature.FeatureRenderDispatcher::clearSubmitNodes@4 (line 100)
                      ; - net.minecraft.client.renderer.LevelRenderer::lambda$addMainPass$0@715 (line 753)
  0x000078876d19ec3c: a02b 9efe 

  0x000078876d19ec40: ;   {post_call_nop}
  0x000078876d19ec40: 0f1f 8400 | b81a 0025 | 4489 1c24 | 4c89 8424 | b000 0000 | 458b 5010 | 448b 9c24 | d800 0000 
  0x000078876d19ec60: 49c1 e303 | 4c89 9c24 | c000 0000 | 498b d248 

  0x000078876d19ec70: ;   {oop(a 'net/minecraft/client/renderer/SubmitNodeStorage$$Lambda+0x000000001c9c3680'{0x0000000631a7fd20})}
  0x000078876d19ec70: c1e2 0348 | be20 fda7 | 3106 0000 | 008b 6c24 

  0x000078876d19ec80: ;   {optimized virtual_call}
  0x000078876d19ec80: 1066 90e8 

  0x000078876d19ec84: ; ImmutableOopMap {rbp=NarrowOop [4]=NarrowOop [8]=Oop [16]=NarrowOop [20]=NarrowOop [24]=Oop [48]=NarrowOop [52]=NarrowOop [176]=Oop [184]=Oop [192]=Oop [200]=Oop [208]=Oop [216]=NarrowOop }
                      ;*invokeinterface accept {reexecute=0 rethrow=0 return_oop=0}
                      ; - java.lang.Iterable::forEach@30 (line 75)
                      ; - net.minecraft.client.renderer.SubmitNodeStorage::clear@12 (line 168)
                      ; - net.minecraft.client.renderer.feature.FeatureRenderDispatcher::clearSubmitNodes@4 (line 100)
                      ; - net.minecraft.client.renderer.LevelRenderer::lambda$addMainPass$0@715 (line 753)
  0x000078876d19ec84: 88b6 0a00 

  0x000078876d19ec88: ;   {post_call_nop}
  0x000078876d19ec88: 0f1f 8400 | 001b 0026 

  0x000078876d19ec90: ; ImmutableOopMap {rbp=NarrowOop [4]=NarrowOop [8]=Oop [16]=NarrowOop [20]=NarrowOop [24]=Oop [48]=NarrowOop [52]=NarrowOop [176]=Oop [184]=Oop [192]=Oop [200]=Oop [208]=Oop [216]=NarrowOop }
                      ;*goto {reexecute=1 rethrow=0 return_oop=0}
                      ; - (reexecute) java.lang.Iterable::forEach@35 (line 76)
                      ; - net.minecraft.client.renderer.SubmitNodeStorage::clear@12 (line 168)
                      ; - net.minecraft.client.renderer.feature.FeatureRenderDispatcher::clearSubmitNodes@4 (line 100)
                      ; - net.minecraft.client.renderer.LevelRenderer::lambda$addMainPass$0@715 (line 753)
  0x000078876d19ec90: 4d8b 5730 

  0x000078876d19ec94: ;   {poll}
  0x000078876d19ec94: 4185 0244 | 8b9c 24d8 | 0000 0045 | 85db 0f85 | 08ff ffff | 4c8b 8c24 | c800 0000 | 4c8b 8424 
  0x000078876d19ecb4: b800 0000 | 458b 5830 

  0x000078876d19ecbc: ; implicit exception: dispatches to 0x000078876d1a1b0c
  0x000078876d19ecbc: 438b 6cdc | 0c45 8b54 

  0x000078876d19ecc4: ;   {metadata('java/util/ArrayList')}
  0x000078876d19ecc4: ec08 4181 | fac8 5243 | 000f 8549 | 1a00 004c | 898c 24c0 | 0000 004d | 8d14 ec45 | 8b4a 144f 
  0x000078876d19ece4: 8d04 cc4c | 8984 24b0 | 0000 0044 | 894c 243c | 458b 420c | 4489 8424 | d800 0000 | 458b 4a10 
  0x000078876d19ed04: 4489 4c24 | 204c 8954 | 2410 4f8d | 14dc 4c89 | 9424 c800 | 0000 4489 | 5c24 3845 | 33c0 443b 
  0x000078876d19ed24: 4424 200f | 8c02 0100 | 004c 8b54 | 2410 418b | 6a0c 3bac | 24d8 0000 | 000f 853d | 2100 0044 
  0x000078876d19ed44: 8b5c 2438 | 438b 6cdc | 0c45 8b54 

  0x000078876d19ed50: ;   {metadata('java/util/ArrayList')}
  0x000078876d19ed50: ec08 4181 | fac8 5243 | 000f 85e1 | 1900 004d | 8d14 ec45 | 8b42 1041 | ff42 0c45 | 8962 1045 
  0x000078876d19ed70: 85c0 0f8f | 7d02 0000 | 498b 97c8 | 0100 004c | 8bd2 4983 | c228 4d3b | 97d8 0100 | 000f 830d 
  0x000078876d19ed90: 1000 004d | 8997 c801 | 0000 410f | 1882 0001 | 0000 48c7 | 0201 0000 

  0x000078876d19eda8: ;   {metadata('net/neoforged/neoforge/client/event/RenderLevelStageEvent$AfterTranslucentParticles')}
  0x000078876d19eda8: 00c7 4208 | 388c 3303 | 4489 620c | 4489 6218 | 4c89 6220 | 448b 5c24 | 3044 895a | 1044 8b54 
  0x000078876d19edc8: 2404 4489 | 5214 448b | 5c24 3444 | 895a 1c4c | 8b94 24c0 | 0000 0045 | 8b92 8000 | 0000 488d 
  0x000078876d19ede8: 5a20 4489 | 134c 8b8c | 24d0 0000 | 004c 8d52 | 184d 8bd9 | 49c1 eb03 

  0x000078876d19ee00: ;   {oop(a 'net/neoforged/bus/EventBus'{0x0000000623b2c278})}
  0x000078876d19ee00: 4589 1a48 | be78 c2b2 | 2306 0000 

  0x000078876d19ee0c: ;   {optimized virtual_call}
  0x000078876d19ee0c: 0066 90e8 

  0x000078876d19ee10: ; ImmutableOopMap {[8]=Oop }
                      ;*invokeinterface post {reexecute=0 rethrow=0 return_oop=1}
                      ; - net.minecraft.client.renderer.LevelRenderer::lambda$addMainPass$0@754 (line 756)
  0x000078876d19ee10: 7c0e b5ff 

  0x000078876d19ee14: ;   {post_call_nop}
  0x000078876d19ee14: 0f1f 8400 | 8c1c 0028 | 4881 c4a0 | 0000 005d 

  0x000078876d19ee24: ;   {poll_return}
  0x000078876d19ee24: 493b 6728 | 0f87 8640 | 0000 c344 | 8b5c 243c 

  0x000078876d19ee34: ; implicit exception: dispatches to 0x000078876d1a18f0
  0x000078876d19ee34: 478b 5cdc | 0c45 3bc3 | 0f83 aa15 | 0000 4c8b | 9424 b000 | 0000 438b | 6c82 1045 | 8b54 ec08 
  0x000078876d19ee54: ;   {metadata('net/minecraft/client/renderer/state/level/QuadParticleRenderState')}
  0x000078876d19ee54: 4181 fa28 | 739d 030f | 85a3 2600 | 004d 8d14 | ec4c 8954 | 2428 418b | 6a10 458b 

  0x000078876d19ee70: ;   {metadata('java/util/HashMap')}
  0x000078876d19ee70: 5cec 0841 | 81fb 084d | 4000 0f85 | c815 0000 | 48c1 e503 | 448b 5d10 | 4585 db0f | 8595 0000 
  0x000078876d19ee90: 0049 8b87 | c801 0000 | 4c8b d049 | 83c2 104d | 3b97 d801 | 0000 0f83 | ca0f 0000 | 4d89 97c8 
  0x000078876d19eeb0: 0100 0041 | 0f18 8200 | 0100 0048 | c700 0100 

  0x000078876d19eec0: ;   {metadata('java/util/HashMap$Values')}
  0x000078876d19eec0: 0000 c740 | 0808 c757 | 0044 8960 | 0c44 8944 | 2424 4c8b | dd49 c1eb | 0344 8958 | 0c4c 8d5d 
  0x000078876d19eee0: 1041 807f | 4800 0f85 | 813a 0000 | 4c8b c049 | c1e8 0345 | 8903 4d8b | d34c 33d0 | 49c1 ea16 
  0x000078876d19ef00: 0f84 1e00 | 0000 4d8b | d349 c1ea | 0949 b800 | 0060 6087 | 7800 004d | 03d0 4180 | 3a02 0f85 
  0x000078876d19ef20: a83a 0000 | eb09 4b8d | 04dc 4489 | 4424 2444 

  0x000078876d19ef30: ;   {metadata('java/util/HashMap$Values')}
  0x000078876d19ef30: 8b50 0841 | 81fa 08c7 | 5700 0f85 | 5415 0000 | 448b 500c 

  0x000078876d19ef44: ; implicit exception: dispatches to 0x000078876d1a1968
  0x000078876d19ef44: 478b 44d4 | 1c45 85c0 | 0f8e 25fc | ffff 438b | 6cd4 1441 | 8b4c ec0c | 478b 4cd4 | 2085 c90f 
  0x000078876d19ef64: 8600 fcff | ff44 8d51 | ff44 3bd1 | 0f83 8615 | 0000 498d | 14ec 4533 | c0eb 134d | 8b57 3041 
  0x000078876d19ef84: ; ImmutableOopMap {rdx=Oop rax=Oop rbp=NarrowOop [4]=NarrowOop [8]=Oop [16]=Oop [24]=Oop [40]=Oop [48]=NarrowOop [52]=NarrowOop [56]=NarrowOop [60]=NarrowOop [176]=Oop [184]=Oop [192]=Oop [200]=Oop [208]=Oop }
                      ;*goto {reexecute=1 rethrow=0 return_oop=0}
                      ; - (reexecute) java.util.HashMap$Values::forEach@96 (line 1072)
                      ; - net.minecraft.client.renderer.state.level.QuadParticleRenderState::clear@14 (line 62)
                      ; - net.minecraft.client.renderer.state.level.ParticlesRenderState$$Lambda/0x000000001c9c3b30::accept@4
                      ; - java.util.ArrayList::forEach@46 (line 1604)
                      ; - net.minecraft.client.renderer.state.level.ParticlesRenderState::reset@9 (line 14)
                      ; - net.minecraft.client.renderer.LevelRenderer::lambda$addMainPass$0@722 (line 754)
                      ;   {poll}
  0x000078876d19ef84: ffc0 4185 | 0244 3bc1 | 0f8d cafb | ffff 468b | 5482 1045 | 85d2 74e3 | 4b8d 1cd4 | 8b7b 1445 
  0x000078876d19efa4: 8b5c fc08 

  0x000078876d19efa8: ;   {metadata('net/minecraft/client/renderer/state/level/QuadParticleRenderState$Storage')}
  0x000078876d19efa8: 4181 fb48 | 959d 030f | 858f 2500 | 004d 8d14 | fc45 8962 | 104d 8b57 | 3044 8b5b 

  0x000078876d19efc4: ; ImmutableOopMap {r11=NarrowOop rdx=Oop rax=Oop rbp=NarrowOop [4]=NarrowOop [8]=Oop [16]=Oop [24]=Oop [40]=Oop [48]=NarrowOop [52]=NarrowOop [56]=NarrowOop [60]=NarrowOop [176]=Oop [184]=Oop [192]=Oop [200]=Oop [208]=Oop }
                      ;*goto {reexecute=1 rethrow=0 return_oop=0}
                      ; - (reexecute) java.util.HashMap$Values::forEach@90 (line 1073)
                      ; - net.minecraft.client.renderer.state.level.QuadParticleRenderState::clear@14 (line 62)
                      ; - net.minecraft.client.renderer.state.level.ParticlesRenderState$$Lambda/0x000000001c9c3b30::accept@4
                      ; - java.util.ArrayList::forEach@46 (line 1604)
                      ; - net.minecraft.client.renderer.state.level.ParticlesRenderState::reset@9 (line 14)
                      ; - net.minecraft.client.renderer.LevelRenderer::lambda$addMainPass$0@722 (line 754)
                      ;   {poll}
  0x000078876d19efc4: 1841 8502 | 4585 db74 | b24b 8d1c 

  0x000078876d19efd0: ;   {metadata('com/mojang/blaze3d/framegraph/FrameGraphBuilder$InternalVirtualResource')}
  0x000078876d19efd0: dceb cd41 | 81f8 a0a9 | 5e03 0f85 | 141f 0000 | 418b 6b18 | 85ed 0f84 | 601f 0000 | 4d8d 0cec 
  0x000078876d19eff0: e918 eaff | ff41 8b6a | 1445 8b5c | ec0c 4585 | db0f 861d | 1f00 004d | 63db 4d63 | d049 ffca 
  0x000078876d19f010: 4d3b d30f | 830b 1f00 | 0049 8d14 | ecb9 e803 | 0000 33ff | 418b d82b | df45 33db | 443b c741 
  0x000078876d19f030: 0f4c db81 | fbe8 0300 | 000f 47d9 | 03df 458b | d048 33f6 | 4c8d 4cba | 1041 807f | 4800 0f85 
  0x000078876d19f050: d239 0000 | 4189 31ff | c73b fb7c | e44d 8b5f 

  0x000078876d19f060: ; ImmutableOopMap {rdx=Oop [4]=NarrowOop [8]=Oop [24]=Oop [48]=NarrowOop [52]=NarrowOop [184]=Oop [192]=Oop [208]=Oop }
                      ;*goto {reexecute=1 rethrow=0 return_oop=0}
                      ; - (reexecute) java.util.ArrayList::clear@39 (line 735)
                      ; - net.minecraft.client.renderer.state.level.ParticlesRenderState::reset@18 (line 15)
                      ; - net.minecraft.client.renderer.LevelRenderer::lambda$addMainPass$0@722 (line 754)
                      ;   {poll}
  0x000078876d19f060: 3041 8503 | 413b fa0f | 8d0b fdff | ff45 8bc2 | ebb2 438b | 6cd4 2445 | 8b44 ec08 

  0x000078876d19f07c: ;   {metadata('java/util/ArrayList')}
  0x000078876d19f07c: 4181 f8c8 | 5243 000f | 85f3 1e00 | 004d 8d0c | ec45 8b59 | 1045 85db | 0f85 461f | 0000 470f 
  0x000078876d19f09c: b65c d40c | 4585 db0f | 85ec f7ff | ff44 8b59 | 1043 8b7c | dc24 430f | b66c d40d | 85ed 0f85 
  0x000078876d19f0bc: bc1f 0000 | 897c 2410 | 4889 8c24 | b800 0000 | 4f8d 1cd4 | 4c89 9c24 | c000 0000 | 418b ea48 
  0x000078876d19f0dc: 8b74 2438 

  0x000078876d19f0e0: ;   {oop(a 'net/minecraft/client/renderer/rendertype/RenderType'{0x0000000624ebdd78})}
  0x000078876d19f0e0: 48ba 78dd | eb24 0600 

  0x000078876d19f0e8: ;   {optimized virtual_call}
  0x000078876d19f0e8: 0000 90e8 

  0x000078876d19f0ec: ; ImmutableOopMap {rbp=NarrowOop [4]=NarrowOop [8]=Oop [16]=NarrowOop [24]=Oop [32]=NarrowOop [48]=NarrowOop [52]=NarrowOop [56]=Oop [80]=Oop [176]=Oop [184]=Oop [192]=Oop [208]=Oop }
                      ;*invokevirtual getBuffer {reexecute=0 rethrow=0 return_oop=1}
                      ; - net.minecraft.client.renderer.LevelRenderer::renderBlockOutline@147 (line 1081)
                      ; - net.minecraft.client.renderer.LevelRenderer::lambda$addMainPass$0@574 (line 733)
  0x000078876d19f0ec: 208c d3ff 

  0x000078876d19f0f0: ;   {post_call_nop}
  0x000078876d19f0f0: 0f1f 8400 | 681f 002c | 448b d543 | 0fb6 6cd4 | 0d85 ed0f | 85b3 1f00 | 008b 4c24 | 10c4 c17b 
  0x000078876d19f110: 1044 cc10 | 4c8b 8c24 | b000 0000 | 458b 5150 

  0x000078876d19f120: ; implicit exception: dispatches to 0x000078876d1a1d4c
  0x000078876d19f120: 478b 84d4 | cc00 0000 

  0x000078876d19f128: ; implicit exception: dispatches to 0x000078876d1a1d60
  0x000078876d19f128: 478b 54c4 | 2c47 8b44 | d420 c481 | 7a10 5cc4 | 18c4 c17b | 1054 cc20 | c4c1 7b10 | 4ccc 1848 
  0x000078876d19f148: 8bb4 24b0 | 0000 0048 | 8b94 24d0 | 0000 0048 | 8bc8 4c8b | 8424 c000 | 0000 41b9 | 0000 0066 
  0x000078876d19f168: ;   {optimized virtual_call}
  0x000078876d19f168: 6666 90e8 

  0x000078876d19f16c: ; ImmutableOopMap {[4]=NarrowOop [8]=Oop [24]=Oop [32]=NarrowOop [48]=NarrowOop [52]=NarrowOop [56]=Oop [80]=Oop [176]=Oop [184]=Oop [208]=Oop }
                      ;*invokevirtual renderHitOutline {reexecute=0 rethrow=0 return_oop=0}
                      ; - net.minecraft.client.renderer.LevelRenderer::renderBlockOutline@212 (line 1083)
                      ; - net.minecraft.client.renderer.LevelRenderer::lambda$addMainPass$0@574 (line 733)
  0x000078876d19f16c: a0dc 4300 

  0x000078876d19f170: ;   {post_call_nop}
  0x000078876d19f170: 0f1f 8400 | e81f 002d | 448b 5424 | 2047 8b44 | d418 4585 | c00f 841f | 0200 0043 | 8b6c d414 
  0x000078876d19f190: ; implicit exception: dispatches to 0x000078876d1a1e14
  0x000078876d19f190: 458b 5cec 

  0x000078876d19f194: ;   {metadata('java/util/HashMap')}
  0x000078876d19f194: 0841 81fb | 084d 4000 | 0f85 ca1f | 0000 498d | 0cec 4b8d | 1cc4 4c8b | 1b4d 8bcb | 4983 e103 
  0x000078876d19f1b4: 4983 f902 | 0f84 200d | 0000 49c1 | eb0b 418b | c325 ffff | ff7f 0f84 | 0e0d 0000 | 448b 5914 
  0x000078876d19f1d4: 4585 db0f | 84b7 0100 | 0044 895c | 2414 488b | eb48 894c | 2420 4489 | 4424 1044 | 8914 2447 
  0x000078876d19f1f4: 8b5c dc0c | 458b d345 | 85db 0f86 | f420 0000 | 41ff ca45 | 8bda 448b | 4424 144f | 8d14 c44c 
  0x000078876d19f214: 8994 24c0 | 0000 0044 | 8bd0 41c1 | ea10 458b | c244 33c0 | 4489 4424 | 2845 8bd3 | 4523 d044 
  0x000078876d19f234: 8954 242c | 4c8b 9424 | c000 0000 | 448b 4424 | 2c47 8b54 | 8210 458b | ca45 85d2 | 7509 448b 
  0x000078876d19f254: 1424 e939 | 0100 0047 | 8b54 d40c | 4f8d 1ccc | 4c89 5c24 | 4044 3b54 | 2428 0f85 | 4505 0000 
  0x000078876d19f274: 478b 54cc | 1044 8b44 | 2410 453b | d00f 8529 | 0500 0044 | 8b51 1c44 | 8b41 204c | 8b4c 2440 
  0x000078876d19f294: ;   {other}
  0x000078876d19f294: 4c8b 5c24 | 4045 8b5b 

  0x000078876d19f29c: ;   {metadata('java/util/HashMap$TreeNode')}
  0x000078876d19f29c: 0841 81fb | 00b0 5700 | 0f84 221f | 0000 4c8b | 5c24 4041 | 8b6b 184d | 3bd9 0f85 | 1306 0000 
  0x000078876d19f2bc: 448b 4c24 | 1447 8b4c 

  0x000078876d19f2c4: ;   {metadata('java/util/HashMap$Node'[])}
  0x000078876d19f2c4: cc08 4181 | f920 a857 | 000f 85c5 | 1f00 0048 | 8b9c 24c0 | 0000 008b | 7c24 2c4c | 8d4c bb10 
  0x000078876d19f2e4: 4180 7f48 | 000f 85be | 3700 0041 | 8929 8bcd | 48c1 e103 | 4d8b d94c | 33d9 49c1 | eb16 0f84 
  0x000078876d19f304: 2800 0000 | 4883 f900 | 0f84 1e00 | 0000 4d8b | d949 c1eb | 0948 b900 | 0060 6087 | 7800 004c 
  0x000078876d19f324: 03d9 4180 | 3b02 0f85 | e837 0000 | 4c8b 5c24 | 4041 8b6b | 1441 ffca | 4c8b 5c24 | 2045 8953 
  0x000078876d19f344: 1c41 ffc0 | 4589 4320 | 85ed 0f84 | 080d 0000 | 458b 5cec 

  0x000078876d19f358: ;   {metadata('com/mojang/blaze3d/vertex/BufferBuilder')}
  0x000078876d19f358: 0841 81fb | 105f 3303 | 0f85 9622 | 0000 448b | 5c24 1049 | 8bd3 48c1 | e203 498d | 0cec 488b 
  0x000078876d19f378: 7424 384c | 8bd6 4c89 

  0x000078876d19f380: ;   {optimized virtual_call}
  0x000078876d19f380: 5424 28e8 

  0x000078876d19f384: ; ImmutableOopMap {[0]=NarrowOop [4]=NarrowOop [8]=Oop [24]=Oop [40]=Oop [48]=NarrowOop [52]=NarrowOop [56]=Oop [80]=Oop [176]=Oop [184]=Oop [208]=Oop }
                      ;*invokevirtual endBatch {reexecute=0 rethrow=0 return_oop=0}
                      ; - net.minecraft.client.renderer.MultiBufferSource$BufferSource::endBatch@21 (line 87)
                      ; - net.minecraft.client.renderer.MultiBufferSource$BufferSource::endLastBatch@12 (line 71)
                      ; - net.minecraft.client.renderer.LevelRenderer::renderBlockOutline@216 (line 1093)
                      ; - net.minecraft.client.renderer.LevelRenderer::lambda$addMainPass$0@574 (line 733)
  0x000078876d19f384: 88e1 2500 

  0x000078876d19f388: ;   {post_call_nop}
  0x000078876d19f388: 0f1f 8400 | 0022 002e | 448b 1424 | 4833 c94f | 8d5c d418 | 4180 7f48 | 000f 85d3 | 3700 0041 
  0x000078876d19f3a8: 890b 488b | 8c24 b800 | 0000 8b9c | 24d8 0000 | 0044 8954 | 2420 e9d2 | f4ff ff41 | 8b6c cc24 
  0x000078876d19f3c8: ; implicit exception: dispatches to 0x000078876d1a1d10
  0x000078876d19f3c8: 458b 5cec 

  0x000078876d19f3cc: ;   {metadata('java/util/ArrayList')}
  0x000078876d19f3cc: 0841 81fb | c852 4300 | 0f85 d61b | 0000 4d8d | 0cec 458b | 5110 4585 | d20f 853d | 1c00 0045 
  0x000078876d19f3ec: 0fb6 54cc | 0c41 83fa | 010f 8538 | f6ff ff44 | 8b53 1047 | 8b54 d424 | 410f b66c | cc0d 85ed 
  0x000078876d19f40c: 0f85 e21c | 0000 4489 | 9424 d800 | 0000 4d8d | 14cc 4c89 | 9424 c000 | 0000 8be9 | 488b 7424 
  0x000078876d19f42c: ;   {oop(a 'net/minecraft/client/renderer/rendertype/RenderType'{0x0000000624ebdd78})}
  0x000078876d19f42c: 3848 ba78 | ddeb 2406 

  0x000078876d19f434: ;   {optimized virtual_call}
  0x000078876d19f434: 0000 00e8 

  0x000078876d19f438: ; ImmutableOopMap {rbp=NarrowOop [4]=NarrowOop [8]=Oop [24]=Oop [32]=NarrowOop [48]=NarrowOop [52]=NarrowOop [56]=Oop [176]=Oop [184]=Oop [192]=Oop [208]=Oop [216]=NarrowOop }
                      ;*invokevirtual getBuffer {reexecute=0 rethrow=0 return_oop=1}
                      ; - net.minecraft.client.renderer.LevelRenderer::renderBlockOutline@147 (line 1081)
                      ; - net.minecraft.client.renderer.LevelRenderer::lambda$addMainPass$0@685 (line 746)
  0x000078876d19f438: a4e2 90fe 

  0x000078876d19f43c: ;   {post_call_nop}
  0x000078876d19f43c: 0f1f 8400 | b422 002f | 8bcd 410f | b66c cc0d | 85ed 0f85 | d81c 0000 | 8b8c 24d8 | 0000 00c4 
  0x000078876d19f45c: c17b 1044 | cc10 4c8b | 8c24 b000 | 0000 458b | 5150 478b | 9cd4 cc00 | 0000 478b | 54dc 2c47 
  0x000078876d19f47c: 8b5c d420 

  0x000078876d19f480: ; implicit exception: dispatches to 0x000078876d1a1e00
  0x000078876d19f480: c481 7a10 | 5cdc 18c4 | c17b 1054 | cc20 c4c1 | 7b10 4ccc | 1848 8bb4 | 24b0 0000 | 0048 8b94 
  0x000078876d19f4a0: 24d0 0000 | 0048 8bc8 | 4c8b 8424 | c000 0000 | 41b9 0000 | 0066 4c8b | 5424 384c | 8954 2428 
  0x000078876d19f4c0: ;   {optimized virtual_call}
  0x000078876d19f4c0: 6666 90e8 

  0x000078876d19f4c4: ; ImmutableOopMap {[4]=NarrowOop [8]=Oop [24]=Oop [32]=NarrowOop [40]=Oop [48]=NarrowOop [52]=NarrowOop [56]=Oop [176]=Oop [184]=Oop [208]=Oop }
                      ;*invokevirtual renderHitOutline {reexecute=0 rethrow=0 return_oop=0}
                      ; - net.minecraft.client.renderer.LevelRenderer::renderBlockOutline@212 (line 1083)
                      ; - net.minecraft.client.renderer.LevelRenderer::lambda$addMainPass$0@685 (line 746)
  0x000078876d19f4c4: 18e2 90fe 

  0x000078876d19f4c8: ;   {post_call_nop}
  0x000078876d19f4c8: 0f1f 8400 | 4023 0030 | 448b 5c24 | 2047 8b44 | dc18 4585 | c00f 842b | 0200 0043 | 8b6c dc14 
  0x000078876d19f4e8: ; implicit exception: dispatches to 0x000078876d1a1e2c
  0x000078876d19f4e8: 458b 4cec 

  0x000078876d19f4ec: ;   {metadata('java/util/HashMap')}
  0x000078876d19f4ec: 0841 81f9 | 084d 4000 | 0f85 ae1c | 0000 498d | 0cec 4b8d | 1cc4 4c8b | 134d 8bca | 4983 e103 
  0x000078876d19f50c: 4983 f902 | 0f84 0f0a | 0000 49c1 | ea0b 418b | c225 ffff | ff7f 0f84 | fd09 0000 | 448b 4914 
  0x000078876d19f52c: 4585 c90f | 84c3 0100 | 0047 8b54 | cc0c 4585 | d20f 860d | 1e00 0048 | 8beb 4889 | 4c24 1044 
  0x000078876d19f54c: 8904 2444 | 899c 24d8 | 0000 0041 | ffca 458b | da4f 8d14 | cc4c 8994 | 24c0 0000 | 0044 894c 
  0x000078876d19f56c: 2420 448b | d041 c1ea | 1045 8bc2 | 4433 c044 | 8944 2424 | 458b d345 | 23d0 4489 | 5424 284c 
  0x000078876d19f58c: 8b94 24c0 | 0000 0044 | 8b44 2428 | 478b 5c82 | 1041 8bcb | 4585 db75 | 0d44 8b9c | 24d8 0000 
  0x000078876d19f5ac: 00e9 4601 | 0000 478b | 54dc 0c49 | c1e3 034c | 895c 2440 | 443b 5424 | 240f 8578 | 0200 0045 
  0x000078876d19f5cc: 8b54 cc10 | 448b 0424 | 453b d00f | 855d 0200 | 004c 8b54 | 2410 458b | 521c 4c8b | 5c24 1045 
  0x000078876d19f5ec: ;   {other}
  0x000078876d19f5ec: 8b43 204c | 8b5c 2440 | 4c8b 4c24 | 4045 8b49 

  0x000078876d19f5fc: ;   {metadata('java/util/HashMap$TreeNode')}
  0x000078876d19f5fc: 0841 81f9 | 00b0 5700 | 0f84 2a1c | 0000 4c8b | 4c24 4041 | 8b69 184d | 3bcb 0f85 | 0703 0000 
  0x000078876d19f61c: 448b 4c24 | 2047 8b5c 

  0x000078876d19f624: ;   {metadata('java/util/HashMap$Node'[])}
  0x000078876d19f624: cc08 4181 | fb20 a857 | 000f 8591 | 1c00 0048 | 8b9c 24c0 | 0000 008b | 7c24 2848 | 8d4c bb10 
  0x000078876d19f644: 4180 7f48 | 000f 8596 | 3500 0089 | 2944 8bcd | 49c1 e103 | 4c8b d94d | 33d9 49c1 | eb16 0f84 
  0x000078876d19f664: 2800 0000 | 4983 f900 | 0f84 1e00 | 0000 4c8b | d949 c1eb | 0949 b900 | 0060 6087 | 7800 004d 
  0x000078876d19f684: 03d9 4180 | 3b02 0f85 | c035 0000 | 4c8b 5c24 | 4041 8b6b | 1441 ffca | 4c8b 5c24 | 1045 8953 
  0x000078876d19f6a4: 1c41 ffc0 | 4589 4320 | 85ed 0f84 | b109 0000 | 458b 54ec 

  0x000078876d19f6b8: ;   {metadata('com/mojang/blaze3d/vertex/BufferBuilder')}
  0x000078876d19f6b8: 0841 81fa | 105f 3303 | 0f85 561f | 0000 448b | 1c24 498b | d348 c1e2 | 0349 8d0c | ec48 8b74 
  0x000078876d19f6d8: 2438 4c8b | d64c 8954 

  0x000078876d19f6e0: ;   {optimized virtual_call}
  0x000078876d19f6e0: 2420 90e8 

  0x000078876d19f6e4: ; ImmutableOopMap {[4]=NarrowOop [8]=Oop [24]=Oop [32]=Oop [48]=NarrowOop [52]=NarrowOop [56]=Oop [176]=Oop [184]=Oop [208]=Oop [216]=NarrowOop }
                      ;*invokevirtual endBatch {reexecute=0 rethrow=0 return_oop=0}
                      ; - net.minecraft.client.renderer.MultiBufferSource$BufferSource::endBatch@21 (line 87)
                      ; - net.minecraft.client.renderer.MultiBufferSource$BufferSource::endLastBatch@12 (line 71)
                      ; - net.minecraft.client.renderer.LevelRenderer::renderBlockOutline@216 (line 1093)
                      ; - net.minecraft.client.renderer.LevelRenderer::lambda$addMainPass$0@685 (line 746)
  0x000078876d19f6e4: f8df 90fe 

  0x000078876d19f6e8: ;   {post_call_nop}
  0x000078876d19f6e8: 0f1f 8400 | 6025 0031 | 448b 9c24 | d800 0000 | 4833 c94f | 8d54 dc18 | 4180 7f48 | 000f 85a7 
  0x000078876d19f708: 3500 0041 | 890a 488b | 9c24 b800 | 0000 4489 | 5c24 20e9 | 13f3 ffff | 4c89 1424 

  0x000078876d19f724: ;   {oop(a 'java/lang/Class'{0x000000062a7643b0} = 'com/mojang/blaze3d/opengl/GlStateManager')}
  0x000078876d19f724: 49ba b043 | 762a 0600 | 0000 41c7 | 82b0 0000 | 000f 0000 | 00be 0100 | 0000 ba01 | 0000 00b9 
  0x000078876d19f744: 0100 0000 | 41b8 0100 | 0000 488b | ac24 b000 

  0x000078876d19f754: ;   {static_call}
  0x000078876d19f754: 0000 90e8 

  0x000078876d19f758: ; ImmutableOopMap {rbp=Oop [0]=Oop [8]=Oop [16]=Oop [24]=Oop [48]=NarrowOop [52]=NarrowOop [80]=Oop [176]=Oop [184]=Oop [192]=Oop [200]=Oop [208]=Oop }
                      ;*invokestatic glColorMask {reexecute=0 rethrow=0 return_oop=0}
                      ; - org.lwjgl.opengl.GL11::glColorMask@4 (line 1119)
                      ; - com.mojang.blaze3d.opengl.GlStateManager::_colorMask@59 (line 436)
                      ; - com.mojang.blaze3d.opengl.GlCommandEncoder::clearColorAndDepthTextures@57 (line 121)
                      ; - com.mojang.blaze3d.systems.CommandEncoder::clearColorAndDepthTextures@41 (line 85)
                      ; - net.minecraft.client.renderer.LevelRenderer::lambda$addMainPass$0@210 (line 692)
  0x000078876d19f758: 84e5 90fe 

  0x000078876d19f75c: ;   {post_call_nop}
  0x000078876d19f75c: 0f1f 8400 | d425 0032 

  0x000078876d19f764: ;   {oop(a 'java/lang/Class'{0x0000000623ed4908} = 'com/mojang/blaze3d/systems/RenderSystem')}
  0x000078876d19f764: 49ba 0849 | ed23 0600 | 0000 418b | 6a7c 4c8b | d549 c1e2 | 034c 8b1c | 244d 3bda | 0f84 fde5 
  0x000078876d19f784: ffff be45 | ffff ff4c | 8b54 2410 | 4c89 1424 | 4c8b 5424 | 184c 8954 | 2410 4c89 

  0x000078876d19f7a0: ;   {runtime_call UncommonTrapBlob}
  0x000078876d19f7a0: 5c24 20e8 

  0x000078876d19f7a4: ; ImmutableOopMap {rbp=NarrowOop [0]=Oop [8]=Oop [16]=Oop [32]=Oop [80]=Oop [176]=Oop [184]=Oop [192]=Oop [200]=Oop [208]=Oop }
                      ;*if_acmpne {reexecute=1 rethrow=0 return_oop=0}
                      ; - (reexecute) com.mojang.blaze3d.systems.RenderSystem::isOnRenderThread@6 (line 92)
                      ; - com.mojang.blaze3d.systems.RenderSystem::assertOnRenderThread@0 (line 96)
                      ; - com.mojang.blaze3d.opengl.GlStateManager::_clear@0 (line 441)
                      ; - com.mojang.blaze3d.opengl.GlCommandEncoder::clearColorAndDepthTextures@63 (line 122)
                      ; - com.mojang.blaze3d.systems.CommandEncoder::clearColorAndDepthTextures@41 (line 85)
                      ; - net.minecraft.client.renderer.LevelRenderer::lambda$addMainPass$0@210 (line 692)
  0x000078876d19f7a4: 3820 9efe 

  0x000078876d19f7a8: ;   {post_call_nop}
  0x000078876d19f7a8: 0f1f 8400 | 2026 0033 | 453b c20f | 84ce faff | ff45 8bd1 | 478b 5cd4 | 1845 85db | 746b 478b 
  0x000078876d19f7c8: ;   {metadata('java/util/HashMap$TreeNode')}
  0x000078876d19f7c8: 54d4 0841 | 81fa 00b0 | 5700 0f84 | cc1b 0000 | 4f8d 14dc | 4c89 9424 | c800 0000 | 4c8b 9424 
  0x000078876d19f7e8: c800 0000 | 458b 5a0c | 443b 5c24 | 280f 85ed | 0500 0045 | 8b42 1044 | 8b5c 2410 | 453b c30f 
  0x000078876d19f808: 85bb 0500 | 004c 8b54 | 2420 458b | 4220 458b | 521c 4c8b | 4c24 404c | 8b9c 24c8 | 0000 004c 
  0x000078876d19f828: 895c 2440 | e963 faff | ff44 8b14 | 24e9 5afb | ffff 453b | c20f 849a | fdff ff44 | 8bd9 478b 
  0x000078876d19f848: 54dc 1845 | 85d2 7472 | 478b 44dc 

  0x000078876d19f854: ;   {metadata('java/util/HashMap$TreeNode')}
  0x000078876d19f854: 0841 81f8 | 00b0 5700 | 0f84 aa1b | 0000 49c1 | e203 4c89 | 9424 c800 | 0000 4c8b | 9424 c800 
  0x000078876d19f874: 0000 458b | 520c 443b | 5424 240f | 85b7 0500 | 004c 8b94 | 24c8 0000 | 0045 8b42 | 1044 8b14 
  0x000078876d19f894: 2445 3bc2 | 0f85 7c05 | 0000 4c8b | 5424 1045 | 8b42 2045 | 8b52 1c4c | 8b5c 2440 | 4c8b 8c24 
  0x000078876d19f8b4: c800 0000 | 4c89 4c24 | 40e9 32fd | ffff 448b | 9c24 d800 | 0000 e929 | feff ff4d | 8d59 1841 
  0x000078876d19f8d4: 807f 4800 | 0f85 3f34 | 0000 4189 | 2b8b dd48 | c1e3 0349 | 8bcb 4833 | cb48 c1e9 | 160f 8427 
  0x000078876d19f8f4: 0000 0048 | 83fb 000f | 841d 0000 | 0049 8bcb | 48c1 e909 | 48bb 0000 | 6060 8778 | 0000 4803 
  0x000078876d19f914: cb80 3902 | 0f85 6a34 | 0000 e90d | faff ff49 | 8d4b 1841 | 807f 4800 | 0f85 b634 | 0000 8929 
  0x000078876d19f934: 8bdd 48c1 | e303 4c8b | c94c 33cb | 49c1 e916 | 0f84 2800 | 0000 4883 | fb00 0f84 | 1e00 0000 
  0x000078876d19f954: ;   {other}
  0x000078876d19f954: 4c8b c949 | c1e9 0948 | bb00 0060 | 6087 7800 | 004c 03cb | 4180 3902 | 0f85 e034 | 0000 e919 
  0x000078876d19f974: fdff ff41 | 83f8 ff0f | 8418 0500 | 0043 8b6c | d428 85ed | 0f84 f21a | 0000 bea5 | ffff ff4c 
  0x000078876d19f994: 8b5c 2410 | 4c89 1c24 | 4c8b 5c24 | 184c 895c | 2410 897c | 2420 4489 | 5424 2444 | 894c 2428 
  0x000078876d19f9b4: ;   {runtime_call UncommonTrapBlob}
  0x000078876d19f9b4: 6666 90e8 

  0x000078876d19f9b8: ; ImmutableOopMap {rbp=NarrowOop [0]=Oop [8]=Oop [16]=Oop [36]=NarrowOop [40]=NarrowOop [80]=Oop [176]=Oop [184]=Oop [192]=Oop [200]=Oop [208]=Oop }
                      ;*invokedynamic {reexecute=0 rethrow=0 return_oop=0}
                      ; - com.mojang.blaze3d.opengl.GlTexture::getFbo@107 (line 68)
                      ; - com.mojang.blaze3d.opengl.GlCommandEncoder::clearColorAndDepthTextures@12 (line 115)
                      ; - com.mojang.blaze3d.systems.CommandEncoder::clearColorAndDepthTextures@41 (line 85)
                      ; - net.minecraft.client.renderer.LevelRenderer::lambda$addMainPass$0@210 (line 692)
  0x000078876d19f9b8: 241e 9efe 

  0x000078876d19f9bc: ;   {post_call_nop}
  0x000078876d19f9bc: 0f1f 8400 | 3428 0034 

  0x000078876d19f9c4: ;   {metadata('net/neoforged/neoforge/client/event/RenderLevelStageEvent$AfterOpaqueBlocks')}
  0x000078876d19f9c4: 48be 8082 | 331c 0000 | 0000 488b 

  0x000078876d19f9d0: ;   {runtime_call C2 Runtime new_instance}
  0x000078876d19f9d0: 2c24 90e8 

  0x000078876d19f9d4: ; ImmutableOopMap {rbp=Oop [0]=Oop [8]=Oop [16]=Oop [24]=Oop [32]=Oop [80]=Oop [176]=Oop [184]=Oop [192]=Oop [200]=Oop [208]=Oop }
                      ;*new {reexecute=0 rethrow=0 return_oop=1}
                      ; - net.minecraft.client.renderer.LevelRenderer::lambda$addMainPass$0@127 (line 686)
  0x000078876d19f9d4: 0815 9efe 

  0x000078876d19f9d8: ;   {post_call_nop}
  0x000078876d19f9d8: 0f1f 8400 | 5028 0035 | 4c8b c0e9 | 19da ffff | 4489 5c24 | 304c 8944 

  0x000078876d19f9f0: ;   {metadata('com/mojang/blaze3d/vertex/PoseStack')}
  0x000078876d19f9f0: 2428 48be | b8b3 321c | 0000 0000 

  0x000078876d19f9fc: ;   {runtime_call C2 Runtime new_instance}
  0x000078876d19f9fc: 6666 90e8 

  0x000078876d19fa00: ; ImmutableOopMap {rbp=NarrowOop [0]=Oop [8]=Oop [16]=Oop [24]=Oop [32]=Oop [40]=Oop [48]=NarrowOop [80]=Oop [176]=Oop [184]=Oop [192]=Oop [200]=Oop [208]=Oop }
                      ;*new {reexecute=0 rethrow=0 return_oop=1}
                      ; - net.neoforged.neoforge.client.event.RenderLevelStageEvent::<init>@23 (line 55)
                      ; - net.neoforged.neoforge.client.event.RenderLevelStageEvent$AfterOpaqueBlocks::<init>@8 (line 112)
                      ; - net.minecraft.client.renderer.LevelRenderer::lambda$addMainPass$0@143 (line 686)
  0x000078876d19fa00: dc14 9efe 

  0x000078876d19fa04: ;   {post_call_nop}
  0x000078876d19fa04: 0f1f 8400 | 7c28 0036 | 488b 1c24 | 4c8b 4424 | 2844 8b5c | 2430 4c8b | c8e9 40da | ffff 4c89 
  0x000078876d19fa24: 4c24 3844 | 895c 2430 | 4c89 4424 | 2848 891c 

  0x000078876d19fa34: ;   {metadata('java/util/ArrayList')}
  0x000078876d19fa34: 2448 bec8 | 5243 1900 

  0x000078876d19fa3c: ;   {runtime_call C2 Runtime new_instance}
  0x000078876d19fa3c: 0000 00e8 

  0x000078876d19fa40: ; ImmutableOopMap {rbp=NarrowOop [0]=Oop [8]=Oop [16]=Oop [24]=Oop [32]=Oop [40]=Oop [48]=NarrowOop [56]=Oop [80]=Oop [176]=Oop [184]=Oop [192]=Oop [200]=Oop [208]=Oop }
                      ;*new {reexecute=0 rethrow=0 return_oop=1}
                      ; - com.mojang.blaze3d.vertex.PoseStack::<init>@5 (line 20)
                      ; - net.neoforged.neoforge.client.event.RenderLevelStageEvent::<init>@27 (line 55)
                      ; - net.neoforged.neoforge.client.event.RenderLevelStageEvent$AfterOpaqueBlocks::<init>@8 (line 112)
                      ; - net.minecraft.client.renderer.LevelRenderer::lambda$addMainPass$0@143 (line 686)
  0x000078876d19fa40: 9c14 9efe 

  0x000078876d19fa44: ;   {post_call_nop}
  0x000078876d19fa44: 0f1f 8400 | bc28 0037 | 488b 1c24 | 4c8b 4424 | 2844 8b5c | 2430 4c8b | 4c24 3848 | 8bc8 e93b 
  0x000078876d19fa64: daff ff48 | 894c 2440 | 4c89 4c24 | 3844 895c | 2430 4c89 | 4424 2848 

  0x000078876d19fa7c: ;   {metadata('java/lang/Object'[])}
  0x000078876d19fa7c: 891c 2448 | be98 a234 | 1900 0000 | 00ba 1000 

  0x000078876d19fa8c: ;   {runtime_call C2 Runtime new_array}
  0x000078876d19fa8c: 0000 90e8 

  0x000078876d19fa90: ; ImmutableOopMap {rbp=NarrowOop [0]=Oop [8]=Oop [16]=Oop [24]=Oop [32]=Oop [40]=Oop [48]=NarrowOop [56]=Oop [64]=Oop [80]=Oop [176]=Oop [184]=Oop [192]=Oop [200]=Oop [208]=Oop }
                      ;*anewarray {reexecute=0 rethrow=0 return_oop=1}
                      ; - java.util.ArrayList::<init>@10 (line 157)
                      ; - com.mojang.blaze3d.vertex.PoseStack::<init>@11 (line 20)
                      ; - net.neoforged.neoforge.client.event.RenderLevelStageEvent::<init>@27 (line 55)
                      ; - net.neoforged.neoforge.client.event.RenderLevelStageEvent$AfterOpaqueBlocks::<init>@8 (line 112)
                      ; - net.minecraft.client.renderer.LevelRenderer::lambda$addMainPass$0@143 (line 686)
  0x000078876d19fa90: cc44 9efe 

  0x000078876d19fa94: ;   {post_call_nop}
  0x000078876d19fa94: 0f1f 8400 | 0c29 0038 | 488b 1c24 | 4c8b 4424 | 2844 8b5c | 2430 4c8b | 4c24 3848 | 8b4c 2440 
  0x000078876d19fab4: 488b f8e9 | 55da ffff | 4889 7c24 | 4848 894c | 2440 4c89 | 4c24 3844 | 895c 2430 | 4c89 4424 
  0x000078876d19fad4: 2848 891c 

  0x000078876d19fad8: ;   {metadata('com/mojang/blaze3d/vertex/PoseStack$Pose')}
  0x000078876d19fad8: 2448 be70 | b632 1c00 

  0x000078876d19fae0: ;   {runtime_call C2 Runtime new_instance}
  0x000078876d19fae0: 0000 00e8 

  0x000078876d19fae4: ; ImmutableOopMap {rbp=NarrowOop [0]=Oop [8]=Oop [16]=Oop [24]=Oop [32]=Oop [40]=Oop [48]=NarrowOop [56]=Oop [64]=Oop [72]=Oop [80]=Oop [176]=Oop [184]=Oop [192]=Oop [200]=Oop [208]=Oop }
                      ;*new {reexecute=0 rethrow=0 return_oop=1}
                      ; - com.mojang.blaze3d.vertex.PoseStack::<init>@21 (line 24)
                      ; - net.neoforged.neoforge.client.event.RenderLevelStageEvent::<init>@27 (line 55)
                      ; - net.neoforged.neoforge.client.event.RenderLevelStageEvent$AfterOpaqueBlocks::<init>@8 (line 112)
                      ; - net.minecraft.client.renderer.LevelRenderer::lambda$addMainPass$0@143 (line 686)
  0x000078876d19fae4: f813 9efe 

  0x000078876d19fae8: ;   {post_call_nop}
  0x000078876d19fae8: 0f1f 8400 | 6029 0039 | 488b 1c24 | 4c8b 4424 | 2844 8b5c | 2430 4c8b | 4c24 3848 | 8b4c 2440 
  0x000078876d19fb08: 488b 7c24 | 484c 8bd0 | e9b2 daff | ff4c 8954 | 2458 4889 | 7c24 4848 | 894c 2440 | 4c89 4c24 
  0x000078876d19fb28: 3844 895c | 2430 4c89 | 4424 2848 

  0x000078876d19fb34: ;   {metadata('org/joml/Matrix4f')}
  0x000078876d19fb34: 891c 2448 | be68 da68 | 1b00 0000 

  0x000078876d19fb40: ;   {runtime_call C2 Runtime new_instance}
  0x000078876d19fb40: 0066 90e8 

  0x000078876d19fb44: ; ImmutableOopMap {rbp=NarrowOop [0]=Oop [8]=Oop [16]=Oop [24]=Oop [32]=Oop [40]=Oop [48]=NarrowOop [56]=Oop [64]=Oop [72]=Oop [80]=Oop [88]=Oop [176]=Oop [184]=Oop [192]=Oop [200]=Oop [208]=Oop }
                      ;*new {reexecute=0 rethrow=0 return_oop=1}
                      ; - com.mojang.blaze3d.vertex.PoseStack$Pose::<init>@5 (line 91)
                      ; - com.mojang.blaze3d.vertex.PoseStack::<init>@25 (line 24)
                      ; - net.neoforged.neoforge.client.event.RenderLevelStageEvent::<init>@27 (line 55)
                      ; - net.neoforged.neoforge.client.event.RenderLevelStageEvent$AfterOpaqueBlocks::<init>@8 (line 112)
                      ; - net.minecraft.client.renderer.LevelRenderer::lambda$addMainPass$0@143 (line 686)
  0x000078876d19fb44: 9813 9efe 

  0x000078876d19fb48: ;   {post_call_nop}
  0x000078876d19fb48: 0f1f 8400 | c029 003a | 488b d0e9 | d8da ffff 

  0x000078876d19fb58: ;   {metadata('org/joml/Matrix3f')}
  0x000078876d19fb58: 48be a824 | 661b 0000 

  0x000078876d19fb60: ;   {runtime_call C2 Runtime new_instance}
  0x000078876d19fb60: 0000 90e8 

  0x000078876d19fb64: ; ImmutableOopMap {rbp=NarrowOop [0]=Oop [8]=Oop [16]=Oop [24]=Oop [32]=Oop [40]=Oop [48]=NarrowOop [56]=Oop [64]=Oop [72]=Oop [80]=Oop [88]=Oop [176]=Oop [184]=Oop [192]=Oop [200]=Oop [208]=Oop }
                      ;*new {reexecute=0 rethrow=0 return_oop=1}
                      ; - com.mojang.blaze3d.vertex.PoseStack$Pose::<init>@16 (line 92)
                      ; - com.mojang.blaze3d.vertex.PoseStack::<init>@25 (line 24)
                      ; - net.neoforged.neoforge.client.event.RenderLevelStageEvent::<init>@27 (line 55)
                      ; - net.neoforged.neoforge.client.event.RenderLevelStageEvent$AfterOpaqueBlocks::<init>@8 (line 112)
                      ; - net.minecraft.client.renderer.LevelRenderer::lambda$addMainPass$0@143 (line 686)
  0x000078876d19fb64: 7813 9efe 

  0x000078876d19fb68: ;   {post_call_nop}
  0x000078876d19fb68: 0f1f 8400 | e029 003b | e965 dbff | ff4b 8d2c | cc44 894c 

  0x000078876d19fb7c: ;   {metadata('com/mojang/blaze3d/buffers/GpuBufferSlice')}
  0x000078876d19fb7c: 2428 48be | e8b4 281c | 0000 0000 

  0x000078876d19fb88: ;   {runtime_call C2 Runtime new_instance}
  0x000078876d19fb88: 6666 90e8 

  0x000078876d19fb8c: ; ImmutableOopMap {rbp=Oop [0]=Oop [8]=Oop [16]=Oop [24]=Oop [32]=Oop [40]=NarrowOop [48]=NarrowOop [52]=NarrowOop [80]=Oop [176]=Oop [184]=Oop [192]=Oop [200]=Oop [208]=Oop }
                      ;*new {reexecute=0 rethrow=0 return_oop=1}
                      ; - com.mojang.blaze3d.buffers.GpuBuffer::slice@23 (line 47)
                      ; - com.mojang.blaze3d.platform.Lighting::setupFor@18 (line 75)
                      ; - net.minecraft.client.renderer.LevelRenderer::lambda$addMainPass$0@165 (line 687)
  0x000078876d19fb8c: 5013 9efe 

  0x000078876d19fb90: ;   {post_call_nop}
  0x000078876d19fb90: 0f1f 8400 | 082a 003c | 4c8b 1424 | 448b 4c24 | 28e9 83dd | ffff 4c89 | 1c24 4788 | 64c4 1043 
  0x000078876d19fbb0: 8b74 c40c | 488b ac24 | b000 0000 

  0x000078876d19fbbc: ;   {static_call}
  0x000078876d19fbbc: 6666 90e8 

  0x000078876d19fbc0: ; ImmutableOopMap {rbp=Oop [0]=Oop [8]=Oop [16]=Oop [24]=Oop [48]=NarrowOop [52]=NarrowOop [80]=Oop [176]=Oop [184]=Oop [192]=Oop [200]=Oop [208]=Oop }
                      ;*invokestatic glDisable {reexecute=0 rethrow=0 return_oop=0}
                      ; - org.lwjgl.opengl.GL11::glDisable@1 (line 662)
                      ; - com.mojang.blaze3d.opengl.GlStateManager$BooleanState::setEnabled@34 (line 553)
                      ; - com.mojang.blaze3d.opengl.GlStateManager$BooleanState::disable@2 (line 539)
                      ; - com.mojang.blaze3d.opengl.GlStateManager::_disableScissorTest@9 (line 51)
                      ; - com.mojang.blaze3d.opengl.GlCommandEncoder::clearColorAndDepthTextures@24 (line 117)
                      ; - com.mojang.blaze3d.systems.CommandEncoder::clearColorAndDepthTextures@41 (line 85)
                      ; - net.minecraft.client.renderer.LevelRenderer::lambda$addMainPass$0@210 (line 692)
  0x000078876d19fbc0: 1ce1 90fe 

  0x000078876d19fbc4: ;   {post_call_nop}
  0x000078876d19fbc4: 0f1f 8400 | 3c2a 003d | e9c8 e0ff 

  0x000078876d19fbd0: ;   {metadata('com/mojang/blaze3d/vertex/PoseStack')}
  0x000078876d19fbd0: ff48 beb8 | b332 1c00 | 0000 0048 | 8bac 24b0 

  0x000078876d19fbe0: ;   {runtime_call C2 Runtime new_instance}
  0x000078876d19fbe0: 0000 00e8 

  0x000078876d19fbe4: ; ImmutableOopMap {rbp=Oop [8]=Oop [16]=Oop [24]=Oop [48]=NarrowOop [52]=NarrowOop [80]=Oop [176]=Oop [184]=Oop [192]=Oop [200]=Oop [208]=Oop }
                      ;*new {reexecute=0 rethrow=0 return_oop=1}
                      ; - net.minecraft.client.renderer.LevelRenderer::lambda$addMainPass$0@213 (line 695)
  0x000078876d19fbe4: f812 9efe 

  0x000078876d19fbe8: ;   {post_call_nop}
  0x000078876d19fbe8: 0f1f 8400 | 602a 003e | e958 e2ff | ff48 8be9 

  0x000078876d19fbf8: ;   {metadata('java/util/ArrayList')}
  0x000078876d19fbf8: 48be c852 | 4319 0000 

  0x000078876d19fc00: ;   {runtime_call C2 Runtime new_instance}
  0x000078876d19fc00: 0000 90e8 

  0x000078876d19fc04: ; ImmutableOopMap {rbp=Oop [8]=Oop [16]=Oop [24]=Oop [48]=NarrowOop [52]=NarrowOop [80]=Oop [176]=Oop [184]=Oop [192]=Oop [200]=Oop [208]=Oop }
                      ;*new {reexecute=0 rethrow=0 return_oop=1}
                      ; - com.mojang.blaze3d.vertex.PoseStack::<init>@5 (line 20)
                      ; - net.minecraft.client.renderer.LevelRenderer::lambda$addMainPass$0@217 (line 695)
  0x000078876d19fc04: d812 9efe 

  0x000078876d19fc08: ;   {post_call_nop}
  0x000078876d19fc08: 0f1f 8400 | 802a 003f | 488b cd4c | 8bd8 e976 | e2ff ff4c | 891c 2448 

  0x000078876d19fc20: ;   {metadata('java/lang/Object'[])}
  0x000078876d19fc20: 8be9 48be | 98a2 3419 | 0000 0000 | ba10 0000 

  0x000078876d19fc30: ;   {runtime_call C2 Runtime new_array}
  0x000078876d19fc30: 0066 90e8 

  0x000078876d19fc34: ; ImmutableOopMap {rbp=Oop [0]=Oop [8]=Oop [16]=Oop [24]=Oop [48]=NarrowOop [52]=NarrowOop [80]=Oop [176]=Oop [184]=Oop [192]=Oop [200]=Oop [208]=Oop }
                      ;*anewarray {reexecute=0 rethrow=0 return_oop=1}
                      ; - java.util.ArrayList::<init>@10 (line 157)
                      ; - com.mojang.blaze3d.vertex.PoseStack::<init>@11 (line 20)
                      ; - net.minecraft.client.renderer.LevelRenderer::lambda$addMainPass$0@217 (line 695)
  0x000078876d19fc34: 2843 9efe 

  0x000078876d19fc38: ;   {post_call_nop}
  0x000078876d19fc38: 0f1f 8400 | b02a 0040 | 488b cd4c | 8b1c 2448 | 8bf8 e9b1 | e2ff ff48 | 897c 2420 | 4c89 1c24 
  0x000078876d19fc58: ;   {metadata('com/mojang/blaze3d/vertex/PoseStack$Pose')}
  0x000078876d19fc58: 488b e948 | be70 b632 | 1c00 0000 

  0x000078876d19fc64: ;   {runtime_call C2 Runtime new_instance}
  0x000078876d19fc64: 0066 90e8 

  0x000078876d19fc68: ; ImmutableOopMap {rbp=Oop [0]=Oop [8]=Oop [16]=Oop [24]=Oop [32]=Oop [48]=NarrowOop [52]=NarrowOop [80]=Oop [176]=Oop [184]=Oop [192]=Oop [200]=Oop [208]=Oop }
                      ;*new {reexecute=0 rethrow=0 return_oop=1}
                      ; - com.mojang.blaze3d.vertex.PoseStack::<init>@21 (line 24)
                      ; - net.minecraft.client.renderer.LevelRenderer::lambda$addMainPass$0@217 (line 695)
  0x000078876d19fc68: 7412 9efe 

  0x000078876d19fc6c: ;   {post_call_nop}
  0x000078876d19fc6c: 0f1f 8400 | e42a 0041 | 488b cd4c | 8b1c 2448 | 8b7c 2420 | 488b f0e9 | 2fe3 ffff | 4889 7424 
  0x000078876d19fc8c: 2848 897c | 2420 4c89 | 1c24 488b 

  0x000078876d19fc98: ;   {metadata('org/joml/Matrix4f')}
  0x000078876d19fc98: e948 be68 | da68 1b00 

  0x000078876d19fca0: ;   {runtime_call C2 Runtime new_instance}
  0x000078876d19fca0: 0000 00e8 

  0x000078876d19fca4: ; ImmutableOopMap {rbp=Oop [0]=Oop [8]=Oop [16]=Oop [24]=Oop [32]=Oop [40]=Oop [48]=NarrowOop [52]=NarrowOop [80]=Oop [176]=Oop [184]=Oop [192]=Oop [200]=Oop [208]=Oop }
                      ;*new {reexecute=0 rethrow=0 return_oop=1}
                      ; - com.mojang.blaze3d.vertex.PoseStack$Pose::<init>@5 (line 91)
                      ; - com.mojang.blaze3d.vertex.PoseStack::<init>@25 (line 24)
                      ; - net.minecraft.client.renderer.LevelRenderer::lambda$addMainPass$0@217 (line 695)
  0x000078876d19fca4: 3812 9efe 

  0x000078876d19fca8: ;   {post_call_nop}
  0x000078876d19fca8: 0f1f 8400 | 202b 0042 | 488b cd4c | 8b1c 2448 | 8b7c 2420 | 488b 7424 | 2848 8bd0 | e936 e3ff 
  0x000078876d19fcc8: ff48 8974 | 2428 4889 | 7c24 204c | 891c 2448 

  0x000078876d19fcd8: ;   {metadata('org/joml/Matrix3f')}
  0x000078876d19fcd8: 8be9 48be | a824 661b | 0000 0000 

  0x000078876d19fce4: ;   {runtime_call C2 Runtime new_instance}
  0x000078876d19fce4: 6666 90e8 

  0x000078876d19fce8: ; ImmutableOopMap {rbp=Oop [0]=Oop [8]=Oop [16]=Oop [24]=Oop [32]=Oop [40]=Oop [48]=NarrowOop [52]=NarrowOop [80]=Oop [176]=Oop [184]=Oop [192]=Oop [200]=Oop [208]=Oop }
                      ;*new {reexecute=0 rethrow=0 return_oop=1}
                      ; - com.mojang.blaze3d.vertex.PoseStack$Pose::<init>@16 (line 92)
                      ; - com.mojang.blaze3d.vertex.PoseStack::<init>@25 (line 24)
                      ; - net.minecraft.client.renderer.LevelRenderer::lambda$addMainPass$0@217 (line 695)
  0x000078876d19fce8: f411 9efe 

  0x000078876d19fcec: ;   {post_call_nop}
  0x000078876d19fcec: 0f1f 8400 | 642b 0043 | 488b cd4c | 8b1c 2448 | 8b7c 2420 | 488b 7424 | 28e9 9ae3 | ffff 4489 
  0x000078876d19fd0c: 0424 4c89 | 8c24 b000 | 0000 488b 

  0x000078876d19fd18: ;   {metadata('net/neoforged/neoforge/client/event/SubmitCustomGeometryEvent')}
  0x000078876d19fd18: 6c24 3848 | bef8 8433 | 1c00 0000 

  0x000078876d19fd24: ;   {runtime_call C2 Runtime new_instance}
  0x000078876d19fd24: 0066 90e8 

  0x000078876d19fd28: ; ImmutableOopMap {rbp=Oop [0]=NarrowOop [8]=Oop [24]=Oop [40]=Oop [48]=NarrowOop [52]=NarrowOop [76]=NarrowOop [80]=Oop [92]=NarrowOop [176]=Oop [184]=Oop [192]=Oop [200]=Oop [208]=Oop }
                      ;*new {reexecute=0 rethrow=0 return_oop=1}
                      ; - net.minecraft.client.renderer.LevelRenderer::lambda$addMainPass$0@309 (line 704)
  0x000078876d19fd28: b411 9efe 

  0x000078876d19fd2c: ;   {post_call_nop}
  0x000078876d19fd2c: 0f1f 8400 | a42b 0044 | 488b d048 | 8bfd e961 

  0x000078876d19fd3c: ;   {metadata('net/neoforged/neoforge/client/event/RenderLevelStageEvent$AfterOpaqueFeatures')}
  0x000078876d19fd3c: e8ff ff48 | be78 1e0b | 1c00 0000 

  0x000078876d19fd48: ;   {runtime_call C2 Runtime new_instance}
  0x000078876d19fd48: 0066 90e8 

  0x000078876d19fd4c: ; ImmutableOopMap {[4]=NarrowOop [8]=Oop [16]=Oop [24]=Oop [32]=NarrowOop [40]=Oop [48]=NarrowOop [52]=NarrowOop [56]=Oop [76]=NarrowOop [80]=Oop [92]=NarrowOop [176]=Oop [184]=Oop [192]=Oop [200]=Oop [208]=Oop }
                      ;*new {reexecute=0 rethrow=0 return_oop=1}
                      ; - net.minecraft.client.renderer.LevelRenderer::lambda$addMainPass$0@366 (line 709)
  0x000078876d19fd4c: 9011 9efe 

  0x000078876d19fd50: ;   {post_call_nop}
  0x000078876d19fd50: 0f1f 8400 | c82b 0045 | 488b d0e9 | 44e9 ffff 

  0x000078876d19fd60: ;   {metadata('net/neoforged/neoforge/client/event/RenderLevelStageEvent$AfterTranslucentFeatures')}
  0x000078876d19fd60: 48be 4887 | 331c 0000 

  0x000078876d19fd68: ;   {runtime_call C2 Runtime new_instance}
  0x000078876d19fd68: 0000 90e8 

  0x000078876d19fd6c: ; ImmutableOopMap {rbp=Oop [4]=NarrowOop [8]=Oop [16]=Oop [24]=Oop [32]=NarrowOop [48]=NarrowOop [52]=NarrowOop [56]=Oop [76]=NarrowOop [80]=Oop [208]=Oop }
                      ;*new {reexecute=0 rethrow=0 return_oop=1}
                      ; - net.minecraft.client.renderer.LevelRenderer::lambda$addMainPass$0@523 (line 729)
  0x000078876d19fd6c: 7011 9efe 

  0x000078876d19fd70: ;   {post_call_nop}
  0x000078876d19fd70: 0f1f 8400 | e82b 0046 | 488b d0e9 | 70ea ffff 

  0x000078876d19fd80: ;   {metadata('net/neoforged/neoforge/client/event/RenderLevelStageEvent$AfterTranslucentBlocks')}
  0x000078876d19fd80: 48be c089 | 331c 0000 

  0x000078876d19fd88: ;   {runtime_call C2 Runtime new_instance}
  0x000078876d19fd88: 0000 90e8 

  0x000078876d19fd8c: ; ImmutableOopMap {[4]=NarrowOop [8]=Oop [24]=Oop [32]=NarrowOop [48]=NarrowOop [52]=NarrowOop [56]=Oop [176]=Oop [184]=Oop [208]=Oop }
                      ;*new {reexecute=0 rethrow=0 return_oop=1}
                      ; - net.minecraft.client.renderer.LevelRenderer::lambda$addMainPass$0@650 (line 744)
  0x000078876d19fd8c: 5011 9efe 

  0x000078876d19fd90: ;   {post_call_nop}
  0x000078876d19fd90: 0f1f 8400 | 082c 0047 | 488b d0e9 | 24ec ffff 

  0x000078876d19fda0: ;   {metadata('net/neoforged/neoforge/client/event/RenderLevelStageEvent$AfterTranslucentParticles')}
  0x000078876d19fda0: 48be 388c | 331c 0000 | 0000 488b | ac24 b800 

  0x000078876d19fdb0: ;   {runtime_call C2 Runtime new_instance}
  0x000078876d19fdb0: 0000 90e8 

  0x000078876d19fdb4: ; ImmutableOopMap {rbp=Oop [4]=NarrowOop [8]=Oop [24]=Oop [48]=NarrowOop [52]=NarrowOop [192]=Oop [208]=Oop }
                      ;*new {reexecute=0 rethrow=0 return_oop=1}
                      ; - net.minecraft.client.renderer.LevelRenderer::lambda$addMainPass$0@737 (line 756)
  0x000078876d19fdb4: 2811 9efe 

  0x000078876d19fdb8: ;   {post_call_nop}
  0x000078876d19fdb8: 0f1f 8400 | 302c 0048 | 488b d0e9 | f4ef ffff | 498b d048 | c1e2 0348 

  0x000078876d19fdd0: ;   {optimized virtual_call}
  0x000078876d19fdd0: 8bf5 90e8 

  0x000078876d19fdd4: ; ImmutableOopMap {rbp=Oop [0]=NarrowOop [4]=NarrowOop [8]=Oop [16]=NarrowOop [20]=NarrowOop [24]=Oop [32]=Oop [48]=NarrowOop [52]=NarrowOop [56]=Oop [64]=Oop [80]=Oop [176]=Oop [184]=Oop [192]=Oop [200]=Oop [208]=Oop }
                      ;*invokevirtual equals {reexecute=0 rethrow=0 return_oop=0}
                      ; - java.util.HashMap::removeNode@143 (line 836)
                      ; - java.util.HashMap::remove@9 (line 806)
                      ; - net.minecraft.client.renderer.MultiBufferSource$BufferSource::endBatch@5 (line 85)
                      ; - net.minecraft.client.renderer.MultiBufferSource$BufferSource::endLastBatch@12 (line 71)
                      ; - net.minecraft.client.renderer.LevelRenderer::renderBlockOutline@216 (line 1093)
                      ; - net.minecraft.client.renderer.LevelRenderer::lambda$addMainPass$0@574 (line 733)
  0x000078876d19fdd4: 08d9 90fe 

  0x000078876d19fdd8: ;   {post_call_nop}
  0x000078876d19fdd8: 0f1f 8400 | 502c 0049 | 85c0 0f85 | 25fa ffff | 4d8b 5730 | 4c8b 9c24 | c800 0000 

  0x000078876d19fdf4: ; ImmutableOopMap {r11=Oop r8=NarrowOop rbp=Oop [0]=NarrowOop [4]=NarrowOop [8]=Oop [16]=NarrowOop [20]=NarrowOop [24]=Oop [32]=Oop [48]=NarrowOop [52]=NarrowOop [56]=Oop [80]=Oop [176]=Oop [184]=Oop [192]=Oop [200]=Oop [208]=Oop }
                      ;*ifnonnull {reexecute=1 rethrow=0 return_oop=0}
                      ; - (reexecute) java.util.HashMap::removeNode@168 (line 841)
                      ; - java.util.HashMap::remove@9 (line 806)
                      ; - net.minecraft.client.renderer.MultiBufferSource$BufferSource::endBatch@5 (line 85)
                      ; - net.minecraft.client.renderer.MultiBufferSource$BufferSource::endLastBatch@12 (line 71)
                      ; - net.minecraft.client.renderer.LevelRenderer::renderBlockOutline@216 (line 1093)
                      ; - net.minecraft.client.renderer.LevelRenderer::lambda$addMainPass$0@574 (line 733)
  0x000078876d19fdf4: 458b 4318 

  0x000078876d19fdf8: ;   {poll}
  0x000078876d19fdf8: 4185 0245 | 85c0 0f84 | 2dfa ffff | 4f8d 14c4 | 4c89 5c24 | 404c 8994 | 24c8 0000 | 00e9 caf9 
  0x000078876d19fe18: ffff 498b | d048 c1e2 | 0348 8bf5 

  0x000078876d19fe24: ;   {optimized virtual_call}
  0x000078876d19fe24: 6666 90e8 

  0x000078876d19fe28: ; ImmutableOopMap {rbp=Oop [0]=NarrowOop [4]=NarrowOop [8]=Oop [16]=Oop [24]=Oop [32]=NarrowOop [48]=NarrowOop [52]=NarrowOop [56]=Oop [64]=Oop [176]=Oop [184]=Oop [192]=Oop [200]=Oop [208]=Oop [216]=NarrowOop }
                      ;*invokevirtual equals {reexecute=0 rethrow=0 return_oop=0}
                      ; - java.util.HashMap::removeNode@143 (line 836)
                      ; - java.util.HashMap::remove@9 (line 806)
                      ; - net.minecraft.client.renderer.MultiBufferSource$BufferSource::endBatch@5 (line 85)
                      ; - net.minecraft.client.renderer.MultiBufferSource$BufferSource::endLastBatch@12 (line 71)
                      ; - net.minecraft.client.renderer.LevelRenderer::renderBlockOutline@216 (line 1093)
                      ; - net.minecraft.client.renderer.LevelRenderer::lambda$addMainPass$0@685 (line 746)
  0x000078876d19fe28: b4d8 90fe 

  0x000078876d19fe2c: ;   {post_call_nop}
  0x000078876d19fe2c: 0f1f 8400 | a42c 004b | 85c0 0f85 | 62fa ffff | 4d8b 5730 | 4c8b 9c24 | c800 0000 

  0x000078876d19fe48: ; ImmutableOopMap {r11=NarrowOop rbp=Oop [0]=NarrowOop [4]=NarrowOop [8]=Oop [16]=Oop [24]=Oop [32]=NarrowOop [48]=NarrowOop [52]=NarrowOop [56]=Oop [176]=Oop [184]=Oop [192]=Oop [200]=Oop [208]=Oop [216]=NarrowOop }
                      ;*ifnonnull {reexecute=1 rethrow=0 return_oop=0}
                      ; - (reexecute) java.util.HashMap::removeNode@168 (line 841)
                      ; - java.util.HashMap::remove@9 (line 806)
                      ; - net.minecraft.client.renderer.MultiBufferSource$BufferSource::endBatch@5 (line 85)
                      ; - net.minecraft.client.renderer.MultiBufferSource$BufferSource::endLastBatch@12 (line 71)
                      ; - net.minecraft.client.renderer.LevelRenderer::renderBlockOutline@216 (line 1093)
                      ; - net.minecraft.client.renderer.LevelRenderer::lambda$addMainPass$0@685 (line 746)
  0x000078876d19fe48: 458b 5b18 

  0x000078876d19fe4c: ;   {poll}
  0x000078876d19fe4c: 4185 0245 | 85db 0f84 | 6afa ffff | 4f8d 14dc | 4c8b 9c24 | c800 0000 | 4c89 5c24 | 404c 8994 
  0x000078876d19fe6c: 24c8 0000 | 00e9 f8f9 | ffff 4489 

  0x000078876d19fe78: ;   {metadata('java/util/HashMap$Values')}
  0x000078876d19fe78: 4424 2448 | be08 c757 | 1900 0000 

  0x000078876d19fe84: ;   {runtime_call C2 Runtime new_instance}
  0x000078876d19fe84: 0066 90e8 

  0x000078876d19fe88: ; ImmutableOopMap {rbp=Oop [4]=NarrowOop [8]=Oop [16]=Oop [24]=Oop [40]=Oop [48]=NarrowOop [52]=NarrowOop [56]=NarrowOop [60]=NarrowOop [176]=Oop [184]=Oop [192]=Oop [200]=Oop [208]=Oop }
                      ;*new {reexecute=0 rethrow=0 return_oop=1}
                      ; - java.util.HashMap::values@9 (line 1043)
                      ; - net.minecraft.client.renderer.state.level.QuadParticleRenderState::clear@4 (line 62)
                      ; - net.minecraft.client.renderer.state.level.ParticlesRenderState$$Lambda/0x000000001c9c3b30::accept@4
                      ; - java.util.ArrayList::forEach@46 (line 1604)
                      ; - net.minecraft.client.renderer.state.level.ParticlesRenderState::reset@9 (line 14)
                      ; - net.minecraft.client.renderer.LevelRenderer::lambda$addMainPass$0@722 (line 754)
  0x000078876d19fe88: 5410 9efe 

  0x000078876d19fe8c: ;   {post_call_nop}
  0x000078876d19fe8c: 0f1f 8400 | 042d 004d | e939 f0ff | ff89 3c24 | 418b ea49 | c1e2 0349 | 8bd1 48c1 | e203 498b 
  0x000078876d19feac: f28b cf45 | 33c0 4c89 

  0x000078876d19feb4: ;   {optimized virtual_call}
  0x000078876d19feb4: 5424 40e8 

  0x000078876d19feb8: ; ImmutableOopMap {rbp=NarrowOop [8]=Oop [16]=Oop [24]=Oop [32]=Oop [48]=NarrowOop [52]=NarrowOop [64]=Oop [80]=Oop [176]=Oop [184]=Oop [192]=Oop [200]=Oop [208]=Oop }
                      ;*invokevirtual createFbo {reexecute=0 rethrow=0 return_oop=0}
                      ; - com.mojang.blaze3d.opengl.GlTexture::getFbo@64 (line 60)
                      ; - com.mojang.blaze3d.opengl.GlCommandEncoder::clearColorAndDepthTextures@12 (line 115)
                      ; - com.mojang.blaze3d.systems.CommandEncoder::clearColorAndDepthTextures@41 (line 85)
                      ; - net.minecraft.client.renderer.LevelRenderer::lambda$addMainPass$0@210 (line 692)
  0x000078876d19feb8: 24d8 90fe 

  0x000078876d19febc: ;   {post_call_nop}
  0x000078876d19febc: 0f1f 8400 | 342d 004e | 448b d543 | 8944 d430 | 448b 0424 | 4789 44d4 | 3489 4424 | 28e9 eedc 
  0x000078876d19fedc: ffff 4889 | 5c24 1048 | 898c 24c8 | 0000 0044 | 8984 24c0 | 0000 0041 | 8bea 488b 

  0x000078876d19fef8: ;   {optimized virtual_call}
  0x000078876d19fef8: f366 90e8 

  0x000078876d19fefc: ; ImmutableOopMap {rbp=NarrowOop [4]=NarrowOop [8]=Oop [16]=Oop [24]=Oop [48]=NarrowOop [52]=NarrowOop [56]=Oop [80]=Oop [176]=Oop [184]=Oop [192]=NarrowOop [200]=Oop [208]=Oop }
                      ;*invokevirtual hashCode {reexecute=0 rethrow=0 return_oop=0}
                      ; - java.util.HashMap::hash@9 (line 338)
                      ; - java.util.HashMap::remove@2 (line 806)
                      ; - net.minecraft.client.renderer.MultiBufferSource$BufferSource::endBatch@5 (line 85)
                      ; - net.minecraft.client.renderer.MultiBufferSource$BufferSource::endLastBatch@12 (line 71)
                      ; - net.minecraft.client.renderer.LevelRenderer::renderBlockOutline@216 (line 1093)
                      ; - net.minecraft.client.renderer.LevelRenderer::lambda$addMainPass$0@574 (line 733)
  0x000078876d19fefc: e0d7 90fe 

  0x000078876d19ff00: ;   {post_call_nop}
  0x000078876d19ff00: 0f1f 8400 | 782d 004f | 448b d544 | 8b84 24c0 | 0000 0048 | 8b8c 24c8 | 0000 0048 | 8b5c 2410 
  0x000078876d19ff20: e9ab f2ff | ff48 895c | 2410 4889 | 8c24 c800 | 0000 4489 | 8424 c000 | 0000 8b6c | 2420 488b 
  0x000078876d19ff40: ;   {optimized virtual_call}
  0x000078876d19ff40: f366 90e8 

  0x000078876d19ff44: ; ImmutableOopMap {rbp=NarrowOop [4]=NarrowOop [8]=Oop [16]=Oop [24]=Oop [40]=Oop [48]=NarrowOop [52]=NarrowOop [56]=Oop [176]=Oop [184]=Oop [192]=NarrowOop [200]=Oop [208]=Oop }
                      ;*invokevirtual hashCode {reexecute=0 rethrow=0 return_oop=0}
                      ; - java.util.HashMap::hash@9 (line 338)
                      ; - java.util.HashMap::remove@2 (line 806)
                      ; - net.minecraft.client.renderer.MultiBufferSource$BufferSource::endBatch@5 (line 85)
                      ; - net.minecraft.client.renderer.MultiBufferSource$BufferSource::endLastBatch@12 (line 71)
                      ; - net.minecraft.client.renderer.LevelRenderer::renderBlockOutline@216 (line 1093)
                      ; - net.minecraft.client.renderer.LevelRenderer::lambda$addMainPass$0@685 (line 746)
  0x000078876d19ff44: 98d7 90fe 

  0x000078876d19ff48: ;   {post_call_nop}
  0x000078876d19ff48: 0f1f 8400 | c02d 0050 | 448b dd44 | 8b84 24c0 | 0000 0048 | 8b8c 24c8 | 0000 0048 | 8b5c 2410 
  0x000078876d19ff68: e9bb f5ff | ffbe e4ff | ffff 488b | 6c24 204c | 8b54 2438 | 4c89 9424 | b000 0000 | 4c8b 5424 
  0x000078876d19ff88: 084c 8914 | 244c 8b54 | 2418 4c89 | 5424 084c | 8b54 2428 | 4c89 5424 | 1044 8b54 | 2440 4489 
  0x000078876d19ffa8: 5424 3444 | 8b5c 2444 | 4489 5c24 | 3844 8b54 | 2448 4489 | 5424 3c4c | 8b54 2450 | 4c89 5424 
  0x000078876d19ffc8: 4044 8b5c | 244c 4489 | 5c24 4844 | 8b54 245c | 4489 5424 | 4c44 8b5c | 2458 4489 | 5c24 50c5 
  0x000078876d19ffe8: fb11 4424 | 58c5 fb11 | 5c24 68c5 | fb11 6c24 | 7044 8944 

  0x000078876d19fffc: ;   {runtime_call UncommonTrapBlob}
  0x000078876d19fffc: 2454 90e8 

  0x000078876d1a0000: ; ImmutableOopMap {rbp=Oop [0]=Oop [8]=Oop [16]=Oop [64]=Oop [72]=NarrowOop [76]=NarrowOop [80]=NarrowOop [84]=NarrowOop [96]=Oop [176]=Oop [184]=Oop [192]=Oop [200]=Oop [208]=Oop }
                      ;*aaload {reexecute=0 rethrow=0 return_oop=0}
                      ; - java.util.ArrayList$Itr::next@64 (line 1058)
                      ; - net.minecraft.client.renderer.LevelRenderer::submitEntities@53 (line 910)
                      ; - net.minecraft.client.renderer.LevelRenderer::lambda$addMainPass$0@257 (line 699)
  0x000078876d1a0000: dc17 9efe 

  0x000078876d1a0004: ;   {post_call_nop}
  0x000078876d1a0004: 0f1f 8400 | 7c2e 0051 | bef6 ffff | ff48 8994 | 24b8 0000 | 00c5 fb11 | a424 c000 | 0000 c5fb 
  0x000078876d1a0024: 118c 24c8 | 0000 00c5 | fb11 9424 | d000 0000 

  0x000078876d1a0034: ;   {runtime_call UncommonTrapBlob}
  0x000078876d1a0034: 6666 90e8 

  0x000078876d1a0038: ; ImmutableOopMap {rbp=NarrowOop [40]=Oop [88]=NarrowOop [184]=Oop }
                      ;*invokevirtual submit {reexecute=0 rethrow=0 return_oop=0}
                      ; - net.minecraft.client.renderer.LevelRenderer::submitEntities@112 (line 915)
                      ; - net.minecraft.client.renderer.LevelRenderer::lambda$addMainPass$0@257 (line 699)
  0x000078876d1a0038: a417 9efe 

  0x000078876d1a003c: ;   {post_call_nop}
  0x000078876d1a003c: 0f1f 8400 | b42e 0052 | bede ffff | ff41 8be8 

  0x000078876d1a004c: ;   {runtime_call UncommonTrapBlob}
  0x000078876d1a004c: 6666 90e8 

  0x000078876d1a0050: ; ImmutableOopMap {rbp=NarrowOop }
                      ;*checkcast {reexecute=0 rethrow=0 return_oop=0}
                      ; - net.minecraft.client.renderer.LevelRenderer::submitEntities@58 (line 910)
                      ; - net.minecraft.client.renderer.LevelRenderer::lambda$addMainPass$0@257 (line 699)
  0x000078876d1a0050: 8c17 9efe 

  0x000078876d1a0054: ;   {post_call_nop}
  0x000078876d1a0054: 0f1f 8400 | cc2e 0053 | 448b 1424 | e92f f3ff | ff44 8b9c | 24d8 0000 | 00e9 86f6 | ffff bef6 
  0x000078876d1a0074: ffff ff48 

  0x000078876d1a0078: ;   {runtime_call UncommonTrapBlob}
  0x000078876d1a0078: 8bea 90e8 

  0x000078876d1a007c: ; ImmutableOopMap {rbp=Oop }
                      ;*invokevirtual renderTranslucent {reexecute=0 rethrow=0 return_oop=0}
                      ; - net.minecraft.client.renderer.feature.FeatureRenderDispatcher::renderTranslucentParticles@40 (line 95)
                      ; - net.minecraft.client.renderer.LevelRenderer::lambda$addMainPass$0@703 (line 751)
  0x000078876d1a007c: 6017 9efe 

  0x000078876d1a0080: ;   {post_call_nop}
  0x000078876d1a0080: 0f1f 8400 | f82e 0054 | be45 ffff | ff4c 8b54 | 2438 4c89 | 1424 4c8b | 5424 184c | 8954 2410 
  0x000078876d1a00a0: 448b 5424 | 4044 8954 | 2438 448b | 5c24 4444 | 895c 243c | 448b 5424 | 4844 8954 | 2440 448b 
  0x000078876d1a00c0: 5c24 4c44 | 895c 2444 | 448b 5424 | 5c44 8954 | 2448 448b | 5c24 5844 | 895c 244c | c5fb 1144 
  0x000078876d1a00e0: 2458 c5fb | 115c 2468 | c5fb 116c | 2470 4889 

  0x000078876d1a00f0: ;   {runtime_call UncommonTrapBlob}
  0x000078876d1a00f0: 5424 78e8 

  0x000078876d1a00f4: ; ImmutableOopMap {[0]=Oop [8]=Oop [16]=Oop [32]=Oop [40]=Oop [68]=NarrowOop [72]=NarrowOop [76]=NarrowOop [80]=Oop [96]=Oop [120]=Oop [184]=Oop [192]=Oop [200]=Oop [208]=Oop }
                      ;*ifne {reexecute=1 rethrow=0 return_oop=0}
                      ; - (reexecute) net.minecraft.client.renderer.LevelRenderer::submitEntities@67 (line 911)
                      ; - net.minecraft.client.renderer.LevelRenderer::lambda$addMainPass$0@257 (line 699)
  0x000078876d1a00f4: e816 9efe 

  0x000078876d1a00f8: ;   {post_call_nop}
  0x000078876d1a00f8: 0f1f 8400 | 702f 0055 | be45 ffff | ff48 8b6c | 2420 4c8b | 5c24 384c | 899c 24b0 | 0000 004c 
  0x000078876d1a0118: 8b5c 2408 | 4c89 1c24 | 4c8b 5c24 | 184c 895c | 2408 4c8b | 5c24 284c | 895c 2410 | 4489 5424 
  0x000078876d1a0138: 3044 8b54 | 2448 448b | 5c24 4444 | 895c 2438 | 894c 243c | 4489 5424 | 4044 8b54 | 244c 4489 
  0x000078876d1a0158: 5424 4444 | 8b5c 245c | 4489 5c24 | 4844 8b54 | 2458 4489 | 5424 4cc5 | fb11 4424 | 58c5 fb11 
  0x000078876d1a0178: 5c24 68c5 | fb11 6c24 

  0x000078876d1a0180: ;   {runtime_call UncommonTrapBlob}
  0x000078876d1a0180: 7066 90e8 

  0x000078876d1a0184: ; ImmutableOopMap {rbp=Oop [0]=Oop [8]=Oop [16]=Oop [68]=NarrowOop [72]=NarrowOop [76]=NarrowOop [80]=Oop [96]=Oop [176]=Oop [184]=Oop [192]=Oop [200]=Oop [208]=Oop }
                      ;*if_icmpeq {reexecute=1 rethrow=0 return_oop=0}
                      ; - (reexecute) java.util.ArrayList$Itr::checkForComodification@11 (line 1095)
                      ; - java.util.ArrayList$Itr::next@1 (line 1050)
                      ; - net.minecraft.client.renderer.LevelRenderer::submitEntities@53 (line 910)
                      ; - net.minecraft.client.renderer.LevelRenderer::lambda$addMainPass$0@257 (line 699)
  0x000078876d1a0184: 5816 9efe 

  0x000078876d1a0188: ;   {post_call_nop}
  0x000078876d1a0188: 0f1f 8400 | 0030 0056 | be45 ffff | ff4c 8b54 | 2438 4c89 | 1424 4c8b | 5424 184c | 8954 2410 
  0x000078876d1a01a8: 4489 5c24 | 3c44 895c | 2440 894c | 2444 c5fb | 1144 2468 | c5fb 115c | 2470 c5fb | 116c 2478 
  0x000078876d1a01c8: ;   {runtime_call UncommonTrapBlob}
  0x000078876d1a01c8: 6666 90e8 

  0x000078876d1a01cc: ; ImmutableOopMap {[0]=Oop [8]=Oop [16]=Oop [32]=Oop [40]=Oop [76]=NarrowOop [80]=Oop [88]=NarrowOop [92]=NarrowOop [96]=Oop [184]=Oop [192]=Oop [200]=Oop [208]=Oop }
                      ;*if_icmplt {reexecute=1 rethrow=0 return_oop=0}
                      ; - (reexecute) java.util.ArrayList$Itr::next@17 (line 1052)
                      ; - net.minecraft.client.renderer.LevelRenderer::submitEntities@53 (line 910)
                      ; - net.minecraft.client.renderer.LevelRenderer::lambda$addMainPass$0@257 (line 699)
  0x000078876d1a01cc: 1016 9efe 

  0x000078876d1a01d0: ;   {post_call_nop}
  0x000078876d1a01d0: 0f1f 8400 | 4830 0057 | be45 ffff | ff48 8b6c | 2420 4c8b | 5424 384c | 8994 24b0 | 0000 004c 
  0x000078876d1a01f0: 8b54 2408 | 4c89 1424 | 4c8b 5424 | 184c 8954 | 2408 4c8b | 5424 284c | 8954 2410 | 448b 5424 
  0x000078876d1a0210: 4444 8954 | 2434 894c | 2438 448b | 5424 4844 | 8954 243c | 4c8b 5424 | 504c 8954 | 2440 448b 
  0x000078876d1a0230: 4424 4c44 | 8944 2448 | 448b 5424 | 5c44 8954 | 244c 448b | 4424 5844 | 8944 2450 | c5fb 1144 
  0x000078876d1a0250: 2458 c5fb | 115c 2468 | c5fb 116c | 2470 4489 

  0x000078876d1a0260: ;   {runtime_call UncommonTrapBlob}
  0x000078876d1a0260: 5c24 54e8 

  0x000078876d1a0264: ; ImmutableOopMap {rbp=Oop [0]=Oop [8]=Oop [16]=Oop [64]=Oop [72]=NarrowOop [76]=NarrowOop [80]=NarrowOop [96]=Oop [176]=Oop [184]=Oop [192]=Oop [200]=Oop [208]=Oop }
                      ;*if_icmplt {reexecute=1 rethrow=0 return_oop=0}
                      ; - (reexecute) java.util.ArrayList$Itr::next@39 (line 1055)
                      ; - net.minecraft.client.renderer.LevelRenderer::submitEntities@53 (line 910)
                      ; - net.minecraft.client.renderer.LevelRenderer::lambda$addMainPass$0@257 (line 699)
  0x000078876d1a0264: 7815 9efe 

  0x000078876d1a0268: ;   {post_call_nop}
  0x000078876d1a0268: 0f1f 8400 | e030 0058 | bef6 ffff 

  0x000078876d1a0274: ;   {runtime_call UncommonTrapBlob}
  0x000078876d1a0274: ff66 90e8 

  0x000078876d1a0278: ; ImmutableOopMap {}
                      ;*getfield pos {reexecute=1 rethrow=0 return_oop=0}
                      ; - (reexecute) net.minecraft.client.renderer.LevelRenderer::lambda$addMainPass$0@8 (line 669)
  0x000078876d1a0278: 6415 9efe 

  0x000078876d1a027c: ;   {post_call_nop}
  0x000078876d1a027c: 0f1f 8400 | f430 0059 | bef6 ffff 

  0x000078876d1a0288: ;   {runtime_call UncommonTrapBlob}
  0x000078876d1a0288: ff66 90e8 

  0x000078876d1a028c: ; ImmutableOopMap {}
                      ;*invokevirtual x {reexecute=0 rethrow=0 return_oop=0}
                      ; - net.minecraft.client.renderer.LevelRenderer::lambda$addMainPass$0@15 (line 670)
  0x000078876d1a028c: 5015 9efe 

  0x000078876d1a0290: ;   {post_call_nop}
  0x000078876d1a0290: 0f1f 8400 | 0831 005a | bef6 ffff 

  0x000078876d1a029c: ;   {runtime_call UncommonTrapBlob}
  0x000078876d1a029c: ff66 90e8 

  0x000078876d1a02a0: ; ImmutableOopMap {rbp=NarrowOop }
                      ;*invokevirtual renderGroup {reexecute=0 rethrow=0 return_oop=0}
                      ; - net.minecraft.client.renderer.LevelRenderer::lambda$addMainPass$0@112 (line 684)
  0x000078876d1a02a0: 3c15 9efe 

  0x000078876d1a02a4: ;   {post_call_nop}
  0x000078876d1a02a4: 0f1f 8400 | 1c31 005b | bef6 ffff 

  0x000078876d1a02b0: ;   {runtime_call UncommonTrapBlob}
  0x000078876d1a02b0: ff66 90e8 

  0x000078876d1a02b4: ; ImmutableOopMap {}
                      ;*invokevirtual hasColorAspect {reexecute=0 rethrow=0 return_oop=0}
                      ; - com.mojang.blaze3d.systems.CommandEncoder::verifyColorTexture@4 (line 470)
                      ; - com.mojang.blaze3d.systems.CommandEncoder::clearColorAndDepthTextures@24 (line 83)
                      ; - net.minecraft.client.renderer.LevelRenderer::lambda$addMainPass$0@210 (line 692)
  0x000078876d1a02b4: 2815 9efe 

  0x000078876d1a02b8: ;   {post_call_nop}
  0x000078876d1a02b8: 0f1f 8400 | 3031 005c | bef6 ffff 

  0x000078876d1a02c4: ;   {runtime_call UncommonTrapBlob}
  0x000078876d1a02c4: ff66 90e8 

  0x000078876d1a02c8: ; ImmutableOopMap {}
                      ;*invokevirtual hasDepthAspect {reexecute=0 rethrow=0 return_oop=0}
                      ; - com.mojang.blaze3d.systems.CommandEncoder::verifyDepthTexture@4 (line 484)
                      ; - com.mojang.blaze3d.systems.CommandEncoder::clearColorAndDepthTextures@29 (line 84)
                      ; - net.minecraft.client.renderer.LevelRenderer::lambda$addMainPass$0@210 (line 692)
  0x000078876d1a02c8: 1415 9efe 

  0x000078876d1a02cc: ;   {post_call_nop}
  0x000078876d1a02cc: 0f1f 8400 | 4431 005d | bede ffff | ff49 8bea | 4889 1c24 | 4c8b 5424 | 184c 8954 | 2408 4c89 
  0x000078876d1a02ec: 4c24 184c | 8944 2420 

  0x000078876d1a02f4: ;   {runtime_call UncommonTrapBlob}
  0x000078876d1a02f4: 6666 90e8 

  0x000078876d1a02f8: ; ImmutableOopMap {rbp=Oop [0]=Oop [8]=Oop [24]=Oop [32]=Oop [176]=Oop [184]=Oop [192]=Oop [200]=Oop [208]=Oop }
                      ;*invokeinterface push {reexecute=0 rethrow=0 return_oop=0}
                      ; - net.minecraft.client.renderer.LevelRenderer::lambda$addMainPass$0@38 (line 673)
  0x000078876d1a02f8: e414 9efe 

  0x000078876d1a02fc: ;   {post_call_nop}
  0x000078876d1a02fc: 0f1f 8400 | 7431 005e | bede ffff | ff49 8bea | 4c8b 5424 | 104c 8994 | 24b0 0000 | 004c 8b54 
  0x000078876d1a031c: 2408 4c89 | 1424 4c8b | 5424 184c | 8954 2408 | 4c89 5c24 

  0x000078876d1a0330: ;   {runtime_call UncommonTrapBlob}
  0x000078876d1a0330: 1866 90e8 

  0x000078876d1a0334: ; ImmutableOopMap {rbp=Oop [0]=Oop [8]=Oop [24]=Oop [80]=Oop [176]=Oop [184]=Oop [192]=Oop [200]=Oop [208]=Oop }
                      ;*invokeinterface get {reexecute=0 rethrow=0 return_oop=0}
                      ; - net.minecraft.client.renderer.LevelRenderer::lambda$addMainPass$0@182 (line 689)
  0x000078876d1a0334: a814 9efe 

  0x000078876d1a0338: ;   {post_call_nop}
  0x000078876d1a0338: 0f1f 8400 | b031 005f | bede ffff | ff4c 8994 | 24b0 0000 | 004c 8b54 | 2410 4c89 | 1424 4c8b 
  0x000078876d1a0358: 5424 184c | 8954 2410 | 4c89 4c24 

  0x000078876d1a0364: ;   {runtime_call UncommonTrapBlob}
  0x000078876d1a0364: 2066 90e8 

  0x000078876d1a0368: ; ImmutableOopMap {rbp=NarrowOop [0]=Oop [8]=Oop [16]=Oop [32]=Oop [80]=Oop [176]=Oop [184]=Oop [192]=Oop [200]=Oop [208]=Oop }
                      ;*invokeinterface createCommandEncoder {reexecute=0 rethrow=0 return_oop=0}
                      ; - com.mojang.blaze3d.systems.GpuDevice::createCommandEncoder@12 (line 31)
                      ; - net.minecraft.client.renderer.LevelRenderer::lambda$addMainPass$0@195 (line 691)
  0x000078876d1a0368: 7414 9efe 

  0x000078876d1a036c: ;   {post_call_nop}
  0x000078876d1a036c: 0f1f 8400 | e431 0060 | bede ffff | ff49 8bea | 4c8b 5424 | 104c 8994 | 24b0 0000 | 004c 8b54 
  0x000078876d1a038c: 2408 4c89 | 1424 4c8b | 5424 184c | 8954 2408 | 4489 4424 | 1844 894c | 241c 4889 | 7c24 2844 
  0x000078876d1a03ac: 895c 2424 

  0x000078876d1a03b0: ;   {runtime_call UncommonTrapBlob}
  0x000078876d1a03b0: 6666 90e8 

  0x000078876d1a03b4: ; ImmutableOopMap {rbp=Oop [0]=Oop [8]=Oop [24]=NarrowOop [28]=NarrowOop [36]=NarrowOop [40]=Oop [80]=Oop [176]=Oop [184]=Oop [192]=Oop [200]=Oop [208]=Oop }
                      ;*invokeinterface isInRenderPass {reexecute=0 rethrow=0 return_oop=0}
                      ; - com.mojang.blaze3d.systems.CommandEncoder::clearColorAndDepthTextures@4 (line 80)
                      ; - net.minecraft.client.renderer.LevelRenderer::lambda$addMainPass$0@210 (line 692)
  0x000078876d1a03b4: 2814 9efe 

  0x000078876d1a03b8: ;   {post_call_nop}
  0x000078876d1a03b8: 0f1f 8400 | 3032 0061 | bef4 ffff | ff49 8bea | 4c8b 5424 | 104c 8994 | 24b0 0000 | 004c 8b54 
  0x000078876d1a03d8: 2408 4c89 

  0x000078876d1a03dc: ;   {runtime_call UncommonTrapBlob}
  0x000078876d1a03dc: 1424 90e8 

  0x000078876d1a03e0: ; ImmutableOopMap {rbp=Oop [0]=Oop [24]=Oop [80]=Oop [176]=Oop [184]=Oop [192]=Oop [200]=Oop [208]=Oop }
                      ;*checkcast {reexecute=0 rethrow=0 return_oop=0}
                      ; - net.minecraft.client.renderer.LevelRenderer::lambda$addMainPass$0@187 (line 689)
  0x000078876d1a03e0: fc13 9efe 

  0x000078876d1a03e4: ;   {post_call_nop}
  0x000078876d1a03e4: 0f1f 8400 | 5c32 0062 | bee4 ffff | ff48 8bac | 24c0 0000 | 004c 8b94 | 24b8 0000 | 004c 8994 
  0x000078876d1a0404: 24b0 0000 | 004c 8b54 | 2408 4c89 | 9424 b800 | 0000 4c8b | 9424 d000 | 0000 4c89 | 9424 c800 
  0x000078876d1a0424: 0000 4c8b | 5424 104c | 8994 24d0 | 0000 0044 | 8944 2408 

  0x000078876d1a0438: ;   {runtime_call UncommonTrapBlob}
  0x000078876d1a0438: 6666 90e8 

  0x000078876d1a043c: ; ImmutableOopMap {rbp=Oop [24]=Oop [56]=NarrowOop [60]=NarrowOop [176]=Oop [184]=Oop [200]=Oop [208]=Oop }
                      ;*aaload {reexecute=0 rethrow=0 return_oop=0}
                      ; - java.util.ArrayList::elementAt@2 (line 417)
                      ; - java.util.ArrayList::forEach@43 (line 1604)
                      ; - net.minecraft.client.renderer.state.level.ParticlesRenderState::reset@9 (line 14)
                      ; - net.minecraft.client.renderer.LevelRenderer::lambda$addMainPass$0@722 (line 754)
  0x000078876d1a043c: a013 9efe 

  0x000078876d1a0440: ;   {post_call_nop}
  0x000078876d1a0440: 0f1f 8400 | b832 0063 | bede ffff | ff4c 8b94 | 24c0 0000 | 004c 8994 | 24b0 0000 | 004c 8b54 
  0x000078876d1a0460: 2408 4c89 | 9424 c000 | 0000 4c8b | 5424 184c | 8994 24c8 | 0000 004c | 8b54 2410 | 4c89 1424 
  0x000078876d1a0480: 4489 4424 

  0x000078876d1a0484: ;   {runtime_call UncommonTrapBlob}
  0x000078876d1a0484: 0c66 90e8 

  0x000078876d1a0488: ; ImmutableOopMap {rbp=NarrowOop [0]=Oop [40]=Oop [56]=NarrowOop [60]=NarrowOop [176]=Oop [184]=Oop [192]=Oop [200]=Oop [208]=Oop }
                      ;*invokeinterface values {reexecute=0 rethrow=0 return_oop=0}
                      ; - net.minecraft.client.renderer.state.level.QuadParticleRenderState::clear@4 (line 62)
                      ; - net.minecraft.client.renderer.state.level.ParticlesRenderState$$Lambda/0x000000001c9c3b30::accept@4
                      ; - java.util.ArrayList::forEach@46 (line 1604)
                      ; - net.minecraft.client.renderer.state.level.ParticlesRenderState::reset@9 (line 14)
                      ; - net.minecraft.client.renderer.LevelRenderer::lambda$addMainPass$0@722 (line 754)
  0x000078876d1a0488: 5413 9efe 

  0x000078876d1a048c: ;   {post_call_nop}
  0x000078876d1a048c: 0f1f 8400 | 0433 0064 | bede ffff | ff48 8bac | 24c0 0000 | 004c 8b94 | 24b8 0000 | 004c 8994 
  0x000078876d1a04ac: 24b0 0000 | 004c 8b54 | 2408 4c89 | 9424 b800 | 0000 4c8b | 5424 184c | 8994 24c0 | 0000 004c 
  0x000078876d1a04cc: 8b94 24d0 | 0000 004c | 8994 24c8 | 0000 004c | 8b54 2410 | 4c89 9424 | d000 0000 | 4889 4424 
  0x000078876d1a04ec: ;   {runtime_call UncommonTrapBlob}
  0x000078876d1a04ec: 1066 90e8 

  0x000078876d1a04f0: ; ImmutableOopMap {rbp=Oop [16]=Oop [40]=Oop [56]=NarrowOop [60]=NarrowOop [176]=Oop [184]=Oop [192]=Oop [200]=Oop [208]=Oop }
                      ;*invokeinterface forEach {reexecute=0 rethrow=0 return_oop=0}
                      ; - net.minecraft.client.renderer.state.level.QuadParticleRenderState::clear@14 (line 62)
                      ; - net.minecraft.client.renderer.state.level.ParticlesRenderState$$Lambda/0x000000001c9c3b30::accept@4
                      ; - java.util.ArrayList::forEach@46 (line 1604)
                      ; - net.minecraft.client.renderer.state.level.ParticlesRenderState::reset@9 (line 14)
                      ; - net.minecraft.client.renderer.LevelRenderer::lambda$addMainPass$0@722 (line 754)
  0x000078876d1a04f0: ec12 9efe 

  0x000078876d1a04f4: ;   {post_call_nop}
  0x000078876d1a04f4: 0f1f 8400 | 6c33 0065 | be6e ffff | ff4c 8b94 | 24c0 0000 | 004c 8994 | 24b0 0000 | 004c 8b54 
  0x000078876d1a0514: 2408 4c89 | 9424 c000 | 0000 4c8b | 5424 184c | 8994 24c8 | 0000 004c | 8b54 2410 | 4c89 1424 
  0x000078876d1a0534: 448b 5424 | 2044 8954 | 2408 448b | 5c24 2444 | 895c 240c | 4c8b 5424 | 284c 8954 | 2410 4889 
  0x000078876d1a0554: 4424 1844 | 894c 2420 | 894c 2428 

  0x000078876d1a0560: ;   {runtime_call UncommonTrapBlob}
  0x000078876d1a0560: 6666 90e8 

  0x000078876d1a0564: ; ImmutableOopMap {rbp=NarrowOop [0]=Oop [16]=Oop [24]=Oop [56]=NarrowOop [60]=NarrowOop [176]=Oop [184]=Oop [192]=Oop [200]=Oop [208]=Oop }
                      ;*if_icmpge {reexecute=1 rethrow=0 return_oop=0}
                      ; - (reexecute) java.util.HashMap$Values::forEach@57 (line 1072)
                      ; - net.minecraft.client.renderer.state.level.QuadParticleRenderState::clear@14 (line 62)
                      ; - net.minecraft.client.renderer.state.level.ParticlesRenderState$$Lambda/0x000000001c9c3b30::accept@4
                      ; - java.util.ArrayList::forEach@46 (line 1604)
                      ; - net.minecraft.client.renderer.state.level.ParticlesRenderState::reset@9 (line 14)
                      ; - net.minecraft.client.renderer.LevelRenderer::lambda$addMainPass$0@722 (line 754)
  0x000078876d1a0564: 7812 9efe 

  0x000078876d1a0568: ;   {post_call_nop}
  0x000078876d1a0568: 0f1f 8400 | e033 0066 | bef6 ffff 

  0x000078876d1a0574: ;   {runtime_call UncommonTrapBlob}
  0x000078876d1a0574: ff66 90e8 

  0x000078876d1a0578: ; ImmutableOopMap {}
                      ;*getfield modCount {reexecute=1 rethrow=0 return_oop=0}
                      ; - (reexecute) java.util.HashMap$Values::forEach@103 (line 1076)
                      ; - net.minecraft.client.renderer.state.level.QuadParticleRenderState::clear@14 (line 62)
                      ; - net.minecraft.client.renderer.state.level.ParticlesRenderState$$Lambda/0x000000001c9c3b30::accept@4
                      ; - java.util.ArrayList::forEach@46 (line 1604)
                      ; - net.minecraft.client.renderer.state.level.ParticlesRenderState::reset@9 (line 14)
                      ; - net.minecraft.client.renderer.LevelRenderer::lambda$addMainPass$0@722 (line 754)
  0x000078876d1a0578: 6412 9efe 

  0x000078876d1a057c: ;   {post_call_nop}
  0x000078876d1a057c: 0f1f 8400 | f433 0067 | bef6 ffff | ff44 898c | 24b0 0000 

  0x000078876d1a0590: ;   {runtime_call UncommonTrapBlob}
  0x000078876d1a0590: 0066 90e8 

  0x000078876d1a0594: ; ImmutableOopMap {rbp=NarrowOop [176]=NarrowOop }
                      ;*invokevirtual submit {reexecute=0 rethrow=0 return_oop=0}
                      ; - net.minecraft.client.renderer.LevelRenderer::lambda$addMainPass$0@283 (line 701)
  0x000078876d1a0594: 4812 9efe 

  0x000078876d1a0598: ;   {post_call_nop}
  0x000078876d1a0598: 0f1f 8400 | 1034 0068 | bef6 ffff 

  0x000078876d1a05a4: ;   {runtime_call UncommonTrapBlob}
  0x000078876d1a05a4: ff66 90e8 

  0x000078876d1a05a8: ; ImmutableOopMap {}
                      ;*invokevirtual renderSolidFeatures {reexecute=0 rethrow=0 return_oop=0}
                      ; - net.minecraft.client.renderer.LevelRenderer::lambda$addMainPass$0@346 (line 706)
  0x000078876d1a05a8: 3412 9efe 

  0x000078876d1a05ac: ;   {post_call_nop}
  0x000078876d1a05ac: 0f1f 8400 | 2434 0069 | bef6 ffff 

  0x000078876d1a05b8: ;   {runtime_call UncommonTrapBlob}
  0x000078876d1a05b8: ff66 90e8 

  0x000078876d1a05bc: ; ImmutableOopMap {}
                      ;*invokevirtual endBatch {reexecute=0 rethrow=0 return_oop=0}
                      ; - net.minecraft.client.renderer.LevelRenderer::lambda$addMainPass$0@351 (line 707)
  0x000078876d1a05bc: 2012 9efe 

  0x000078876d1a05c0: ;   {post_call_nop}
  0x000078876d1a05c0: 0f1f 8400 | 3834 006a | bef6 ffff 

  0x000078876d1a05cc: ;   {runtime_call UncommonTrapBlob}
  0x000078876d1a05cc: ff66 90e8 

  0x000078876d1a05d0: ; ImmutableOopMap {}
                      ;*invokevirtual renderTranslucentFeatures {reexecute=0 rethrow=0 return_oop=0}
                      ; - net.minecraft.client.renderer.LevelRenderer::lambda$addMainPass$0@498 (line 725)
  0x000078876d1a05d0: 0c12 9efe 

  0x000078876d1a05d4: ;   {post_call_nop}
  0x000078876d1a05d4: 0f1f 8400 | 4c34 006b | bef6 ffff 

  0x000078876d1a05e0: ;   {runtime_call UncommonTrapBlob}
  0x000078876d1a05e0: ff66 90e8 

  0x000078876d1a05e4: ; ImmutableOopMap {}
                      ;*invokevirtual endBatch {reexecute=0 rethrow=0 return_oop=0}
                      ; - net.minecraft.client.renderer.LevelRenderer::lambda$addMainPass$0@508 (line 727)
  0x000078876d1a05e4: f811 9efe 

  0x000078876d1a05e8: ;   {post_call_nop}
  0x000078876d1a05e8: 0f1f 8400 | 6034 006c | bef6 ffff 

  0x000078876d1a05f4: ;   {runtime_call UncommonTrapBlob}
  0x000078876d1a05f4: ff66 90e8 

  0x000078876d1a05f8: ; ImmutableOopMap {}
                      ;*invokevirtual endBatch {reexecute=0 rethrow=0 return_oop=0}
                      ; - net.minecraft.client.renderer.OutlineBufferSource::endOutlineBatch@4 (line 36)
                      ; - net.minecraft.client.renderer.LevelRenderer::lambda$addMainPass$0@559 (line 731)
  0x000078876d1a05f8: e411 9efe 

  0x000078876d1a05fc: ;   {post_call_nop}
  0x000078876d1a05fc: 0f1f 8400 | 7434 006d | bef6 ffff 

  0x000078876d1a0608: ;   {runtime_call UncommonTrapBlob}
  0x000078876d1a0608: ff66 90e8 

  0x000078876d1a060c: ; ImmutableOopMap {rbp=NarrowOop [24]=Oop [32]=NarrowOop [208]=Oop }
                      ;*invokevirtual render {reexecute=0 rethrow=0 return_oop=0}
                      ; - net.minecraft.client.renderer.LevelRenderer::lambda$addMainPass$0@603 (line 738)
  0x000078876d1a060c: d011 9efe 

  0x000078876d1a0610: ;   {post_call_nop}
  0x000078876d1a0610: 0f1f 8400 | 8834 006e | bede ffff | ff48 8b54 | 2408 4889 | 1424 488b | 5424 1848 | 8954 2408 
  0x000078876d1a0630: 4889 4c24 | 2048 895c | 2428 488b | 4c24 5048 | 894c 2430 | 4489 5c24 | 3844 8944 | 243c 4489 
  0x000078876d1a0650: 4c24 40c5 | fb11 4424 | 48c5 fb11 | 5c24 50c5 | fb11 6c24 | 5844 8954 

  0x000078876d1a0668: ;   {runtime_call UncommonTrapBlob}
  0x000078876d1a0668: 2444 90e8 

  0x000078876d1a066c: ; ImmutableOopMap {rbp=Oop [0]=Oop [8]=Oop [32]=Oop [40]=Oop [48]=Oop [56]=NarrowOop [60]=NarrowOop [64]=NarrowOop [68]=NarrowOop [184]=Oop [192]=Oop [200]=Oop [208]=Oop }
                      ;*invokeinterface iterator {reexecute=0 rethrow=0 return_oop=0}
                      ; - net.minecraft.client.renderer.LevelRenderer::submitEntities@34 (line 910)
                      ; - net.minecraft.client.renderer.LevelRenderer::lambda$addMainPass$0@257 (line 699)
  0x000078876d1a066c: 7011 9efe 

  0x000078876d1a0670: ;   {post_call_nop}
  0x000078876d1a0670: 0f1f 8400 | e834 006f | bede ffff | ff49 8be9 | 48ff 7424 | 3848 8f84 | 24b0 0000 | 004c 8b54 
  0x000078876d1a0690: 2408 4c89 | 1424 4c8b | 5424 184c | 8954 2408 | 4c8b 5424 | 284c 8954 | 2420 4c8b | 5424 504c 
  0x000078876d1a06b0: 8954 2428 | 448b 5424 | 4c44 8954 | 2430 4489 | 4424 38c5 | fb11 4424 | 40c5 fb11 | 5424 48c5 
  0x000078876d1a06d0: fb11 4c24 | 5089 5c24 

  0x000078876d1a06d8: ;   {runtime_call UncommonTrapBlob}
  0x000078876d1a06d8: 3c66 90e8 

  0x000078876d1a06dc: ; ImmutableOopMap {rbp=Oop [0]=Oop [8]=Oop [32]=Oop [40]=Oop [48]=NarrowOop [56]=NarrowOop [60]=NarrowOop [92]=NarrowOop [176]=Oop [184]=Oop [192]=Oop [200]=Oop [208]=Oop }
                      ;*invokeinterface iterator {reexecute=0 rethrow=0 return_oop=0}
                      ; - net.minecraft.client.renderer.LevelRenderer::submitBlockDestroyAnimation@34 (line 1019)
                      ; - net.minecraft.client.renderer.LevelRenderer::lambda$addMainPass$0@294 (line 702)
  0x000078876d1a06dc: 0011 9efe 

  0x000078876d1a06e0: ;   {post_call_nop}
  0x000078876d1a06e0: 0f1f 8400 | 5835 0070 | bede ffff | ff44 890c 

  0x000078876d1a06f0: ;   {runtime_call UncommonTrapBlob}
  0x000078876d1a06f0: 2466 90e8 

  0x000078876d1a06f4: ; ImmutableOopMap {rbp=NarrowOop [0]=NarrowOop [8]=Oop [24]=Oop [32]=NarrowOop [176]=Oop [184]=Oop [208]=Oop }
                      ;*invokeinterface iterator {reexecute=0 rethrow=0 return_oop=0}
                      ; - net.minecraft.client.renderer.feature.FeatureRenderDispatcher::renderTranslucentParticles@10 (line 94)
                      ; - net.minecraft.client.renderer.LevelRenderer::lambda$addMainPass$0@703 (line 751)
  0x000078876d1a06f4: e810 9efe 

  0x000078876d1a06f8: ;   {post_call_nop}
  0x000078876d1a06f8: 0f1f 8400 | 7035 0071 | bede ffff | ff4c 898c | 24b0 0000 

  0x000078876d1a070c: ;   {runtime_call UncommonTrapBlob}
  0x000078876d1a070c: 0066 90e8 

  0x000078876d1a0710: ; ImmutableOopMap {rbp=NarrowOop [8]=Oop [24]=Oop [176]=Oop [184]=Oop [208]=Oop }
                      ;*invokeinterface forEach {reexecute=0 rethrow=0 return_oop=0}
                      ; - net.minecraft.client.renderer.SubmitNodeStorage::clear@12 (line 168)
                      ; - net.minecraft.client.renderer.feature.FeatureRenderDispatcher::clearSubmitNodes@4 (line 100)
                      ; - net.minecraft.client.renderer.LevelRenderer::lambda$addMainPass$0@715 (line 753)
  0x000078876d1a0710: cc10 9efe 

  0x000078876d1a0714: ;   {post_call_nop}
  0x000078876d1a0714: 0f1f 8400 | 8c35 0072 | bede ffff | ff4c 898c | 24b0 0000 | 0044 899c | 24d8 0000 

  0x000078876d1a0730: ;   {runtime_call UncommonTrapBlob}
  0x000078876d1a0730: 0066 90e8 

  0x000078876d1a0734: ; ImmutableOopMap {rbp=NarrowOop [8]=Oop [24]=Oop [176]=Oop [184]=Oop [208]=Oop [216]=NarrowOop }
                      ;*invokeinterface forEach {reexecute=0 rethrow=0 return_oop=0}
                      ; - net.minecraft.client.renderer.state.level.ParticlesRenderState::reset@9 (line 14)
                      ; - net.minecraft.client.renderer.LevelRenderer::lambda$addMainPass$0@722 (line 754)
  0x000078876d1a0734: a810 9efe 

  0x000078876d1a0738: ;   {post_call_nop}
  0x000078876d1a0738: 0f1f 8400 | b035 0073 | bede ffff | ff4c 8b94 | 24c0 0000 | 004c 8994 | 24b0 0000 

  0x000078876d1a0754: ;   {runtime_call UncommonTrapBlob}
  0x000078876d1a0754: 0066 90e8 

  0x000078876d1a0758: ; ImmutableOopMap {rbp=NarrowOop [8]=Oop [24]=Oop [176]=Oop [184]=Oop [208]=Oop }
                      ;*invokeinterface clear {reexecute=0 rethrow=0 return_oop=0}
                      ; - net.minecraft.client.renderer.state.level.ParticlesRenderState::reset@18 (line 15)
                      ; - net.minecraft.client.renderer.LevelRenderer::lambda$addMainPass$0@722 (line 754)
  0x000078876d1a0758: 8410 9efe 

  0x000078876d1a075c: ;   {post_call_nop}
  0x000078876d1a075c: 0f1f 8400 | d435 0074 | be45 ffff | ff41 b820 | 0000 004d | 3bc3 bdff | ffff ff7c | 0840 0f95 
  0x000078876d1a077c: c540 0fb6 

  0x000078876d1a0780: ;   {runtime_call UncommonTrapBlob}
  0x000078876d1a0780: ed66 90e8 

  0x000078876d1a0784: ; ImmutableOopMap {[0]=Oop [8]=Oop [16]=Oop [24]=Oop [80]=Oop [176]=Oop [184]=Oop [192]=Oop [200]=Oop [208]=Oop }
                      ;*ifgt {reexecute=1 rethrow=0 return_oop=0}
                      ; - (reexecute) com.mojang.blaze3d.buffers.GpuBuffer::slice@20 (line 46)
                      ; - com.mojang.blaze3d.platform.Lighting::setupFor@18 (line 75)
                      ; - net.minecraft.client.renderer.LevelRenderer::lambda$addMainPass$0@165 (line 687)
  0x000078876d1a0784: 5810 9efe 

  0x000078876d1a0788: ;   {post_call_nop}
  0x000078876d1a0788: 0f1f 8400 | 0036 0075 | be45 ffff | ff4c 8914 

  0x000078876d1a0798: ;   {runtime_call UncommonTrapBlob}
  0x000078876d1a0798: 2466 90e8 

  0x000078876d1a079c: ; ImmutableOopMap {[0]=Oop [8]=Oop [16]=Oop [24]=Oop [80]=Oop [176]=Oop [184]=Oop [192]=Oop [200]=Oop [208]=Oop }
                      ;*ifne {reexecute=1 rethrow=0 return_oop=0}
                      ; - (reexecute) net.minecraft.client.renderer.LevelRenderer::shouldShowEntityOutlines@10 (line 243)
                      ; - net.minecraft.client.renderer.LevelRenderer::lambda$addMainPass$0@169 (line 688)
  0x000078876d1a079c: 4010 9efe 

  0x000078876d1a07a0: ;   {post_call_nop}
  0x000078876d1a07a0: 0f1f 8400 | 1836 0076 | be45 ffff | ff4c 8914 | 2448 895c | 2408 4c89 | 4424 104c | 894c 2420 
  0x000078876d1a07c0: ;   {runtime_call UncommonTrapBlob}
  0x000078876d1a07c0: 6666 90e8 

  0x000078876d1a07c4: ; ImmutableOopMap {rbp=NarrowOop [0]=Oop [8]=Oop [16]=Oop [24]=Oop [32]=Oop [176]=Oop [184]=Oop [192]=Oop [200]=Oop [208]=Oop }
                      ;*ifnonnull {reexecute=1 rethrow=0 return_oop=0}
                      ; - (reexecute) net.minecraft.client.renderer.LevelRenderer::lambda$addMainPass$0@47 (line 674)
  0x000078876d1a07c4: 1810 9efe 

  0x000078876d1a07c8: ;   {post_call_nop}
  0x000078876d1a07c8: 0f1f 8400 | 4036 0077 | be45 ffff | ff4c 8914 

  0x000078876d1a07d8: ;   {runtime_call UncommonTrapBlob}
  0x000078876d1a07d8: 2466 90e8 

  0x000078876d1a07dc: ; ImmutableOopMap {rbp=NarrowOop [0]=Oop [8]=Oop [16]=Oop [24]=Oop [80]=Oop [176]=Oop [184]=Oop [192]=Oop [200]=Oop [208]=Oop }
                      ;*ifnull {reexecute=1 rethrow=0 return_oop=0}
                      ; - (reexecute) net.minecraft.client.renderer.LevelRenderer::shouldShowEntityOutlines@17 (line 243)
                      ; - net.minecraft.client.renderer.LevelRenderer::lambda$addMainPass$0@169 (line 688)
  0x000078876d1a07dc: 0010 9efe 

  0x000078876d1a07e0: ;   {post_call_nop}
  0x000078876d1a07e0: 0f1f 8400 | 5836 0078 | be45 ffff | ff4c 8914 

  0x000078876d1a07f0: ;   {runtime_call UncommonTrapBlob}
  0x000078876d1a07f0: 2466 90e8 

  0x000078876d1a07f4: ; ImmutableOopMap {rbp=NarrowOop [0]=Oop [8]=Oop [16]=Oop [24]=Oop [80]=Oop [176]=Oop [184]=Oop [192]=Oop [200]=Oop [208]=Oop }
                      ;*ifnull {reexecute=1 rethrow=0 return_oop=0}
                      ; - (reexecute) net.minecraft.client.renderer.LevelRenderer::shouldShowEntityOutlines@27 (line 243)
                      ; - net.minecraft.client.renderer.LevelRenderer::lambda$addMainPass$0@169 (line 688)
  0x000078876d1a07f4: e80f 9efe 

  0x000078876d1a07f8: ;   {post_call_nop}
  0x000078876d1a07f8: 0f1f 8400 | 7036 0079 | be45 ffff | ff4c 8b54 | 2410 4c89 | 1424 4c8b | 5424 184c | 8954 2410 
  0x000078876d1a0818: ;   {runtime_call UncommonTrapBlob}
  0x000078876d1a0818: 6666 90e8 

  0x000078876d1a081c: ; ImmutableOopMap {[0]=Oop [8]=Oop [16]=Oop [80]=Oop [176]=Oop [184]=Oop [192]=Oop [200]=Oop [208]=Oop }
                      ;*ifeq {reexecute=1 rethrow=0 return_oop=0}
                      ; - (reexecute) com.mojang.blaze3d.systems.CommandEncoder::clearColorAndDepthTextures@9 (line 80)
                      ; - net.minecraft.client.renderer.LevelRenderer::lambda$addMainPass$0@210 (line 692)
  0x000078876d1a081c: c00f 9efe 

  0x000078876d1a0820: ;   {post_call_nop}
  0x000078876d1a0820: 0f1f 8400 | 9836 007a | be45 ffff | ff4c 8b54 | 2410 4c89 | 1424 4c8b | 5424 184c | 8954 2410 
  0x000078876d1a0840: 894c 2424 | 895c 2428 | 4889 7c24 | 3044 895c 

  0x000078876d1a0850: ;   {runtime_call UncommonTrapBlob}
  0x000078876d1a0850: 242c 90e8 

  0x000078876d1a0854: ; ImmutableOopMap {rbp=NarrowOop [0]=Oop [8]=Oop [16]=Oop [36]=NarrowOop [40]=NarrowOop [44]=NarrowOop [48]=Oop [80]=Oop [176]=Oop [184]=Oop [192]=Oop [200]=Oop [208]=Oop }
                      ;*if_acmpeq {reexecute=1 rethrow=0 return_oop=0}
                      ; - (reexecute) com.mojang.blaze3d.textures.TextureFormat::hasColorAspect@4 (line 28)
                      ; - com.mojang.blaze3d.systems.CommandEncoder::verifyColorTexture@4 (line 470)
                      ; - com.mojang.blaze3d.systems.CommandEncoder::clearColorAndDepthTextures@24 (line 83)
                      ; - net.minecraft.client.renderer.LevelRenderer::lambda$addMainPass$0@210 (line 692)
  0x000078876d1a0854: 880f 9efe 

  0x000078876d1a0858: ;   {post_call_nop}
  0x000078876d1a0858: 0f1f 8400 | d036 007b | be45 ffff | ff4c 8b54 | 2410 4c89 | 1424 4c8b | 5424 184c | 8954 2410 
  0x000078876d1a0878: 895c 2420 | 894c 2424 | 4889 7c24 | 2844 895c 

  0x000078876d1a0888: ;   {runtime_call UncommonTrapBlob}
  0x000078876d1a0888: 2430 90e8 

  0x000078876d1a088c: ; ImmutableOopMap {[0]=Oop [8]=Oop [16]=Oop [32]=NarrowOop [36]=NarrowOop [40]=Oop [48]=NarrowOop [80]=Oop [176]=Oop [184]=Oop [192]=Oop [200]=Oop [208]=Oop }
                      ;*ifeq {reexecute=1 rethrow=0 return_oop=0}
                      ; - (reexecute) com.mojang.blaze3d.systems.CommandEncoder::verifyColorTexture@25 (line 472)
                      ; - com.mojang.blaze3d.systems.CommandEncoder::clearColorAndDepthTextures@24 (line 83)
                      ; - net.minecraft.client.renderer.LevelRenderer::lambda$addMainPass$0@210 (line 692)
  0x000078876d1a088c: 500f 9efe 

  0x000078876d1a0890: ;   {post_call_nop}
  0x000078876d1a0890: 0f1f 8400 | 0837 007c | be45 ffff | ff4c 8b54 | 2410 4c89 | 1424 4c8b | 5424 184c | 8954 2410 
  0x000078876d1a08b0: 895c 2420 | 894c 2424 | 4889 7c24 | 2844 894c 

  0x000078876d1a08c0: ;   {runtime_call UncommonTrapBlob}
  0x000078876d1a08c0: 2430 90e8 

  0x000078876d1a08c4: ; ImmutableOopMap {[0]=Oop [8]=Oop [16]=Oop [32]=NarrowOop [36]=NarrowOop [40]=Oop [48]=NarrowOop [80]=Oop [176]=Oop [184]=Oop [192]=Oop [200]=Oop [208]=Oop }
                      ;*ifne {reexecute=1 rethrow=0 return_oop=0}
                      ; - (reexecute) com.mojang.blaze3d.systems.CommandEncoder::verifyColorTexture@45 (line 474)
                      ; - com.mojang.blaze3d.systems.CommandEncoder::clearColorAndDepthTextures@24 (line 83)
                      ; - net.minecraft.client.renderer.LevelRenderer::lambda$addMainPass$0@210 (line 692)
  0x000078876d1a08c4: 180f 9efe 

  0x000078876d1a08c8: ;   {post_call_nop}
  0x000078876d1a08c8: 0f1f 8400 | 4037 007d | be45 ffff | ff48 8bac | 24b0 0000 | 004c 8b54 | 2410 4c89 | 9424 b000 
  0x000078876d1a08e8: 0000 4c8b | 5424 084c | 8914 244c | 8b54 2418 | 4c89 5424 | 0889 5c24 | 1889 4c24 | 1c44 895c 
  0x000078876d1a0908: 2420 4889 | 7c24 2844 | 894c 2424 

  0x000078876d1a0914: ;   {runtime_call UncommonTrapBlob}
  0x000078876d1a0914: 6666 90e8 

  0x000078876d1a0918: ; ImmutableOopMap {rbp=Oop [0]=Oop [8]=Oop [24]=NarrowOop [28]=NarrowOop [36]=NarrowOop [40]=Oop [80]=Oop [176]=Oop [184]=Oop [192]=Oop [200]=Oop [208]=Oop }
                      ;*ifne {reexecute=1 rethrow=0 return_oop=0}
                      ; - (reexecute) com.mojang.blaze3d.systems.CommandEncoder::verifyColorTexture@64 (line 476)
                      ; - com.mojang.blaze3d.systems.CommandEncoder::clearColorAndDepthTextures@24 (line 83)
                      ; - net.minecraft.client.renderer.LevelRenderer::lambda$addMainPass$0@210 (line 692)
  0x000078876d1a0918: c40e 9efe 

  0x000078876d1a091c: ;   {post_call_nop}
  0x000078876d1a091c: 0f1f 8400 | 9437 007e | be45 ffff | ff4c 8b54 | 2410 4c89 | 1424 4c8b | 5424 184c | 8954 2410 
  0x000078876d1a093c: 895c 2420 | 894c 2424 | 4889 7c24 | 2844 894c 

  0x000078876d1a094c: ;   {runtime_call UncommonTrapBlob}
  0x000078876d1a094c: 2430 90e8 

  0x000078876d1a0950: ; ImmutableOopMap {[0]=Oop [8]=Oop [16]=Oop [32]=NarrowOop [36]=NarrowOop [40]=Oop [48]=NarrowOop [80]=Oop [176]=Oop [184]=Oop [192]=Oop [200]=Oop [208]=Oop }
                      ;*if_icmple {reexecute=1 rethrow=0 return_oop=0}
                      ; - (reexecute) com.mojang.blaze3d.systems.CommandEncoder::verifyColorTexture@83 (line 478)
                      ; - com.mojang.blaze3d.systems.CommandEncoder::clearColorAndDepthTextures@24 (line 83)
                      ; - net.minecraft.client.renderer.LevelRenderer::lambda$addMainPass$0@210 (line 692)
  0x000078876d1a0950: 8c0e 9efe 

  0x000078876d1a0954: ;   {post_call_nop}
  0x000078876d1a0954: 0f1f 8400 | cc37 007f | be45 ffff | ff48 8bac | 24b0 0000 | 004c 8b5c | 2410 4c89 | 9c24 b000 
  0x000078876d1a0974: 0000 4c8b | 5c24 084c | 891c 244c | 8b5c 2418 | 4c89 5c24 | 0889 5c24 | 1889 4c24 | 2089 5424 
  0x000078876d1a0994: 2448 897c | 2428 4489 

  0x000078876d1a099c: ;   {runtime_call UncommonTrapBlob}
  0x000078876d1a099c: 4c24 30e8 

  0x000078876d1a09a0: ; ImmutableOopMap {rbp=Oop [0]=Oop [8]=Oop [24]=NarrowOop [32]=NarrowOop [36]=NarrowOop [40]=Oop [48]=NarrowOop [80]=Oop [176]=Oop [184]=Oop [192]=Oop [200]=Oop [208]=Oop }
                      ;*if_acmpne {reexecute=1 rethrow=0 return_oop=0}
                      ; - (reexecute) com.mojang.blaze3d.textures.TextureFormat::hasDepthAspect@18 (line 32)
                      ; - com.mojang.blaze3d.systems.CommandEncoder::verifyDepthTexture@4 (line 484)
                      ; - com.mojang.blaze3d.systems.CommandEncoder::clearColorAndDepthTextures@29 (line 84)
                      ; - net.minecraft.client.renderer.LevelRenderer::lambda$addMainPass$0@210 (line 692)
  0x000078876d1a09a0: 3c0e 9efe 

  0x000078876d1a09a4: ;   {post_call_nop}
  0x000078876d1a09a4: 0f1f 8400 | 1c38 0080 | be45 ffff | ff4c 8b94 | 24c0 0000 | 004c 8994 | 24b0 0000 | 004c 8b54 
  0x000078876d1a09c4: 2408 4c89 | 9424 c000 

  0x000078876d1a09cc: ;   {runtime_call UncommonTrapBlob}
  0x000078876d1a09cc: 0000 90e8 

  0x000078876d1a09d0: ; ImmutableOopMap {[16]=Oop [24]=Oop [56]=NarrowOop [176]=Oop [184]=Oop [192]=Oop [208]=Oop }
                      ;*if_icmpne {reexecute=1 rethrow=0 return_oop=0}
                      ; - (reexecute) java.util.ArrayList::forEach@29 (line 1603)
                      ; - net.minecraft.client.renderer.state.level.ParticlesRenderState::reset@9 (line 14)
                      ; - net.minecraft.client.renderer.LevelRenderer::lambda$addMainPass$0@722 (line 754)
  0x000078876d1a09d0: 0c0e 9efe 

  0x000078876d1a09d4: ;   {post_call_nop}
  0x000078876d1a09d4: 0f1f 8400 | 4c38 0081 | be45 ffff | ff4c 8b94 | 24c0 0000 | 004c 8994 | 24b0 0000 | 004c 8b54 
  0x000078876d1a09f4: 2408 4c89 | 9424 c000 | 0000 4c8b | 5424 184c | 8994 24c8 | 0000 004c | 8b54 2410 | 4c89 1424 
  0x000078876d1a0a14: 448b 5424 | 2044 8954 | 2408 4489 

  0x000078876d1a0a20: ;   {runtime_call UncommonTrapBlob}
  0x000078876d1a0a20: 4c24 18e8 

  0x000078876d1a0a24: ; ImmutableOopMap {[0]=Oop [40]=Oop [56]=NarrowOop [60]=NarrowOop [176]=Oop [184]=Oop [192]=Oop [200]=Oop [208]=Oop }
                      ;*if_icmpeq {reexecute=1 rethrow=0 return_oop=0}
                      ; - (reexecute) java.util.HashMap$Values::forEach@107 (line 1076)
                      ; - net.minecraft.client.renderer.state.level.QuadParticleRenderState::clear@14 (line 62)
                      ; - net.minecraft.client.renderer.state.level.ParticlesRenderState$$Lambda/0x000000001c9c3b30::accept@4
                      ; - java.util.ArrayList::forEach@46 (line 1604)
                      ; - net.minecraft.client.renderer.state.level.ParticlesRenderState::reset@9 (line 14)
                      ; - net.minecraft.client.renderer.LevelRenderer::lambda$addMainPass$0@722 (line 754)
  0x000078876d1a0a24: b80d 9efe 

  0x000078876d1a0a28: ;   {post_call_nop}
  0x000078876d1a0a28: 0f1f 8400 | a038 0082 | be45 ffff | ff4c 8b54 | 2410 4c89 | 1424 4c8b | 5424 184c | 8954 2410 
  0x000078876d1a0a48: ;   {runtime_call UncommonTrapBlob}
  0x000078876d1a0a48: 6666 90e8 

  0x000078876d1a0a4c: ; ImmutableOopMap {rbp=NarrowOop [0]=Oop [8]=Oop [16]=Oop [32]=Oop [80]=Oop [176]=Oop [184]=Oop [192]=Oop [200]=Oop [208]=Oop }
                      ;*if_acmpne {reexecute=1 rethrow=0 return_oop=0}
                      ; - (reexecute) com.mojang.blaze3d.systems.RenderSystem::isOnRenderThread@6 (line 92)
                      ; - com.mojang.blaze3d.systems.RenderSystem::assertOnRenderThread@0 (line 96)
                      ; - com.mojang.blaze3d.opengl.GlStateManager::_disableScissorTest@0 (line 50)
                      ; - com.mojang.blaze3d.opengl.GlCommandEncoder::clearColorAndDepthTextures@24 (line 117)
                      ; - com.mojang.blaze3d.systems.CommandEncoder::clearColorAndDepthTextures@41 (line 85)
                      ; - net.minecraft.client.renderer.LevelRenderer::lambda$addMainPass$0@210 (line 692)
  0x000078876d1a0a4c: 900d 9efe 

  0x000078876d1a0a50: ;   {post_call_nop}
  0x000078876d1a0a50: 0f1f 8400 | c838 0083 | be45 ffff | ff4c 8b5c | 2410 4c89 | 1c24 4c8b | 5c24 184c | 895c 2410 
  0x000078876d1a0a70: 4c89 5424 

  0x000078876d1a0a74: ;   {runtime_call UncommonTrapBlob}
  0x000078876d1a0a74: 2066 90e8 

  0x000078876d1a0a78: ; ImmutableOopMap {rbp=NarrowOop [0]=Oop [8]=Oop [16]=Oop [32]=Oop [80]=Oop [176]=Oop [184]=Oop [192]=Oop [200]=Oop [208]=Oop }
                      ;*if_acmpne {reexecute=1 rethrow=0 return_oop=0}
                      ; - (reexecute) com.mojang.blaze3d.systems.RenderSystem::isOnRenderThread@6 (line 92)
                      ; - com.mojang.blaze3d.systems.RenderSystem::assertOnRenderThread@0 (line 96)
                      ; - com.mojang.blaze3d.opengl.GlStateManager::_depthMask@0 (line 83)
                      ; - com.mojang.blaze3d.opengl.GlCommandEncoder::clearColorAndDepthTextures@52 (line 120)
                      ; - com.mojang.blaze3d.systems.CommandEncoder::clearColorAndDepthTextures@41 (line 85)
                      ; - net.minecraft.client.renderer.LevelRenderer::lambda$addMainPass$0@210 (line 692)
  0x000078876d1a0a78: 640d 9efe 

  0x000078876d1a0a7c: ;   {post_call_nop}
  0x000078876d1a0a7c: 0f1f 8400 | f438 0084 | be45 ffff | ff4c 8b54 | 2410 4c89 | 1424 4c8b | 5424 184c | 8954 2410 
  0x000078876d1a0a9c: 48ff 7424 | 2848 8f44 

  0x000078876d1a0aa4: ;   {runtime_call UncommonTrapBlob}
  0x000078876d1a0aa4: 2418 90e8 

  0x000078876d1a0aa8: ; ImmutableOopMap {[0]=Oop [8]=Oop [16]=Oop [24]=Oop [76]=NarrowOop [80]=Oop [92]=NarrowOop [176]=Oop [184]=Oop [192]=Oop [200]=Oop [208]=Oop }
                      ;*ifne {reexecute=1 rethrow=0 return_oop=0}
                      ; - (reexecute) com.mojang.blaze3d.vertex.PoseStack::isEmpty@4 (line 74)
                      ; - net.minecraft.client.renderer.LevelRenderer::checkPoseStack@1 (line 1099)
                      ; - net.minecraft.client.renderer.LevelRenderer::lambda$addMainPass$0@398 (line 711)
  0x000078876d1a0aa8: 340d 9efe 

  0x000078876d1a0aac: ;   {post_call_nop}
  0x000078876d1a0aac: 0f1f 8400 | 2439 0085 | be45 ffff | ff4c 8b5c | 2408 4c89 | 9c24 c000 

  0x000078876d1a0ac4: ;   {runtime_call UncommonTrapBlob}
  0x000078876d1a0ac4: 0000 90e8 

  0x000078876d1a0ac8: ; ImmutableOopMap {[24]=Oop [32]=NarrowOop [80]=Oop [176]=Oop [184]=Oop [192]=Oop [208]=Oop }
                      ;*ifne {reexecute=1 rethrow=0 return_oop=0}
                      ; - (reexecute) com.mojang.blaze3d.vertex.PoseStack::isEmpty@4 (line 74)
                      ; - net.minecraft.client.renderer.LevelRenderer::checkPoseStack@1 (line 1099)
                      ; - net.minecraft.client.renderer.LevelRenderer::lambda$addMainPass$0@614 (line 740)
  0x000078876d1a0ac8: 140d 9efe 

  0x000078876d1a0acc: ;   {post_call_nop}
  0x000078876d1a0acc: 0f1f 8400 | 4439 0086 | be45 ffff | ff4c 8b54 | 2410 4c89 | 1424 4c8b | 5424 184c | 8954 2410 
  0x000078876d1a0aec: 895c 2420 | 894c 2424 | 4889 7c24 | 2844 894c 

  0x000078876d1a0afc: ;   {runtime_call UncommonTrapBlob}
  0x000078876d1a0afc: 2430 90e8 

  0x000078876d1a0b00: ; ImmutableOopMap {[0]=Oop [8]=Oop [16]=Oop [32]=NarrowOop [36]=NarrowOop [40]=Oop [48]=NarrowOop [80]=Oop [176]=Oop [184]=Oop [192]=Oop [200]=Oop [208]=Oop }
                      ;*ifeq {reexecute=1 rethrow=0 return_oop=0}
                      ; - (reexecute) com.mojang.blaze3d.systems.CommandEncoder::verifyDepthTexture@25 (line 486)
                      ; - com.mojang.blaze3d.systems.CommandEncoder::clearColorAndDepthTextures@29 (line 84)
                      ; - net.minecraft.client.renderer.LevelRenderer::lambda$addMainPass$0@210 (line 692)
  0x000078876d1a0b00: dc0c 9efe 

  0x000078876d1a0b04: ;   {post_call_nop}
  0x000078876d1a0b04: 0f1f 8400 | 7c39 0087 | be45 ffff | ff4c 8b54 | 2410 4c89 | 1424 4c8b | 5424 184c | 8954 2410 
  0x000078876d1a0b24: 895c 2420 | 894c 2424 | 4889 7c24 | 2844 894c 

  0x000078876d1a0b34: ;   {runtime_call UncommonTrapBlob}
  0x000078876d1a0b34: 2430 90e8 

  0x000078876d1a0b38: ; ImmutableOopMap {[0]=Oop [8]=Oop [16]=Oop [32]=NarrowOop [36]=NarrowOop [40]=Oop [48]=NarrowOop [80]=Oop [176]=Oop [184]=Oop [192]=Oop [200]=Oop [208]=Oop }
                      ;*ifne {reexecute=1 rethrow=0 return_oop=0}
                      ; - (reexecute) com.mojang.blaze3d.systems.CommandEncoder::verifyDepthTexture@45 (line 488)
                      ; - com.mojang.blaze3d.systems.CommandEncoder::clearColorAndDepthTextures@29 (line 84)
                      ; - net.minecraft.client.renderer.LevelRenderer::lambda$addMainPass$0@210 (line 692)
  0x000078876d1a0b38: a40c 9efe 

  0x000078876d1a0b3c: ;   {post_call_nop}
  0x000078876d1a0b3c: 0f1f 8400 | b439 0088 | be45 ffff | ff48 8bac | 24b0 0000 | 004c 8b54 | 2410 4c89 | 9424 b000 
  0x000078876d1a0b5c: 0000 4c8b | 5424 084c | 8914 244c | 8b54 2418 | 4c89 5424 | 0889 5c24 | 1889 4c24 | 1c44 895c 
  0x000078876d1a0b7c: 2420 4889 | 7c24 2844 | 894c 2424 

  0x000078876d1a0b88: ;   {runtime_call UncommonTrapBlob}
  0x000078876d1a0b88: 6666 90e8 

  0x000078876d1a0b8c: ; ImmutableOopMap {rbp=Oop [0]=Oop [8]=Oop [24]=NarrowOop [28]=NarrowOop [36]=NarrowOop [40]=Oop [80]=Oop [176]=Oop [184]=Oop [192]=Oop [200]=Oop [208]=Oop }
                      ;*ifne {reexecute=1 rethrow=0 return_oop=0}
                      ; - (reexecute) com.mojang.blaze3d.systems.CommandEncoder::verifyDepthTexture@64 (line 490)
                      ; - com.mojang.blaze3d.systems.CommandEncoder::clearColorAndDepthTextures@29 (line 84)
                      ; - net.minecraft.client.renderer.LevelRenderer::lambda$addMainPass$0@210 (line 692)
  0x000078876d1a0b8c: 500c 9efe 

  0x000078876d1a0b90: ;   {post_call_nop}
  0x000078876d1a0b90: 0f1f 8400 | 083a 0089 | be45 ffff | ff4c 8b54 | 2410 4c89 | 1424 4c8b | 5424 184c | 8954 2410 
  0x000078876d1a0bb0: 895c 2420 | 894c 2424 | 4889 7c24 | 2844 894c 

  0x000078876d1a0bc0: ;   {runtime_call UncommonTrapBlob}
  0x000078876d1a0bc0: 2430 90e8 

  0x000078876d1a0bc4: ; ImmutableOopMap {[0]=Oop [8]=Oop [16]=Oop [32]=NarrowOop [36]=NarrowOop [40]=Oop [48]=NarrowOop [80]=Oop [176]=Oop [184]=Oop [192]=Oop [200]=Oop [208]=Oop }
                      ;*if_icmple {reexecute=1 rethrow=0 return_oop=0}
                      ; - (reexecute) com.mojang.blaze3d.systems.CommandEncoder::verifyDepthTexture@83 (line 492)
                      ; - com.mojang.blaze3d.systems.CommandEncoder::clearColorAndDepthTextures@29 (line 84)
                      ; - net.minecraft.client.renderer.LevelRenderer::lambda$addMainPass$0@210 (line 692)
  0x000078876d1a0bc4: 180c 9efe 

  0x000078876d1a0bc8: ;   {post_call_nop}
  0x000078876d1a0bc8: 0f1f 8400 | 403a 008a | be45 ffff | ff48 8bac | 24b0 0000 | 004c 8b5c | 2410 4c89 | 9c24 b000 
  0x000078876d1a0be8: 0000 4c8b | 5c24 084c | 891c 244c | 8b5c 2418 | 4c89 5c24 | 0889 5c24 | 1844 894c | 241c 897c 
  0x000078876d1a0c08: 2420 8954 

  0x000078876d1a0c0c: ;   {runtime_call UncommonTrapBlob}
  0x000078876d1a0c0c: 2428 90e8 

  0x000078876d1a0c10: ; ImmutableOopMap {rbp=Oop [0]=Oop [8]=Oop [24]=NarrowOop [28]=NarrowOop [40]=NarrowOop [80]=Oop [176]=Oop [184]=Oop [192]=Oop [200]=Oop [208]=Oop }
                      ;*if_acmpeq {reexecute=1 rethrow=0 return_oop=0}
                      ; - (reexecute) com.mojang.blaze3d.textures.TextureFormat::hasStencilAspect@4 (line 36)
                      ; - com.mojang.blaze3d.opengl.GlTexture::getFbo@24 (line 56)
                      ; - com.mojang.blaze3d.opengl.GlCommandEncoder::clearColorAndDepthTextures@12 (line 115)
                      ; - com.mojang.blaze3d.systems.CommandEncoder::clearColorAndDepthTextures@41 (line 85)
                      ; - net.minecraft.client.renderer.LevelRenderer::lambda$addMainPass$0@210 (line 692)
  0x000078876d1a0c10: cc0b 9efe 

  0x000078876d1a0c14: ;   {post_call_nop}
  0x000078876d1a0c14: 0f1f 8400 | 8c3a 008b | be45 ffff | ff48 8bac | 24b0 0000 | 004c 8b5c | 2410 4c89 | 9c24 b000 
  0x000078876d1a0c34: 0000 4c8b | 5c24 084c | 891c 244c | 8b5c 2418 | 4c89 5c24 | 0889 5c24 | 1844 894c | 241c 897c 
  0x000078876d1a0c54: 2420 8954 

  0x000078876d1a0c58: ;   {runtime_call UncommonTrapBlob}
  0x000078876d1a0c58: 2424 90e8 

  0x000078876d1a0c5c: ; ImmutableOopMap {rbp=Oop [0]=Oop [8]=Oop [24]=NarrowOop [28]=NarrowOop [36]=NarrowOop [80]=Oop [176]=Oop [184]=Oop [192]=Oop [200]=Oop [208]=Oop }
                      ;*if_acmpne {reexecute=1 rethrow=0 return_oop=0}
                      ; - (reexecute) com.mojang.blaze3d.textures.TextureFormat::hasStencilAspect@11 (line 36)
                      ; - com.mojang.blaze3d.opengl.GlTexture::getFbo@24 (line 56)
                      ; - com.mojang.blaze3d.opengl.GlCommandEncoder::clearColorAndDepthTextures@12 (line 115)
                      ; - com.mojang.blaze3d.systems.CommandEncoder::clearColorAndDepthTextures@41 (line 85)
                      ; - net.minecraft.client.renderer.LevelRenderer::lambda$addMainPass$0@210 (line 692)
  0x000078876d1a0c5c: 800b 9efe 

  0x000078876d1a0c60: ;   {post_call_nop}
  0x000078876d1a0c60: 0f1f 8400 | d83a 008c | be45 ffff | ff4c 8b54 | 2410 4c89 | 1424 4c8b | 5424 184c | 8954 2410 
  0x000078876d1a0c80: ;   {runtime_call UncommonTrapBlob}
  0x000078876d1a0c80: 6666 90e8 

  0x000078876d1a0c84: ; ImmutableOopMap {[0]=Oop [8]=Oop [16]=Oop [80]=Oop [176]=Oop [184]=Oop [192]=Oop [200]=Oop [208]=Oop }
                      ;*if_icmpeq {reexecute=1 rethrow=0 return_oop=0}
                      ; - (reexecute) com.mojang.blaze3d.opengl.GlStateManager::_glBindFramebuffer@16 (line 252)
                      ; - com.mojang.blaze3d.opengl.GlCommandEncoder::clearColorAndDepthTextures@21 (line 116)
                      ; - com.mojang.blaze3d.systems.CommandEncoder::clearColorAndDepthTextures@41 (line 85)
                      ; - net.minecraft.client.renderer.LevelRenderer::lambda$addMainPass$0@210 (line 692)
  0x000078876d1a0c84: 580b 9efe 

  0x000078876d1a0c88: ;   {post_call_nop}
  0x000078876d1a0c88: 0f1f 8400 | 003b 008d | be45 ffff | ff4c 8b54 | 2410 4c89 | 1424 4c8b | 5424 184c | 8954 2410 
  0x000078876d1a0ca8: ;   {runtime_call UncommonTrapBlob}
  0x000078876d1a0ca8: 6666 90e8 

  0x000078876d1a0cac: ; ImmutableOopMap {[0]=Oop [8]=Oop [16]=Oop [80]=Oop [176]=Oop [184]=Oop [192]=Oop [200]=Oop [208]=Oop }
                      ;*if_icmpeq {reexecute=1 rethrow=0 return_oop=0}
                      ; - (reexecute) com.mojang.blaze3d.opengl.GlStateManager::_glBindFramebuffer@46 (line 257)
                      ; - com.mojang.blaze3d.opengl.GlCommandEncoder::clearColorAndDepthTextures@21 (line 116)
                      ; - com.mojang.blaze3d.systems.CommandEncoder::clearColorAndDepthTextures@41 (line 85)
                      ; - net.minecraft.client.renderer.LevelRenderer::lambda$addMainPass$0@210 (line 692)
  0x000078876d1a0cac: 300b 9efe 

  0x000078876d1a0cb0: ;   {post_call_nop}
  0x000078876d1a0cb0: 0f1f 8400 | 283b 008e | be45 ffff | ff4c 8b54 | 2410 4c89 | 1424 4c8b | 5424 184c | 8954 2410 
  0x000078876d1a0cd0: ;   {runtime_call UncommonTrapBlob}
  0x000078876d1a0cd0: 6666 90e8 

  0x000078876d1a0cd4: ; ImmutableOopMap {[0]=Oop [8]=Oop [16]=Oop [80]=Oop [176]=Oop [184]=Oop [192]=Oop [200]=Oop [208]=Oop }
                      ;*if_icmpeq {reexecute=1 rethrow=0 return_oop=0}
                      ; - (reexecute) com.mojang.blaze3d.opengl.GlStateManager::_glBindFramebuffer@16 (line 252)
                      ; - com.mojang.blaze3d.opengl.GlCommandEncoder::clearColorAndDepthTextures@69 (line 123)
                      ; - com.mojang.blaze3d.systems.CommandEncoder::clearColorAndDepthTextures@41 (line 85)
                      ; - net.minecraft.client.renderer.LevelRenderer::lambda$addMainPass$0@210 (line 692)
  0x000078876d1a0cd4: 080b 9efe 

  0x000078876d1a0cd8: ;   {post_call_nop}
  0x000078876d1a0cd8: 0f1f 8400 | 503b 008f | be45 ffff | ff4c 8b54 | 2410 4c89 | 1424 4c8b | 5424 184c | 8954 2410 
  0x000078876d1a0cf8: ;   {runtime_call UncommonTrapBlob}
  0x000078876d1a0cf8: 6666 90e8 

  0x000078876d1a0cfc: ; ImmutableOopMap {[0]=Oop [8]=Oop [16]=Oop [80]=Oop [176]=Oop [184]=Oop [192]=Oop [200]=Oop [208]=Oop }
                      ;*if_icmpeq {reexecute=1 rethrow=0 return_oop=0}
                      ; - (reexecute) com.mojang.blaze3d.opengl.GlStateManager::_glBindFramebuffer@46 (line 257)
                      ; - com.mojang.blaze3d.opengl.GlCommandEncoder::clearColorAndDepthTextures@69 (line 123)
                      ; - com.mojang.blaze3d.systems.CommandEncoder::clearColorAndDepthTextures@41 (line 85)
                      ; - net.minecraft.client.renderer.LevelRenderer::lambda$addMainPass$0@210 (line 692)
  0x000078876d1a0cfc: e00a 9efe 

  0x000078876d1a0d00: ;   {post_call_nop}
  0x000078876d1a0d00: 0f1f 8400 | 783b 0090 | 448b 590c | 33ed 4585 | d240 0f95 | c5be 45ff | ffff 48ff | 7424 3848 
  0x000078876d1a0d20: 8f04 244c | 8b54 2418 | 4c89 5424 | 104c 894c | 2420 4c8b | 5424 504c | 8954 2430 | 448b 4c24 
  0x000078876d1a0d40: 4c44 894c | 2438 448b | 5424 5c44 | 8954 243c | 4489 4424 | 40c5 fb11 | 4424 48c5 | fb11 5424 
  0x000078876d1a0d60: 50c5 fb11 | 4c24 5844 | 895c 2444 | 4889 4c24 

  0x000078876d1a0d70: ;   {runtime_call UncommonTrapBlob}
  0x000078876d1a0d70: 6066 90e8 

  0x000078876d1a0d74: ; ImmutableOopMap {[0]=Oop [8]=Oop [16]=Oop [32]=Oop [40]=Oop [48]=Oop [56]=NarrowOop [60]=NarrowOop [64]=NarrowOop [96]=Oop [184]=Oop [192]=Oop [200]=Oop [208]=Oop }
                      ;*ifeq {reexecute=1 rethrow=0 return_oop=0}
                      ; - (reexecute) net.minecraft.client.renderer.LevelRenderer::submitBlockDestroyAnimation@48 (line 1019)
                      ; - net.minecraft.client.renderer.LevelRenderer::lambda$addMainPass$0@294 (line 702)
  0x000078876d1a0d74: 680a 9efe 

  0x000078876d1a0d78: ;   {post_call_nop}
  0x000078876d1a0d78: 0f1f 8400 | f03b 0091 | be45 ffff | ff48 8bac | 24b0 0000 | 004c 8b5c | 2410 4c89 | 9c24 b000 
  0x000078876d1a0d98: 0000 4c8b | 5c24 084c | 899c 24b8 | 0000 004c | 8b5c 2418 | 4c89 1c24 | 48ff 7424 | 2848 8f44 
  0x000078876d1a0db8: 2408 4c89 

  0x000078876d1a0dbc: ;   {runtime_call UncommonTrapBlob}
  0x000078876d1a0dbc: 5424 28e8 

  0x000078876d1a0dc0: ; ImmutableOopMap {rbp=Oop [0]=Oop [8]=Oop [40]=Oop [76]=NarrowOop [80]=Oop [92]=NarrowOop [176]=Oop [184]=Oop [192]=Oop [200]=Oop [208]=Oop }
                      ;*ifnull {reexecute=1 rethrow=0 return_oop=0}
                      ; - (reexecute) net.minecraft.client.renderer.LevelRenderer::lambda$addMainPass$0@403 (line 712)
  0x000078876d1a0dc0: 1c0a 9efe 

  0x000078876d1a0dc4: ;   {post_call_nop}
  0x000078876d1a0dc4: 0f1f 8400 | 3c3c 0092 | be45 ffff | ff48 8bac | 24b0 0000 | 004c 8b54 | 2410 4c89 | 9424 b000 
  0x000078876d1a0de4: 0000 4c8b | 5424 084c | 8994 24b8 | 0000 004c | 8b54 2418 | 4c89 9424 | c800 0000 | 4c89 4424 
  0x000078876d1a0e04: ;   {runtime_call UncommonTrapBlob}
  0x000078876d1a0e04: 2066 90e8 

  0x000078876d1a0e08: ; ImmutableOopMap {rbp=Oop [32]=Oop [40]=Oop [76]=NarrowOop [80]=Oop [92]=NarrowOop [176]=Oop [184]=Oop [192]=Oop [200]=Oop [208]=Oop }
                      ;*ifnull {reexecute=1 rethrow=0 return_oop=0}
                      ; - (reexecute) net.minecraft.client.renderer.LevelRenderer::lambda$addMainPass$0@431 (line 716)
  0x000078876d1a0e08: d409 9efe 

  0x000078876d1a0e0c: ;   {post_call_nop}
  0x000078876d1a0e0c: 0f1f 8400 | 843c 0093 | be45 ffff | ff48 8bac | 24b0 0000 | 004c 8b54 | 2410 4c89 | 9424 b000 
  0x000078876d1a0e2c: 0000 4c8b | 5424 084c | 8994 24b8 | 0000 004c | 8b54 2418 | 4c89 9424 | c800 0000 | 4c89 4424 
  0x000078876d1a0e4c: ;   {runtime_call UncommonTrapBlob}
  0x000078876d1a0e4c: 1866 90e8 

  0x000078876d1a0e50: ; ImmutableOopMap {rbp=Oop [24]=Oop [40]=Oop [76]=NarrowOop [80]=Oop [92]=NarrowOop [176]=Oop [184]=Oop [192]=Oop [200]=Oop }
                      ;*ifnull {reexecute=1 rethrow=0 return_oop=0}
                      ; - (reexecute) net.minecraft.client.renderer.LevelRenderer::lambda$addMainPass$0@459 (line 720)
  0x000078876d1a0e50: 8c09 9efe 

  0x000078876d1a0e54: ;   {post_call_nop}
  0x000078876d1a0e54: 0f1f 8400 | cc3c 0094 | be45 ffff | ff4c 8b94 | 24d0 0000 | 004c 8994 | 24c8 0000 

  0x000078876d1a0e70: ;   {runtime_call UncommonTrapBlob}
  0x000078876d1a0e70: 0066 90e8 

  0x000078876d1a0e74: ; ImmutableOopMap {rbp=Oop [8]=Oop [16]=Oop [24]=Oop [76]=NarrowOop [80]=Oop [200]=Oop }
                      ;*ifeq {reexecute=1 rethrow=0 return_oop=0}
                      ; - (reexecute) net.minecraft.client.renderer.LevelRenderer::lambda$addMainPass$0@564 (line 732)
  0x000078876d1a0e74: 6809 9efe 

  0x000078876d1a0e78: ;   {post_call_nop}
  0x000078876d1a0e78: 0f1f 8400 | f03c 0095 | be45 ffff | ff4c 8b94 | 24c0 0000 | 004c 8994 | 24b0 0000 

  0x000078876d1a0e94: ;   {runtime_call UncommonTrapBlob}
  0x000078876d1a0e94: 0066 90e8 

  0x000078876d1a0e98: ; ImmutableOopMap {[8]=Oop [24]=Oop [56]=NarrowOop [176]=Oop [184]=Oop [208]=Oop }
                      ;*if_icmpeq {reexecute=1 rethrow=0 return_oop=0}
                      ; - (reexecute) java.util.ArrayList::forEach@62 (line 1605)
                      ; - net.minecraft.client.renderer.state.level.ParticlesRenderState::reset@9 (line 14)
                      ; - net.minecraft.client.renderer.LevelRenderer::lambda$addMainPass$0@722 (line 754)
  0x000078876d1a0e98: 4409 9efe 

  0x000078876d1a0e9c: ;   {post_call_nop}
  0x000078876d1a0e9c: 0f1f 8400 | 143d 0096 | be45 ffff | ff48 8bac | 24b0 0000 | 004c 8b5c | 2410 4c89 | 9c24 b000 
  0x000078876d1a0ebc: 0000 4c8b | 5c24 084c | 891c 244c | 8b5c 2418 | 4c89 5c24 | 0889 5c24 | 1889 4c24 | 2089 5424 
  0x000078876d1a0edc: 2848 897c | 2430 4489 

  0x000078876d1a0ee4: ;   {runtime_call UncommonTrapBlob}
  0x000078876d1a0ee4: 4c24 2ce8 

  0x000078876d1a0ee8: ; ImmutableOopMap {rbp=Oop [0]=Oop [8]=Oop [24]=NarrowOop [32]=NarrowOop [40]=NarrowOop [44]=NarrowOop [48]=Oop [80]=Oop [176]=Oop [184]=Oop [192]=Oop [200]=Oop [208]=Oop }
                      ;*if_acmpeq {reexecute=1 rethrow=0 return_oop=0}
                      ; - (reexecute) com.mojang.blaze3d.textures.TextureFormat::hasDepthAspect@11 (line 32)
                      ; - com.mojang.blaze3d.systems.CommandEncoder::verifyDepthTexture@4 (line 484)
                      ; - com.mojang.blaze3d.systems.CommandEncoder::clearColorAndDepthTextures@29 (line 84)
                      ; - net.minecraft.client.renderer.LevelRenderer::lambda$addMainPass$0@210 (line 692)
  0x000078876d1a0ee8: f408 9efe 

  0x000078876d1a0eec: ;   {post_call_nop}
  0x000078876d1a0eec: 0f1f 8400 | 643d 0097 | bec6 ffff | ff4c 8994 | 24b0 0000 | 004c 8b54 | 2410 4c89 | 1424 4c8b 
  0x000078876d1a0f0c: 5424 184c | 8954 2410 

  0x000078876d1a0f14: ;   {runtime_call UncommonTrapBlob}
  0x000078876d1a0f14: 6666 90e8 

  0x000078876d1a0f18: ; ImmutableOopMap {rbp=NarrowOop [0]=Oop [8]=Oop [16]=Oop [80]=Oop [176]=Oop [184]=Oop [192]=Oop [200]=Oop [208]=Oop }
                      ;*invokevirtual get {reexecute=0 rethrow=0 return_oop=0}
                      ; - com.mojang.blaze3d.framegraph.FrameGraphBuilder$Handle::get@4 (line 192)
                      ; - net.minecraft.client.renderer.LevelRenderer::lambda$addMainPass$0@182 (line 689)
  0x000078876d1a0f18: c408 9efe 

  0x000078876d1a0f1c: ;   {post_call_nop}
  0x000078876d1a0f1c: 0f1f 8400 | 943d 0098 | be6e ffff | ff4c 8b94 | 24c0 0000 | 004c 8994 | 24b0 0000 | 0044 8904 
  0x000078876d1a0f3c: ;   {runtime_call UncommonTrapBlob}
  0x000078876d1a0f3c: 2466 90e8 

  0x000078876d1a0f40: ; ImmutableOopMap {rbp=NarrowOop [8]=Oop [24]=Oop [176]=Oop [184]=Oop [208]=Oop }
                      ;*if_icmpge {reexecute=1 rethrow=0 return_oop=0}
                      ; - (reexecute) java.util.ArrayList::clear@29 (line 735)
                      ; - net.minecraft.client.renderer.state.level.ParticlesRenderState::reset@18 (line 15)
                      ; - net.minecraft.client.renderer.LevelRenderer::lambda$addMainPass$0@722 (line 754)
  0x000078876d1a0f40: 9c08 9efe 

  0x000078876d1a0f44: ;   {post_call_nop}
  0x000078876d1a0f44: 0f1f 8400 | bc3d 0099 | be45 ffff | ff4c 8994 | 24b0 0000 | 004c 8b54 | 2410 4c89 | 1424 4c8b 
  0x000078876d1a0f64: 5424 184c | 8954 2410 

  0x000078876d1a0f6c: ;   {runtime_call UncommonTrapBlob}
  0x000078876d1a0f6c: 6666 90e8 

  0x000078876d1a0f70: ; ImmutableOopMap {rbp=NarrowOop [0]=Oop [8]=Oop [16]=Oop [80]=Oop [176]=Oop [184]=Oop [192]=Oop [200]=Oop [208]=Oop }
                      ;*ifnonnull {reexecute=1 rethrow=0 return_oop=0}
                      ; - (reexecute) java.util.Objects::requireNonNull@1 (line 245)
                      ; - com.mojang.blaze3d.framegraph.FrameGraphBuilder$InternalVirtualResource::get@6 (line 243)
                      ; - com.mojang.blaze3d.framegraph.FrameGraphBuilder$Handle::get@4 (line 192)
                      ; - net.minecraft.client.renderer.LevelRenderer::lambda$addMainPass$0@182 (line 689)
  0x000078876d1a0f70: 6c08 9efe 

  0x000078876d1a0f74: ;   {post_call_nop}
  0x000078876d1a0f74: 0f1f 8400 | ec3d 009a | bede ffff | ff4c 8b5c | 2408 4c89 | 9c24 c000 | 0000 4c8b | 5c24 184c 
  0x000078876d1a0f94: 899c 24c8 | 0000 0044 | 8954 2428 

  0x000078876d1a0fa0: ;   {runtime_call UncommonTrapBlob}
  0x000078876d1a0fa0: 6666 90e8 

  0x000078876d1a0fa4: ; ImmutableOopMap {rbp=NarrowOop [16]=Oop [40]=NarrowOop [76]=NarrowOop [80]=Oop [176]=Oop [192]=Oop [200]=Oop [208]=Oop }
                      ;*invokeinterface iterator {reexecute=0 rethrow=0 return_oop=0}
                      ; - net.minecraft.client.renderer.LevelRenderer::renderBlockOutline@20 (line 1068)
                      ; - net.minecraft.client.renderer.LevelRenderer::lambda$addMainPass$0@574 (line 733)
  0x000078876d1a0fa4: 3808 9efe 

  0x000078876d1a0fa8: ;   {post_call_nop}
  0x000078876d1a0fa8: 0f1f 8400 | 203e 009b | bede ffff | ff4c 8b54 | 2408 4c89 | 9424 c000 | 0000 4c8b | 5424 184c 
  0x000078876d1a0fc8: 8994 24c8 | 0000 0089 

  0x000078876d1a0fd0: ;   {runtime_call UncommonTrapBlob}
  0x000078876d1a0fd0: 4c24 1ce8 

  0x000078876d1a0fd4: ; ImmutableOopMap {rbp=NarrowOop [28]=NarrowOop [32]=NarrowOop [176]=Oop [184]=Oop [192]=Oop [200]=Oop [208]=Oop }
                      ;*invokeinterface iterator {reexecute=0 rethrow=0 return_oop=0}
                      ; - net.minecraft.client.renderer.LevelRenderer::renderBlockOutline@20 (line 1068)
                      ; - net.minecraft.client.renderer.LevelRenderer::lambda$addMainPass$0@685 (line 746)
  0x000078876d1a0fd4: 0808 9efe 

  0x000078876d1a0fd8: ;   {post_call_nop}
  0x000078876d1a0fd8: 0f1f 8400 | 503e 009c | 458b 410c | 33ed 4585 | db40 0f95 | c5be 45ff | ffff 4c8b | 5c24 084c 
  0x000078876d1a0ff8: 899c 24c0 | 0000 004c | 8b5c 2418 | 4c89 9c24 | c800 0000 | 4489 5424 | 2844 8944 | 242c 4c89 
  0x000078876d1a1018: ;   {runtime_call UncommonTrapBlob}
  0x000078876d1a1018: 4c24 30e8 

  0x000078876d1a101c: ; ImmutableOopMap {[16]=Oop [40]=NarrowOop [48]=Oop [76]=NarrowOop [80]=Oop [176]=Oop [192]=Oop [200]=Oop [208]=Oop }
                      ;*ifeq {reexecute=1 rethrow=0 return_oop=0}
                      ; - (reexecute) net.minecraft.client.renderer.LevelRenderer::renderBlockOutline@34 (line 1068)
                      ; - net.minecraft.client.renderer.LevelRenderer::lambda$addMainPass$0@574 (line 733)
  0x000078876d1a101c: c007 9efe 

  0x000078876d1a1020: ;   {post_call_nop}
  0x000078876d1a1020: 0f1f 8400 | 983e 009d | 458b 410c | 33ed 4585 | d240 0f95 | c5be 45ff | ffff 4c8b | 5424 084c 
  0x000078876d1a1040: 8994 24c0 | 0000 004c | 8b54 2418 | 4c89 9424 | c800 0000 | 448b 5424 | 2044 8954 | 2418 894c 
  0x000078876d1a1060: 241c 4489 | 4424 204c | 894c 2428 

  0x000078876d1a106c: ;   {runtime_call UncommonTrapBlob}
  0x000078876d1a106c: 6666 90e8 

  0x000078876d1a1070: ; ImmutableOopMap {[24]=NarrowOop [28]=NarrowOop [40]=Oop [176]=Oop [184]=Oop [192]=Oop [200]=Oop [208]=Oop }
                      ;*ifeq {reexecute=1 rethrow=0 return_oop=0}
                      ; - (reexecute) net.minecraft.client.renderer.LevelRenderer::renderBlockOutline@34 (line 1068)
                      ; - net.minecraft.client.renderer.LevelRenderer::lambda$addMainPass$0@685 (line 746)
  0x000078876d1a1070: 6c07 9efe 

  0x000078876d1a1074: ;   {post_call_nop}
  0x000078876d1a1074: 0f1f 8400 | ec3e 009e | be45 ffff | ff48 898c | 24b8 0000 | 004c 8b5c | 2408 4c89 | 9c24 c000 
  0x000078876d1a1094: 0000 4c8b | 5c24 184c | 899c 24c8 | 0000 0044 | 8954 2420 | 897c 2424 

  0x000078876d1a10ac: ;   {runtime_call UncommonTrapBlob}
  0x000078876d1a10ac: 6666 90e8 

  0x000078876d1a10b0: ; ImmutableOopMap {[32]=NarrowOop [36]=NarrowOop [76]=NarrowOop [80]=Oop [176]=Oop [184]=Oop [192]=Oop [200]=Oop [208]=Oop }
                      ;*ifeq {reexecute=1 rethrow=0 return_oop=0}
                      ; - (reexecute) net.minecraft.client.renderer.LevelRenderer::renderBlockOutline@101 (line 1076)
                      ; - net.minecraft.client.renderer.LevelRenderer::lambda$addMainPass$0@574 (line 733)
  0x000078876d1a10b0: 2c07 9efe 

  0x000078876d1a10b4: ;   {post_call_nop}
  0x000078876d1a10b4: 0f1f 8400 | 2c3f 009f | be45 ffff | ff4c 8b44 | 2408 4c89 | 8424 c000 | 0000 4c8b | 4424 184c 
  0x000078876d1a10d4: 8984 24c8 | 0000 0044 | 8954 2424 | 4889 4424 

  0x000078876d1a10e4: ;   {runtime_call UncommonTrapBlob}
  0x000078876d1a10e4: 2866 90e8 

  0x000078876d1a10e8: ; ImmutableOopMap {[16]=NarrowOop [32]=NarrowOop [36]=NarrowOop [40]=Oop [80]=Oop [176]=Oop [184]=Oop [192]=Oop [200]=Oop [208]=Oop }
                      ;*ifeq {reexecute=1 rethrow=0 return_oop=0}
                      ; - (reexecute) net.minecraft.client.renderer.LevelRenderer::renderBlockOutline@157 (line 1082)
                      ; - net.minecraft.client.renderer.LevelRenderer::lambda$addMainPass$0@574 (line 733)
  0x000078876d1a10e8: f406 9efe 

  0x000078876d1a10ec: ;   {post_call_nop}
  0x000078876d1a10ec: 0f1f 8400 | 643f 00a0 | be45 ffff | ff4c 8b5c | 2408 4c89 | 9c24 c000 | 0000 4c8b | 5c24 184c 
  0x000078876d1a110c: 899c 24c8 | 0000 0089 | 4c24 1444 | 8954 2418 

  0x000078876d1a111c: ;   {runtime_call UncommonTrapBlob}
  0x000078876d1a111c: 6666 90e8 

  0x000078876d1a1120: ; ImmutableOopMap {[20]=NarrowOop [24]=NarrowOop [32]=NarrowOop [176]=Oop [184]=Oop [192]=Oop [200]=Oop [208]=Oop }
                      ;*ifeq {reexecute=1 rethrow=0 return_oop=0}
                      ; - (reexecute) net.minecraft.client.renderer.LevelRenderer::renderBlockOutline@101 (line 1076)
                      ; - net.minecraft.client.renderer.LevelRenderer::lambda$addMainPass$0@685 (line 746)
  0x000078876d1a1120: bc06 9efe 

  0x000078876d1a1124: ;   {post_call_nop}
  0x000078876d1a1124: 0f1f 8400 | 9c3f 00a1 | be45 ffff | ff4c 8b54 | 2408 4c89 | 9424 c000 | 0000 4c8b | 5424 184c 
  0x000078876d1a1144: 8994 24c8 | 0000 0044 | 8b5c 2420 | 4489 5c24 | 1489 4c24 | 1848 8944 

  0x000078876d1a115c: ;   {runtime_call UncommonTrapBlob}
  0x000078876d1a115c: 2420 90e8 

  0x000078876d1a1160: ; ImmutableOopMap {[20]=NarrowOop [24]=NarrowOop [32]=Oop [176]=Oop [184]=Oop [192]=Oop [200]=Oop [208]=Oop [216]=NarrowOop }
                      ;*ifeq {reexecute=1 rethrow=0 return_oop=0}
                      ; - (reexecute) net.minecraft.client.renderer.LevelRenderer::renderBlockOutline@157 (line 1082)
                      ; - net.minecraft.client.renderer.LevelRenderer::lambda$addMainPass$0@685 (line 746)
  0x000078876d1a1160: 7c06 9efe 

  0x000078876d1a1164: ;   {post_call_nop}
  0x000078876d1a1164: 0f1f 8400 | dc3f 00a2 | bede ffff | ff4c 8b5c | 2408 4c89 | 9c24 c000 | 0000 4c8b | 5c24 184c 
  0x000078876d1a1184: 899c 24c8 | 0000 0044 | 8954 240c | 4489 5424 | 1044 8944 

  0x000078876d1a1198: ;   {runtime_call UncommonTrapBlob}
  0x000078876d1a1198: 2418 90e8 

  0x000078876d1a119c: ; ImmutableOopMap {rbp=NarrowOop [12]=NarrowOop [16]=NarrowOop [24]=NarrowOop [80]=Oop [176]=Oop [184]=Oop [192]=Oop [200]=Oop [208]=Oop }
                      ;*invokeinterface remove {reexecute=0 rethrow=0 return_oop=0}
                      ; - net.minecraft.client.renderer.MultiBufferSource$BufferSource::endBatch@5 (line 85)
                      ; - net.minecraft.client.renderer.MultiBufferSource$BufferSource::endLastBatch@12 (line 71)
                      ; - net.minecraft.client.renderer.LevelRenderer::renderBlockOutline@216 (line 1093)
                      ; - net.minecraft.client.renderer.LevelRenderer::lambda$addMainPass$0@574 (line 733)
  0x000078876d1a119c: 4006 9efe 

  0x000078876d1a11a0: ;   {post_call_nop}
  0x000078876d1a11a0: 0f1f 8400 | 1840 00a3 | bede ffff | ff4c 8b54 | 2408 4c89 | 9424 c000 | 0000 4489 

  0x000078876d1a11bc: ;   {runtime_call UncommonTrapBlob}
  0x000078876d1a11bc: 4424 0ce8 

  0x000078876d1a11c0: ; ImmutableOopMap {rbp=NarrowOop [12]=NarrowOop [24]=Oop [32]=NarrowOop [176]=Oop [184]=Oop [192]=Oop [208]=Oop }
                      ;*invokeinterface remove {reexecute=0 rethrow=0 return_oop=0}
                      ; - net.minecraft.client.renderer.MultiBufferSource$BufferSource::endBatch@5 (line 85)
                      ; - net.minecraft.client.renderer.MultiBufferSource$BufferSource::endLastBatch@12 (line 71)
                      ; - net.minecraft.client.renderer.LevelRenderer::renderBlockOutline@216 (line 1093)
                      ; - net.minecraft.client.renderer.LevelRenderer::lambda$addMainPass$0@685 (line 746)
  0x000078876d1a11c0: 1c06 9efe 

  0x000078876d1a11c4: ;   {post_call_nop}
  0x000078876d1a11c4: 0f1f 8400 | 3c40 00a4 | be45 ffff | ff48 8bac | 24b0 0000 | 004c 8b94 | 24b8 0000 | 004c 8994 
  0x000078876d1a11e4: 24b0 0000 | 004c 8b54 | 2408 4c89 | 9424 b800 | 0000 4c8b | 5424 184c | 8994 24c0 | 0000 004c 
  0x000078876d1a1204: 8b94 24d0 | 0000 004c | 8994 24c8 | 0000 0044 | 8b54 2410 | 4489 5424 | 0c4c 8b54 | 2420 4c89 
  0x000078876d1a1224: ;   {runtime_call UncommonTrapBlob}
  0x000078876d1a1224: 5424 18e8 

  0x000078876d1a1228: ; ImmutableOopMap {rbp=Oop [0]=NarrowOop [12]=NarrowOop [20]=NarrowOop [24]=Oop [64]=Oop [80]=Oop [176]=Oop [184]=Oop [192]=Oop [200]=Oop }
                      ;*ifeq {reexecute=1 rethrow=0 return_oop=0}
                      ; - (reexecute) java.util.HashMap::removeNode@211 (line 846)
                      ; - java.util.HashMap::remove@9 (line 806)
                      ; - net.minecraft.client.renderer.MultiBufferSource$BufferSource::endBatch@5 (line 85)
                      ; - net.minecraft.client.renderer.MultiBufferSource$BufferSource::endLastBatch@12 (line 71)
                      ; - net.minecraft.client.renderer.LevelRenderer::renderBlockOutline@216 (line 1093)
                      ; - net.minecraft.client.renderer.LevelRenderer::lambda$addMainPass$0@574 (line 733)
  0x000078876d1a1228: b405 9efe 

  0x000078876d1a122c: ;   {post_call_nop}
  0x000078876d1a122c: 0f1f 8400 | a440 00a5 | be45 ffff | ff48 8bac | 24b0 0000 | 004c 8b94 | 24b8 0000 | 004c 8994 
  0x000078876d1a124c: 24b0 0000 | 004c 8b54 | 2408 4c89 | 9424 b800 | 0000 4c8b | 9424 d000 | 0000 4c89 | 9424 c800 
  0x000078876d1a126c: 0000 448b | 9c24 d800 | 0000 4489 | 9c24 d400 | 0000 4c8b | 5424 104c | 8954 2408 

  0x000078876d1a1288: ;   {runtime_call UncommonTrapBlob}
  0x000078876d1a1288: 6666 90e8 

  0x000078876d1a128c: ; ImmutableOopMap {rbp=Oop [0]=NarrowOop [8]=Oop [24]=Oop [32]=NarrowOop [64]=Oop [176]=Oop [184]=Oop [200]=Oop [212]=NarrowOop [216]=NarrowOop }
                      ;*ifeq {reexecute=1 rethrow=0 return_oop=0}
                      ; - (reexecute) java.util.HashMap::removeNode@211 (line 846)
                      ; - java.util.HashMap::remove@9 (line 806)
                      ; - net.minecraft.client.renderer.MultiBufferSource$BufferSource::endBatch@5 (line 85)
                      ; - net.minecraft.client.renderer.MultiBufferSource$BufferSource::endLastBatch@12 (line 71)
                      ; - net.minecraft.client.renderer.LevelRenderer::renderBlockOutline@216 (line 1093)
                      ; - net.minecraft.client.renderer.LevelRenderer::lambda$addMainPass$0@685 (line 746)
  0x000078876d1a128c: 5005 9efe 

  0x000078876d1a1290: ;   {post_call_nop}
  0x000078876d1a1290: 0f1f 8400 | 0841 00a6 | bed6 ffff | ff4c 8b54 | 2408 4c89 | 9424 c000 | 0000 4c8b | 5424 184c 
  0x000078876d1a12b0: 8994 24c8 

  0x000078876d1a12b4: ;   {runtime_call UncommonTrapBlob}
  0x000078876d1a12b4: 0000 00e8 

  0x000078876d1a12b8: ; ImmutableOopMap {rbp=NarrowOop [0]=NarrowOop [16]=NarrowOop [20]=NarrowOop [32]=Oop [64]=Oop [80]=Oop [176]=Oop [184]=Oop [192]=Oop [200]=Oop [208]=Oop }
                      ;*aastore {reexecute=1 rethrow=0 return_oop=0}
                      ; - (reexecute) java.util.HashMap::removeNode@246 (line 849)
                      ; - java.util.HashMap::remove@9 (line 806)
                      ; - net.minecraft.client.renderer.MultiBufferSource$BufferSource::endBatch@5 (line 85)
                      ; - net.minecraft.client.renderer.MultiBufferSource$BufferSource::endLastBatch@12 (line 71)
                      ; - net.minecraft.client.renderer.LevelRenderer::renderBlockOutline@216 (line 1093)
                      ; - net.minecraft.client.renderer.LevelRenderer::lambda$addMainPass$0@574 (line 733)
  0x000078876d1a12b8: 2405 9efe 

  0x000078876d1a12bc: ;   {post_call_nop}
  0x000078876d1a12bc: 0f1f 8400 | 3441 00a7 | bed6 ffff | ff4c 8b54 | 2408 4c89 | 9424 c000 | 0000 4c8b | 5424 184c 
  0x000078876d1a12dc: 8994 24c8 | 0000 0044 | 894c 240c 

  0x000078876d1a12e8: ;   {runtime_call UncommonTrapBlob}
  0x000078876d1a12e8: 6666 90e8 

  0x000078876d1a12ec: ; ImmutableOopMap {rbp=NarrowOop [0]=NarrowOop [12]=NarrowOop [16]=Oop [64]=Oop [176]=Oop [184]=Oop [192]=Oop [200]=Oop [208]=Oop [216]=NarrowOop }
                      ;*aastore {reexecute=1 rethrow=0 return_oop=0}
                      ; - (reexecute) java.util.HashMap::removeNode@246 (line 849)
                      ; - java.util.HashMap::remove@9 (line 806)
                      ; - net.minecraft.client.renderer.MultiBufferSource$BufferSource::endBatch@5 (line 85)
                      ; - net.minecraft.client.renderer.MultiBufferSource$BufferSource::endLastBatch@12 (line 71)
                      ; - net.minecraft.client.renderer.LevelRenderer::renderBlockOutline@216 (line 1093)
                      ; - net.minecraft.client.renderer.LevelRenderer::lambda$addMainPass$0@685 (line 746)
  0x000078876d1a12ec: f004 9efe 

  0x000078876d1a12f0: ;   {post_call_nop}
  0x000078876d1a12f0: 0f1f 8400 | 6841 00a8 | be45 ffff | ff48 8bac | 24b0 0000 | 004c 8b9c | 24b8 0000 | 004c 899c 
  0x000078876d1a1310: 24b0 0000 | 004c 8b5c | 2408 4c89 | 9c24 b800 | 0000 4c8b | 9c24 d000 | 0000 4c89 | 9c24 c800 
  0x000078876d1a1330: 0000 448b | 5c24 1044 | 895c 240c | 4489 5424 

  0x000078876d1a1340: ;   {runtime_call UncommonTrapBlob}
  0x000078876d1a1340: 1066 90e8 

  0x000078876d1a1344: ; ImmutableOopMap {rbp=Oop [0]=NarrowOop [12]=NarrowOop [24]=Oop [80]=Oop [176]=Oop [184]=Oop [200]=Oop }
                      ;*ifle {reexecute=1 rethrow=0 return_oop=0}
                      ; - (reexecute) java.util.HashMap::removeNode@16 (line 823)
                      ; - java.util.HashMap::remove@9 (line 806)
                      ; - net.minecraft.client.renderer.MultiBufferSource$BufferSource::endBatch@5 (line 85)
                      ; - net.minecraft.client.renderer.MultiBufferSource$BufferSource::endLastBatch@12 (line 71)
                      ; - net.minecraft.client.renderer.LevelRenderer::renderBlockOutline@216 (line 1093)
                      ; - net.minecraft.client.renderer.LevelRenderer::lambda$addMainPass$0@574 (line 733)
  0x000078876d1a1344: 9804 9efe 

  0x000078876d1a1348: ;   {post_call_nop}
  0x000078876d1a1348: 0f1f 8400 | c041 00a9 | be45 ffff | ff48 8bac | 24b0 0000 | 004c 8b8c | 24b8 0000 | 004c 898c 
  0x000078876d1a1368: 24b0 0000 | 004c 8b8c | 24d0 0000 | 004c 898c | 24c8 0000 | 0044 899c | 24d4 0000 | 0044 899c 
  0x000078876d1a1388: 24d8 0000 | 0044 8904 | 2444 8954 

  0x000078876d1a1394: ;   {runtime_call UncommonTrapBlob}
  0x000078876d1a1394: 2404 90e8 

  0x000078876d1a1398: ; ImmutableOopMap {rbp=Oop [0]=NarrowOop [8]=Oop [24]=Oop [176]=Oop [200]=Oop [212]=NarrowOop [216]=NarrowOop }
                      ;*ifle {reexecute=1 rethrow=0 return_oop=0}
                      ; - (reexecute) java.util.HashMap::removeNode@16 (line 823)
                      ; - java.util.HashMap::remove@9 (line 806)
                      ; - net.minecraft.client.renderer.MultiBufferSource$BufferSource::endBatch@5 (line 85)
                      ; - net.minecraft.client.renderer.MultiBufferSource$BufferSource::endLastBatch@12 (line 71)
                      ; - net.minecraft.client.renderer.LevelRenderer::renderBlockOutline@216 (line 1093)
                      ; - net.minecraft.client.renderer.LevelRenderer::lambda$addMainPass$0@685 (line 746)
  0x000078876d1a1398: 4404 9efe 

  0x000078876d1a139c: ;   {post_call_nop}
  0x000078876d1a139c: 0f1f 8400 | 1442 00aa | be45 ffff | ff48 8bac | 24b0 0000 | 004c 8b94 | 24b8 0000 | 004c 8994 
  0x000078876d1a13bc: 24b0 0000 | 004c 8b54 | 2408 4c89 | 9424 b800 | 0000 4c8b | 5424 184c | 8994 24c0 | 0000 004c 
  0x000078876d1a13dc: 8b94 24d0 | 0000 004c | 8994 24c8 | 0000 0048 | 894c 2418 | 448b 5c24 | 2844 895c | 2420 4489 
  0x000078876d1a13fc: ;   {runtime_call UncommonTrapBlob}
  0x000078876d1a13fc: 4c24 24e8 

  0x000078876d1a1400: ; ImmutableOopMap {rbp=Oop [0]=NarrowOop [16]=NarrowOop [20]=NarrowOop [24]=Oop [36]=NarrowOop [80]=Oop [176]=Oop [184]=Oop [192]=Oop [200]=Oop }
                      ;*ifeq {reexecute=1 rethrow=0 return_oop=0}
                      ; - (reexecute) java.util.HashMap::removeNode@97 (line 830)
                      ; - java.util.HashMap::remove@9 (line 806)
                      ; - net.minecraft.client.renderer.MultiBufferSource$BufferSource::endBatch@5 (line 85)
                      ; - net.minecraft.client.renderer.MultiBufferSource$BufferSource::endLastBatch@12 (line 71)
                      ; - net.minecraft.client.renderer.LevelRenderer::renderBlockOutline@216 (line 1093)
                      ; - net.minecraft.client.renderer.LevelRenderer::lambda$addMainPass$0@574 (line 733)
  0x000078876d1a1400: dc03 9efe 

  0x000078876d1a1404: ;   {post_call_nop}
  0x000078876d1a1404: 0f1f 8400 | 7c42 00ab | be45 ffff | ff48 8bac | 24b0 0000 | 004c 8b94 | 24b8 0000 | 004c 8994 
  0x000078876d1a1424: 24b0 0000 | 004c 8b54 | 2408 4c89 | 9424 b800 | 0000 4c8b | 5424 184c | 8994 24c0 | 0000 004c 
  0x000078876d1a1444: 8b94 24d0 | 0000 004c | 8994 24c8 | 0000 0044 | 8b9c 24d8 | 0000 0044 | 899c 24d4 | 0000 004c 
  0x000078876d1a1464: 8b54 2410 | 4c89 5424 | 0889 4c24 

  0x000078876d1a1470: ;   {runtime_call UncommonTrapBlob}
  0x000078876d1a1470: 1866 90e8 

  0x000078876d1a1474: ; ImmutableOopMap {rbp=Oop [0]=NarrowOop [8]=Oop [24]=NarrowOop [32]=NarrowOop [176]=Oop [184]=Oop [192]=Oop [200]=Oop [212]=NarrowOop [216]=NarrowOop }
                      ;*ifeq {reexecute=1 rethrow=0 return_oop=0}
                      ; - (reexecute) java.util.HashMap::removeNode@97 (line 830)
                      ; - java.util.HashMap::remove@9 (line 806)
                      ; - net.minecraft.client.renderer.MultiBufferSource$BufferSource::endBatch@5 (line 85)
                      ; - net.minecraft.client.renderer.MultiBufferSource$BufferSource::endLastBatch@12 (line 71)
                      ; - net.minecraft.client.renderer.LevelRenderer::renderBlockOutline@216 (line 1093)
                      ; - net.minecraft.client.renderer.LevelRenderer::lambda$addMainPass$0@685 (line 746)
  0x000078876d1a1474: 6803 9efe 

  0x000078876d1a1478: ;   {post_call_nop}
  0x000078876d1a1478: 0f1f 8400 | f042 00ac | be54 0000 | 0048 8bac | 24b0 0000 | 004c 8b5c | 2410 4c89 | 9c24 b000 
  0x000078876d1a1498: 0000 4c8b | 5c24 084c | 891c 244c | 8b5c 2418 | 4c89 5c24 | 0844 894c | 241c 897c | 2420 4489 
  0x000078876d1a14b8: ;   {runtime_call UncommonTrapBlob}
  0x000078876d1a14b8: 5424 24e8 

  0x000078876d1a14bc: ; ImmutableOopMap {rbp=Oop [0]=Oop [8]=Oop [28]=NarrowOop [36]=NarrowOop [80]=Oop [176]=Oop [184]=Oop [192]=Oop [200]=Oop [208]=Oop }
                      ;*new {reexecute=0 rethrow=0 return_oop=0}
                      ; - com.mojang.blaze3d.opengl.GlTexture::getFbo@88 (line 65)
                      ; - com.mojang.blaze3d.opengl.GlCommandEncoder::clearColorAndDepthTextures@12 (line 115)
                      ; - com.mojang.blaze3d.systems.CommandEncoder::clearColorAndDepthTextures@41 (line 85)
                      ; - net.minecraft.client.renderer.LevelRenderer::lambda$addMainPass$0@210 (line 692)
  0x000078876d1a14bc: 2003 9efe 

  0x000078876d1a14c0: ;   {post_call_nop}
  0x000078876d1a14c0: 0f1f 8400 | 3843 00ad | bede ffff | ff49 8bea | 4c8b 5424 | 104c 8994 | 24b0 0000 | 004c 8b54 
  0x000078876d1a14e0: 2408 4c89 | 1424 4c8b | 5424 184c | 8954 2408 | 4c89 4c24 

  0x000078876d1a14f4: ;   {runtime_call UncommonTrapBlob}
  0x000078876d1a14f4: 1866 90e8 

  0x000078876d1a14f8: ; ImmutableOopMap {rbp=Oop [0]=Oop [8]=Oop [24]=Oop [80]=Oop [176]=Oop [184]=Oop [192]=Oop [200]=Oop [208]=Oop }
                      ;*checkcast {reexecute=0 rethrow=0 return_oop=0}
                      ; - net.minecraft.client.renderer.LevelRenderer::lambda$addMainPass$0@187 (line 689)
  0x000078876d1a14f8: e402 9efe 

  0x000078876d1a14fc: ;   {post_call_nop}
  0x000078876d1a14fc: 0f1f 8400 | 7443 00ae | bede ffff | ff4c 8b94 | 24c0 0000 | 004c 8994 | 24b0 0000 | 004c 8b54 
  0x000078876d1a151c: 2408 4c89 | 9424 c000 | 0000 4c8b | 5424 104c | 8914 2444 | 8944 240c 

  0x000078876d1a1534: ;   {runtime_call UncommonTrapBlob}
  0x000078876d1a1534: 6666 90e8 

  0x000078876d1a1538: ; ImmutableOopMap {rbp=NarrowOop [0]=Oop [24]=Oop [56]=NarrowOop [60]=NarrowOop [176]=Oop [184]=Oop [192]=Oop [208]=Oop }
                      ;*checkcast {reexecute=0 rethrow=0 return_oop=0}
                      ; - net.minecraft.client.renderer.state.level.ParticlesRenderState$$Lambda/0x000000001c9c3b30::accept@1
                      ; - java.util.ArrayList::forEach@46 (line 1604)
                      ; - net.minecraft.client.renderer.state.level.ParticlesRenderState::reset@9 (line 14)
                      ; - net.minecraft.client.renderer.LevelRenderer::lambda$addMainPass$0@722 (line 754)
  0x000078876d1a1538: a402 9efe 

  0x000078876d1a153c: ;   {post_call_nop}
  0x000078876d1a153c: 0f1f 8400 | b443 00af | bede ffff | ff4c 8b94 | 24c0 0000 | 004c 8994 | 24b0 0000 | 004c 8b54 
  0x000078876d1a155c: 2408 4c89 | 9424 c000 | 0000 4c8b | 5424 184c | 8994 24c8 | 0000 004c | 8b54 2410 | 4c89 1424 
  0x000078876d1a157c: 448b 5424 | 2044 8954 | 2408 448b | 5424 2444 | 8954 240c | 4c8b 5424 | 284c 8954 | 2410 4889 
  0x000078876d1a159c: 4424 1844 | 894c 2420 | 894c 2424 | 4489 4424 | 2848 895c | 2430 897c 

  0x000078876d1a15b4: ;   {runtime_call UncommonTrapBlob}
  0x000078876d1a15b4: 242c 90e8 

  0x000078876d1a15b8: ; ImmutableOopMap {rbp=NarrowOop [0]=Oop [16]=Oop [24]=Oop [44]=NarrowOop [48]=Oop [56]=NarrowOop [60]=NarrowOop [176]=Oop [184]=Oop [192]=Oop [200]=Oop [208]=Oop }
                      ;*checkcast {reexecute=0 rethrow=0 return_oop=0}
                      ; - net.minecraft.client.renderer.state.level.QuadParticleRenderState$$Lambda/0x000000001c9e6db8::accept@1
                      ; - java.util.HashMap$Values::forEach@78 (line 1074)
                      ; - net.minecraft.client.renderer.state.level.QuadParticleRenderState::clear@14 (line 62)
                      ; - net.minecraft.client.renderer.state.level.ParticlesRenderState$$Lambda/0x000000001c9c3b30::accept@4
                      ; - java.util.ArrayList::forEach@46 (line 1604)
                      ; - net.minecraft.client.renderer.state.level.ParticlesRenderState::reset@9 (line 14)
                      ; - net.minecraft.client.renderer.LevelRenderer::lambda$addMainPass$0@722 (line 754)
  0x000078876d1a15b8: 2402 9efe 

  0x000078876d1a15bc: ;   {post_call_nop}
  0x000078876d1a15bc: 0f1f 8400 | 3444 00b0 | bede ffff | ff4c 8b54 | 2408 4c89 | 9424 c000 | 0000 4c8b | 5424 184c 
  0x000078876d1a15dc: 8994 24c8 | 0000 0044 | 8b54 2420 | 4489 5424 

  0x000078876d1a15ec: ;   {runtime_call UncommonTrapBlob}
  0x000078876d1a15ec: 0466 90e8 

  0x000078876d1a15f0: ; ImmutableOopMap {rbp=NarrowOop [0]=NarrowOop [4]=NarrowOop [16]=Oop [36]=NarrowOop [176]=Oop [184]=Oop [192]=Oop [200]=Oop [208]=Oop [216]=NarrowOop }
                      ;*checkcast {reexecute=0 rethrow=0 return_oop=0}
                      ; - net.minecraft.client.renderer.feature.FeatureRenderDispatcher::renderTranslucentParticles@31 (line 94)
                      ; - net.minecraft.client.renderer.LevelRenderer::lambda$addMainPass$0@703 (line 751)
  0x000078876d1a15f0: ec01 9efe 

  0x000078876d1a15f4: ;   {post_call_nop}
  0x000078876d1a15f4: 0f1f 8400 | 6c44 00b1 | bede ffff | ff4c 8b54 | 2408 4c89 | 9424 c000 

  0x000078876d1a160c: ;   {runtime_call UncommonTrapBlob}
  0x000078876d1a160c: 0000 90e8 

  0x000078876d1a1610: ; ImmutableOopMap {rbp=NarrowOop [0]=NarrowOop [16]=NarrowOop [24]=Oop [80]=Oop [176]=Oop [184]=Oop [192]=Oop [208]=Oop }
                      ;*checkcast {reexecute=0 rethrow=0 return_oop=0}
                      ; - net.minecraft.client.renderer.MultiBufferSource$BufferSource::endBatch@10 (line 85)
                      ; - net.minecraft.client.renderer.MultiBufferSource$BufferSource::endLastBatch@12 (line 71)
                      ; - net.minecraft.client.renderer.LevelRenderer::renderBlockOutline@216 (line 1093)
                      ; - net.minecraft.client.renderer.LevelRenderer::lambda$addMainPass$0@574 (line 733)
  0x000078876d1a1610: cc01 9efe 

  0x000078876d1a1614: ;   {post_call_nop}
  0x000078876d1a1614: 0f1f 8400 | 8c44 00b2 | bede ffff | ff4c 8b54 | 2408 4c89 | 9424 c000 

  0x000078876d1a162c: ;   {runtime_call UncommonTrapBlob}
  0x000078876d1a162c: 0000 90e8 

  0x000078876d1a1630: ; ImmutableOopMap {rbp=NarrowOop [0]=NarrowOop [24]=Oop [176]=Oop [184]=Oop [192]=Oop [208]=Oop [216]=NarrowOop }
                      ;*checkcast {reexecute=0 rethrow=0 return_oop=0}
                      ; - net.minecraft.client.renderer.MultiBufferSource$BufferSource::endBatch@10 (line 85)
                      ; - net.minecraft.client.renderer.MultiBufferSource$BufferSource::endLastBatch@12 (line 71)
                      ; - net.minecraft.client.renderer.LevelRenderer::renderBlockOutline@216 (line 1093)
                      ; - net.minecraft.client.renderer.LevelRenderer::lambda$addMainPass$0@685 (line 746)
  0x000078876d1a1630: ac01 9efe 

  0x000078876d1a1634: ;   {post_call_nop}
  0x000078876d1a1634: 0f1f 8400 | ac44 00b3 | bef4 ffff | ff4c 8b94 | 24c0 0000 | 004c 8994 | 24b0 0000 | 004c 8b54 
  0x000078876d1a1654: 2408 4c89 | 9424 c000 | 0000 4c8b | 5424 184c | 8994 24c8 | 0000 004c | 8b54 2410 | 4c89 1424 
  0x000078876d1a1674: 448b 5424 | 2044 8954 | 2408 448b | 5c24 2444 | 895c 240c | 4c8b 5424 | 284c 8954 | 2410 4889 
  0x000078876d1a1694: 4424 1844 | 894c 2420 | 894c 2424 | 4489 4424 | 2848 895c | 2430 448b | 5424 3844 | 8954 242c 
  0x000078876d1a16b4: ;   {runtime_call UncommonTrapBlob}
  0x000078876d1a16b4: 6666 90e8 

  0x000078876d1a16b8: ; ImmutableOopMap {rbp=NarrowOop [0]=Oop [16]=Oop [24]=Oop [44]=NarrowOop [48]=Oop [60]=NarrowOop [176]=Oop [184]=Oop [192]=Oop [200]=Oop [208]=Oop }
                      ;*checkcast {reexecute=0 rethrow=0 return_oop=0}
                      ; - net.minecraft.client.renderer.state.level.QuadParticleRenderState$$Lambda/0x000000001c9e6db8::accept@1
                      ; - java.util.HashMap$Values::forEach@78 (line 1074)
                      ; - net.minecraft.client.renderer.state.level.QuadParticleRenderState::clear@14 (line 62)
                      ; - net.minecraft.client.renderer.state.level.ParticlesRenderState$$Lambda/0x000000001c9c3b30::accept@4
                      ; - java.util.ArrayList::forEach@46 (line 1604)
                      ; - net.minecraft.client.renderer.state.level.ParticlesRenderState::reset@9 (line 14)
                      ; - net.minecraft.client.renderer.LevelRenderer::lambda$addMainPass$0@722 (line 754)
  0x000078876d1a16b8: 2401 9efe 

  0x000078876d1a16bc: ;   {post_call_nop}
  0x000078876d1a16bc: 0f1f 8400 | 3445 00b4 | bef6 ffff 

  0x000078876d1a16c8: ;   {runtime_call UncommonTrapBlob}
  0x000078876d1a16c8: ff66 90e8 

  0x000078876d1a16cc: ; ImmutableOopMap {}
                      ;*arraylength {reexecute=0 rethrow=0 return_oop=0}
                      ; - java.util.ArrayList$Itr::next@38 (line 1055)
                      ; - net.minecraft.client.renderer.LevelRenderer::submitEntities@53 (line 910)
                      ; - net.minecraft.client.renderer.LevelRenderer::lambda$addMainPass$0@257 (line 699)
  0x000078876d1a16cc: 1001 9efe 

  0x000078876d1a16d0: ;   {post_call_nop}
  0x000078876d1a16d0: 0f1f 8400 | 4845 00b5 | bef4 ffff | ff48 8b6c | 2420 4c8b | 5424 384c | 8994 24b0 | 0000 004c 
  0x000078876d1a16f0: 8b54 2408 | 4c89 1424 | 4c8b 5424 | 184c 8954 | 2408 4c8b | 5424 284c | 8954 2410 | 448b 5424 
  0x000078876d1a1710: 4044 8954 | 2430 448b | 5c24 4444 | 895c 2434 | 448b 5424 | 4844 8954 | 2438 4c8b | 5424 504c 
  0x000078876d1a1730: 8954 2440 | 448b 5c24 | 4c44 895c | 243c 448b | 5424 5c44 | 8954 2448 | 448b 5c24 | 5844 895c 
  0x000078876d1a1750: 244c c5fb | 1144 2450 | c5fb 115c | 2458 c5fb | 116c 2468 

  0x000078876d1a1764: ;   {runtime_call UncommonTrapBlob}
  0x000078876d1a1764: 6666 90e8 

  0x000078876d1a1768: ; ImmutableOopMap {rbp=Oop [0]=Oop [8]=Oop [16]=Oop [60]=NarrowOop [64]=Oop [72]=NarrowOop [76]=NarrowOop [96]=Oop [176]=Oop [184]=Oop [192]=Oop [200]=Oop [208]=Oop }
                      ;*checkcast {reexecute=0 rethrow=0 return_oop=0}
                      ; - net.minecraft.client.renderer.LevelRenderer::submitEntities@58 (line 910)
                      ; - net.minecraft.client.renderer.LevelRenderer::lambda$addMainPass$0@257 (line 699)
  0x000078876d1a1768: 7400 9efe 

  0x000078876d1a176c: ;   {post_call_nop}
  0x000078876d1a176c: 0f1f 8400 | e445 00b6 | bef4 ffff | ff48 8bac | 24b0 0000 | 004c 8b94 | 24b8 0000 | 004c 8994 
  0x000078876d1a178c: 24b0 0000 | 004c 8b54 | 2408 4c89 | 9424 b800 | 0000 4c8b | 5424 184c | 8994 24c0 | 0000 004c 
  0x000078876d1a17ac: 8b94 24d0 | 0000 004c | 8994 24c8 | 0000 0044 | 8b94 24d8 | 0000 0044 | 8994 24d4 

  0x000078876d1a17c8: ;   {runtime_call UncommonTrapBlob}
  0x000078876d1a17c8: 0000 00e8 

  0x000078876d1a17cc: ; ImmutableOopMap {rbp=Oop [0]=NarrowOop [16]=Oop [32]=NarrowOop [36]=NarrowOop [176]=Oop [184]=Oop [192]=Oop [200]=Oop [212]=NarrowOop }
                      ;*checkcast {reexecute=0 rethrow=0 return_oop=0}
                      ; - net.minecraft.client.renderer.feature.FeatureRenderDispatcher::renderTranslucentParticles@31 (line 94)
                      ; - net.minecraft.client.renderer.LevelRenderer::lambda$addMainPass$0@703 (line 751)
  0x000078876d1a17cc: 1000 9efe 

  0x000078876d1a17d0: ;   {post_call_nop}
  0x000078876d1a17d0: 0f1f 8400 | 4846 00b7 | bef6 ffff 

  0x000078876d1a17dc: ;   {runtime_call UncommonTrapBlob}
  0x000078876d1a17dc: ff66 90e8 

  0x000078876d1a17e0: ; ImmutableOopMap {}
                      ;*getfield cameraRenderState {reexecute=1 rethrow=0 return_oop=0}
                      ; - (reexecute) net.minecraft.client.renderer.LevelRenderer::lambda$addMainPass$0@5 (line 669)
  0x000078876d1a17e0: fcff 9dfe 

  0x000078876d1a17e4: ;   {post_call_nop}
  0x000078876d1a17e4: 0f1f 8400 | 5c46 00b8 | bef6 ffff 

  0x000078876d1a17f0: ;   {runtime_call UncommonTrapBlob}
  0x000078876d1a17f0: ff66 90e8 

  0x000078876d1a17f4: ; ImmutableOopMap {}
                      ;*invokeinterface push {reexecute=0 rethrow=0 return_oop=0}
                      ; - net.minecraft.client.renderer.LevelRenderer::lambda$addMainPass$0@38 (line 673)
  0x000078876d1a17f4: e8ff 9dfe 

  0x000078876d1a17f8: ;   {post_call_nop}
  0x000078876d1a17f8: 0f1f 8400 | 7046 00b9 | bef6 ffff 

  0x000078876d1a1804: ;   {runtime_call UncommonTrapBlob}
  0x000078876d1a1804: ff66 90e8 

  0x000078876d1a1808: ; ImmutableOopMap {}
                      ;*getfield gameRenderer {reexecute=1 rethrow=0 return_oop=0}
                      ; - (reexecute) net.minecraft.client.renderer.LevelRenderer::lambda$addMainPass$0@156 (line 687)
  0x000078876d1a1808: d4ff 9dfe 

  0x000078876d1a180c: ;   {post_call_nop}
  0x000078876d1a180c: 0f1f 8400 | 8446 00ba | bef6 ffff 

  0x000078876d1a1818: ;   {runtime_call UncommonTrapBlob}
  0x000078876d1a1818: ff66 90e8 

  0x000078876d1a181c: ; ImmutableOopMap {}
                      ;*invokevirtual getLighting {reexecute=0 rethrow=0 return_oop=0}
                      ; - net.minecraft.client.renderer.LevelRenderer::lambda$addMainPass$0@159 (line 687)
  0x000078876d1a181c: c0ff 9dfe 

  0x000078876d1a1820: ;   {post_call_nop}
  0x000078876d1a1820: 0f1f 8400 | 9846 00bb | bef6 ffff 

  0x000078876d1a182c: ;   {runtime_call UncommonTrapBlob}
  0x000078876d1a182c: ff66 90e8 

  0x000078876d1a1830: ; ImmutableOopMap {}
                      ;*invokevirtual setupFor {reexecute=0 rethrow=0 return_oop=0}
                      ; - net.minecraft.client.renderer.LevelRenderer::lambda$addMainPass$0@165 (line 687)
  0x000078876d1a1830: acff 9dfe 

  0x000078876d1a1834: ;   {post_call_nop}
  0x000078876d1a1834: 0f1f 8400 | ac46 00bc | bef6 ffff 

  0x000078876d1a1840: ;   {runtime_call UncommonTrapBlob}
  0x000078876d1a1840: ff66 90e8 

  0x000078876d1a1844: ; ImmutableOopMap {}
                      ;*invokevirtual slice {reexecute=0 rethrow=0 return_oop=0}
                      ; - com.mojang.blaze3d.platform.Lighting::setupFor@18 (line 75)
                      ; - net.minecraft.client.renderer.LevelRenderer::lambda$addMainPass$0@165 (line 687)
  0x000078876d1a1844: 98ff 9dfe 

  0x000078876d1a1848: ;   {post_call_nop}
  0x000078876d1a1848: 0f1f 8400 | c046 00bd | bef6 ffff 

  0x000078876d1a1854: ;   {runtime_call UncommonTrapBlob}
  0x000078876d1a1854: ff66 90e8 

  0x000078876d1a1858: ; ImmutableOopMap {}
                      ;*getfield cameraRenderState {reexecute=1 rethrow=0 return_oop=0}
                      ; - (reexecute) net.minecraft.client.renderer.LevelRenderer::shouldShowEntityOutlines@4 (line 243)
                      ; - net.minecraft.client.renderer.LevelRenderer::lambda$addMainPass$0@169 (line 688)
  0x000078876d1a1858: 84ff 9dfe 

  0x000078876d1a185c: ;   {post_call_nop}
  0x000078876d1a185c: 0f1f 8400 | d446 00be | bef6 ffff 

  0x000078876d1a1868: ;   {runtime_call UncommonTrapBlob}
  0x000078876d1a1868: ff66 90e8 

  0x000078876d1a186c: ; ImmutableOopMap {}
                      ;*getfield isPanoramicMode {reexecute=1 rethrow=0 return_oop=0}
                      ; - (reexecute) net.minecraft.client.renderer.LevelRenderer::shouldShowEntityOutlines@7 (line 243)
                      ; - net.minecraft.client.renderer.LevelRenderer::lambda$addMainPass$0@169 (line 688)
  0x000078876d1a186c: 70ff 9dfe 

  0x000078876d1a1870: ;   {post_call_nop}
  0x000078876d1a1870: 0f1f 8400 | e846 00bf | bef6 ffff 

  0x000078876d1a187c: ;   {runtime_call UncommonTrapBlob}
  0x000078876d1a187c: ff66 90e8 

  0x000078876d1a1880: ; ImmutableOopMap {}
                      ;*getfield player {reexecute=1 rethrow=0 return_oop=0}
                      ; - (reexecute) net.minecraft.client.renderer.LevelRenderer::shouldShowEntityOutlines@24 (line 243)
                      ; - net.minecraft.client.renderer.LevelRenderer::lambda$addMainPass$0@169 (line 688)
  0x000078876d1a1880: 5cff 9dfe 

  0x000078876d1a1884: ;   {post_call_nop}
  0x000078876d1a1884: 0f1f 8400 | fc46 00c0 | bef6 ffff 

  0x000078876d1a1890: ;   {runtime_call UncommonTrapBlob}
  0x000078876d1a1890: ff66 90e8 

  0x000078876d1a1894: ; ImmutableOopMap {}
                      ;*invokevirtual get {reexecute=0 rethrow=0 return_oop=0}
                      ; - com.mojang.blaze3d.framegraph.FrameGraphBuilder$Handle::get@4 (line 192)
                      ; - net.minecraft.client.renderer.LevelRenderer::lambda$addMainPass$0@182 (line 689)
  0x000078876d1a1894: 48ff 9dfe 

  0x000078876d1a1898: ;   {post_call_nop}
  0x000078876d1a1898: 0f1f 8400 | 1047 00c1 | bef6 ffff 

  0x000078876d1a18a4: ;   {runtime_call UncommonTrapBlob}
  0x000078876d1a18a4: ff66 90e8 

  0x000078876d1a18a8: ; ImmutableOopMap {}
                      ;*invokeinterface createCommandEncoder {reexecute=0 rethrow=0 return_oop=0}
                      ; - com.mojang.blaze3d.systems.GpuDevice::createCommandEncoder@12 (line 31)
                      ; - net.minecraft.client.renderer.LevelRenderer::lambda$addMainPass$0@195 (line 691)
  0x000078876d1a18a8: 34ff 9dfe 

  0x000078876d1a18ac: ;   {post_call_nop}
  0x000078876d1a18ac: 0f1f 8400 | 2447 00c2 | bef6 ffff 

  0x000078876d1a18b8: ;   {runtime_call UncommonTrapBlob}
  0x000078876d1a18b8: ff66 90e8 

  0x000078876d1a18bc: ; ImmutableOopMap {}
                      ;*invokeinterface isInRenderPass {reexecute=0 rethrow=0 return_oop=0}
                      ; - com.mojang.blaze3d.systems.CommandEncoder::clearColorAndDepthTextures@4 (line 80)
                      ; - net.minecraft.client.renderer.LevelRenderer::lambda$addMainPass$0@210 (line 692)
  0x000078876d1a18bc: 20ff 9dfe 

  0x000078876d1a18c0: ;   {post_call_nop}
  0x000078876d1a18c0: 0f1f 8400 | 3847 00c3 | bef6 ffff 

  0x000078876d1a18cc: ;   {runtime_call UncommonTrapBlob}
  0x000078876d1a18cc: ff66 90e8 

  0x000078876d1a18d0: ; ImmutableOopMap {}
                      ;*invokevirtual getFormat {reexecute=0 rethrow=0 return_oop=0}
                      ; - com.mojang.blaze3d.systems.CommandEncoder::verifyColorTexture@1 (line 470)
                      ; - com.mojang.blaze3d.systems.CommandEncoder::clearColorAndDepthTextures@24 (line 83)
                      ; - net.minecraft.client.renderer.LevelRenderer::lambda$addMainPass$0@210 (line 692)
  0x000078876d1a18d0: 0cff 9dfe 

  0x000078876d1a18d4: ;   {post_call_nop}
  0x000078876d1a18d4: 0f1f 8400 | 4c47 00c4 | bef6 ffff 

  0x000078876d1a18e0: ;   {runtime_call UncommonTrapBlob}
  0x000078876d1a18e0: ff66 90e8 

  0x000078876d1a18e4: ; ImmutableOopMap {}
                      ;*invokevirtual getFormat {reexecute=0 rethrow=0 return_oop=0}
                      ; - com.mojang.blaze3d.systems.CommandEncoder::verifyDepthTexture@1 (line 484)
                      ; - com.mojang.blaze3d.systems.CommandEncoder::clearColorAndDepthTextures@29 (line 84)
                      ; - net.minecraft.client.renderer.LevelRenderer::lambda$addMainPass$0@210 (line 692)
  0x000078876d1a18e4: f8fe 9dfe 

  0x000078876d1a18e8: ;   {post_call_nop}
  0x000078876d1a18e8: 0f1f 8400 | 6047 00c5 | bef6 ffff | ff41 8be8 

  0x000078876d1a18f8: ;   {runtime_call UncommonTrapBlob}
  0x000078876d1a18f8: 6666 90e8 

  0x000078876d1a18fc: ; ImmutableOopMap {}
                      ;*aaload {reexecute=0 rethrow=0 return_oop=0}
                      ; - java.util.ArrayList::elementAt@2 (line 417)
                      ; - java.util.ArrayList::forEach@43 (line 1604)
                      ; - net.minecraft.client.renderer.state.level.ParticlesRenderState::reset@9 (line 14)
                      ; - net.minecraft.client.renderer.LevelRenderer::lambda$addMainPass$0@722 (line 754)
  0x000078876d1a18fc: e0fe 9dfe 

  0x000078876d1a1900: ;   {post_call_nop}
  0x000078876d1a1900: 0f1f 8400 | 7847 00c6 | bef4 ffff | ff48 8bac | 24c0 0000 | 004c 8b94 | 24b8 0000 | 004c 8994 
  0x000078876d1a1920: 24b0 0000 | 004c 8b54 | 2408 4c89 | 9424 b800 | 0000 4c8b | 9424 d000 | 0000 4c89 | 9424 c800 
  0x000078876d1a1940: 0000 4489 

  0x000078876d1a1944: ;   {runtime_call UncommonTrapBlob}
  0x000078876d1a1944: 4424 04e8 

  0x000078876d1a1948: ; ImmutableOopMap {rbp=Oop [16]=Oop [24]=Oop [56]=NarrowOop [60]=NarrowOop [176]=Oop [184]=Oop [200]=Oop }
                      ;*checkcast {reexecute=0 rethrow=0 return_oop=0}
                      ; - net.minecraft.client.renderer.state.level.ParticlesRenderState$$Lambda/0x000000001c9c3b30::accept@1
                      ; - java.util.ArrayList::forEach@46 (line 1604)
                      ; - net.minecraft.client.renderer.state.level.ParticlesRenderState::reset@9 (line 14)
                      ; - net.minecraft.client.renderer.LevelRenderer::lambda$addMainPass$0@722 (line 754)
  0x000078876d1a1948: 94fe 9dfe 

  0x000078876d1a194c: ;   {post_call_nop}
  0x000078876d1a194c: 0f1f 8400 | c447 00c7 | bef6 ffff 

  0x000078876d1a1958: ;   {runtime_call UncommonTrapBlob}
  0x000078876d1a1958: ff66 90e8 

  0x000078876d1a195c: ; ImmutableOopMap {}
                      ;*invokeinterface values {reexecute=0 rethrow=0 return_oop=0}
                      ; - net.minecraft.client.renderer.state.level.QuadParticleRenderState::clear@4 (line 62)
                      ; - net.minecraft.client.renderer.state.level.ParticlesRenderState$$Lambda/0x000000001c9c3b30::accept@4
                      ; - java.util.ArrayList::forEach@46 (line 1604)
                      ; - net.minecraft.client.renderer.state.level.ParticlesRenderState::reset@9 (line 14)
                      ; - net.minecraft.client.renderer.LevelRenderer::lambda$addMainPass$0@722 (line 754)
  0x000078876d1a195c: 80fe 9dfe 

  0x000078876d1a1960: ;   {post_call_nop}
  0x000078876d1a1960: 0f1f 8400 | d847 00c8 | bef6 ffff 

  0x000078876d1a196c: ;   {runtime_call UncommonTrapBlob}
  0x000078876d1a196c: ff66 90e8 

  0x000078876d1a1970: ; ImmutableOopMap {}
                      ;*getfield size {reexecute=1 rethrow=0 return_oop=0}
                      ; - (reexecute) java.util.HashMap$Values::forEach@16 (line 1070)
                      ; - net.minecraft.client.renderer.state.level.QuadParticleRenderState::clear@14 (line 62)
                      ; - net.minecraft.client.renderer.state.level.ParticlesRenderState$$Lambda/0x000000001c9c3b30::accept@4
                      ; - java.util.ArrayList::forEach@46 (line 1604)
                      ; - net.minecraft.client.renderer.state.level.ParticlesRenderState::reset@9 (line 14)
                      ; - net.minecraft.client.renderer.LevelRenderer::lambda$addMainPass$0@722 (line 754)
  0x000078876d1a1970: 6cfe 9dfe 

  0x000078876d1a1974: ;   {post_call_nop}
  0x000078876d1a1974: 0f1f 8400 | ec47 00c9 | bef6 ffff 

  0x000078876d1a1980: ;   {runtime_call UncommonTrapBlob}
  0x000078876d1a1980: ff66 90e8 

  0x000078876d1a1984: ; ImmutableOopMap {}
                      ;*invokevirtual directStateAccess {reexecute=0 rethrow=0 return_oop=0}
                      ; - com.mojang.blaze3d.opengl.GlCommandEncoder::clearColorAndDepthTextures@8 (line 115)
                      ; - com.mojang.blaze3d.systems.CommandEncoder::clearColorAndDepthTextures@41 (line 85)
                      ; - net.minecraft.client.renderer.LevelRenderer::lambda$addMainPass$0@210 (line 692)
  0x000078876d1a1984: 58fe 9dfe 

  0x000078876d1a1988: ;   {post_call_nop}
  0x000078876d1a1988: 0f1f 8400 | 0048 00ca | bef6 ffff 

  0x000078876d1a1994: ;   {runtime_call UncommonTrapBlob}
  0x000078876d1a1994: ff66 90e8 

  0x000078876d1a1998: ; ImmutableOopMap {}
                      ;*invokevirtual disable {reexecute=0 rethrow=0 return_oop=0}
                      ; - com.mojang.blaze3d.opengl.GlStateManager::_disableScissorTest@9 (line 51)
                      ; - com.mojang.blaze3d.opengl.GlCommandEncoder::clearColorAndDepthTextures@24 (line 117)
                      ; - com.mojang.blaze3d.systems.CommandEncoder::clearColorAndDepthTextures@41 (line 85)
                      ; - net.minecraft.client.renderer.LevelRenderer::lambda$addMainPass$0@210 (line 692)
  0x000078876d1a1998: 44fe 9dfe 

  0x000078876d1a199c: ;   {post_call_nop}
  0x000078876d1a199c: 0f1f 8400 | 1448 00cb | bef6 ffff 

  0x000078876d1a19a8: ;   {runtime_call UncommonTrapBlob}
  0x000078876d1a19a8: ff66 90e8 

  0x000078876d1a19ac: ; ImmutableOopMap {}
                      ;*invokevirtual bufferSource {reexecute=0 rethrow=0 return_oop=0}
                      ; - net.minecraft.client.renderer.LevelRenderer::lambda$addMainPass$0@226 (line 696)
  0x000078876d1a19ac: 30fe 9dfe 

  0x000078876d1a19b0: ;   {post_call_nop}
  0x000078876d1a19b0: 0f1f 8400 | 2848 00cc | bef6 ffff 

  0x000078876d1a19bc: ;   {runtime_call UncommonTrapBlob}
  0x000078876d1a19bc: ff66 90e8 

  0x000078876d1a19c0: ; ImmutableOopMap {}
                      ;*getfield pos {reexecute=1 rethrow=0 return_oop=0}
                      ; - (reexecute) net.minecraft.client.renderer.LevelRenderer::submitEntities@4 (line 905)
                      ; - net.minecraft.client.renderer.LevelRenderer::lambda$addMainPass$0@257 (line 699)
  0x000078876d1a19c0: 1cfe 9dfe 

  0x000078876d1a19c4: ;   {post_call_nop}
  0x000078876d1a19c4: 0f1f 8400 | 3c48 00cd | bef6 ffff 

  0x000078876d1a19d0: ;   {runtime_call UncommonTrapBlob}
  0x000078876d1a19d0: ff66 90e8 

  0x000078876d1a19d4: ; ImmutableOopMap {}
                      ;*invokevirtual x {reexecute=0 rethrow=0 return_oop=0}
                      ; - net.minecraft.client.renderer.LevelRenderer::submitEntities@11 (line 906)
                      ; - net.minecraft.client.renderer.LevelRenderer::lambda$addMainPass$0@257 (line 699)
  0x000078876d1a19d4: 08fe 9dfe 

  0x000078876d1a19d8: ;   {post_call_nop}
  0x000078876d1a19d8: 0f1f 8400 | 5048 00ce | bef6 ffff 

  0x000078876d1a19e4: ;   {runtime_call UncommonTrapBlob}
  0x000078876d1a19e4: ff66 90e8 

  0x000078876d1a19e8: ; ImmutableOopMap {}
                      ;*invokeinterface iterator {reexecute=0 rethrow=0 return_oop=0}
                      ; - net.minecraft.client.renderer.LevelRenderer::submitEntities@34 (line 910)
                      ; - net.minecraft.client.renderer.LevelRenderer::lambda$addMainPass$0@257 (line 699)
  0x000078876d1a19e8: f4fd 9dfe 

  0x000078876d1a19ec: ;   {post_call_nop}
  0x000078876d1a19ec: 0f1f 8400 | 6448 00cf | bef6 ffff 

  0x000078876d1a19f8: ;   {runtime_call UncommonTrapBlob}
  0x000078876d1a19f8: ff66 90e8 

  0x000078876d1a19fc: ; ImmutableOopMap {}
                      ;*getfield pos {reexecute=1 rethrow=0 return_oop=0}
                      ; - (reexecute) net.minecraft.client.renderer.LevelRenderer::submitBlockDestroyAnimation@4 (line 1014)
                      ; - net.minecraft.client.renderer.LevelRenderer::lambda$addMainPass$0@294 (line 702)
  0x000078876d1a19fc: e0fd 9dfe 

  0x000078876d1a1a00: ;   {post_call_nop}
  0x000078876d1a1a00: 0f1f 8400 | 7848 00d0 | bef6 ffff 

  0x000078876d1a1a0c: ;   {runtime_call UncommonTrapBlob}
  0x000078876d1a1a0c: ff66 90e8 

  0x000078876d1a1a10: ; ImmutableOopMap {}
                      ;*invokevirtual x {reexecute=0 rethrow=0 return_oop=0}
                      ; - net.minecraft.client.renderer.LevelRenderer::submitBlockDestroyAnimation@11 (line 1015)
                      ; - net.minecraft.client.renderer.LevelRenderer::lambda$addMainPass$0@294 (line 702)
  0x000078876d1a1a10: ccfd 9dfe 

  0x000078876d1a1a14: ;   {post_call_nop}
  0x000078876d1a1a14: 0f1f 8400 | 8c48 00d1 | bef6 ffff 

  0x000078876d1a1a20: ;   {runtime_call UncommonTrapBlob}
  0x000078876d1a1a20: ff66 90e8 

  0x000078876d1a1a24: ; ImmutableOopMap {}
                      ;*invokeinterface iterator {reexecute=0 rethrow=0 return_oop=0}
                      ; - net.minecraft.client.renderer.LevelRenderer::submitBlockDestroyAnimation@34 (line 1019)
                      ; - net.minecraft.client.renderer.LevelRenderer::lambda$addMainPass$0@294 (line 702)
  0x000078876d1a1a24: b8fd 9dfe 

  0x000078876d1a1a28: ;   {post_call_nop}
  0x000078876d1a1a28: 0f1f 8400 | a048 00d2 | bef6 ffff 

  0x000078876d1a1a34: ;   {runtime_call UncommonTrapBlob}
  0x000078876d1a1a34: ff66 90e8 

  0x000078876d1a1a38: ; ImmutableOopMap {}
                      ;*invokevirtual outlineBufferSource {reexecute=0 rethrow=0 return_oop=0}
                      ; - net.minecraft.client.renderer.LevelRenderer::lambda$addMainPass$0@556 (line 731)
  0x000078876d1a1a38: a4fd 9dfe 

  0x000078876d1a1a3c: ;   {post_call_nop}
  0x000078876d1a1a3c: 0f1f 8400 | b448 00d3 | bef6 ffff 

  0x000078876d1a1a48: ;   {runtime_call UncommonTrapBlob}
  0x000078876d1a1a48: ff66 90e8 

  0x000078876d1a1a4c: ; ImmutableOopMap {}
                      ;*invokevirtual endOutlineBatch {reexecute=0 rethrow=0 return_oop=0}
                      ; - net.minecraft.client.renderer.LevelRenderer::lambda$addMainPass$0@559 (line 731)
  0x000078876d1a1a4c: 90fd 9dfe 

  0x000078876d1a1a50: ;   {post_call_nop}
  0x000078876d1a1a50: 0f1f 8400 | c848 00d4 | bef6 ffff 

  0x000078876d1a1a5c: ;   {runtime_call UncommonTrapBlob}
  0x000078876d1a1a5c: ff66 90e8 

  0x000078876d1a1a60: ; ImmutableOopMap {}
                      ;*invokevirtual standardPrimitives {reexecute=0 rethrow=0 return_oop=0}
                      ; - net.minecraft.client.renderer.LevelRenderer::lambda$addMainPass$0@590 (line 738)
  0x000078876d1a1a60: 7cfd 9dfe 

  0x000078876d1a1a64: ;   {post_call_nop}
  0x000078876d1a1a64: 0f1f 8400 | dc48 00d5 | bef6 ffff 

  0x000078876d1a1a70: ;   {runtime_call UncommonTrapBlob}
  0x000078876d1a1a70: ff66 90e8 

  0x000078876d1a1a74: ; ImmutableOopMap {}
                      ;*invokevirtual renderTranslucentParticles {reexecute=0 rethrow=0 return_oop=0}
                      ; - net.minecraft.client.renderer.LevelRenderer::lambda$addMainPass$0@703 (line 751)
  0x000078876d1a1a74: 68fd 9dfe 

  0x000078876d1a1a78: ;   {post_call_nop}
  0x000078876d1a1a78: 0f1f 8400 | f048 00d6 | bef6 ffff 

  0x000078876d1a1a84: ;   {runtime_call UncommonTrapBlob}
  0x000078876d1a1a84: ff66 90e8 

  0x000078876d1a1a88: ; ImmutableOopMap {}
                      ;*invokevirtual getSubmitsPerOrder {reexecute=0 rethrow=0 return_oop=0}
                      ; - net.minecraft.client.renderer.feature.FeatureRenderDispatcher::renderTranslucentParticles@4 (line 94)
                      ; - net.minecraft.client.renderer.LevelRenderer::lambda$addMainPass$0@703 (line 751)
  0x000078876d1a1a88: 54fd 9dfe 

  0x000078876d1a1a8c: ;   {post_call_nop}
  0x000078876d1a1a8c: 0f1f 8400 | 0449 00d7 | bef6 ffff 

  0x000078876d1a1a98: ;   {runtime_call UncommonTrapBlob}
  0x000078876d1a1a98: ff66 90e8 

  0x000078876d1a1a9c: ; ImmutableOopMap {}
                      ;*invokevirtual values {reexecute=0 rethrow=0 return_oop=0}
                      ; - net.minecraft.client.renderer.feature.FeatureRenderDispatcher::renderTranslucentParticles@7 (line 94)
                      ; - net.minecraft.client.renderer.LevelRenderer::lambda$addMainPass$0@703 (line 751)
  0x000078876d1a1a9c: 40fd 9dfe 

  0x000078876d1a1aa0: ;   {post_call_nop}
  0x000078876d1a1aa0: 0f1f 8400 | 1849 00d8 | bef6 ffff 

  0x000078876d1a1aac: ;   {runtime_call UncommonTrapBlob}
  0x000078876d1a1aac: ff66 90e8 

  0x000078876d1a1ab0: ; ImmutableOopMap {}
                      ;*getfield firstEntry {reexecute=1 rethrow=0 return_oop=0}
                      ; - (reexecute) it.unimi.dsi.fastutil.ints.Int2ObjectAVLTreeMap$TreeIterator::<init>@16 (line 973)
                      ; - it.unimi.dsi.fastutil.ints.Int2ObjectAVLTreeMap$ValueIterator::<init>@7 (line 1231)
                      ; - it.unimi.dsi.fastutil.ints.Int2ObjectAVLTreeMap$ValueIterator::<init>@2 (line 1231)
                      ; - it.unimi.dsi.fastutil.ints.Int2ObjectAVLTreeMap$2::iterator@9 (line 1257)
                      ; - net.minecraft.client.renderer.feature.FeatureRenderDispatcher::renderTranslucentParticles@10 (line 94)
                      ; - net.minecraft.client.renderer.LevelRenderer::lambda$addMainPass$0@703 (line 751)
  0x000078876d1a1ab0: 2cfd 9dfe 

  0x000078876d1a1ab4: ;   {post_call_nop}
  0x000078876d1a1ab4: 0f1f 8400 | 2c49 00d9 | bef6 ffff 

  0x000078876d1a1ac0: ;   {runtime_call UncommonTrapBlob}
  0x000078876d1a1ac0: ff66 90e8 

  0x000078876d1a1ac4: ; ImmutableOopMap {}
                      ;*invokevirtual clearSubmitNodes {reexecute=0 rethrow=0 return_oop=0}
                      ; - net.minecraft.client.renderer.LevelRenderer::lambda$addMainPass$0@715 (line 753)
  0x000078876d1a1ac4: 18fd 9dfe 

  0x000078876d1a1ac8: ;   {post_call_nop}
  0x000078876d1a1ac8: 0f1f 8400 | 4049 00da | bef6 ffff 

  0x000078876d1a1ad4: ;   {runtime_call UncommonTrapBlob}
  0x000078876d1a1ad4: ff66 90e8 

  0x000078876d1a1ad8: ; ImmutableOopMap {}
                      ;*invokevirtual clear {reexecute=0 rethrow=0 return_oop=0}
                      ; - net.minecraft.client.renderer.feature.FeatureRenderDispatcher::clearSubmitNodes@4 (line 100)
                      ; - net.minecraft.client.renderer.LevelRenderer::lambda$addMainPass$0@715 (line 753)
  0x000078876d1a1ad8: 04fd 9dfe 

  0x000078876d1a1adc: ;   {post_call_nop}
  0x000078876d1a1adc: 0f1f 8400 | 5449 00db | bef6 ffff 

  0x000078876d1a1ae8: ;   {runtime_call UncommonTrapBlob}
  0x000078876d1a1ae8: ff66 90e8 

  0x000078876d1a1aec: ; ImmutableOopMap {}
                      ;*invokevirtual values {reexecute=0 rethrow=0 return_oop=0}
                      ; - net.minecraft.client.renderer.SubmitNodeStorage::clear@4 (line 168)
                      ; - net.minecraft.client.renderer.feature.FeatureRenderDispatcher::clearSubmitNodes@4 (line 100)
                      ; - net.minecraft.client.renderer.LevelRenderer::lambda$addMainPass$0@715 (line 753)
  0x000078876d1a1aec: f0fc 9dfe 

  0x000078876d1a1af0: ;   {post_call_nop}
  0x000078876d1a1af0: 0f1f 8400 | 6849 00dc | bef6 ffff 

  0x000078876d1a1afc: ;   {runtime_call UncommonTrapBlob}
  0x000078876d1a1afc: ff66 90e8 

  0x000078876d1a1b00: ; ImmutableOopMap {}
                      ;*getfield firstEntry {reexecute=1 rethrow=0 return_oop=0}
                      ; - (reexecute) it.unimi.dsi.fastutil.ints.Int2ObjectAVLTreeMap$TreeIterator::<init>@16 (line 973)
                      ; - it.unimi.dsi.fastutil.ints.Int2ObjectAVLTreeMap$ValueIterator::<init>@7 (line 1231)
                      ; - it.unimi.dsi.fastutil.ints.Int2ObjectAVLTreeMap$ValueIterator::<init>@2 (line 1231)
                      ; - it.unimi.dsi.fastutil.ints.Int2ObjectAVLTreeMap$2::iterator@9 (line 1257)
                      ; - it.unimi.dsi.fastutil.ints.Int2ObjectAVLTreeMap$2::iterator@1 (line 1254)
                      ; - java.lang.Iterable::forEach@6 (line 74)
                      ; - net.minecraft.client.renderer.SubmitNodeStorage::clear@12 (line 168)
                      ; - net.minecraft.client.renderer.feature.FeatureRenderDispatcher::clearSubmitNodes@4 (line 100)
                      ; - net.minecraft.client.renderer.LevelRenderer::lambda$addMainPass$0@715 (line 753)
  0x000078876d1a1b00: dcfc 9dfe 

  0x000078876d1a1b04: ;   {post_call_nop}
  0x000078876d1a1b04: 0f1f 8400 | 7c49 00dd | bef6 ffff 

  0x000078876d1a1b10: ;   {runtime_call UncommonTrapBlob}
  0x000078876d1a1b10: ff66 90e8 

  0x000078876d1a1b14: ; ImmutableOopMap {}
                      ;*invokevirtual reset {reexecute=0 rethrow=0 return_oop=0}
                      ; - net.minecraft.client.renderer.LevelRenderer::lambda$addMainPass$0@722 (line 754)
  0x000078876d1a1b14: c8fc 9dfe 

  0x000078876d1a1b18: ;   {post_call_nop}
  0x000078876d1a1b18: 0f1f 8400 | 9049 00de | bef6 ffff 

  0x000078876d1a1b24: ;   {runtime_call UncommonTrapBlob}
  0x000078876d1a1b24: ff66 90e8 

  0x000078876d1a1b28: ; ImmutableOopMap {}
                      ;*invokeinterface forEach {reexecute=0 rethrow=0 return_oop=0}
                      ; - net.minecraft.client.renderer.state.level.ParticlesRenderState::reset@9 (line 14)
                      ; - net.minecraft.client.renderer.LevelRenderer::lambda$addMainPass$0@722 (line 754)
  0x000078876d1a1b28: b4fc 9dfe 

  0x000078876d1a1b2c: ;   {post_call_nop}
  0x000078876d1a1b2c: 0f1f 8400 | a449 00df | bef6 ffff 

  0x000078876d1a1b38: ;   {runtime_call UncommonTrapBlob}
  0x000078876d1a1b38: ff66 90e8 

  0x000078876d1a1b3c: ; ImmutableOopMap {}
                      ;*invokeinterface clear {reexecute=0 rethrow=0 return_oop=0}
                      ; - net.minecraft.client.renderer.state.level.ParticlesRenderState::reset@18 (line 15)
                      ; - net.minecraft.client.renderer.LevelRenderer::lambda$addMainPass$0@722 (line 754)
  0x000078876d1a1b3c: a0fc 9dfe 

  0x000078876d1a1b40: ;   {post_call_nop}
  0x000078876d1a1b40: 0f1f 8400 | b849 00e0 | 4c8b 4424 | 1033 ed4d | 85c0 400f | 95c5 be45 | ffff ff4c | 8b5c 2408 
  0x000078876d1a1b60: 4c89 9c24 | c000 0000 | 4c8b 5c24 | 184c 899c | 24c8 0000 | 0044 8954 

  0x000078876d1a1b78: ;   {runtime_call UncommonTrapBlob}
  0x000078876d1a1b78: 240c 90e8 

  0x000078876d1a1b7c: ; ImmutableOopMap {[0]=NarrowOop [12]=NarrowOop [16]=Oop [32]=NarrowOop [176]=Oop [184]=Oop [192]=Oop [200]=Oop [208]=Oop [216]=NarrowOop }
                      ;*ifne {reexecute=1 rethrow=0 return_oop=0}
                      ; - (reexecute) it.unimi.dsi.fastutil.ints.Int2ObjectAVLTreeMap$TreeIterator::nextEntry@4 (line 998)
                      ; - it.unimi.dsi.fastutil.ints.Int2ObjectAVLTreeMap$ValueIterator::next@1 (line 1234)
                      ; - net.minecraft.client.renderer.feature.FeatureRenderDispatcher::renderTranslucentParticles@26 (line 94)
                      ; - net.minecraft.client.renderer.LevelRenderer::lambda$addMainPass$0@703 (line 751)
  0x000078876d1a1b7c: 60fc 9dfe 

  0x000078876d1a1b80: ;   {post_call_nop}
  0x000078876d1a1b80: 0f1f 8400 | f849 00e1 | be45 ffff | ff49 8bea | 4c8b 5424 | 104c 8994 | 24b0 0000 | 004c 8b54 
  0x000078876d1a1ba0: 2408 4c89 | 1424 4c8b | 5424 184c | 8954 2408 | 4c89 5c24 

  0x000078876d1a1bb4: ;   {runtime_call UncommonTrapBlob}
  0x000078876d1a1bb4: 2066 90e8 

  0x000078876d1a1bb8: ; ImmutableOopMap {rbp=Oop [0]=Oop [8]=Oop [32]=Oop [80]=Oop [176]=Oop [184]=Oop [192]=Oop [200]=Oop [208]=Oop }
                      ;*ifnull {reexecute=1 rethrow=0 return_oop=0}
                      ; - (reexecute) net.minecraft.client.renderer.LevelRenderer::lambda$addMainPass$0@177 (line 688)
  0x000078876d1a1bb8: 24fc 9dfe 

  0x000078876d1a1bbc: ;   {post_call_nop}
  0x000078876d1a1bbc: 0f1f 8400 | 344a 00e2 | be45 ffff | ff49 8bea | 4c8b 5424 | 104c 8994 | 24b0 0000 | 004c 8b54 
  0x000078876d1a1bdc: 2408 4c89 | 1424 4c8b | 5424 184c | 8954 2408 | 4c89 4c24 | 1844 895c 

  0x000078876d1a1bf4: ;   {runtime_call UncommonTrapBlob}
  0x000078876d1a1bf4: 2420 90e8 

  0x000078876d1a1bf8: ; ImmutableOopMap {rbp=Oop [0]=Oop [8]=Oop [24]=Oop [32]=NarrowOop [80]=Oop [176]=Oop [184]=Oop [192]=Oop [200]=Oop [208]=Oop }
                      ;*ifnonnull {reexecute=1 rethrow=0 return_oop=0}
                      ; - (reexecute) com.mojang.blaze3d.systems.RenderSystem::getDevice@3 (line 263)
                      ; - net.minecraft.client.renderer.LevelRenderer::lambda$addMainPass$0@192 (line 690)
  0x000078876d1a1bf8: e4fb 9dfe 

  0x000078876d1a1bfc: ;   {post_call_nop}
  0x000078876d1a1bfc: 0f1f 8400 | 744a 00e3 | bef6 ffff 

  0x000078876d1a1c08: ;   {runtime_call UncommonTrapBlob}
  0x000078876d1a1c08: ff66 90e8 

  0x000078876d1a1c0c: ; ImmutableOopMap {}
                      ;*getfield info {reexecute=1 rethrow=0 return_oop=0}
                      ; - (reexecute) it.unimi.dsi.fastutil.ints.Int2ObjectAVLTreeMap$Entry::next@16 (line 823)
                      ; - it.unimi.dsi.fastutil.ints.Int2ObjectAVLTreeMap$TreeIterator::updateNext@5 (line 994)
                      ; - it.unimi.dsi.fastutil.ints.Int2ObjectAVLTreeMap$TreeIterator::nextEntry@39 (line 1001)
                      ; - it.unimi.dsi.fastutil.ints.Int2ObjectAVLTreeMap$ValueIterator::next@1 (line 1234)
                      ; - net.minecraft.client.renderer.feature.FeatureRenderDispatcher::renderTranslucentParticles@26 (line 94)
                      ; - net.minecraft.client.renderer.LevelRenderer::lambda$addMainPass$0@703 (line 751)
  0x000078876d1a1c0c: d0fb 9dfe 

  0x000078876d1a1c10: ;   {post_call_nop}
  0x000078876d1a1c10: 0f1f 8400 | 884a 00e4 | be45 ffff | ff4c 8b94 | 24c0 0000 | 004c 8994 | 24b0 0000 | 004c 8b54 
  0x000078876d1a1c30: 2408 4c89 | 9424 c000 | 0000 4c8b | 5424 184c | 8994 24c8 | 0000 004c | 8b54 2410 | 4c89 1424 
  0x000078876d1a1c50: ;   {runtime_call UncommonTrapBlob}
  0x000078876d1a1c50: 6666 90e8 

  0x000078876d1a1c54: ; ImmutableOopMap {rbp=NarrowOop [0]=Oop [40]=Oop [56]=NarrowOop [60]=NarrowOop [176]=Oop [184]=Oop [192]=Oop [200]=Oop [208]=Oop }
                      ;*ifnull {reexecute=1 rethrow=0 return_oop=0}
                      ; - (reexecute) java.util.HashMap$Values::forEach@31 (line 1070)
                      ; - net.minecraft.client.renderer.state.level.QuadParticleRenderState::clear@14 (line 62)
                      ; - net.minecraft.client.renderer.state.level.ParticlesRenderState$$Lambda/0x000000001c9c3b30::accept@4
                      ; - java.util.ArrayList::forEach@46 (line 1604)
                      ; - net.minecraft.client.renderer.state.level.ParticlesRenderState::reset@9 (line 14)
                      ; - net.minecraft.client.renderer.LevelRenderer::lambda$addMainPass$0@722 (line 754)
  0x000078876d1a1c54: 88fb 9dfe 

  0x000078876d1a1c58: ;   {post_call_nop}
  0x000078876d1a1c58: 0f1f 8400 | d04a 00e5 | 4d8b d033 | ed4d 85c0 | 400f 95c5 | be45 ffff | ff4c 8b84 | 24c8 0000 
  0x000078876d1a1c78: 004c 8984 | 24b0 0000 | 004c 8b44 | 2408 4c89 | 8424 c000 | 0000 4c89 | 5424 0844 | 895c 2404 
  0x000078876d1a1c98: ;   {runtime_call UncommonTrapBlob}
  0x000078876d1a1c98: 6666 90e8 

  0x000078876d1a1c9c: ; ImmutableOopMap {[4]=NarrowOop [8]=Oop [16]=NarrowOop [24]=Oop [176]=Oop [184]=Oop [192]=Oop [208]=Oop }
                      ;*ifne {reexecute=1 rethrow=0 return_oop=0}
                      ; - (reexecute) it.unimi.dsi.fastutil.ints.Int2ObjectAVLTreeMap$TreeIterator::nextEntry@4 (line 998)
                      ; - it.unimi.dsi.fastutil.ints.Int2ObjectAVLTreeMap$ValueIterator::next@1 (line 1234)
                      ; - java.lang.Iterable::forEach@22 (line 74)
                      ; - net.minecraft.client.renderer.SubmitNodeStorage::clear@12 (line 168)
                      ; - net.minecraft.client.renderer.feature.FeatureRenderDispatcher::clearSubmitNodes@4 (line 100)
                      ; - net.minecraft.client.renderer.LevelRenderer::lambda$addMainPass$0@715 (line 753)
  0x000078876d1a1c9c: 40fb 9dfe 

  0x000078876d1a1ca0: ;   {post_call_nop}
  0x000078876d1a1ca0: 0f1f 8400 | 184b 00e6 | be45 ffff | ff44 890c | 2444 8954 

  0x000078876d1a1cb4: ;   {runtime_call UncommonTrapBlob}
  0x000078876d1a1cb4: 2404 90e8 

  0x000078876d1a1cb8: ; ImmutableOopMap {rbp=NarrowOop [0]=NarrowOop [4]=NarrowOop [8]=Oop [24]=Oop [32]=NarrowOop [176]=Oop [184]=Oop [208]=Oop }
                      ;*ifnonnull {reexecute=1 rethrow=0 return_oop=0}
                      ; - (reexecute) it.unimi.dsi.fastutil.ints.Int2ObjectAVLTreeMap::values@4 (line 1254)
                      ; - net.minecraft.client.renderer.feature.FeatureRenderDispatcher::renderTranslucentParticles@7 (line 94)
                      ; - net.minecraft.client.renderer.LevelRenderer::lambda$addMainPass$0@703 (line 751)
  0x000078876d1a1cb8: 24fb 9dfe 

  0x000078876d1a1cbc: ;   {post_call_nop}
  0x000078876d1a1cbc: 0f1f 8400 | 344b 00e7 | be45 ffff | ff4c 898c | 24b0 0000 | 0044 8994 | 24d8 0000 

  0x000078876d1a1cd8: ;   {runtime_call UncommonTrapBlob}
  0x000078876d1a1cd8: 0066 90e8 

  0x000078876d1a1cdc: ; ImmutableOopMap {rbp=NarrowOop [8]=Oop [24]=Oop [176]=Oop [184]=Oop [208]=Oop [216]=NarrowOop }
                      ;*ifnonnull {reexecute=1 rethrow=0 return_oop=0}
                      ; - (reexecute) it.unimi.dsi.fastutil.ints.Int2ObjectAVLTreeMap::values@4 (line 1254)
                      ; - net.minecraft.client.renderer.SubmitNodeStorage::clear@4 (line 168)
                      ; - net.minecraft.client.renderer.feature.FeatureRenderDispatcher::clearSubmitNodes@4 (line 100)
                      ; - net.minecraft.client.renderer.LevelRenderer::lambda$addMainPass$0@715 (line 753)
  0x000078876d1a1cdc: 00fb 9dfe 

  0x000078876d1a1ce0: ;   {post_call_nop}
  0x000078876d1a1ce0: 0f1f 8400 | 584b 00e8 | bef6 ffff 

  0x000078876d1a1cec: ;   {runtime_call UncommonTrapBlob}
  0x000078876d1a1cec: ff66 90e8 

  0x000078876d1a1cf0: ; ImmutableOopMap {}
                      ;*getfield info {reexecute=1 rethrow=0 return_oop=0}
                      ; - (reexecute) it.unimi.dsi.fastutil.ints.Int2ObjectAVLTreeMap$Entry::next@16 (line 823)
                      ; - it.unimi.dsi.fastutil.ints.Int2ObjectAVLTreeMap$TreeIterator::updateNext@5 (line 994)
                      ; - it.unimi.dsi.fastutil.ints.Int2ObjectAVLTreeMap$TreeIterator::nextEntry@39 (line 1001)
                      ; - it.unimi.dsi.fastutil.ints.Int2ObjectAVLTreeMap$ValueIterator::next@1 (line 1234)
                      ; - java.lang.Iterable::forEach@22 (line 74)
                      ; - net.minecraft.client.renderer.SubmitNodeStorage::clear@12 (line 168)
                      ; - net.minecraft.client.renderer.feature.FeatureRenderDispatcher::clearSubmitNodes@4 (line 100)
                      ; - net.minecraft.client.renderer.LevelRenderer::lambda$addMainPass$0@715 (line 753)
  0x000078876d1a1cf0: ecfa 9dfe 

  0x000078876d1a1cf4: ;   {post_call_nop}
  0x000078876d1a1cf4: 0f1f 8400 | 6c4b 00e9 | bef6 ffff 

  0x000078876d1a1d00: ;   {runtime_call UncommonTrapBlob}
  0x000078876d1a1d00: ff66 90e8 

  0x000078876d1a1d04: ; ImmutableOopMap {}
                      ;*invokeinterface iterator {reexecute=0 rethrow=0 return_oop=0}
                      ; - net.minecraft.client.renderer.LevelRenderer::renderBlockOutline@20 (line 1068)
                      ; - net.minecraft.client.renderer.LevelRenderer::lambda$addMainPass$0@574 (line 733)
  0x000078876d1a1d04: d8fa 9dfe 

  0x000078876d1a1d08: ;   {post_call_nop}
  0x000078876d1a1d08: 0f1f 8400 | 804b 00ea | bef6 ffff 

  0x000078876d1a1d14: ;   {runtime_call UncommonTrapBlob}
  0x000078876d1a1d14: ff66 90e8 

  0x000078876d1a1d18: ; ImmutableOopMap {}
                      ;*invokeinterface iterator {reexecute=0 rethrow=0 return_oop=0}
                      ; - net.minecraft.client.renderer.LevelRenderer::renderBlockOutline@20 (line 1068)
                      ; - net.minecraft.client.renderer.LevelRenderer::lambda$addMainPass$0@685 (line 746)
  0x000078876d1a1d18: c4fa 9dfe 

  0x000078876d1a1d1c: ;   {post_call_nop}
  0x000078876d1a1d1c: 0f1f 8400 | 944b 00eb | bef6 ffff 

  0x000078876d1a1d28: ;   {runtime_call UncommonTrapBlob}
  0x000078876d1a1d28: ff66 90e8 

  0x000078876d1a1d2c: ; ImmutableOopMap {}
                      ;*getfield pos {reexecute=1 rethrow=0 return_oop=0}
                      ; - (reexecute) net.minecraft.client.renderer.LevelRenderer::renderBlockOutline@91 (line 1075)
                      ; - net.minecraft.client.renderer.LevelRenderer::lambda$addMainPass$0@574 (line 733)
  0x000078876d1a1d2c: b0fa 9dfe 

  0x000078876d1a1d30: ;   {post_call_nop}
  0x000078876d1a1d30: 0f1f 8400 | a84b 00ec | bef6 ffff 

  0x000078876d1a1d3c: ;   {runtime_call UncommonTrapBlob}
  0x000078876d1a1d3c: ff66 90e8 

  0x000078876d1a1d40: ; ImmutableOopMap {}
                      ;*getfield x {reexecute=1 rethrow=0 return_oop=0}
                      ; - (reexecute) net.minecraft.client.renderer.LevelRenderer::renderBlockOutline@179 (line 1083)
                      ; - net.minecraft.client.renderer.LevelRenderer::lambda$addMainPass$0@574 (line 733)
  0x000078876d1a1d40: 9cfa 9dfe 

  0x000078876d1a1d44: ;   {post_call_nop}
  0x000078876d1a1d44: 0f1f 8400 | bc4b 00ed | bef6 ffff 

  0x000078876d1a1d50: ;   {runtime_call UncommonTrapBlob}
  0x000078876d1a1d50: ff66 90e8 

  0x000078876d1a1d54: ; ImmutableOopMap {}
                      ;*getfield gameRenderer {reexecute=1 rethrow=0 return_oop=0}
                      ; - (reexecute) net.minecraft.client.renderer.LevelRenderer::renderBlockOutline@200 (line 1083)
                      ; - net.minecraft.client.renderer.LevelRenderer::lambda$addMainPass$0@574 (line 733)
  0x000078876d1a1d54: 88fa 9dfe 

  0x000078876d1a1d58: ;   {post_call_nop}
  0x000078876d1a1d58: 0f1f 8400 | d04b 00ee | bef6 ffff 

  0x000078876d1a1d64: ;   {runtime_call UncommonTrapBlob}
  0x000078876d1a1d64: ff66 90e8 

  0x000078876d1a1d68: ; ImmutableOopMap {}
                      ;*invokevirtual getGameRenderState {reexecute=0 rethrow=0 return_oop=0}
                      ; - net.minecraft.client.renderer.LevelRenderer::renderBlockOutline@203 (line 1091)
                      ; - net.minecraft.client.renderer.LevelRenderer::lambda$addMainPass$0@574 (line 733)
  0x000078876d1a1d68: 74fa 9dfe 

  0x000078876d1a1d6c: ;   {post_call_nop}
  0x000078876d1a1d6c: 0f1f 8400 | e44b 00ef | bef6 ffff 

  0x000078876d1a1d78: ;   {runtime_call UncommonTrapBlob}
  0x000078876d1a1d78: ff66 90e8 

  0x000078876d1a1d7c: ; ImmutableOopMap {}
                      ;*getfield windowRenderState {reexecute=1 rethrow=0 return_oop=0}
                      ; - (reexecute) net.minecraft.client.renderer.LevelRenderer::renderBlockOutline@206 (line 1091)
                      ; - net.minecraft.client.renderer.LevelRenderer::lambda$addMainPass$0@574 (line 733)
  0x000078876d1a1d7c: 60fa 9dfe 

  0x000078876d1a1d80: ;   {post_call_nop}
  0x000078876d1a1d80: 0f1f 8400 | f84b 00f0 | bef6 ffff 

  0x000078876d1a1d8c: ;   {runtime_call UncommonTrapBlob}
  0x000078876d1a1d8c: ff66 90e8 

  0x000078876d1a1d90: ; ImmutableOopMap {}
                      ;*getfield appropriateLineWidth {reexecute=1 rethrow=0 return_oop=0}
                      ; - (reexecute) net.minecraft.client.renderer.LevelRenderer::renderBlockOutline@209 (line 1091)
                      ; - net.minecraft.client.renderer.LevelRenderer::lambda$addMainPass$0@574 (line 733)
  0x000078876d1a1d90: 4cfa 9dfe 

  0x000078876d1a1d94: ;   {post_call_nop}
  0x000078876d1a1d94: 0f1f 8400 | 0c4c 00f1 | bef6 ffff 

  0x000078876d1a1da0: ;   {runtime_call UncommonTrapBlob}
  0x000078876d1a1da0: ff66 90e8 

  0x000078876d1a1da4: ; ImmutableOopMap {}
                      ;*getfield pos {reexecute=1 rethrow=0 return_oop=0}
                      ; - (reexecute) net.minecraft.client.renderer.LevelRenderer::renderBlockOutline@91 (line 1075)
                      ; - net.minecraft.client.renderer.LevelRenderer::lambda$addMainPass$0@685 (line 746)
  0x000078876d1a1da4: 38fa 9dfe 

  0x000078876d1a1da8: ;   {post_call_nop}
  0x000078876d1a1da8: 0f1f 8400 | 204c 00f2 | bef6 ffff 

  0x000078876d1a1db4: ;   {runtime_call UncommonTrapBlob}
  0x000078876d1a1db4: ff66 90e8 

  0x000078876d1a1db8: ; ImmutableOopMap {}
                      ;*getfield x {reexecute=1 rethrow=0 return_oop=0}
                      ; - (reexecute) net.minecraft.client.renderer.LevelRenderer::renderBlockOutline@179 (line 1083)
                      ; - net.minecraft.client.renderer.LevelRenderer::lambda$addMainPass$0@685 (line 746)
  0x000078876d1a1db8: 24fa 9dfe 

  0x000078876d1a1dbc: ;   {post_call_nop}
  0x000078876d1a1dbc: 0f1f 8400 | 344c 00f3 | bef6 ffff 

  0x000078876d1a1dc8: ;   {runtime_call UncommonTrapBlob}
  0x000078876d1a1dc8: ff66 90e8 

  0x000078876d1a1dcc: ; ImmutableOopMap {}
                      ;*getfield gameRenderer {reexecute=1 rethrow=0 return_oop=0}
                      ; - (reexecute) net.minecraft.client.renderer.LevelRenderer::renderBlockOutline@200 (line 1083)
                      ; - net.minecraft.client.renderer.LevelRenderer::lambda$addMainPass$0@685 (line 746)
  0x000078876d1a1dcc: 10fa 9dfe 

  0x000078876d1a1dd0: ;   {post_call_nop}
  0x000078876d1a1dd0: 0f1f 8400 | 484c 00f4 | bef6 ffff 

  0x000078876d1a1ddc: ;   {runtime_call UncommonTrapBlob}
  0x000078876d1a1ddc: ff66 90e8 

  0x000078876d1a1de0: ; ImmutableOopMap {}
                      ;*invokevirtual getGameRenderState {reexecute=0 rethrow=0 return_oop=0}
                      ; - net.minecraft.client.renderer.LevelRenderer::renderBlockOutline@203 (line 1091)
                      ; - net.minecraft.client.renderer.LevelRenderer::lambda$addMainPass$0@685 (line 746)
  0x000078876d1a1de0: fcf9 9dfe 

  0x000078876d1a1de4: ;   {post_call_nop}
  0x000078876d1a1de4: 0f1f 8400 | 5c4c 00f5 | bef6 ffff 

  0x000078876d1a1df0: ;   {runtime_call UncommonTrapBlob}
  0x000078876d1a1df0: ff66 90e8 

  0x000078876d1a1df4: ; ImmutableOopMap {}
                      ;*getfield windowRenderState {reexecute=1 rethrow=0 return_oop=0}
                      ; - (reexecute) net.minecraft.client.renderer.LevelRenderer::renderBlockOutline@206 (line 1091)
                      ; - net.minecraft.client.renderer.LevelRenderer::lambda$addMainPass$0@685 (line 746)
  0x000078876d1a1df4: e8f9 9dfe 

  0x000078876d1a1df8: ;   {post_call_nop}
  0x000078876d1a1df8: 0f1f 8400 | 704c 00f6 | bef6 ffff 

  0x000078876d1a1e04: ;   {runtime_call UncommonTrapBlob}
  0x000078876d1a1e04: ff66 90e8 

  0x000078876d1a1e08: ; ImmutableOopMap {}
                      ;*getfield appropriateLineWidth {reexecute=1 rethrow=0 return_oop=0}
                      ; - (reexecute) net.minecraft.client.renderer.LevelRenderer::renderBlockOutline@209 (line 1091)
                      ; - net.minecraft.client.renderer.LevelRenderer::lambda$addMainPass$0@685 (line 746)
  0x000078876d1a1e08: d4f9 9dfe 

  0x000078876d1a1e0c: ;   {post_call_nop}
  0x000078876d1a1e0c: 0f1f 8400 | 844c 00f7 | bef6 ffff | ff41 8be8 

  0x000078876d1a1e1c: ;   {runtime_call UncommonTrapBlob}
  0x000078876d1a1e1c: 6666 90e8 

  0x000078876d1a1e20: ; ImmutableOopMap {rbp=NarrowOop }
                      ;*invokeinterface remove {reexecute=0 rethrow=0 return_oop=0}
                      ; - net.minecraft.client.renderer.MultiBufferSource$BufferSource::endBatch@5 (line 85)
                      ; - net.minecraft.client.renderer.MultiBufferSource$BufferSource::endLastBatch@12 (line 71)
                      ; - net.minecraft.client.renderer.LevelRenderer::renderBlockOutline@216 (line 1093)
                      ; - net.minecraft.client.renderer.LevelRenderer::lambda$addMainPass$0@574 (line 733)
  0x000078876d1a1e20: bcf9 9dfe 

  0x000078876d1a1e24: ;   {post_call_nop}
  0x000078876d1a1e24: 0f1f 8400 | 9c4c 00f8 | bef6 ffff | ff41 8be8 

  0x000078876d1a1e34: ;   {runtime_call UncommonTrapBlob}
  0x000078876d1a1e34: 6666 90e8 

  0x000078876d1a1e38: ; ImmutableOopMap {rbp=NarrowOop }
                      ;*invokeinterface remove {reexecute=0 rethrow=0 return_oop=0}
                      ; - net.minecraft.client.renderer.MultiBufferSource$BufferSource::endBatch@5 (line 85)
                      ; - net.minecraft.client.renderer.MultiBufferSource$BufferSource::endLastBatch@12 (line 71)
                      ; - net.minecraft.client.renderer.LevelRenderer::renderBlockOutline@216 (line 1093)
                      ; - net.minecraft.client.renderer.LevelRenderer::lambda$addMainPass$0@685 (line 746)
  0x000078876d1a1e38: a4f9 9dfe 

  0x000078876d1a1e3c: ;   {post_call_nop}
  0x000078876d1a1e3c: 0f1f 8400 | b44c 00f9 | e9c4 0000 | 00e9 c900 | 0000 e9ba | 0000 00e9 | bf00 0000 | e956 0100 
  0x000078876d1a1e5c: 0048 8bf0 | e951 0100 | 0048 8bf0 | e949 0100 | 0048 8bf0 | e941 0100 | 0048 8bf0 | e939 0100 
  0x000078876d1a1e7c: 0048 8bf0 | e931 0100 | 0048 8bf0 | e929 0100 | 0048 8bf0 | e921 0100 | 0048 8bf0 | e919 0100 
  0x000078876d1a1e9c: 0048 8bf0 | e911 0100 | 0048 8bf0 | e909 0100 | 0048 8bf0 | e901 0100 | 0048 8bf0 | e9f9 0000 
  0x000078876d1a1ebc: 00e9 f100 | 0000 488b | f0e9 ec00 | 0000 488b | f0e9 e400 | 0000 488b | f0e9 dc00 | 0000 488b 
  0x000078876d1a1edc: f0e9 d400 | 0000 488b | f0e9 cc00 | 0000 488b | f0e9 c400 | 0000 488b | f0e9 bc00 | 0000 488b 
  0x000078876d1a1efc: f0e9 b400 | 0000 eb09 | eb11 e9a8 | 0000 00eb | 0048 8bf0 | e9a1 0000 | 00eb 0048 | 8bf0 e997 
  0x000078876d1a1f1c: 0000 00e9 | 8f00 0000 | 488b f0e9 | 8a00 0000 | 488b f0e9 | 8200 0000 | 488b f0eb 

  0x000078876d1a1f38: ;   {other}
  0x000078876d1a1f38: 7d48 8bf0 | eb78 488b | f0eb 7348 | 8bf0 eb6e | 488b f0eb | 6948 8bf0 | eb64 488b | f0eb 5f48 
  0x000078876d1a1f58: 8bf0 eb5a | 488b f0eb | 5548 8bf0 | eb50 488b | f0eb 4b48 | 8bf0 eb46 | 488b f0eb | 4148 8bf0 
  0x000078876d1a1f78: eb3c 488b | f0eb 3748 | 8bf0 eb32 | 488b f0eb | 2d48 8bf0 | eb28 eb23 | eb21 eb1f | eb1d eb1b 
  0x000078876d1a1f98: eb19 488b | f0eb 1748 | 8bf0 eb12 | 488b f0eb | 0d48 8bf0 | eb08 488b | f0eb 0348 | 8bf0 4881 
  0x000078876d1a1fb8: c4a0 0000 

  0x000078876d1a1fbc: ;   {runtime_call C2 Runtime rethrow}
  0x000078876d1a1fbc: 005d e99d | b59e fe41 | 8b1b 48c1 | e303 4883 | fb00 0f84 | 1eb3 ffff | 498b 7f38 | 4885 ff0f 
  0x000078876d1a1fdc: 8414 0000 | 0048 83ef | 0849 897f | 3849 037f | 4048 891f | e9fd b2ff | ff48 83ec | 304c 8954 
  0x000078876d1a1ffc: 2428 4c89 | 5c24 204c | 8944 2418 | 4c89 4c24 | 1048 894c | 2408 4889 | 1424 488b | fb49 8bf7 
  0x000078876d1a201c: ;   {runtime_call G1BarrierSetRuntime::write_ref_field_pre_entry(oopDesc*, JavaThread*)}
  0x000078876d1a201c: e8af 0aef | 1148 8b14 | 2448 8b4c | 2408 4c8b | 4c24 104c | 8b44 2418 | 4c8b 5c24 | 204c 8b54 
  0x000078876d1a203c: 2428 c5f8 | 7748 83c4 | 30e9 a8b2 | ffff f083 | 4424 c000 | 803f 000f | 84da b2ff | ffc6 0700 
  0x000078876d1a205c: 498b 5f50 | 4885 db0f | 8414 0000 | 0048 83eb | 0849 895f | 5049 035f | 5848 893b | e9b6 b2ff 
  0x000078876d1a207c: ff48 83ec | 204c 8954 | 2418 4c89 | 4424 104c | 894c 2408 | 4889 0c24 

  0x000078876d1a2094: ;   {runtime_call G1BarrierSetRuntime::write_ref_field_post_entry(unsigned char volatile*, JavaThread*)}
  0x000078876d1a2094: 498b f7e8 | 540a ef11 | 488b 0c24 | 4c8b 4c24 | 084c 8b44 | 2410 4c8b | 5424 18c5 | f877 4883 
  0x000078876d1a20b4: c420 e978 | b2ff fff0 | 8344 24c0 | 0080 3a00 | 0f84 8fb4 | ffff c602 | 0049 8b47 | 5048 85c0 
  0x000078876d1a20d4: 0f84 1400 | 0000 4883 | e808 4989 | 4750 4903 | 4758 4889 | 10e9 6bb4 | ffff 4883 | ec30 4c89 
  0x000078876d1a20f4: 5424 284c | 895c 2420 | 4c89 4424 | 184c 894c | 2410 4889 | 4c24 0848 | 893c 2448 | 8bfa 498b 
  0x000078876d1a2114: ;   {runtime_call G1BarrierSetRuntime::write_ref_field_post_entry(unsigned char volatile*, JavaThread*)}
  0x000078876d1a2114: f7e8 d609 | ef11 488b | 3c24 488b | 4c24 084c | 8b4c 2410 | 4c8b 4424 | 184c 8b5c | 2420 4c8b 
  0x000078876d1a2134: 5424 28c5 | f877 4883 | c430 e916 | b4ff fff0 | 8344 24c0 | 0041 803e | 000f 8441 | b4ff ff41 
  0x000078876d1a2154: c606 0049 | 8b57 5048 | 85d2 0f84 | 1400 0000 | 4883 ea08 | 4989 5750 | 4903 5758 | 4c89 32e9 
  0x000078876d1a2174: 1cb4 ffff | 4883 ec30 | 4c89 5424 | 284c 895c | 2420 4c89 | 4424 184c | 894c 2410 | 4889 4c24 
  0x000078876d1a2194: 0848 893c | 2449 8bfe 

  0x000078876d1a219c: ;   {runtime_call G1BarrierSetRuntime::write_ref_field_post_entry(unsigned char volatile*, JavaThread*)}
  0x000078876d1a219c: 498b f7e8 | 4c09 ef11 | 488b 3c24 | 488b 4c24 | 084c 8b4c | 2410 4c8b | 4424 184c | 8b5c 2420 
  0x000078876d1a21bc: 4c8b 5424 | 28c5 f877 | 4883 c430 | e9c7 b3ff | fff0 8344 | 24c0 0041 | 8038 000f | 84cb b4ff 
  0x000078876d1a21dc: ff41 c600 | 004d 8b5f | 504d 85db | 0f84 1400 | 0000 4983 | eb08 4d89 | 5f50 4d03 | 5f58 4d89 
  0x000078876d1a21fc: 03e9 a6b4 | ffff 4883 | ec10 4c89 | 5424 0848 | 8904 2449 | 8bf8 498b 

  0x000078876d1a2214: ;   {runtime_call G1BarrierSetRuntime::write_ref_field_post_entry(unsigned char volatile*, JavaThread*)}
  0x000078876d1a2214: f7e8 d608 | ef11 488b | 0424 4c8b | 5424 08c5 | f877 4883 | c410 e979 | b4ff fff0 | 8344 24c0 
  0x000078876d1a2234: 0080 3f00 | 0f84 0db5 | ffff c607 | 004d 8b47 | 504d 85c0 | 0f84 1400 | 0000 4983 | e808 4d89 
  0x000078876d1a2254: 4750 4d03 | 4758 4989 | 38e9 e9b4 | ffff 4883 | ec20 4c89 | 5424 184c | 895c 2410 | 4889 4c24 
  0x000078876d1a2274: 0848 8914 | 2449 8bf7 

  0x000078876d1a227c: ;   {runtime_call G1BarrierSetRuntime::write_ref_field_post_entry(unsigned char volatile*, JavaThread*)}
  0x000078876d1a227c: e86f 08ef | 1148 8b14 | 2448 8b4c | 2408 4c8b | 5c24 104c | 8b54 2418 | c5f8 7748 | 83c4 20e9 
  0x000078876d1a229c: abb4 ffff | 8b0b 48c1 | e103 4883 | f900 0f84 | c4b4 ffff | 4d8b 4f38 | 4d85 c90f | 8414 0000 
  0x000078876d1a22bc: 0049 83e9 | 084d 894f | 384d 034f | 4049 8909 | e9a3 b4ff | ff48 83ec | 204c 8954 | 2418 4c89 
  0x000078876d1a22dc: 5c24 104c | 8944 2408 | 4889 1424 | 488b f949 

  0x000078876d1a22ec: ;   {runtime_call G1BarrierSetRuntime::write_ref_field_pre_entry(oopDesc*, JavaThread*)}
  0x000078876d1a22ec: 8bf7 e8dd | 07ef 1148 | 8b14 244c | 8b44 2408 | 4c8b 5c24 | 104c 8b54 | 2418 c5f8 | 7748 83c4 
  0x000078876d1a230c: 20e9 62b4 | ffff f083 | 4424 c000 | 4180 3900 | 0f84 89b4 | ffff 41c6 | 0100 498b | 4f50 4885 
  0x000078876d1a232c: c90f 8414 | 0000 0048 | 83e9 0849 | 894f 5049 | 034f 584c | 8909 e964 | b4ff ff48 | 83ec 204c 
  0x000078876d1a234c: 8954 2418 | 4c89 5c24 | 104c 8944 | 2408 498b | f949 8bf7 

  0x000078876d1a2360: ;   {runtime_call G1BarrierSetRuntime::write_ref_field_post_entry(unsigned char volatile*, JavaThread*)}
  0x000078876d1a2360: e88b 07ef | 114c 8b44 | 2408 4c8b | 5c24 104c | 8b54 2418 | c5f8 7748 | 83c4 20e9 | 2bb4 ffff 
  0x000078876d1a2380: 458b 0849 | c1e1 0349 | 83f9 000f | 8433 b4ff | ff49 8b4f | 3848 85c9 | 0f84 1400 | 0000 4883 
  0x000078876d1a23a0: e908 4989 | 4f38 4903 | 4f40 4c89 | 09e9 12b4 | ffff 4883 | ec20 4c89 | 5424 184c | 895c 2410 
  0x000078876d1a23c0: 4c89 4424 | 0848 893c | 2449 8bf9 

  0x000078876d1a23cc: ;   {runtime_call G1BarrierSetRuntime::write_ref_field_pre_entry(oopDesc*, JavaThread*)}
  0x000078876d1a23cc: 498b f7e8 | fc06 ef11 | 488b 3c24 | 4c8b 4424 | 084c 8b5c | 2410 4c8b | 5424 18c5 | f877 4883 
  0x000078876d1a23ec: c420 e9d1 | b3ff fff0 | 8344 24c0 | 0080 3900 | 0f84 f9b3 | ffff c601 | 004d 8b4f | 504d 85c9 
  0x000078876d1a240c: 0f84 1400 | 0000 4983 | e908 4d89 | 4f50 4d03 | 4f58 4989 | 09e9 d5b3 | ffff 4883 | ec10 4c89 
  0x000078876d1a242c: 5424 084c | 891c 2448 | 8bf9 498b 

  0x000078876d1a2438: ;   {runtime_call G1BarrierSetRuntime::write_ref_field_post_entry(unsigned char volatile*, JavaThread*)}
  0x000078876d1a2438: f7e8 b206 | ef11 4c8b | 1c24 4c8b | 5424 08c5 | f877 4883 | c410 e9a8 | b3ff ff41 | 8b08 48c1 
  0x000078876d1a2458: e103 4883 | f900 0f84 | abb3 ffff | 4d8b 5738 | 4d85 d20f | 8414 0000 | 0049 83ea | 084d 8957 
  0x000078876d1a2478: 384d 0357 | 4049 890a | e98a b3ff | ff48 83ec | 204c 895c | 2418 4c89 | 4424 104c | 894c 2408 
  0x000078876d1a2498: 488b f949 

  0x000078876d1a249c: ;   {runtime_call G1BarrierSetRuntime::write_ref_field_pre_entry(oopDesc*, JavaThread*)}
  0x000078876d1a249c: 8bf7 e82d | 06ef 114c | 8b4c 2408 | 4c8b 4424 | 104c 8b5c | 2418 c5f8 | 7748 83c4 | 20e9 51b3 
  0x000078876d1a24bc: ffff f083 | 4424 c000 | 4180 3a00 | 0f84 83b3 | ffff 41c6 | 0200 498b | 4f50 4885 | c90f 8414 
  0x000078876d1a24dc: 0000 0048 | 83e9 0849 | 894f 5049 | 034f 584c | 8911 e95e | b3ff ff48 | 83ec 104c | 895c 2408 
  0x000078876d1a24fc: 498b fa49 

  0x000078876d1a2500: ;   {runtime_call G1BarrierSetRuntime::write_ref_field_post_entry(unsigned char volatile*, JavaThread*)}
  0x000078876d1a2500: 8bf7 e8e9 | 05ef 114c | 8b5c 2408 | c5f8 7748 | 83c4 10e9 | 39b3 ffff | 458b 1049 | c1e2 0349 
  0x000078876d1a2520: 83fa 000f | 8437 b3ff | ff4d 8b5f | 384d 85db | 0f84 1400 | 0000 4983 | eb08 4d89 | 5f38 4d03 
  0x000078876d1a2540: 5f40 4d89 | 13e9 16b3 | ffff 4883 | ec10 4c89 | 4424 0849 | 8bfa 498b 

  0x000078876d1a2558: ;   {runtime_call G1BarrierSetRuntime::write_ref_field_pre_entry(oopDesc*, JavaThread*)}
  0x000078876d1a2558: f7e8 7205 | ef11 4c8b | 4424 08c5 | f877 4883 | c410 e9f1 | b2ff fff0 | 8344 24c0 | 0041 803b 
  0x000078876d1a2578: 000f 8423 | b3ff ff41 | c603 004d | 8b57 504d | 85d2 0f84 | 1400 0000 | 4983 ea08 | 4d89 5750 
  0x000078876d1a2598: 4d03 5758 | 4d89 1ae9 | feb2 ffff | 498b fb49 

  0x000078876d1a25a8: ;   {runtime_call G1BarrierSetRuntime::write_ref_field_post_entry(unsigned char volatile*, JavaThread*)}
  0x000078876d1a25a8: 8bf7 e841 | 05ef 11c5 | f877 e9eb | b2ff ff41 | 8b08 48c1 | e103 4883 | f900 0f84 | 90b3 ffff 
  0x000078876d1a25c8: 4d8b 4f38 | 4d85 c90f | 8414 0000 | 0049 83e9 | 084d 894f | 384d 034f | 4049 8909 | e96f b3ff 
  0x000078876d1a25e8: ff48 83ec | 204c 8954 | 2418 4c89 | 5c24 104c | 8944 2408 | 4889 0424 | 488b f949 

  0x000078876d1a2604: ;   {runtime_call G1BarrierSetRuntime::write_ref_field_pre_entry(oopDesc*, JavaThread*)}
  0x000078876d1a2604: 8bf7 e8c5 | 04ef 1148 | 8b04 244c | 8b44 2408 | 4c8b 5c24 | 104c 8b54 | 2418 c5f8 | 7748 83c4 
  0x000078876d1a2624: 20e9 2eb3 | ffff f083 | 4424 c000 | 4180 3900 | 0f84 56b3 | ffff 41c6 | 0100 498b | 4f50 4885 
  0x000078876d1a2644: c90f 8414 | 0000 0048 | 83e9 0849 | 894f 5049 | 034f 584c | 8909 e931 | b3ff ff48 | 83ec 104c 
  0x000078876d1a2664: 8954 2408 | 4c89 1c24 | 498b f949 

  0x000078876d1a2670: ;   {runtime_call G1BarrierSetRuntime::write_ref_field_post_entry(unsigned char volatile*, JavaThread*)}
  0x000078876d1a2670: 8bf7 e879 | 04ef 114c | 8b1c 244c | 8b54 2408 | c5f8 7748 | 83c4 10e9 | 04b3 ffff | f083 4424 
  0x000078876d1a2690: c000 803a | 000f 84ae | b8ff ffc6 | 0200 498b | 5f50 4885 | db0f 8414 | 0000 0048 | 83eb 0849 
  0x000078876d1a26b0: 895f 5049 | 035f 5848 | 8913 e98a | b8ff ff48 | 83ec 304c | 8954 2428 | 4c89 5c24 | 204c 894c 
  0x000078876d1a26d0: 2418 4889 | 4c24 1048 | 897c 2408 | 4889 3424 | 488b fa49 

  0x000078876d1a26e4: ;   {runtime_call G1BarrierSetRuntime::write_ref_field_post_entry(unsigned char volatile*, JavaThread*)}
  0x000078876d1a26e4: 8bf7 e805 | 04ef 1148 | 8b34 2448 | 8b7c 2408 | 488b 4c24 | 104c 8b4c | 2418 4c8b | 5c24 204c 
  0x000078876d1a2704: 8b54 2428 | c5f8 7748 | 83c4 30e9 | 35b8 ffff | f083 4424 | c000 4180 | 3900 0f84 | 61b8 ffff 
  0x000078876d1a2724: 41c6 0100 | 498b 5f50 | 4885 db0f | 8414 0000 | 0048 83eb | 0849 895f | 5049 035f | 584c 890b 
  0x000078876d1a2744: e93c b8ff | ff48 83ec | 304c 8954 | 2428 4c89 | 5c24 2048 | 894c 2418 | 4889 7c24 | 1048 8974 
  0x000078876d1a2764: 2408 498b | f949 8bf7 

  0x000078876d1a276c: ;   {runtime_call G1BarrierSetRuntime::write_ref_field_post_entry(unsigned char volatile*, JavaThread*)}
  0x000078876d1a276c: e87f 03ef | 1148 8b74 | 2408 488b | 7c24 1048 | 8b4c 2418 | 4c8b 5c24 | 204c 8b54 | 2428 c5f8 
  0x000078876d1a278c: 7748 83c4 | 30e9 efb7 | ffff f083 | 4424 c000 | 4180 3800 | 0f84 ccb8 | ffff 41c6 | 0000 498b 
  0x000078876d1a27ac: 5f50 4885 | db0f 8414 | 0000 0048 | 83eb 0849 | 895f 5049 | 035f 584c | 8903 e9a7 | b8ff ff48 
  0x000078876d1a27cc: 83ec 304c | 8954 2428 | 4c89 5c24 | 2048 894c | 2418 4889 | 7c24 1048 | 8974 2408 | 4889 0424 
  0x000078876d1a27ec: 498b f849 

  0x000078876d1a27f0: ;   {runtime_call G1BarrierSetRuntime::write_ref_field_post_entry(unsigned char volatile*, JavaThread*)}
  0x000078876d1a27f0: 8bf7 e8f9 | 02ef 1148 | 8b04 2448 | 8b74 2408 | 488b 7c24 | 1048 8b4c | 2418 4c8b | 5c24 204c 
  0x000078876d1a2810: 8b54 2428 | c5f8 7748 | 83c4 30e9 | 52b8 ffff | f083 4424 | c000 803b | 000f 84cd | b8ff ffc6 
  0x000078876d1a2830: 0300 498b | 5750 4885 | d20f 8414 | 0000 0048 | 83ea 0849 | 8957 5049 | 0357 5848 | 891a e9a9 
  0x000078876d1a2850: b8ff ff48 | 83ec 304c | 8954 2428 | 4c89 5c24 | 204c 8944 | 2418 4889 | 4c24 1048 | 897c 2408 
  0x000078876d1a2870: 4889 3424 | 488b fb49 

  0x000078876d1a2878: ;   {runtime_call G1BarrierSetRuntime::write_ref_field_post_entry(unsigned char volatile*, JavaThread*)}
  0x000078876d1a2878: 8bf7 e871 | 02ef 1148 | 8b34 2448 | 8b7c 2408 | 488b 4c24 | 104c 8b44 | 2418 4c8b | 5c24 204c 
  0x000078876d1a2898: 8b54 2428 | c5f8 7748 | 83c4 30e9 | 54b8 ffff | 458b 1849 | c1e3 0349 | 83fb 000f | 8462 b8ff 
  0x000078876d1a28b8: ff4d 8b57 | 384d 85d2 | 0f84 1400 | 0000 4983 | ea08 4d89 | 5738 4d03 | 5740 4d89 | 1ae9 41b8 
  0x000078876d1a28d8: ffff 4883 | ec20 4c89 | 4424 1848 | 894c 2410 | 4889 7424 | 0849 8bfb 

  0x000078876d1a28f0: ;   {runtime_call G1BarrierSetRuntime::write_ref_field_pre_entry(oopDesc*, JavaThread*)}
  0x000078876d1a28f0: 498b f7e8 | d801 ef11 | 488b 7424 | 0848 8b4c | 2410 4c8b | 4424 18c5 | f877 4883 | c420 e908 
  0x000078876d1a2910: b8ff fff0 | 8344 24c0 | 0041 803a | 000f 8430 | b8ff ff41 | c602 004d | 8b5f 504d | 85db 0f84 
  0x000078876d1a2930: 1400 0000 | 4983 eb08 | 4d89 5f50 | 4d03 5f58 | 4d89 13e9 | 0bb8 ffff | 4883 ec10 | 4889 4c24 
  0x000078876d1a2950: 0849 8bfa 

  0x000078876d1a2954: ;   {runtime_call G1BarrierSetRuntime::write_ref_field_post_entry(unsigned char volatile*, JavaThread*)}
  0x000078876d1a2954: 498b f7e8 | 9401 ef11 | 488b 4c24 | 08c5 f877 | 4883 c410 | e9e6 b7ff | ff45 8b03 | 49c1 e003 
  0x000078876d1a2974: 4983 f800 | 0f84 6ec5 | ffff 4d8b | 5738 4d85 | d20f 8414 | 0000 0049 | 83ea 084d | 8957 384d 
  0x000078876d1a2994: 0357 404d | 8902 e94d | c5ff ff48 | 83ec 104c | 895c 2408 | 4889 0424 | 498b f849 

  0x000078876d1a29b0: ;   {runtime_call G1BarrierSetRuntime::write_ref_field_pre_entry(oopDesc*, JavaThread*)}
  0x000078876d1a29b0: 8bf7 e819 | 01ef 1148 | 8b04 244c | 8b5c 2408 | c5f8 7748 | 83c4 10e9 | 20c5 ffff | f083 4424 
  0x000078876d1a29d0: c000 4180 | 3a00 0f84 | 48c5 ffff | 41c6 0200 | 4d8b 4750 | 4d85 c00f | 8414 0000 | 0049 83e8 
  0x000078876d1a29f0: 084d 8947 | 504d 0347 | 584d 8910 | e923 c5ff | ff48 83ec | 1048 8944 | 2408 498b | fa49 8bf7 
  0x000078876d1a2a10: ;   {runtime_call G1BarrierSetRuntime::write_ref_field_post_entry(unsigned char volatile*, JavaThread*)}
  0x000078876d1a2a10: e8db 00ef | 1148 8b44 | 2408 c5f8 | 7748 83c4 | 10e9 fec4 | ffff 458b | 0149 c1e0 | 0349 83f8 
  0x000078876d1a2a30: 000f 841d | c6ff ff4d | 8b5f 384d | 85db 0f84 | 1400 0000 | 4983 eb08 | 4d89 5f38 | 4d03 5f40 
  0x000078876d1a2a50: 4d89 03e9 | fcc5 ffff | 4883 ec30 | 4c89 5424 | 284c 894c | 2420 4889 | 4c24 1848 | 897c 2410 
  0x000078876d1a2a70: 4889 5424 | 0848 8934 | 2449 8bf8 

  0x000078876d1a2a7c: ;   {runtime_call G1BarrierSetRuntime::write_ref_field_pre_entry(oopDesc*, JavaThread*)}
  0x000078876d1a2a7c: 498b f7e8 | 4c00 ef11 | 488b 3424 | 488b 5424 | 0848 8b7c | 2410 488b | 4c24 184c | 8b4c 2420 
  0x000078876d1a2a9c: 4c8b 5424 | 28c5 f877 | 4883 c430 | e9a7 c5ff | ff41 8b09 | 48c1 e103 | 4883 f900 | 0f84 31c8 
  0x000078876d1a2abc: ffff 4d8b | 5f38 4d85 | db0f 8414 | 0000 0049 | 83eb 084d | 895f 384d | 035f 4049 | 890b e910 
  0x000078876d1a2adc: c8ff ff48 | 83ec 204c | 8954 2418 | 4c89 4424 | 104c 894c | 2408 488b | f949 8bf7 

  0x000078876d1a2af8: ;   {runtime_call G1BarrierSetRuntime::write_ref_field_pre_entry(oopDesc*, JavaThread*)}
  0x000078876d1a2af8: e8d3 ffee | 114c 8b4c | 2408 4c8b | 4424 104c | 8b54 2418 | c5f8 7748 | 83c4 20e9 | d7c7 ffff 
  0x000078876d1a2b18: f083 4424 | c000 4180 | 3b00 0f84 | 08c8 ffff | 41c6 0300 | 498b 4f50 | 4885 c90f | 8414 0000 
  0x000078876d1a2b38: 0048 83e9 | 0849 894f | 5049 034f | 584c 8919 | e9e3 c7ff | ff48 83ec | 104c 8954 | 2408 4c89 
  0x000078876d1a2b58: 0424 498b | fb49 8bf7 

  0x000078876d1a2b60: ;   {runtime_call G1BarrierSetRuntime::write_ref_field_post_entry(unsigned char volatile*, JavaThread*)}
  0x000078876d1a2b60: e88b ffee | 114c 8b04 | 244c 8b54 | 2408 c5f8 | 7748 83c4 | 10e9 b6c7 | ffff 458b | 0b49 c1e1 
  0x000078876d1a2b80: 0349 83f9 | 000f 841c | c8ff ff4d | 8b47 384d | 85c0 0f84 | 1400 0000 | 4983 e808 | 4d89 4738 
  0x000078876d1a2ba0: 4d03 4740 | 4d89 08e9 | fbc7 ffff | 4883 ec20 | 4c89 5424 | 184c 895c | 2410 4889 | 4c24 0849 
  0x000078876d1a2bc0: 8bf9 498b 

  0x000078876d1a2bc4: ;   {runtime_call G1BarrierSetRuntime::write_ref_field_pre_entry(oopDesc*, JavaThread*)}
  0x000078876d1a2bc4: f7e8 06ff | ee11 488b | 4c24 084c | 8b5c 2410 | 4c8b 5424 | 18c5 f877 | 4883 c420 | e9c2 c7ff 
  0x000078876d1a2be4: ff44 8b09 | 49c1 e103 | 4983 f900 | 0f84 59ca | ffff 4d8b | 5f38 4d85 | db0f 8414 | 0000 0049 
  0x000078876d1a2c04: 83eb 084d | 895f 384d | 035f 404d | 890b e938 | caff ff48 | 83ec 204c | 8954 2418 | 4c89 4424 
  0x000078876d1a2c24: 1048 894c | 2408 498b | f949 8bf7 

  0x000078876d1a2c30: ;   {runtime_call G1BarrierSetRuntime::write_ref_field_pre_entry(oopDesc*, JavaThread*)}
  0x000078876d1a2c30: e89b feee | 1148 8b4c | 2408 4c8b | 4424 104c | 8b54 2418 | c5f8 7748 | 83c4 20e9 | ffc9 ffff 
  0x000078876d1a2c50: f083 4424 | c000 4180 | 3b00 0f84 | 30ca ffff | 41c6 0300 | 4d8b 4f50 | 4d85 c90f | 8414 0000 
  0x000078876d1a2c70: 0049 83e9 | 084d 894f | 504d 034f | 584d 8919 | e90b caff | ff48 83ec | 104c 8954 | 2408 4c89 
  0x000078876d1a2c90: 0424 498b | fb49 8bf7 

  0x000078876d1a2c98: ;   {runtime_call G1BarrierSetRuntime::write_ref_field_post_entry(unsigned char volatile*, JavaThread*)}
  0x000078876d1a2c98: e853 feee | 114c 8b04 | 244c 8b54 | 2408 c5f8 | 7748 83c4 | 10e9 dec9 | ffff 458b | 0a49 c1e1 
  0x000078876d1a2cb8: 0349 83f9 | 000f 8448 | caff ff4d | 8b47 384d | 85c0 0f84 | 1400 0000 | 4983 e808 | 4d89 4738 
  0x000078876d1a2cd8: 4d03 4740 | 4d89 08e9 | 27ca ffff | 4883 ec20 | 4c89 5424 | 184c 895c | 2410 4889 | 4c24 0849 
  0x000078876d1a2cf8: 8bf9 498b 

  0x000078876d1a2cfc: ;   {runtime_call G1BarrierSetRuntime::write_ref_field_pre_entry(oopDesc*, JavaThread*)}
  0x000078876d1a2cfc: f7e8 cefd | ee11 488b | 4c24 084c | 8b5c 2410 | 4c8b 5424 | 18c5 f877 | 4883 c420 | e9ee c9ff 
  0x000078876d1a2d1c: ff41 8b1b | 48c1 e303 | 4883 fb00 | 0f84 b0cb | ffff 498b | 4f38 4885 | c90f 8414 | 0000 0048 
  0x000078876d1a2d3c: 83e9 0849 | 894f 3849 | 034f 4048 | 8919 e98f | cbff ff48 | 83ec 204c | 8954 2418 | 4c89 5c24 
  0x000078876d1a2d5c: 104c 8944 | 2408 488b | fb49 8bf7 

  0x000078876d1a2d68: ;   {runtime_call G1BarrierSetRuntime::write_ref_field_pre_entry(oopDesc*, JavaThread*)}
  0x000078876d1a2d68: e863 fdee | 114c 8b44 | 2408 4c8b | 5c24 104c | 8b54 2418 | c5f8 7748 | 83c4 20e9 | 56cb ffff 
  0x000078876d1a2d88: f083 4424 | c000 8039 | 000f 8487 | cbff ffc6 | 0100 498b | 5f50 4885 | db0f 8414 | 0000 0048 
  0x000078876d1a2da8: 83eb 0849 | 895f 5049 | 035f 5848 | 890b e963 | cbff ff48 | 83ec 104c | 8954 2408 | 4c89 0424 
  0x000078876d1a2dc8: 488b f949 

  0x000078876d1a2dcc: ;   {runtime_call G1BarrierSetRuntime::write_ref_field_post_entry(unsigned char volatile*, JavaThread*)}
  0x000078876d1a2dcc: 8bf7 e81d | fdee 114c | 8b04 244c | 8b54 2408 | c5f8 7748 | 83c4 10e9 | 36cb ffff | 8b19 48c1 
  0x000078876d1a2dec: e303 4883 | fb00 0f84 | 3acb ffff | 4d8b 4f38 | 4d85 c90f | 8414 0000 | 0049 83e9 | 084d 894f 
  0x000078876d1a2e0c: 384d 034f | 4049 8919 | e919 cbff | ff48 83ec | 204c 8954 | 2418 4c89 | 4424 1048 | 894c 2408 
  0x000078876d1a2e2c: 488b fb49 

  0x000078876d1a2e30: ;   {runtime_call G1BarrierSetRuntime::write_ref_field_pre_entry(oopDesc*, JavaThread*)}
  0x000078876d1a2e30: 8bf7 e899 | fcee 1148 | 8b4c 2408 | 4c8b 4424 | 104c 8b54 | 2418 c5f8 | 7748 83c4 | 20e9 e0ca 
  0x000078876d1a2e50: ffff f083 | 4424 c000 | 4180 3900 | 0f84 10cb | ffff 41c6 | 0100 498b | 5f50 4885 | db0f 8414 
  0x000078876d1a2e70: 0000 0048 | 83eb 0849 | 895f 5049 | 035f 584c | 890b e9eb | caff ff48 | 83ec 104c | 8954 2408 
  0x000078876d1a2e90: 4c89 0424 | 498b f949 

  0x000078876d1a2e98: ;   {runtime_call G1BarrierSetRuntime::write_ref_field_post_entry(unsigned char volatile*, JavaThread*)}
  0x000078876d1a2e98: 8bf7 e851 | fcee 114c | 8b04 244c | 8b54 2408 | c5f8 7748 | 83c4 10e9 | beca ffff 

  0x000078876d1a2eb4: ;   {internal_word}
  0x000078876d1a2eb4: 49ba 24ee | 196d 8778 | 0000 4d89 | 9738 0500 

  0x000078876d1a2ec4: ;   {runtime_call SafepointBlob}
  0x000078876d1a2ec4: 00e9 96c9 

  0x000078876d1a2ec8: ;   {runtime_call Stub::method_entry_barrier}
  0x000078876d1a2ec8: 90fe e891 | 208f fee9 | faa3 ffff | f4f4 f4f4 
[Stub Code]
  0x000078876d1a2ed8: ;   {static_stub}
  0x000078876d1a2ed8: 48bb 0000 | 0000 0000 

  0x000078876d1a2ee0: ;   {runtime_call nmethod}
  0x000078876d1a2ee0: 0000 e9fb 

  0x000078876d1a2ee4: ;   {static_stub}
  0x000078876d1a2ee4: ffff ff48 | bb00 0000 | 0000 0000 

  0x000078876d1a2ef0: ;   {runtime_call nmethod}
  0x000078876d1a2ef0: 00e9 fbff 

  0x000078876d1a2ef4: ;   {static_stub}
  0x000078876d1a2ef4: ffff 48bb | 28d0 4011 | 8678 0000 

  0x000078876d1a2f00: ;   {runtime_call I2C/C2I adapters}
  0x000078876d1a2f00: e9cc fade 

  0x000078876d1a2f04: ;   {static_stub}
  0x000078876d1a2f04: fe48 bb00 | 0000 0000 

  0x000078876d1a2f0c: ;   {runtime_call nmethod}
  0x000078876d1a2f0c: 0000 00e9 | fbff ffff 

  0x000078876d1a2f14: ;   {static_stub}
  0x000078876d1a2f14: 48bb 0000 | 0000 0000 

  0x000078876d1a2f1c: ;   {runtime_call nmethod}
  0x000078876d1a2f1c: 0000 e9fb 

  0x000078876d1a2f20: ;   {static_stub}
  0x000078876d1a2f20: ffff ff48 | bb00 0000 | 0000 0000 

  0x000078876d1a2f2c: ;   {runtime_call nmethod}
  0x000078876d1a2f2c: 00e9 fbff 

  0x000078876d1a2f30: ;   {static_stub}
  0x000078876d1a2f30: ffff 48bb | 0000 0000 | 0000 0000 

  0x000078876d1a2f3c: ;   {runtime_call nmethod}
  0x000078876d1a2f3c: e9fb ffff 

  0x000078876d1a2f40: ;   {static_stub}
  0x000078876d1a2f40: ff48 bb00 | 0000 0000 

  0x000078876d1a2f48: ;   {runtime_call nmethod}
  0x000078876d1a2f48: 0000 00e9 | fbff ffff 

  0x000078876d1a2f50: ;   {static_stub}
  0x000078876d1a2f50: 48bb c897 | 5611 8678 

  0x000078876d1a2f58: ;   {runtime_call I2C/C2I adapters}
  0x000078876d1a2f58: 0000 e9d3 

  0x000078876d1a2f5c: ;   {static_stub}
  0x000078876d1a2f5c: bc90 fe48 | bb00 0000 | 0000 0000 

  0x000078876d1a2f68: ;   {runtime_call nmethod}
  0x000078876d1a2f68: 00e9 fbff 

  0x000078876d1a2f6c: ;   {static_stub}
  0x000078876d1a2f6c: ffff 48bb | 0000 0000 | 0000 0000 

  0x000078876d1a2f78: ;   {runtime_call nmethod}
  0x000078876d1a2f78: e9fb ffff 

  0x000078876d1a2f7c: ;   {static_stub}
  0x000078876d1a2f7c: ff48 bb00 | 0000 0000 

  0x000078876d1a2f84: ;   {runtime_call nmethod}
  0x000078876d1a2f84: 0000 00e9 | fbff ffff 

  0x000078876d1a2f8c: ;   {static_stub}
  0x000078876d1a2f8c: 48bb 0000 | 0000 0000 

  0x000078876d1a2f94: ;   {runtime_call nmethod}
  0x000078876d1a2f94: 0000 e9fb 

  0x000078876d1a2f98: ;   {static_stub}
  0x000078876d1a2f98: ffff ff48 | bb00 0000 | 0000 0000 

  0x000078876d1a2fa4: ;   {runtime_call nmethod}
  0x000078876d1a2fa4: 00e9 fbff 

  0x000078876d1a2fa8: ;   {static_stub}
  0x000078876d1a2fa8: ffff 48bb | 0000 0000 | 0000 0000 

  0x000078876d1a2fb4: ;   {runtime_call nmethod}
  0x000078876d1a2fb4: e9fb ffff 

  0x000078876d1a2fb8: ;   {static_stub}
  0x000078876d1a2fb8: ff48 bb00 | 0000 0000 

  0x000078876d1a2fc0: ;   {runtime_call nmethod}
  0x000078876d1a2fc0: 0000 00e9 | fbff ffff 

  0x000078876d1a2fc8: ;   {static_stub}
  0x000078876d1a2fc8: 48bb 0000 | 0000 0000 

  0x000078876d1a2fd0: ;   {runtime_call nmethod}
  0x000078876d1a2fd0: 0000 e9fb 

  0x000078876d1a2fd4: ;   {static_stub}
  0x000078876d1a2fd4: ffff ff48 | bb00 0000 | 0000 0000 

  0x000078876d1a2fe0: ;   {runtime_call nmethod}
  0x000078876d1a2fe0: 00e9 fbff 

  0x000078876d1a2fe4: ;   {static_stub}
  0x000078876d1a2fe4: ffff 48bb | 0000 0000 | 0000 0000 

  0x000078876d1a2ff0: ;   {runtime_call nmethod}
  0x000078876d1a2ff0: e9fb ffff 

  0x000078876d1a2ff4: ;   {static_stub}
  0x000078876d1a2ff4: ff48 bb00 | 0000 0000 

  0x000078876d1a2ffc: ;   {runtime_call nmethod}
  0x000078876d1a2ffc: 0000 00e9 | fbff ffff 

  0x000078876d1a3004: ;   {static_stub}
  0x000078876d1a3004: 48bb 0000 | 0000 0000 

  0x000078876d1a300c: ;   {runtime_call nmethod}
  0x000078876d1a300c: 0000 e9fb 

  0x000078876d1a3010: ;   {static_stub}
  0x000078876d1a3010: ffff ff48 | bb00 0000 | 0000 0000 

  0x000078876d1a301c: ;   {runtime_call nmethod}
  0x000078876d1a301c: 00e9 fbff 

  0x000078876d1a3020: ;   {static_stub}
  0x000078876d1a3020: ffff 48bb | 0000 0000 | 0000 0000 

  0x000078876d1a302c: ;   {runtime_call nmethod}
  0x000078876d1a302c: e9fb ffff 

  0x000078876d1a3030: ;   {static_stub}
  0x000078876d1a3030: ff48 bb00 | 0000 0000 

  0x000078876d1a3038: ;   {runtime_call nmethod}
  0x000078876d1a3038: 0000 00e9 | fbff ffff 

  0x000078876d1a3040: ;   {static_stub}
  0x000078876d1a3040: 48bb 0000 | 0000 0000 

  0x000078876d1a3048: ;   {runtime_call nmethod}
  0x000078876d1a3048: 0000 e9fb 

  0x000078876d1a304c: ;   {static_stub}
  0x000078876d1a304c: ffff ff48 | bb00 0000 | 0000 0000 

  0x000078876d1a3058: ;   {runtime_call nmethod}
  0x000078876d1a3058: 00e9 fbff 

  0x000078876d1a305c: ;   {static_stub}
  0x000078876d1a305c: ffff 48bb | 0000 0000 | 0000 0000 

  0x000078876d1a3068: ;   {runtime_call nmethod}
  0x000078876d1a3068: e9fb ffff 

  0x000078876d1a306c: ;   {static_stub}
  0x000078876d1a306c: ff48 bb00 | 0000 0000 

  0x000078876d1a3074: ;   {runtime_call nmethod}
  0x000078876d1a3074: 0000 00e9 | fbff ffff 

  0x000078876d1a307c: ;   {static_stub}
  0x000078876d1a307c: 48bb 0000 | 0000 0000 

  0x000078876d1a3084: ;   {runtime_call nmethod}
  0x000078876d1a3084: 0000 e9fb 

  0x000078876d1a3088: ;   {static_stub}
  0x000078876d1a3088: ffff ff48 | bb00 0000 | 0000 0000 

  0x000078876d1a3094: ;   {runtime_call nmethod}
  0x000078876d1a3094: 00e9 fbff 

  0x000078876d1a3098: ;   {static_stub}
  0x000078876d1a3098: ffff 48bb | 0000 0000 | 0000 0000 

  0x000078876d1a30a4: ;   {runtime_call nmethod}
  0x000078876d1a30a4: e9fb ffff 

  0x000078876d1a30a8: ;   {static_stub}
  0x000078876d1a30a8: ff48 bb00 | 0000 0000 

  0x000078876d1a30b0: ;   {runtime_call nmethod}
  0x000078876d1a30b0: 0000 00e9 | fbff ffff 

  0x000078876d1a30b8: ;   {static_stub}
  0x000078876d1a30b8: 48bb 0000 | 0000 0000 

  0x000078876d1a30c0: ;   {runtime_call nmethod}
  0x000078876d1a30c0: 0000 e9fb 

  0x000078876d1a30c4: ;   {static_stub}
  0x000078876d1a30c4: ffff ff48 | bb00 0000 | 0000 0000 

  0x000078876d1a30d0: ;   {runtime_call nmethod}
  0x000078876d1a30d0: 00e9 fbff 

  0x000078876d1a30d4: ;   {static_stub}
  0x000078876d1a30d4: ffff 48bb | 0000 0000 | 0000 0000 

  0x000078876d1a30e0: ;   {runtime_call nmethod}
  0x000078876d1a30e0: e9fb ffff 

  0x000078876d1a30e4: ;   {static_stub}
  0x000078876d1a30e4: ff48 bb00 | 0000 0000 

  0x000078876d1a30ec: ;   {runtime_call nmethod}
  0x000078876d1a30ec: 0000 00e9 | fbff ffff 

  0x000078876d1a30f4: ;   {static_stub}
  0x000078876d1a30f4: 48bb 0000 | 0000 0000 

  0x000078876d1a30fc: ;   {runtime_call nmethod}
  0x000078876d1a30fc: 0000 e9fb 

  0x000078876d1a3100: ;   {static_stub}
  0x000078876d1a3100: ffff ff48 | bb00 0000 | 0000 0000 

  0x000078876d1a310c: ;   {runtime_call nmethod}
  0x000078876d1a310c: 00e9 fbff 

  0x000078876d1a3110: ;   {static_stub}
  0x000078876d1a3110: ffff 48bb | 0000 0000 | 0000 0000 

  0x000078876d1a311c: ;   {runtime_call nmethod}
  0x000078876d1a311c: e9fb ffff 

  0x000078876d1a3120: ;   {static_stub}
  0x000078876d1a3120: ff48 bb00 | 0000 0000 

  0x000078876d1a3128: ;   {runtime_call nmethod}
  0x000078876d1a3128: 0000 00e9 | fbff ffff 
[Exception Handler]
  0x000078876d1a3130: ;   {runtime_call ExceptionBlob}
  0x000078876d1a3130: e9ab e99d | fee8 0000 | 0000 4883 

  0x000078876d1a313c: ;   {runtime_call DeoptimizationBlob}
  0x000078876d1a313c: 2c24 05e9 | 1cca 90fe | f4f4 f4f4 
[/MachCode]


---------------  P R O C E S S  ---------------

Threads class SMR info:
_java_thread_list=0x000078871070cf10, length=51, elements={
0x0000788778030400, 0x0000788778104420, 0x0000788778107a20, 0x0000788778108c20,
0x000078877810a670, 0x000078877810bfa0, 0x000078877810d820, 0x000078877810f6a0,
0x0000788778111090, 0x000078877815a440, 0x0000788778582080, 0x0000788778585f90,
0x000078877857de00, 0x000078863000b1d0, 0x00007886f4001370, 0x0000788628004c10,
0x0000788779dd2670, 0x00007887789590c0, 0x000078865c07dfe0, 0x000078865c07ea10,
0x0000788778961250, 0x000078877a18d850, 0x000078877a52efd0, 0x000078877a56a5b0,
0x0000788664774aa0, 0x00007885fc002b80, 0x000078877a56ae60, 0x000078877a56bb40,
0x000078877a56f9a0, 0x000078877a570860, 0x00007885fc050030, 0x000078877a573120,
0x00007885d8000f40, 0x000078877a578380, 0x000078877a579310, 0x000078877a57a1b0,
0x00007885cc000f40, 0x000078877a615a70, 0x00007885a8007f50, 0x000078877a630b70,
0x00007885a80044a0, 0x000078877ab22a60, 0x000078877ab2ed50, 0x000078859c006430,
0x00007885a80119b0, 0x0000788598001f60, 0x000078877a5c48a0, 0x000078859800ed00,
0x000078877ac9a7e0, 0x000078877870afd0, 0x00007887103c62f0
}

Java Threads: ( => current thread )
=>0x0000788778030400 JavaThread "Render thread"                     [_thread_in_Java, id=113749, stack(0x000078877e5da000,0x000078877e6da000) (1024K)]
  0x0000788778104420 JavaThread "Common-Cleaner"             daemon [_thread_blocked, id=113761, stack(0x0000788758df2000,0x0000788758ef3000) (1028K)]
  0x0000788778107a20 JavaThread "Reference Handler"          daemon [_thread_blocked, id=113762, stack(0x00007887590f5000,0x00007887591f6000) (1028K)]
  0x0000788778108c20 JavaThread "Finalizer"                  daemon [_thread_blocked, id=113763, stack(0x0000788758bd8000,0x0000788758cd8000) (1024K)]
  0x000078877810a670 JavaThread "Signal Dispatcher"          daemon [_thread_blocked, id=113764, stack(0x0000788758ad8000,0x0000788758bd8000) (1024K)]
  0x000078877810bfa0 JavaThread "Service Thread"             daemon [_thread_blocked, id=113765, stack(0x00007887589d8000,0x0000788758ad8000) (1024K)]
  0x000078877810d820 JavaThread "Monitor Deflation Thread"   daemon [_thread_blocked, id=113766, stack(0x00007887588d8000,0x00007887589d8000) (1024K)]
  0x000078877810f6a0 JavaThread "C2 CompilerThread0"         daemon [_thread_blocked, id=113767, stack(0x00007887587d8000,0x00007887588d8000) (1024K)]
  0x0000788778111090 JavaThread "C1 CompilerThread0"         daemon [_thread_blocked, id=113768, stack(0x00007887586d8000,0x00007887587d8000) (1024K)]
  0x000078877815a440 JavaThread "Notification Thread"        daemon [_thread_blocked, id=113771, stack(0x00007887583d8000,0x00007887584d8000) (1024K)]
  0x0000788778582080 JavaThread "RMI TCP Accept-0"           daemon [_thread_in_native, id=113777, stack(0x000078872ef00000,0x000078872f000000) (1024K)]
  0x0000788778585f90 JavaThread "RMI TCP Accept-1099"        daemon [_thread_in_native, id=113778, stack(0x000078872ee00000,0x000078872ef00000) (1024K)]
  0x000078877857de00 JavaThread "RMI TCP Accept-0"           daemon [_thread_in_native, id=113779, stack(0x000078872ed00000,0x000078872ee00000) (1024K)]
  0x000078863000b1d0 JavaThread "RMI Scheduler(0)"           daemon [_thread_blocked, id=113835, stack(0x000078863bb00000,0x000078863bc00000) (1024K)]
  0x00007886f4001370 JavaThread "RMI TCP Connection(2)-127.0.0.1" daemon [_thread_in_native, id=113837, stack(0x000078863ba00000,0x000078863bb00000) (1024K)]
  0x0000788628004c10 JavaThread "JMX server connection timeout 80" daemon [_thread_blocked, id=113838, stack(0x000078863b900000,0x000078863ba00000) (1024K)]
  0x0000788779dd2670 JavaThread "JNA Cleaner"                daemon [_thread_blocked, id=113842, stack(0x000078863b700000,0x000078863b800000) (1024K)]
  0x00007887789590c0 JavaThread "modloading-sync-worker"     daemon [_thread_blocked, id=113862, stack(0x0000788677f00000,0x0000788678000000) (1024K)]
  0x000078865c07dfe0 JavaThread "FileSystemWatchService"     daemon [_thread_in_native, id=113863, stack(0x000078867157f000,0x000078867167f000) (1024K)]
  0x000078865c07ea10 JavaThread "config-file-watcher-0-0"    daemon [_thread_blocked, id=113864, stack(0x000078867137f000,0x000078867147f000) (1024K)]
  0x0000788778961250 JavaThread "Timer hack thread"          daemon [_thread_blocked, id=113865, stack(0x000078872f000000,0x000078872f100000) (1024K)]
  0x000078877a18d850 JavaThread "Download-1"                 daemon [_thread_blocked, id=113867, stack(0x000078863be00000,0x000078863bf00000) (1024K)]
  0x000078877a52efd0 JavaThread "Worker-Main-1"              daemon [_thread_blocked, id=113875, stack(0x000078867ff00000,0x0000788680000000) (1024K)]
  0x000078877a56a5b0 JavaThread "Worker-Main-2"              daemon [_thread_blocked, id=113881, stack(0x00007886381e2000,0x00007886382e2000) (1024K)]
  0x0000788664774aa0 JavaThread "Worker-Main-3"              daemon [_thread_blocked, id=113882, stack(0x000078861b800000,0x000078861b900000) (1024K)]
  0x00007885fc002b80 JavaThread "Worker-Main-5"              daemon [_thread_blocked, id=113883, stack(0x0000788618700000,0x0000788618800000) (1024K)]
  0x000078877a56ae60 JavaThread "Worker-Main-4"              daemon [_thread_blocked, id=113884, stack(0x0000788618600000,0x0000788618700000) (1024K)]
  0x000078877a56bb40 JavaThread "Worker-Main-6"              daemon [_thread_blocked, id=113885, stack(0x0000788618500000,0x0000788618600000) (1024K)]
  0x000078877a56f9a0 JavaThread "Worker-Main-7"              daemon [_thread_blocked, id=113886, stack(0x0000788618400000,0x0000788618500000) (1024K)]
  0x000078877a570860 JavaThread "Worker-Main-8"              daemon [_thread_blocked, id=113887, stack(0x0000788618100000,0x0000788618200000) (1024K)]
  0x00007885fc050030 JavaThread "Worker-Main-9"              daemon [_thread_blocked, id=113888, stack(0x0000788618000000,0x0000788618100000) (1024K)]
  0x000078877a573120 JavaThread "Worker-Main-10"             daemon [_thread_blocked, id=113889, stack(0x0000788604280000,0x0000788604380000) (1024K)]
  0x00007885d8000f40 JavaThread "Worker-Main-11"             daemon [_thread_blocked, id=113890, stack(0x0000788604180000,0x0000788604280000) (1024K)]
  0x000078877a578380 JavaThread "Worker-Main-12"             daemon [_thread_blocked, id=113891, stack(0x0000788604080000,0x0000788604180000) (1024K)]
  0x000078877a579310 JavaThread "Worker-Main-13"             daemon [_thread_blocked, id=113892, stack(0x00007885d7a00000,0x00007885d7b00000) (1024K)]
  0x000078877a57a1b0 JavaThread "Worker-Main-14"             daemon [_thread_blocked, id=113893, stack(0x00007885d7900000,0x00007885d7a00000) (1024K)]
  0x00007885cc000f40 JavaThread "Worker-Main-15"             daemon [_thread_blocked, id=113894, stack(0x00007885d7800000,0x00007885d7900000) (1024K)]
  0x000078877a615a70 JavaThread "IO-Worker-1"                       [_thread_blocked, id=113916, stack(0x00007886380e2000,0x00007886381e2000) (1024K)]
  0x00007885a8007f50 JavaThread "IO-Worker-2"                       [_thread_blocked, id=113917, stack(0x0000788670d7b000,0x0000788670e7b000) (1024K)]
  0x000078877a630b70 JavaThread "Server thread"                     [_thread_blocked, id=113918, stack(0x0000788670c7b000,0x0000788670d7b000) (1024K)]
  0x00007885a80044a0 JavaThread "IO-Worker-3"                       [_thread_blocked, id=113919, stack(0x0000788670b7b000,0x0000788670c7b000) (1024K)]
  0x000078877ab22a60 JavaThread "Netty Local IO #0"          daemon [_thread_blocked, id=113920, stack(0x0000788670a7b000,0x0000788670b7b000) (1024K)]
  0x000078877ab2ed50 JavaThread "Netty Local IO #0"          daemon [_thread_blocked, id=113921, stack(0x000078867097b000,0x0000788670a7b000) (1024K)]
  0x000078859c006430 JavaThread "Netty Local IO #1"          daemon [_thread_blocked, id=113922, stack(0x000078867087b000,0x000078867097b000) (1024K)]
  0x00007885a80119b0 JavaThread "IO-Worker-4"                       [_thread_blocked, id=113923, stack(0x00007885b6a00000,0x00007885b6b00000) (1024K)]
  0x0000788598001f60 JavaThread "IO-Worker-5"                       [_thread_blocked, id=113924, stack(0x00007885b5680000,0x00007885b5780000) (1024K)]
  0x000078877a5c48a0 JavaThread "Sound engine"               daemon [_thread_blocked, id=113925, stack(0x00007885b40fe000,0x00007885b41fe000) (1024K)]
  0x000078859800ed00 JavaThread "IO-Worker-6"                       [_thread_blocked, id=113926, stack(0x00007887581d8000,0x00007887582d8000) (1024K)]
  0x000078877ac9a7e0 JavaThread "Download-3"                 daemon [_thread_blocked, id=114031, stack(0x00007885ac300000,0x00007885ac400000) (1024K)]
  0x000078877870afd0 JavaThread "Download-4"                 daemon [_thread_blocked, id=114032, stack(0x000078857feff000,0x000078857ffff000) (1024K)]
  0x00007887103c62f0 JavaThread "C1 CompilerThread1"         daemon [_thread_blocked, id=114033, stack(0x000078863bc00000,0x000078863bd00000) (1024K)]
Total: 51

Other Threads:
  0x00007887780fc740 VMThread "VM Thread"                           [id=113760, stack(0x0000788758ef4000,0x0000788758ff4000) (1024K)]
  0x00007887780ec170 WatcherThread "VM Periodic Task Thread"        [id=113759, stack(0x0000788758ff5000,0x00007887590f5000) (1024K)]
  0x000078877805d030 WorkerThread "GC Thread#0"                     [id=113750, stack(0x000078877c5e2000,0x000078877c6e2000) (1024K)]
  0x0000788734008e00 WorkerThread "GC Thread#1"                     [id=113783, stack(0x000078872eb00000,0x000078872ec00000) (1024K)]
  0x0000788734009890 WorkerThread "GC Thread#2"                     [id=113784, stack(0x000078872e9ff000,0x000078872eaff000) (1024K)]
  0x000078873400a420 WorkerThread "GC Thread#3"                     [id=113785, stack(0x000078872e8fe000,0x000078872e9fe000) (1024K)]
  0x000078873400b160 WorkerThread "GC Thread#4"                     [id=113786, stack(0x000078872e7fd000,0x000078872e8fd000) (1024K)]
  0x000078873400bea0 WorkerThread "GC Thread#5"                     [id=113787, stack(0x000078872e6fc000,0x000078872e7fc000) (1024K)]
  0x000078873400cbe0 WorkerThread "GC Thread#6"                     [id=113788, stack(0x000078872e5fb000,0x000078872e6fb000) (1024K)]
  0x000078873400d920 WorkerThread "GC Thread#7"                     [id=113789, stack(0x000078872e4fa000,0x000078872e5fa000) (1024K)]
  0x000078873400e660 WorkerThread "GC Thread#8"                     [id=113790, stack(0x000078872e3f9000,0x000078872e4f9000) (1024K)]
  0x000078873400f3c0 WorkerThread "GC Thread#9"                     [id=113791, stack(0x000078872e2f8000,0x000078872e3f8000) (1024K)]
  0x0000788734010140 WorkerThread "GC Thread#10"                    [id=113792, stack(0x000078872e1f7000,0x000078872e2f7000) (1024K)]
  0x000078873401a610 WorkerThread "GC Thread#11"                    [id=113826, stack(0x000078867117f000,0x000078867127f000) (1024K)]
  0x000078873401adf0 WorkerThread "GC Thread#12"                    [id=113827, stack(0x000078867107e000,0x000078867117e000) (1024K)]
  0x0000788778075410 ConcurrentGCThread "G1 Main Marker"            [id=113751, stack(0x000078877c4e1000,0x000078877c5e1000) (1024K)]
  0x00007887780765e0 WorkerThread "G1 Conc#0"                       [id=113752, stack(0x000078877c3e0000,0x000078877c4e0000) (1024K)]
  0x000078874c000ce0 WorkerThread "G1 Conc#1"                       [id=113828, stack(0x0000788670f7d000,0x000078867107d000) (1024K)]
  0x000078874c001a60 WorkerThread "G1 Conc#2"                       [id=113829, stack(0x0000788670e7c000,0x0000788670f7c000) (1024K)]
  0x00007887780dc4d0 ConcurrentGCThread "G1 Refine#0"               [id=113753, stack(0x00007887592f8000,0x00007887593f8000) (1024K)]
  0x00007887780dd6c0 ConcurrentGCThread "G1 Service"                [id=113754, stack(0x00007887591f7000,0x00007887592f7000) (1024K)]
Total: 21

Threads with active compile tasks:
Total: 0

VM state: not at safepoint (normal execution)

VM Mutex/Monitor currently owned by a thread: None

Heap address: 0x000000061bc00000, size: 7748 MB, Compressed Oops mode: Zero based, Oop shift amount: 3

CDS archive(s) mapped at: [0x0000000019000000-0x000000001ace6000-0x000000001ace6000), size 30302208, SharedBaseAddress: 0x0000000019000000, ArchiveRelocationMode: 1.
Compressed class space mapped at: 0x000000001b000000-0x000000005b000000, reserved size: 1073741824
UseCompressedClassPointers 1, UseCompactObjectHeaders 0
Narrow klass pointer bits 32, Max shift 3
Narrow klass base: 0x0000000019000000, Narrow klass shift: 0
Encoding Range: [0x0000000019000000 - 0x0000000119000000), (4294967296 bytes)
Klass Range:    [0x0000000019001000 - 0x000000005b000000), (1107292160 bytes)
Klass ID Range:  [4096 - 1107296249) (1107292153)
Protection zone: [0x0000000019000000 - 0x0000000019001000), (4096 bytes)

GC Precious Log:
 CardTable entry size: 512
 Card Set container configuration: InlinePtr #cards 4 size 8 Array Of Cards #cards 32 size 80 Howl #buckets 8 coarsen threshold 7372 Howl Bitmap #cards 1024 size 144 coarsen threshold 921 Card regions per heap region 1 cards per card region 8192
 CPUs: 16 total, 16 available
 Memory: 30991M
 Large Page Support: Disabled
 NUMA Support: Disabled
 Compressed Oops: Enabled (Zero based)
 Heap Region Size: 4M
 Heap Min Capacity: 8M
 Heap Initial Capacity: 488M
 Heap Max Capacity: 7748M
 Pre-touch: Disabled
 Parallel Workers: 13
 Concurrent Workers: 3
 Concurrent Refinement Workers: 13
 Periodic GC: Disabled

Heap:
 garbage-first heap   total reserved 7933952K, committed 1789952K, used 1138598K [0x000000061bc00000, 0x0000000800000000)
  region size 4096K, 106 young (434176K), 7 survivors (28672K)

Heap Regions: E=young(eden), S=young(survivor), O=old, HS=humongous(starts), HC=humongous(continues), CS=collection set, F=free, TAMS=top-at-mark-start, PB=parsable bottom
|   0|0x000000061bc00000, 0x000000061c000000, 0x000000061c000000|100%|HS|  |TAMS 0x000000061bc00000| PB 0x000000061bc00000| Complete |  0
|   1|0x000000061c000000, 0x000000061c400000, 0x000000061c400000|100%| O|  |TAMS 0x000000061c000000| PB 0x000000061c000000| Untracked |  0
|   2|0x000000061c400000, 0x000000061c800000, 0x000000061c800000|100%| O|  |TAMS 0x000000061c400000| PB 0x000000061c400000| Untracked |  0
|   3|0x000000061c800000, 0x000000061cc00000, 0x000000061cc00000|100%| O|  |TAMS 0x000000061c800000| PB 0x000000061c800000| Untracked |  0
|   4|0x000000061cc00000, 0x000000061d000000, 0x000000061d000000|100%| O|  |TAMS 0x000000061cc00000| PB 0x000000061cc00000| Untracked |  0
|   5|0x000000061d000000, 0x000000061d400000, 0x000000061d400000|100%| O|  |TAMS 0x000000061d000000| PB 0x000000061d000000| Untracked |  0
|   6|0x000000061d400000, 0x000000061d800000, 0x000000061d800000|100%| O|  |TAMS 0x000000061d400000| PB 0x000000061d400000| Untracked |  0
|   7|0x000000061d800000, 0x000000061dc00000, 0x000000061dc00000|100%| O|  |TAMS 0x000000061d800000| PB 0x000000061d800000| Untracked |  0
|   8|0x000000061dc00000, 0x000000061e000000, 0x000000061e000000|100%| O|  |TAMS 0x000000061dc00000| PB 0x000000061dc00000| Untracked |  0
|   9|0x000000061e000000, 0x000000061e400000, 0x000000061e400000|100%|HS|  |TAMS 0x000000061e000000| PB 0x000000061e000000| Complete |  0
|  10|0x000000061e400000, 0x000000061e800000, 0x000000061e800000|100%|HC|  |TAMS 0x000000061e400000| PB 0x000000061e400000| Complete |  0
|  11|0x000000061e800000, 0x000000061ec00000, 0x000000061ec00000|100%|HC|  |TAMS 0x000000061e800000| PB 0x000000061e800000| Complete |  0
|  12|0x000000061ec00000, 0x000000061f000000, 0x000000061f000000|100%| O|  |TAMS 0x000000061ec00000| PB 0x000000061ec00000| Untracked |  0
|  13|0x000000061f000000, 0x000000061f400000, 0x000000061f400000|100%| O|  |TAMS 0x000000061f000000| PB 0x000000061f000000| Untracked |  0
|  14|0x000000061f400000, 0x000000061f800000, 0x000000061f800000|100%| O|  |TAMS 0x000000061f400000| PB 0x000000061f400000| Untracked |  0
|  15|0x000000061f800000, 0x000000061fc00000, 0x000000061fc00000|100%| O|  |TAMS 0x000000061f800000| PB 0x000000061f800000| Untracked |  0
|  16|0x000000061fc00000, 0x0000000620000000, 0x0000000620000000|100%| O|  |TAMS 0x000000061fc00000| PB 0x000000061fc00000| Untracked |  0
|  17|0x0000000620000000, 0x0000000620400000, 0x0000000620400000|100%| O|  |TAMS 0x0000000620000000| PB 0x0000000620000000| Untracked |  0
|  18|0x0000000620400000, 0x0000000620800000, 0x0000000620800000|100%| O|  |TAMS 0x0000000620400000| PB 0x0000000620400000| Untracked |  0
|  19|0x0000000620800000, 0x0000000620c00000, 0x0000000620c00000|100%| O|  |TAMS 0x0000000620800000| PB 0x0000000620800000| Untracked |  0
|  20|0x0000000620c00000, 0x0000000621000000, 0x0000000621000000|100%| O|  |TAMS 0x0000000620c00000| PB 0x0000000620c00000| Untracked |  0
|  21|0x0000000621000000, 0x0000000621400000, 0x0000000621400000|100%| O|  |TAMS 0x0000000621000000| PB 0x0000000621000000| Untracked |  0
|  22|0x0000000621400000, 0x0000000621800000, 0x0000000621800000|100%| O|  |TAMS 0x0000000621400000| PB 0x0000000621400000| Untracked |  0
|  23|0x0000000621800000, 0x0000000621c00000, 0x0000000621c00000|100%| O|  |TAMS 0x0000000621800000| PB 0x0000000621800000| Untracked |  0
|  24|0x0000000621c00000, 0x0000000622000000, 0x0000000622000000|100%| O|  |TAMS 0x0000000621c00000| PB 0x0000000621c00000| Untracked |  0
|  25|0x0000000622000000, 0x0000000622400000, 0x0000000622400000|100%|HS|  |TAMS 0x0000000622000000| PB 0x0000000622000000| Complete |  0
|  26|0x0000000622400000, 0x0000000622800000, 0x0000000622800000|100%| O|  |TAMS 0x0000000622400000| PB 0x0000000622400000| Untracked |  0
|  27|0x0000000622800000, 0x0000000622c00000, 0x0000000622c00000|100%| O|  |TAMS 0x0000000622800000| PB 0x0000000622800000| Untracked |  0
|  28|0x0000000622c00000, 0x0000000623000000, 0x0000000623000000|100%| O|  |TAMS 0x0000000622c00000| PB 0x0000000622c00000| Untracked |  0
|  29|0x0000000623000000, 0x0000000623400000, 0x0000000623400000|100%| O|  |TAMS 0x0000000623000000| PB 0x0000000623000000| Untracked |  0
|  30|0x0000000623400000, 0x0000000623800000, 0x0000000623800000|100%| O|  |TAMS 0x0000000623400000| PB 0x0000000623400000| Untracked |  0
|  31|0x0000000623800000, 0x0000000623c00000, 0x0000000623c00000|100%| O|  |TAMS 0x0000000623800000| PB 0x0000000623800000| Untracked |  0
|  32|0x0000000623c00000, 0x0000000624000000, 0x0000000624000000|100%| O|  |TAMS 0x0000000623c00000| PB 0x0000000623c00000| Untracked |  0
|  33|0x0000000624000000, 0x0000000624400000, 0x0000000624400000|100%| O|  |TAMS 0x0000000624000000| PB 0x0000000624000000| Untracked |  0
|  34|0x0000000624400000, 0x0000000624800000, 0x0000000624800000|100%| O|  |TAMS 0x0000000624400000| PB 0x0000000624400000| Untracked |  0
|  35|0x0000000624800000, 0x0000000624c00000, 0x0000000624c00000|100%| O|  |TAMS 0x0000000624800000| PB 0x0000000624800000| Untracked |  0
|  36|0x0000000624c00000, 0x0000000625000000, 0x0000000625000000|100%| O|  |TAMS 0x0000000624c00000| PB 0x0000000624c00000| Untracked |  0
|  37|0x0000000625000000, 0x0000000625400000, 0x0000000625400000|100%| O|  |TAMS 0x0000000625000000| PB 0x0000000625000000| Untracked |  0
|  38|0x0000000625400000, 0x0000000625800000, 0x0000000625800000|100%| O|  |TAMS 0x0000000625400000| PB 0x0000000625400000| Untracked |  0
|  39|0x0000000625800000, 0x0000000625c00000, 0x0000000625c00000|100%| O|  |TAMS 0x0000000625800000| PB 0x0000000625800000| Untracked |  0
|  40|0x0000000625c00000, 0x0000000626000000, 0x0000000626000000|100%| O|  |TAMS 0x0000000625c00000| PB 0x0000000625c00000| Untracked |  0
|  41|0x0000000626000000, 0x0000000626400000, 0x0000000626400000|100%| O|  |TAMS 0x0000000626000000| PB 0x0000000626000000| Untracked |  0
|  42|0x0000000626400000, 0x0000000626800000, 0x0000000626800000|100%| O|  |TAMS 0x0000000626400000| PB 0x0000000626400000| Untracked |  0
|  43|0x0000000626800000, 0x0000000626c00000, 0x0000000626c00000|100%| O|  |TAMS 0x0000000626800000| PB 0x0000000626800000| Untracked |  0
|  44|0x0000000626c00000, 0x0000000627000000, 0x0000000627000000|100%| O|  |TAMS 0x0000000626c00000| PB 0x0000000626c00000| Untracked |  0
|  45|0x0000000627000000, 0x0000000627400000, 0x0000000627400000|100%| O|  |TAMS 0x0000000627000000| PB 0x0000000627000000| Untracked |  0
|  46|0x0000000627400000, 0x0000000627800000, 0x0000000627800000|100%| O|  |TAMS 0x0000000627400000| PB 0x0000000627400000| Untracked |  0
|  47|0x0000000627800000, 0x0000000627c00000, 0x0000000627c00000|100%| O|  |TAMS 0x0000000627800000| PB 0x0000000627800000| Untracked |  0
|  48|0x0000000627c00000, 0x0000000628000000, 0x0000000628000000|100%| O|  |TAMS 0x0000000627c00000| PB 0x0000000627c00000| Untracked |  0
|  49|0x0000000628000000, 0x0000000628400000, 0x0000000628400000|100%| O|  |TAMS 0x0000000628000000| PB 0x0000000628000000| Untracked |  0
|  50|0x0000000628400000, 0x0000000628800000, 0x0000000628800000|100%| O|  |TAMS 0x0000000628400000| PB 0x0000000628400000| Untracked |  0
|  51|0x0000000628800000, 0x0000000628c00000, 0x0000000628c00000|100%| O|  |TAMS 0x0000000628800000| PB 0x0000000628800000| Untracked |  0
|  52|0x0000000628c00000, 0x0000000629000000, 0x0000000629000000|100%| O|  |TAMS 0x0000000628c00000| PB 0x0000000628c00000| Untracked |  0
|  53|0x0000000629000000, 0x0000000629400000, 0x0000000629400000|100%| O|  |TAMS 0x0000000629000000| PB 0x0000000629000000| Untracked |  0
|  54|0x0000000629400000, 0x0000000629800000, 0x0000000629800000|100%| O|  |TAMS 0x0000000629400000| PB 0x0000000629400000| Untracked |  0
|  55|0x0000000629800000, 0x0000000629c00000, 0x0000000629c00000|100%| O|  |TAMS 0x0000000629800000| PB 0x0000000629800000| Untracked |  0
|  56|0x0000000629c00000, 0x000000062a000000, 0x000000062a000000|100%| O|  |TAMS 0x0000000629c00000| PB 0x0000000629c00000| Untracked |  0
|  57|0x000000062a000000, 0x000000062a400000, 0x000000062a400000|100%| O|  |TAMS 0x000000062a000000| PB 0x000000062a000000| Untracked |  0
|  58|0x000000062a400000, 0x000000062a800000, 0x000000062a800000|100%| O|  |TAMS 0x000000062a400000| PB 0x000000062a400000| Untracked |  0
|  59|0x000000062a800000, 0x000000062ac00000, 0x000000062ac00000|100%| O|  |TAMS 0x000000062a800000| PB 0x000000062a800000| Untracked |  0
|  60|0x000000062ac00000, 0x000000062b000000, 0x000000062b000000|100%| O|  |TAMS 0x000000062ac00000| PB 0x000000062ac00000| Untracked |  0
|  61|0x000000062b000000, 0x000000062b400000, 0x000000062b400000|100%| O|  |TAMS 0x000000062b000000| PB 0x000000062b000000| Untracked |  0
|  62|0x000000062b400000, 0x000000062b800000, 0x000000062b800000|100%| O|  |TAMS 0x000000062b400000| PB 0x000000062b400000| Untracked |  0
|  63|0x000000062b800000, 0x000000062bc00000, 0x000000062bc00000|100%| O|  |TAMS 0x000000062b800000| PB 0x000000062b800000| Untracked |  0
|  64|0x000000062bc00000, 0x000000062c000000, 0x000000062c000000|100%| O|  |TAMS 0x000000062bc00000| PB 0x000000062bc00000| Untracked |  0
|  65|0x000000062c000000, 0x000000062c400000, 0x000000062c400000|100%| O|  |TAMS 0x000000062c000000| PB 0x000000062c000000| Untracked |  0
|  66|0x000000062c400000, 0x000000062c800000, 0x000000062c800000|100%| O|  |TAMS 0x000000062c400000| PB 0x000000062c400000| Untracked |  0
|  67|0x000000062c800000, 0x000000062cc00000, 0x000000062cc00000|100%| O|  |TAMS 0x000000062c800000| PB 0x000000062c800000| Untracked |  0
|  68|0x000000062cc00000, 0x000000062d000000, 0x000000062d000000|100%| O|  |TAMS 0x000000062cc00000| PB 0x000000062cc00000| Untracked |  0
|  69|0x000000062d000000, 0x000000062d000000, 0x000000062d400000|  0%| F|  |TAMS 0x000000062d000000| PB 0x000000062d000000| Untracked |  0
|  70|0x000000062d400000, 0x000000062d800000, 0x000000062d800000|100%| O|  |TAMS 0x000000062d400000| PB 0x000000062d400000| Untracked |  0
|  71|0x000000062d800000, 0x000000062dc00000, 0x000000062dc00000|100%| O|  |TAMS 0x000000062d800000| PB 0x000000062d800000| Untracked |  0
|  72|0x000000062dc00000, 0x000000062e000000, 0x000000062e000000|100%| O|  |TAMS 0x000000062dc00000| PB 0x000000062dc00000| Untracked |  0
|  73|0x000000062e000000, 0x000000062e400000, 0x000000062e400000|100%| O|  |TAMS 0x000000062e000000| PB 0x000000062e000000| Untracked |  0
|  74|0x000000062e400000, 0x000000062e800000, 0x000000062e800000|100%| O|  |TAMS 0x000000062e400000| PB 0x000000062e400000| Untracked |  0
|  75|0x000000062e800000, 0x000000062ec00000, 0x000000062ec00000|100%| O|  |TAMS 0x000000062e800000| PB 0x000000062e800000| Untracked |  0
|  76|0x000000062ec00000, 0x000000062f000000, 0x000000062f000000|100%| O|  |TAMS 0x000000062ec00000| PB 0x000000062ec00000| Untracked |  0
|  77|0x000000062f000000, 0x000000062f400000, 0x000000062f400000|100%| O|  |TAMS 0x000000062f000000| PB 0x000000062f000000| Untracked |  0
|  78|0x000000062f400000, 0x000000062f800000, 0x000000062f800000|100%| O|  |TAMS 0x000000062f400000| PB 0x000000062f400000| Untracked |  0
|  79|0x000000062f800000, 0x000000062fc00000, 0x000000062fc00000|100%| O|  |TAMS 0x000000062f800000| PB 0x000000062f800000| Untracked |  0
|  80|0x000000062fc00000, 0x0000000630000000, 0x0000000630000000|100%| O|  |TAMS 0x000000062fc00000| PB 0x000000062fc00000| Untracked |  0
|  81|0x0000000630000000, 0x0000000630400000, 0x0000000630400000|100%| O|  |TAMS 0x0000000630000000| PB 0x0000000630000000| Untracked |  0
|  82|0x0000000630400000, 0x0000000630800000, 0x0000000630800000|100%| O|  |TAMS 0x0000000630400000| PB 0x0000000630400000| Untracked |  0
|  83|0x0000000630800000, 0x0000000630c00000, 0x0000000630c00000|100%| O|  |TAMS 0x0000000630800000| PB 0x0000000630800000| Untracked |  0
|  84|0x0000000630c00000, 0x0000000631000000, 0x0000000631000000|100%| O|  |TAMS 0x0000000630c00000| PB 0x0000000630c00000| Untracked |  0
|  85|0x0000000631000000, 0x0000000631400000, 0x0000000631400000|100%| O|  |TAMS 0x0000000631000000| PB 0x0000000631000000| Untracked |  0
|  86|0x0000000631400000, 0x0000000631800000, 0x0000000631800000|100%| O|  |TAMS 0x0000000631400000| PB 0x0000000631400000| Untracked |  0
|  87|0x0000000631800000, 0x0000000631c00000, 0x0000000631c00000|100%| O|  |TAMS 0x0000000631800000| PB 0x0000000631800000| Untracked |  0
|  88|0x0000000631c00000, 0x0000000632000000, 0x0000000632000000|100%| O|  |TAMS 0x0000000631c00000| PB 0x0000000631c00000| Untracked |  0
|  89|0x0000000632000000, 0x0000000632400000, 0x0000000632400000|100%| O|  |TAMS 0x0000000632000000| PB 0x0000000632000000| Untracked |  0
|  90|0x0000000632400000, 0x0000000632800000, 0x0000000632800000|100%| O|  |TAMS 0x0000000632400000| PB 0x0000000632400000| Untracked |  0
|  91|0x0000000632800000, 0x0000000632c00000, 0x0000000632c00000|100%| O|  |TAMS 0x0000000632800000| PB 0x0000000632800000| Untracked |  0
|  92|0x0000000632c00000, 0x0000000633000000, 0x0000000633000000|100%| O|  |TAMS 0x0000000632c00000| PB 0x0000000632c00000| Untracked |  0
|  93|0x0000000633000000, 0x0000000633400000, 0x0000000633400000|100%| O|  |TAMS 0x0000000633000000| PB 0x0000000633000000| Untracked |  0
|  94|0x0000000633400000, 0x0000000633800000, 0x0000000633800000|100%| O|  |TAMS 0x0000000633400000| PB 0x0000000633400000| Untracked |  0
|  95|0x0000000633800000, 0x0000000633800000, 0x0000000633c00000|  0%| F|  |TAMS 0x0000000633800000| PB 0x0000000633800000| Untracked |  0
|  96|0x0000000633c00000, 0x0000000634000000, 0x0000000634000000|100%| O|  |TAMS 0x0000000633c00000| PB 0x0000000633c00000| Untracked |  0
|  97|0x0000000634000000, 0x0000000634400000, 0x0000000634400000|100%| O|  |TAMS 0x0000000634000000| PB 0x0000000634000000| Untracked |  0
|  98|0x0000000634400000, 0x0000000634800000, 0x0000000634800000|100%| O|  |TAMS 0x0000000634400000| PB 0x0000000634400000| Untracked |  0
|  99|0x0000000634800000, 0x0000000634c00000, 0x0000000634c00000|100%| O|  |TAMS 0x0000000634800000| PB 0x0000000634800000| Untracked |  0
| 100|0x0000000634c00000, 0x0000000635000000, 0x0000000635000000|100%| O|  |TAMS 0x0000000634c00000| PB 0x0000000634c00000| Untracked |  0
| 101|0x0000000635000000, 0x0000000635400000, 0x0000000635400000|100%| O|  |TAMS 0x0000000635000000| PB 0x0000000635000000| Untracked |  0
| 102|0x0000000635400000, 0x0000000635800000, 0x0000000635800000|100%| O|  |TAMS 0x0000000635400000| PB 0x0000000635400000| Untracked |  0
| 103|0x0000000635800000, 0x0000000635c00000, 0x0000000635c00000|100%| O|  |TAMS 0x0000000635800000| PB 0x0000000635800000| Untracked |  0
| 104|0x0000000635c00000, 0x0000000636000000, 0x0000000636000000|100%| O|  |TAMS 0x0000000635c00000| PB 0x0000000635c00000| Untracked |  0
| 105|0x0000000636000000, 0x0000000636400000, 0x0000000636400000|100%| O|  |TAMS 0x0000000636000000| PB 0x0000000636000000| Untracked |  0
| 106|0x0000000636400000, 0x0000000636800000, 0x0000000636800000|100%| O|  |TAMS 0x0000000636400000| PB 0x0000000636400000| Untracked |  0
| 107|0x0000000636800000, 0x0000000636c00000, 0x0000000636c00000|100%| O|  |TAMS 0x0000000636800000| PB 0x0000000636800000| Untracked |  0
| 108|0x0000000636c00000, 0x0000000637000000, 0x0000000637000000|100%| O|  |TAMS 0x0000000636c00000| PB 0x0000000636c00000| Untracked |  0
| 109|0x0000000637000000, 0x0000000637400000, 0x0000000637400000|100%| O|  |TAMS 0x0000000637000000| PB 0x0000000637000000| Untracked |  0
| 110|0x0000000637400000, 0x0000000637800000, 0x0000000637800000|100%| O|  |TAMS 0x0000000637400000| PB 0x0000000637400000| Untracked |  0
| 111|0x0000000637800000, 0x0000000637c00000, 0x0000000637c00000|100%| O|  |TAMS 0x0000000637800000| PB 0x0000000637800000| Untracked |  0
| 112|0x0000000637c00000, 0x0000000638000000, 0x0000000638000000|100%| O|  |TAMS 0x0000000637c00000| PB 0x0000000637c00000| Untracked |  0
| 113|0x0000000638000000, 0x0000000638400000, 0x0000000638400000|100%| O|  |TAMS 0x0000000638000000| PB 0x0000000638000000| Untracked |  0
| 114|0x0000000638400000, 0x0000000638800000, 0x0000000638800000|100%| O|  |TAMS 0x0000000638400000| PB 0x0000000638400000| Untracked |  0
| 115|0x0000000638800000, 0x0000000638c00000, 0x0000000638c00000|100%| O|  |TAMS 0x0000000638800000| PB 0x0000000638800000| Untracked |  0
| 116|0x0000000638c00000, 0x0000000639000000, 0x0000000639000000|100%| O|  |TAMS 0x0000000638c00000| PB 0x0000000638c00000| Untracked |  0
| 117|0x0000000639000000, 0x0000000639000000, 0x0000000639400000|  0%| F|  |TAMS 0x0000000639000000| PB 0x0000000639000000| Untracked |  0
| 118|0x0000000639400000, 0x0000000639800000, 0x0000000639800000|100%| O|  |TAMS 0x0000000639400000| PB 0x0000000639400000| Untracked |  0
| 119|0x0000000639800000, 0x0000000639c00000, 0x0000000639c00000|100%| O|  |TAMS 0x0000000639800000| PB 0x0000000639800000| Untracked |  0
| 120|0x0000000639c00000, 0x000000063a000000, 0x000000063a000000|100%| O|  |TAMS 0x0000000639c00000| PB 0x0000000639c00000| Untracked |  0
| 121|0x000000063a000000, 0x000000063a400000, 0x000000063a400000|100%| O|  |TAMS 0x000000063a000000| PB 0x000000063a000000| Untracked |  0
| 122|0x000000063a400000, 0x000000063a800000, 0x000000063a800000|100%| O|  |TAMS 0x000000063a400000| PB 0x000000063a400000| Untracked |  0
| 123|0x000000063a800000, 0x000000063ac00000, 0x000000063ac00000|100%| O|  |TAMS 0x000000063a800000| PB 0x000000063a800000| Untracked |  0
| 124|0x000000063ac00000, 0x000000063b000000, 0x000000063b000000|100%| O|  |TAMS 0x000000063ac00000| PB 0x000000063ac00000| Untracked |  0
| 125|0x000000063b000000, 0x000000063b400000, 0x000000063b400000|100%| O|  |TAMS 0x000000063b000000| PB 0x000000063b000000| Untracked |  0
| 126|0x000000063b400000, 0x000000063b800000, 0x000000063b800000|100%| O|  |TAMS 0x000000063b400000| PB 0x000000063b400000| Untracked |  0
| 127|0x000000063b800000, 0x000000063bc00000, 0x000000063bc00000|100%| O|  |TAMS 0x000000063b800000| PB 0x000000063b800000| Untracked |  0
| 128|0x000000063bc00000, 0x000000063c000000, 0x000000063c000000|100%| O|  |TAMS 0x000000063bc00000| PB 0x000000063bc00000| Untracked |  0
| 129|0x000000063c000000, 0x000000063c000000, 0x000000063c400000|  0%| F|  |TAMS 0x000000063c000000| PB 0x000000063c000000| Untracked |  0
| 130|0x000000063c400000, 0x000000063c800000, 0x000000063c800000|100%| O|  |TAMS 0x000000063c400000| PB 0x000000063c400000| Untracked |  0
| 131|0x000000063c800000, 0x000000063cc00000, 0x000000063cc00000|100%| O|  |TAMS 0x000000063c800000| PB 0x000000063c800000| Untracked |  0
| 132|0x000000063cc00000, 0x000000063d000000, 0x000000063d000000|100%| O|  |TAMS 0x000000063cc00000| PB 0x000000063cc00000| Untracked |  0
| 133|0x000000063d000000, 0x000000063d400000, 0x000000063d400000|100%| O|  |TAMS 0x000000063d000000| PB 0x000000063d000000| Untracked |  0
| 134|0x000000063d400000, 0x000000063d800000, 0x000000063d800000|100%| O|  |TAMS 0x000000063d400000| PB 0x000000063d400000| Untracked |  0
| 135|0x000000063d800000, 0x000000063dc00000, 0x000000063dc00000|100%| O|  |TAMS 0x000000063d800000| PB 0x000000063d800000| Untracked |  0
| 136|0x000000063dc00000, 0x000000063e000000, 0x000000063e000000|100%| O|  |TAMS 0x000000063dc00000| PB 0x000000063dc00000| Untracked |  0
| 137|0x000000063e000000, 0x000000063e400000, 0x000000063e400000|100%| O|  |TAMS 0x000000063e000000| PB 0x000000063e000000| Untracked |  0
| 138|0x000000063e400000, 0x000000063e800000, 0x000000063e800000|100%| O|  |TAMS 0x000000063e400000| PB 0x000000063e400000| Untracked |  0
| 139|0x000000063e800000, 0x000000063ec00000, 0x000000063ec00000|100%| O|  |TAMS 0x000000063e800000| PB 0x000000063e800000| Untracked |  0
| 140|0x000000063ec00000, 0x000000063f000000, 0x000000063f000000|100%| O|  |TAMS 0x000000063ec00000| PB 0x000000063ec00000| Untracked |  0
| 141|0x000000063f000000, 0x000000063f400000, 0x000000063f400000|100%| O|  |TAMS 0x000000063f000000| PB 0x000000063f000000| Untracked |  0
| 142|0x000000063f400000, 0x000000063f800000, 0x000000063f800000|100%| O|  |TAMS 0x000000063f400000| PB 0x000000063f400000| Untracked |  0
| 143|0x000000063f800000, 0x000000063fc00000, 0x000000063fc00000|100%| O|  |TAMS 0x000000063f800000| PB 0x000000063f800000| Untracked |  0
| 144|0x000000063fc00000, 0x0000000640000000, 0x0000000640000000|100%| O|  |TAMS 0x000000063fc00000| PB 0x000000063fc00000| Untracked |  0
| 145|0x0000000640000000, 0x0000000640400000, 0x0000000640400000|100%| O|  |TAMS 0x0000000640000000| PB 0x0000000640000000| Untracked |  0
| 146|0x0000000640400000, 0x0000000640800000, 0x0000000640800000|100%| O|  |TAMS 0x0000000640400000| PB 0x0000000640400000| Untracked |  0
| 147|0x0000000640800000, 0x0000000640c00000, 0x0000000640c00000|100%| O|  |TAMS 0x0000000640800000| PB 0x0000000640800000| Untracked |  0
| 148|0x0000000640c00000, 0x0000000641000000, 0x0000000641000000|100%| O|  |TAMS 0x0000000640c00000| PB 0x0000000640c00000| Untracked |  0
| 149|0x0000000641000000, 0x0000000641400000, 0x0000000641400000|100%| O|  |TAMS 0x0000000641000000| PB 0x0000000641000000| Untracked |  0
| 150|0x0000000641400000, 0x0000000641800000, 0x0000000641800000|100%| O|  |TAMS 0x0000000641400000| PB 0x0000000641400000| Untracked |  0
| 151|0x0000000641800000, 0x0000000641c00000, 0x0000000641c00000|100%| O|  |TAMS 0x0000000641800000| PB 0x0000000641800000| Untracked |  0
| 152|0x0000000641c00000, 0x0000000642000000, 0x0000000642000000|100%| O|  |TAMS 0x0000000641c00000| PB 0x0000000641c00000| Untracked |  0
| 153|0x0000000642000000, 0x0000000642400000, 0x0000000642400000|100%| O|  |TAMS 0x0000000642000000| PB 0x0000000642000000| Untracked |  0
| 154|0x0000000642400000, 0x0000000642800000, 0x0000000642800000|100%| O|  |TAMS 0x0000000642400000| PB 0x0000000642400000| Untracked |  0
| 155|0x0000000642800000, 0x0000000642c00000, 0x0000000642c00000|100%| O|  |TAMS 0x0000000642800000| PB 0x0000000642800000| Untracked |  0
| 156|0x0000000642c00000, 0x0000000643000000, 0x0000000643000000|100%| O|  |TAMS 0x0000000642c00000| PB 0x0000000642c00000| Untracked |  0
| 157|0x0000000643000000, 0x0000000643400000, 0x0000000643400000|100%| O|  |TAMS 0x0000000643000000| PB 0x0000000643000000| Untracked |  0
| 158|0x0000000643400000, 0x0000000643800000, 0x0000000643800000|100%| O|  |TAMS 0x0000000643400000| PB 0x0000000643400000| Untracked |  0
| 159|0x0000000643800000, 0x0000000643c00000, 0x0000000643c00000|100%| O|  |TAMS 0x0000000643800000| PB 0x0000000643800000| Untracked |  0
| 160|0x0000000643c00000, 0x0000000644000000, 0x0000000644000000|100%| O|  |TAMS 0x0000000643c00000| PB 0x0000000643c00000| Untracked |  0
| 161|0x0000000644000000, 0x0000000644400000, 0x0000000644400000|100%| O|  |TAMS 0x0000000644000000| PB 0x0000000644000000| Untracked |  0
| 162|0x0000000644400000, 0x0000000644800000, 0x0000000644800000|100%| O|  |TAMS 0x0000000644400000| PB 0x0000000644400000| Untracked |  0
| 163|0x0000000644800000, 0x0000000644c00000, 0x0000000644c00000|100%| O|  |TAMS 0x0000000644800000| PB 0x0000000644800000| Untracked |  0
| 164|0x0000000644c00000, 0x0000000644c00000, 0x0000000645000000|  0%| F|  |TAMS 0x0000000644c00000| PB 0x0000000644c00000| Untracked |  0
| 165|0x0000000645000000, 0x0000000645400000, 0x0000000645400000|100%| O|  |TAMS 0x0000000645000000| PB 0x0000000645000000| Untracked |  0
| 166|0x0000000645400000, 0x0000000645800000, 0x0000000645800000|100%| O|  |TAMS 0x0000000645400000| PB 0x0000000645400000| Untracked |  0
| 167|0x0000000645800000, 0x0000000645c00000, 0x0000000645c00000|100%| O|  |TAMS 0x0000000645800000| PB 0x0000000645800000| Untracked |  0
| 168|0x0000000645c00000, 0x0000000646000000, 0x0000000646000000|100%| O|  |TAMS 0x0000000645c00000| PB 0x0000000645c00000| Untracked |  0
| 169|0x0000000646000000, 0x0000000646000000, 0x0000000646400000|  0%| F|  |TAMS 0x0000000646000000| PB 0x0000000646000000| Untracked |  0
| 170|0x0000000646400000, 0x0000000646400000, 0x0000000646800000|  0%| F|  |TAMS 0x0000000646400000| PB 0x0000000646400000| Untracked |  0
| 171|0x0000000646800000, 0x0000000646800000, 0x0000000646c00000|  0%| F|  |TAMS 0x0000000646800000| PB 0x0000000646800000| Untracked |  0
| 172|0x0000000646c00000, 0x0000000646c00000, 0x0000000647000000|  0%| F|  |TAMS 0x0000000646c00000| PB 0x0000000646c00000| Untracked |  0
| 173|0x0000000647000000, 0x0000000647000000, 0x0000000647400000|  0%| F|  |TAMS 0x0000000647000000| PB 0x0000000647000000| Untracked |  0
| 174|0x0000000647400000, 0x0000000647400000, 0x0000000647800000|  0%| F|  |TAMS 0x0000000647400000| PB 0x0000000647400000| Untracked |  0
| 175|0x0000000647800000, 0x0000000647800000, 0x0000000647c00000|  0%| F|  |TAMS 0x0000000647800000| PB 0x0000000647800000| Untracked |  0
| 176|0x0000000647c00000, 0x0000000647c00000, 0x0000000648000000|  0%| F|  |TAMS 0x0000000647c00000| PB 0x0000000647c00000| Untracked |  0
| 177|0x0000000648000000, 0x0000000648000000, 0x0000000648400000|  0%| F|  |TAMS 0x0000000648000000| PB 0x0000000648000000| Untracked |  0
| 178|0x0000000648400000, 0x0000000648400000, 0x0000000648800000|  0%| F|  |TAMS 0x0000000648400000| PB 0x0000000648400000| Untracked |  0
| 179|0x0000000648800000, 0x0000000648800000, 0x0000000648c00000|  0%| F|  |TAMS 0x0000000648800000| PB 0x0000000648800000| Untracked |  0
| 180|0x0000000648c00000, 0x0000000648c00000, 0x0000000649000000|  0%| F|  |TAMS 0x0000000648c00000| PB 0x0000000648c00000| Untracked |  0
| 181|0x0000000649000000, 0x0000000649000000, 0x0000000649400000|  0%| F|  |TAMS 0x0000000649000000| PB 0x0000000649000000| Untracked |  0
| 182|0x0000000649400000, 0x0000000649400000, 0x0000000649800000|  0%| F|  |TAMS 0x0000000649400000| PB 0x0000000649400000| Untracked |  0
| 183|0x0000000649800000, 0x0000000649800000, 0x0000000649c00000|  0%| F|  |TAMS 0x0000000649800000| PB 0x0000000649800000| Untracked |  0
| 184|0x0000000649c00000, 0x0000000649c00000, 0x000000064a000000|  0%| F|  |TAMS 0x0000000649c00000| PB 0x0000000649c00000| Untracked |  0
| 185|0x000000064a000000, 0x000000064a000000, 0x000000064a400000|  0%| F|  |TAMS 0x000000064a000000| PB 0x000000064a000000| Untracked |  0
| 186|0x000000064a400000, 0x000000064a7e9b80, 0x000000064a800000| 97%| S|CS|TAMS 0x000000064a400000| PB 0x000000064a400000| Complete |  0
| 187|0x000000064a800000, 0x000000064ac00000, 0x000000064ac00000|100%| S|CS|TAMS 0x000000064a800000| PB 0x000000064a800000| Complete |  0
| 188|0x000000064ac00000, 0x000000064b000000, 0x000000064b000000|100%| S|CS|TAMS 0x000000064ac00000| PB 0x000000064ac00000| Complete |  0
| 189|0x000000064b000000, 0x000000064b400000, 0x000000064b400000|100%| S|CS|TAMS 0x000000064b000000| PB 0x000000064b000000| Complete |  0
| 190|0x000000064b400000, 0x000000064b800000, 0x000000064b800000|100%| S|CS|TAMS 0x000000064b400000| PB 0x000000064b400000| Complete |  0
| 191|0x000000064b800000, 0x000000064bc00000, 0x000000064bc00000|100%| S|CS|TAMS 0x000000064b800000| PB 0x000000064b800000| Complete |  0
| 192|0x000000064bc00000, 0x000000064bc00000, 0x000000064c000000|  0%| F|  |TAMS 0x000000064bc00000| PB 0x000000064bc00000| Untracked |  0
| 193|0x000000064c000000, 0x000000064c000000, 0x000000064c400000|  0%| F|  |TAMS 0x000000064c000000| PB 0x000000064c000000| Untracked |  0
| 194|0x000000064c400000, 0x000000064c400000, 0x000000064c800000|  0%| F|  |TAMS 0x000000064c400000| PB 0x000000064c400000| Untracked |  0
| 195|0x000000064c800000, 0x000000064cc00000, 0x000000064cc00000|100%| S|CS|TAMS 0x000000064c800000| PB 0x000000064c800000| Complete |  0
| 196|0x000000064cc00000, 0x000000064cc00000, 0x000000064d000000|  0%| F|  |TAMS 0x000000064cc00000| PB 0x000000064cc00000| Untracked |  0
| 197|0x000000064d000000, 0x000000064d000000, 0x000000064d400000|  0%| F|  |TAMS 0x000000064d000000| PB 0x000000064d000000| Untracked |  0
| 198|0x000000064d400000, 0x000000064d400000, 0x000000064d800000|  0%| F|  |TAMS 0x000000064d400000| PB 0x000000064d400000| Untracked |  0
| 199|0x000000064d800000, 0x000000064d800000, 0x000000064dc00000|  0%| F|  |TAMS 0x000000064d800000| PB 0x000000064d800000| Untracked |  0
| 200|0x000000064dc00000, 0x000000064dc00000, 0x000000064e000000|  0%| F|  |TAMS 0x000000064dc00000| PB 0x000000064dc00000| Untracked |  0
| 201|0x000000064e000000, 0x000000064e000000, 0x000000064e400000|  0%| F|  |TAMS 0x000000064e000000| PB 0x000000064e000000| Untracked |  0
| 202|0x000000064e400000, 0x000000064e400000, 0x000000064e800000|  0%| F|  |TAMS 0x000000064e400000| PB 0x000000064e400000| Untracked |  0
| 203|0x000000064e800000, 0x000000064e800000, 0x000000064ec00000|  0%| F|  |TAMS 0x000000064e800000| PB 0x000000064e800000| Untracked |  0
| 204|0x000000064ec00000, 0x000000064ec00000, 0x000000064f000000|  0%| F|  |TAMS 0x000000064ec00000| PB 0x000000064ec00000| Untracked |  0
| 205|0x000000064f000000, 0x000000064f000000, 0x000000064f400000|  0%| F|  |TAMS 0x000000064f000000| PB 0x000000064f000000| Untracked |  0
| 206|0x000000064f400000, 0x000000064f400000, 0x000000064f800000|  0%| F|  |TAMS 0x000000064f400000| PB 0x000000064f400000| Untracked |  0
| 207|0x000000064f800000, 0x000000064f800000, 0x000000064fc00000|  0%| F|  |TAMS 0x000000064f800000| PB 0x000000064f800000| Untracked |  0
| 208|0x000000064fc00000, 0x000000064fc00000, 0x0000000650000000|  0%| F|  |TAMS 0x000000064fc00000| PB 0x000000064fc00000| Untracked |  0
| 209|0x0000000650000000, 0x0000000650000000, 0x0000000650400000|  0%| F|  |TAMS 0x0000000650000000| PB 0x0000000650000000| Untracked |  0
| 210|0x0000000650400000, 0x0000000650400000, 0x0000000650800000|  0%| F|  |TAMS 0x0000000650400000| PB 0x0000000650400000| Untracked |  0
| 211|0x0000000650800000, 0x0000000650800000, 0x0000000650c00000|  0%| F|  |TAMS 0x0000000650800000| PB 0x0000000650800000| Untracked |  0
| 212|0x0000000650c00000, 0x0000000650c00000, 0x0000000651000000|  0%| F|  |TAMS 0x0000000650c00000| PB 0x0000000650c00000| Untracked |  0
| 213|0x0000000651000000, 0x0000000651000000, 0x0000000651400000|  0%| F|  |TAMS 0x0000000651000000| PB 0x0000000651000000| Untracked |  0
| 214|0x0000000651400000, 0x0000000651400000, 0x0000000651800000|  0%| F|  |TAMS 0x0000000651400000| PB 0x0000000651400000| Untracked |  0
| 215|0x0000000651800000, 0x0000000651800000, 0x0000000651c00000|  0%| F|  |TAMS 0x0000000651800000| PB 0x0000000651800000| Untracked |  0
| 216|0x0000000651c00000, 0x0000000651c00000, 0x0000000652000000|  0%| F|  |TAMS 0x0000000651c00000| PB 0x0000000651c00000| Untracked |  0
| 217|0x0000000652000000, 0x0000000652000000, 0x0000000652400000|  0%| F|  |TAMS 0x0000000652000000| PB 0x0000000652000000| Untracked |  0
| 218|0x0000000652400000, 0x0000000652400000, 0x0000000652800000|  0%| F|  |TAMS 0x0000000652400000| PB 0x0000000652400000| Untracked |  0
| 219|0x0000000652800000, 0x0000000652800000, 0x0000000652c00000|  0%| F|  |TAMS 0x0000000652800000| PB 0x0000000652800000| Untracked |  0
| 220|0x0000000652c00000, 0x0000000652c00000, 0x0000000653000000|  0%| F|  |TAMS 0x0000000652c00000| PB 0x0000000652c00000| Untracked |  0
| 221|0x0000000653000000, 0x0000000653000000, 0x0000000653400000|  0%| F|  |TAMS 0x0000000653000000| PB 0x0000000653000000| Untracked |  0
| 222|0x0000000653400000, 0x0000000653400000, 0x0000000653800000|  0%| F|  |TAMS 0x0000000653400000| PB 0x0000000653400000| Untracked |  0
| 223|0x0000000653800000, 0x0000000653800000, 0x0000000653c00000|  0%| F|  |TAMS 0x0000000653800000| PB 0x0000000653800000| Untracked |  0
| 224|0x0000000653c00000, 0x0000000653c00000, 0x0000000654000000|  0%| F|  |TAMS 0x0000000653c00000| PB 0x0000000653c00000| Untracked |  0
| 225|0x0000000654000000, 0x0000000654000000, 0x0000000654400000|  0%| F|  |TAMS 0x0000000654000000| PB 0x0000000654000000| Untracked |  0
| 226|0x0000000654400000, 0x0000000654400000, 0x0000000654800000|  0%| F|  |TAMS 0x0000000654400000| PB 0x0000000654400000| Untracked |  0
| 227|0x0000000654800000, 0x0000000654800000, 0x0000000654c00000|  0%| F|  |TAMS 0x0000000654800000| PB 0x0000000654800000| Untracked |  0
| 228|0x0000000654c00000, 0x0000000654c00000, 0x0000000655000000|  0%| F|  |TAMS 0x0000000654c00000| PB 0x0000000654c00000| Untracked |  0
| 229|0x0000000655000000, 0x0000000655000000, 0x0000000655400000|  0%| F|  |TAMS 0x0000000655000000| PB 0x0000000655000000| Untracked |  0
| 230|0x0000000655400000, 0x0000000655400000, 0x0000000655800000|  0%| F|  |TAMS 0x0000000655400000| PB 0x0000000655400000| Untracked |  0
| 231|0x0000000655800000, 0x0000000655800000, 0x0000000655c00000|  0%| F|  |TAMS 0x0000000655800000| PB 0x0000000655800000| Untracked |  0
| 232|0x0000000655c00000, 0x0000000655c00000, 0x0000000656000000|  0%| F|  |TAMS 0x0000000655c00000| PB 0x0000000655c00000| Untracked |  0
| 233|0x0000000656000000, 0x0000000656000000, 0x0000000656400000|  0%| F|  |TAMS 0x0000000656000000| PB 0x0000000656000000| Untracked |  0
| 234|0x0000000656400000, 0x0000000656400000, 0x0000000656800000|  0%| F|  |TAMS 0x0000000656400000| PB 0x0000000656400000| Untracked |  0
| 235|0x0000000656800000, 0x0000000656800000, 0x0000000656c00000|  0%| F|  |TAMS 0x0000000656800000| PB 0x0000000656800000| Untracked |  0
| 236|0x0000000656c00000, 0x0000000656c00000, 0x0000000657000000|  0%| F|  |TAMS 0x0000000656c00000| PB 0x0000000656c00000| Untracked |  0
| 237|0x0000000657000000, 0x0000000657000000, 0x0000000657400000|  0%| F|  |TAMS 0x0000000657000000| PB 0x0000000657000000| Untracked |  0
| 238|0x0000000657400000, 0x0000000657400000, 0x0000000657800000|  0%| F|  |TAMS 0x0000000657400000| PB 0x0000000657400000| Untracked |  0
| 239|0x0000000657800000, 0x0000000657800000, 0x0000000657c00000|  0%| F|  |TAMS 0x0000000657800000| PB 0x0000000657800000| Untracked |  0
| 240|0x0000000657c00000, 0x0000000657c00000, 0x0000000658000000|  0%| F|  |TAMS 0x0000000657c00000| PB 0x0000000657c00000| Untracked |  0
| 241|0x0000000658000000, 0x0000000658000000, 0x0000000658400000|  0%| F|  |TAMS 0x0000000658000000| PB 0x0000000658000000| Untracked |  0
| 242|0x0000000658400000, 0x0000000658400000, 0x0000000658800000|  0%| F|  |TAMS 0x0000000658400000| PB 0x0000000658400000| Untracked |  0
| 243|0x0000000658800000, 0x0000000658800000, 0x0000000658c00000|  0%| F|  |TAMS 0x0000000658800000| PB 0x0000000658800000| Untracked |  0
| 244|0x0000000658c00000, 0x0000000658c00000, 0x0000000659000000|  0%| F|  |TAMS 0x0000000658c00000| PB 0x0000000658c00000| Untracked |  0
| 245|0x0000000659000000, 0x0000000659000000, 0x0000000659400000|  0%| F|  |TAMS 0x0000000659000000| PB 0x0000000659000000| Untracked |  0
| 246|0x0000000659400000, 0x0000000659400000, 0x0000000659800000|  0%| F|  |TAMS 0x0000000659400000| PB 0x0000000659400000| Untracked |  0
| 247|0x0000000659800000, 0x0000000659800000, 0x0000000659c00000|  0%| F|  |TAMS 0x0000000659800000| PB 0x0000000659800000| Untracked |  0
| 248|0x0000000659c00000, 0x0000000659c00000, 0x000000065a000000|  0%| F|  |TAMS 0x0000000659c00000| PB 0x0000000659c00000| Untracked |  0
| 249|0x000000065a000000, 0x000000065a000000, 0x000000065a400000|  0%| F|  |TAMS 0x000000065a000000| PB 0x000000065a000000| Untracked |  0
| 250|0x000000065a400000, 0x000000065a400000, 0x000000065a800000|  0%| F|  |TAMS 0x000000065a400000| PB 0x000000065a400000| Untracked |  0
| 251|0x000000065a800000, 0x000000065a800000, 0x000000065ac00000|  0%| F|  |TAMS 0x000000065a800000| PB 0x000000065a800000| Untracked |  0
| 252|0x000000065ac00000, 0x000000065ac00000, 0x000000065b000000|  0%| F|  |TAMS 0x000000065ac00000| PB 0x000000065ac00000| Untracked |  0
| 253|0x000000065b000000, 0x000000065b000000, 0x000000065b400000|  0%| F|  |TAMS 0x000000065b000000| PB 0x000000065b000000| Untracked |  0
| 254|0x000000065b400000, 0x000000065b400000, 0x000000065b800000|  0%| F|  |TAMS 0x000000065b400000| PB 0x000000065b400000| Untracked |  0
| 255|0x000000065b800000, 0x000000065b800000, 0x000000065bc00000|  0%| F|  |TAMS 0x000000065b800000| PB 0x000000065b800000| Untracked |  0
| 256|0x000000065bc00000, 0x000000065bc00000, 0x000000065c000000|  0%| F|  |TAMS 0x000000065bc00000| PB 0x000000065bc00000| Untracked |  0
| 257|0x000000065c000000, 0x000000065c000000, 0x000000065c400000|  0%| F|  |TAMS 0x000000065c000000| PB 0x000000065c000000| Untracked |  0
| 258|0x000000065c400000, 0x000000065c400000, 0x000000065c800000|  0%| F|  |TAMS 0x000000065c400000| PB 0x000000065c400000| Untracked |  0
| 259|0x000000065c800000, 0x000000065c800000, 0x000000065cc00000|  0%| F|  |TAMS 0x000000065c800000| PB 0x000000065c800000| Untracked |  0
| 260|0x000000065cc00000, 0x000000065cc00000, 0x000000065d000000|  0%| F|  |TAMS 0x000000065cc00000| PB 0x000000065cc00000| Untracked |  0
| 261|0x000000065d000000, 0x000000065d000000, 0x000000065d400000|  0%| F|  |TAMS 0x000000065d000000| PB 0x000000065d000000| Untracked |  0
| 262|0x000000065d400000, 0x000000065d400000, 0x000000065d800000|  0%| F|  |TAMS 0x000000065d400000| PB 0x000000065d400000| Untracked |  0
| 263|0x000000065d800000, 0x000000065d800000, 0x000000065dc00000|  0%| F|  |TAMS 0x000000065d800000| PB 0x000000065d800000| Untracked |  0
| 264|0x000000065dc00000, 0x000000065dc00000, 0x000000065e000000|  0%| F|  |TAMS 0x000000065dc00000| PB 0x000000065dc00000| Untracked |  0
| 265|0x000000065e000000, 0x000000065e000000, 0x000000065e400000|  0%| F|  |TAMS 0x000000065e000000| PB 0x000000065e000000| Untracked |  0
| 266|0x000000065e400000, 0x000000065e400000, 0x000000065e800000|  0%| F|  |TAMS 0x000000065e400000| PB 0x000000065e400000| Untracked |  0
| 267|0x000000065e800000, 0x000000065e800000, 0x000000065ec00000|  0%| F|  |TAMS 0x000000065e800000| PB 0x000000065e800000| Untracked |  0
| 268|0x000000065ec00000, 0x000000065ec00000, 0x000000065f000000|  0%| F|  |TAMS 0x000000065ec00000| PB 0x000000065ec00000| Untracked |  0
| 269|0x000000065f000000, 0x000000065f000000, 0x000000065f400000|  0%| F|  |TAMS 0x000000065f000000| PB 0x000000065f000000| Untracked |  0
| 270|0x000000065f400000, 0x000000065f400000, 0x000000065f800000|  0%| F|  |TAMS 0x000000065f400000| PB 0x000000065f400000| Untracked |  0
| 271|0x000000065f800000, 0x000000065f800000, 0x000000065fc00000|  0%| F|  |TAMS 0x000000065f800000| PB 0x000000065f800000| Untracked |  0
| 272|0x000000065fc00000, 0x000000065fc00000, 0x0000000660000000|  0%| F|  |TAMS 0x000000065fc00000| PB 0x000000065fc00000| Untracked |  0
| 273|0x0000000660000000, 0x0000000660000000, 0x0000000660400000|  0%| F|  |TAMS 0x0000000660000000| PB 0x0000000660000000| Untracked |  0
| 274|0x0000000660400000, 0x0000000660400000, 0x0000000660800000|  0%| F|  |TAMS 0x0000000660400000| PB 0x0000000660400000| Untracked |  0
| 275|0x0000000660800000, 0x0000000660800000, 0x0000000660c00000|  0%| F|  |TAMS 0x0000000660800000| PB 0x0000000660800000| Untracked |  0
| 276|0x0000000660c00000, 0x0000000660c00000, 0x0000000661000000|  0%| F|  |TAMS 0x0000000660c00000| PB 0x0000000660c00000| Untracked |  0
| 277|0x0000000661000000, 0x0000000661000000, 0x0000000661400000|  0%| F|  |TAMS 0x0000000661000000| PB 0x0000000661000000| Untracked |  0
| 278|0x0000000661400000, 0x0000000661400000, 0x0000000661800000|  0%| F|  |TAMS 0x0000000661400000| PB 0x0000000661400000| Untracked |  0
| 279|0x0000000661800000, 0x0000000661800000, 0x0000000661c00000|  0%| F|  |TAMS 0x0000000661800000| PB 0x0000000661800000| Untracked |  0
| 280|0x0000000661c00000, 0x0000000661c00000, 0x0000000662000000|  0%| F|  |TAMS 0x0000000661c00000| PB 0x0000000661c00000| Untracked |  0
| 281|0x0000000662000000, 0x0000000662000000, 0x0000000662400000|  0%| F|  |TAMS 0x0000000662000000| PB 0x0000000662000000| Untracked |  0
| 282|0x0000000662400000, 0x0000000662400000, 0x0000000662800000|  0%| F|  |TAMS 0x0000000662400000| PB 0x0000000662400000| Untracked |  0
| 283|0x0000000662800000, 0x0000000662800000, 0x0000000662c00000|  0%| F|  |TAMS 0x0000000662800000| PB 0x0000000662800000| Untracked |  0
| 284|0x0000000662c00000, 0x0000000662c00000, 0x0000000663000000|  0%| F|  |TAMS 0x0000000662c00000| PB 0x0000000662c00000| Untracked |  0
| 285|0x0000000663000000, 0x0000000663000000, 0x0000000663400000|  0%| F|  |TAMS 0x0000000663000000| PB 0x0000000663000000| Untracked |  0
| 286|0x0000000663400000, 0x0000000663400000, 0x0000000663800000|  0%| F|  |TAMS 0x0000000663400000| PB 0x0000000663400000| Untracked |  0
| 287|0x0000000663800000, 0x0000000663800000, 0x0000000663c00000|  0%| F|  |TAMS 0x0000000663800000| PB 0x0000000663800000| Untracked |  0
| 288|0x0000000663c00000, 0x0000000663c00000, 0x0000000664000000|  0%| F|  |TAMS 0x0000000663c00000| PB 0x0000000663c00000| Untracked |  0
| 289|0x0000000664000000, 0x0000000664000000, 0x0000000664400000|  0%| F|  |TAMS 0x0000000664000000| PB 0x0000000664000000| Untracked |  0
| 290|0x0000000664400000, 0x0000000664400000, 0x0000000664800000|  0%| F|  |TAMS 0x0000000664400000| PB 0x0000000664400000| Untracked |  0
| 291|0x0000000664800000, 0x0000000664800000, 0x0000000664c00000|  0%| F|  |TAMS 0x0000000664800000| PB 0x0000000664800000| Untracked |  0
| 292|0x0000000664c00000, 0x0000000664c00000, 0x0000000665000000|  0%| F|  |TAMS 0x0000000664c00000| PB 0x0000000664c00000| Untracked |  0
| 293|0x0000000665000000, 0x0000000665000000, 0x0000000665400000|  0%| F|  |TAMS 0x0000000665000000| PB 0x0000000665000000| Untracked |  0
| 294|0x0000000665400000, 0x0000000665400000, 0x0000000665800000|  0%| F|  |TAMS 0x0000000665400000| PB 0x0000000665400000| Untracked |  0
| 295|0x0000000665800000, 0x0000000665800000, 0x0000000665c00000|  0%| F|  |TAMS 0x0000000665800000| PB 0x0000000665800000| Untracked |  0
| 296|0x0000000665c00000, 0x0000000665c00000, 0x0000000666000000|  0%| F|  |TAMS 0x0000000665c00000| PB 0x0000000665c00000| Untracked |  0
| 297|0x0000000666000000, 0x0000000666000000, 0x0000000666400000|  0%| F|  |TAMS 0x0000000666000000| PB 0x0000000666000000| Untracked |  0
| 298|0x0000000666400000, 0x0000000666400000, 0x0000000666800000|  0%| F|  |TAMS 0x0000000666400000| PB 0x0000000666400000| Untracked |  0
| 299|0x0000000666800000, 0x0000000666800000, 0x0000000666c00000|  0%| F|  |TAMS 0x0000000666800000| PB 0x0000000666800000| Untracked |  0
| 300|0x0000000666c00000, 0x0000000666c00000, 0x0000000667000000|  0%| F|  |TAMS 0x0000000666c00000| PB 0x0000000666c00000| Untracked |  0
| 301|0x0000000667000000, 0x0000000667000000, 0x0000000667400000|  0%| F|  |TAMS 0x0000000667000000| PB 0x0000000667000000| Untracked |  0
| 302|0x0000000667400000, 0x0000000667400000, 0x0000000667800000|  0%| F|  |TAMS 0x0000000667400000| PB 0x0000000667400000| Untracked |  0
| 303|0x0000000667800000, 0x0000000667800000, 0x0000000667c00000|  0%| F|  |TAMS 0x0000000667800000| PB 0x0000000667800000| Untracked |  0
| 304|0x0000000667c00000, 0x0000000667c00000, 0x0000000668000000|  0%| F|  |TAMS 0x0000000667c00000| PB 0x0000000667c00000| Untracked |  0
| 305|0x0000000668000000, 0x0000000668000000, 0x0000000668400000|  0%| F|  |TAMS 0x0000000668000000| PB 0x0000000668000000| Untracked |  0
| 306|0x0000000668400000, 0x0000000668400000, 0x0000000668800000|  0%| F|  |TAMS 0x0000000668400000| PB 0x0000000668400000| Untracked |  0
| 307|0x0000000668800000, 0x0000000668800000, 0x0000000668c00000|  0%| F|  |TAMS 0x0000000668800000| PB 0x0000000668800000| Untracked |  0
| 308|0x0000000668c00000, 0x0000000668c00000, 0x0000000669000000|  0%| F|  |TAMS 0x0000000668c00000| PB 0x0000000668c00000| Untracked |  0
| 309|0x0000000669000000, 0x0000000669000000, 0x0000000669400000|  0%| F|  |TAMS 0x0000000669000000| PB 0x0000000669000000| Untracked |  0
| 310|0x0000000669400000, 0x0000000669400000, 0x0000000669800000|  0%| F|  |TAMS 0x0000000669400000| PB 0x0000000669400000| Untracked |  0
| 311|0x0000000669800000, 0x0000000669800000, 0x0000000669c00000|  0%| F|  |TAMS 0x0000000669800000| PB 0x0000000669800000| Untracked |  0
| 312|0x0000000669c00000, 0x0000000669c00000, 0x000000066a000000|  0%| F|  |TAMS 0x0000000669c00000| PB 0x0000000669c00000| Untracked |  0
| 313|0x000000066a000000, 0x000000066a000000, 0x000000066a400000|  0%| F|  |TAMS 0x000000066a000000| PB 0x000000066a000000| Untracked |  0
| 314|0x000000066a400000, 0x000000066a400000, 0x000000066a800000|  0%| F|  |TAMS 0x000000066a400000| PB 0x000000066a400000| Untracked |  0
| 315|0x000000066a800000, 0x000000066a800000, 0x000000066ac00000|  0%| F|  |TAMS 0x000000066a800000| PB 0x000000066a800000| Untracked |  0
| 316|0x000000066ac00000, 0x000000066ac00000, 0x000000066b000000|  0%| F|  |TAMS 0x000000066ac00000| PB 0x000000066ac00000| Untracked |  0
| 317|0x000000066b000000, 0x000000066b000000, 0x000000066b400000|  0%| F|  |TAMS 0x000000066b000000| PB 0x000000066b000000| Untracked |  0
| 318|0x000000066b400000, 0x000000066b400000, 0x000000066b800000|  0%| F|  |TAMS 0x000000066b400000| PB 0x000000066b400000| Untracked |  0
| 319|0x000000066b800000, 0x000000066b800000, 0x000000066bc00000|  0%| F|  |TAMS 0x000000066b800000| PB 0x000000066b800000| Untracked |  0
| 320|0x000000066bc00000, 0x000000066bc00000, 0x000000066c000000|  0%| F|  |TAMS 0x000000066bc00000| PB 0x000000066bc00000| Untracked |  0
| 321|0x000000066c000000, 0x000000066c000000, 0x000000066c400000|  0%| F|  |TAMS 0x000000066c000000| PB 0x000000066c000000| Untracked |  0
| 322|0x000000066c400000, 0x000000066c400000, 0x000000066c800000|  0%| F|  |TAMS 0x000000066c400000| PB 0x000000066c400000| Untracked |  0
| 323|0x000000066c800000, 0x000000066c800000, 0x000000066cc00000|  0%| F|  |TAMS 0x000000066c800000| PB 0x000000066c800000| Untracked |  0
| 324|0x000000066cc00000, 0x000000066cc00000, 0x000000066d000000|  0%| F|  |TAMS 0x000000066cc00000| PB 0x000000066cc00000| Untracked |  0
| 325|0x000000066d000000, 0x000000066d000000, 0x000000066d400000|  0%| F|  |TAMS 0x000000066d000000| PB 0x000000066d000000| Untracked |  0
| 326|0x000000066d400000, 0x000000066d400000, 0x000000066d800000|  0%| F|  |TAMS 0x000000066d400000| PB 0x000000066d400000| Untracked |  0
| 327|0x000000066d800000, 0x000000066d800000, 0x000000066dc00000|  0%| F|  |TAMS 0x000000066d800000| PB 0x000000066d800000| Untracked |  0
| 328|0x000000066dc00000, 0x000000066df8df10, 0x000000066e000000| 88%| E|  |TAMS 0x000000066dc00000| PB 0x000000066dc00000| Complete |  0
| 329|0x000000066e000000, 0x000000066e400000, 0x000000066e400000|100%| E|CS|TAMS 0x000000066e000000| PB 0x000000066e000000| Complete |  0
| 330|0x000000066e400000, 0x000000066e800000, 0x000000066e800000|100%| E|CS|TAMS 0x000000066e400000| PB 0x000000066e400000| Complete |  0
| 331|0x000000066e800000, 0x000000066ec00000, 0x000000066ec00000|100%| E|CS|TAMS 0x000000066e800000| PB 0x000000066e800000| Complete |  1
| 332|0x000000066ec00000, 0x000000066f000000, 0x000000066f000000|100%| E|CS|TAMS 0x000000066ec00000| PB 0x000000066ec00000| Complete |  0
| 333|0x000000066f000000, 0x000000066f400000, 0x000000066f400000|100%| E|CS|TAMS 0x000000066f000000| PB 0x000000066f000000| Complete |  0
| 334|0x000000066f400000, 0x000000066f800000, 0x000000066f800000|100%| E|CS|TAMS 0x000000066f400000| PB 0x000000066f400000| Complete |  0
| 335|0x000000066f800000, 0x000000066fc00000, 0x000000066fc00000|100%| E|  |TAMS 0x000000066f800000| PB 0x000000066f800000| Complete |  0
| 336|0x000000066fc00000, 0x0000000670000000, 0x0000000670000000|100%| E|CS|TAMS 0x000000066fc00000| PB 0x000000066fc00000| Complete |  0
| 337|0x0000000670000000, 0x0000000670400000, 0x0000000670400000|100%| E|CS|TAMS 0x0000000670000000| PB 0x0000000670000000| Complete |  0
| 338|0x0000000670400000, 0x0000000670800000, 0x0000000670800000|100%| E|CS|TAMS 0x0000000670400000| PB 0x0000000670400000| Complete |  0
| 339|0x0000000670800000, 0x0000000670c00000, 0x0000000670c00000|100%| E|CS|TAMS 0x0000000670800000| PB 0x0000000670800000| Complete |  0
| 340|0x0000000670c00000, 0x0000000671000000, 0x0000000671000000|100%| E|CS|TAMS 0x0000000670c00000| PB 0x0000000670c00000| Complete |  0
| 341|0x0000000671000000, 0x0000000671400000, 0x0000000671400000|100%| E|CS|TAMS 0x0000000671000000| PB 0x0000000671000000| Complete |  0
| 342|0x0000000671400000, 0x0000000671800000, 0x0000000671800000|100%| E|CS|TAMS 0x0000000671400000| PB 0x0000000671400000| Complete |  0
| 343|0x0000000671800000, 0x0000000671c00000, 0x0000000671c00000|100%| E|CS|TAMS 0x0000000671800000| PB 0x0000000671800000| Complete |  0
| 344|0x0000000671c00000, 0x0000000672000000, 0x0000000672000000|100%| E|CS|TAMS 0x0000000671c00000| PB 0x0000000671c00000| Complete |  0
| 345|0x0000000672000000, 0x0000000672400000, 0x0000000672400000|100%| E|CS|TAMS 0x0000000672000000| PB 0x0000000672000000| Complete |  0
| 346|0x0000000672400000, 0x0000000672800000, 0x0000000672800000|100%| E|CS|TAMS 0x0000000672400000| PB 0x0000000672400000| Complete |  0
| 347|0x0000000672800000, 0x0000000672c00000, 0x0000000672c00000|100%| E|CS|TAMS 0x0000000672800000| PB 0x0000000672800000| Complete |  0
| 348|0x0000000672c00000, 0x0000000673000000, 0x0000000673000000|100%| E|CS|TAMS 0x0000000672c00000| PB 0x0000000672c00000| Complete |  0
| 349|0x0000000673000000, 0x0000000673400000, 0x0000000673400000|100%| E|CS|TAMS 0x0000000673000000| PB 0x0000000673000000| Complete |  0
| 350|0x0000000673400000, 0x0000000673800000, 0x0000000673800000|100%| E|CS|TAMS 0x0000000673400000| PB 0x0000000673400000| Complete |  0
| 351|0x0000000673800000, 0x0000000673c00000, 0x0000000673c00000|100%| E|CS|TAMS 0x0000000673800000| PB 0x0000000673800000| Complete |  0
| 352|0x0000000673c00000, 0x0000000674000000, 0x0000000674000000|100%| E|CS|TAMS 0x0000000673c00000| PB 0x0000000673c00000| Complete |  0
| 353|0x0000000674000000, 0x0000000674400000, 0x0000000674400000|100%| E|CS|TAMS 0x0000000674000000| PB 0x0000000674000000| Complete |  0
| 354|0x0000000674400000, 0x0000000674800000, 0x0000000674800000|100%| E|CS|TAMS 0x0000000674400000| PB 0x0000000674400000| Complete |  0
| 355|0x0000000674800000, 0x0000000674c00000, 0x0000000674c00000|100%| E|CS|TAMS 0x0000000674800000| PB 0x0000000674800000| Complete |  0
| 356|0x0000000674c00000, 0x0000000675000000, 0x0000000675000000|100%| E|CS|TAMS 0x0000000674c00000| PB 0x0000000674c00000| Complete |  0
| 357|0x0000000675000000, 0x0000000675400000, 0x0000000675400000|100%| E|CS|TAMS 0x0000000675000000| PB 0x0000000675000000| Complete |  0
| 358|0x0000000675400000, 0x0000000675800000, 0x0000000675800000|100%| E|CS|TAMS 0x0000000675400000| PB 0x0000000675400000| Complete |  0
| 359|0x0000000675800000, 0x0000000675c00000, 0x0000000675c00000|100%| E|CS|TAMS 0x0000000675800000| PB 0x0000000675800000| Complete |  0
| 360|0x0000000675c00000, 0x0000000676000000, 0x0000000676000000|100%| E|CS|TAMS 0x0000000675c00000| PB 0x0000000675c00000| Complete |  0
| 361|0x0000000676000000, 0x0000000676400000, 0x0000000676400000|100%| E|CS|TAMS 0x0000000676000000| PB 0x0000000676000000| Complete |  0
| 362|0x0000000676400000, 0x0000000676800000, 0x0000000676800000|100%| E|CS|TAMS 0x0000000676400000| PB 0x0000000676400000| Complete |  0
| 363|0x0000000676800000, 0x0000000676c00000, 0x0000000676c00000|100%| E|CS|TAMS 0x0000000676800000| PB 0x0000000676800000| Complete |  0
| 364|0x0000000676c00000, 0x0000000677000000, 0x0000000677000000|100%| E|CS|TAMS 0x0000000676c00000| PB 0x0000000676c00000| Complete |  0
| 365|0x0000000677000000, 0x0000000677400000, 0x0000000677400000|100%| E|CS|TAMS 0x0000000677000000| PB 0x0000000677000000| Complete |  0
| 366|0x0000000677400000, 0x0000000677800000, 0x0000000677800000|100%| E|CS|TAMS 0x0000000677400000| PB 0x0000000677400000| Complete |  0
| 367|0x0000000677800000, 0x0000000677c00000, 0x0000000677c00000|100%| E|CS|TAMS 0x0000000677800000| PB 0x0000000677800000| Complete |  0
| 368|0x0000000677c00000, 0x0000000678000000, 0x0000000678000000|100%| E|CS|TAMS 0x0000000677c00000| PB 0x0000000677c00000| Complete |  0
| 369|0x0000000678000000, 0x0000000678400000, 0x0000000678400000|100%| E|CS|TAMS 0x0000000678000000| PB 0x0000000678000000| Complete |  0
| 370|0x0000000678400000, 0x0000000678800000, 0x0000000678800000|100%| E|CS|TAMS 0x0000000678400000| PB 0x0000000678400000| Complete |  0
| 371|0x0000000678800000, 0x0000000678c00000, 0x0000000678c00000|100%| E|CS|TAMS 0x0000000678800000| PB 0x0000000678800000| Complete |  0
| 372|0x0000000678c00000, 0x0000000679000000, 0x0000000679000000|100%| E|CS|TAMS 0x0000000678c00000| PB 0x0000000678c00000| Complete |  0
| 373|0x0000000679000000, 0x0000000679400000, 0x0000000679400000|100%| E|CS|TAMS 0x0000000679000000| PB 0x0000000679000000| Complete |  0
| 374|0x0000000679400000, 0x0000000679800000, 0x0000000679800000|100%| E|CS|TAMS 0x0000000679400000| PB 0x0000000679400000| Complete |  0
| 375|0x0000000679800000, 0x0000000679c00000, 0x0000000679c00000|100%| E|CS|TAMS 0x0000000679800000| PB 0x0000000679800000| Complete |  0
| 376|0x0000000679c00000, 0x000000067a000000, 0x000000067a000000|100%| E|CS|TAMS 0x0000000679c00000| PB 0x0000000679c00000| Complete |  0
| 377|0x000000067a000000, 0x000000067a400000, 0x000000067a400000|100%| E|CS|TAMS 0x000000067a000000| PB 0x000000067a000000| Complete |  0
| 378|0x000000067a400000, 0x000000067a800000, 0x000000067a800000|100%| E|CS|TAMS 0x000000067a400000| PB 0x000000067a400000| Complete |  0
| 379|0x000000067a800000, 0x000000067ac00000, 0x000000067ac00000|100%| E|CS|TAMS 0x000000067a800000| PB 0x000000067a800000| Complete |  0
| 380|0x000000067ac00000, 0x000000067b000000, 0x000000067b000000|100%| E|CS|TAMS 0x000000067ac00000| PB 0x000000067ac00000| Complete |  0
| 381|0x000000067b000000, 0x000000067b400000, 0x000000067b400000|100%| E|CS|TAMS 0x000000067b000000| PB 0x000000067b000000| Complete |  0
| 382|0x000000067b400000, 0x000000067b800000, 0x000000067b800000|100%| E|CS|TAMS 0x000000067b400000| PB 0x000000067b400000| Complete |  0
| 383|0x000000067b800000, 0x000000067bc00000, 0x000000067bc00000|100%| E|CS|TAMS 0x000000067b800000| PB 0x000000067b800000| Complete |  0
| 384|0x000000067bc00000, 0x000000067c000000, 0x000000067c000000|100%| E|CS|TAMS 0x000000067bc00000| PB 0x000000067bc00000| Complete |  0
| 385|0x000000067c000000, 0x000000067c400000, 0x000000067c400000|100%| E|CS|TAMS 0x000000067c000000| PB 0x000000067c000000| Complete |  0
| 386|0x000000067c400000, 0x000000067c800000, 0x000000067c800000|100%| E|CS|TAMS 0x000000067c400000| PB 0x000000067c400000| Complete |  0
| 387|0x000000067c800000, 0x000000067cc00000, 0x000000067cc00000|100%| E|CS|TAMS 0x000000067c800000| PB 0x000000067c800000| Complete |  0
| 388|0x000000067cc00000, 0x000000067d000000, 0x000000067d000000|100%| E|CS|TAMS 0x000000067cc00000| PB 0x000000067cc00000| Complete |  0
| 389|0x000000067d000000, 0x000000067d400000, 0x000000067d400000|100%| E|CS|TAMS 0x000000067d000000| PB 0x000000067d000000| Complete |  0
| 390|0x000000067d400000, 0x000000067d800000, 0x000000067d800000|100%| E|CS|TAMS 0x000000067d400000| PB 0x000000067d400000| Complete |  0
| 391|0x000000067d800000, 0x000000067dc00000, 0x000000067dc00000|100%| E|CS|TAMS 0x000000067d800000| PB 0x000000067d800000| Complete |  0
| 392|0x000000067dc00000, 0x000000067e000000, 0x000000067e000000|100%| E|CS|TAMS 0x000000067dc00000| PB 0x000000067dc00000| Complete |  0
| 393|0x000000067e000000, 0x000000067e400000, 0x000000067e400000|100%| E|CS|TAMS 0x000000067e000000| PB 0x000000067e000000| Complete |  0
| 394|0x000000067e400000, 0x000000067e800000, 0x000000067e800000|100%| E|CS|TAMS 0x000000067e400000| PB 0x000000067e400000| Complete |  0
| 395|0x000000067e800000, 0x000000067ec00000, 0x000000067ec00000|100%| E|CS|TAMS 0x000000067e800000| PB 0x000000067e800000| Complete |  1
| 396|0x000000067ec00000, 0x000000067f000000, 0x000000067f000000|100%| E|CS|TAMS 0x000000067ec00000| PB 0x000000067ec00000| Complete |  0
| 397|0x000000067f000000, 0x000000067f400000, 0x000000067f400000|100%| E|CS|TAMS 0x000000067f000000| PB 0x000000067f000000| Complete |  0
| 398|0x000000067f400000, 0x000000067f800000, 0x000000067f800000|100%| E|CS|TAMS 0x000000067f400000| PB 0x000000067f400000| Complete |  0
| 399|0x000000067f800000, 0x000000067fc00000, 0x000000067fc00000|100%| E|CS|TAMS 0x000000067f800000| PB 0x000000067f800000| Complete |  0
| 400|0x000000067fc00000, 0x0000000680000000, 0x0000000680000000|100%| E|CS|TAMS 0x000000067fc00000| PB 0x000000067fc00000| Complete |  0
| 401|0x0000000680000000, 0x0000000680400000, 0x0000000680400000|100%| E|CS|TAMS 0x0000000680000000| PB 0x0000000680000000| Complete |  0
| 402|0x0000000680400000, 0x0000000680800000, 0x0000000680800000|100%| E|CS|TAMS 0x0000000680400000| PB 0x0000000680400000| Complete |  0
| 403|0x0000000680800000, 0x0000000680c00000, 0x0000000680c00000|100%| E|CS|TAMS 0x0000000680800000| PB 0x0000000680800000| Complete |  0
| 404|0x0000000680c00000, 0x0000000681000000, 0x0000000681000000|100%| E|CS|TAMS 0x0000000680c00000| PB 0x0000000680c00000| Complete |  0
| 405|0x0000000681000000, 0x0000000681400000, 0x0000000681400000|100%| E|CS|TAMS 0x0000000681000000| PB 0x0000000681000000| Complete |  0
| 406|0x0000000681400000, 0x0000000681800000, 0x0000000681800000|100%| E|CS|TAMS 0x0000000681400000| PB 0x0000000681400000| Complete |  0
| 407|0x0000000681800000, 0x0000000681c00000, 0x0000000681c00000|100%| E|CS|TAMS 0x0000000681800000| PB 0x0000000681800000| Complete |  0
| 408|0x0000000681c00000, 0x0000000682000000, 0x0000000682000000|100%| E|CS|TAMS 0x0000000681c00000| PB 0x0000000681c00000| Complete |  0
| 409|0x0000000682000000, 0x0000000682400000, 0x0000000682400000|100%| E|CS|TAMS 0x0000000682000000| PB 0x0000000682000000| Complete |  0
| 410|0x0000000682400000, 0x0000000682800000, 0x0000000682800000|100%| E|CS|TAMS 0x0000000682400000| PB 0x0000000682400000| Complete |  0
| 411|0x0000000682800000, 0x0000000682c00000, 0x0000000682c00000|100%| E|CS|TAMS 0x0000000682800000| PB 0x0000000682800000| Complete |  0
| 412|0x0000000682c00000, 0x0000000683000000, 0x0000000683000000|100%| E|CS|TAMS 0x0000000682c00000| PB 0x0000000682c00000| Complete |  0
|1913|0x00000007fa000000, 0x00000007fa400000, 0x00000007fa400000|100%| O|  |TAMS 0x00000007fa000000| PB 0x00000007fa000000| Untracked |  0
|1914|0x00000007fa400000, 0x00000007fa800000, 0x00000007fa800000|100%| E|CS|TAMS 0x00000007fa400000| PB 0x00000007fa400000| Complete |  0
|1915|0x00000007fa800000, 0x00000007fac00000, 0x00000007fac00000|100%| E|CS|TAMS 0x00000007fa800000| PB 0x00000007fa800000| Complete |  0
|1916|0x00000007fac00000, 0x00000007fb000000, 0x00000007fb000000|100%| O|  |TAMS 0x00000007fac00000| PB 0x00000007fac00000| Untracked |  0
|1917|0x00000007fb000000, 0x00000007fb400000, 0x00000007fb400000|100%| E|CS|TAMS 0x00000007fb000000| PB 0x00000007fb000000| Complete |  0
|1918|0x00000007fb400000, 0x00000007fb800000, 0x00000007fb800000|100%| E|CS|TAMS 0x00000007fb400000| PB 0x00000007fb400000| Complete |  0
|1919|0x00000007fb800000, 0x00000007fbc00000, 0x00000007fbc00000|100%| E|CS|TAMS 0x00000007fb800000| PB 0x00000007fb800000| Complete |  0
|1920|0x00000007fbc00000, 0x00000007fc000000, 0x00000007fc000000|100%| E|CS|TAMS 0x00000007fbc00000| PB 0x00000007fbc00000| Complete |  0
|1921|0x00000007fc000000, 0x00000007fc400000, 0x00000007fc400000|100%| E|CS|TAMS 0x00000007fc000000| PB 0x00000007fc000000| Complete |  0
|1922|0x00000007fc400000, 0x00000007fc800000, 0x00000007fc800000|100%| O|  |TAMS 0x00000007fc400000| PB 0x00000007fc400000| Untracked |  0
|1923|0x00000007fc800000, 0x00000007fcc00000, 0x00000007fcc00000|100%| E|CS|TAMS 0x00000007fc800000| PB 0x00000007fc800000| Complete |  0
|1924|0x00000007fcc00000, 0x00000007fd000000, 0x00000007fd000000|100%| E|CS|TAMS 0x00000007fcc00000| PB 0x00000007fcc00000| Complete |  0
|1925|0x00000007fd000000, 0x00000007fd400000, 0x00000007fd400000|100%| O|  |TAMS 0x00000007fd000000| PB 0x00000007fd000000| Untracked |  0
|1926|0x00000007fd400000, 0x00000007fd800000, 0x00000007fd800000|100%| E|CS|TAMS 0x00000007fd400000| PB 0x00000007fd400000| Complete |  0
|1927|0x00000007fd800000, 0x00000007fdc00000, 0x00000007fdc00000|100%| E|CS|TAMS 0x00000007fd800000| PB 0x00000007fd800000| Complete |  0
|1928|0x00000007fdc00000, 0x00000007fe000000, 0x00000007fe000000|100%| O|  |TAMS 0x00000007fdc00000| PB 0x00000007fdc00000| Untracked |  0
|1929|0x00000007fe000000, 0x00000007fe400000, 0x00000007fe400000|100%| E|CS|TAMS 0x00000007fe000000| PB 0x00000007fe000000| Complete |  0
|1930|0x00000007fe400000, 0x00000007fe800000, 0x00000007fe800000|100%| O|  |TAMS 0x00000007fe400000| PB 0x00000007fe400000| Untracked |  0
|1931|0x00000007fe800000, 0x00000007fec00000, 0x00000007fec00000|100%| O|  |TAMS 0x00000007fe800000| PB 0x00000007fe800000| Untracked |  0
|1932|0x00000007fec00000, 0x00000007ff000000, 0x00000007ff000000|100%| E|CS|TAMS 0x00000007fec00000| PB 0x00000007fec00000| Complete |  0
|1933|0x00000007ff000000, 0x00000007ff400000, 0x00000007ff400000|100%| O|  |TAMS 0x00000007ff000000| PB 0x00000007ff000000| Untracked |  0
|1934|0x00000007ff400000, 0x00000007ff800000, 0x00000007ff800000|100%| O|  |TAMS 0x00000007ff400000| PB 0x00000007ff400000| Untracked |  0
|1935|0x00000007ff800000, 0x00000007ffc00000, 0x00000007ffc00000|100%| O|  |TAMS 0x00000007ff800000| PB 0x00000007ff800000| Untracked |  0
|1936|0x00000007ffc00000, 0x0000000800000000, 0x0000000800000000|100%| E|CS|TAMS 0x00000007ffc00000| PB 0x00000007ffc00000| Complete |  0

Card table byte_map: [0x00007887636de000,0x0000788764600000] _byte_map_base: 0x0000788760600000

Marking Bits: (CMBitMap*) 0x000078877805dd80
 Bits: [0x000078875bdce000, 0x00007887636de000)

Polling page: 0x000078878023e000

Metaspace:
Metaspace        used 154715K, committed 156672K, reserved 1179648K
 class space     used 26780K, committed 27584K, reserved 1048576K

Usage:
  Non-class:    124.94 MB used.
      Class:     26.15 MB used.
       Both:    151.09 MB used.

Virtual space:
  Non-class space:      128.00 MB reserved,     126.06 MB ( 98%) committed,  2 nodes.
      Class space:        1.00 GB reserved,      26.94 MB (  3%) committed,  1 nodes.
             Both:        1.12 GB reserved,     153.00 MB ( 13%) committed. 

Chunk freelists:
   Non-Class:  1.67 MB
       Class:  5.06 MB
        Both:  6.73 MB

MaxMetaspaceSize: unlimited
CompressedClassSpaceSize: 1.00 GB
Initial GC threshold: 21.00 MB
Current GC threshold: 254.94 MB
CDS: on
 - commit_granule_bytes: 65536.
 - commit_granule_words: 8192.
 - virtual_space_node_default_size: 8388608.
 - enlarge_chunks_in_place: 1.
UseCompressedClassPointers 1, UseCompactObjectHeaders 0
Narrow klass pointer bits 32, Max shift 3
Narrow klass base: 0x0000000019000000, Narrow klass shift: 0
Encoding Range: [0x0000000019000000 - 0x0000000119000000), (4294967296 bytes)
Klass Range:    [0x0000000019001000 - 0x000000005b000000), (1107292160 bytes)
Klass ID Range:  [4096 - 1107296249) (1107292153)
Protection zone: [0x0000000019000000 - 0x0000000019001000), (4096 bytes)


Internal statistics:

num_allocs_failed_limit: 35.
num_arena_births: 3284.
num_arena_deaths: 60.
num_vsnodes_births: 3.
num_vsnodes_deaths: 0.
num_space_committed: 2443.
num_space_uncommitted: 0.
num_chunks_returned_to_freelist: 114.
num_chunks_taken_from_freelist: 10787.
num_chunk_merges: 61.
num_chunk_splits: 6791.
num_chunks_enlarged: 4421.
num_inconsistent_stats: 0.

CodeHeap 'non-profiled nmethods': size=119172Kb used=17862Kb max_used=22156Kb free=101309Kb
 bounds [0x000078876c19f000, 0x000078876d74f000, 0x0000788773600000]
CodeHeap 'profiled nmethods': size=119164Kb used=16083Kb max_used=33495Kb free=103080Kb
 bounds [0x0000788764600000, 0x00007887666d0000, 0x000078876ba5f000]
CodeHeap 'non-nmethods': size=7424Kb used=4772Kb max_used=6055Kb free=2651Kb
 bounds [0x000078876ba5f000, 0x000078876c06f000, 0x000078876c19f000]
CodeCache: size=245760Kb, used=38717Kb, max_used=61706Kb, free=207040Kb
 total_blobs=18551, nmethods=15659, adapters=2740, full_count=0
Compilation: enabled, stopped_count=0, restarted_count=0

Compilation events (20 events):
Event: 123.186 Thread 0x000078877810f6a0 41057       4       java.lang.StringBuilder::capacity (5 bytes)
Event: 123.186 Thread 0x00007887103c62f0 nmethod 41060 0x0000788765595f08 code [0x0000788765596000, 0x0000788765598c70]
Event: 123.187 Thread 0x000078877810f6a0 nmethod 41057 0x000078876cb09e88 code [0x000078876cb09f80, 0x000078876cb0a018]
Event: 123.187 Thread 0x000078877810f6a0 41059       4       java.lang.AbstractStringBuilder::capacity (11 bytes)
Event: 123.187 Thread 0x000078877810f6a0 nmethod 41059 0x000078876cb0bb08 code [0x000078876cb0bc00, 0x000078876cb0bc98]
Event: 123.306 Thread 0x0000788778111090 41065       3       java.io.ObjectInputStream$FieldValues::defaultSetFieldValues (39 bytes)
Event: 123.306 Thread 0x00007887103c62f0 41064   !   3       java.io.ObjectStreamClass::invokeReadObject (93 bytes)
Event: 123.306 Thread 0x0000788778111090 nmethod 41065 0x0000788764b06388 code [0x0000788764b06480, 0x0000788764b069c0]
Event: 123.306 Thread 0x00007887103c62f0 nmethod 41064 0x00007887647abe88 code [0x00007887647abf80, 0x00007887647ad140]
Event: 123.437 Thread 0x0000788778111090 41066       3       net.minecraft.world.entity.Entity::applyEffectsFromBlocks (160 bytes)
Event: 123.438 Thread 0x0000788778111090 nmethod 41066 0x0000788764b47e88 code [0x0000788764b47fa0, 0x0000788764b4a0a8]
Event: 123.487 Thread 0x00007887103c62f0 41067       3       net.minecraft.world.level.BlockGetter::forEachBlockIntersectedBetween (249 bytes)
Event: 123.488 Thread 0x00007887103c62f0 nmethod 41067 0x0000788765b92f08 code [0x0000788765b93020, 0x0000788765b94988]
Event: 123.527 Thread 0x0000788778111090 41068       3       net.minecraft.network.protocol.game.ServerboundPlayerInputPacket$$Lambda/0x000000001c8b2ae0::apply (8 bytes)
Event: 123.527 Thread 0x00007887103c62f0 41069       3       net.minecraft.world.entity.player.Input$1::encode (13 bytes)
Event: 123.527 Thread 0x000078877810f6a0 41071       4       net.minecraft.world.entity.LivingEntity::baseTick (646 bytes)
Event: 123.527 Thread 0x00007887103c62f0 nmethod 41069 0x0000788765791f88 code [0x0000788765792080, 0x0000788765792360]
Event: 123.527 Thread 0x00007887103c62f0 41070       3       net.minecraft.world.entity.player.Input$1::encode (125 bytes)
Event: 123.527 Thread 0x0000788778111090 nmethod 41068 0x0000788764e4f408 code [0x0000788764e4f500, 0x0000788764e4f770]
Event: 123.528 Thread 0x00007887103c62f0 nmethod 41070 0x0000788764b32d88 code [0x0000788764b32e80, 0x0000788764b33930]

GC Heap Usage History (20 events):
Event: 100.744 {heap Before GC invocations=98 (full 0):
 garbage-first heap   total reserved 7933952K, committed 1789952K, used 1687549K [0x000000061bc00000, 0x0000000800000000)
  region size 4096K, 247 young (1011712K), 15 survivors (61440K)
}
Event: 100.754 {heap After GC invocations=99 (full 0):
 garbage-first heap   total reserved 7933952K, committed 1789952K, used 735075K [0x000000061bc00000, 0x0000000800000000)
  region size 4096K, 14 young (57344K), 14 survivors (57344K)
}
Event: 102.463 {heap Before GC invocations=99 (full 0):
 garbage-first heap   total reserved 7933952K, committed 1789952K, used 1689443K [0x000000061bc00000, 0x0000000800000000)
  region size 4096K, 248 young (1015808K), 14 survivors (57344K)
}
Event: 102.470 {heap After GC invocations=100 (full 0):
 garbage-first heap   total reserved 7933952K, committed 1789952K, used 737970K [0x000000061bc00000, 0x0000000800000000)
  region size 4096K, 12 young (49152K), 12 survivors (49152K)
}
Event: 104.206 {heap Before GC invocations=101 (full 0):
 garbage-first heap   total reserved 7933952K, committed 1789952K, used 1692338K [0x000000061bc00000, 0x0000000800000000)
  region size 4096K, 245 young (1003520K), 12 survivors (49152K)
}
Event: 104.212 {heap After GC invocations=102 (full 0):
 garbage-first heap   total reserved 7933952K, committed 1789952K, used 738123K [0x000000061bc00000, 0x0000000800000000)
  region size 4096K, 11 young (45056K), 11 survivors (45056K)
}
Event: 105.903 {heap Before GC invocations=102 (full 0):
 garbage-first heap   total reserved 7933952K, committed 1789952K, used 1688395K [0x000000061bc00000, 0x0000000800000000)
  region size 4096K, 244 young (999424K), 11 survivors (45056K)
}
Event: 105.911 {heap After GC invocations=103 (full 0):
 garbage-first heap   total reserved 7933952K, committed 1789952K, used 733553K [0x000000061bc00000, 0x0000000800000000)
  region size 4096K, 11 young (45056K), 11 survivors (45056K)
}
Event: 107.656 {heap Before GC invocations=103 (full 0):
 garbage-first heap   total reserved 7933952K, committed 1789952K, used 1687921K [0x000000061bc00000, 0x0000000800000000)
  region size 4096K, 245 young (1003520K), 11 survivors (45056K)
}
Event: 107.663 {heap After GC invocations=104 (full 0):
 garbage-first heap   total reserved 7933952K, committed 1789952K, used 735890K [0x000000061bc00000, 0x0000000800000000)
  region size 4096K, 11 young (45056K), 11 survivors (45056K)
}
Event: 110.059 {heap Before GC invocations=105 (full 0):
 garbage-first heap   total reserved 7933952K, committed 1789952K, used 1686162K [0x000000061bc00000, 0x0000000800000000)
  region size 4096K, 244 young (999424K), 11 survivors (45056K)
}
Event: 110.065 {heap After GC invocations=106 (full 0):
 garbage-first heap   total reserved 7933952K, committed 1789952K, used 738845K [0x000000061bc00000, 0x0000000800000000)
  region size 4096K, 11 young (45056K), 11 survivors (45056K)
}
Event: 113.164 {heap Before GC invocations=106 (full 0):
 garbage-first heap   total reserved 7933952K, committed 1789952K, used 1689117K [0x000000061bc00000, 0x0000000800000000)
  region size 4096K, 244 young (999424K), 11 survivors (45056K)
}
Event: 113.172 {heap After GC invocations=107 (full 0):
 garbage-first heap   total reserved 7933952K, committed 1789952K, used 733184K [0x000000061bc00000, 0x0000000800000000)
  region size 4096K, 9 young (36864K), 9 survivors (36864K)
}
Event: 116.026 {heap Before GC invocations=107 (full 0):
 garbage-first heap   total reserved 7933952K, committed 1789952K, used 1691648K [0x000000061bc00000, 0x0000000800000000)
  region size 4096K, 244 young (999424K), 9 survivors (36864K)
}
Event: 116.034 {heap After GC invocations=108 (full 0):
 garbage-first heap   total reserved 7933952K, committed 1789952K, used 740762K [0x000000061bc00000, 0x0000000800000000)
  region size 4096K, 9 young (36864K), 9 survivors (36864K)
}
Event: 118.718 {heap Before GC invocations=109 (full 0):
 garbage-first heap   total reserved 7933952K, committed 1789952K, used 1686938K [0x000000061bc00000, 0x0000000800000000)
  region size 4096K, 241 young (987136K), 9 survivors (36864K)
}
Event: 118.725 {heap After GC invocations=110 (full 0):
 garbage-first heap   total reserved 7933952K, committed 1789952K, used 746082K [0x000000061bc00000, 0x0000000800000000)
  region size 4096K, 8 young (32768K), 8 survivors (32768K)
}
Event: 121.914 {heap Before GC invocations=110 (full 0):
 garbage-first heap   total reserved 7933952K, committed 1789952K, used 1688162K [0x000000061bc00000, 0x0000000800000000)
  region size 4096K, 239 young (978944K), 8 survivors (32768K)
}
Event: 121.921 {heap After GC invocations=111 (full 0):
 garbage-first heap   total reserved 7933952K, committed 1789952K, used 741286K [0x000000061bc00000, 0x0000000800000000)
  region size 4096K, 7 young (28672K), 7 survivors (28672K)
}

Metaspace Usage History (20 events):
Event: 100.744 {metaspace Before GC invocations=98 (full 0):
 Metaspace       used 154511K, committed 156416K, reserved 1179648K
  class space    used 26764K, committed 27520K, reserved 1048576K
}
Event: 100.754 {metaspace After GC invocations=99 (full 0):
 Metaspace       used 154511K, committed 156416K, reserved 1179648K
  class space    used 26764K, committed 27520K, reserved 1048576K
}
Event: 102.463 {metaspace Before GC invocations=99 (full 0):
 Metaspace       used 154512K, committed 156416K, reserved 1179648K
  class space    used 26764K, committed 27520K, reserved 1048576K
}
Event: 102.470 {metaspace After GC invocations=100 (full 0):
 Metaspace       used 154512K, committed 156416K, reserved 1179648K
  class space    used 26764K, committed 27520K, reserved 1048576K
}
Event: 104.206 {metaspace Before GC invocations=101 (full 0):
 Metaspace       used 154519K, committed 156416K, reserved 1179648K
  class space    used 26764K, committed 27520K, reserved 1048576K
}
Event: 104.212 {metaspace After GC invocations=102 (full 0):
 Metaspace       used 154519K, committed 156416K, reserved 1179648K
  class space    used 26764K, committed 27520K, reserved 1048576K
}
Event: 105.903 {metaspace Before GC invocations=102 (full 0):
 Metaspace       used 154525K, committed 156416K, reserved 1179648K
  class space    used 26765K, committed 27520K, reserved 1048576K
}
Event: 105.911 {metaspace After GC invocations=103 (full 0):
 Metaspace       used 154525K, committed 156416K, reserved 1179648K
  class space    used 26765K, committed 27520K, reserved 1048576K
}
Event: 107.656 {metaspace Before GC invocations=103 (full 0):
 Metaspace       used 154526K, committed 156416K, reserved 1179648K
  class space    used 26765K, committed 27520K, reserved 1048576K
}
Event: 107.663 {metaspace After GC invocations=104 (full 0):
 Metaspace       used 154526K, committed 156416K, reserved 1179648K
  class space    used 26765K, committed 27520K, reserved 1048576K
}
Event: 110.059 {metaspace Before GC invocations=105 (full 0):
 Metaspace       used 154615K, committed 156544K, reserved 1179648K
  class space    used 26776K, committed 27584K, reserved 1048576K
}
Event: 110.065 {metaspace After GC invocations=106 (full 0):
 Metaspace       used 154615K, committed 156544K, reserved 1179648K
  class space    used 26776K, committed 27584K, reserved 1048576K
}
Event: 113.164 {metaspace Before GC invocations=106 (full 0):
 Metaspace       used 154629K, committed 156608K, reserved 1179648K
  class space    used 26776K, committed 27584K, reserved 1048576K
}
Event: 113.172 {metaspace After GC invocations=107 (full 0):
 Metaspace       used 154629K, committed 156608K, reserved 1179648K
  class space    used 26776K, committed 27584K, reserved 1048576K
}
Event: 116.026 {metaspace Before GC invocations=107 (full 0):
 Metaspace       used 154658K, committed 156608K, reserved 1179648K
  class space    used 26776K, committed 27584K, reserved 1048576K
}
Event: 116.034 {metaspace After GC invocations=108 (full 0):
 Metaspace       used 154658K, committed 156608K, reserved 1179648K
  class space    used 26776K, committed 27584K, reserved 1048576K
}
Event: 118.718 {metaspace Before GC invocations=109 (full 0):
 Metaspace       used 154673K, committed 156608K, reserved 1179648K
  class space    used 26778K, committed 27584K, reserved 1048576K
}
Event: 118.725 {metaspace After GC invocations=110 (full 0):
 Metaspace       used 154673K, committed 156608K, reserved 1179648K
  class space    used 26778K, committed 27584K, reserved 1048576K
}
Event: 121.914 {metaspace Before GC invocations=110 (full 0):
 Metaspace       used 154689K, committed 156608K, reserved 1179648K
  class space    used 26779K, committed 27584K, reserved 1048576K
}
Event: 121.921 {metaspace After GC invocations=111 (full 0):
 Metaspace       used 154689K, committed 156608K, reserved 1179648K
  class space    used 26779K, committed 27584K, reserved 1048576K
}

Dll operation events (15 events):
Event: 0.002 Loaded shared library /home/tillman/snap/MCreator20262/jdk/lib/libjava.so
Event: 0.015 Loaded shared library /home/tillman/snap/MCreator20262/jdk/lib/libsimdsort.so
Event: 0.032 Loaded shared library /home/tillman/snap/MCreator20262/jdk/lib/libzip.so
Event: 0.041 Loaded shared library /home/tillman/snap/MCreator20262/jdk/lib/libnio.so
Event: 0.042 Loaded shared library /home/tillman/snap/MCreator20262/jdk/lib/libnet.so
Event: 0.044 Loaded shared library /home/tillman/snap/MCreator20262/jdk/lib/libjimage.so
Event: 0.062 Loaded shared library /home/tillman/snap/MCreator20262/jdk/lib/libzip.so
Event: 0.107 Loaded shared library /home/tillman/snap/MCreator20262/jdk/lib/libmanagement.so
Event: 0.111 Loaded shared library /home/tillman/snap/MCreator20262/jdk/lib/libmanagement_ext.so
Event: 0.232 Loaded shared library /home/tillman/snap/MCreator20262/jdk/lib/libextnet.so
Event: 0.688 Loaded shared library /tmp/lwjgl_tillman/3.4.1+2/x64/liblwjgl.so
Event: 1.010 Loaded shared library /tmp/lwjgl_tillman/3.4.1+2/x64/liblwjgl_stb.so
Event: 1.133 Loaded shared library /tmp/lwjgl_tillman/3.4.1+2/x64/liblwjgl_opengl.so
Event: 1.284 Loaded shared library /home/tillman/snap/MCreator20262/jdk/lib/libverify.so
Event: 2.274 Loaded shared library /home/tillman/.cache/JNA/temp/jna17516511979041716175.tmp

Deoptimization events (20 events):
Event: 123.436 Thread 0x000078877a630b70 Uncommon trap: trap_request=0xffffff45 fr.pc=0x000078876d136a48 relative=0x0000000000001228
Event: 123.436 Thread 0x000078877a630b70 Uncommon trap: reason=unstable_if action=reinterpret pc=0x000078876d136a48 method=net.minecraft.world.entity.InsideBlockEffectApplier$StepBasedCollector.applyAndClear(Lnet/minecraft/world/entity/Entity;)V @ 37 c2
Event: 123.436 Thread 0x000078877a630b70 DEOPT PACKING pc=0x000078876d136a48 sp=0x0000788670d79010
Event: 123.436 Thread 0x000078877a630b70 DEOPT UNPACKING pc=0x000078876bb81879 sp=0x0000788670d78f68 mode 2
Event: 123.477 Thread 0x0000788778030400 Uncommon trap: trap_request=0xffffffde fr.pc=0x000078876d1bb93c relative=0x000000000000151c
Event: 123.477 Thread 0x0000788778030400 Uncommon trap: reason=class_check action=maybe_recompile pc=0x000078876d1bb93c method=net.minecraft.world.entity.LivingEntity.baseTick()V @ 499 c2
Event: 123.477 Thread 0x0000788778030400 DEOPT PACKING pc=0x000078876d1bb93c sp=0x000078877e6d7bc0
Event: 123.477 Thread 0x0000788778030400 DEOPT UNPACKING pc=0x000078876bb81879 sp=0x000078877e6d7b80 mode 2
Event: 123.486 Thread 0x000078877a630b70 Uncommon trap: trap_request=0xffffffde fr.pc=0x000078876d1bb93c relative=0x000000000000151c
Event: 123.486 Thread 0x000078877a630b70 Uncommon trap: reason=class_check action=maybe_recompile pc=0x000078876d1bb93c method=net.minecraft.world.entity.LivingEntity.baseTick()V @ 499 c2
Event: 123.486 Thread 0x000078877a630b70 DEOPT PACKING pc=0x000078876d1bb93c sp=0x0000788670d79100
Event: 123.486 Thread 0x000078877a630b70 DEOPT UNPACKING pc=0x000078876bb81879 sp=0x0000788670d790c0 mode 2
Event: 123.486 Thread 0x000078877a630b70 Uncommon trap: trap_request=0xffffff45 fr.pc=0x000078876c679a50 relative=0x0000000000002c90
Event: 123.486 Thread 0x000078877a630b70 Uncommon trap: reason=unstable_if action=reinterpret pc=0x000078876c679a50 method=net.minecraft.world.level.BlockGetter.forEachBlockIntersectedBetween(Lnet/minecraft/world/phys/Vec3;Lnet/minecraft/world/phys/Vec3;Lnet/minecraft/world/phys/AABB;Lnet/minecr
Event: 123.486 Thread 0x000078877a630b70 DEOPT PACKING pc=0x000078876c679a50 sp=0x0000788670d78d80
Event: 123.486 Thread 0x000078877a630b70 DEOPT UNPACKING pc=0x000078876bb81879 sp=0x0000788670d78df8 mode 2
Event: 123.531 Thread 0x0000788778030400 Uncommon trap: trap_request=0xffffffde fr.pc=0x000078876cfcc2f4 relative=0x0000000000000cf4
Event: 123.531 Thread 0x0000788778030400 Uncommon trap: reason=class_check action=maybe_recompile pc=0x000078876cfcc2f4 method=com.mojang.blaze3d.opengl.GlCommandEncoder.executeDrawMultiple(Lcom/mojang/blaze3d/opengl/GlRenderPass;Ljava/util/Collection;Lcom/mojang/blaze3d/buffers/GpuBuffer;Lcom/m
Event: 123.531 Thread 0x0000788778030400 DEOPT PACKING pc=0x000078876cfcc2f4 sp=0x000078877e6d78e0
Event: 123.531 Thread 0x0000788778030400 DEOPT UNPACKING pc=0x000078876bb81879 sp=0x000078877e6d7898 mode 2

Classes loaded (20 events):
Event: 16.738 Loading class java/util/stream/LongPipeline$9$1
Event: 16.738 Loading class java/util/stream/LongPipeline$9$1 done
Event: 16.971 Loading class java/util/zip/CRC32C
Event: 16.971 Loading class java/util/zip/CRC32C done
Event: 17.117 Loading class java/util/PriorityQueue$Itr
Event: 17.117 Loading class java/util/PriorityQueue$Itr done
Event: 17.251 Loading class java/util/Spliterators$LongIteratorSpliterator
Event: 17.252 Loading class java/util/Spliterators$LongIteratorSpliterator done
Event: 17.389 Loading class java/lang/runtime/SwitchBootstraps$StaticHolders
Event: 17.390 Loading class java/lang/runtime/SwitchBootstraps$StaticHolders done
Event: 17.390 Loading class java/lang/runtime/SwitchBootstraps$MappedEnumCache
Event: 17.390 Loading class java/lang/runtime/SwitchBootstraps$MappedEnumCache done
Event: 17.800 Loading class jdk/internal/util/NullableKeyValueHolder
Event: 17.800 Loading class jdk/internal/util/NullableKeyValueHolder done
Event: 20.422 Loading class java/util/DualPivotQuicksort$SortOperation
Event: 20.422 Loading class java/util/DualPivotQuicksort$SortOperation done
Event: 29.093 Loading class java/lang/FdLibm$Log1p
Event: 29.093 Loading class java/lang/FdLibm$Log1p done
Event: 62.255 Loading class java/lang/FdLibm$Atan
Event: 62.255 Loading class java/lang/FdLibm$Atan done

Classes unloaded (20 events):
Event: 19.589 Thread 0x00007887780fc740 Unloading class 0x000000001c9e0800 'java/lang/invoke/LambdaForm$MH+0x000000001c9e0800'
Event: 19.589 Thread 0x00007887780fc740 Unloading class 0x000000001c9e0400 'java/lang/invoke/LambdaForm$MH+0x000000001c9e0400'
Event: 19.589 Thread 0x00007887780fc740 Unloading class 0x000000001c9dfc00 'java/lang/invoke/LambdaForm$MH+0x000000001c9dfc00'
Event: 19.589 Thread 0x00007887780fc740 Unloading class 0x000000001c9df800 'java/lang/invoke/LambdaForm$MH+0x000000001c9df800'
Event: 19.589 Thread 0x00007887780fc740 Unloading class 0x000000001c9df400 'java/lang/invoke/LambdaForm$MH+0x000000001c9df400'
Event: 19.589 Thread 0x00007887780fc740 Unloading class 0x000000001c9dec00 'java/lang/invoke/LambdaForm$MH+0x000000001c9dec00'
Event: 19.589 Thread 0x00007887780fc740 Unloading class 0x000000001c9de800 'java/lang/invoke/LambdaForm$DMH+0x000000001c9de800'
Event: 19.589 Thread 0x00007887780fc740 Unloading class 0x000000001c9dd800 'java/lang/invoke/LambdaForm$DMH+0x000000001c9dd800'
Event: 19.589 Thread 0x00007887780fc740 Unloading class 0x000000001c9dd400 'java/lang/invoke/LambdaForm$DMH+0x000000001c9dd400'
Event: 19.589 Thread 0x00007887780fc740 Unloading class 0x000000001c9dd000 'java/lang/invoke/LambdaForm$DMH+0x000000001c9dd000'
Event: 19.589 Thread 0x00007887780fc740 Unloading class 0x000000001c9dc800 'java/lang/invoke/LambdaForm$DMH+0x000000001c9dc800'
Event: 19.589 Thread 0x00007887780fc740 Unloading class 0x000000001c744400 'java/lang/invoke/LambdaForm$DMH+0x000000001c744400'
Event: 19.589 Thread 0x00007887780fc740 Unloading class 0x000000001c73e400 'java/lang/invoke/LambdaForm$DMH+0x000000001c73e400'
Event: 19.589 Thread 0x00007887780fc740 Unloading class 0x000000001c73e800 'java/lang/invoke/LambdaForm$DMH+0x000000001c73e800'
Event: 19.589 Thread 0x00007887780fc740 Unloading class 0x000000001c73dc00 'java/lang/invoke/LambdaForm$DMH+0x000000001c73dc00'
Event: 19.589 Thread 0x00007887780fc740 Unloading class 0x000000001c73d800 'java/lang/invoke/LambdaForm$DMH+0x000000001c73d800'
Event: 19.589 Thread 0x00007887780fc740 Unloading class 0x000000001c73d400 'java/lang/invoke/LambdaForm$DMH+0x000000001c73d400'
Event: 19.589 Thread 0x00007887780fc740 Unloading class 0x000000001c73d000 'java/lang/invoke/LambdaForm$DMH+0x000000001c73d000'
Event: 19.589 Thread 0x00007887780fc740 Unloading class 0x000000001c73cc00 'java/lang/invoke/LambdaForm$DMH+0x000000001c73cc00'
Event: 19.589 Thread 0x00007887780fc740 Unloading class 0x000000001c625400 'java/lang/invoke/LambdaForm$DMH+0x000000001c625400'

Classes redefined (0 events):
No events

Internal exceptions (20 events):
Event: 122.303 Thread 0x00007886f4001370 Exception <a 'sun/nio/fs/UnixException'{0x000000067fc02de8}> (0x000000067fc02de8) 
thrown [src/hotspot/share/prims/jni.cpp, line 535]
Event: 122.303 Thread 0x00007886f4001370 Exception <a 'sun/nio/fs/UnixException'{0x000000067fc03b20}> (0x000000067fc03b20) 
thrown [src/hotspot/share/prims/jni.cpp, line 535]
Event: 122.303 Thread 0x00007886f4001370 Exception <a 'sun/nio/fs/UnixException'{0x000000067fc04800}> (0x000000067fc04800) 
thrown [src/hotspot/share/prims/jni.cpp, line 535]
Event: 122.338 Thread 0x0000788598001f60 Exception <a 'sun/nio/fs/UnixException'{0x000000067fb8afd0}> (0x000000067fb8afd0) 
thrown [src/hotspot/share/prims/jni.cpp, line 535]
Event: 122.390 Thread 0x0000788598001f60 Exception <a 'sun/nio/fs/UnixException'{0x000000067eb3f230}> (0x000000067eb3f230) 
thrown [src/hotspot/share/prims/jni.cpp, line 535]
Event: 122.394 Thread 0x00007885a8007f50 Exception <a 'sun/nio/fs/UnixException'{0x000000067eb4e038}> (0x000000067eb4e038) 
thrown [src/hotspot/share/prims/jni.cpp, line 535]
Event: 122.397 Thread 0x0000788598001f60 Exception <a 'sun/nio/fs/UnixException'{0x000000067eb54858}> (0x000000067eb54858) 
thrown [src/hotspot/share/prims/jni.cpp, line 535]
Event: 122.539 Thread 0x0000788598001f60 Exception <a 'sun/nio/fs/UnixException'{0x000000067c4a2640}> (0x000000067c4a2640) 
thrown [src/hotspot/share/prims/jni.cpp, line 535]
Event: 122.838 Thread 0x0000788598001f60 Exception <a 'sun/nio/fs/UnixException'{0x00000006781ac258}> (0x00000006781ac258) 
thrown [src/hotspot/share/prims/jni.cpp, line 535]
Event: 122.939 Thread 0x0000788598001f60 Exception <a 'sun/nio/fs/UnixException'{0x00000006768a4fc8}> (0x00000006768a4fc8) 
thrown [src/hotspot/share/prims/jni.cpp, line 535]
Event: 123.090 Thread 0x0000788598001f60 Exception <a 'sun/nio/fs/UnixException'{0x0000000674acbba0}> (0x0000000674acbba0) 
thrown [src/hotspot/share/prims/jni.cpp, line 535]
Event: 123.140 Thread 0x0000788598001f60 Exception <a 'sun/nio/fs/UnixException'{0x0000000673fb4038}> (0x0000000673fb4038) 
thrown [src/hotspot/share/prims/jni.cpp, line 535]
Event: 123.290 Thread 0x0000788598001f60 Exception <a 'sun/nio/fs/UnixException'{0x0000000671aaffb8}> (0x0000000671aaffb8) 
thrown [src/hotspot/share/prims/jni.cpp, line 535]
Event: 123.305 Thread 0x00007886f4001370 Exception <a 'sun/nio/fs/UnixException'{0x0000000671001608}> (0x0000000671001608) 
thrown [src/hotspot/share/prims/jni.cpp, line 535]
Event: 123.305 Thread 0x00007886f4001370 Exception <a 'sun/nio/fs/UnixException'{0x0000000671002530}> (0x0000000671002530) 
thrown [src/hotspot/share/prims/jni.cpp, line 535]
Event: 123.305 Thread 0x00007886f4001370 Exception <a 'sun/nio/fs/UnixException'{0x0000000671003210}> (0x0000000671003210) 
thrown [src/hotspot/share/prims/jni.cpp, line 535]
Event: 123.305 Thread 0x00007886f4001370 Exception <a 'sun/nio/fs/UnixException'{0x0000000671003ef0}> (0x0000000671003ef0) 
thrown [src/hotspot/share/prims/jni.cpp, line 535]
Event: 123.305 Thread 0x00007886f4001370 Exception <a 'sun/nio/fs/UnixException'{0x0000000671004bd0}> (0x0000000671004bd0) 
thrown [src/hotspot/share/prims/jni.cpp, line 535]
Event: 123.440 Thread 0x0000788598001f60 Exception <a 'sun/nio/fs/UnixException'{0x000000066fad0a38}> (0x000000066fad0a38) 
thrown [src/hotspot/share/prims/jni.cpp, line 535]
Event: 123.488 Thread 0x0000788598001f60 Exception <a 'sun/nio/fs/UnixException'{0x000000066e8a3748}> (0x000000066e8a3748) 
thrown [src/hotspot/share/prims/jni.cpp, line 535]

VM Operations (20 events):
Event: 107.897 Executing safepoint VM operation: G1PauseCleanup
Event: 107.897 Executing safepoint VM operation: G1PauseCleanup done
Event: 110.059 Executing safepoint VM operation: G1CollectForAllocation (G1 Evacuation Pause)
Event: 110.065 Executing safepoint VM operation: G1CollectForAllocation (G1 Evacuation Pause) done
Event: 113.164 Executing safepoint VM operation: G1CollectForAllocation (G1 Evacuation Pause)
Event: 113.172 Executing safepoint VM operation: G1CollectForAllocation (G1 Evacuation Pause) done
Event: 116.026 Executing safepoint VM operation: G1CollectForAllocation (G1 Evacuation Pause)
Event: 116.034 Executing safepoint VM operation: G1CollectForAllocation (G1 Evacuation Pause) done
Event: 116.249 Executing safepoint VM operation: G1PauseRemark
Event: 116.255 Executing safepoint VM operation: G1PauseRemark done
Event: 116.324 Executing safepoint VM operation: G1PauseCleanup
Event: 116.324 Executing safepoint VM operation: G1PauseCleanup done
Event: 118.718 Executing safepoint VM operation: G1CollectForAllocation (G1 Evacuation Pause)
Event: 118.725 Executing safepoint VM operation: G1CollectForAllocation (G1 Evacuation Pause) done
Event: 120.061 Executing non-safepoint VM operation: HandshakeAllThreads (HandshakeForDeflation)
Event: 120.061 Executing non-safepoint VM operation: HandshakeAllThreads (HandshakeForDeflation) done
Event: 120.061 Executing non-safepoint VM operation: RendezvousGCThreads
Event: 120.061 Executing non-safepoint VM operation: RendezvousGCThreads done
Event: 121.914 Executing safepoint VM operation: G1CollectForAllocation (G1 Evacuation Pause)
Event: 121.921 Executing safepoint VM operation: G1CollectForAllocation (G1 Evacuation Pause) done

Memory protections (20 events):
Event: 79.163 Protecting memory [0x000078872d4f6000,0x000078872d4fa000] with protection modes 0
Event: 79.163 Protecting memory [0x000078872ddf6000,0x000078872ddfa000] with protection modes 0
Event: 79.163 Protecting memory [0x000078872d3f6000,0x000078872d3fa000] with protection modes 0
Event: 83.237 Protecting memory [0x0000788574cff000,0x0000788574d03000] with protection modes 0
Event: 85.537 Protecting memory [0x0000788574cff000,0x0000788574d03000] with protection modes 0
Event: 87.787 Protecting memory [0x0000788574cff000,0x0000788574d03000] with protection modes 0
Event: 92.684 Protecting memory [0x000078863bc00000,0x000078863bc04000] with protection modes 0
Event: 92.985 Protecting memory [0x000078863bc00000,0x000078863bc04000] with protection modes 0
Event: 92.985 Protecting memory [0x0000788574cff000,0x0000788574d03000] with protection modes 0
Event: 92.991 Protecting memory [0x000078872d7f6000,0x000078872d7fa000] with protection modes 0
Event: 92.993 Protecting memory [0x000078872d9f6000,0x000078872d9fa000] with protection modes 0
Event: 92.994 Protecting memory [0x000078872e0f6000,0x000078872e0fa000] with protection modes 0
Event: 94.539 Protecting memory [0x000078863bc00000,0x000078863bc04000] with protection modes 0
Event: 99.788 Protecting memory [0x000078863bc00000,0x000078863bc04000] with protection modes 0
Event: 109.092 Protecting memory [0x000078863bc00000,0x000078863bc04000] with protection modes 0
Event: 109.909 Protecting memory [0x000078872d7f6000,0x000078872d7fa000] with protection modes 0
Event: 115.730 Protecting memory [0x000078863bc00000,0x000078863bc04000] with protection modes 0
Event: 121.627 Protecting memory [0x00007885ac300000,0x00007885ac304000] with protection modes 0
Event: 121.627 Protecting memory [0x000078857feff000,0x000078857ff03000] with protection modes 0
Event: 123.185 Protecting memory [0x000078863bc00000,0x000078863bc04000] with protection modes 0

Nmethod flushes (20 events):
Event: 116.253 Thread 0x00007887780fc740 flushing  nmethod 0x0000788764f82c88
Event: 116.253 Thread 0x00007887780fc740 flushing  nmethod 0x000078876ce4cf08
Event: 116.253 Thread 0x00007887780fc740 flushing  nmethod 0x00007887647abe88
Event: 116.253 Thread 0x00007887780fc740 flushing  nmethod 0x00007887648b6908
Event: 116.253 Thread 0x00007887780fc740 flushing  nmethod 0x000078876490d988
Event: 116.253 Thread 0x00007887780fc740 flushing  nmethod 0x00007887649ebb08
Event: 116.253 Thread 0x00007887780fc740 flushing  nmethod 0x0000788765332b88
Event: 116.253 Thread 0x00007887780fc740 flushing  nmethod 0x000078876551fc08
Event: 116.253 Thread 0x00007887780fc740 flushing  nmethod 0x00007887657d1708
Event: 116.253 Thread 0x00007887780fc740 flushing  nmethod 0x00007887662fff88
Event: 116.253 Thread 0x00007887780fc740 flushing  nmethod 0x000078876c785008
Event: 116.253 Thread 0x00007887780fc740 flushing  nmethod 0x000078876d007e08
Event: 116.253 Thread 0x00007887780fc740 flushing  nmethod 0x000078876c2e4e88
Event: 116.253 Thread 0x00007887780fc740 flushing  nmethod 0x000078876c8ffe88
Event: 116.253 Thread 0x00007887780fc740 flushing  nmethod 0x000078876d61cc88
Event: 116.253 Thread 0x00007887780fc740 flushing  nmethod 0x0000788765206588
Event: 116.253 Thread 0x00007887780fc740 flushing  nmethod 0x0000788765e7cf88
Event: 116.253 Thread 0x00007887780fc740 flushing osr nmethod 0x000078876554e708
Event: 116.253 Thread 0x00007887780fc740 flushing  nmethod 0x000078876623dd88
Event: 116.253 Thread 0x00007887780fc740 flushing  nmethod 0x00007887664cdc88

Events (20 events):
Event: 93.264 Thread 0x0000788710350540 Thread exited: 0x0000788710350540
Event: 94.038 Thread 0x00007887103c62f0 Thread exited: 0x00007887103c62f0
Event: 94.089 Thread 0x0000788630008340 Thread exited: 0x0000788630008340
Event: 94.326 Thread 0x00007887103c3da0 Thread exited: 0x00007887103c3da0
Event: 94.539 Thread 0x0000788778111090 Thread added: 0x00007887103c3da0
Event: 94.827 Thread 0x00007887103c3da0 Thread exited: 0x00007887103c3da0
Event: 99.788 Thread 0x0000788778111090 Thread added: 0x00007887103c3da0
Event: 100.839 Thread 0x00007887103c3da0 Thread exited: 0x00007887103c3da0
Event: 109.092 Thread 0x0000788778111090 Thread added: 0x00007887103c3da0
Event: 109.909 Thread 0x000078877810f6a0 Thread added: 0x000078871ca436e0
Event: 110.188 Thread 0x000078871ca436e0 Thread exited: 0x000078871ca436e0
Event: 113.432 Thread 0x000078877ac9a7e0 Thread exited: 0x000078877ac9a7e0
Event: 114.877 Thread 0x00007887103c3da0 Thread exited: 0x00007887103c3da0
Event: 115.730 Thread 0x000078877810f6a0 Thread added: 0x000078871dab5b30
Event: 117.127 Thread 0x000078871dab5b30 Thread exited: 0x000078871dab5b30
Event: 121.593 Thread 0x000078856000aa30 Thread exited: 0x000078856000aa30
Event: 121.593 Thread 0x000078858c002fd0 Thread exited: 0x000078858c002fd0
Event: 121.627 Thread 0x0000788778030400 Thread added: 0x000078877ac9a7e0
Event: 121.627 Thread 0x0000788778030400 Thread added: 0x000078877870afd0
Event: 123.185 Thread 0x0000788778111090 Thread added: 0x00007887103c62f0


Dynamic libraries:
19000000-19001000 ---p 00000000 00:00 0 
19001000-1ace6000 rw-p 00001000 103:02 24773647                          /home/tillman/snap/MCreator20262/jdk/lib/server/classes.jsa
1ace6000-1b000000 ---p 00000000 00:00 0 
1b000000-1b040000 rw-p 00000000 00:00 0 
1b040000-1b060000 rw-p 00000000 00:00 0 
1b060000-1b140000 rw-p 00000000 00:00 0 
1b140000-1b180000 rw-p 00000000 00:00 0 
1b180000-1b440000 rw-p 00000000 00:00 0 
1b440000-1b480000 rw-p 00000000 00:00 0 
1b480000-1c7f0000 rw-p 00000000 00:00 0 
1c7f0000-1c800000 ---p 00000000 00:00 0 
1c800000-1cb00000 rw-p 00000000 00:00 0 
1cb00000-5b000000 ---p 00000000 00:00 0 
5b000000-5b0af000 rw-p 00000000 00:00 0 
5b0af000-5b0b1000 r-xs 00000000 00:01 35594                              /memfd:/.glXXXXXX (deleted)
61bc00000-683000000 rw-p 00000000 00:00 0 
683000000-7fa000000 ---p 00000000 00:00 0 
7fa000000-7ffc00000 rw-p 00000000 00:00 0 
7ffc00000-7ffe57000 rw-p 01d55000 103:02 24773647                        /home/tillman/snap/MCreator20262/jdk/lib/server/classes.jsa
7ffe57000-800000000 rw-p 00000000 00:00 0 
5c6775bb3000-5c6775bb4000 r--p 00000000 103:02 24773746                  /home/tillman/snap/MCreator20262/jdk/bin/java
5c6775bb4000-5c6775bb5000 r-xp 00001000 103:02 24773746                  /home/tillman/snap/MCreator20262/jdk/bin/java
5c6775bb5000-5c6775bb6000 r--p 00002000 103:02 24773746                  /home/tillman/snap/MCreator20262/jdk/bin/java
5c6775bb6000-5c6775bb7000 r--p 00002000 103:02 24773746                  /home/tillman/snap/MCreator20262/jdk/bin/java
5c6775bb7000-5c6775bb8000 rw-p 00003000 103:02 24773746                  /home/tillman/snap/MCreator20262/jdk/bin/java
5c677c2c4000-5c677c311000 rw-p 00000000 00:00 0                          [heap]
788550000000-788550053000 rw-p 00000000 00:00 0 
788550053000-788554000000 ---p 00000000 00:00 0 
788554000000-788554598000 rw-p 00000000 00:00 0 
788554598000-788558000000 ---p 00000000 00:00 0 
788558000000-788558052000 rw-p 00000000 00:00 0 
788558052000-78855c000000 ---p 00000000 00:00 0 
78855c000000-78855c1c8000 rw-p 00000000 00:00 0 
78855c1c8000-788560000000 ---p 00000000 00:00 0 
788560000000-788560059000 rw-p 00000000 00:00 0 
788560059000-788564000000 ---p 00000000 00:00 0 
7885671fe000-7885673fe000 rw-s 00000000 00:07 1323                       /dev/nvidiactl
7885673fe000-788571400000 rw-p 00000000 00:00 0 
788571400000-788574c00000 rw-p 00000000 00:00 0 
788574cff000-788574d03000 ---p 00000000 00:00 0 
788574d03000-788574dff000 rw-p 00000000 00:00 0 
788574dff000-78857ce00000 rw-p 00000000 00:00 0 
78857ce00000-78857fe00000 rw-p 00000000 00:00 0 
78857feff000-78857ff03000 ---p 00000000 00:00 0 
78857ff03000-78857ffff000 rw-p 00000000 00:00 0 
78857ffff000-78858805e000 rw-p 00000000 00:00 0 
78858805e000-78858c000000 ---p 00000000 00:00 0 
78858c000000-78858c057000 rw-p 00000000 00:00 0 
78858c057000-788590000000 ---p 00000000 00:00 0 
788590000000-7885900ab000 rw-p 00000000 00:00 0 
7885900ab000-788594000000 ---p 00000000 00:00 0 
788594000000-788594055000 rw-p 00000000 00:00 0 
788594055000-788598000000 ---p 00000000 00:00 0 
788598000000-788598058000 rw-p 00000000 00:00 0 
788598058000-78859c000000 ---p 00000000 00:00 0 
78859c000000-78859c021000 rw-p 00000000 00:00 0 
78859c021000-7885a0000000 ---p 00000000 00:00 0 
7885a0000000-7885a005f000 rw-p 00000000 00:00 0 
7885a005f000-7885a4000000 ---p 00000000 00:00 0 
7885a4000000-7885a4257000 rw-p 00000000 00:00 0 
7885a4257000-7885a8000000 ---p 00000000 00:00 0 
7885a8000000-7885a806c000 rw-p 00000000 00:00 0 
7885a806c000-7885ac000000 ---p 00000000 00:00 0 
7885ac000000-7885ac004000 ---p 00000000 00:00 0 
7885ac004000-7885ac100000 rw-p 00000000 00:00 0 
7885ac100000-7885ac300000 rw-s 00000000 00:07 1323                       /dev/nvidiactl
7885ac300000-7885ac304000 ---p 00000000 00:00 0 
7885ac304000-7885ac400000 rw-p 00000000 00:00 0 
7885ac400000-7885aec00000 rw-p 00000000 00:00 0 
7885aec00000-7885af000000 rw-s 00000000 00:07 1323                       /dev/nvidiactl
7885af000000-7885af400000 rw-s 00000000 00:07 1323                       /dev/nvidiactl
7885af400000-7885af800000 rw-s 00000000 00:07 1323                       /dev/nvidiactl
7885af800000-7885afc00000 rw-s 00000000 00:07 1323                       /dev/nvidiactl
7885afc00000-7885b0000000 rw-s 00000000 00:07 1323                       /dev/nvidiactl
7885b0000000-7885b00a0000 rw-p 00000000 00:00 0 
7885b00a0000-7885b4000000 ---p 00000000 00:00 0 
7885b40fe000-7885b4102000 ---p 00000000 00:00 0 
7885b4102000-7885b5200000 rw-p 00000000 00:00 0 
7885b5200000-7885b5600000 rw-p 00000000 00:00 0 
7885b5680000-7885b5684000 ---p 00000000 00:00 0 
7885b5684000-7885b5780000 rw-p 00000000 00:00 0 
7885b5780000-7885b6a00000 rw-p 00000000 00:00 0 
7885b6a00000-7885b6a04000 ---p 00000000 00:00 0 
7885b6a04000-7885b6b00000 rw-p 00000000 00:00 0 
7885b6b00000-7885b8000000 rw-p 00000000 00:00 0 
7885b8000000-7885b8098000 rw-p 00000000 00:00 0 
7885b8098000-7885bc000000 ---p 00000000 00:00 0 
7885bc000000-7885be121000 rw-p 00000000 00:00 0 
7885be121000-7885c0000000 ---p 00000000 00:00 0 
7885c0000000-7885c00cb000 rw-p 00000000 00:00 0 
7885c00cb000-7885c4000000 ---p 00000000 00:00 0 
7885c4000000-7885c40ac000 rw-p 00000000 00:00 0 
7885c40ac000-7885c8000000 ---p 00000000 00:00 0 
7885c8000000-7885c8060000 rw-p 00000000 00:00 0 
7885c8060000-7885cc000000 ---p 00000000 00:00 0 
7885cc000000-7885cc082000 rw-p 00000000 00:00 0 
7885cc082000-7885d0000000 ---p 00000000 00:00 0 
7885d0000000-7885d0051000 rw-p 00000000 00:00 0 
7885d0051000-7885d4000000 ---p 00000000 00:00 0 
7885d4000000-7885d4200000 rw-s 00000000 00:07 1323                       /dev/nvidiactl
7885d4200000-7885d7800000 rw-p 00000000 00:00 0 
7885d7800000-7885d7804000 ---p 00000000 00:00 0 
7885d7804000-7885d7900000 rw-p 00000000 00:00 0 
7885d7900000-7885d7904000 ---p 00000000 00:00 0 
7885d7904000-7885d7a00000 rw-p 00000000 00:00 0 
7885d7a00000-7885d7a04000 ---p 00000000 00:00 0 
7885d7a04000-7885d7b00000 rw-p 00000000 00:00 0 
7885d7b00000-7885d8000000 rw-p 00000000 00:00 0 
7885d8000000-7885d805e000 rw-p 00000000 00:00 0 
7885d805e000-7885dc000000 ---p 00000000 00:00 0 
7885dc000000-7885dc049000 rw-p 00000000 00:00 0 
7885dc049000-7885e0000000 ---p 00000000 00:00 0 
7885e0000000-7885e0045000 rw-p 00000000 00:00 0 
7885e0045000-7885e4000000 ---p 00000000 00:00 0 
7885e4000000-7885e4064000 rw-p 00000000 00:00 0 
7885e4064000-7885e8000000 ---p 00000000 00:00 0 
7885e8000000-7885e80cd000 rw-p 00000000 00:00 0 
7885e80cd000-7885ec000000 ---p 00000000 00:00 0 
7885ec000000-7885ec05e000 rw-p 00000000 00:00 0 
7885ec05e000-7885f0000000 ---p 00000000 00:00 0 
7885f0000000-7885f0030000 rw-p 00000000 00:00 0 
7885f0030000-7885f4000000 ---p 00000000 00:00 0 
7885f4000000-7885f4064000 rw-p 00000000 00:00 0 
7885f4064000-7885f8000000 ---p 00000000 00:00 0 
7885f8000000-7885fa621000 rw-p 00000000 00:00 0 
7885fa621000-7885fc000000 ---p 00000000 00:00 0 
7885fc000000-7885fc06d000 rw-p 00000000 00:00 0 
7885fc06d000-788600000000 ---p 00000000 00:00 0 
788600000000-7886021c8000 rw-p 00000000 00:00 0 
7886021c8000-788604000000 ---p 00000000 00:00 0 
788604080000-788604084000 ---p 00000000 00:00 0 
788604084000-788604180000 rw-p 00000000 00:00 0 
788604180000-788604184000 ---p 00000000 00:00 0 
788604184000-788604280000 rw-p 00000000 00:00 0 
788604280000-788604284000 ---p 00000000 00:00 0 
788604284000-788604380000 rw-p 00000000 00:00 0 
788604380000-788610000000 rw-p 00000000 00:00 0 
788610000000-788610700000 rw-p 00000000 00:00 0 
788610700000-788610800000 rw-p 00000000 00:00 0 
788610800000-788612180000 rw-p 00000000 00:00 0 
788612180000-788612200000 rw-p 00000000 00:00 0 
788612200000-788612f00000 rw-p 00000000 00:00 0 
788612f00000-788612fb0000 rw-p 00000000 00:00 0 
788612fb0000-788613000000 ---p 00000000 00:00 0 
788613000000-788613e60000 rw-p 00000000 00:00 0 
788613e60000-788614000000 ---p 00000000 00:00 0 
788614000000-788614021000 rw-p 00000000 00:00 0 
788614021000-788618004000 ---p 00000000 00:00 0 
788618004000-788618100000 rw-p 00000000 00:00 0 
788618100000-788618104000 ---p 00000000 00:00 0 
788618104000-788618200000 rw-p 00000000 00:00 0 
788618200000-788618400000 rw-p 00000000 00:00 0 
788618400000-788618404000 ---p 00000000 00:00 0 
788618404000-788618500000 rw-p 00000000 00:00 0 
788618500000-788618504000 ---p 00000000 00:00 0 
788618504000-788618600000 rw-p 00000000 00:00 0 
788618600000-788618604000 ---p 00000000 00:00 0 
788618604000-788618700000 rw-p 00000000 00:00 0 
788618700000-788618704000 ---p 00000000 00:00 0 
788618704000-788618800000 rw-p 00000000 00:00 0 
788618800000-78861880b000 r--p 00000000 103:02 20711218                  /usr/lib/x86_64-linux-gnu/libflite_cmu_us_kal16.so.2.2
78861880b000-78861880c000 r-xp 0000b000 103:02 20711218                  /usr/lib/x86_64-linux-gnu/libflite_cmu_us_kal16.so.2.2
78861880c000-788618bd1000 r--p 0000c000 103:02 20711218                  /usr/lib/x86_64-linux-gnu/libflite_cmu_us_kal16.so.2.2
788618bd1000-788618bd8000 r--p 003d1000 103:02 20711218                  /usr/lib/x86_64-linux-gnu/libflite_cmu_us_kal16.so.2.2
788618bd8000-788618bd9000 rw-p 003d8000 103:02 20711218                  /usr/lib/x86_64-linux-gnu/libflite_cmu_us_kal16.so.2.2
788618c00000-78861b800000 rw-p 00000000 00:00 0 
78861b800000-78861b804000 ---p 00000000 00:00 0 
78861b804000-78861b900000 rw-p 00000000 00:00 0 
78861b900000-78861c000000 rw-p 00000000 00:00 0 
78861c000000-78861c021000 rw-p 00000000 00:00 0 
78861c021000-788620000000 ---p 00000000 00:00 0 
788620000000-7886220c9000 rw-p 00000000 00:00 0 
7886220c9000-788624000000 ---p 00000000 00:00 0 
788624000000-788624021000 rw-p 00000000 00:00 0 
788624021000-788628000000 ---p 00000000 00:00 0 
788628000000-788628021000 rw-p 00000000 00:00 0 
788628021000-78862c000000 ---p 00000000 00:00 0 
78862c000000-78862db7f000 rw-p 00000000 00:00 0 
78862db7f000-788630000000 ---p 00000000 00:00 0 
788630000000-78863119d000 rw-p 00000000 00:00 0 
78863119d000-788634000000 ---p 00000000 00:00 0 
788634000000-788635a30000 rw-p 00000000 00:00 0 
788635a30000-788638000000 ---p 00000000 00:00 0 
7886380e2000-7886380e6000 ---p 00000000 00:00 0 
7886380e6000-7886381e2000 rw-p 00000000 00:00 0 
7886381e2000-7886381e6000 ---p 00000000 00:00 0 
7886381e6000-7886382e2000 rw-p 00000000 00:00 0 
7886382e2000-78863830e000 r--p 00000000 103:02 20740059                  /usr/lib/x86_64-linux-gnu/libasound.so.2.0.0
78863830e000-7886383b7000 r-xp 0002c000 103:02 20740059                  /usr/lib/x86_64-linux-gnu/libasound.so.2.0.0
7886383b7000-7886383f8000 r--p 000d5000 103:02 20740059                  /usr/lib/x86_64-linux-gnu/libasound.so.2.0.0
7886383f8000-7886383ff000 r--p 00116000 103:02 20740059                  /usr/lib/x86_64-linux-gnu/libasound.so.2.0.0
7886383ff000-788638400000 rw-p 0011d000 103:02 20740059                  /usr/lib/x86_64-linux-gnu/libasound.so.2.0.0
788638400000-788638600000 rw-s 00000000 00:07 1323                       /dev/nvidiactl
788638600000-788638c00000 rw-p 00000000 00:00 0 
788638c69000-788638c70000 r--p 00000000 103:02 20711272                  /usr/lib/x86_64-linux-gnu/libflite_cmulex.so.2.2
788638c70000-788638c71000 r-xp 00007000 103:02 20711272                  /usr/lib/x86_64-linux-gnu/libflite_cmulex.so.2.2
788638c71000-788638cfc000 r--p 00008000 103:02 20711272                  /usr/lib/x86_64-linux-gnu/libflite_cmulex.so.2.2
788638cfc000-788638cff000 r--p 00092000 103:02 20711272                  /usr/lib/x86_64-linux-gnu/libflite_cmulex.so.2.2
788638cff000-788638d00000 rw-p 00095000 103:02 20711272                  /usr/lib/x86_64-linux-gnu/libflite_cmulex.so.2.2
788638d00000-788639800000 rw-p 00000000 00:00 0 
788639871000-788639884000 r--p 00000000 103:02 20711276                  /usr/lib/x86_64-linux-gnu/libflite_usenglish.so.2.2
788639884000-788639889000 r-xp 00013000 103:02 20711276                  /usr/lib/x86_64-linux-gnu/libflite_usenglish.so.2.2
788639889000-78863988f000 r--p 00018000 103:02 20711276                  /usr/lib/x86_64-linux-gnu/libflite_usenglish.so.2.2
78863988f000-78863989a000 r--p 0001e000 103:02 20711276                  /usr/lib/x86_64-linux-gnu/libflite_usenglish.so.2.2
78863989a000-78863989b000 rw-p 00029000 103:02 20711276                  /usr/lib/x86_64-linux-gnu/libflite_usenglish.so.2.2
78863989b000-788639b1b000 rw-p 00000000 00:00 0 
788639b1b000-78863ab1d000 rw-p 00000000 00:00 0 
78863ab1d000-78863ab42000 r--p 00000000 103:02 20740557                  /usr/lib/x86_64-linux-gnu/libpipewire-0.3.so.0.1602.0
78863ab42000-78863abc7000 r-xp 00025000 103:02 20740557                  /usr/lib/x86_64-linux-gnu/libpipewire-0.3.so.0.1602.0
78863abc7000-78863abe3000 r--p 000aa000 103:02 20740557                  /usr/lib/x86_64-linux-gnu/libpipewire-0.3.so.0.1602.0
78863abe3000-78863abfe000 r--p 000c6000 103:02 20740557                  /usr/lib/x86_64-linux-gnu/libpipewire-0.3.so.0.1602.0
78863abfe000-78863abff000 rw-p 000e1000 103:02 20740557                  /usr/lib/x86_64-linux-gnu/libpipewire-0.3.so.0.1602.0
78863abff000-78863ac00000 rw-p 00000000 00:00 0 
78863ac00000-78863aca3000 r--p 00000000 103:02 20740663                  /usr/lib/x86_64-linux-gnu/libstdc++.so.6.0.35
78863aca3000-78863adfe000 r-xp 000a3000 103:02 20740663                  /usr/lib/x86_64-linux-gnu/libstdc++.so.6.0.35
78863adfe000-78863ae8a000 r--p 001fe000 103:02 20740663                  /usr/lib/x86_64-linux-gnu/libstdc++.so.6.0.35
78863ae8a000-78863ae99000 r--p 0028a000 103:02 20740663                  /usr/lib/x86_64-linux-gnu/libstdc++.so.6.0.35
78863ae99000-78863ae9c000 rw-p 00299000 103:02 20740663                  /usr/lib/x86_64-linux-gnu/libstdc++.so.6.0.35
78863ae9c000-78863aea0000 rw-p 00000000 00:00 0 
78863aeb9000-78863aec4000 r--p 00000000 103:02 20711188                  /usr/lib/x86_64-linux-gnu/libflite.so.2.2
78863aec4000-78863aee6000 r-xp 0000b000 103:02 20711188                  /usr/lib/x86_64-linux-gnu/libflite.so.2.2
78863aee6000-78863aef1000 r--p 0002d000 103:02 20711188                  /usr/lib/x86_64-linux-gnu/libflite.so.2.2
78863aef1000-78863aef3000 r--p 00037000 103:02 20711188                  /usr/lib/x86_64-linux-gnu/libflite.so.2.2
78863aef3000-78863aef4000 rw-p 00039000 103:02 20711188                  /usr/lib/x86_64-linux-gnu/libflite.so.2.2
78863aef4000-78863aef8000 r--p 00000000 103:02 20743448                  /usr/lib/x86_64-linux-gnu/pipewire-0.3/libpipewire-module-session-manager.so
78863aef8000-78863af17000 r-xp 00004000 103:02 20743448                  /usr/lib/x86_64-linux-gnu/pipewire-0.3/libpipewire-module-session-manager.so
78863af17000-78863af1c000 r--p 00023000 103:02 20743448                  /usr/lib/x86_64-linux-gnu/pipewire-0.3/libpipewire-module-session-manager.so
78863af1c000-78863af1e000 r--p 00027000 103:02 20743448                  /usr/lib/x86_64-linux-gnu/pipewire-0.3/libpipewire-module-session-manager.so
78863af1e000-78863af1f000 rw-p 00029000 103:02 20743448                  /usr/lib/x86_64-linux-gnu/pipewire-0.3/libpipewire-module-session-manager.so
78863af1f000-78863b077000 r-xp 00000000 00:2e 2189                       /tmp/lwjgl_tillman/3.4.1+2/x64/libopenal.so
78863b077000-78863b111000 r--p 00158000 00:2e 2189                       /tmp/lwjgl_tillman/3.4.1+2/x64/libopenal.so
78863b111000-78863b11b000 r--p 001f2000 00:2e 2189                       /tmp/lwjgl_tillman/3.4.1+2/x64/libopenal.so
78863b11b000-78863b11c000 rw-p 001fc000 00:2e 2189                       /tmp/lwjgl_tillman/3.4.1+2/x64/libopenal.so
78863b11c000-78863b200000 rw-p 00000000 00:00 0 
78863b200000-78863b400000 rw-s 00000000 00:07 1323                       /dev/nvidiactl
78863b400000-78863b41e000 r-xp 00000000 103:02 23868949                  /home/tillman/.cache/JNA/temp/jna17516511979041716175.tmp (deleted)
78863b41e000-78863b61d000 ---p 0001e000 103:02 23868949                  /home/tillman/.cache/JNA/temp/jna17516511979041716175.tmp (deleted)
78863b61d000-78863b61e000 rw-p 0001d000 103:02 23868949                  /home/tillman/.cache/JNA/temp/jna17516511979041716175.tmp (deleted)
78863b61e000-78863b61f000 rw-p 00000000 00:00 0 
78863b643000-78863b646000 r--p 00000000 103:02 20743427                  /usr/lib/x86_64-linux-gnu/pipewire-0.3/libpipewire-module-metadata.so
78863b646000-78863b650000 r-xp 00003000 103:02 20743427                  /usr/lib/x86_64-linux-gnu/pipewire-0.3/libpipewire-module-metadata.so
78863b650000-78863b652000 r--p 0000d000 103:02 20743427                  /usr/lib/x86_64-linux-gnu/pipewire-0.3/libpipewire-module-metadata.so
78863b652000-78863b653000 r--p 0000e000 103:02 20743427                  /usr/lib/x86_64-linux-gnu/pipewire-0.3/libpipewire-module-metadata.so
78863b653000-78863b654000 rw-p 0000f000 103:02 20743427                  /usr/lib/x86_64-linux-gnu/pipewire-0.3/libpipewire-module-metadata.so
78863b654000-78863b657000 r--p 00000000 103:02 20740550                  /usr/lib/x86_64-linux-gnu/libpcre2-8.so.0.14.0
78863b657000-78863b6d3000 r-xp 00003000 103:02 20740550                  /usr/lib/x86_64-linux-gnu/libpcre2-8.so.0.14.0
78863b6d3000-78863b6fe000 r--p 0007f000 103:02 20740550                  /usr/lib/x86_64-linux-gnu/libpcre2-8.so.0.14.0
78863b6fe000-78863b6ff000 r--p 000a9000 103:02 20740550                  /usr/lib/x86_64-linux-gnu/libpcre2-8.so.0.14.0
78863b6ff000-78863b700000 rw-p 000aa000 103:02 20740550                  /usr/lib/x86_64-linux-gnu/libpcre2-8.so.0.14.0
78863b700000-78863b704000 ---p 00000000 00:00 0 
78863b704000-78863b800000 rw-p 00000000 00:00 0 
78863b800000-78863b804000 ---p 00000000 00:00 0 
78863b804000-78863b900000 rw-p 00000000 00:00 0 
78863b900000-78863b904000 ---p 00000000 00:00 0 
78863b904000-78863ba00000 rw-p 00000000 00:00 0 
78863ba00000-78863ba04000 ---p 00000000 00:00 0 
78863ba04000-78863bb00000 rw-p 00000000 00:00 0 
78863bb00000-78863bb04000 ---p 00000000 00:00 0 
78863bb04000-78863bc00000 rw-p 00000000 00:00 0 
78863bc00000-78863bc04000 ---p 00000000 00:00 0 
78863bc04000-78863bd00000 rw-p 00000000 00:00 0 
78863bd00000-78863be00000 rw-s 00000000 00:07 1323                       /dev/nvidiactl
78863be00000-78863be04000 ---p 00000000 00:00 0 
78863be04000-78863bf00000 rw-p 00000000 00:00 0 
78863bf00000-78863bf04000 ---p 00000000 00:00 0 
78863bf04000-78863c000000 rw-p 00000000 00:00 0 
78863c000000-78863c021000 rw-p 00000000 00:00 0 
78863c021000-788640000000 ---p 00000000 00:00 0 
788640000000-788640187000 rw-p 00000000 00:00 0 
788640187000-788644000000 ---p 00000000 00:00 0 
788644000000-788644021000 rw-p 00000000 00:00 0 
788644021000-788648000000 ---p 00000000 00:00 0 
788648000000-788648021000 rw-p 00000000 00:00 0 
788648021000-78864c000000 ---p 00000000 00:00 0 
78864c000000-78864c0be000 rw-p 00000000 00:00 0 
78864c0be000-788650000000 ---p 00000000 00:00 0 
788650000000-78865005a000 rw-p 00000000 00:00 0 
78865005a000-788654000000 ---p 00000000 00:00 0 
788654000000-7886541a3000 rw-p 00000000 00:00 0 
7886541a3000-788658000000 ---p 00000000 00:00 0 
788658000000-78865802b000 rw-p 00000000 00:00 0 
78865802b000-78865c000000 ---p 00000000 00:00 0 
78865c000000-78865c0a3000 rw-p 00000000 00:00 0 
78865c0a3000-788660000000 ---p 00000000 00:00 0 
788660000000-788660021000 rw-p 00000000 00:00 0 
788660021000-788664000000 ---p 00000000 00:00 0 
788664000000-78866535a000 rw-p 00000000 00:00 0 
78866535a000-788668000000 ---p 00000000 00:00 0 
788668000000-788669c47000 rw-p 00000000 00:00 0 
788669c47000-78866c000000 ---p 00000000 00:00 0 
78866c000000-78866f676000 rw-p 00000000 00:00 0 
78866f676000-788670000000 ---p 00000000 00:00 0 
788670004000-78867000b000 r--p 00000000 103:02 20740626                  /usr/lib/x86_64-linux-gnu/libselinux.so.1
78867000b000-78867002c000 r-xp 00007000 103:02 20740626                  /usr/lib/x86_64-linux-gnu/libselinux.so.1
78867002c000-788670033000 r--p 00028000 103:02 20740626                  /usr/lib/x86_64-linux-gnu/libselinux.so.1
788670033000-788670034000 r--p 0002f000 103:02 20740626                  /usr/lib/x86_64-linux-gnu/libselinux.so.1
788670034000-788670035000 rw-p 00030000 103:02 20740626                  /usr/lib/x86_64-linux-gnu/libselinux.so.1
788670035000-788670037000 rw-p 00000000 00:00 0 
788670037000-788670044000 r--p 00000000 103:02 20743434                  /usr/lib/x86_64-linux-gnu/pipewire-0.3/libpipewire-module-protocol-native.so
788670044000-788670063000 r-xp 0000d000 103:02 20743434                  /usr/lib/x86_64-linux-gnu/pipewire-0.3/libpipewire-module-protocol-native.so
788670063000-78867006e000 r--p 0002c000 103:02 20743434                  /usr/lib/x86_64-linux-gnu/pipewire-0.3/libpipewire-module-protocol-native.so
78867006e000-788670079000 r--p 00036000 103:02 20743434                  /usr/lib/x86_64-linux-gnu/pipewire-0.3/libpipewire-module-protocol-native.so
788670079000-78867007a000 rw-p 00041000 103:02 20743434                  /usr/lib/x86_64-linux-gnu/pipewire-0.3/libpipewire-module-protocol-native.so
78867007a000-78867087b000 rw-p 00000000 00:00 0 
78867087b000-78867087f000 ---p 00000000 00:00 0 
78867087f000-78867097b000 rw-p 00000000 00:00 0 
78867097b000-78867097f000 ---p 00000000 00:00 0 
78867097f000-788670a7b000 rw-p 00000000 00:00 0 
788670a7b000-788670a7f000 ---p 00000000 00:00 0 
788670a7f000-788670b7b000 rw-p 00000000 00:00 0 
788670b7b000-788670b7f000 ---p 00000000 00:00 0 
788670b7f000-788670c7b000 rw-p 00000000 00:00 0 
788670c7b000-788670c7f000 ---p 00000000 00:00 0 
788670c7f000-788670d7b000 rw-p 00000000 00:00 0 
788670d7b000-788670d7f000 ---p 00000000 00:00 0 
788670d7f000-78867127f000 rw-p 00000000 00:00 0 
78867127f000-788671283000 ---p 00000000 00:00 0 
788671283000-78867137f000 rw-p 00000000 00:00 0 
78867137f000-788671383000 ---p 00000000 00:00 0 
788671383000-78867147f000 rw-p 00000000 00:00 0 
78867147f000-788671483000 ---p 00000000 00:00 0 
788671483000-78867157f000 rw-p 00000000 00:00 0 
78867157f000-788671583000 ---p 00000000 00:00 0 
788671583000-78867167f000 rw-p 00000000 00:00 0 
78867167f000-78867187f000 rw-s 00000000 00:07 1323                       /dev/nvidiactl
78867187f000-788671bff000 rw-p 00000000 00:00 0 
788671bff000-788672400000 rw-p 00000000 00:00 0 
788672400000-788672714000 r--p 00000000 103:02 20711729                  /usr/lib/x86_64-linux-gnu/libnvidia-gpucomp.so.595.71.05
788672714000-788676642000 r-xp 00314000 103:02 20711729                  /usr/lib/x86_64-linux-gnu/libnvidia-gpucomp.so.595.71.05
788676642000-788677a71000 r--p 04242000 103:02 20711729                  /usr/lib/x86_64-linux-gnu/libnvidia-gpucomp.so.595.71.05
788677a71000-788677a72000 ---p 05671000 103:02 20711729                  /usr/lib/x86_64-linux-gnu/libnvidia-gpucomp.so.595.71.05
788677a72000-788677c7e000 r--p 05671000 103:02 20711729                  /usr/lib/x86_64-linux-gnu/libnvidia-gpucomp.so.595.71.05
788677c7e000-788677db8000 rw-p 0587d000 103:02 20711729                  /usr/lib/x86_64-linux-gnu/libnvidia-gpucomp.so.595.71.05
788677db8000-788677e64000 rw-p 00000000 00:00 0 
788677e6a000-788677e6c000 r--p 00000000 103:02 20743417                  /usr/lib/x86_64-linux-gnu/pipewire-0.3/libpipewire-module-client-device.so
788677e6c000-788677e79000 r-xp 00002000 103:02 20743417                  /usr/lib/x86_64-linux-gnu/pipewire-0.3/libpipewire-module-client-device.so
788677e79000-788677e7a000 r--p 0000f000 103:02 20743417                  /usr/lib/x86_64-linux-gnu/pipewire-0.3/libpipewire-module-client-device.so
788677e7a000-788677e7b000 r--p 00010000 103:02 20743417                  /usr/lib/x86_64-linux-gnu/pipewire-0.3/libpipewire-module-client-device.so
788677e7b000-788677e7c000 rw-p 00011000 103:02 20743417                  /usr/lib/x86_64-linux-gnu/pipewire-0.3/libpipewire-module-client-device.so
788677e7c000-788677e80000 r--p 00000000 103:02 20743418                  /usr/lib/x86_64-linux-gnu/pipewire-0.3/libpipewire-module-client-node.so
788677e80000-788677e9b000 r-xp 00004000 103:02 20743418                  /usr/lib/x86_64-linux-gnu/pipewire-0.3/libpipewire-module-client-node.so
788677e9b000-788677ea0000 r--p 0001f000 103:02 20743418                  /usr/lib/x86_64-linux-gnu/pipewire-0.3/libpipewire-module-client-node.so
788677ea0000-788677ea2000 r--p 00023000 103:02 20743418                  /usr/lib/x86_64-linux-gnu/pipewire-0.3/libpipewire-module-client-node.so
788677ea2000-788677ea3000 rw-p 00025000 103:02 20743418                  /usr/lib/x86_64-linux-gnu/pipewire-0.3/libpipewire-module-client-node.so
788677ea3000-788677ea8000 r--p 00000000 103:02 20841065                  /usr/lib/x86_64-linux-gnu/spa-0.2/support/libspa-support.so
788677ea8000-788677ec3000 r-xp 00005000 103:02 20841065                  /usr/lib/x86_64-linux-gnu/spa-0.2/support/libspa-support.so
788677ec3000-788677ec9000 r--p 00020000 103:02 20841065                  /usr/lib/x86_64-linux-gnu/spa-0.2/support/libspa-support.so
788677ec9000-788677ed1000 r--p 00025000 103:02 20841065                  /usr/lib/x86_64-linux-gnu/spa-0.2/support/libspa-support.so
788677ed1000-788677ed2000 rw-p 0002d000 103:02 20841065                  /usr/lib/x86_64-linux-gnu/spa-0.2/support/libspa-support.so
788677ed2000-788677ed6000 r--p 00000000 103:02 20740247                  /usr/lib/x86_64-linux-gnu/libgcc_s.so.1
788677ed6000-788677efa000 r-xp 00004000 103:02 20740247                  /usr/lib/x86_64-linux-gnu/libgcc_s.so.1
788677efa000-788677efe000 r--p 00028000 103:02 20740247                  /usr/lib/x86_64-linux-gnu/libgcc_s.so.1
788677efe000-788677eff000 r--p 0002c000 103:02 20740247                  /usr/lib/x86_64-linux-gnu/libgcc_s.so.1
788677eff000-788677f00000 rw-p 0002d000 103:02 20740247                  /usr/lib/x86_64-linux-gnu/libgcc_s.so.1
788677f00000-788677f04000 ---p 00000000 00:00 0 
788677f04000-788678000000 rw-p 00000000 00:00 0 
788678000000-788679c81000 rw-p 00000000 00:00 0 
788679c81000-78867c000000 ---p 00000000 00:00 0 
78867c004000-78867c006000 r--p 00000000 103:02 20743415                  /usr/lib/x86_64-linux-gnu/pipewire-0.3/libpipewire-module-adapter.so
78867c006000-78867c00a000 r-xp 00002000 103:02 20743415                  /usr/lib/x86_64-linux-gnu/pipewire-0.3/libpipewire-module-adapter.so
78867c00a000-78867c00c000 r--p 00006000 103:02 20743415                  /usr/lib/x86_64-linux-gnu/pipewire-0.3/libpipewire-module-adapter.so
78867c00c000-78867c00d000 r--p 00007000 103:02 20743415                  /usr/lib/x86_64-linux-gnu/pipewire-0.3/libpipewire-module-adapter.so
78867c00d000-78867c00e000 rw-p 00008000 103:02 20743415                  /usr/lib/x86_64-linux-gnu/pipewire-0.3/libpipewire-module-adapter.so
78867c00e000-78867c010000 r--p 00000000 103:02 20743442                  /usr/lib/x86_64-linux-gnu/pipewire-0.3/libpipewire-module-rt.so
78867c010000-78867c014000 r-xp 00002000 103:02 20743442                  /usr/lib/x86_64-linux-gnu/pipewire-0.3/libpipewire-module-rt.so
78867c014000-78867c016000 r--p 00006000 103:02 20743442                  /usr/lib/x86_64-linux-gnu/pipewire-0.3/libpipewire-module-rt.so
78867c016000-78867c017000 r--p 00007000 103:02 20743442                  /usr/lib/x86_64-linux-gnu/pipewire-0.3/libpipewire-module-rt.so
78867c017000-78867c018000 rw-p 00008000 103:02 20743442                  /usr/lib/x86_64-linux-gnu/pipewire-0.3/libpipewire-module-rt.so
78867c018000-78867c01a000 r--p 00000000 103:02 20841063                  /usr/lib/x86_64-linux-gnu/spa-0.2/support/libspa-dbus.so
78867c01a000-78867c01d000 r-xp 00002000 103:02 20841063                  /usr/lib/x86_64-linux-gnu/spa-0.2/support/libspa-dbus.so
78867c01d000-78867c01e000 r--p 00005000 103:02 20841063                  /usr/lib/x86_64-linux-gnu/spa-0.2/support/libspa-dbus.so
78867c01e000-78867c01f000 r--p 00005000 103:02 20841063                  /usr/lib/x86_64-linux-gnu/spa-0.2/support/libspa-dbus.so
78867c01f000-78867c020000 rw-p 00006000 103:02 20841063                  /usr/lib/x86_64-linux-gnu/spa-0.2/support/libspa-dbus.so
78867c020000-78867c021000 r--p 00000000 103:02 20841064                  /usr/lib/x86_64-linux-gnu/spa-0.2/support/libspa-journal.so
78867c021000-78867c023000 r-xp 00001000 103:02 20841064                  /usr/lib/x86_64-linux-gnu/spa-0.2/support/libspa-journal.so
78867c023000-78867c024000 r--p 00003000 103:02 20841064                  /usr/lib/x86_64-linux-gnu/spa-0.2/support/libspa-journal.so
78867c024000-78867c025000 r--p 00003000 103:02 20841064                  /usr/lib/x86_64-linux-gnu/spa-0.2/support/libspa-journal.so
78867c025000-78867c026000 rw-p 00004000 103:02 20841064                  /usr/lib/x86_64-linux-gnu/spa-0.2/support/libspa-journal.so
78867c026000-78867c02e000 r--p 00000000 103:02 20740706                  /usr/lib/x86_64-linux-gnu/libudev.so.1.7.12
78867c02e000-78867c055000 r-xp 00008000 103:02 20740706                  /usr/lib/x86_64-linux-gnu/libudev.so.1.7.12
78867c055000-78867c067000 r--p 0002f000 103:02 20740706                  /usr/lib/x86_64-linux-gnu/libudev.so.1.7.12
78867c067000-78867c06c000 r--p 00041000 103:02 20740706                  /usr/lib/x86_64-linux-gnu/libudev.so.1.7.12
78867c06c000-78867c06d000 rw-p 00046000 103:02 20740706                  /usr/lib/x86_64-linux-gnu/libudev.so.1.7.12
78867c06d000-78867c071000 ---p 00000000 00:00 0 
78867c071000-78867c16d000 rw-p 00000000 00:00 0 
78867c16d000-78867c171000 ---p 00000000 00:00 0 
78867c171000-78867c26d000 rw-p 00000000 00:00 0 
78867c26d000-78867c7ed000 rw-p 00000000 00:00 0 
78867c7ed000-78867c7f0000 r--p 00000000 103:02 20739828                  /usr/lib/x86_64-linux-gnu/libEGL.so.1.1.0
78867c7f0000-78867c7fa000 r-xp 00003000 103:02 20739828                  /usr/lib/x86_64-linux-gnu/libEGL.so.1.1.0
78867c7fa000-78867c7fe000 r--p 0000d000 103:02 20739828                  /usr/lib/x86_64-linux-gnu/libEGL.so.1.1.0
78867c7fe000-78867c7ff000 r--p 00010000 103:02 20739828                  /usr/lib/x86_64-linux-gnu/libEGL.so.1.1.0
78867c7ff000-78867c800000 rw-p 00011000 103:02 20739828                  /usr/lib/x86_64-linux-gnu/libEGL.so.1.1.0
78867c800000-78867d400000 rw-p 00000000 00:00 0 
78867d403000-78867d40a000 r--s 00000000 103:02 20741816                  /usr/lib/x86_64-linux-gnu/gconv/gconv-modules.cache
78867d40a000-78867d40e000 r--p 00000000 103:02 24773526                  /home/tillman/snap/MCreator20262/jdk/lib/libverify.so
78867d40e000-78867d416000 r-xp 00004000 103:02 24773526                  /home/tillman/snap/MCreator20262/jdk/lib/libverify.so
78867d416000-78867d418000 r--p 0000c000 103:02 24773526                  /home/tillman/snap/MCreator20262/jdk/lib/libverify.so
78867d418000-78867d41a000 r--p 0000d000 103:02 24773526                  /home/tillman/snap/MCreator20262/jdk/lib/libverify.so
78867d41a000-78867d41b000 rw-p 00000000 00:00 0 
78867d41b000-78867d430000 r-xp 00000000 00:2e 2182                       /tmp/lwjgl_tillman/3.4.1+2/x64/liblwjgl_opengl.so
78867d430000-78867d473000 r--p 00015000 00:2e 2182                       /tmp/lwjgl_tillman/3.4.1+2/x64/liblwjgl_opengl.so
78867d473000-78867d474000 r--p 00057000 00:2e 2182                       /tmp/lwjgl_tillman/3.4.1+2/x64/liblwjgl_opengl.so
78867d474000-78867d475000 rw-p 00058000 00:2e 2182                       /tmp/lwjgl_tillman/3.4.1+2/x64/liblwjgl_opengl.so
78867d477000-78867d478000 rw-p 00000000 00:00 0 
78867d478000-78867d479000 r-xp 00000000 00:2e 10362                      /tmp/ffiqx2RhS (deleted)
78867d479000-78867d47b000 rw-p 00000000 00:00 0 
78867d47b000-78867d47c000 rw-p 00000000 00:00 0 
78867d47c000-78867d480000 rw-s 00000000 00:07 1323                       /dev/nvidiactl
78867d480000-78867d493000 rw-s 00000000 00:07 1323                       /dev/nvidiactl
78867d493000-78867d495000 rw-s 00000000 00:07 1323                       /dev/nvidiactl
78867d495000-78867d4d5000 rw-s 00000000 00:07 1323                       /dev/nvidiactl
78867d4d5000-78867d4f5000 rw-s 00000000 00:07 1323                       /dev/nvidiactl
78867d4f5000-78867d535000 rw-s 00000000 00:07 1323                       /dev/nvidiactl
78867d535000-78867d575000 rw-s 00000000 00:07 1323                       /dev/nvidiactl
78867d575000-78867d5d5000 r-xp 00000000 00:2e 2180                       /tmp/lwjgl_tillman/3.4.1+2/x64/libjemalloc.so
78867d5d5000-78867d5ee000 r--p 00060000 00:2e 2180                       /tmp/lwjgl_tillman/3.4.1+2/x64/libjemalloc.so
78867d5ee000-78867d5f5000 r--p 00078000 00:2e 2180                       /tmp/lwjgl_tillman/3.4.1+2/x64/libjemalloc.so
78867d5f5000-78867d5f6000 rw-p 0007f000 00:2e 2180                       /tmp/lwjgl_tillman/3.4.1+2/x64/libjemalloc.so
78867d5f6000-78867d800000 rw-p 00000000 00:00 0 
78867d800000-78867da50000 r-xp 00000000 103:02 20711726                  /usr/lib/x86_64-linux-gnu/libnvidia-glcore.so.595.71.05
78867da50000-78867da71000 rwxp 00250000 103:02 20711726                  /usr/lib/x86_64-linux-gnu/libnvidia-glcore.so.595.71.05
78867da71000-78867dc00000 r-xp 00271000 103:02 20711726                  /usr/lib/x86_64-linux-gnu/libnvidia-glcore.so.595.71.05
78867dc00000-78867e800000 r-xp 00400000 103:02 20711726                  /usr/lib/x86_64-linux-gnu/libnvidia-glcore.so.595.71.05
78867e800000-78867fc26000 r-xp 01000000 103:02 20711726                  /usr/lib/x86_64-linux-gnu/libnvidia-glcore.so.595.71.05
78867fc26000-78867fc27000 ---p 02426000 103:02 20711726                  /usr/lib/x86_64-linux-gnu/libnvidia-glcore.so.595.71.05
78867fc27000-78867fd9e000 r--p 02426000 103:02 20711726                  /usr/lib/x86_64-linux-gnu/libnvidia-glcore.so.595.71.05
78867fd9e000-78867fe01000 rw-p 0259d000 103:02 20711726                  /usr/lib/x86_64-linux-gnu/libnvidia-glcore.so.595.71.05
78867fe01000-78867fe20000 rw-p 00000000 00:00 0 
78867ff00000-78867ff04000 ---p 00000000 00:00 0 
78867ff04000-788680000000 rw-p 00000000 00:00 0 
788680000000-788680042000 rw-p 00000000 00:00 0 
788680042000-788684000000 ---p 00000000 00:00 0 
788684000000-78868404a000 rw-p 00000000 00:00 0 
78868404a000-788688000000 ---p 00000000 00:00 0 
788688000000-788688021000 rw-p 00000000 00:00 0 
788688021000-78868c000000 ---p 00000000 00:00 0 
78868c000000-78868c021000 rw-p 00000000 00:00 0 
78868c021000-788690000000 ---p 00000000 00:00 0 
788690000000-788690021000 rw-p 00000000 00:00 0 
788690021000-788694000000 ---p 00000000 00:00 0 
788694000000-788694c96000 rw-p 00000000 00:00 0 
788694c96000-788698000000 ---p 00000000 00:00 0 
788698000000-788698021000 rw-p 00000000 00:00 0 
788698021000-78869c000000 ---p 00000000 00:00 0 
78869c000000-78869c171000 rw-p 00000000 00:00 0 
78869c171000-7886a0000000 ---p 00000000 00:00 0 
7886a0000000-7886a0039000 rw-p 00000000 00:00 0 
7886a0039000-7886a4000000 ---p 00000000 00:00 0 
7886a4000000-7886a4021000 rw-p 00000000 00:00 0 
7886a4021000-7886a8000000 ---p 00000000 00:00 0 
7886a8000000-7886a8079000 rw-p 00000000 00:00 0 
7886a8079000-7886ac000000 ---p 00000000 00:00 0 
7886ac000000-7886ac075000 rw-p 00000000 00:00 0 
7886ac075000-7886b0000000 ---p 00000000 00:00 0 
7886b0000000-7886b0266000 rw-p 00000000 00:00 0 
7886b0266000-7886b4000000 ---p 00000000 00:00 0 
7886b4000000-7886b41a8000 rw-p 00000000 00:00 0 
7886b41a8000-7886b8000000 ---p 00000000 00:00 0 
7886b8000000-7886b8021000 rw-p 00000000 00:00 0 
7886b8021000-7886bc000000 ---p 00000000 00:00 0 
7886bc000000-7886bc045000 rw-p 00000000 00:00 0 
7886bc045000-7886c0000000 ---p 00000000 00:00 0 
7886c0000000-7886c0021000 rw-p 00000000 00:00 0 
7886c0021000-7886c4000000 ---p 00000000 00:00 0 
7886c4000000-7886c4021000 rw-p 00000000 00:00 0 
7886c4021000-7886c8000000 ---p 00000000 00:00 0 
7886c8000000-7886c8021000 rw-p 00000000 00:00 0 
7886c8021000-7886cc000000 ---p 00000000 00:00 0 
7886cc000000-7886cc055000 rw-p 00000000 00:00 0 
7886cc055000-7886d0000000 ---p 00000000 00:00 0 
7886d0000000-7886d0021000 rw-p 00000000 00:00 0 
7886d0021000-7886d4000000 ---p 00000000 00:00 0 
7886d4000000-7886d4022000 rw-p 00000000 00:00 0 
7886d4022000-7886d8000000 ---p 00000000 00:00 0 
7886d8000000-7886d8021000 rw-p 00000000 00:00 0 
7886d8021000-7886dc000000 ---p 00000000 00:00 0 
7886dc000000-7886dc057000 rw-p 00000000 00:00 0 
7886dc057000-7886e0000000 ---p 00000000 00:00 0 
7886e0000000-7886e0021000 rw-p 00000000 00:00 0 
7886e0021000-7886e4000000 ---p 00000000 00:00 0 
7886e4000000-7886e4046000 rw-p 00000000 00:00 0 
7886e4046000-7886e8000000 ---p 00000000 00:00 0 
7886e8000000-7886e8021000 rw-p 00000000 00:00 0 
7886e8021000-7886ec000000 ---p 00000000 00:00 0 
7886ec000000-7886ec021000 rw-p 00000000 00:00 0 
7886ec021000-7886f0000000 ---p 00000000 00:00 0 
7886f0000000-7886f1367000 rw-p 00000000 00:00 0 
7886f1367000-7886f4000000 ---p 00000000 00:00 0 
7886f4000000-7886f4021000 rw-p 00000000 00:00 0 
7886f4021000-7886f8000000 ---p 00000000 00:00 0 
7886f8000000-7886fa0e2000 rw-p 00000000 00:00 0 
7886fa0e2000-7886fc000000 ---p 00000000 00:00 0 
7886fc000000-7886fd925000 rw-p 00000000 00:00 0 
7886fd925000-788700000000 ---p 00000000 00:00 0 
788700000000-788700a5d000 rw-p 00000000 00:00 0 
788700a5d000-788704000000 ---p 00000000 00:00 0 
788704000000-7887062c3000 rw-p 00000000 00:00 0 
7887062c3000-788708000000 ---p 00000000 00:00 0 
788708000000-788709148000 rw-p 00000000 00:00 0 
788709148000-78870c000000 ---p 00000000 00:00 0 
78870c000000-78870c021000 rw-p 00000000 00:00 0 
78870c021000-788710000000 ---p 00000000 00:00 0 
788710000000-788710d07000 rw-p 00000000 00:00 0 
788710d07000-788714000000 ---p 00000000 00:00 0 
788714000000-78871556e000 rw-p 00000000 00:00 0 
78871556e000-788718000000 ---p 00000000 00:00 0 
788718000000-788718021000 rw-p 00000000 00:00 0 
788718021000-78871c000000 ---p 00000000 00:00 0 
78871c000000-78871f35a000 rw-p 00000000 00:00 0 
78871f35a000-788720000000 ---p 00000000 00:00 0 
788720000000-788720021000 rw-p 00000000 00:00 0 
788720021000-788724000000 ---p 00000000 00:00 0 
788724000000-7887240bd000 rw-p 00000000 00:00 0 
7887240bd000-788728000000 ---p 00000000 00:00 0 
788728000000-788728021000 rw-p 00000000 00:00 0 
788728021000-78872c000000 ---p 00000000 00:00 0 
78872c021000-78872c02a000 rw-s 00008000 00:01 46185                      /memfd:pipewire-memfd:flags=0x0000000f,type=2,size=65664 (deleted)
78872c02a000-78872c033000 rw-s 00000000 00:01 46185                      /memfd:pipewire-memfd:flags=0x0000000f,type=2,size=65664 (deleted)
78872c033000-78872c053000 rw-s 00000000 00:07 1323                       /dev/nvidiactl
78872c053000-78872c0d6000 r-xp 00000000 00:2e 2181                       /tmp/lwjgl_tillman/3.4.1+2/x64/liblwjgl_stb.so
78872c0d6000-78872c0eb000 r--p 00083000 00:2e 2181                       /tmp/lwjgl_tillman/3.4.1+2/x64/liblwjgl_stb.so
78872c0eb000-78872c0ec000 r--p 00097000 00:2e 2181                       /tmp/lwjgl_tillman/3.4.1+2/x64/liblwjgl_stb.so
78872c0ec000-78872c0ed000 rw-p 00098000 00:2e 2181                       /tmp/lwjgl_tillman/3.4.1+2/x64/liblwjgl_stb.so
78872c0ed000-78872c16d000 rw-s 00000000 00:07 1323                       /dev/nvidiactl
78872c172000-78872c17b000 rw-s 00008000 00:01 46184                      /memfd:pipewire-memfd:flags=0x0000000f,type=2,size=65664 (deleted)
78872c17b000-78872c184000 rw-s 00000000 00:01 46184                      /memfd:pipewire-memfd:flags=0x0000000f,type=2,size=65664 (deleted)
78872c184000-78872c190000 r--p 00000000 103:02 20841042                  /usr/lib/x86_64-linux-gnu/spa-0.2/audioconvert/libspa-audioconvert.so
78872c190000-78872c1f1000 r-xp 0000c000 103:02 20841042                  /usr/lib/x86_64-linux-gnu/spa-0.2/audioconvert/libspa-audioconvert.so
78872c1f1000-78872c25c000 r--p 0006d000 103:02 20841042                  /usr/lib/x86_64-linux-gnu/spa-0.2/audioconvert/libspa-audioconvert.so
78872c25c000-78872c26a000 r--p 000d7000 103:02 20841042                  /usr/lib/x86_64-linux-gnu/spa-0.2/audioconvert/libspa-audioconvert.so
78872c26a000-78872c26d000 rw-p 000e5000 103:02 20841042                  /usr/lib/x86_64-linux-gnu/spa-0.2/audioconvert/libspa-audioconvert.so
78872c26d000-78872c2ed000 rw-s 00000000 00:07 1323                       /dev/nvidiactl
78872c2ed000-78872c300000 rw-s 00000000 00:07 1323                       /dev/nvidiactl
78872c300000-78872c340000 rw-s 00000000 00:07 1323                       /dev/nvidiactl
78872c340000-78872c360000 rw-s 00000000 00:07 1323                       /dev/nvidiactl
78872c360000-78872c3a0000 rw-s 00000000 00:07 1323                       /dev/nvidiactl
78872c3a0000-78872c3c0000 rw-s 00000000 00:07 1323                       /dev/nvidiactl
78872c3c0000-78872c440000 rw-s 00000000 00:07 1324                       /dev/nvidia0
78872c440000-78872c480000 rw-s 00000000 00:07 1323                       /dev/nvidiactl
78872c480000-78872c4a0000 rw-s 00000000 00:07 1323                       /dev/nvidiactl
78872c4a0000-78872c4a4000 r--p 00000000 103:02 20711707                  /usr/lib/x86_64-linux-gnu/libnvidia-allocator.so.595.71.05
78872c4a4000-78872c4bd000 r-xp 00004000 103:02 20711707                  /usr/lib/x86_64-linux-gnu/libnvidia-allocator.so.595.71.05
78872c4bd000-78872c4c8000 r--p 0001d000 103:02 20711707                  /usr/lib/x86_64-linux-gnu/libnvidia-allocator.so.595.71.05
78872c4c8000-78872c4c9000 r--p 00027000 103:02 20711707                  /usr/lib/x86_64-linux-gnu/libnvidia-allocator.so.595.71.05
78872c4c9000-78872c4ca000 rw-p 00028000 103:02 20711707                  /usr/lib/x86_64-linux-gnu/libnvidia-allocator.so.595.71.05
78872c4ca000-78872c4cc000 rw-p 00000000 00:00 0 
78872c4cc000-78872c4d1000 r--p 00000000 103:02 20740178                  /usr/lib/x86_64-linux-gnu/libdrm.so.2.131.0
78872c4d1000-78872c4dd000 r-xp 00005000 103:02 20740178                  /usr/lib/x86_64-linux-gnu/libdrm.so.2.131.0
78872c4dd000-78872c4e1000 r--p 00011000 103:02 20740178                  /usr/lib/x86_64-linux-gnu/libdrm.so.2.131.0
78872c4e1000-78872c4e2000 r--p 00015000 103:02 20740178                  /usr/lib/x86_64-linux-gnu/libdrm.so.2.131.0
78872c4e2000-78872c4e3000 rw-p 00016000 103:02 20740178                  /usr/lib/x86_64-linux-gnu/libdrm.so.2.131.0
78872c4e3000-78872c4fc000 r--p 00000000 103:02 20740670                  /usr/lib/x86_64-linux-gnu/libsystemd.so.0.42.0
78872c4fc000-78872c5b3000 r-xp 00019000 103:02 20740670                  /usr/lib/x86_64-linux-gnu/libsystemd.so.0.42.0
78872c5b3000-78872c5ed000 r--p 000d0000 103:02 20740670                  /usr/lib/x86_64-linux-gnu/libsystemd.so.0.42.0
78872c5ed000-78872c5f5000 r--p 0010a000 103:02 20740670                  /usr/lib/x86_64-linux-gnu/libsystemd.so.0.42.0
78872c5f5000-78872c5f6000 rw-p 00112000 103:02 20740670                  /usr/lib/x86_64-linux-gnu/libsystemd.so.0.42.0
78872c5f6000-78872c5f7000 rw-p 00000000 00:00 0 
78872c5f7000-78872c603000 r--p 00000000 103:02 20740155                  /usr/lib/x86_64-linux-gnu/libdbus-1.so.3.38.3
78872c603000-78872c634000 r-xp 0000c000 103:02 20740155                  /usr/lib/x86_64-linux-gnu/libdbus-1.so.3.38.3
78872c634000-78872c645000 r--p 0003d000 103:02 20740155                  /usr/lib/x86_64-linux-gnu/libdbus-1.so.3.38.3
78872c645000-78872c646000 r--p 0004d000 103:02 20740155                  /usr/lib/x86_64-linux-gnu/libdbus-1.so.3.38.3
78872c646000-78872c647000 rw-p 0004e000 103:02 20740155                  /usr/lib/x86_64-linux-gnu/libdbus-1.so.3.38.3
78872c647000-78872c648000 rw-s 00000000 00:07 1324                       /dev/nvidia0
78872c648000-78872c649000 rw-s 00000000 00:07 1323                       /dev/nvidiactl
78872c64e000-78872c64f000 rw-s 00000000 00:01 15404                      /memfd:pipewire-memfd:flags=0x0000000f,type=2,size=2312 (deleted)
78872c64f000-78872c652000 rw-s 00000000 00:07 1323                       /dev/nvidiactl
78872c656000-78872c65a000 rw-s 00000000 00:07 1323                       /dev/nvidiactl
78872c65a000-78872c65d000 r--p 00000000 103:02 20740784                  /usr/lib/x86_64-linux-gnu/libxcb-xfixes.so.0.0.0
78872c65d000-78872c660000 r-xp 00003000 103:02 20740784                  /usr/lib/x86_64-linux-gnu/libxcb-xfixes.so.0.0.0
78872c660000-78872c662000 r--p 00006000 103:02 20740784                  /usr/lib/x86_64-linux-gnu/libxcb-xfixes.so.0.0.0
78872c662000-78872c663000 r--p 00007000 103:02 20740784                  /usr/lib/x86_64-linux-gnu/libxcb-xfixes.so.0.0.0
78872c663000-78872c664000 rw-p 00008000 103:02 20740784                  /usr/lib/x86_64-linux-gnu/libxcb-xfixes.so.0.0.0
78872c664000-78872c667000 r--p 00000000 103:02 20740782                  /usr/lib/x86_64-linux-gnu/libxcb-sync.so.1.0.0
78872c667000-78872c66a000 r-xp 00003000 103:02 20740782                  /usr/lib/x86_64-linux-gnu/libxcb-sync.so.1.0.0
78872c66a000-78872c66b000 r--p 00006000 103:02 20740782                  /usr/lib/x86_64-linux-gnu/libxcb-sync.so.1.0.0
78872c66b000-78872c66c000 r--p 00007000 103:02 20740782                  /usr/lib/x86_64-linux-gnu/libxcb-sync.so.1.0.0
78872c66c000-78872c66d000 rw-p 00008000 103:02 20740782                  /usr/lib/x86_64-linux-gnu/libxcb-sync.so.1.0.0
78872c66d000-78872c66e000 r--p 00000000 103:02 20740776                  /usr/lib/x86_64-linux-gnu/libxcb-present.so.0.0.0
78872c66e000-78872c66f000 r-xp 00001000 103:02 20740776                  /usr/lib/x86_64-linux-gnu/libxcb-present.so.0.0.0
78872c66f000-78872c670000 r--p 00002000 103:02 20740776                  /usr/lib/x86_64-linux-gnu/libxcb-present.so.0.0.0
78872c670000-78872c671000 r--p 00002000 103:02 20740776                  /usr/lib/x86_64-linux-gnu/libxcb-present.so.0.0.0
78872c671000-78872c672000 rw-p 00003000 103:02 20740776                  /usr/lib/x86_64-linux-gnu/libxcb-present.so.0.0.0
78872c672000-78872c674000 r--p 00000000 103:02 20740774                  /usr/lib/x86_64-linux-gnu/libxcb-dri3.so.0.1.0
78872c674000-78872c676000 r-xp 00002000 103:02 20740774                  /usr/lib/x86_64-linux-gnu/libxcb-dri3.so.0.1.0
78872c676000-78872c677000 r--p 00004000 103:02 20740774                  /usr/lib/x86_64-linux-gnu/libxcb-dri3.so.0.1.0
78872c677000-78872c678000 r--p 00004000 103:02 20740774                  /usr/lib/x86_64-linux-gnu/libxcb-dri3.so.0.1.0
78872c678000-78872c679000 rw-p 00005000 103:02 20740774                  /usr/lib/x86_64-linux-gnu/libxcb-dri3.so.0.1.0
78872c679000-78872c680000 r--p 00000000 103:02 20740777                  /usr/lib/x86_64-linux-gnu/libxcb-randr.so.0.1.0
78872c680000-78872c685000 r-xp 00007000 103:02 20740777                  /usr/lib/x86_64-linux-gnu/libxcb-randr.so.0.1.0
78872c685000-78872c688000 r--p 0000c000 103:02 20740777                  /usr/lib/x86_64-linux-gnu/libxcb-randr.so.0.1.0
78872c688000-78872c689000 r--p 0000f000 103:02 20740777                  /usr/lib/x86_64-linux-gnu/libxcb-randr.so.0.1.0
78872c689000-78872c68a000 rw-p 00010000 103:02 20740777                  /usr/lib/x86_64-linux-gnu/libxcb-randr.so.0.1.0
78872c68a000-78872c695000 r--p 00000000 103:02 20740775                  /usr/lib/x86_64-linux-gnu/libxcb-glx.so.0.0.0
78872c695000-78872c69e000 r-xp 0000b000 103:02 20740775                  /usr/lib/x86_64-linux-gnu/libxcb-glx.so.0.0.0
78872c69e000-78872c6a3000 r--p 00014000 103:02 20740775                  /usr/lib/x86_64-linux-gnu/libxcb-glx.so.0.0.0
78872c6a3000-78872c6a5000 r--p 00019000 103:02 20740775                  /usr/lib/x86_64-linux-gnu/libxcb-glx.so.0.0.0
78872c6a5000-78872c6a6000 rw-p 0001b000 103:02 20740775                  /usr/lib/x86_64-linux-gnu/libxcb-glx.so.0.0.0
78872c6a6000-78872cea7000 rw-p 00000000 00:00 0 
78872cea7000-78872cea8000 r--p 00000000 103:02 20711733                  /usr/lib/x86_64-linux-gnu/libnvidia-tls.so.595.71.05
78872cea8000-78872ceaa000 r-xp 00001000 103:02 20711733                  /usr/lib/x86_64-linux-gnu/libnvidia-tls.so.595.71.05
78872ceaa000-78872ceab000 r--p 00003000 103:02 20711733                  /usr/lib/x86_64-linux-gnu/libnvidia-tls.so.595.71.05
78872ceab000-78872ceac000 r--p 00003000 103:02 20711733                  /usr/lib/x86_64-linux-gnu/libnvidia-tls.so.595.71.05
78872ceac000-78872cead000 rw-p 00004000 103:02 20711733                  /usr/lib/x86_64-linux-gnu/libnvidia-tls.so.595.71.05
78872cead000-78872cebd000 r--p 00000000 103:02 20711727                  /usr/lib/x86_64-linux-gnu/libnvidia-glsi.so.595.71.05
78872cebd000-78872cf1d000 r-xp 00010000 103:02 20711727                  /usr/lib/x86_64-linux-gnu/libnvidia-glsi.so.595.71.05
78872cf1d000-78872cf3a000 r--p 00070000 103:02 20711727                  /usr/lib/x86_64-linux-gnu/libnvidia-glsi.so.595.71.05
78872cf3a000-78872cf40000 r--p 0008c000 103:02 20711727                  /usr/lib/x86_64-linux-gnu/libnvidia-glsi.so.595.71.05
78872cf40000-78872cf41000 rw-p 00092000 103:02 20711727                  /usr/lib/x86_64-linux-gnu/libnvidia-glsi.so.595.71.05
78872cf41000-78872cf49000 rw-p 00000000 00:00 0 
78872cf49000-78872cf9a000 r--p 00000000 103:02 20711719                  /usr/lib/x86_64-linux-gnu/libGLX_nvidia.so.595.71.05
78872cf9a000-78872cff7000 r-xp 00051000 103:02 20711719                  /usr/lib/x86_64-linux-gnu/libGLX_nvidia.so.595.71.05
78872cff7000-78872d02c000 rwxp 000ae000 103:02 20711719                  /usr/lib/x86_64-linux-gnu/libGLX_nvidia.so.595.71.05
78872d02c000-78872d02d000 r-xp 000e3000 103:02 20711719                  /usr/lib/x86_64-linux-gnu/libGLX_nvidia.so.595.71.05
78872d02d000-78872d04d000 r--p 000e4000 103:02 20711719                  /usr/lib/x86_64-linux-gnu/libGLX_nvidia.so.595.71.05
78872d04d000-78872d06d000 r--p 00103000 103:02 20711719                  /usr/lib/x86_64-linux-gnu/libGLX_nvidia.so.595.71.05
78872d06d000-78872d072000 rw-p 00123000 103:02 20711719                  /usr/lib/x86_64-linux-gnu/libGLX_nvidia.so.595.71.05
78872d072000-78872d074000 rw-p 00000000 00:00 0 
78872d074000-78872d0b5000 r--p 00000000 103:02 20739918                  /usr/lib/x86_64-linux-gnu/libGLdispatch.so.0.0.0
78872d0b5000-78872d0b8000 r-xp 00041000 103:02 20739918                  /usr/lib/x86_64-linux-gnu/libGLdispatch.so.0.0.0
78872d0b8000-78872d0f3000 r-xp 00044000 103:02 20739918                  /usr/lib/x86_64-linux-gnu/libGLdispatch.so.0.0.0
78872d0f3000-78872d0f4000 r-xp 0007f000 103:02 20739918                  /usr/lib/x86_64-linux-gnu/libGLdispatch.so.0.0.0
78872d0f4000-78872d108000 r--p 00080000 103:02 20739918                  /usr/lib/x86_64-linux-gnu/libGLdispatch.so.0.0.0
78872d108000-78872d124000 r--p 00093000 103:02 20739918                  /usr/lib/x86_64-linux-gnu/libGLdispatch.so.0.0.0
78872d124000-78872d125000 rw-p 000af000 103:02 20739918                  /usr/lib/x86_64-linux-gnu/libGLdispatch.so.0.0.0
78872d125000-78872d12d000 rw-p 00000000 00:00 0 
78872d12d000-78872d130000 r--p 00000000 103:02 20739913                  /usr/lib/x86_64-linux-gnu/libGLX.so.0.0.0
78872d130000-78872d14b000 r-xp 00003000 103:02 20739913                  /usr/lib/x86_64-linux-gnu/libGLX.so.0.0.0
78872d14b000-78872d14e000 r--p 0001e000 103:02 20739913                  /usr/lib/x86_64-linux-gnu/libGLX.so.0.0.0
78872d14e000-78872d14f000 r--p 00021000 103:02 20739913                  /usr/lib/x86_64-linux-gnu/libGLX.so.0.0.0
78872d14f000-78872d150000 rw-p 00022000 103:02 20739913                  /usr/lib/x86_64-linux-gnu/libGLX.so.0.0.0
78872d150000-78872d160000 rw-p 00000000 00:00 0 
78872d160000-78872d164000 ---p 00000000 00:00 0 
78872d164000-78872d260000 rw-p 00000000 00:00 0 
78872d260000-78872d262000 r--p 00000000 103:02 20739940                  /usr/lib/x86_64-linux-gnu/libXfixes.so.3.1.0
78872d262000-78872d265000 r-xp 00002000 103:02 20739940                  /usr/lib/x86_64-linux-gnu/libXfixes.so.3.1.0
78872d265000-78872d266000 r--p 00005000 103:02 20739940                  /usr/lib/x86_64-linux-gnu/libXfixes.so.3.1.0
78872d266000-78872d267000 r--p 00005000 103:02 20739940                  /usr/lib/x86_64-linux-gnu/libXfixes.so.3.1.0
78872d267000-78872d268000 rw-p 00006000 103:02 20739940                  /usr/lib/x86_64-linux-gnu/libXfixes.so.3.1.0
78872d268000-78872d26b000 r--p 00000000 103:02 20739936                  /usr/lib/x86_64-linux-gnu/libXcursor.so.1.0.2
78872d26b000-78872d271000 r-xp 00003000 103:02 20739936                  /usr/lib/x86_64-linux-gnu/libXcursor.so.1.0.2
78872d271000-78872d273000 r--p 00009000 103:02 20739936                  /usr/lib/x86_64-linux-gnu/libXcursor.so.1.0.2
78872d273000-78872d274000 r--p 0000a000 103:02 20739936                  /usr/lib/x86_64-linux-gnu/libXcursor.so.1.0.2
78872d274000-78872d275000 rw-p 0000b000 103:02 20739936                  /usr/lib/x86_64-linux-gnu/libXcursor.so.1.0.2
78872d275000-78872d278000 r--p 00000000 103:02 20739943                  /usr/lib/x86_64-linux-gnu/libXi.so.6.1.0
78872d278000-78872d285000 r-xp 00003000 103:02 20739943                  /usr/lib/x86_64-linux-gnu/libXi.so.6.1.0
78872d285000-78872d287000 r--p 00010000 103:02 20739943                  /usr/lib/x86_64-linux-gnu/libXi.so.6.1.0
78872d287000-78872d288000 r--p 00012000 103:02 20739943                  /usr/lib/x86_64-linux-gnu/libXi.so.6.1.0
78872d288000-78872d289000 rw-p 00013000 103:02 20739943                  /usr/lib/x86_64-linux-gnu/libXi.so.6.1.0
78872d289000-78872d295000 r--p 00000000 103:02 20740785                  /usr/lib/x86_64-linux-gnu/libxcb.so.1.1.0
78872d295000-78872d2a9000 r-xp 0000c000 103:02 20740785                  /usr/lib/x86_64-linux-gnu/libxcb.so.1.1.0
78872d2a9000-78872d2b2000 r--p 00020000 103:02 20740785                  /usr/lib/x86_64-linux-gnu/libxcb.so.1.1.0
78872d2b2000-78872d2b3000 r--p 00028000 103:02 20740785                  /usr/lib/x86_64-linux-gnu/libxcb.so.1.1.0
78872d2b3000-78872d2b4000 rw-p 00029000 103:02 20740785                  /usr/lib/x86_64-linux-gnu/libxcb.so.1.1.0
78872d2b4000-78872d2cd000 r--p 00000000 103:02 20739931                  /usr/lib/x86_64-linux-gnu/libX11.so.6.4.0
78872d2cd000-78872d362000 r-xp 00019000 103:02 20739931                  /usr/lib/x86_64-linux-gnu/libX11.so.6.4.0
78872d362000-78872d3f1000 r--p 000ae000 103:02 20739931                  /usr/lib/x86_64-linux-gnu/libX11.so.6.4.0
78872d3f1000-78872d3f2000 r--p 0013d000 103:02 20739931                  /usr/lib/x86_64-linux-gnu/libX11.so.6.4.0
78872d3f2000-78872d3f6000 rw-p 0013e000 103:02 20739931                  /usr/lib/x86_64-linux-gnu/libX11.so.6.4.0
78872d3f6000-78872d3fa000 ---p 00000000 00:00 0 
78872d3fa000-78872d4f6000 rw-p 00000000 00:00 0 
78872d4f6000-78872d4fa000 ---p 00000000 00:00 0 
78872d4fa000-78872d5f6000 rw-p 00000000 00:00 0 
78872d5f6000-78872d5fa000 ---p 00000000 00:00 0 
78872d5fa000-78872d6f6000 rw-p 00000000 00:00 0 
78872d6f6000-78872d6fa000 ---p 00000000 00:00 0 
78872d6fa000-78872d7f6000 rw-p 00000000 00:00 0 
78872d7f6000-78872d7fa000 ---p 00000000 00:00 0 
78872d7fa000-78872d8f6000 rw-p 00000000 00:00 0 
78872d8f6000-78872d8fa000 ---p 00000000 00:00 0 
78872d8fa000-78872d9f6000 rw-p 00000000 00:00 0 
78872d9f6000-78872d9fa000 ---p 00000000 00:00 0 
78872d9fa000-78872daf6000 rw-p 00000000 00:00 0 
78872daf6000-78872dafa000 ---p 00000000 00:00 0 
78872dafa000-78872dbf6000 rw-p 00000000 00:00 0 
78872dbf6000-78872dbfa000 ---p 00000000 00:00 0 
78872dbfa000-78872dcf6000 rw-p 00000000 00:00 0 
78872dcf6000-78872dcfa000 ---p 00000000 00:00 0 
78872dcfa000-78872ddf6000 rw-p 00000000 00:00 0 
78872ddf6000-78872ddfa000 ---p 00000000 00:00 0 
78872ddfa000-78872def6000 rw-p 00000000 00:00 0 
78872def6000-78872defa000 ---p 00000000 00:00 0 
78872defa000-78872dff6000 rw-p 00000000 00:00 0 
78872dff6000-78872dffa000 ---p 00000000 00:00 0 
78872dffa000-78872e0f6000 rw-p 00000000 00:00 0 
78872e0f6000-78872e0fa000 ---p 00000000 00:00 0 
78872e0fa000-78872ec00000 rw-p 00000000 00:00 0 
78872ec00000-78872ec04000 ---p 00000000 00:00 0 
78872ec04000-78872ed00000 rw-p 00000000 00:00 0 
78872ed00000-78872ed04000 ---p 00000000 00:00 0 
78872ed04000-78872ee00000 rw-p 00000000 00:00 0 
78872ee00000-78872ee04000 ---p 00000000 00:00 0 
78872ee04000-78872ef00000 rw-p 00000000 00:00 0 
78872ef00000-78872ef04000 ---p 00000000 00:00 0 
78872ef04000-78872f000000 rw-p 00000000 00:00 0 
78872f000000-78872f004000 ---p 00000000 00:00 0 
78872f004000-78872f100000 rw-p 00000000 00:00 0 
78872f100000-78872f104000 ---p 00000000 00:00 0 
78872f104000-78872f200000 rw-p 00000000 00:00 0 
78872f200000-78872fff2000 r--p 00000000 103:02 20721399                  /usr/lib/locale/locale-archive
78872fff2000-78872fff3000 rw-s 00000000 00:01 46183                      /memfd:pipewire-memfd:flags=0x0000000f,type=2,size=4096 (deleted)
78872fff3000-78872fff4000 rw-s 00000000 00:01 46182                      /memfd:pipewire-memfd:flags=0x0000000f,type=2,size=2312 (deleted)
78872fff4000-78872fff6000 r--p 00000000 103:02 20739949                  /usr/lib/x86_64-linux-gnu/libXrender.so.1.3.0
78872fff6000-78872fffd000 r-xp 00002000 103:02 20739949                  /usr/lib/x86_64-linux-gnu/libXrender.so.1.3.0
78872fffd000-78872fffe000 r--p 00009000 103:02 20739949                  /usr/lib/x86_64-linux-gnu/libXrender.so.1.3.0
78872fffe000-78872ffff000 r--p 00009000 103:02 20739949                  /usr/lib/x86_64-linux-gnu/libXrender.so.1.3.0
78872ffff000-788730000000 rw-p 0000a000 103:02 20739949                  /usr/lib/x86_64-linux-gnu/libXrender.so.1.3.0
788730000000-788730400000 rw-p 00000000 00:00 0 
788730400000-788730700000 rw-p 00000000 00:00 0 
788730700000-788730900000 rw-p 00000000 00:00 0 
788730900000-788730a00000 rw-p 00000000 00:00 0 
788730a00000-788730f00000 rw-p 00000000 00:00 0 
788730f00000-788731000000 rw-p 00000000 00:00 0 
788731000000-788731d00000 rw-p 00000000 00:00 0 
788731d00000-788731e00000 rw-p 00000000 00:00 0 
788731e00000-788732ec0000 rw-p 00000000 00:00 0 
788732ec0000-788732f00000 rw-p 00000000 00:00 0 
788732f00000-788734000000 rw-p 00000000 00:00 0 
788734000000-788734063000 rw-p 00000000 00:00 0 
788734063000-788738000000 ---p 00000000 00:00 0 
788738000000-788738021000 rw-p 00000000 00:00 0 
788738021000-78873c000000 ---p 00000000 00:00 0 
78873c000000-78873c021000 rw-p 00000000 00:00 0 
78873c021000-788740000000 ---p 00000000 00:00 0 
788740000000-788740021000 rw-p 00000000 00:00 0 
788740021000-788744000000 ---p 00000000 00:00 0 
788744000000-788744021000 rw-p 00000000 00:00 0 
788744021000-788748000000 ---p 00000000 00:00 0 
788748000000-788748021000 rw-p 00000000 00:00 0 
788748021000-78874c000000 ---p 00000000 00:00 0 
78874c000000-78874c021000 rw-p 00000000 00:00 0 
78874c021000-788750000000 ---p 00000000 00:00 0 
788750000000-788750021000 rw-p 00000000 00:00 0 
788750021000-788754000000 ---p 00000000 00:00 0 
788754000000-788754021000 rw-p 00000000 00:00 0 
788754021000-788758000000 ---p 00000000 00:00 0 
788758000000-788758001000 rw-s 00000000 00:01 41242                      /memfd:pipewire-memfd:flags=0x0000000f,type=2,size=2312 (deleted)
788758001000-788758002000 r--p 00000000 103:02 20739930                  /usr/lib/x86_64-linux-gnu/libX11-xcb.so.1.0.0
788758002000-788758003000 r-xp 00001000 103:02 20739930                  /usr/lib/x86_64-linux-gnu/libX11-xcb.so.1.0.0
788758003000-788758004000 r--p 00002000 103:02 20739930                  /usr/lib/x86_64-linux-gnu/libX11-xcb.so.1.0.0
788758004000-788758005000 r--p 00002000 103:02 20739930                  /usr/lib/x86_64-linux-gnu/libX11-xcb.so.1.0.0
788758005000-788758006000 rw-p 00003000 103:02 20739930                  /usr/lib/x86_64-linux-gnu/libX11-xcb.so.1.0.0
788758006000-788758008000 r--p 00000000 103:02 20739948                  /usr/lib/x86_64-linux-gnu/libXrandr.so.2.2.0
788758008000-78875800f000 r-xp 00002000 103:02 20739948                  /usr/lib/x86_64-linux-gnu/libXrandr.so.2.2.0
78875800f000-788758011000 r--p 00009000 103:02 20739948                  /usr/lib/x86_64-linux-gnu/libXrandr.so.2.2.0
788758011000-788758012000 r--p 0000a000 103:02 20739948                  /usr/lib/x86_64-linux-gnu/libXrandr.so.2.2.0
788758012000-788758013000 rw-p 0000b000 103:02 20739948                  /usr/lib/x86_64-linux-gnu/libXrandr.so.2.2.0
788758013000-788758017000 r--p 00000000 103:02 20739939                  /usr/lib/x86_64-linux-gnu/libXext.so.6.4.0
788758017000-788758022000 r-xp 00004000 103:02 20739939                  /usr/lib/x86_64-linux-gnu/libXext.so.6.4.0
788758022000-788758025000 r--p 0000f000 103:02 20739939                  /usr/lib/x86_64-linux-gnu/libXext.so.6.4.0
788758025000-788758026000 r--p 00011000 103:02 20739939                  /usr/lib/x86_64-linux-gnu/libXext.so.6.4.0
788758026000-788758027000 rw-p 00012000 103:02 20739939                  /usr/lib/x86_64-linux-gnu/libXext.so.6.4.0
788758027000-788758029000 rw-s 00000000 00:01 35594                      /memfd:/.glXXXXXX (deleted)
788758029000-78875802a000 rw-s 00000000 00:07 1323                       /dev/nvidiactl
78875802a000-78875803a000 rw-s 00000000 00:07 1324                       /dev/nvidia0
78875803a000-78875805f000 r-xp 00000000 00:2e 2179                       /tmp/lwjgl_tillman/3.4.1+2/x64/libglfw.so
78875805f000-7887580ae000 r--p 00025000 00:2e 2179                       /tmp/lwjgl_tillman/3.4.1+2/x64/libglfw.so
7887580ae000-7887580b2000 r--p 00074000 00:2e 2179                       /tmp/lwjgl_tillman/3.4.1+2/x64/libglfw.so
7887580b2000-7887580b5000 rw-p 00078000 00:2e 2179                       /tmp/lwjgl_tillman/3.4.1+2/x64/libglfw.so
7887580b5000-7887580d8000 rw-p 00000000 00:00 0 
7887580d8000-7887580dc000 ---p 00000000 00:00 0 
7887580dc000-7887581d8000 rw-p 00000000 00:00 0 
7887581d8000-7887581dc000 ---p 00000000 00:00 0 
7887581dc000-7887582d8000 rw-p 00000000 00:00 0 
7887582d8000-7887582dc000 ---p 00000000 00:00 0 
7887582dc000-7887583d8000 rw-p 00000000 00:00 0 
7887583d8000-7887583dc000 ---p 00000000 00:00 0 
7887583dc000-7887584d8000 rw-p 00000000 00:00 0 
7887584d8000-7887584dc000 ---p 00000000 00:00 0 
7887584dc000-7887585d8000 rw-p 00000000 00:00 0 
7887585d8000-7887585dc000 ---p 00000000 00:00 0 
7887585dc000-7887586d8000 rw-p 00000000 00:00 0 
7887586d8000-7887586dc000 ---p 00000000 00:00 0 
7887586dc000-7887587d8000 rw-p 00000000 00:00 0 
7887587d8000-7887587dc000 ---p 00000000 00:00 0 
7887587dc000-7887588d8000 rw-p 00000000 00:00 0 
7887588d8000-7887588dc000 ---p 00000000 00:00 0 
7887588dc000-7887589d8000 rw-p 00000000 00:00 0 
7887589d8000-7887589dc000 ---p 00000000 00:00 0 
7887589dc000-788758ad8000 rw-p 00000000 00:00 0 
788758ad8000-788758adc000 ---p 00000000 00:00 0 
788758adc000-788758bd8000 rw-p 00000000 00:00 0 
788758bd8000-788758bdc000 ---p 00000000 00:00 0 
788758bdc000-788758cd8000 rw-p 00000000 00:00 0 
788758cd8000-788758df2000 rw-p 00000000 00:00 0 
788758df2000-788758df6000 ---p 00000000 00:00 0 
788758df6000-7887590f5000 rw-p 00000000 00:00 0 
7887590f5000-7887590f9000 ---p 00000000 00:00 0 
7887590f9000-7887593f8000 rw-p 00000000 00:00 0 
7887593f8000-78875bc00000 rw-p 00000000 00:00 0 
78875bc00000-78875bc01000 r--p 00000000 103:02 20739944                  /usr/lib/x86_64-linux-gnu/libXinerama.so.1.0.0
78875bc01000-78875bc02000 r-xp 00001000 103:02 20739944                  /usr/lib/x86_64-linux-gnu/libXinerama.so.1.0.0
78875bc02000-78875bc03000 r--p 00002000 103:02 20739944                  /usr/lib/x86_64-linux-gnu/libXinerama.so.1.0.0
78875bc03000-78875bc04000 r--p 00002000 103:02 20739944                  /usr/lib/x86_64-linux-gnu/libXinerama.so.1.0.0
78875bc04000-78875bc05000 rw-p 00003000 103:02 20739944                  /usr/lib/x86_64-linux-gnu/libXinerama.so.1.0.0
78875bc05000-78875bc06000 r--p 00000000 103:02 20739954                  /usr/lib/x86_64-linux-gnu/libXxf86vm.so.1.0.0
78875bc06000-78875bc09000 r-xp 00001000 103:02 20739954                  /usr/lib/x86_64-linux-gnu/libXxf86vm.so.1.0.0
78875bc09000-78875bc0a000 r--p 00004000 103:02 20739954                  /usr/lib/x86_64-linux-gnu/libXxf86vm.so.1.0.0
78875bc0a000-78875bc0b000 r--p 00004000 103:02 20739954                  /usr/lib/x86_64-linux-gnu/libXxf86vm.so.1.0.0
78875bc0b000-78875bc0c000 rw-p 00005000 103:02 20739954                  /usr/lib/x86_64-linux-gnu/libXxf86vm.so.1.0.0
78875bc0c000-78875bc41000 r-xp 00000000 00:2e 2178                       /tmp/lwjgl_tillman/3.4.1+2/x64/liblwjgl.so
78875bc41000-78875bc89000 r--p 00035000 00:2e 2178                       /tmp/lwjgl_tillman/3.4.1+2/x64/liblwjgl.so
78875bc89000-78875bc8a000 r--p 0007c000 00:2e 2178                       /tmp/lwjgl_tillman/3.4.1+2/x64/liblwjgl.so
78875bc8a000-78875bc8b000 rw-p 0007d000 00:2e 2178                       /tmp/lwjgl_tillman/3.4.1+2/x64/liblwjgl.so
78875bc8b000-78875bc8c000 r--p 00000000 103:02 24773523                  /home/tillman/snap/MCreator20262/jdk/lib/libsimdsort.so
78875bc8c000-78875bcc5000 r-xp 00001000 103:02 24773523                  /home/tillman/snap/MCreator20262/jdk/lib/libsimdsort.so
78875bcc5000-78875bccb000 r--p 0003a000 103:02 24773523                  /home/tillman/snap/MCreator20262/jdk/lib/libsimdsort.so
78875bccb000-78875bccc000 r--p 0003f000 103:02 24773523                  /home/tillman/snap/MCreator20262/jdk/lib/libsimdsort.so
78875bccc000-78875d79e000 rw-p 00000000 00:00 0 
78875d79e000-78876355e000 ---p 00000000 00:00 0 
78876355e000-788763a18000 rw-p 00000000 00:00 0 
788763a18000-7887645d0000 ---p 00000000 00:00 0 
7887645d0000-788764600000 rw-p 00000000 00:00 0 
788764600000-7887666d0000 rwxp 00000000 00:00 0 
7887666d0000-78876ba5f000 ---p 00000000 00:00 0 
78876ba5f000-78876c06f000 rwxp 00000000 00:00 0 
78876c06f000-78876c19f000 ---p 00000000 00:00 0 
78876c19f000-78876d74f000 rwxp 00000000 00:00 0 
78876d74f000-788773600000 ---p 00000000 00:00 0 
788773600000-788777e6e000 r--s 00000000 103:02 24773531                  /home/tillman/snap/MCreator20262/jdk/lib/modules
788777e6e000-788777e70000 rw-s 00000000 00:07 1323                       /dev/nvidiactl
788777e70000-788777e72000 r--p 00000000 103:02 20739938                  /usr/lib/x86_64-linux-gnu/libXdmcp.so.6.0.0
788777e72000-788777e74000 r-xp 00002000 103:02 20739938                  /usr/lib/x86_64-linux-gnu/libXdmcp.so.6.0.0
788777e74000-788777e76000 r--p 00004000 103:02 20739938                  /usr/lib/x86_64-linux-gnu/libXdmcp.so.6.0.0
788777e76000-788777e77000 r--p 00005000 103:02 20739938                  /usr/lib/x86_64-linux-gnu/libXdmcp.so.6.0.0
788777e77000-788777e78000 rw-p 00006000 103:02 20739938                  /usr/lib/x86_64-linux-gnu/libXdmcp.so.6.0.0
788777e78000-788777e79000 r--p 00000000 103:02 20739933                  /usr/lib/x86_64-linux-gnu/libXau.so.6.0.0
788777e79000-788777e7b000 r-xp 00001000 103:02 20739933                  /usr/lib/x86_64-linux-gnu/libXau.so.6.0.0
788777e7b000-788777e7c000 r--p 00003000 103:02 20739933                  /usr/lib/x86_64-linux-gnu/libXau.so.6.0.0
788777e7c000-788777e7d000 r--p 00003000 103:02 20739933                  /usr/lib/x86_64-linux-gnu/libXau.so.6.0.0
788777e7d000-788777e7e000 rw-p 00004000 103:02 20739933                  /usr/lib/x86_64-linux-gnu/libXau.so.6.0.0
788777e7e000-78877b288000 rw-p 00000000 00:00 0 
78877b288000-78877c000000 ---p 00000000 00:00 0 
78877c000000-78877c001000 rw-s 00000000 00:07 1324                       /dev/nvidia0
78877c001000-78877c002000 rw-s 00000000 00:07 1323                       /dev/nvidiactl
78877c002000-78877c006000 ---p 00000000 00:00 0 
78877c006000-78877c024000 rw-p 00000000 00:00 0 
78877c024000-78877c025000 r--p 00000000 103:02 24773485                  /home/tillman/snap/MCreator20262/jdk/lib/libextnet.so
78877c025000-78877c026000 r-xp 00001000 103:02 24773485                  /home/tillman/snap/MCreator20262/jdk/lib/libextnet.so
78877c026000-78877c027000 r--p 00002000 103:02 24773485                  /home/tillman/snap/MCreator20262/jdk/lib/libextnet.so
78877c027000-78877c028000 r--p 00002000 103:02 24773485                  /home/tillman/snap/MCreator20262/jdk/lib/libextnet.so
78877c028000-78877c029000 rw-p 00000000 00:00 0 
78877c029000-78877c02b000 r--p 00000000 103:02 24773509                  /home/tillman/snap/MCreator20262/jdk/lib/libmanagement_ext.so
78877c02b000-78877c02e000 r-xp 00002000 103:02 24773509                  /home/tillman/snap/MCreator20262/jdk/lib/libmanagement_ext.so
78877c02e000-78877c02f000 r--p 00005000 103:02 24773509                  /home/tillman/snap/MCreator20262/jdk/lib/libmanagement_ext.so
78877c02f000-78877c030000 ---p 00006000 103:02 24773509                  /home/tillman/snap/MCreator20262/jdk/lib/libmanagement_ext.so
78877c030000-78877c031000 r--p 00006000 103:02 24773509                  /home/tillman/snap/MCreator20262/jdk/lib/libmanagement_ext.so
78877c031000-78877c032000 rw-p 00000000 00:00 0 
78877c032000-78877c034000 r--p 00000000 103:02 24773514                  /home/tillman/snap/MCreator20262/jdk/lib/libnet.so
78877c034000-78877c03c000 r-xp 00002000 103:02 24773514                  /home/tillman/snap/MCreator20262/jdk/lib/libnet.so
78877c03c000-78877c03e000 r--p 0000a000 103:02 24773514                  /home/tillman/snap/MCreator20262/jdk/lib/libnet.so
78877c03e000-78877c03f000 r--p 0000b000 103:02 24773514                  /home/tillman/snap/MCreator20262/jdk/lib/libnet.so
78877c03f000-78877c09b000 rw-p 00000000 00:00 0 
78877c0dc000-78877c3df000 rw-p 00000000 00:00 0 
78877c3df000-78877c6e2000 rw-p 00000000 00:00 0 
78877c6e2000-78877cb13000 rw-p 00000000 00:00 0 
78877cb13000-78877d6cb000 ---p 00000000 00:00 0 
78877d6cb000-78877e434000 rw-p 00000000 00:00 0 
78877e434000-78877e4f1000 ---p 00000000 00:00 0 
78877e4f1000-78877e533000 rw-p 00000000 00:00 0 
78877e533000-78877e5da000 ---p 00000000 00:00 0 
78877e5da000-78877e5de000 ---p 00000000 00:00 0 
78877e5de000-78877e6da000 rw-p 00000000 00:00 0 
78877e6da000-78877e6ec000 r--p 00000000 103:02 20740431                  /usr/lib/x86_64-linux-gnu/libm.so.6
78877e6ec000-78877e78c000 r-xp 00012000 103:02 20740431                  /usr/lib/x86_64-linux-gnu/libm.so.6
78877e78c000-78877e7fe000 r--p 000b2000 103:02 20740431                  /usr/lib/x86_64-linux-gnu/libm.so.6
78877e7fe000-78877e7ff000 r--p 00123000 103:02 20740431                  /usr/lib/x86_64-linux-gnu/libm.so.6
78877e7ff000-78877e800000 rw-p 00124000 103:02 20740431                  /usr/lib/x86_64-linux-gnu/libm.so.6
78877e800000-78877eadc000 r--p 00000000 103:02 24773650                  /home/tillman/snap/MCreator20262/jdk/lib/server/libjvm.so
78877eadc000-78877fa6d000 r-xp 002dc000 103:02 24773650                  /home/tillman/snap/MCreator20262/jdk/lib/server/libjvm.so
78877fa6d000-78877fd89000 r--p 0126d000 103:02 24773650                  /home/tillman/snap/MCreator20262/jdk/lib/server/libjvm.so
78877fd89000-78877fd8a000 ---p 01589000 103:02 24773650                  /home/tillman/snap/MCreator20262/jdk/lib/server/libjvm.so
78877fd8a000-78877fe73000 r--p 01589000 103:02 24773650                  /home/tillman/snap/MCreator20262/jdk/lib/server/libjvm.so
78877fe73000-78877fe9e000 rw-p 01672000 103:02 24773650                  /home/tillman/snap/MCreator20262/jdk/lib/server/libjvm.so
78877fe9e000-78877ff2a000 rw-p 00000000 00:00 0 
78877ff2a000-78877ff31000 r--p 00000000 103:02 24773517                  /home/tillman/snap/MCreator20262/jdk/lib/libnio.so
78877ff31000-78877ff3a000 r-xp 00007000 103:02 24773517                  /home/tillman/snap/MCreator20262/jdk/lib/libnio.so
78877ff3a000-78877ff3e000 r--p 00010000 103:02 24773517                  /home/tillman/snap/MCreator20262/jdk/lib/libnio.so
78877ff3e000-78877ff3f000 ---p 00014000 103:02 24773517                  /home/tillman/snap/MCreator20262/jdk/lib/libnio.so
78877ff3f000-78877ff40000 r--p 00014000 103:02 24773517                  /home/tillman/snap/MCreator20262/jdk/lib/libnio.so
78877ff40000-78877ff41000 rw-p 00015000 103:02 24773517                  /home/tillman/snap/MCreator20262/jdk/lib/libnio.so
78877ff41000-78877ff43000 r--p 00000000 103:02 24773530                  /home/tillman/snap/MCreator20262/jdk/lib/libzip.so
78877ff43000-78877ff47000 r-xp 00002000 103:02 24773530                  /home/tillman/snap/MCreator20262/jdk/lib/libzip.so
78877ff47000-78877ff49000 r--p 00006000 103:02 24773530                  /home/tillman/snap/MCreator20262/jdk/lib/libzip.so
78877ff49000-78877ff4a000 r--p 00007000 103:02 24773530                  /home/tillman/snap/MCreator20262/jdk/lib/libzip.so
78877ff4a000-78877ff95000 rw-p 00000000 00:00 0 
78877ff95000-78877ff97000 ---p 00000000 00:00 0 
78877ff97000-78877ffa3000 r--p 00000000 103:02 24773494                  /home/tillman/snap/MCreator20262/jdk/lib/libjava.so
78877ffa3000-78877ffb1000 r-xp 0000c000 103:02 24773494                  /home/tillman/snap/MCreator20262/jdk/lib/libjava.so
78877ffb1000-78877ffb6000 r--p 0001a000 103:02 24773494                  /home/tillman/snap/MCreator20262/jdk/lib/libjava.so
78877ffb6000-78877ffb7000 ---p 0001f000 103:02 24773494                  /home/tillman/snap/MCreator20262/jdk/lib/libjava.so
78877ffb7000-78877ffb8000 r--p 0001f000 103:02 24773494                  /home/tillman/snap/MCreator20262/jdk/lib/libjava.so
78877ffb8000-78877ffb9000 rw-p 00020000 103:02 24773494                  /home/tillman/snap/MCreator20262/jdk/lib/libjava.so
78877ffb9000-78877ffba000 rw-p 00000000 00:00 0 
78877ffba000-78877ffbd000 r--p 00000000 103:02 24773499                  /home/tillman/snap/MCreator20262/jdk/lib/libjimage.so
78877ffbd000-78877ffd1000 r-xp 00003000 103:02 24773499                  /home/tillman/snap/MCreator20262/jdk/lib/libjimage.so
78877ffd1000-78877ffd7000 r--p 00017000 103:02 24773499                  /home/tillman/snap/MCreator20262/jdk/lib/libjimage.so
78877ffd7000-78877ffd8000 ---p 0001d000 103:02 24773499                  /home/tillman/snap/MCreator20262/jdk/lib/libjimage.so
78877ffd8000-78877ffda000 r--p 0001d000 103:02 24773499                  /home/tillman/snap/MCreator20262/jdk/lib/libjimage.so
78877ffda000-78877ffdb000 rw-p 0001f000 103:02 24773499                  /home/tillman/snap/MCreator20262/jdk/lib/libjimage.so
78877ffdb000-78877ffdc000 r--p 00000000 103:02 20740607                  /usr/lib/x86_64-linux-gnu/librt.so.1
78877ffdc000-78877ffdd000 r-xp 00001000 103:02 20740607                  /usr/lib/x86_64-linux-gnu/librt.so.1
78877ffdd000-78877ffde000 r--p 00002000 103:02 20740607                  /usr/lib/x86_64-linux-gnu/librt.so.1
78877ffde000-78877ffdf000 r--p 00002000 103:02 20740607                  /usr/lib/x86_64-linux-gnu/librt.so.1
78877ffdf000-78877ffe0000 rw-p 00003000 103:02 20740607                  /usr/lib/x86_64-linux-gnu/librt.so.1
78877ffe0000-78877ffe2000 rw-p 00000000 00:00 0 
78877ffe2000-78877ffe5000 r--p 00000000 103:02 20740798                  /usr/lib/x86_64-linux-gnu/libz.so.1.3.1
78877ffe5000-78877fff8000 r-xp 00003000 103:02 20740798                  /usr/lib/x86_64-linux-gnu/libz.so.1.3.1
78877fff8000-78877fffe000 r--p 00016000 103:02 20740798                  /usr/lib/x86_64-linux-gnu/libz.so.1.3.1
78877fffe000-78877ffff000 r--p 0001c000 103:02 20740798                  /usr/lib/x86_64-linux-gnu/libz.so.1.3.1
78877ffff000-788780000000 rw-p 0001d000 103:02 20740798                  /usr/lib/x86_64-linux-gnu/libz.so.1.3.1
788780000000-788780028000 r--p 00000000 103:02 20740111                  /usr/lib/x86_64-linux-gnu/libc.so.6
788780028000-7887801c0000 r-xp 00028000 103:02 20740111                  /usr/lib/x86_64-linux-gnu/libc.so.6
7887801c0000-78878020e000 r--p 001c0000 103:02 20740111                  /usr/lib/x86_64-linux-gnu/libc.so.6
78878020e000-788780212000 r--p 0020d000 103:02 20740111                  /usr/lib/x86_64-linux-gnu/libc.so.6
788780212000-788780214000 rw-p 00211000 103:02 20740111                  /usr/lib/x86_64-linux-gnu/libc.so.6
788780214000-788780221000 rw-p 00000000 00:00 0 
788780221000-788780222000 rw-s 00000000 00:07 1323                       /dev/nvidiactl
788780222000-788780224000 rw-p 00000000 00:00 0 
788780224000-788780225000 r--p 00000000 103:02 20740586                  /usr/lib/x86_64-linux-gnu/libpthread.so.0
788780225000-788780226000 r-xp 00001000 103:02 20740586                  /usr/lib/x86_64-linux-gnu/libpthread.so.0
788780226000-788780227000 r--p 00002000 103:02 20740586                  /usr/lib/x86_64-linux-gnu/libpthread.so.0
788780227000-788780228000 r--p 00002000 103:02 20740586                  /usr/lib/x86_64-linux-gnu/libpthread.so.0
788780228000-788780229000 rw-p 00003000 103:02 20740586                  /usr/lib/x86_64-linux-gnu/libpthread.so.0
788780229000-78878022a000 r--p 00000000 103:02 20740175                  /usr/lib/x86_64-linux-gnu/libdl.so.2
78878022a000-78878022b000 r-xp 00001000 103:02 20740175                  /usr/lib/x86_64-linux-gnu/libdl.so.2
78878022b000-78878022c000 r--p 00002000 103:02 20740175                  /usr/lib/x86_64-linux-gnu/libdl.so.2
78878022c000-78878022d000 r--p 00002000 103:02 20740175                  /usr/lib/x86_64-linux-gnu/libdl.so.2
78878022d000-78878022e000 rw-p 00003000 103:02 20740175                  /usr/lib/x86_64-linux-gnu/libdl.so.2
78878022e000-78878022f000 r--s 00000000 00:07 1323                       /dev/nvidiactl
78878022f000-788780230000 r--p 00000000 00:00 0 
788780230000-788780232000 r--p 00000000 103:02 24773507                  /home/tillman/snap/MCreator20262/jdk/lib/libmanagement.so
788780232000-788780233000 r-xp 00002000 103:02 24773507                  /home/tillman/snap/MCreator20262/jdk/lib/libmanagement.so
788780233000-788780234000 r--p 00003000 103:02 24773507                  /home/tillman/snap/MCreator20262/jdk/lib/libmanagement.so
788780234000-788780235000 r--p 00003000 103:02 24773507                  /home/tillman/snap/MCreator20262/jdk/lib/libmanagement.so
788780235000-788780236000 rw-p 00000000 00:00 0 
788780236000-78878023e000 rw-s 00000000 00:2e 10360                      /tmp/hsperfdata_tillman/113748
78878023e000-78878023f000 ---p 00000000 00:00 0 
78878023f000-788780240000 r--p 00000000 00:00 0 
788780240000-788780241000 ---p 00000000 00:00 0 
788780241000-788780243000 r--p 00000000 103:02 24773500                  /home/tillman/snap/MCreator20262/jdk/lib/libjli.so
788780243000-78878024d000 r-xp 00002000 103:02 24773500                  /home/tillman/snap/MCreator20262/jdk/lib/libjli.so
78878024d000-788780250000 r--p 0000c000 103:02 24773500                  /home/tillman/snap/MCreator20262/jdk/lib/libjli.so
788780250000-788780251000 ---p 0000f000 103:02 24773500                  /home/tillman/snap/MCreator20262/jdk/lib/libjli.so
788780251000-788780252000 r--p 0000f000 103:02 24773500                  /home/tillman/snap/MCreator20262/jdk/lib/libjli.so
788780252000-788780253000 rw-p 00010000 103:02 24773500                  /home/tillman/snap/MCreator20262/jdk/lib/libjli.so
788780253000-788780255000 rw-p 00000000 00:00 0 
788780255000-788780259000 r--p 00000000 00:00 0                          [vvar]
788780259000-78878025b000 r--p 00000000 00:00 0                          [vvar_vclock]
78878025b000-78878025d000 r-xp 00000000 00:00 0                          [vdso]
78878025d000-78878025e000 r--p 00000000 103:02 20739802                  /usr/lib/x86_64-linux-gnu/ld-linux-x86-64.so.2
78878025e000-78878028d000 r-xp 00001000 103:02 20739802                  /usr/lib/x86_64-linux-gnu/ld-linux-x86-64.so.2
78878028d000-788780298000 r--p 00030000 103:02 20739802                  /usr/lib/x86_64-linux-gnu/ld-linux-x86-64.so.2
788780298000-78878029a000 r--p 0003b000 103:02 20739802                  /usr/lib/x86_64-linux-gnu/ld-linux-x86-64.so.2
78878029a000-78878029b000 rw-p 0003d000 103:02 20739802                  /usr/lib/x86_64-linux-gnu/ld-linux-x86-64.so.2
78878029b000-78878029c000 rw-p 00000000 00:00 0 
7fff3cfcf000-7fff3cff4000 rw-p 00000000 00:00 0                          [stack]
ffffffffff600000-ffffffffff601000 --xp 00000000 00:00 0                  [vsyscall]
Total number of mappings: 958

JVMTI agents: none


VM Arguments:
jvm_args: -Dfml.modFolders=mcreator%%/home/tillman/Desktop/programmieren/minecraft/MODS/KomischKristall/build/classes/java/main:mcreator%%/home/tillman/Desktop/programmieren/minecraft/MODS/KomischKristall/build/resources/main --sun-misc-unsafe-memory-access=allow --enable-native-access=ALL-UNNAMED --add-opens=java.base/java.lang.invoke=ALL-UNNAMED --add-exports=jdk.naming.dns/com.sun.jndi.dns=java.naming -Dcom.sun.management.jmxremote.port=1099 -Dcom.sun.management.jmxremote.local.only=true -Dcom.sun.management.jmxremote.ssl=false -Dcom.sun.management.jmxremote.authenticate=false -Dlog4j2.configurationFile=/home/tillman/Desktop/programmieren/minecraft/MODS/KomischKristall/build/moddev/clientLog4j2.xml -Djava.net.preferIPv6Addresses=system -Dneoforge.enableGameTest=true -Dforge.logging.markers=REGISTRIES -Dfile.encoding=UTF-8 -Duser.country=US -Duser.language=en -Duser.variant -Dawt.toolkit.name=XToolkit 
java_command: net.neoforged.devlaunch.Main @/home/tillman/Desktop/programmieren/minecraft/MODS/KomischKristall/build/moddev/clientRunProgramArgs.txt
java_class_path (initial): /home/tillman/Desktop/programmieren/minecraft/MODS/KomischKristall/build/classes/java/main:/home/tillman/Desktop/programmieren/minecraft/MODS/KomischKristall/build/resources/main:/home/tillman/Desktop/programmieren/minecraft/MODS/KomischKristall/build/moddev/artifacts/minecraft-patched-26.1.2.71.jar:/home/tillman/.mcreator/gradle/caches/modules-2/files-2.1/net.neoforged/DevLaunch/1.0.2/2e0e9a67793d5bfdedee4f9ea00934dbf3f2e22d/DevLaunch-1.0.2.jar:/home/tillman/.mcreator/gradle/caches/modules-2/files-2.1/net.neoforged/neoforge/26.1.2.71/2fb61eae2ea7b55fe17d0dba69cab130beb0a054/neoforge-26.1.2.71-universal.jar:/home/tillman/.mcreator/gradle/caches/modules-2/files-2.1/net.neoforged.fancymodloader/earlydisplay/11.0.13/491a1bedecb33802fa118cae384b60f91f6f0241/earlydisplay-11.0.13.jar:/home/tillman/.mcreator/gradle/caches/modules-2/files-2.1/net.neoforged.fancymodloader/loader/11.0.13/c9c89eaf35535990110088224d188748d81eaecf/loader-11.0.13.jar:/home/tillman/.mcreator/gradle/caches/modules-2/files-2.1/net.neoforged/accesstransformers/11.0.2/25dcb69c78b16669935f0ab91dff830ce192379d/accesstransformers-11.0.2.jar:/home/tillman/.mcreator/gradle/caches/modules-2/files-2.1/org.ow2.asm/asm-commons/9.9.1/ab35de4c537184a09339069f1a3b3aacf2289149/asm-commons-9.9.1.jar:/home/tillman/.mcreator/gradle/caches/modules-2/files-2.1/net.neoforged/mergetool/2.0.7/793b18456e92c4a7f66d9b5d8bf7a9c1c7a20b20/mergetool-2.0.7-api.jar:/home/tillman/.mcreator/gradle/caches/modules-2/files-2.1/org.ow2.asm/asm-util/9.9.1/e51f5b0ae0b0c1960687ae970a2a3434d39d8abb/asm-util-9.9.1.jar:/home/tillman/.mcreator/gradle/caches/modules-2/files-2.1/org.ow2.asm/asm-analysis/9.9.1/1ab8d9316ef7a67240087919a708246c37ed1660/asm-analysis-9.9.1.jar:/home/tillman/.mcreator/gradle/caches/modules-2/files-2.1/org.ow2.asm/asm-tree/9.9.1/b6b1b3366296163b4b1f540731aad0a2baa484d8/asm-tree-9.9.1.jar:/home/tillman/.mcreator/gradle/caches/modules-2/files-2.1/net.neoforged/bus/8.0.5/5b2d33285ab5d1554e9798ad98c40d6ea3868bd5/bus-8.0.5.jar:/home/tillman/.mcreator/gradle/caches/modules-2/files-2.1/org.ow2.asm/asm/9.9.1/2ceea6ab43bcae1979b2a6d85fc0ca429877e5ab/asm-9.9.1.jar:/home/tillman/.mcreator/gradle/caches/modules-2/files-2.1/com.electronwill.night-config/toml/3.8.3/90b2fd6efcb4a7d5b9810cf78f9d824994d717f2/toml-3.8.3.jar:/home/tillman/.mcreator/gradle/caches/modules-2/files-2.1/com.electronwill.night-config/core/3.8.3/b442a95f09e349927f5a945ecb594455870fcf4f/core-3.8.3.jar:/home/tillman/.mcreator/gradle/caches/modules-2/files-2.1/net.neoforged/JarJarSelector/0.5.0/64e4956b8dcdd6537eba96590f12fa1f3ba2f831/JarJarSelector-0.5.0.jar:/home/tillman/.mcreator/gradle/caches/modules-2/files-2.1/net.neoforged/JarJarMetadata/0.5.0/6f03d0ac17102c33cb7384e42a2e22eda2a3ad8c/JarJarMetadata-0.5.0.jar:/home/tillman/.mcreator/gradle/caches/modules-2/files-2.1/org.apache.maven/maven-artifact/3.9.9/a130ec431ef32e12a4424f9b074735bb58e15d2d/maven-artifact-3.9.9.jar:/home/tillman/.mcreator/gradle/caches/modules-2/files-2.1/net.jodah/typetools/0.6.3/a01aaa6ddaea9ec07ec4f209487b7a46a526283a/typetools-0.6.3.jar:/home/tillman/.mcreator/gradle/caches/modules-2/files-2.1/net.minecrell/terminalconsoleappender/1.3.0/b562e9bb61235c9520e26282cdee71f8f802d1fc/terminalconsoleappender-1.3.0.jar:/home/tillman/.mcreator/gradle/caches/modules-2/files-2.1/net.fabricmc/sponge-mixin/0.17.3+mixin.0.8.7/41c4a3984a80f4679e759fb9f495587acc5cdac7/sponge-mixin-0.17.3+mixin.0.8.7.jar:/home/tillman/.mcreator/gradle/caches/modules-2/files-2.1/net.sf.jopt-simple/jopt-simple/5.0.4/4fdac2fbe92dfad86aa6e9301736f6b4342a3f5c/jopt-simple-5.0.4.jar:/home/tillman/.mcreator/gradle/caches/modules-2/files-2.1/commons-io/commons-io/2.20.0/36f3474daec2849c149e877614e7f979b2082cd2/commons-io-2.20.0.jar:/home/tillman/.mcreator/gradle/caches/modules-2/files-2.1/org.lwjgl/lwjgl-tinyfd/3.4.1/562697d40dbd2ed0424bf24dcf65d51170f81adf/lwjgl-tinyfd-3.4.1.jar:/home/tillman/.mcreator/gradle/caches/modules-2/files-2.1/org.lwjgl/lwjgl-tinyfd/3.4.1/fc6a72690afc8defb60d82ad1de64dd8f537154c/lwjgl-tinyfd-3.4.1-natives-linux.jar:/home/tillman/.mcreator/gradle/caches/modules-2/files-2.1/com.mojang/logging/1.6.11/fd147240733010c158249d986323f9ef98977fe/logging-1.6.11.jar:/home/tillman/.mcreator/gradle/caches/modules-2/files-2.1/org.apache.logging.log4j/log4j-slf4j2-impl/2.25.2/5eec0c392661dee8a366baec17e8896900dd978f/log4j-slf4j2-impl-2.25.2.jar:/home/tillman/.mcreator/gradle/caches/modules-2/files-2.1/org.apache.logging.log4j/log4j-core/2.25.2/d4d0ad2e51e03e531f784891fbfff1bae1e13a12/log4j-core-2.25.2.jar:/home/tillman/.mcreator/gradle/caches/modules-2/files-2.1/org.apache.logging.log4j/log4j-api/2.25.2/292c1a2b1702f1e1e3adb13e1c57e5bff60335ff/log4j-api-2.25.2.jar:/home/tillman/.mcreator/gradle/caches/modules-2/files-2.1/com.google.guava/guava/33.5.0-jre/8699de25f2f979108d6c1b804a7ba38cda1116bc/guava-33.5.0-jre.jar:/home/tillman/.mcreator/gradle/caches/modules-2/files-2.1/com.google.code.gson/gson/2.13.2/48b8230771e573b54ce6e867a9001e75977fe78e/gson-2.13.2.jar:/home/tillman/.mcreator/gradle/caches/modules-2/files-2.1/org.apache.commons/commons-lang3/3.19.0/d6524b169a6574cd253760c472d419b47bfd37e6/commons-lang3-3.19.0.jar:/home/tillman/.mcreator/gradle/caches/modules-2/files-2.1/net.neoforged.accesstransformers/at-parser/11.0.2/64aae57d6d26d69543c5275181fe6971707a4e16/at-parser-11.0.2.jar:/home/tillman/.mcreator/gradle/caches/modules-2/files-2.1/org.slf4j/slf4j-api/2.0.17/d9e58ac9c7779ba3bf8142aff6c830617a7fe60f/slf4j-api-2.0.17.jar:/home/tillman/.mcreator/gradle/caches/modules-2/files-2.1/net.neoforged/srgutils/1.0.10/abb471237b33b19f040ada00bfbad1ec45b949b6/srgutils-1.0.10.jar:/home/tillman/.mcreator/gradle/caches/modules-2/files-2.1/org.codehaus.plexus/plexus-utils/3.5.1/c6bfb17c97ecc8863e88778ea301be742c62b06d/plexus-utils-3.5.1.jar:/home/tillman/.mcreator/gradle/caches/modules-2/files-2.1/org.jline/jline-reader/3.20.0/8f15415b022a25b473e8e16c28ae913186ffb9c4/jline-reader-3.20.0.jar:/home/tillman/.mcreator/gradle/caches/modules-2/files-2.1/com.google.code.findbugs/jsr305/3.0.2/25ea2e8b0c338a877313bd4672d3fe056ea78f0d/jsr305-3.0.2.jar:/home/tillman/.mcreator/gradle/caches/modules-2/files-2.1/org.jetbrains/annotations/26.0.2-1/c7ce3cdeda3d18909368dfe5977332dfad326c6d/annotations-26.0.2-1.jar:/home/tillman/.mcreator/gradle/caches/modules-2/files-2.1/ca.weblite/java-objc-bridge/1.1/1227f9e0666314f9de41477e3ec277e542ed7f7b/java-objc-bridge-1.1.jar:/home/tillman/.mcreator/gradle/caches/modules-2/files-2.1/org.lwjgl/lwjgl/3.4.1/6105690714874b995aa7812e4f7732a21109276c/lwjgl-3.4.1.jar:/home/tillman/.mcreator/gradle/caches/modules-2/files-2.1/org.lwjgl/lwjgl/3.4.1/2734e106bd95db49fe0da8cf8bf7fd96475c436c/lwjgl-3.4.1-natives-linux.jar:/home/tillman/.mcreator/gradle/caches/modules-2/files-2.1/org.lwjgl/lwjgl-freetype/3.4.1/caa75a37e857efc9b0686e434d708d6420c5b6ea/lwjgl-freetype-3.4.1.jar:/home/tillman/.mcreator/gradle/caches/modules-2/files-2.1/org.lwjgl/lwjgl-freetype/3.4.1/40a29a29b1549c4cad073ccd682e3776ffb454fa/lwjgl-freetype-3.4.1-natives-linux.jar:/home/tillman/.mcreator/gradle/caches/modules-2/files-2.1/org.lwjgl/lwjgl-glfw/3.4.1/a782b1ddd175c9107bf300fd92920579ea65e2a4/lwjgl-glfw-3.4.1.jar:/home/tillman/.mcreator/gradle/caches/modules-2/files-2.1/org.lwjgl/lwjgl-glfw/3.4.1/23cdf7655ce9f3b27ad90f08e73345e0d5b46362/lwjgl-glfw-3.4.1-natives-linux.jar:/home/tillman/.mcreator/gradle/caches/modules-2/files-2.1/org.lwjgl/lwjgl-jemalloc/3.4.1/16b663092854fc6adfe0a941e61cae2bb2e437b6/lwjgl-jemalloc-3.4.1.jar:/home/tillman/.mcreator/gradle/caches/modules-2/files-2.1/org.lwjgl/lwjgl-jemalloc/3.4.1/b83c82d941f2e624d150d6d1e2efcf4ea49ff8ea/lwjgl-jemalloc-3.4.1-natives-linux.jar:/home/tillman/.mcreator/gradle/caches/modules-2/files-2.1/org.lwjgl/lwjgl-openal/3.4.1/8508bd60589de0539aa465b78fcf838efd07ae9a/lwjgl-openal-3.4.1.jar:/home/tillman/.mcreator/gradle/caches/modules-2/files-2.1/org.lwjgl/lwjgl-openal/3.4.1/dbff577119266cd4312e4eb9cc2b171407c56360/lwjgl-openal-3.4.1-natives-linux.jar:/home/tillman/.mcreator/gradle/caches/modules-2/files-2.1/org.lwjgl/lwjgl-opengl/3.4.1/830412cab823c029cda6b9729f9d2ed36cf79959/lwjgl-opengl-3.4.1.jar:/home/tillman/.mcreator/gradle/caches/modules-2/files-2.1/org.lwjgl/lwjgl-opengl/3.4.1/b750599f0e75ddb19f1d0fe993f3011334b710ae/lwjgl-opengl-3.4.1-natives-linux.jar:/home/tillman/.mcreator/gradle/caches/modules-2/files-2.1/org.lwjgl/lwjgl-stb/3.4.1/f077c3dafc31924fbe8acb0b913f08977ba27f8e/lwjgl-stb-3.4.1.jar:/home/tillman/.mcreator/gradle/caches/modules-2/files-2.1/org.lwjgl/lwjgl-stb/3.4.1/7e1cfae909da6c68f3cb6073a9bfeb6c90e82a57/lwjgl-stb-3.4.1-natives-linux.jar:/home/tillman/.mcreator/gradle/caches/modules-2/files-2.1/com.google.guava/failureaccess/1.0.3/aeaffd00d57023a2c947393ed251f0354f0985fc/failureaccess-1.0.3.jar:/home/tillman/.mcreator/gradle/caches/modules-2/files-2.1/com.google.guava/listenablefuture/9999.0-empty-to-avoid-conflict-with-guava/b421526c5f297295adef1c886e5246c39d4ac629/listenablefuture-9999.0-empty-to-avoid-conflict-with-guava.jar:/home/tillman/.mcreator/gradle/caches/modules-2/files-2.1/com.google.errorprone/error_prone_annotations/2.41.0/4381275efdef6ddfae38f002c31e84cd001c97f0/error_prone_annotations-2.41.0.jar:/home/tillman/.mcreator/gradle/caches/modules-2/files-2.1/com.google.j2objc/j2objc-annotations/3.1/a892ca9507839bbdb900d64310ac98256cab992f/j2objc-annotations-3.1.jar:/home/tillman/.mcreator/gradle/caches/modules-2/files-2.1/org.jline/jline-terminal/3.20.0/d0ddcc708ddf527a3454c941b7b9225cc83a15ff/jline-terminal-3.20.0.jar:/home/tillman/.mcreator/gradle/caches/modules-2/files-2.1/at.yawk.lz4/lz4-java/1.10.1/f541d7f910fe3d76f38f799c507c48cc81b12ecb/lz4-java-1.10.1.jar:/home/tillman/.mcreator/gradle/caches/modules-2/files-2.1/com.azure/azure-json/1.4.0/fcc1d354dbc3e0300e5276b1bf124d0247799cd8/azure-json-1.4.0.jar:/home/tillman/.mcreator/gradle/caches/modules-2/files-2.1/com.github.oshi/oshi-core/6.9.0/3224870731860cfcd7744581a05b559e94291e7/oshi-core-6.9.0.jar:/home/tillman/.mcreator/gradle/caches/modules-2/files-2.1/com.ibm.icu/icu4j/77.1/38693cf0b1d7362a8b726af74dc06026a7c23809/icu4j-77.1.jar:/home/tillman/.mcreator/gradle/caches/modules-2/files-2.1/com.microsoft.azure/msal4j/1.23.1/6c722b514873b24a4e1ce9c22dca36ea3c22bdbe/msal4j-1.23.1.jar:/home/tillman/.mcreator/gradle/caches/modules-2/files-2.1/com.mojang/authlib/7.0.63/54895b4e25e8b9b4cbbbe25f24eccf2b71b1ac2b/authlib-7.0.63.jar:/home/tillman/.mcreator/gradle/caches/modules-2/files-2.1/com.mojang/blocklist/1.0.10/5c685c5ffa94c4cd39496c7184c1d122e515ecef/blocklist-1.0.10.jar:/home/tillman/.mcreator/gradle/caches/modules-2/files-2.1/com.mojang/brigadier/1.3.10/d15b53a14cf20fdcaa98f731af5dda654452c010/brigadier-1.3.10.jar:/home/tillman/.mcreator/gradle/caches/modules-2/files-2.1/com.mojang/datafixerupper/9.0.19/4e91f9712fa1e83231d1501625381b0210a977da/datafixerupper-9.0.19.jar:/home/tillman/.mcreator/gradle/caches/modules-2/files-2.1/com.mojang/jtracy/1.0.37/a3fb649b2e2b2288d2978f0b0bc3d83f62809d1e/jtracy-1.0.37.jar:/home/tillman/.mcreator/gradle/caches/modules-2/files-2.1/com.mojang/jtracy/1.0.37/e1b4395227af41195da9e2ead13c48ee0b7d31cd/jtracy-1.0.37-natives-linux.jar:/home/tillman/.mcreator/gradle/caches/modules-2/files-2.1/com.mojang/patchy/2.2.10/da05971b07cbb379d002cf7eaec6a2048211fefc/patchy-2.2.10.jar:/home/tillman/.mcreator/gradle/caches/modules-2/files-2.1/com.mojang/text2speech/1.18.11/e853a12cdd6ba4f4836e8f4bf3b37844a13482b6/text2speech-1.18.11.jar:/home/tillman/.mcreator/gradle/caches/modules-2/files-2.1/commons-codec/commons-codec/1.19.0/8c0dbe3ae883fceda9b50a6c76e745e548073388/commons-codec-1.19.0.jar:/home/tillman/.mcreator/gradle/caches/modules-2/files-2.1/io.netty/netty-buffer/4.2.7.Final/5555ff561643bf2f8430fb57c24403c0efe15994/netty-buffer-4.2.7.Final.jar:/home/tillman/.mcreator/gradle/caches/modules-2/files-2.1/io.netty/netty-codec-base/4.2.7.Final/915e381ebabcf115f1c7ff7032d55c48afb50210/netty-codec-base-4.2.7.Final.jar:/home/tillman/.mcreator/gradle/caches/modules-2/files-2.1/io.netty/netty-codec-compression/4.2.7.Final/572341bc1ca90fd9d6e47f1d2694aab5258566e9/netty-codec-compression-4.2.7.Final.jar:/home/tillman/.mcreator/gradle/caches/modules-2/files-2.1/io.netty/netty-codec-http/4.2.7.Final/b734c108854099c421fd94d92d9f865e4d4da853/netty-codec-http-4.2.7.Final.jar:/home/tillman/.mcreator/gradle/caches/modules-2/files-2.1/io.netty/netty-common/4.2.7.Final/11aa30df26af4fca3239ac1917f303a280f301e1/netty-common-4.2.7.Final.jar:/home/tillman/.mcreator/gradle/caches/modules-2/files-2.1/io.netty/netty-handler/4.2.7.Final/7ad8a1f851e2e6fe93cdd091871fda2b81c03b5b/netty-handler-4.2.7.Final.jar:/home/tillman/.mcreator/gradle/caches/modules-2/files-2.1/io.netty/netty-resolver/4.2.7.Final/5f3e5ef8de03992cd4fb46960dc0085ec1a12a12/netty-resolver-4.2.7.Final.jar:/home/tillman/.mcreator/gradle/caches/modules-2/files-2.1/io.netty/netty-transport-classes-epoll/4.2.7.Final/1075c09f48a78eef9d819fbfd9096b903fdd362a/netty-transport-classes-epoll-4.2.7.Final.jar:/home/tillman/.mcreator/gradle/caches/modules-2/files-2.1/io.netty/netty-transport-classes-kqueue/4.2.7.Final/bdec7c23c75caabd848426d073c09568e8d5f94e/netty-transport-classes-kqueue-4.2.7.Final.jar:/home/tillman/.mcreator/gradle/caches/modules-2/files-2.1/io.netty/netty-transport-native-unix-common/4.2.7.Final/89953f04259ea7502cffb313630dd51e00e60669/netty-transport-native-unix-common-4.2.7.Final.jar:/home/tillman/.mcreator/gradle/caches/modules-2/files-2.1/io.netty/netty-transport/4.2.7.Final/83ea548981d0d8c4a98027cc1a6f9624f902e142/netty-transport-4.2.7.Final.jar:/home/tillman/.mcreator/gradle/caches/modules-2/files-2.1/it.unimi.dsi/fastutil/8.5.18/a6cff377eecc19c2037bf31568a6d7106b50ba1f/fastutil-8.5.18.jar:/home/tillman/.mcreator/gradle/caches/modules-2/files-2.1/net.java.dev.jna/jna-platform/5.17.0/a4934c44d25a9d8c2ddf4203affd20330cb3426f/jna-platform-5.17.0.jar:/home/tillman/.mcreator/gradle/caches/modules-2/files-2.1/net.java.dev.jna/jna/5.17.0/33d12735bef894440780fce64f9758d420c7bae2/jna-5.17.0.jar:/home/tillman/.mcreator/gradle/caches/modules-2/files-2.1/org.apache.commons/commons-compress/1.28.0/e482f2c7a88dac3c497e96aa420b6a769f59c8d7/commons-compress-1.28.0.jar:/home/tillman/.mcreator/gradle/caches/modules-2/files-2.1/org.jcraft/jorbis/0.0.17/8872d22b293e8f5d7d56ff92be966e6dc28ebdc6/jorbis-0.0.17.jar:/home/tillman/.mcreator/gradle/caches/modules-2/files-2.1/org.joml/joml/1.10.8/fc0a71dad90a2cf41d82a76156a0e700af8e4f8d/joml-1.10.8.jar:/home/tillman/.mcreator/gradle/caches/modules-2/files-2.1/org.jspecify/jspecify/1.0.0/7425a601c1c7ec76645a78d22b8c6a627edee507/jspecify-1.0.0.jar:/home/tillman/.mcreator/gradle/caches/modules-2/files-2.1/io.netty/netty-transport-native-epoll/4.2.7.Final/98d02251c98c8f07a23ac5ea27657d9e0ef57614/netty-transport-native-epoll-4.2.7.Final-linux-aarch_64.jar:/home/tillman/.mcreator/gradle/caches/modules-2/files-2.1/io.netty/netty-transport-native-epoll/4.2.7.Final/e83998bfc10b5289d9bcbe807c4079ef0eed8e6f/netty-transport-native-epoll-4.2.7.Final-linux-x86_64.jar
Launcher Type: SUN_STANDARD

[Global flags]
     intx CICompilerCount                          = 12                                        {product} {ergonomic}
     uint ConcGCThreads                            = 3                                         {product} {ergonomic}
     uint G1ConcRefinementThreads                  = 13                                        {product} {ergonomic}
   size_t G1HeapRegionSize                         = 4194304                                   {product} {ergonomic}
   size_t InitialHeapSize                          = 511705088                                 {product} {ergonomic}
     bool ManagementServer                         = true                                      {product} {command line}
   size_t MarkStackSize                            = 4194304                                   {product} {ergonomic}
   size_t MarkStackSizeMax                         = 536870912                                 {product} {ergonomic}
   size_t MaxHeapSize                              = 8124366848                                {product} {ergonomic}
   size_t MaxNewSize                               = 4873781248                                {product} {ergonomic}
   size_t MinHeapDeltaBytes                        = 4194304                                   {product} {ergonomic}
   size_t MinHeapSize                              = 8388608                                   {product} {ergonomic}
    uintx NonNMethodCodeHeapSize                   = 7602176                                {pd product} {ergonomic}
    uintx NonProfiledCodeHeapSize                  = 122032128                              {pd product} {ergonomic}
    uintx ProfiledCodeHeapSize                     = 122023936                              {pd product} {ergonomic}
    uintx ReservedCodeCacheSize                    = 251658240                              {pd product} {ergonomic}
     bool SegmentedCodeCache                       = true                                      {product} {ergonomic}
   size_t SoftMaxHeapSize                          = 8124366848                             {manageable} {ergonomic}
     bool UseCompressedOops                        = true                           {product lp64_product} {ergonomic}
     bool UseG1GC                                  = true                                      {product} {ergonomic}

Logging:
Log output configuration:
 #0: stdout all=warning uptime,level,tags foldmultilines=false
 #1: stderr all=off uptime,level,tags foldmultilines=false

Release file:
JAVA_VERSION="25.0.2"
MODULES="java.base java.datatransfer java.xml java.prefs java.desktop gluegen.rt java.compiler java.instrument java.logging java.management java.security.sasl java.naming java.rmi java.management.rmi java.net.http java.scripting java.security.jgss java.transaction.xa java.sql java.sql.rowset java.xml.crypto java.se java.smartcardio jogl.all jcef jdk.accessibility jdk.internal.jvmstat jdk.attach jdk.charsets jdk.internal.opt jdk.zipfs jdk.compiler jdk.crypto.cryptoki jdk.crypto.ec jdk.dynalink jdk.internal.ed jdk.editpad jdk.internal.vm.ci jdk.graal.compiler jdk.graal.compiler.management jdk.hotspot.agent jdk.httpserver jdk.incubator.vector jdk.internal.le jdk.internal.md jdk.jartool jdk.javadoc jdk.jcmd jdk.management jdk.management.agent jdk.jconsole jdk.jdeps jdk.jdwp.agent jdk.jdi jdk.jfr jdk.jlink jdk.jpackage jdk.jshell jdk.jsobject jdk.jstatd jdk.localedata jdk.management.jfr jdk.naming.dns jdk.naming.rmi jdk.net jdk.nio.mapmode jdk.sctp jdk.security.auth jdk.security.jgss jdk.unsupported jdk.unsupported.desktop jdk.xml.dom"
IMPLEMENTOR="JetBrains s.r.o."
IMPLEMENTOR_VERSION="JBRSDK-25.0.2+10-329.117-jcef"
JAVA_RUNTIME_VERSION="25.0.2+10-b329.117"
LIBC="gnu"
OS_ARCH="x86_64"
OS_NAME="Linux"
SOURCE=".:git:b692a8ec6ff7+ jcef_git:git:4a605f44671a"
JCEF_VERSION="137.0.17.1142+g68de80b"
JCEF_COMMIT_HASH="68de80bc86de497c8d0632ad0f8fe33625b33bff"
JCEF_VERSION_DETAILED=137.0.17-gf354b0e-chromium-137.0.7151.104-api-1.21-261-b81

Environment Variables:
JAVA_HOME=/home/tillman/snap/MCreator20262/jdk
PATH=/usr/local/sbin:/usr/local/bin:/usr/sbin:/usr/bin:/sbin:/bin:/usr/games:/usr/local/games:/snap/bin:/snap/bin
USERNAME=tillman
SHELL=/bin/bash
DISPLAY=:0
WAYLAND_DISPLAY=wayland-0
LANG=en_US.UTF-8
TERM=xterm-256color

Active Locale:
LC_ALL=en_US.UTF-8
LC_COLLATE=en_US.UTF-8
LC_CTYPE=en_US.UTF-8
LC_MESSAGES=en_US.UTF-8
LC_MONETARY=en_US.UTF-8
LC_NUMERIC=en_US.UTF-8
LC_TIME=en_US.UTF-8

Signal Handlers:
   SIGSEGV: crash_handler in libjvm.so, mask=11100100010111111101111111111110, flags=SA_RESTART|SA_SIGINFO, unblocked
    SIGBUS: crash_handler in libjvm.so, mask=11100100010111111101111111111110, flags=SA_RESTART|SA_SIGINFO, unblocked
    SIGFPE: crash_handler in libjvm.so, mask=11100100010111111101111111111110, flags=SA_RESTART|SA_SIGINFO, unblocked
   SIGPIPE: javaSignalHandler in libjvm.so, mask=11100100010111111101111111111110, flags=SA_RESTART|SA_SIGINFO, blocked
   SIGXFSZ: javaSignalHandler in libjvm.so, mask=11100100010111111101111111111110, flags=SA_RESTART|SA_SIGINFO, blocked
    SIGILL: crash_handler in libjvm.so, mask=11100100010111111101111111111110, flags=SA_RESTART|SA_SIGINFO, unblocked
   SIGUSR2: SR_handler in libjvm.so, mask=00000000000000000000000000000000, flags=SA_RESTART|SA_SIGINFO, blocked
    SIGHUP: UserHandler in libjvm.so, mask=11100100010111111101111111111110, flags=SA_RESTART|SA_SIGINFO, blocked
    SIGINT: UserHandler in libjvm.so, mask=11100100010111111101111111111110, flags=SA_RESTART|SA_SIGINFO, blocked
   SIGTERM: UserHandler in libjvm.so, mask=11100100010111111101111111111110, flags=SA_RESTART|SA_SIGINFO, blocked
   SIGQUIT: UserHandler in libjvm.so, mask=11100100010111111101111111111110, flags=SA_RESTART|SA_SIGINFO, blocked
   SIGTRAP: crash_handler in libjvm.so, mask=11100100010111111101111111111110, flags=SA_RESTART|SA_SIGINFO, unblocked


Compilation memory statistics disabled.

Periodic native trim disabled

JNI global refs:
JNI global refs: 72, weak refs: 45

JNI global refs memory usage: 1491, weak refs: 857

Process memory usage:
Resident Set Size: 2773532K (8% of 31734912K total physical memory with 15061460K free physical memory)

OOME stack traces (most recent first):
Classloader memory used:
Loader net.neoforged.fml.classloading.transformation.TransformingClassLoader           : 96153 K
Loader jdk.internal.loader.ClassLoaders$AppClassLoader                                 : 42471 K
Loader bootstrap                                                                       : 15087 K
Loader jdk.internal.loader.ClassLoaders$PlatformClassLoader                            : 968 K
Loader java.net.URLClassLoader                                                         : 30424 B
Loader sun.reflect.misc.MethodUtil                                                     : 4072 B

---------------  S Y S T E M  ---------------

OS:
DISTRIB_ID=Ubuntu
DISTRIB_RELEASE=26.04
DISTRIB_CODENAME=resolute
DISTRIB_DESCRIPTION="Ubuntu 26.04 LTS"
uname: Linux 7.0.0-27-generic #27-Ubuntu SMP PREEMPT_DYNAMIC Thu Jun 18 19:13:49 UTC 2026 x86_64
OS uptime: 0 days 19:46 hours
libc: glibc 2.43 NPTL 2.43 
rlimit (soft/hard): STACK 8192k/infinity , CORE 0k/infinity , NPROC 123788/123788 , NOFILE 524288/524288 , AS infinity/infinity , CPU infinity/infinity , DATA infinity/infinity , FSIZE infinity/infinity , MEMLOCK 8192k/8192k
load average: 3.88 3.84 2.99

/proc/meminfo:
MemTotal:       31734912 kB
MemFree:         2293424 kB
MemAvailable:   15061460 kB
Buffers:          908628 kB
Cached:         12380332 kB
SwapCached:            0 kB
Active:         16896152 kB
Inactive:        9039436 kB
Active(anon):   12799448 kB
Inactive(anon):   480580 kB
Active(file):    4096704 kB
Inactive(file):  8558856 kB
Unevictable:         304 kB
Mlocked:             304 kB
SwapTotal:       8388604 kB
SwapFree:        8388604 kB
Zswap:                 0 kB
Zswapped:              0 kB
Dirty:              8680 kB
Writeback:             0 kB
AnonPages:      12647716 kB
Mapped:          2742396 kB
Shmem:            633508 kB
KReclaimable:     571736 kB
Slab:            1029532 kB
SReclaimable:     571736 kB
SUnreclaim:       457796 kB
KernelStack:       39808 kB
PageTables:       133456 kB
SecPageTables:      6124 kB
NFS_Unstable:          0 kB
Bounce:                0 kB
WritebackTmp:          0 kB
CommitLimit:    24256060 kB
Committed_AS:   55364000 kB
VmallocTotal:   34359738367 kB
VmallocUsed:      147288 kB
VmallocChunk:          0 kB
Percpu:            25728 kB
HardwareCorrupted:     0 kB
AnonHugePages:         0 kB
ShmemHugePages:        0 kB
ShmemPmdMapped:        0 kB
FileHugePages:    335872 kB
FilePmdMapped:      2048 kB
CmaTotal:              0 kB
CmaFree:               0 kB
Unaccepted:            0 kB
Balloon:               0 kB
HugePages_Total:       0
HugePages_Free:        0
HugePages_Rsvd:        0
HugePages_Surp:        0
Hugepagesize:       2048 kB
Hugetlb:               0 kB
DirectMap4k:     2136264 kB
DirectMap2M:    24004608 kB
DirectMap1G:     8388608 kB

/sys/kernel/mm/transparent_hugepage/enabled: always [madvise] never
/sys/kernel/mm/transparent_hugepage/hpage_pmd_size: 2097152
/sys/kernel/mm/transparent_hugepage/shmem_enabled: always within_size advise [never] deny force
/sys/kernel/mm/transparent_hugepage/defrag (defrag/compaction efforts parameter): always defer defer+madvise [madvise] never

Process Memory:
Virtual Size: 18134196K (peak: 18135400K)
Resident Set Size: 2774848K (peak: 2774848K) (anon: 2649940K, file: 121164K, shmem: 3744K)
Swapped out: 0K
C-Heap outstanding allocations: 597750K, retained: 542789K
glibc malloc tunables: (default)

/proc/sys/kernel/threads-max (system-wide limit on the number of threads): 247576
/proc/sys/vm/max_map_count (maximum number of memory map areas a process may have): 1048576
/proc/sys/vm/swappiness (control to define how aggressively the kernel swaps out anonymous memory): 60
/proc/sys/kernel/pid_max (system-wide limit on number of process identifiers): 4194304

container information not found.
Steal ticks since vm start: 0
Steal ticks percentage since vm start:  0.000

CPU: total 16 (initial active 16) (16 cores per cpu, 2 threads per core) family 23 model 113 stepping 0 microcode 0x8701034, cx8, cmov, fxsr, ht, mmx, 3dnowpref, sse, sse2, sse3, ssse3, sse4a, sse4.1, sse4.2, popcnt, lzcnt, tsc, tscinvbit, avx, avx2, aes, clmul, bmi1, bmi2, adx, sha, fma, vzeroupper, clflush, clflushopt, clwb, rdtscp, rdpid, f16c
CPU Model and flags from /proc/cpuinfo:
model name	: AMD Ryzen 7 3800X 8-Core Processor
flags		: fpu vme de pse tsc msr pae mce cx8 apic sep mtrr pge mca cmov pat pse36 clflush mmx fxsr sse sse2 ht syscall nx mmxext fxsr_opt pdpe1gb rdtscp lm constant_tsc rep_good nopl xtopology nonstop_tsc cpuid extd_apicid aperfmperf rapl pni pclmulqdq monitor ssse3 fma cx16 sse4_1 sse4_2 movbe popcnt aes xsave avx f16c rdrand lahf_lm cmp_legacy extapic cr8_legacy abm sse4a misalignsse 3dnowprefetch osvw ibs skinit wdt tce topoext perfctr_core perfctr_nb bpext perfctr_llc mwaitx cpb cat_l3 cdp_l3 hw_pstate ssbd mba ibpb stibp vmmcall fsgsbase bmi1 avx2 smep bmi2 cqm rdt_a rdseed adx smap clflushopt clwb sha_ni xsaveopt xsavec xgetbv1 cqm_llc cqm_occup_llc cqm_mbm_total cqm_mbm_local clzero irperf xsaveerptr rdpru wbnoinvd arat npt lbrv svm_lock nrip_save tsc_scale vmcb_clean flushbyasid decodeassists pausefilter pfthreshold avic v_vmsave_vmload vgif v_spec_ctrl umip rdpid overflow_recov succor smca sev sev_es

Online cpus: 0-15
Offline cpus: 
BIOS frequency limitation: 3900000
Frequency switch latency (ns): 0
Available cpu frequencies: 3900000 2800000 2200000 
Current governor: schedutil
Core performance/turbo boost: 1

Memory: 4k page, physical 31734912k(15061460k free), swap 8388604k(8388604k free)
Page Sizes: 4k

vm_info: OpenJDK 64-Bit Server VM (25.0.2+10-b329.117) for linux-amd64 JRE (25.0.2+10-b329.117), built on 2026-04-20 with gcc 10.3.1 20210422 (Red Hat 10.3.1-1.2.0.1)

END.
