#
# A fatal error has been detected by the Java Runtime Environment:
#
#  SIGSEGV (0xb) at pc=0x00007a5d1a607037, pid=56002, tid=56082
#
# JRE version: OpenJDK Runtime Environment Temurin-21.0.12+8 (21.0.12+8) (build 21.0.12+8-LTS)
# Java VM: OpenJDK 64-Bit Server VM Temurin-21.0.12+8 (21.0.12+8-LTS, mixed mode, sharing, tiered, compressed oops, compressed class ptrs, g1 gc, linux-amd64)
# Problematic frame:
# V  [libjvm.so+0x407037]  loadConPNode::bottom_type() const+0x7
#
# Core dump will be written. Default location: Determined by the following: "/usr/share/apport/apport -p%p -s%s -c%c -d%d -P%P -u%u -g%g -F%F -- %E" (alternatively, falling back to /home/tillman/Desktop/programmieren/minecraft/MODS/playerTracker/run/core.56002)
#
# If you would like to submit a bug report, please visit:
#   https://github.com/adoptium/adoptium-support/issues
#

---------------  S U M M A R Y ------------

Command Line: -Dfml.modFolders=mcreator%%/home/tillman/Desktop/programmieren/minecraft/MODS/playerTracker/build/classes/java/main:mcreator%%/home/tillman/Desktop/programmieren/minecraft/MODS/playerTracker/build/resources/main --module-path=/home/tillman/.mcreator/gradle/caches/modules-2/files-2.1/cpw.mods/bootstraplauncher/2.0.2/1a2d076cbc33b0520cbacd591224427b2a20047d/bootstraplauncher-2.0.2.jar:/home/tillman/.mcreator/gradle/caches/modules-2/files-2.1/cpw.mods/securejarhandler/3.0.8/c0ef95cecd8699a0449053ac7d9c160748d902cd/securejarhandler-3.0.8.jar:/home/tillman/.mcreator/gradle/caches/modules-2/files-2.1/org.ow2.asm/asm-commons/9.8/36e4d212970388e5bd2c5180292012502df461bb/asm-commons-9.8.jar:/home/tillman/.mcreator/gradle/caches/modules-2/files-2.1/org.ow2.asm/asm-util/9.8/395f1c1f035258511f27bc9b2583d76e4b143f59/asm-util-9.8.jar:/home/tillman/.mcreator/gradle/caches/modules-2/files-2.1/org.ow2.asm/asm-analysis/9.8/b9747a320844b6cb1eacd90d8ecfd260a16c01d3/asm-analysis-9.8.jar:/home/tillman/.mcreator/gradle/caches/modules-2/files-2.1/org.ow2.asm/asm-tree/9.8/18419ca5b77a2f81097c741e7872e6ab8d2f40d/asm-tree-9.8.jar:/home/tillman/.mcreator/gradle/caches/modules-2/files-2.1/org.ow2.asm/asm/9.8/dc19ecb3f7889b7860697215cae99c0f9b6f6b4b/asm-9.8.jar:/home/tillman/.mcreator/gradle/caches/modules-2/files-2.1/net.neoforged/JarJarFileSystems/0.4.1/78f59f89defcd032ed788b151ca6a0d40ace796a/JarJarFileSystems-0.4.1.jar --add-modules=ALL-MODULE-PATH --add-opens=java.base/java.util.jar=cpw.mods.securejarhandler --add-opens=java.base/java.lang.invoke=cpw.mods.securejarhandler --add-exports=java.base/sun.security.util=cpw.mods.securejarhandler --add-exports=jdk.naming.dns/com.sun.jndi.dns=java.naming -Dcom.sun.management.jmxremote.port=1099 -Dcom.sun.management.jmxremote.local.only=true -Dcom.sun.management.jmxremote.ssl=false -Dcom.sun.management.jmxremote.authenticate=false -Dlog4j2.configurationFile=/home/tillman/Desktop/programmieren/minecraft/MODS/playerTracker/build/moddev/clientLog4j2.xml -Djava.net.preferIPv6Addresses=system -DignoreList=mixinextras-neoforge-0.5.3.jar,client-extra,neoforge- -DlegacyClassPath.file=/home/tillman/Desktop/programmieren/minecraft/MODS/playerTracker/build/moddev/clientLegacyClasspath.txt -Dneoforge.enableGameTest=true -Dforge.logging.markers=REGISTRIES -Dfile.encoding=UTF-8 -Duser.country=US -Duser.language=en -Duser.variant net.neoforged.devlaunch.Main @/home/tillman/Desktop/programmieren/minecraft/MODS/playerTracker/build/moddev/clientRunProgramArgs.txt

Host: AMD Ryzen 7 3800X 8-Core Processor, 16 cores, 30G, Ubuntu 26.04 LTS
Time: Wed Aug  5 15:36:39 2026 CEST elapsed time: 2.987697 seconds (0d 0h 0m 2s)

---------------  T H R E A D  ---------------

Current thread (0x00007a5c501ab3b0):  JavaThread "C2 CompilerThread4" daemon [_thread_in_native, id=56082, stack(0x00007a5c99493000,0x00007a5c99593000) (1024K)]


Current CompileTask:
C2:2987 5846 %     4       org.objectweb.asm.ClassReader::readCode @ 92 (5117 bytes)

Stack: [0x00007a5c99493000,0x00007a5c99593000],  sp=0x00007a5c9958f0f8,  free space=1008k
Native frames: (J=compiled Java code, j=interpreted, Vv=VM code, C=native code)
V  [libjvm.so+0x407037]  loadConPNode::bottom_type() const+0x7
V  [libjvm.so+0x5c9d09]  PhaseChaitin::Register_Allocate()+0x849
V  [libjvm.so+0x672696]  Compile::Code_Gen()+0x326
V  [libjvm.so+0x6767b1]  Compile::Compile(ciEnv*, ciMethod*, int, Options, DirectiveSet*)+0x1491
V  [libjvm.so+0x59b12b]  C2Compiler::compile_method(ciEnv*, ciMethod*, int, bool, DirectiveSet*)+0x18b
V  [libjvm.so+0x67c63e]  CompileBroker::invoke_compiler_on_method(CompileTask*)+0xc9e
V  [libjvm.so+0x67f6e8]  CompileBroker::compiler_thread_loop()+0x6a8
V  [libjvm.so+0x9343f8]  JavaThread::thread_main_inner()+0x1d8
V  [libjvm.so+0xfa1c88]  Thread::call_run()+0xa8
V  [libjvm.so+0xd1385a]  thread_native_entry(Thread*)+0xda
C  [libc.so.6+0xa407a]

siginfo: si_signo: 11 (SIGSEGV), si_code: 128 (SI_KERNEL), si_addr: 0x0000000000000000

Registers:
RAX=0x10295d3000007a5d, RBX=0x00007a5b84036580, RCX=0x00007a5b9927d9a0, RDX=0x00007a5d1b668910
RSP=0x00007a5c9958f0f8, RBP=0x00007a5c9958f170, RSI=0x0000000000005fa0, RDI=0x00007a5b94fa289c
R8 =0x000000000000000a, R9 =0x0000000000000000, R10=0x0000000000000000, R11=0x0101010101010101
R12=0x00007a5b993466a0, R13=0x00007a5b94fa2820, R14=0x00007a5c9958f570, R15=0x0000000000000001
RIP=0x00007a5d1a607037, EFLAGS=0x0000000000010202, CSGSFS=0x002b000000000033, ERR=0x0000000000000000
  TRAPNO=0x000000000000000d

XMM[0]=0x0000000000000000 0x4003cde138980550
XMM[1]=0x0000000000000000 0x00000000fffffff6
XMM[2]=0x00007a5c683aeb20 0x00007a5c683aea80
XMM[3]=0x00007a5c1c6a4750 0x00007a5c683aed00
XMM[4]=0x00007a5c6034dfc8 0x00007a5c6034e340
XMM[5]=0x00007a5c501e7950 0x00007a5c501e7940
XMM[6]=0x00007a5c74000e40 0x00007a5c74000e30
XMM[7]=0x00007a5c1c6a4890 0x00007a5c709279d0
XMM[8]=0x00007a5c144c4c80 0x00007a5c711d9420
XMM[9]=0x0000000000000000 0x4008000000000000
XMM[10]=0x0000000000000000 0x46293e5939a08cea
XMM[11]=0x0000000000000000 0x4376345785d8a000
XMM[12]=0x00007a5c54188950 0x00007a5c541888f0
XMM[13]=0x0000000000000000 0x00007a5c54188dd0
XMM[14]=0x0000000000000000 0x00007a5c54188e90
XMM[15]=0x0000000000000000 0x00007a5c54188f50
  MXCSR=0x00001fa2


Register to memory mapping:

RAX=0x10295d3000007a5d is an unknown value
RBX=0x00007a5b84036580 points into unknown readable memory: 0x00007a5d1b63b6d0 | d0 b6 63 1b 5d 7a 00 00
RCX=0x00007a5b9927d9a0 points into unknown readable memory: 0x0000000000000000 | 00 00 00 00 00 00 00 00
RDX=0x00007a5d1b668910: <offset 0x0000000001468910> in /home/tillman/.mcreator/gradle/jdks/eclipse_adoptium-21-amd64-linux.2/lib/server/libjvm.so at 0x00007a5d1a200000
RSP=0x00007a5c9958f0f8 is pointing into the stack for thread: 0x00007a5c501ab3b0
RBP=0x00007a5c9958f170 is pointing into the stack for thread: 0x00007a5c501ab3b0
RSI=0x0000000000005fa0 is an unknown value
RDI=0x00007a5b94fa289c points into unknown readable memory: 5d 7a 00 00
R8 =0x000000000000000a is an unknown value
R9 =0x0 is null
R10=0x0 is null
R11=0x0101010101010101 is an unknown value
R12=0x00007a5b993466a0 points into unknown readable memory: 0x0000000000000000 | 00 00 00 00 00 00 00 00
R13=0x00007a5b94fa2820 points into unknown readable memory: 0x00007a5d1b668910 | 10 89 66 1b 5d 7a 00 00
R14=0x00007a5c9958f570 is pointing into the stack for thread: 0x00007a5c501ab3b0
R15=0x0000000000000001 is an unknown value

Top of Stack: (sp=0x00007a5c9958f0f8)
0x00007a5c9958f0f8:   00007a5d1a7c40ec 00007a5c9958f120   .@|.]z.. .X.\z..
0x00007a5c9958f108:   000000230000017e ffffffff010031f5   ~...#....1......
0x00007a5c9958f118:   00007a5b99341b60 00007a5b84036580   `.4.[z...e..[z..
0x00007a5c9958f128:   00007a5c54188890 00007a5c10292d00   ...T\z...-).\z..
0x00007a5c9958f138:   0000000200000004 0000000000000000   ................
0x00007a5c9958f148:   00007a5c9958f570 00007a5c9958f230   p.X.\z..0.X.\z..
0x00007a5c9958f158:   00007a5c9958f360 00007a5c9958f230   `.X.\z..0.X.\z..
0x00007a5c9958f168:   00007a5c9958f300 00007a5c9958f450   ..X.\z..P.X.\z..
0x00007a5c9958f178:   00007a5d1a7c9d09 0000000000000000   ..|.]z..........
0x00007a5c9958f188:   00007a5d1b776d70 00007a5d1b776cb0   pmw.]z...lw.]z..
0x00007a5c9958f198:   00007a5c74000e30 00007a5c9958f200   0..t\z....X.\z..
0x00007a5c9958f1a8:   00007a5c9958f260 00007a5c9958f2a0   `.X.\z....X.\z..
0x00007a5c9958f1b8:   00007a5c74000e40 00007a5c74000e30   @..t\z..0..t\z..
0x00007a5c9958f1c8:   00007a5c74000e40 00007a5c9958f230   @..t\z..0.X.\z..
0x00007a5c9958f1d8:   00007a5c74000e30 00007a5c74000e40   0..t\z..@..t\z..
0x00007a5c9958f1e8:   00007a5c74001218 00000000000003d8   ...t\z..........
0x00007a5c9958f1f8:   00007a5b98000038 000000000000b507   8...[z..........
0x00007a5c9958f208:   00007a5c501e7940 00007a5c501e7940   @y.P\z..@y.P\z..
0x00007a5c9958f218:   00007a5c501e7950 00007a5c501e7d28   Py.P\z..(}.P\z..
0x00007a5c9958f228:   00000000000003d8 000000000000b507   ................
0x00007a5c9958f238:   00007a5c74000e30 00007a5b9834e110   0..t\z....4.[z..
0x00007a5c9958f248:   00007a5b983551a0 00007a5b983560f8   .Q5.[z...`5.[z..
0x00007a5c9958f258:   00000000008eed10 00007a5d0000000c   ............]z..
0x00007a5c9958f268:   00007a5c99590aa0 00007a5b9908a060   ..Y.\z..`...[z..
0x00007a5c9958f278:   00007a5d1af06e00 00007a5b9927d9a0   .n..]z....'.[z..
0x00007a5c9958f288:   00000000000031f5 00007a5c9958f230   .1......0.X.\z..
0x00007a5c9958f298:   00007a5c74000e40 00007a5d1b640000   @..t\z....d.]z..
0x00007a5c9958f2a8:   0000000000000000 00007a5c99590aa0   ..........Y.\z..
0x00007a5c9958f2b8:   00007a5c9958f500 00007a5c0000425e   ..X.\z..^B..\z..
0x00007a5c9958f2c8:   00007a5d1b34104f 0000000000000000   O.4.]z..........
0x00007a5c9958f2d8:   00007a5c99590aa0 0000000000000000   ..Y.\z..........
0x00007a5c9958f2e8:   00007a5d1b34104f 00007a5c5c0ab800   O.4.]z.....\\z..

Instructions: (pc=0x00007a5d1a607037)
0x00007a5d1a606f37:   2e 0f 1f 84 00 00 00 00 00 b8 5d 01 00 00 c3 66
0x00007a5d1a606f47:   2e 0f 1f 84 00 00 00 00 00 b8 7c 00 00 00 c3 66
0x00007a5d1a606f57:   2e 0f 1f 84 00 00 00 00 00 b8 50 00 00 00 c3 66
0x00007a5d1a606f67:   2e 0f 1f 84 00 00 00 00 00 b8 5e 01 00 00 c3 66
0x00007a5d1a606f77:   2e 0f 1f 84 00 00 00 00 00 b8 7c 00 00 00 c3 66
0x00007a5d1a606f87:   2e 0f 1f 84 00 00 00 00 00 b8 50 00 00 00 c3 66
0x00007a5d1a606f97:   2e 0f 1f 84 00 00 00 00 00 b8 5f 01 00 00 c3 66
0x00007a5d1a606fa7:   2e 0f 1f 84 00 00 00 00 00 b8 7c 00 00 00 c3 66
0x00007a5d1a606fb7:   2e 0f 1f 84 00 00 00 00 00 b8 50 00 00 00 c3 66
0x00007a5d1a606fc7:   2e 0f 1f 84 00 00 00 00 00 b8 60 01 00 00 c3 66
0x00007a5d1a606fd7:   2e 0f 1f 84 00 00 00 00 00 b8 7c 00 00 00 c3 66
0x00007a5d1a606fe7:   2e 0f 1f 84 00 00 00 00 00 b8 50 00 00 00 c3 66
0x00007a5d1a606ff7:   2e 0f 1f 84 00 00 00 00 00 b8 61 01 00 00 c3 66
0x00007a5d1a607007:   2e 0f 1f 84 00 00 00 00 00 b8 7d 00 00 00 c3 66
0x00007a5d1a607017:   2e 0f 1f 84 00 00 00 00 00 b8 50 00 00 00 c3 66
0x00007a5d1a607027:   2e 0f 1f 84 00 00 00 00 00 48 8b 7f 48 48 8b 07
0x00007a5d1a607037:   ff a0 d8 00 00 00 0f 1f 00 b8 62 01 00 00 c3 66
0x00007a5d1a607047:   2e 0f 1f 84 00 00 00 00 00 b8 7d 00 00 00 c3 66
0x00007a5d1a607057:   2e 0f 1f 84 00 00 00 00 00 b8 50 00 00 00 c3 66
0x00007a5d1a607067:   2e 0f 1f 84 00 00 00 00 00 48 8b 7f 48 48 8b 07
0x00007a5d1a607077:   ff a0 d8 00 00 00 0f 1f 00 b8 63 01 00 00 c3 66
0x00007a5d1a607087:   2e 0f 1f 84 00 00 00 00 00 b8 7d 00 00 00 c3 66
0x00007a5d1a607097:   2e 0f 1f 84 00 00 00 00 00 b8 50 00 00 00 c3 66
0x00007a5d1a6070a7:   2e 0f 1f 84 00 00 00 00 00 48 8b 7f 48 48 8b 07
0x00007a5d1a6070b7:   ff a0 d8 00 00 00 0f 1f 00 b8 64 01 00 00 c3 66
0x00007a5d1a6070c7:   2e 0f 1f 84 00 00 00 00 00 b8 7a 00 00 00 c3 66
0x00007a5d1a6070d7:   2e 0f 1f 84 00 00 00 00 00 b8 01 00 00 00 c3 66
0x00007a5d1a6070e7:   2e 0f 1f 84 00 00 00 00 00 b8 80 00 00 00 c3 66
0x00007a5d1a6070f7:   2e 0f 1f 84 00 00 00 00 00 b8 65 01 00 00 c3 66
0x00007a5d1a607107:   2e 0f 1f 84 00 00 00 00 00 b8 77 00 00 00 c3 66
0x00007a5d1a607117:   2e 0f 1f 84 00 00 00 00 00 b8 50 00 00 00 c3 66
0x00007a5d1a607127:   2e 0f 1f 84 00 00 00 00 00 48 8b 7f 48 48 8b 07


Stack slot to memory mapping:

stack at sp + 0 slots: 0x00007a5d1a7c40ec: <offset 0x00000000005c40ec> in /home/tillman/.mcreator/gradle/jdks/eclipse_adoptium-21-amd64-linux.2/lib/server/libjvm.so at 0x00007a5d1a200000
stack at sp + 1 slots: 0x00007a5c9958f120 is pointing into the stack for thread: 0x00007a5c501ab3b0
stack at sp + 2 slots: 0x000000230000017e is an unknown value
stack at sp + 3 slots: 0xffffffff010031f5 is an unknown value
stack at sp + 4 slots: 0x00007a5b99341b60 points into unknown readable memory: 0x000300030ffffcff | ff fc ff 0f 03 00 03 00
stack at sp + 5 slots: 0x00007a5b84036580 points into unknown readable memory: 0x00007a5d1b63b6d0 | d0 b6 63 1b 5d 7a 00 00
stack at sp + 6 slots: 0x00007a5c54188890 points into unknown readable memory: 0x000300030ffffcff | ff fc ff 0f 03 00 03 00
stack at sp + 7 slots: 0x00007a5c10292d00 points into unknown readable memory: 0x0000000500000005 | 05 00 00 00 05 00 00 00


---------------  P R O C E S S  ---------------

Threads class SMR info:
_java_thread_list=0x00007a5d16013300, length=48, elements={
0x00007a5d14031e80, 0x00007a5d14142bc0, 0x00007a5d14144130, 0x00007a5d141458c0,
0x00007a5d14146f00, 0x00007a5d141484a0, 0x00007a5d1414a060, 0x00007a5d1414b720,
0x00007a5c74024e80, 0x00007a5d141630a0, 0x00007a5c680635f0, 0x00007a5c6004e130,
0x00007a5d141a7510, 0x00007a5c6810c9a0, 0x00007a5d14637d50, 0x00007a5d14641e40,
0x00007a5d14660f20, 0x00007a5d145e5360, 0x00007a5c0c000f60, 0x00007a5c0c0021b0,
0x00007a5c00000f60, 0x00007a5c04000f60, 0x00007a5bf8000f60, 0x00007a5c0c003340,
0x00007a5bf80021d0, 0x00007a5c0c0045a0, 0x00007a5bf0000f60, 0x00007a5bfc000f60,
0x00007a5bf8003370, 0x00007a5bf4000f60, 0x00007a5c040021c0, 0x00007a5be8000f60,
0x00007a5d14a9eeb0, 0x00007a5d14c54390, 0x00007a5c50191ef0, 0x00007a5d1560f5e0,
0x00007a5d15610f80, 0x00007a5d15611d00, 0x00007a5c601be530, 0x00007a5c501ab3b0,
0x00007a5c741fd110, 0x00007a5c741ff3b0, 0x00007a5ba40010e0, 0x00007a5c4c001a60,
0x00007a5b8800b0a0, 0x00007a5c480013c0, 0x00007a5b8002eae0, 0x00007a5d160123d0
}

Java Threads: ( => current thread )
  0x00007a5d14031e80 JavaThread "main"                              [_thread_in_Java, id=56003, stack(0x00007a5d1a100000,0x00007a5d1a200000) (1024K)]
  0x00007a5d14142bc0 JavaThread "Reference Handler"          daemon [_thread_blocked, id=56011, stack(0x00007a5cf0500000,0x00007a5cf0600000) (1024K)]
  0x00007a5d14144130 JavaThread "Finalizer"                  daemon [_thread_blocked, id=56012, stack(0x00007a5cf0400000,0x00007a5cf0500000) (1024K)]
  0x00007a5d141458c0 JavaThread "Signal Dispatcher"          daemon [_thread_blocked, id=56013, stack(0x00007a5cf0300000,0x00007a5cf0400000) (1024K)]
  0x00007a5d14146f00 JavaThread "Service Thread"             daemon [_thread_blocked, id=56014, stack(0x00007a5cf0200000,0x00007a5cf0300000) (1024K)]
  0x00007a5d141484a0 JavaThread "Monitor Deflation Thread"   daemon [_thread_blocked, id=56015, stack(0x00007a5cf0100000,0x00007a5cf0200000) (1024K)]
  0x00007a5d1414a060 JavaThread "C2 CompilerThread0"         daemon [_thread_blocked, id=56016, stack(0x00007a5cf0000000,0x00007a5cf0100000) (1024K)]
  0x00007a5d1414b720 JavaThread "C1 CompilerThread0"         daemon [_thread_blocked, id=56017, stack(0x00007a5c9af00000,0x00007a5c9b000000) (1024K)]
  0x00007a5c74024e80 JavaThread "C1 CompilerThread1"         daemon [_thread_blocked, id=56018, stack(0x00007a5c9ae00000,0x00007a5c9af00000) (1024K)]
  0x00007a5d141630a0 JavaThread "Common-Cleaner"             daemon [_thread_blocked, id=56019, stack(0x00007a5c9ad00000,0x00007a5c9ae00000) (1024K)]
  0x00007a5c680635f0 JavaThread "C1 CompilerThread2"         daemon [_thread_blocked, id=56020, stack(0x00007a5c9ac00000,0x00007a5c9ad00000) (1024K)]
  0x00007a5c6004e130 JavaThread "C2 CompilerThread1"         daemon [_thread_in_native, id=56021, stack(0x00007a5c9ab00000,0x00007a5c9ac00000) (1024K)]
  0x00007a5d141a7510 JavaThread "Notification Thread"        daemon [_thread_blocked, id=56022, stack(0x00007a5c9aa00000,0x00007a5c9ab00000) (1024K)]
  0x00007a5c6810c9a0 JavaThread "C1 CompilerThread3"         daemon [_thread_blocked, id=56024, stack(0x00007a5c9a800000,0x00007a5c9a900000) (1024K)]
  0x00007a5d14637d50 JavaThread "RMI TCP Accept-0"           daemon [_thread_in_native, id=56026, stack(0x00007a5c9a600000,0x00007a5c9a700000) (1024K)]
  0x00007a5d14641e40 JavaThread "RMI TCP Accept-1099"        daemon [_thread_in_native, id=56027, stack(0x00007a5c9a500000,0x00007a5c9a600000) (1024K)]
  0x00007a5d14660f20 JavaThread "RMI TCP Accept-0"           daemon [_thread_in_native, id=56028, stack(0x00007a5c9a400000,0x00007a5c9a500000) (1024K)]
  0x00007a5d145e5360 JavaThread "ForkJoinPool.commonPool-worker-1" daemon [_thread_blocked, id=56043, stack(0x00007a5c99393000,0x00007a5c99493000) (1024K)]
  0x00007a5c0c000f60 JavaThread "ForkJoinPool.commonPool-worker-2" daemon [_thread_blocked, id=56044, stack(0x00007a5c99293000,0x00007a5c99393000) (1024K)]
  0x00007a5c0c0021b0 JavaThread "ForkJoinPool.commonPool-worker-3" daemon [_thread_blocked, id=56045, stack(0x00007a5c99193000,0x00007a5c99293000) (1024K)]
  0x00007a5c00000f60 JavaThread "ForkJoinPool.commonPool-worker-4" daemon [_thread_blocked, id=56046, stack(0x00007a5c99093000,0x00007a5c99193000) (1024K)]
  0x00007a5c04000f60 JavaThread "ForkJoinPool.commonPool-worker-6" daemon [_thread_blocked, id=56047, stack(0x00007a5c98f93000,0x00007a5c99093000) (1024K)]
  0x00007a5bf8000f60 JavaThread "ForkJoinPool.commonPool-worker-7" daemon [_thread_blocked, id=56048, stack(0x00007a5c98e93000,0x00007a5c98f93000) (1024K)]
  0x00007a5c0c003340 JavaThread "ForkJoinPool.commonPool-worker-5" daemon [_thread_blocked, id=56049, stack(0x00007a5c98d93000,0x00007a5c98e93000) (1024K)]
  0x00007a5bf80021d0 JavaThread "ForkJoinPool.commonPool-worker-8" daemon [_thread_blocked, id=56050, stack(0x00007a5c98c93000,0x00007a5c98d93000) (1024K)]
  0x00007a5c0c0045a0 JavaThread "ForkJoinPool.commonPool-worker-10" daemon [_thread_blocked, id=56051, stack(0x00007a5c98b93000,0x00007a5c98c93000) (1024K)]
  0x00007a5bf0000f60 JavaThread "ForkJoinPool.commonPool-worker-11" daemon [_thread_blocked, id=56052, stack(0x00007a5c98a93000,0x00007a5c98b93000) (1024K)]
  0x00007a5bfc000f60 JavaThread "ForkJoinPool.commonPool-worker-9" daemon [_thread_blocked, id=56053, stack(0x00007a5c98993000,0x00007a5c98a93000) (1024K)]
  0x00007a5bf8003370 JavaThread "ForkJoinPool.commonPool-worker-12" daemon [_thread_blocked, id=56054, stack(0x00007a5c98893000,0x00007a5c98993000) (1024K)]
  0x00007a5bf4000f60 JavaThread "ForkJoinPool.commonPool-worker-13" daemon [_thread_blocked, id=56055, stack(0x00007a5c98793000,0x00007a5c98893000) (1024K)]
  0x00007a5c040021c0 JavaThread "ForkJoinPool.commonPool-worker-14" daemon [_thread_blocked, id=56056, stack(0x00007a5c98693000,0x00007a5c98793000) (1024K)]
  0x00007a5be8000f60 JavaThread "ForkJoinPool.commonPool-worker-15" daemon [_thread_blocked, id=56057, stack(0x00007a5c98593000,0x00007a5c98693000) (1024K)]
  0x00007a5d14a9eeb0 JavaThread "process reaper"             daemon [_thread_blocked, id=56059, stack(0x00007a5cf3e23000,0x00007a5cf3e45000) (136K)]
  0x00007a5d14c54390 JavaThread "pool-2-thread-1"            daemon [_thread_blocked, id=56062, stack(0x00007a5c98493000,0x00007a5c98593000) (1024K)]
  0x00007a5c50191ef0 JavaThread "C2 CompilerThread2"         daemon [_thread_blocked, id=56071, stack(0x00007a5c9a900000,0x00007a5c9aa00000) (1024K)]
  0x00007a5d1560f5e0 JavaThread "background-scan-handler-0"  daemon [_thread_blocked, id=56078, stack(0x00007a5c9a700000,0x00007a5c9a800000) (1024K)]
  0x00007a5d15610f80 JavaThread "background-scan-handler-1"  daemon [_thread_blocked, id=56079, stack(0x00007a5c99793000,0x00007a5c99893000) (1024K)]
  0x00007a5d15611d00 JavaThread "background-scan-handler-2"  daemon [_thread_blocked, id=56080, stack(0x00007a5c99593000,0x00007a5c99693000) (1024K)]
  0x00007a5c601be530 JavaThread "C2 CompilerThread3"         daemon [_thread_in_native, id=56081, stack(0x00007a5c99693000,0x00007a5c99793000) (1024K)]
=>0x00007a5c501ab3b0 JavaThread "C2 CompilerThread4"         daemon [_thread_in_native, id=56082, stack(0x00007a5c99493000,0x00007a5c99593000) (1024K)]
  0x00007a5c741fd110 JavaThread "C2 CompilerThread5"         daemon [_thread_blocked, id=56083, stack(0x00007a5bb7800000,0x00007a5bb7900000) (1024K)]
  0x00007a5c741ff3b0 JavaThread "C2 CompilerThread6"         daemon [_thread_in_native, id=56084, stack(0x00007a5bb60ff000,0x00007a5bb61ff000) (1024K)]
  0x00007a5ba40010e0 JavaThread "C2 CompilerThread7"         daemon [_thread_in_native, id=56085, stack(0x00007a5bb5fff000,0x00007a5bb60ff000) (1024K)]
  0x00007a5c4c001a60 JavaThread "RMI TCP Connection(1)-127.0.0.1" daemon [_thread_in_native, id=56086, stack(0x00007a5bb5eff000,0x00007a5bb5fff000) (1024K)]
  0x00007a5b8800b0a0 JavaThread "RMI Scheduler(0)"           daemon [_thread_blocked, id=56088, stack(0x00007a5bb5dff000,0x00007a5bb5eff000) (1024K)]
  0x00007a5c480013c0 JavaThread "RMI TCP Connection(2)-127.0.0.1" daemon [_thread_in_native, id=56089, stack(0x00007a5bb5cff000,0x00007a5bb5dff000) (1024K)]
  0x00007a5b8002eae0 JavaThread "JMX server connection timeout 72" daemon [_thread_blocked, id=56090, stack(0x00007a5bb5bff000,0x00007a5bb5cff000) (1024K)]
  0x00007a5d160123d0 JavaThread "Datafixer Bootstrap"        daemon [_thread_blocked, id=56092, stack(0x00007a5bb5aff000,0x00007a5bb5bff000) (1024K)]
Total: 48

Other Threads:
  0x00007a5d141397b0 VMThread "VM Thread"                           [id=56010, stack(0x00007a5cf0c6f000,0x00007a5cf0d6f000) (1024K)] _threads_hazard_ptr=0x00007a5d16013300
  0x00007a5d14127bc0 WatcherThread "VM Periodic Task Thread"        [id=56009, stack(0x00007a5cf0d70000,0x00007a5cf0e70000) (1024K)]
  0x00007a5d1405cf10 WorkerThread "GC Thread#0"                     [id=56004, stack(0x00007a5d18108000,0x00007a5d18208000) (1024K)]
  0x00007a5c88008ab0 WorkerThread "GC Thread#1"                     [id=56029, stack(0x00007a5c9a300000,0x00007a5c9a400000) (1024K)]
  0x00007a5c880095a0 WorkerThread "GC Thread#2"                     [id=56030, stack(0x00007a5c9a1ff000,0x00007a5c9a2ff000) (1024K)]
  0x00007a5c8800a090 WorkerThread "GC Thread#3"                     [id=56031, stack(0x00007a5c9a0fe000,0x00007a5c9a1fe000) (1024K)]
  0x00007a5c8800ab80 WorkerThread "GC Thread#4"                     [id=56032, stack(0x00007a5c99ffd000,0x00007a5c9a0fd000) (1024K)]
  0x00007a5c8800b670 WorkerThread "GC Thread#5"                     [id=56033, stack(0x00007a5c99efc000,0x00007a5c99ffc000) (1024K)]
  0x00007a5c8800c160 WorkerThread "GC Thread#6"                     [id=56034, stack(0x00007a5c99dfb000,0x00007a5c99efb000) (1024K)]
  0x00007a5c8800cc50 WorkerThread "GC Thread#7"                     [id=56035, stack(0x00007a5c99cfa000,0x00007a5c99dfa000) (1024K)]
  0x00007a5c8800db30 WorkerThread "GC Thread#8"                     [id=56036, stack(0x00007a5c99bf9000,0x00007a5c99cf9000) (1024K)]
  0x00007a5c8800ea50 WorkerThread "GC Thread#9"                     [id=56037, stack(0x00007a5c99af8000,0x00007a5c99bf8000) (1024K)]
  0x00007a5c8800f580 WorkerThread "GC Thread#10"                    [id=56038, stack(0x00007a5c999f7000,0x00007a5c99af7000) (1024K)]
  0x00007a5c88016ce0 WorkerThread "GC Thread#11"                    [id=56072, stack(0x00007a5c998f6000,0x00007a5c999f6000) (1024K)]
  0x00007a5c8801acc0 WorkerThread "GC Thread#12"                    [id=56073, stack(0x00007a5bbc811000,0x00007a5bbc911000) (1024K)]
  0x00007a5d1406d760 ConcurrentGCThread "G1 Main Marker"            [id=56005, stack(0x00007a5d18007000,0x00007a5d18107000) (1024K)]
  0x00007a5d1406e700 WorkerThread "G1 Conc#0"                       [id=56006, stack(0x00007a5cf3ece000,0x00007a5cf3fce000) (1024K)]
  0x00007a5ce4000d00 WorkerThread "G1 Conc#1"                       [id=56074, stack(0x00007a5bbc300000,0x00007a5bbc400000) (1024K)]
  0x00007a5ce40015e0 WorkerThread "G1 Conc#2"                       [id=56075, stack(0x00007a5bbc1ff000,0x00007a5bbc2ff000) (1024K)]
  0x00007a5d141154a0 ConcurrentGCThread "G1 Refine#0"               [id=56007, stack(0x00007a5cf0ff3000,0x00007a5cf10f3000) (1024K)]
  0x00007a5d14116460 ConcurrentGCThread "G1 Service"                [id=56008, stack(0x00007a5cf0ef2000,0x00007a5cf0ff2000) (1024K)]
Total: 21

Threads with active compile tasks:
C2 CompilerThread1  2991 6747       4       java.util.stream.ReferencePipeline$15$1::accept (24 bytes)
C2 CompilerThread3  2991 6890   !   4       java.net.URL::<init> (543 bytes)
C2 CompilerThread4  2991 5846 %     4       org.objectweb.asm.ClassReader::readCode @ 92 (5117 bytes)
C2 CompilerThread6  2991 6773       4       net.neoforged.fml.loading.modscan.Scanner$$Lambda/0x00007a5c9c31a3c8::accept (16 bytes)
C2 CompilerThread7  2991 6216       4       org.objectweb.asm.ClassReader::accept (1419 bytes)
Total: 5

VM state: not at safepoint (normal execution)

VM Mutex/Monitor currently owned by a thread: None

Heap address: 0x000000061bc00000, size: 7748 MB, Compressed Oops mode: Zero based, Oop shift amount: 3

CDS archive(s) mapped at: [0x00007a5c9b000000-0x00007a5c9bc9c000-0x00007a5c9bc9c000), size 13221888, SharedBaseAddress: 0x00007a5c9b000000, ArchiveRelocationMode: 1.
Compressed class space mapped at: 0x00007a5c9c000000-0x00007a5cdc000000, reserved size: 1073741824
Narrow klass base: 0x00007a5c9b000000, Narrow klass shift: 0, Narrow klass range: 0x100000000

GC Precious Log:
 CardTable entry size: 512
 Card Set container configuration: InlinePtr #cards 4 size 8 Array Of Cards #cards 32 size 80 Howl #buckets 8 coarsen threshold 7372 Howl Bitmap #cards 1024 size 144 coarsen threshold 921 Card regions per heap region 1 cards per card region 8192
 CPUs: 16 total, 16 available
 Memory: 30991M
 Large Page Support: Disabled
 NUMA Support: Disabled
 Compressed Oops: Enabled (Zero based)
 Heap Region Size: 4M
 Heap Min Capacity: 8M
 Heap Initial Capacity: 488M
 Heap Max Capacity: 7748M
 Pre-touch: Disabled
 Parallel Workers: 13
 Concurrent Workers: 3
 Concurrent Refinement Workers: 13
 Periodic GC: Disabled

Heap:
 garbage-first heap   total 245760K, used 163320K [0x000000061bc00000, 0x0000000800000000)
  region size 4096K, 26 young (106496K), 3 survivors (12288K)
 Metaspace       used 37439K, committed 38208K, reserved 1114112K
  class space    used 4559K, committed 4928K, reserved 1048576K

Heap Regions: E=young(eden), S=young(survivor), O=old, HS=humongous(starts), HC=humongous(continues), CS=collection set, F=free, TAMS=top-at-mark-start, PB=parsable bottom
|   0|0x000000061bc00000, 0x000000061c000000, 0x000000061c000000|100%| O|  |TAMS 0x000000061bc00000| PB 0x000000061bc00000| Untracked 
|   1|0x000000061c000000, 0x000000061c400000, 0x000000061c400000|100%| O|  |TAMS 0x000000061c000000| PB 0x000000061c000000| Untracked 
|   2|0x000000061c400000, 0x000000061c5fb9c0, 0x000000061c800000| 49%| O|Cm|TAMS 0x000000061c400000| PB 0x000000061c400000| Complete 
|   3|0x000000061c800000, 0x000000061cc00000, 0x000000061cc00000|100%| O|  |TAMS 0x000000061c800000| PB 0x000000061c800000| Untracked 
|   4|0x000000061cc00000, 0x000000061d000000, 0x000000061d000000|100%| O|  |TAMS 0x000000061cc00000| PB 0x000000061cc00000| Untracked 
|   5|0x000000061d000000, 0x000000061d400000, 0x000000061d400000|100%| O|  |TAMS 0x000000061d000000| PB 0x000000061d000000| Untracked 
|   6|0x000000061d400000, 0x000000061d800000, 0x000000061d800000|100%| O|  |TAMS 0x000000061d400000| PB 0x000000061d400000| Untracked 
|   7|0x000000061d800000, 0x000000061dc00000, 0x000000061dc00000|100%| O|  |TAMS 0x000000061d800000| PB 0x000000061d800000| Untracked 
|   8|0x000000061dc00000, 0x000000061e000000, 0x000000061e000000|100%| O|  |TAMS 0x000000061dc00000| PB 0x000000061dc00000| Untracked 
|   9|0x000000061e000000, 0x000000061e400000, 0x000000061e400000|100%| O|  |TAMS 0x000000061e000000| PB 0x000000061e000000| Untracked 
|  10|0x000000061e400000, 0x000000061e800000, 0x000000061e800000|100%| O|  |TAMS 0x000000061e400000| PB 0x000000061e400000| Untracked 
|  11|0x000000061e800000, 0x000000061ec00000, 0x000000061ec00000|100%| O|  |TAMS 0x000000061e800000| PB 0x000000061e800000| Untracked 
|  12|0x000000061ec00000, 0x000000061f000000, 0x000000061f000000|100%| O|  |TAMS 0x000000061ec00000| PB 0x000000061ec00000| Untracked 
|  13|0x000000061f000000, 0x000000061f2db130, 0x000000061f400000| 71%| O|  |TAMS 0x000000061f000000| PB 0x000000061f000000| Untracked 
|  14|0x000000061f400000, 0x000000061f800000, 0x000000061f800000|100%| O|  |TAMS 0x000000061f400000| PB 0x000000061f400000| Untracked 
|  15|0x000000061f800000, 0x000000061fc00000, 0x000000061fc00000|100%| O|  |TAMS 0x000000061f800000| PB 0x000000061f800000| Untracked 
|  16|0x000000061fc00000, 0x000000061fe1f3b8, 0x0000000620000000| 53%| O|  |TAMS 0x000000061fc00000| PB 0x000000061fc00000| Untracked 
|  17|0x0000000620000000, 0x0000000620000000, 0x0000000620400000|  0%| F|  |TAMS 0x0000000620000000| PB 0x0000000620000000| Untracked 
|  18|0x0000000620400000, 0x0000000620400000, 0x0000000620800000|  0%| F|  |TAMS 0x0000000620400000| PB 0x0000000620400000| Untracked 
|  19|0x0000000620800000, 0x0000000620800000, 0x0000000620c00000|  0%| F|  |TAMS 0x0000000620800000| PB 0x0000000620800000| Untracked 
|  20|0x0000000620c00000, 0x0000000620c00000, 0x0000000621000000|  0%| F|  |TAMS 0x0000000620c00000| PB 0x0000000620c00000| Untracked 
|  21|0x0000000621000000, 0x00000006210881d8, 0x0000000621400000| 13%| S|CS|TAMS 0x0000000621000000| PB 0x0000000621000000| Complete 
|  22|0x0000000621400000, 0x0000000621800000, 0x0000000621800000|100%| S|CS|TAMS 0x0000000621400000| PB 0x0000000621400000| Complete 
|  23|0x0000000621800000, 0x0000000621c00000, 0x0000000621c00000|100%| S|CS|TAMS 0x0000000621800000| PB 0x0000000621800000| Complete 
|  24|0x0000000621c00000, 0x0000000621c00000, 0x0000000622000000|  0%| F|  |TAMS 0x0000000621c00000| PB 0x0000000621c00000| Untracked 
|  25|0x0000000622000000, 0x0000000622000000, 0x0000000622400000|  0%| F|  |TAMS 0x0000000622000000| PB 0x0000000622000000| Untracked 
|  26|0x0000000622400000, 0x0000000622400000, 0x0000000622800000|  0%| F|  |TAMS 0x0000000622400000| PB 0x0000000622400000| Untracked 
|  27|0x0000000622800000, 0x0000000622800000, 0x0000000622c00000|  0%| F|  |TAMS 0x0000000622800000| PB 0x0000000622800000| Untracked 
|  28|0x0000000622c00000, 0x0000000622c00000, 0x0000000623000000|  0%| F|  |TAMS 0x0000000622c00000| PB 0x0000000622c00000| Untracked 
|  29|0x0000000623000000, 0x0000000623000000, 0x0000000623400000|  0%| F|  |TAMS 0x0000000623000000| PB 0x0000000623000000| Untracked 
|  30|0x0000000623400000, 0x0000000623400000, 0x0000000623800000|  0%| F|  |TAMS 0x0000000623400000| PB 0x0000000623400000| Untracked 
|  31|0x0000000623800000, 0x0000000623800000, 0x0000000623c00000|  0%| F|  |TAMS 0x0000000623800000| PB 0x0000000623800000| Untracked 
|  32|0x0000000623c00000, 0x0000000623c00000, 0x0000000624000000|  0%| F|  |TAMS 0x0000000623c00000| PB 0x0000000623c00000| Untracked 
|  33|0x0000000624000000, 0x0000000624000000, 0x0000000624400000|  0%| F|  |TAMS 0x0000000624000000| PB 0x0000000624000000| Untracked 
|  34|0x0000000624400000, 0x0000000624400000, 0x0000000624800000|  0%| F|  |TAMS 0x0000000624400000| PB 0x0000000624400000| Untracked 
|  35|0x0000000624800000, 0x0000000624800000, 0x0000000624c00000|  0%| F|  |TAMS 0x0000000624800000| PB 0x0000000624800000| Untracked 
|  36|0x0000000624c00000, 0x0000000624c00000, 0x0000000625000000|  0%| F|  |TAMS 0x0000000624c00000| PB 0x0000000624c00000| Untracked 
|  37|0x0000000625000000, 0x00000006251415e8, 0x0000000625400000| 31%| E|  |TAMS 0x0000000625000000| PB 0x0000000625000000| Complete 
|  38|0x0000000625400000, 0x0000000625800000, 0x0000000625800000|100%| E|CS|TAMS 0x0000000625400000| PB 0x0000000625400000| Complete 
|  39|0x0000000625800000, 0x0000000625c00000, 0x0000000625c00000|100%| E|CS|TAMS 0x0000000625800000| PB 0x0000000625800000| Complete 
|  40|0x0000000625c00000, 0x0000000626000000, 0x0000000626000000|100%| E|CS|TAMS 0x0000000625c00000| PB 0x0000000625c00000| Complete 
|  41|0x0000000626000000, 0x0000000626400000, 0x0000000626400000|100%| E|CS|TAMS 0x0000000626000000| PB 0x0000000626000000| Complete 
|  42|0x0000000626400000, 0x0000000626800000, 0x0000000626800000|100%| E|CS|TAMS 0x0000000626400000| PB 0x0000000626400000| Complete 
|  43|0x0000000626800000, 0x0000000626c00000, 0x0000000626c00000|100%| E|CS|TAMS 0x0000000626800000| PB 0x0000000626800000| Complete 
|  44|0x0000000626c00000, 0x0000000627000000, 0x0000000627000000|100%| E|CS|TAMS 0x0000000626c00000| PB 0x0000000626c00000| Complete 
|  45|0x0000000627000000, 0x0000000627400000, 0x0000000627400000|100%| E|CS|TAMS 0x0000000627000000| PB 0x0000000627000000| Complete 
|  46|0x0000000627400000, 0x0000000627800000, 0x0000000627800000|100%| E|CS|TAMS 0x0000000627400000| PB 0x0000000627400000| Complete 
|  47|0x0000000627800000, 0x0000000627c00000, 0x0000000627c00000|100%| E|CS|TAMS 0x0000000627800000| PB 0x0000000627800000| Complete 
|  48|0x0000000627c00000, 0x0000000628000000, 0x0000000628000000|100%| E|CS|TAMS 0x0000000627c00000| PB 0x0000000627c00000| Complete 
|  49|0x0000000628000000, 0x0000000628400000, 0x0000000628400000|100%| E|CS|TAMS 0x0000000628000000| PB 0x0000000628000000| Complete 
|  50|0x0000000628400000, 0x0000000628800000, 0x0000000628800000|100%| E|CS|TAMS 0x0000000628400000| PB 0x0000000628400000| Complete 
|  51|0x0000000628800000, 0x0000000628c00000, 0x0000000628c00000|100%| E|CS|TAMS 0x0000000628800000| PB 0x0000000628800000| Complete 
|  52|0x0000000628c00000, 0x0000000629000000, 0x0000000629000000|100%| E|CS|TAMS 0x0000000628c00000| PB 0x0000000628c00000| Complete 
|  53|0x0000000629000000, 0x0000000629400000, 0x0000000629400000|100%| E|CS|TAMS 0x0000000629000000| PB 0x0000000629000000| Complete 
|  54|0x0000000629400000, 0x0000000629800000, 0x0000000629800000|100%| E|CS|TAMS 0x0000000629400000| PB 0x0000000629400000| Complete 
|  55|0x0000000629800000, 0x0000000629c00000, 0x0000000629c00000|100%| E|CS|TAMS 0x0000000629800000| PB 0x0000000629800000| Complete 
|  56|0x0000000629c00000, 0x000000062a000000, 0x000000062a000000|100%| E|CS|TAMS 0x0000000629c00000| PB 0x0000000629c00000| Complete 
|  57|0x000000062a000000, 0x000000062a400000, 0x000000062a400000|100%| E|CS|TAMS 0x000000062a000000| PB 0x000000062a000000| Complete 
| 121|0x000000063a000000, 0x000000063a400000, 0x000000063a400000|100%| E|CS|TAMS 0x000000063a000000| PB 0x000000063a000000| Complete 
|1936|0x00000007ffc00000, 0x0000000800000000, 0x0000000800000000|100%| E|CS|TAMS 0x00000007ffc00000| PB 0x00000007ffc00000| Complete 

Card table byte_map: [0x00007a5cfb8de000,0x00007a5cfc800000] _byte_map_base: 0x00007a5cf8800000

Marking Bits: (CMBitMap*) 0x00007a5d1405da40
 Bits: [0x00007a5cf3fce000, 0x00007a5cfb8de000)

Polling page: 0x00007a5d1bbbb000

Metaspace:

Usage:
  Non-class:     32.11 MB used.
      Class:      4.45 MB used.
       Both:     36.56 MB used.

Virtual space:
  Non-class space:       64.00 MB reserved,      32.50 MB ( 51%) committed,  1 nodes.
      Class space:        1.00 GB reserved,       4.81 MB ( <1%) committed,  1 nodes.
             Both:        1.06 GB reserved,      37.31 MB (  3%) committed. 

Chunk freelists:
   Non-Class:  15.47 MB
       Class:  11.09 MB
        Both:  26.56 MB

MaxMetaspaceSize: unlimited
CompressedClassSpaceSize: 1.00 GB
Initial GC threshold: 21.00 MB
Current GC threshold: 59.62 MB
CDS: on
 - commit_granule_bytes: 65536.
 - commit_granule_words: 8192.
 - virtual_space_node_default_size: 8388608.
 - enlarge_chunks_in_place: 1.
 - use_allocation_guard: 0.


Internal statistics:

num_allocs_failed_limit: 9.
num_arena_births: 968.
num_arena_deaths: 0.
num_vsnodes_births: 2.
num_vsnodes_deaths: 0.
num_space_committed: 594.
num_space_uncommitted: 0.
num_chunks_returned_to_freelist: 9.
num_chunks_taken_from_freelist: 2320.
num_chunk_merges: 9.
num_chunk_splits: 1464.
num_chunks_enlarged: 874.
num_inconsistent_stats: 0.

CodeHeap 'non-profiled nmethods': size=119168Kb used=4425Kb max_used=4425Kb free=114743Kb
 bounds [0x00007a5d043a0000, 0x00007a5d04800000, 0x00007a5d0b800000]
CodeHeap 'profiled nmethods': size=119164Kb used=11767Kb max_used=12593Kb free=107396Kb
 bounds [0x00007a5cfc800000, 0x00007a5cfd450000, 0x00007a5d03c5f000]
CodeHeap 'non-nmethods': size=7428Kb used=4037Kb max_used=4169Kb free=3391Kb
 bounds [0x00007a5d03c5f000, 0x00007a5d0407f000, 0x00007a5d043a0000]
CodeCache: size=245760Kb, used=20229Kb, max_used=21187Kb, free=225530Kb
 total_blobs=7515, nmethods=6207, adapters=1210, full_count=0
Compilation: enabled, stopped_count=0, restarted_count=0

Compilation events (20 events):
Event: 2.982 Thread 0x00007a5c74024e80 nmethod 6905 0x00007a5cfcbaf910 code [0x00007a5cfcbafb20, 0x00007a5cfcbb00e8]
Event: 2.982 Thread 0x00007a5c6810c9a0 nmethod 6906 0x00007a5cfccbb590 code [0x00007a5cfccbb780, 0x00007a5cfccbbd20]
Event: 2.982 Thread 0x00007a5d1414b720 6909       3       java.io.ObjectInputStream$BlockDataInputStream::setBlockDataMode (74 bytes)
Event: 2.982 Thread 0x00007a5c74024e80 6910       3       sun.util.logging.internal.LoggingProviderImpl$JULWrapper::toJUL (40 bytes)
Event: 2.983 Thread 0x00007a5c50191ef0 nmethod 6908 0x00007a5d047f0490 code [0x00007a5d047f0600, 0x00007a5d047f0698]
Event: 2.983 Thread 0x00007a5d1414b720 nmethod 6909 0x00007a5cfccbaf90 code [0x00007a5cfccbb160, 0x00007a5cfccbb478]
Event: 2.983 Thread 0x00007a5c74024e80 nmethod 6910 0x00007a5cfcbaf390 code [0x00007a5cfcbaf540, 0x00007a5cfcbaf6f0]
Event: 2.983 Thread 0x00007a5c680635f0 nmethod 6907 0x00007a5cfcb5ee10 code [0x00007a5cfcb5f0a0, 0x00007a5cfcb5fe58]
Event: 2.983 Thread 0x00007a5c74024e80 6911   !   3       jdk.internal.reflect.DirectMethodHandleAccessor::invoke (92 bytes)
Event: 2.983 Thread 0x00007a5d1414b720 6912       3       jdk.internal.reflect.DirectMethodHandleAccessor::isStatic (20 bytes)
Event: 2.983 Thread 0x00007a5c680635f0 6913       3       jdk.internal.reflect.DirectMethodHandleAccessor::checkArgumentCount (53 bytes)
Event: 2.983 Thread 0x00007a5c6810c9a0 6914       3       jdk.internal.reflect.DirectMethodHandleAccessor::invokeImpl (108 bytes)
Event: 2.983 Thread 0x00007a5d1414b720 nmethod 6912 0x00007a5cfca2d810 code [0x00007a5cfca2d9a0, 0x00007a5cfca2db00]
Event: 2.983 Thread 0x00007a5d1414b720 6915   !   3       java.io.ObjectOutputStream::writeObject0 (620 bytes)
Event: 2.983 Thread 0x00007a5c680635f0 nmethod 6913 0x00007a5cfc89b590 code [0x00007a5cfc89b7e0, 0x00007a5cfc89bf28]
Event: 2.983 Thread 0x00007a5c680635f0 6916       3       java.io.ObjectOutputStream$ReplaceTable::lookup (24 bytes)
Event: 2.983 Thread 0x00007a5c680635f0 nmethod 6916 0x00007a5cfca40910 code [0x00007a5cfca40ac0, 0x00007a5cfca40cc8]
Event: 2.984 Thread 0x00007a5c6810c9a0 nmethod 6914 0x00007a5cfc852310 code [0x00007a5cfc852700, 0x00007a5cfc854930]
Event: 2.984 Thread 0x00007a5c741fd110 nmethod 6886 0x00007a5d047f0790 code [0x00007a5d047f09a0, 0x00007a5d047f1460]
Event: 2.984 Thread 0x00007a5c74024e80 nmethod 6911 0x00007a5cfca54910 code [0x00007a5cfca54e40, 0x00007a5cfca57ae0]

GC Heap History (20 events):
Event: 1.855 GC heap before
{Heap before GC invocations=6 (full 0):
 garbage-first heap   total 163840K, used 107364K [0x000000061bc00000, 0x0000000800000000)
  region size 4096K, 24 young (98304K), 8 survivors (32768K)
 Metaspace       used 25647K, committed 26240K, reserved 1114112K
  class space    used 3023K, committed 3264K, reserved 1048576K
}
Event: 1.865 GC heap after
{Heap after GC invocations=7 (full 0):
 garbage-first heap   total 163840K, used 48845K [0x000000061bc00000, 0x0000000800000000)
  region size 4096K, 2 young (8192K), 2 survivors (8192K)
 Metaspace       used 25647K, committed 26240K, reserved 1114112K
  class space    used 3023K, committed 3264K, reserved 1048576K
}
Event: 1.927 GC heap before
{Heap before GC invocations=7 (full 0):
 garbage-first heap   total 163840K, used 118477K [0x000000061bc00000, 0x0000000800000000)
  region size 4096K, 20 young (81920K), 2 survivors (8192K)
 Metaspace       used 25867K, committed 26368K, reserved 1114112K
  class space    used 3036K, committed 3264K, reserved 1048576K
}
Event: 1.931 GC heap after
{Heap after GC invocations=8 (full 0):
 garbage-first heap   total 200704K, used 50122K [0x000000061bc00000, 0x0000000800000000)
  region size 4096K, 2 young (8192K), 2 survivors (8192K)
 Metaspace       used 25867K, committed 26368K, reserved 1114112K
  class space    used 3036K, committed 3264K, reserved 1048576K
}
Event: 2.012 GC heap before
{Heap before GC invocations=8 (full 0):
 garbage-first heap   total 200704K, used 156618K [0x000000061bc00000, 0x0000000800000000)
  region size 4096K, 29 young (118784K), 2 survivors (8192K)
 Metaspace       used 26396K, committed 27072K, reserved 1114112K
  class space    used 3116K, committed 3392K, reserved 1048576K
}
Event: 2.015 GC heap after
{Heap after GC invocations=9 (full 0):
 garbage-first heap   total 200704K, used 50408K [0x000000061bc00000, 0x0000000800000000)
  region size 4096K, 2 young (8192K), 2 survivors (8192K)
 Metaspace       used 26396K, committed 27072K, reserved 1114112K
  class space    used 3116K, committed 3392K, reserved 1048576K
}
Event: 2.097 GC heap before
{Heap before GC invocations=9 (full 0):
 garbage-first heap   total 200704K, used 161000K [0x000000061bc00000, 0x0000000800000000)
  region size 4096K, 29 young (118784K), 2 survivors (8192K)
 Metaspace       used 27159K, committed 27840K, reserved 1114112K
  class space    used 3228K, committed 3520K, reserved 1048576K
}
Event: 2.100 GC heap after
{Heap after GC invocations=10 (full 0):
 garbage-first heap   total 200704K, used 51492K [0x000000061bc00000, 0x0000000800000000)
  region size 4096K, 2 young (8192K), 2 survivors (8192K)
 Metaspace       used 27159K, committed 27840K, reserved 1114112K
  class space    used 3228K, committed 3520K, reserved 1048576K
}
Event: 2.221 GC heap before
{Heap before GC invocations=10 (full 0):
 garbage-first heap   total 200704K, used 162084K [0x000000061bc00000, 0x0000000800000000)
  region size 4096K, 29 young (118784K), 2 survivors (8192K)
 Metaspace       used 28938K, committed 29568K, reserved 1114112K
  class space    used 3452K, committed 3712K, reserved 1048576K
}
Event: 2.225 GC heap after
{Heap after GC invocations=11 (full 0):
 garbage-first heap   total 200704K, used 53822K [0x000000061bc00000, 0x0000000800000000)
  region size 4096K, 3 young (12288K), 3 survivors (12288K)
 Metaspace       used 28938K, committed 29568K, reserved 1114112K
  class space    used 3452K, committed 3712K, reserved 1048576K
}
Event: 2.346 GC heap before
{Heap before GC invocations=11 (full 0):
 garbage-first heap   total 200704K, used 160318K [0x000000061bc00000, 0x0000000800000000)
  region size 4096K, 29 young (118784K), 3 survivors (12288K)
 Metaspace       used 31589K, committed 32256K, reserved 1114112K
  class space    used 3738K, committed 4032K, reserved 1048576K
}
Event: 2.351 GC heap after
{Heap after GC invocations=12 (full 0):
 garbage-first heap   total 278528K, used 54535K [0x000000061bc00000, 0x0000000800000000)
  region size 4096K, 2 young (8192K), 2 survivors (8192K)
 Metaspace       used 31589K, committed 32256K, reserved 1114112K
  class space    used 3738K, committed 4032K, reserved 1048576K
}
Event: 2.510 GC heap before
{Heap before GC invocations=12 (full 0):
 garbage-first heap   total 278528K, used 210183K [0x000000061bc00000, 0x0000000800000000)
  region size 4096K, 40 young (163840K), 2 survivors (8192K)
 Metaspace       used 34644K, committed 35328K, reserved 1114112K
  class space    used 4127K, committed 4416K, reserved 1048576K
}
Event: 2.513 GC heap after
{Heap after GC invocations=13 (full 0):
 garbage-first heap   total 278528K, used 56245K [0x000000061bc00000, 0x0000000800000000)
  region size 4096K, 2 young (8192K), 2 survivors (8192K)
 Metaspace       used 34644K, committed 35328K, reserved 1114112K
  class space    used 4127K, committed 4416K, reserved 1048576K
}
Event: 2.655 GC heap before
{Heap before GC invocations=13 (full 0):
 garbage-first heap   total 278528K, used 211893K [0x000000061bc00000, 0x0000000800000000)
  region size 4096K, 40 young (163840K), 2 survivors (8192K)
 Metaspace       used 35536K, committed 36160K, reserved 1114112K
  class space    used 4223K, committed 4480K, reserved 1048576K
}
Event: 2.661 GC heap after
{Heap after GC invocations=14 (full 0):
 garbage-first heap   total 278528K, used 64641K [0x000000061bc00000, 0x0000000800000000)
  region size 4096K, 4 young (16384K), 4 survivors (16384K)
 Metaspace       used 35536K, committed 36160K, reserved 1114112K
  class space    used 4223K, committed 4480K, reserved 1048576K
}
Event: 2.708 GC heap before
{Heap before GC invocations=14 (full 0):
 garbage-first heap   total 278528K, used 117889K [0x000000061bc00000, 0x0000000800000000)
  region size 4096K, 18 young (73728K), 4 survivors (16384K)
 Metaspace       used 35841K, committed 36480K, reserved 1114112K
  class space    used 4280K, committed 4544K, reserved 1048576K
}
Event: 2.717 GC heap after
{Heap after GC invocations=15 (full 0):
 garbage-first heap   total 278528K, used 68591K [0x000000061bc00000, 0x0000000800000000)
  region size 4096K, 4 young (16384K), 4 survivors (16384K)
 Metaspace       used 35841K, committed 36480K, reserved 1114112K
  class space    used 4280K, committed 4544K, reserved 1048576K
}
Event: 2.850 GC heap before
{Heap before GC invocations=16 (full 0):
 garbage-first heap   total 245760K, used 199663K [0x000000061bc00000, 0x0000000800000000)
  region size 4096K, 36 young (147456K), 4 survivors (16384K)
 Metaspace       used 36591K, committed 37312K, reserved 1114112K
  class space    used 4413K, committed 4736K, reserved 1048576K
}
Event: 2.856 GC heap after
{Heap after GC invocations=17 (full 0):
 garbage-first heap   total 245760K, used 73208K [0x000000061bc00000, 0x0000000800000000)
  region size 4096K, 3 young (12288K), 3 survivors (12288K)
 Metaspace       used 36591K, committed 37312K, reserved 1114112K
  class space    used 4413K, committed 4736K, reserved 1048576K
}

Dll operation events (20 events):
Event: 0.039 Attempting to load shared library /home/tillman/.mcreator/gradle/jdks/eclipse_adoptium-21-amd64-linux.2/lib/libzip.so
Event: 0.039 Loaded shared library /home/tillman/.mcreator/gradle/jdks/eclipse_adoptium-21-amd64-linux.2/lib/libzip.so
Event: 0.070 Attempting to load shared library /home/tillman/.mcreator/gradle/jdks/eclipse_adoptium-21-amd64-linux.2/lib/libjimage.so
Event: 0.070 Loaded shared library /home/tillman/.mcreator/gradle/jdks/eclipse_adoptium-21-amd64-linux.2/lib/libjimage.so
Event: 0.106 Attempting to load shared library /home/tillman/.mcreator/gradle/jdks/eclipse_adoptium-21-amd64-linux.2/lib/libmanagement.so
Event: 0.106 Loaded shared library /home/tillman/.mcreator/gradle/jdks/eclipse_adoptium-21-amd64-linux.2/lib/libmanagement.so
Event: 0.112 Attempting to load shared library /home/tillman/.mcreator/gradle/jdks/eclipse_adoptium-21-amd64-linux.2/lib/libmanagement_ext.so
Event: 0.112 Loaded shared library /home/tillman/.mcreator/gradle/jdks/eclipse_adoptium-21-amd64-linux.2/lib/libmanagement_ext.so
Event: 0.133 Attempting to load shared library /home/tillman/.mcreator/gradle/jdks/eclipse_adoptium-21-amd64-linux.2/lib/libnet.so
Event: 0.133 Loaded shared library /home/tillman/.mcreator/gradle/jdks/eclipse_adoptium-21-amd64-linux.2/lib/libnet.so
Event: 0.233 Attempting to load shared library /home/tillman/.mcreator/gradle/jdks/eclipse_adoptium-21-amd64-linux.2/lib/libextnet.so
Event: 0.233 Loaded shared library /home/tillman/.mcreator/gradle/jdks/eclipse_adoptium-21-amd64-linux.2/lib/libextnet.so
Event: 0.315 Attempting to load shared library /home/tillman/.mcreator/gradle/jdks/eclipse_adoptium-21-amd64-linux.2/lib/libverify.so
Event: 0.315 Loaded shared library /home/tillman/.mcreator/gradle/jdks/eclipse_adoptium-21-amd64-linux.2/lib/libverify.so
Event: 1.156 Attempting to load shared library /tmp/lwjgl_tillman/3.3.3+5/x64/liblwjgl.so
Event: 1.157 Loaded shared library /tmp/lwjgl_tillman/3.3.3+5/x64/liblwjgl.so
Event: 1.384 Attempting to load shared library /tmp/lwjgl_tillman/3.3.3+5/x64/liblwjgl_stb.so
Event: 1.384 Loaded shared library /tmp/lwjgl_tillman/3.3.3+5/x64/liblwjgl_stb.so
Event: 1.461 Attempting to load shared library /tmp/lwjgl_tillman/3.3.3+5/x64/liblwjgl_opengl.so
Event: 1.462 Loaded shared library /tmp/lwjgl_tillman/3.3.3+5/x64/liblwjgl_opengl.so

Deoptimization events (20 events):
Event: 2.928 Thread 0x00007a5d14031e80 Uncommon trap: trap_request=0xffffffd6 fr.pc=0x00007a5d04578260 relative=0x0000000000000680
Event: 2.928 Thread 0x00007a5d14031e80 Uncommon trap: reason=array_check action=maybe_recompile pc=0x00007a5d04578260 method=com.google.common.collect.ObjectArrays.concat([Ljava/lang/Object;Ljava/lang/Object;)[Ljava/lang/Object; @ 13 c2
Event: 2.928 Thread 0x00007a5d14031e80 DEOPT PACKING pc=0x00007a5d04578260 sp=0x00007a5d1a1fc2f0
Event: 2.928 Thread 0x00007a5d14031e80 DEOPT UNPACKING pc=0x00007a5d03cb2f99 sp=0x00007a5d1a1fc258 mode 2
Event: 2.929 Thread 0x00007a5d14031e80 Uncommon trap: trap_request=0xffffffd6 fr.pc=0x00007a5d04578260 relative=0x0000000000000680
Event: 2.929 Thread 0x00007a5d14031e80 Uncommon trap: reason=array_check action=maybe_recompile pc=0x00007a5d04578260 method=com.google.common.collect.ObjectArrays.concat([Ljava/lang/Object;Ljava/lang/Object;)[Ljava/lang/Object; @ 13 c2
Event: 2.929 Thread 0x00007a5d14031e80 DEOPT PACKING pc=0x00007a5d04578260 sp=0x00007a5d1a1fc2e0
Event: 2.929 Thread 0x00007a5d14031e80 DEOPT UNPACKING pc=0x00007a5d03cb2f99 sp=0x00007a5d1a1fc248 mode 2
Event: 2.929 Thread 0x00007a5d14031e80 Uncommon trap: trap_request=0xffffffd6 fr.pc=0x00007a5d04578260 relative=0x0000000000000680
Event: 2.929 Thread 0x00007a5d14031e80 Uncommon trap: reason=array_check action=maybe_recompile pc=0x00007a5d04578260 method=com.google.common.collect.ObjectArrays.concat([Ljava/lang/Object;Ljava/lang/Object;)[Ljava/lang/Object; @ 13 c2
Event: 2.929 Thread 0x00007a5d14031e80 DEOPT PACKING pc=0x00007a5d04578260 sp=0x00007a5d1a1fc2f0
Event: 2.929 Thread 0x00007a5d14031e80 DEOPT UNPACKING pc=0x00007a5d03cb2f99 sp=0x00007a5d1a1fc258 mode 2
Event: 2.934 Thread 0x00007a5d14031e80 DEOPT PACKING pc=0x00007a5cfd15788f sp=0x00007a5d1a1fb370
Event: 2.934 Thread 0x00007a5d14031e80 DEOPT UNPACKING pc=0x00007a5d03cb372f sp=0x00007a5d1a1fa890 mode 0
Event: 2.941 Thread 0x00007a5d14031e80 DEOPT PACKING pc=0x00007a5cfca702e7 sp=0x00007a5d1a1fbe60
Event: 2.941 Thread 0x00007a5d14031e80 DEOPT UNPACKING pc=0x00007a5d03cb372f sp=0x00007a5d1a1fb330 mode 0
Event: 2.947 Thread 0x00007a5d14031e80 DEOPT PACKING pc=0x00007a5cfd44b972 sp=0x00007a5d1a1fc1e0
Event: 2.947 Thread 0x00007a5d14031e80 DEOPT UNPACKING pc=0x00007a5d03cb372f sp=0x00007a5d1a1fb6a0 mode 0
Event: 2.977 Thread 0x00007a5d14031e80 DEOPT PACKING pc=0x00007a5cfd157b45 sp=0x00007a5d1a1f88d0
Event: 2.977 Thread 0x00007a5d14031e80 DEOPT UNPACKING pc=0x00007a5d03cb372f sp=0x00007a5d1a1f7e00 mode 0

Classes loaded (20 events):
Event: 2.506 Loading class java/util/function/LongFunction
Event: 2.506 Loading class java/util/function/LongFunction done
Event: 2.519 Loading class java/lang/invoke/MethodHandleImpl$CountingWrapper
Event: 2.519 Loading class java/lang/invoke/MethodHandleImpl$CountingWrapper done
Event: 2.522 Loading class java/lang/invoke/MethodHandleImpl$CountingWrapper$1
Event: 2.522 Loading class java/lang/invoke/MethodHandleImpl$CountingWrapper$1 done
Event: 2.793 Loading class java/security/Key
Event: 2.793 Loading class java/security/Key done
Event: 2.793 Loading class sun/security/provider/MD5
Event: 2.794 Loading class sun/security/provider/MD5 done
Event: 2.795 Loading class java/lang/FdLibm$Asin
Event: 2.795 Loading class java/lang/FdLibm$Asin done
Event: 2.795 Loading class java/lang/FdLibm
Event: 2.795 Loading class java/lang/FdLibm done
Event: 2.796 Loading class java/util/function/LongSupplier
Event: 2.796 Loading class java/util/function/LongSupplier done
Event: 2.900 Loading class java/util/function/IntUnaryOperator
Event: 2.900 Loading class java/util/function/IntUnaryOperator done
Event: 2.984 Loading class java/util/concurrent/Executors$AutoShutdownDelegatedExecutorService
Event: 2.984 Loading class java/util/concurrent/Executors$AutoShutdownDelegatedExecutorService done

Classes unloaded (0 events):
No events

Classes redefined (0 events):
No events

Internal exceptions (20 events):
Event: 2.639 Thread 0x00007a5d14c54390 Exception <a 'sun/nio/fs/UnixException'{0x0000000627a04d90}> (0x0000000627a04d90) 
thrown [src/hotspot/share/prims/jni.cpp, line 520]
Event: 2.639 Thread 0x00007a5d14c54390 Exception <a 'sun/nio/fs/UnixException'{0x0000000627a05720}> (0x0000000627a05720) 
thrown [src/hotspot/share/prims/jni.cpp, line 520]
Event: 2.639 Thread 0x00007a5d14c54390 Exception <a 'sun/nio/fs/UnixException'{0x00000006246aa648}> (0x00000006246aa648) 
thrown [src/hotspot/share/prims/jni.cpp, line 520]
Event: 2.639 Thread 0x00007a5d14c54390 Exception <a 'sun/nio/fs/UnixException'{0x00000006246aafe8}> (0x00000006246aafe8) 
thrown [src/hotspot/share/prims/jni.cpp, line 520]
Event: 2.639 Thread 0x00007a5d14c54390 Exception <a 'sun/nio/fs/UnixException'{0x00000006246ab988}> (0x00000006246ab988) 
thrown [src/hotspot/share/prims/jni.cpp, line 520]
Event: 2.794 Thread 0x00007a5d14031e80 Exception <a 'java/lang/NoSuchMethodError'{0x0000000625881458}: 'long java.lang.invoke.DirectMethodHandle$Holder.invokeStatic(java.lang.Object, long)'> (0x0000000625881458) 
thrown [src/hotspot/share/interpreter/linkResolver.cpp, line 772]
Event: 2.795 Thread 0x00007a5d14031e80 Exception <a 'java/lang/NoSuchMethodError'{0x0000000625a9b6f0}: 'void java.lang.invoke.DirectMethodHandle$Holder.invokeStaticInit(java.lang.Object, java.lang.Object, java.lang.Object)'> (0x0000000625a9b6f0) 
thrown [src/hotspot/share/interpreter/linkResolver.cpp, line 772]
Event: 2.796 Thread 0x00007a5d14031e80 Exception <a 'java/lang/NoSuchMethodError'{0x0000000625aa1218}: 'java.lang.Object java.lang.invoke.DirectMethodHandle$Holder.invokeStaticInit(java.lang.Object, java.lang.Object, java.lang.Object, int, java.lang.Object)'> (0x0000000625aa1218) 
thrown [src/hotspot/share/interpreter/linkResolver.cpp, line 772]
Event: 2.797 Thread 0x00007a5d14031e80 Exception <a 'java/lang/NoSuchMethodError'{0x0000000625abac28}: 'long java.lang.invoke.DirectMethodHandle$Holder.invokeStatic(java.lang.Object)'> (0x0000000625abac28) 
thrown [src/hotspot/share/interpreter/linkResolver.cpp, line 772]
Event: 2.888 Thread 0x00007a5d14031e80 Exception <a 'java/lang/NoSuchMethodError'{0x0000000628e2c310}: 'java.lang.Object java.lang.invoke.DirectMethodHandle$Holder.invokeSpecial(java.lang.Object, java.lang.Object, java.lang.Object, int, int)'> (0x0000000628e2c310) 
thrown [src/hotspot/share/interpreter/linkResolver.cpp, line 772]
Event: 2.888 Thread 0x00007a5d14031e80 Exception <a 'java/lang/NoSuchMethodError'{0x0000000628e2fbb0}: 'java.lang.Object java.lang.invoke.Invokers$Holder.linkToTargetMethod(java.lang.Object, int, int, java.lang.Object)'> (0x0000000628e2fbb0) 
thrown [src/hotspot/share/interpreter/linkResolver.cpp, line 772]
Event: 2.920 Thread 0x00007a5d14031e80 Exception <a 'java/lang/NoSuchMethodError'{0x00000006272ad568}: 'java.lang.Object java.lang.invoke.DirectMethodHandle$Holder.invokeVirtual(java.lang.Object, java.lang.Object, int)'> (0x00000006272ad568) 
thrown [src/hotspot/share/interpreter/linkResolver.cpp, line 772]
Event: 2.981 Thread 0x00007a5c480013c0 Exception <a 'sun/nio/fs/UnixException'{0x0000000625766578}> (0x0000000625766578) 
thrown [src/hotspot/share/prims/jni.cpp, line 520]
Event: 2.981 Thread 0x00007a5c480013c0 Exception <a 'sun/nio/fs/UnixException'{0x0000000625767468}> (0x0000000625767468) 
thrown [src/hotspot/share/prims/jni.cpp, line 520]
Event: 2.981 Thread 0x00007a5c480013c0 Exception <a 'sun/nio/fs/UnixException'{0x0000000625768358}> (0x0000000625768358) 
thrown [src/hotspot/share/prims/jni.cpp, line 520]
Event: 2.981 Thread 0x00007a5c480013c0 Exception <a 'sun/nio/fs/UnixException'{0x0000000625769258}> (0x0000000625769258) 
thrown [src/hotspot/share/prims/jni.cpp, line 520]
Event: 2.981 Thread 0x00007a5c480013c0 Exception <a 'sun/nio/fs/UnixException'{0x000000062576a158}> (0x000000062576a158) 
thrown [src/hotspot/share/prims/jni.cpp, line 520]
Event: 2.984 Thread 0x00007a5d14031e80 Exception <a 'java/lang/NoSuchMethodError'{0x00000006257efd50}: 'void java.lang.invoke.DirectMethodHandle$Holder.invokeSpecial(java.lang.Object, java.lang.Object, java.lang.Object, java.lang.Object, int)'> (0x00000006257efd50) 
thrown [src/hotspot/share/interpreter/linkResolver.cpp, line 772]
Event: 2.985 Thread 0x00007a5d14031e80 Exception <a 'java/lang/NoSuchMethodError'{0x00000006257f6450}: 'java.lang.Object java.lang.invoke.DirectMethodHandle$Holder.newInvokeSpecial(java.lang.Object, java.lang.Object, java.lang.Object, java.lang.Object, int)'> (0x00000006257f6450) 
thrown [src/hotspot/share/interpreter/linkResolver.cpp, line 772]
Event: 2.985 Thread 0x00007a5d14031e80 Exception <a 'java/lang/NoSuchMethodError'{0x00000006257fa220}: 'java.lang.Object java.lang.invoke.DirectMethodHandle$Holder.invokeSpecial(java.lang.Object, java.lang.Object, java.lang.Object, java.lang.Object, java.lang.Object, int)'> (0x00000006257fa220) 
thrown [src/hotspot/share/interpreter/linkResolver.cpp, line 772]

ZGC Phase Switch (0 events):
No events

VM Operations (20 events):
Event: 2.126 Executing non-safepoint VM operation: HandshakeAllThreads (Deoptimize)
Event: 2.126 Executing non-safepoint VM operation: HandshakeAllThreads (Deoptimize) done
Event: 2.170 Executing non-safepoint VM operation: HandshakeAllThreads (Deoptimize)
Event: 2.170 Executing non-safepoint VM operation: HandshakeAllThreads (Deoptimize) done
Event: 2.221 Executing safepoint VM operation: G1CollectForAllocation (G1 Evacuation Pause)
Event: 2.225 Executing safepoint VM operation: G1CollectForAllocation (G1 Evacuation Pause) done
Event: 2.346 Executing safepoint VM operation: G1CollectForAllocation (G1 Evacuation Pause)
Event: 2.351 Executing safepoint VM operation: G1CollectForAllocation (G1 Evacuation Pause) done
Event: 2.510 Executing safepoint VM operation: G1CollectForAllocation (G1 Evacuation Pause)
Event: 2.513 Executing safepoint VM operation: G1CollectForAllocation (G1 Evacuation Pause) done
Event: 2.655 Executing safepoint VM operation: G1CollectForAllocation (G1 Evacuation Pause)
Event: 2.661 Executing safepoint VM operation: G1CollectForAllocation (G1 Evacuation Pause) done
Event: 2.708 Executing safepoint VM operation: CollectForMetadataAllocation (Metadata GC Threshold)
Event: 2.717 Executing safepoint VM operation: CollectForMetadataAllocation (Metadata GC Threshold) done
Event: 2.733 Executing safepoint VM operation: G1PauseRemark
Event: 2.737 Executing safepoint VM operation: G1PauseRemark done
Event: 2.746 Executing safepoint VM operation: G1PauseCleanup
Event: 2.746 Executing safepoint VM operation: G1PauseCleanup done
Event: 2.850 Executing safepoint VM operation: G1CollectForAllocation (G1 Evacuation Pause)
Event: 2.856 Executing safepoint VM operation: G1CollectForAllocation (G1 Evacuation Pause) done

Memory protections (20 events):
Event: 0.683 Protecting memory [0x00007a5c98693000,0x00007a5c98697000] with protection modes 0
Event: 0.685 Protecting memory [0x00007a5c98593000,0x00007a5c98597000] with protection modes 0
Event: 0.996 Protecting memory [0x00007a5d1bbac000,0x00007a5d1bbad000] with protection modes 1
Event: 1.001 Protecting memory [0x00007a5cf3e23000,0x00007a5cf3e27000] with protection modes 0
Event: 1.033 Protecting memory [0x00007a5c98493000,0x00007a5c98497000] with protection modes 0
Event: 1.037 Protecting memory [0x00007a5c98493000,0x00007a5c98497000] with protection modes 0
Event: 1.199 Protecting memory [0x00007a5c98493000,0x00007a5c98497000] with protection modes 0
Event: 1.474 Protecting memory [0x00007a5c9a900000,0x00007a5c9a904000] with protection modes 0
Event: 1.818 Protecting memory [0x00007a5c9a700000,0x00007a5c9a704000] with protection modes 0
Event: 1.819 Protecting memory [0x00007a5c99793000,0x00007a5c99797000] with protection modes 0
Event: 1.819 Protecting memory [0x00007a5c99593000,0x00007a5c99597000] with protection modes 0
Event: 1.823 Protecting memory [0x00007a5c99693000,0x00007a5c99697000] with protection modes 0
Event: 1.825 Protecting memory [0x00007a5c99493000,0x00007a5c99497000] with protection modes 0
Event: 1.829 Protecting memory [0x00007a5bb7800000,0x00007a5bb7804000] with protection modes 0
Event: 1.837 Protecting memory [0x00007a5bb60ff000,0x00007a5bb6103000] with protection modes 0
Event: 1.846 Protecting memory [0x00007a5bb5fff000,0x00007a5bb6003000] with protection modes 0
Event: 1.923 Protecting memory [0x00007a5bb5eff000,0x00007a5bb5f03000] with protection modes 0
Event: 1.936 Protecting memory [0x00007a5bb5dff000,0x00007a5bb5e03000] with protection modes 0
Event: 1.937 Protecting memory [0x00007a5bb5cff000,0x00007a5bb5d03000] with protection modes 0
Event: 1.947 Protecting memory [0x00007a5bb5bff000,0x00007a5bb5c03000] with protection modes 0

Nmethod flushes (20 events):
Event: 2.737 Thread 0x00007a5d141397b0 flushing  nmethod 0x00007a5cfcb71990
Event: 2.737 Thread 0x00007a5d141397b0 flushing  nmethod 0x00007a5cfcbb7790
Event: 2.737 Thread 0x00007a5d141397b0 flushing  nmethod 0x00007a5cfcbba310
Event: 2.737 Thread 0x00007a5d141397b0 flushing  nmethod 0x00007a5cfcc25e10
Event: 2.737 Thread 0x00007a5d141397b0 flushing  nmethod 0x00007a5cfcc28390
Event: 2.737 Thread 0x00007a5d141397b0 flushing  nmethod 0x00007a5cfcc84290
Event: 2.737 Thread 0x00007a5d141397b0 flushing  nmethod 0x00007a5cfcd1bf90
Event: 2.737 Thread 0x00007a5d141397b0 flushing  nmethod 0x00007a5cfcd1e790
Event: 2.737 Thread 0x00007a5d141397b0 flushing  nmethod 0x00007a5cfcd1f790
Event: 2.737 Thread 0x00007a5d141397b0 flushing  nmethod 0x00007a5cfcd50b90
Event: 2.737 Thread 0x00007a5d141397b0 flushing  nmethod 0x00007a5cfcd55190
Event: 2.737 Thread 0x00007a5d141397b0 flushing  nmethod 0x00007a5cfcd56010
Event: 2.737 Thread 0x00007a5d141397b0 flushing  nmethod 0x00007a5cfce3c190
Event: 2.737 Thread 0x00007a5d141397b0 flushing  nmethod 0x00007a5cfce41790
Event: 2.737 Thread 0x00007a5d141397b0 flushing  nmethod 0x00007a5cfce41b90
Event: 2.737 Thread 0x00007a5d141397b0 flushing  nmethod 0x00007a5cfcf17e90
Event: 2.737 Thread 0x00007a5d141397b0 flushing  nmethod 0x00007a5cfcf18490
Event: 2.737 Thread 0x00007a5d141397b0 flushing  nmethod 0x00007a5cfcf18c90
Event: 2.737 Thread 0x00007a5d141397b0 flushing  nmethod 0x00007a5cfcf52590
Event: 2.737 Thread 0x00007a5d141397b0 flushing  nmethod 0x00007a5cfcf54790

Events (20 events):
Event: 1.199 Thread 0x00007a5d14031e80 Thread added: 0x00007a5d14c54390
Event: 1.367 Thread 0x00007a5c68173110 Thread exited: 0x00007a5c68173110
Event: 1.367 Thread 0x00007a5c54092e40 Thread exited: 0x00007a5c54092e40
Event: 1.367 Thread 0x00007a5c540940c0 Thread exited: 0x00007a5c540940c0
Event: 1.367 Thread 0x00007a5c640121f0 Thread exited: 0x00007a5c640121f0
Event: 1.368 Thread 0x00007a5c7011ad30 Thread exited: 0x00007a5c7011ad30
Event: 1.375 Thread 0x00007a5c6004fd00 Thread exited: 0x00007a5c6004fd00
Event: 1.474 Thread 0x00007a5c6810c9a0 Thread added: 0x00007a5c50191ef0
Event: 1.818 Thread 0x00007a5d14031e80 Thread added: 0x00007a5d1560f5e0
Event: 1.819 Thread 0x00007a5d14031e80 Thread added: 0x00007a5d15610f80
Event: 1.819 Thread 0x00007a5d14031e80 Thread added: 0x00007a5d15611d00
Event: 1.823 Thread 0x00007a5c680635f0 Thread added: 0x00007a5c601be530
Event: 1.825 Thread 0x00007a5c6810c9a0 Thread added: 0x00007a5c501ab3b0
Event: 1.829 Thread 0x00007a5d1414b720 Thread added: 0x00007a5c741fd110
Event: 1.837 Thread 0x00007a5d1414b720 Thread added: 0x00007a5c741ff3b0
Event: 1.846 Thread 0x00007a5c601be530 Thread added: 0x00007a5ba40010e0
Event: 1.923 Thread 0x00007a5d14641e40 Thread added: 0x00007a5c4c001a60
Event: 1.936 Thread 0x00007a5c4c001a60 Thread added: 0x00007a5b8800b0a0
Event: 1.937 Thread 0x00007a5d14637d50 Thread added: 0x00007a5c480013c0
Event: 1.947 Thread 0x00007a5c480013c0 Thread added: 0x00007a5b8002eae0


Dynamic libraries:
40109000-4010b000 r-xs 00000000 00:01 27162                              /memfd:/.glXXXXXX (deleted)
41b0f000-41bbe000 rw-p 00000000 00:00 0 
61bc00000-62a400000 rw-p 00000000 00:00 0 
62a400000-63a000000 ---p 00000000 00:00 0 
63a000000-63a400000 rw-p 00000000 00:00 0 
63a400000-7ffc00000 ---p 00000000 00:00 0 
7ffc00000-7ffd0d000 rw-p 00cdb000 103:02 24784634                        /home/tillman/.mcreator/gradle/jdks/eclipse_adoptium-21-amd64-linux.2/lib/server/classes.jsa
7ffd0d000-800000000 rw-p 00000000 00:00 0 
5c7866e3f000-5c7866e40000 r-xp 00000000 103:02 24784125                  /home/tillman/.mcreator/gradle/jdks/eclipse_adoptium-21-amd64-linux.2/bin/java
5c7866e41000-5c7866e42000 r--p 00001000 103:02 24784125                  /home/tillman/.mcreator/gradle/jdks/eclipse_adoptium-21-amd64-linux.2/bin/java
5c7866e42000-5c7866e43000 rw-p 00002000 103:02 24784125                  /home/tillman/.mcreator/gradle/jdks/eclipse_adoptium-21-amd64-linux.2/bin/java
5c7878deb000-5c7878e36000 rw-p 00000000 00:00 0                          [heap]
7a5b78000000-7a5b78021000 rw-p 00000000 00:00 0 
7a5b78021000-7a5b7c000000 ---p 00000000 00:00 0 
7a5b80000000-7a5b800c2000 rw-p 00000000 00:00 0 
7a5b800c2000-7a5b84000000 ---p 00000000 00:00 0 
7a5b84000000-7a5b84041000 rw-p 00000000 00:00 0 
7a5b84041000-7a5b88000000 ---p 00000000 00:00 0 
7a5b88000000-7a5b88021000 rw-p 00000000 00:00 0 
7a5b88021000-7a5b8c000000 ---p 00000000 00:00 0 
7a5b8c000000-7a5b8c021000 rw-p 00000000 00:00 0 
7a5b8c021000-7a5b90000000 ---p 00000000 00:00 0 
7a5b90000000-7a5b90f91000 rw-p 00000000 00:00 0 
7a5b90f91000-7a5b94000000 ---p 00000000 00:00 0 
7a5b94000000-7a5b95279000 rw-p 00000000 00:00 0 
7a5b95279000-7a5b98000000 ---p 00000000 00:00 0 
7a5b98000000-7a5b998f6000 rw-p 00000000 00:00 0 
7a5b998f6000-7a5b9c000000 ---p 00000000 00:00 0 
7a5b9c000000-7a5b9d036000 rw-p 00000000 00:00 0 
7a5b9d036000-7a5ba0000000 ---p 00000000 00:00 0 
7a5ba0000000-7a5ba0056000 rw-p 00000000 00:00 0 
7a5ba0056000-7a5ba4000000 ---p 00000000 00:00 0 
7a5ba4000000-7a5ba513c000 rw-p 00000000 00:00 0 
7a5ba513c000-7a5ba8000000 ---p 00000000 00:00 0 
7a5ba8000000-7a5ba8021000 rw-p 00000000 00:00 0 
7a5ba8021000-7a5bac000000 ---p 00000000 00:00 0 
7a5bac000000-7a5bac021000 rw-p 00000000 00:00 0 
7a5bac021000-7a5bb0000000 ---p 00000000 00:00 0 
7a5bb0000000-7a5bb0187000 rw-p 00000000 00:00 0 
7a5bb0187000-7a5bb4000000 ---p 00000000 00:00 0 
7a5bb5aff000-7a5bb5b03000 ---p 00000000 00:00 0 
7a5bb5b03000-7a5bb5bff000 rw-p 00000000 00:00 0 
7a5bb5bff000-7a5bb5c03000 ---p 00000000 00:00 0 
7a5bb5c03000-7a5bb5cff000 rw-p 00000000 00:00 0 
7a5bb5cff000-7a5bb5d03000 ---p 00000000 00:00 0 
7a5bb5d03000-7a5bb5dff000 rw-p 00000000 00:00 0 
7a5bb5dff000-7a5bb5e03000 ---p 00000000 00:00 0 
7a5bb5e03000-7a5bb5eff000 rw-p 00000000 00:00 0 
7a5bb5eff000-7a5bb5f03000 ---p 00000000 00:00 0 
7a5bb5f03000-7a5bb5fff000 rw-p 00000000 00:00 0 
7a5bb5fff000-7a5bb6003000 ---p 00000000 00:00 0 
7a5bb6003000-7a5bb60ff000 rw-p 00000000 00:00 0 
7a5bb60ff000-7a5bb6103000 ---p 00000000 00:00 0 
7a5bb6103000-7a5bb6a00000 rw-p 00000000 00:00 0 
7a5bb6a00000-7a5bb6e00000 rw-s 00000000 00:07 1328                       /dev/nvidiactl
7a5bb6e00000-7a5bb7000000 rw-s 00000000 00:07 1328                       /dev/nvidiactl
7a5bb7000000-7a5bb7200000 rw-s 00000000 00:07 1328                       /dev/nvidiactl
7a5bb7200000-7a5bb7800000 rw-p 00000000 00:00 0 
7a5bb7800000-7a5bb7804000 ---p 00000000 00:00 0 
7a5bb7804000-7a5bb7900000 rw-p 00000000 00:00 0 
7a5bb7900000-7a5bb7e00000 rw-p 00000000 00:00 0 
7a5bb7e00000-7a5bb8000000 rw-s 00000000 00:07 1328                       /dev/nvidiactl
7a5bb8000000-7a5bb8232000 rw-p 00000000 00:00 0 
7a5bb8232000-7a5bbc000000 ---p 00000000 00:00 0 
7a5bbc0fe000-7a5bbc1fe000 rw-s 00000000 00:07 1328                       /dev/nvidiactl
7a5bbc1fe000-7a5bbc400000 rw-p 00000000 00:00 0 
7a5bbc400000-7a5bbc800000 rw-p 00000000 00:00 0 
7a5bbc810000-7a5bbc911000 rw-p 00000000 00:00 0 
7a5bbc911000-7a5bbc944000 r--p 00000000 00:2e 3921                       /tmp/lwjgl_tillman/3.3.3+5/x64/liblwjgl_opengl.so
7a5bbc944000-7a5bbc958000 r-xp 00033000 00:2e 3921                       /tmp/lwjgl_tillman/3.3.3+5/x64/liblwjgl_opengl.so
7a5bbc958000-7a5bbc968000 r--p 00047000 00:2e 3921                       /tmp/lwjgl_tillman/3.3.3+5/x64/liblwjgl_opengl.so
7a5bbc968000-7a5bbc969000 r--p 00056000 00:2e 3921                       /tmp/lwjgl_tillman/3.3.3+5/x64/liblwjgl_opengl.so
7a5bbc969000-7a5bbc96a000 rw-p 00057000 00:2e 3921                       /tmp/lwjgl_tillman/3.3.3+5/x64/liblwjgl_opengl.so
7a5bbc9d7000-7a5bbc9ea000 rw-s 00000000 00:07 1328                       /dev/nvidiactl
7a5bbc9ea000-7a5bbca2a000 rw-s 00000000 00:07 1328                       /dev/nvidiactl
7a5bbca2a000-7a5bbca6a000 rw-s 00000000 00:07 1328                       /dev/nvidiactl
7a5bbca6a000-7a5bbca7d000 rw-s 00000000 00:07 1328                       /dev/nvidiactl
7a5bbca7d000-7a5bbcabd000 rw-s 00000000 00:07 1328                       /dev/nvidiactl
7a5bbcabd000-7a5bbcadd000 rw-s 00000000 00:07 1328                       /dev/nvidiactl
7a5bbcadd000-7a5bbd2de000 rw-p 00000000 00:00 0 
7a5bbd2de000-7a5bbdc00000 rw-p 00000000 00:00 0 
7a5bbdc00000-7a5bbe400000 rw-p 00000000 00:00 0 
7a5bbe406000-7a5bbe446000 rw-s 00000000 00:07 1328                       /dev/nvidiactl
7a5bbe446000-7a5bbe466000 rw-s 00000000 00:07 1328                       /dev/nvidiactl
7a5bbe466000-7a5bbe4a6000 rw-s 00000000 00:07 1328                       /dev/nvidiactl
7a5bbe4a6000-7a5bbe4c6000 rw-s 00000000 00:07 1328                       /dev/nvidiactl
7a5bbe4c6000-7a5bbe4cd000 r--p 00000000 00:2e 3920                       /tmp/lwjgl_tillman/3.3.3+5/x64/liblwjgl_stb.so
7a5bbe4cd000-7a5bbe530000 r-xp 00007000 00:2e 3920                       /tmp/lwjgl_tillman/3.3.3+5/x64/liblwjgl_stb.so
7a5bbe530000-7a5bbe53c000 r--p 0006a000 00:2e 3920                       /tmp/lwjgl_tillman/3.3.3+5/x64/liblwjgl_stb.so
7a5bbe53c000-7a5bbe53d000 r--p 00075000 00:2e 3920                       /tmp/lwjgl_tillman/3.3.3+5/x64/liblwjgl_stb.so
7a5bbe53d000-7a5bbe53e000 rw-p 00076000 00:2e 3920                       /tmp/lwjgl_tillman/3.3.3+5/x64/liblwjgl_stb.so
7a5bbe53e000-7a5bbe546000 r--p 00000000 00:2e 3919                       /tmp/lwjgl_tillman/3.3.3+5/x64/libjemalloc.so
7a5bbe546000-7a5bbe59b000 r-xp 00008000 00:2e 3919                       /tmp/lwjgl_tillman/3.3.3+5/x64/libjemalloc.so
7a5bbe59b000-7a5bbe5ab000 r--p 0005d000 00:2e 3919                       /tmp/lwjgl_tillman/3.3.3+5/x64/libjemalloc.so
7a5bbe5ab000-7a5bbe5ac000 ---p 0006d000 00:2e 3919                       /tmp/lwjgl_tillman/3.3.3+5/x64/libjemalloc.so
7a5bbe5ac000-7a5bbe5b2000 r--p 0006d000 00:2e 3919                       /tmp/lwjgl_tillman/3.3.3+5/x64/libjemalloc.so
7a5bbe5b2000-7a5bbe5b3000 rw-p 00073000 00:2e 3919                       /tmp/lwjgl_tillman/3.3.3+5/x64/libjemalloc.so
7a5bbe5b3000-7a5bbe7bd000 rw-p 00000000 00:00 0 
7a5bbe7bd000-7a5bbe83d000 rw-s 00000000 00:07 1328                       /dev/nvidiactl
7a5bbe83d000-7a5bbe93d000 rw-s 00000000 00:07 1328                       /dev/nvidiactl
7a5bbe93d000-7a5bbe9bd000 rw-s 00000000 00:07 1328                       /dev/nvidiactl
7a5bbe9bd000-7a5bbe9fd000 rw-s 00000000 00:07 1328                       /dev/nvidiactl
7a5bbe9fd000-7a5bbea1d000 rw-s 00000000 00:07 1328                       /dev/nvidiactl
7a5bbea1d000-7a5bbea5d000 rw-s 00000000 00:07 1328                       /dev/nvidiactl
7a5bbea5d000-7a5bbeadd000 rw-s 00000000 00:07 1329                       /dev/nvidia0
7a5bbeadd000-7a5bbf3ff000 rw-p 00000000 00:00 0 
7a5bbf3ff000-7a5bbfc00000 rw-p 00000000 00:00 0 
7a5bbfc00000-7a5bbff14000 r--p 00000000 103:02 20711707                  /usr/lib/x86_64-linux-gnu/libnvidia-gpucomp.so.595.84
7a5bbff14000-7a5bc3e42000 r-xp 00314000 103:02 20711707                  /usr/lib/x86_64-linux-gnu/libnvidia-gpucomp.so.595.84
7a5bc3e42000-7a5bc5271000 r--p 04242000 103:02 20711707                  /usr/lib/x86_64-linux-gnu/libnvidia-gpucomp.so.595.84
7a5bc5271000-7a5bc5272000 ---p 05671000 103:02 20711707                  /usr/lib/x86_64-linux-gnu/libnvidia-gpucomp.so.595.84
7a5bc5272000-7a5bc547e000 r--p 05671000 103:02 20711707                  /usr/lib/x86_64-linux-gnu/libnvidia-gpucomp.so.595.84
7a5bc547e000-7a5bc55b8000 rw-p 0587d000 103:02 20711707                  /usr/lib/x86_64-linux-gnu/libnvidia-gpucomp.so.595.84
7a5bc55b8000-7a5bc5664000 rw-p 00000000 00:00 0 
7a5bc5665000-7a5bc566c000 r--s 00000000 103:02 20712525                  /usr/lib/x86_64-linux-gnu/gconv/gconv-modules.cache
7a5bc566c000-7a5bc568c000 rw-s 00000000 00:07 1328                       /dev/nvidiactl
7a5bc568c000-7a5bc56cc000 rw-s 00000000 00:07 1328                       /dev/nvidiactl
7a5bc56cc000-7a5bc56ec000 rw-s 00000000 00:07 1328                       /dev/nvidiactl
7a5bc56ec000-7a5bc5705000 r--p 00000000 103:02 20740670                  /usr/lib/x86_64-linux-gnu/libsystemd.so.0.42.0
7a5bc5705000-7a5bc57bc000 r-xp 00019000 103:02 20740670                  /usr/lib/x86_64-linux-gnu/libsystemd.so.0.42.0
7a5bc57bc000-7a5bc57f6000 r--p 000d0000 103:02 20740670                  /usr/lib/x86_64-linux-gnu/libsystemd.so.0.42.0
7a5bc57f6000-7a5bc57fe000 r--p 0010a000 103:02 20740670                  /usr/lib/x86_64-linux-gnu/libsystemd.so.0.42.0
7a5bc57fe000-7a5bc57ff000 rw-p 00112000 103:02 20740670                  /usr/lib/x86_64-linux-gnu/libsystemd.so.0.42.0
7a5bc57ff000-7a5bc5800000 rw-p 00000000 00:00 0 
7a5bc5800000-7a5bc5a50000 r-xp 00000000 103:02 20711704                  /usr/lib/x86_64-linux-gnu/libnvidia-glcore.so.595.84
7a5bc5a50000-7a5bc5a71000 rwxp 00250000 103:02 20711704                  /usr/lib/x86_64-linux-gnu/libnvidia-glcore.so.595.84
7a5bc5a71000-7a5bc5c00000 r-xp 00271000 103:02 20711704                  /usr/lib/x86_64-linux-gnu/libnvidia-glcore.so.595.84
7a5bc5c00000-7a5bc6800000 r-xp 00400000 103:02 20711704                  /usr/lib/x86_64-linux-gnu/libnvidia-glcore.so.595.84
7a5bc6800000-7a5bc7c27000 r-xp 01000000 103:02 20711704                  /usr/lib/x86_64-linux-gnu/libnvidia-glcore.so.595.84
7a5bc7c27000-7a5bc7d9e000 r--p 02426000 103:02 20711704                  /usr/lib/x86_64-linux-gnu/libnvidia-glcore.so.595.84
7a5bc7d9e000-7a5bc7e01000 rw-p 0259d000 103:02 20711704                  /usr/lib/x86_64-linux-gnu/libnvidia-glcore.so.595.84
7a5bc7e01000-7a5bc7e20000 rw-p 00000000 00:00 0 
7a5bc7e25000-7a5bc7e29000 rw-s 00000000 00:07 1328                       /dev/nvidiactl
7a5bc7e29000-7a5bc7e2b000 rw-s 00000000 00:07 1328                       /dev/nvidiactl
7a5bc7e2b000-7a5bc7e2f000 rw-s 00000000 00:07 1328                       /dev/nvidiactl
7a5bc7e2f000-7a5bc7e33000 r--p 00000000 103:02 20711679                  /usr/lib/x86_64-linux-gnu/libnvidia-allocator.so.595.84
7a5bc7e33000-7a5bc7e4c000 r-xp 00004000 103:02 20711679                  /usr/lib/x86_64-linux-gnu/libnvidia-allocator.so.595.84
7a5bc7e4c000-7a5bc7e57000 r--p 0001d000 103:02 20711679                  /usr/lib/x86_64-linux-gnu/libnvidia-allocator.so.595.84
7a5bc7e57000-7a5bc7e58000 r--p 00027000 103:02 20711679                  /usr/lib/x86_64-linux-gnu/libnvidia-allocator.so.595.84
7a5bc7e58000-7a5bc7e59000 rw-p 00028000 103:02 20711679                  /usr/lib/x86_64-linux-gnu/libnvidia-allocator.so.595.84
7a5bc7e59000-7a5bc7e5b000 rw-p 00000000 00:00 0 
7a5bc7e5b000-7a5bc7e60000 r--p 00000000 103:02 20740178                  /usr/lib/x86_64-linux-gnu/libdrm.so.2.131.0
7a5bc7e60000-7a5bc7e6c000 r-xp 00005000 103:02 20740178                  /usr/lib/x86_64-linux-gnu/libdrm.so.2.131.0
7a5bc7e6c000-7a5bc7e70000 r--p 00011000 103:02 20740178                  /usr/lib/x86_64-linux-gnu/libdrm.so.2.131.0
7a5bc7e70000-7a5bc7e71000 r--p 00015000 103:02 20740178                  /usr/lib/x86_64-linux-gnu/libdrm.so.2.131.0
7a5bc7e71000-7a5bc7e72000 rw-p 00016000 103:02 20740178                  /usr/lib/x86_64-linux-gnu/libdrm.so.2.131.0
7a5bc7e72000-7a5bc7e7e000 r--p 00000000 103:02 20740155                  /usr/lib/x86_64-linux-gnu/libdbus-1.so.3.38.3
7a5bc7e7e000-7a5bc7eaf000 r-xp 0000c000 103:02 20740155                  /usr/lib/x86_64-linux-gnu/libdbus-1.so.3.38.3
7a5bc7eaf000-7a5bc7ec0000 r--p 0003d000 103:02 20740155                  /usr/lib/x86_64-linux-gnu/libdbus-1.so.3.38.3
7a5bc7ec0000-7a5bc7ec1000 r--p 0004d000 103:02 20740155                  /usr/lib/x86_64-linux-gnu/libdbus-1.so.3.38.3
7a5bc7ec1000-7a5bc7ec2000 rw-p 0004e000 103:02 20740155                  /usr/lib/x86_64-linux-gnu/libdbus-1.so.3.38.3
7a5bc7ec2000-7a5bc7ed5000 rw-s 00000000 00:07 1328                       /dev/nvidiactl
7a5bc7ed5000-7a5bc7f26000 r--p 00000000 103:02 20711692                  /usr/lib/x86_64-linux-gnu/libGLX_nvidia.so.595.84
7a5bc7f26000-7a5bc7f83000 r-xp 00051000 103:02 20711692                  /usr/lib/x86_64-linux-gnu/libGLX_nvidia.so.595.84
7a5bc7f83000-7a5bc7fb8000 rwxp 000ae000 103:02 20711692                  /usr/lib/x86_64-linux-gnu/libGLX_nvidia.so.595.84
7a5bc7fb8000-7a5bc7fb9000 r-xp 000e3000 103:02 20711692                  /usr/lib/x86_64-linux-gnu/libGLX_nvidia.so.595.84
7a5bc7fb9000-7a5bc7fd9000 r--p 000e4000 103:02 20711692                  /usr/lib/x86_64-linux-gnu/libGLX_nvidia.so.595.84
7a5bc7fd9000-7a5bc7ff9000 r--p 00103000 103:02 20711692                  /usr/lib/x86_64-linux-gnu/libGLX_nvidia.so.595.84
7a5bc7ff9000-7a5bc7ffe000 rw-p 00123000 103:02 20711692                  /usr/lib/x86_64-linux-gnu/libGLX_nvidia.so.595.84
7a5bc7ffe000-7a5bc8021000 rw-p 00000000 00:00 0 
7a5bc8021000-7a5bcc000000 ---p 00000000 00:00 0 
7a5bcc000000-7a5bcc21d000 rw-p 00000000 00:00 0 
7a5bcc21d000-7a5bd0000000 ---p 00000000 00:00 0 
7a5bd0000000-7a5bd0021000 rw-p 00000000 00:00 0 
7a5bd0021000-7a5bd4000000 ---p 00000000 00:00 0 
7a5bd4000000-7a5bd4021000 rw-p 00000000 00:00 0 
7a5bd4021000-7a5bd8000000 ---p 00000000 00:00 0 
7a5bd8000000-7a5bd8021000 rw-p 00000000 00:00 0 
7a5bd8021000-7a5bdc000000 ---p 00000000 00:00 0 
7a5bdc000000-7a5bdc021000 rw-p 00000000 00:00 0 
7a5bdc021000-7a5be0000000 ---p 00000000 00:00 0 
7a5be0000000-7a5be0021000 rw-p 00000000 00:00 0 
7a5be0021000-7a5be4000000 ---p 00000000 00:00 0 
7a5be4000000-7a5be4021000 rw-p 00000000 00:00 0 
7a5be4021000-7a5be8000000 ---p 00000000 00:00 0 
7a5be8000000-7a5be8021000 rw-p 00000000 00:00 0 
7a5be8021000-7a5bec000000 ---p 00000000 00:00 0 
7a5bec000000-7a5bec021000 rw-p 00000000 00:00 0 
7a5bec021000-7a5bf0000000 ---p 00000000 00:00 0 
7a5bf0000000-7a5bf0021000 rw-p 00000000 00:00 0 
7a5bf0021000-7a5bf4000000 ---p 00000000 00:00 0 
7a5bf4000000-7a5bf4048000 rw-p 00000000 00:00 0 
7a5bf4048000-7a5bf8000000 ---p 00000000 00:00 0 
7a5bf8000000-7a5bf8021000 rw-p 00000000 00:00 0 
7a5bf8021000-7a5bfc000000 ---p 00000000 00:00 0 
7a5bfc000000-7a5bfc021000 rw-p 00000000 00:00 0 
7a5bfc021000-7a5c00000000 ---p 00000000 00:00 0 
7a5c00000000-7a5c00021000 rw-p 00000000 00:00 0 
7a5c00021000-7a5c04000000 ---p 00000000 00:00 0 
7a5c04000000-7a5c04021000 rw-p 00000000 00:00 0 
7a5c04021000-7a5c08000000 ---p 00000000 00:00 0 
7a5c08000000-7a5c087af000 rw-p 00000000 00:00 0 
7a5c087af000-7a5c0c000000 ---p 00000000 00:00 0 
7a5c0c000000-7a5c0c021000 rw-p 00000000 00:00 0 
7a5c0c021000-7a5c10000000 ---p 00000000 00:00 0 
7a5c10000000-7a5c10b27000 rw-p 00000000 00:00 0 
7a5c10b27000-7a5c14000000 ---p 00000000 00:00 0 
7a5c14000000-7a5c14f94000 rw-p 00000000 00:00 0 
7a5c14f94000-7a5c18000000 ---p 00000000 00:00 0 
7a5c18000000-7a5c18021000 rw-p 00000000 00:00 0 
7a5c18021000-7a5c1c000000 ---p 00000000 00:00 0 
7a5c1c000000-7a5c1cf1d000 rw-p 00000000 00:00 0 
7a5c1cf1d000-7a5c20000000 ---p 00000000 00:00 0 
7a5c20000000-7a5c20021000 rw-p 00000000 00:00 0 
7a5c20021000-7a5c24000000 ---p 00000000 00:00 0 
7a5c24000000-7a5c24021000 rw-p 00000000 00:00 0 
7a5c24021000-7a5c28000000 ---p 00000000 00:00 0 
7a5c28000000-7a5c28021000 rw-p 00000000 00:00 0 
7a5c28021000-7a5c2c000000 ---p 00000000 00:00 0 
7a5c2c000000-7a5c2c021000 rw-p 00000000 00:00 0 
7a5c2c021000-7a5c30000000 ---p 00000000 00:00 0 
7a5c30000000-7a5c30021000 rw-p 00000000 00:00 0 
7a5c30021000-7a5c34000000 ---p 00000000 00:00 0 
7a5c34000000-7a5c34021000 rw-p 00000000 00:00 0 
7a5c34021000-7a5c38000000 ---p 00000000 00:00 0 
7a5c38000000-7a5c38021000 rw-p 00000000 00:00 0 
7a5c38021000-7a5c3c000000 ---p 00000000 00:00 0 
7a5c3c000000-7a5c3c021000 rw-p 00000000 00:00 0 
7a5c3c021000-7a5c40000000 ---p 00000000 00:00 0 
7a5c40000000-7a5c40021000 rw-p 00000000 00:00 0 
7a5c40021000-7a5c44000000 ---p 00000000 00:00 0 
7a5c44000000-7a5c44021000 rw-p 00000000 00:00 0 
7a5c44021000-7a5c48000000 ---p 00000000 00:00 0 
7a5c48000000-7a5c48021000 rw-p 00000000 00:00 0 
7a5c48021000-7a5c4c000000 ---p 00000000 00:00 0 
7a5c4c000000-7a5c4c021000 rw-p 00000000 00:00 0 
7a5c4c021000-7a5c50000000 ---p 00000000 00:00 0 
7a5c50000000-7a5c50324000 rw-p 00000000 00:00 0 
7a5c50324000-7a5c54000000 ---p 00000000 00:00 0 
7a5c54000000-7a5c556a0000 rw-p 00000000 00:00 0 
7a5c556a0000-7a5c58000000 ---p 00000000 00:00 0 
7a5c58000000-7a5c58021000 rw-p 00000000 00:00 0 
7a5c58021000-7a5c5c000000 ---p 00000000 00:00 0 
7a5c5c000000-7a5c5cb11000 rw-p 00000000 00:00 0 
7a5c5cb11000-7a5c60000000 ---p 00000000 00:00 0 
7a5c60000000-7a5c604ae000 rw-p 00000000 00:00 0 
7a5c604ae000-7a5c64000000 ---p 00000000 00:00 0 
7a5c64000000-7a5c65875000 rw-p 00000000 00:00 0 
7a5c65875000-7a5c68000000 ---p 00000000 00:00 0 
7a5c68000000-7a5c683bf000 rw-p 00000000 00:00 0 
7a5c683bf000-7a5c6c000000 ---p 00000000 00:00 0 
7a5c6c000000-7a5c6c021000 rw-p 00000000 00:00 0 
7a5c6c021000-7a5c70000000 ---p 00000000 00:00 0 
7a5c70000000-7a5c71821000 rw-p 00000000 00:00 0 
7a5c71821000-7a5c74000000 ---p 00000000 00:00 0 
7a5c74000000-7a5c744b9000 rw-p 00000000 00:00 0 
7a5c744b9000-7a5c78000000 ---p 00000000 00:00 0 
7a5c78000000-7a5c78021000 rw-p 00000000 00:00 0 
7a5c78021000-7a5c7c000000 ---p 00000000 00:00 0 
7a5c7c000000-7a5c7c021000 rw-p 00000000 00:00 0 
7a5c7c021000-7a5c80000000 ---p 00000000 00:00 0 
7a5c80000000-7a5c80021000 rw-p 00000000 00:00 0 
7a5c80021000-7a5c84000000 ---p 00000000 00:00 0 
7a5c84000000-7a5c84021000 rw-p 00000000 00:00 0 
7a5c84021000-7a5c88000000 ---p 00000000 00:00 0 
7a5c88000000-7a5c88022000 rw-p 00000000 00:00 0 
7a5c88022000-7a5c8c000000 ---p 00000000 00:00 0 
7a5c8c000000-7a5c8c021000 rw-p 00000000 00:00 0 
7a5c8c021000-7a5c90000000 ---p 00000000 00:00 0 
7a5c90000000-7a5c90400000 rw-p 00000000 00:00 0 
7a5c90400000-7a5c90480000 rw-p 00000000 00:00 0 
7a5c90480000-7a5c90500000 rw-p 00000000 00:00 0 
7a5c90500000-7a5c906c0000 rw-p 00000000 00:00 0 
7a5c906c0000-7a5c90700000 rw-p 00000000 00:00 0 
7a5c90700000-7a5c90900000 rw-p 00000000 00:00 0 
7a5c90900000-7a5c90a00000 rw-p 00000000 00:00 0 
7a5c90a00000-7a5c90b80000 rw-p 00000000 00:00 0 
7a5c90b80000-7a5c90d00000 rw-p 00000000 00:00 0 
7a5c90d00000-7a5c90e00000 rw-p 00000000 00:00 0 
7a5c90e00000-7a5c91100000 rw-p 00000000 00:00 0 
7a5c91100000-7a5c91200000 rw-p 00000000 00:00 0 
7a5c91200000-7a5c91240000 rw-p 00000000 00:00 0 
7a5c91240000-7a5c912a0000 rw-p 00000000 00:00 0 
7a5c912a0000-7a5c91980000 rw-p 00000000 00:00 0 
7a5c91980000-7a5c919f0000 rw-p 00000000 00:00 0 
7a5c919f0000-7a5c91a00000 ---p 00000000 00:00 0 
7a5c91a00000-7a5c91ee0000 rw-p 00000000 00:00 0 
7a5c91ee0000-7a5c92090000 rw-p 00000000 00:00 0 
7a5c92090000-7a5c94000000 ---p 00000000 00:00 0 
7a5c94000000-7a5c94021000 rw-p 00000000 00:00 0 
7a5c94021000-7a5c98000000 ---p 00000000 00:00 0 
7a5c98000000-7a5c98001000 rw-s 00000000 00:07 1328                       /dev/nvidiactl
7a5c98001000-7a5c98003000 rw-s 00000000 00:07 1328                       /dev/nvidiactl
7a5c98003000-7a5c98004000 r-xp 00059000 00:2e 3917                       /tmp/lwjgl_tillman/3.3.3+5/x64/liblwjgl.so
7a5c98004000-7a5c98005000 rw-p 00000000 00:00 0 
7a5c98005000-7a5c98008000 rw-s 00000000 00:07 1328                       /dev/nvidiactl
7a5c98008000-7a5c9800a000 rw-s 00000000 00:01 27162                      /memfd:/.glXXXXXX (deleted)
7a5c9800a000-7a5c9800e000 rw-s 00000000 00:07 1328                       /dev/nvidiactl
7a5c9800e000-7a5c98012000 rw-s 00000000 00:07 1328                       /dev/nvidiactl
7a5c98012000-7a5c98015000 r--p 00000000 103:02 20740784                  /usr/lib/x86_64-linux-gnu/libxcb-xfixes.so.0.0.0
7a5c98015000-7a5c98018000 r-xp 00003000 103:02 20740784                  /usr/lib/x86_64-linux-gnu/libxcb-xfixes.so.0.0.0
7a5c98018000-7a5c9801a000 r--p 00006000 103:02 20740784                  /usr/lib/x86_64-linux-gnu/libxcb-xfixes.so.0.0.0
7a5c9801a000-7a5c9801b000 r--p 00007000 103:02 20740784                  /usr/lib/x86_64-linux-gnu/libxcb-xfixes.so.0.0.0
7a5c9801b000-7a5c9801c000 rw-p 00008000 103:02 20740784                  /usr/lib/x86_64-linux-gnu/libxcb-xfixes.so.0.0.0
7a5c9801c000-7a5c9801f000 r--p 00000000 103:02 20740782                  /usr/lib/x86_64-linux-gnu/libxcb-sync.so.1.0.0
7a5c9801f000-7a5c98022000 r-xp 00003000 103:02 20740782                  /usr/lib/x86_64-linux-gnu/libxcb-sync.so.1.0.0
7a5c98022000-7a5c98023000 r--p 00006000 103:02 20740782                  /usr/lib/x86_64-linux-gnu/libxcb-sync.so.1.0.0
7a5c98023000-7a5c98024000 r--p 00007000 103:02 20740782                  /usr/lib/x86_64-linux-gnu/libxcb-sync.so.1.0.0
7a5c98024000-7a5c98025000 rw-p 00008000 103:02 20740782                  /usr/lib/x86_64-linux-gnu/libxcb-sync.so.1.0.0
7a5c98025000-7a5c98026000 r--p 00000000 103:02 20740776                  /usr/lib/x86_64-linux-gnu/libxcb-present.so.0.0.0
7a5c98026000-7a5c98027000 r-xp 00001000 103:02 20740776                  /usr/lib/x86_64-linux-gnu/libxcb-present.so.0.0.0
7a5c98027000-7a5c98028000 r--p 00002000 103:02 20740776                  /usr/lib/x86_64-linux-gnu/libxcb-present.so.0.0.0
7a5c98028000-7a5c98029000 r--p 00002000 103:02 20740776                  /usr/lib/x86_64-linux-gnu/libxcb-present.so.0.0.0
7a5c98029000-7a5c9802a000 rw-p 00003000 103:02 20740776                  /usr/lib/x86_64-linux-gnu/libxcb-present.so.0.0.0
7a5c9802a000-7a5c9802c000 r--p 00000000 103:02 20740774                  /usr/lib/x86_64-linux-gnu/libxcb-dri3.so.0.1.0
7a5c9802c000-7a5c9802e000 r-xp 00002000 103:02 20740774                  /usr/lib/x86_64-linux-gnu/libxcb-dri3.so.0.1.0
7a5c9802e000-7a5c9802f000 r--p 00004000 103:02 20740774                  /usr/lib/x86_64-linux-gnu/libxcb-dri3.so.0.1.0
7a5c9802f000-7a5c98030000 r--p 00004000 103:02 20740774                  /usr/lib/x86_64-linux-gnu/libxcb-dri3.so.0.1.0
7a5c98030000-7a5c98031000 rw-p 00005000 103:02 20740774                  /usr/lib/x86_64-linux-gnu/libxcb-dri3.so.0.1.0
7a5c98031000-7a5c98038000 r--p 00000000 103:02 20740777                  /usr/lib/x86_64-linux-gnu/libxcb-randr.so.0.1.0
7a5c98038000-7a5c9803d000 r-xp 00007000 103:02 20740777                  /usr/lib/x86_64-linux-gnu/libxcb-randr.so.0.1.0
7a5c9803d000-7a5c98040000 r--p 0000c000 103:02 20740777                  /usr/lib/x86_64-linux-gnu/libxcb-randr.so.0.1.0
7a5c98040000-7a5c98041000 r--p 0000f000 103:02 20740777                  /usr/lib/x86_64-linux-gnu/libxcb-randr.so.0.1.0
7a5c98041000-7a5c98042000 rw-p 00010000 103:02 20740777                  /usr/lib/x86_64-linux-gnu/libxcb-randr.so.0.1.0
7a5c98042000-7a5c9804d000 r--p 00000000 103:02 20740775                  /usr/lib/x86_64-linux-gnu/libxcb-glx.so.0.0.0
7a5c9804d000-7a5c98056000 r-xp 0000b000 103:02 20740775                  /usr/lib/x86_64-linux-gnu/libxcb-glx.so.0.0.0
7a5c98056000-7a5c9805b000 r--p 00014000 103:02 20740775                  /usr/lib/x86_64-linux-gnu/libxcb-glx.so.0.0.0
7a5c9805b000-7a5c9805d000 r--p 00019000 103:02 20740775                  /usr/lib/x86_64-linux-gnu/libxcb-glx.so.0.0.0
7a5c9805d000-7a5c9805e000 rw-p 0001b000 103:02 20740775                  /usr/lib/x86_64-linux-gnu/libxcb-glx.so.0.0.0
7a5c9805e000-7a5c9805f000 r--p 00000000 103:02 20711711                  /usr/lib/x86_64-linux-gnu/libnvidia-tls.so.595.84
7a5c9805f000-7a5c98061000 r-xp 00001000 103:02 20711711                  /usr/lib/x86_64-linux-gnu/libnvidia-tls.so.595.84
7a5c98061000-7a5c98062000 r--p 00003000 103:02 20711711                  /usr/lib/x86_64-linux-gnu/libnvidia-tls.so.595.84
7a5c98062000-7a5c98063000 r--p 00003000 103:02 20711711                  /usr/lib/x86_64-linux-gnu/libnvidia-tls.so.595.84
7a5c98063000-7a5c98064000 rw-p 00004000 103:02 20711711                  /usr/lib/x86_64-linux-gnu/libnvidia-tls.so.595.84
7a5c98064000-7a5c98074000 r--p 00000000 103:02 20711705                  /usr/lib/x86_64-linux-gnu/libnvidia-glsi.so.595.84
7a5c98074000-7a5c980d4000 r-xp 00010000 103:02 20711705                  /usr/lib/x86_64-linux-gnu/libnvidia-glsi.so.595.84
7a5c980d4000-7a5c980f1000 r--p 00070000 103:02 20711705                  /usr/lib/x86_64-linux-gnu/libnvidia-glsi.so.595.84
7a5c980f1000-7a5c980f7000 r--p 0008c000 103:02 20711705                  /usr/lib/x86_64-linux-gnu/libnvidia-glsi.so.595.84
7a5c980f7000-7a5c980f8000 rw-p 00092000 103:02 20711705                  /usr/lib/x86_64-linux-gnu/libnvidia-glsi.so.595.84
7a5c980f8000-7a5c98100000 rw-p 00000000 00:00 0 
7a5c98100000-7a5c98141000 r--p 00000000 103:02 20739918                  /usr/lib/x86_64-linux-gnu/libGLdispatch.so.0.0.0
7a5c98141000-7a5c98144000 r-xp 00041000 103:02 20739918                  /usr/lib/x86_64-linux-gnu/libGLdispatch.so.0.0.0
7a5c98144000-7a5c9817f000 r-xp 00044000 103:02 20739918                  /usr/lib/x86_64-linux-gnu/libGLdispatch.so.0.0.0
7a5c9817f000-7a5c98180000 r-xp 0007f000 103:02 20739918                  /usr/lib/x86_64-linux-gnu/libGLdispatch.so.0.0.0
7a5c98180000-7a5c98194000 r--p 00080000 103:02 20739918                  /usr/lib/x86_64-linux-gnu/libGLdispatch.so.0.0.0
7a5c98194000-7a5c981b0000 r--p 00093000 103:02 20739918                  /usr/lib/x86_64-linux-gnu/libGLdispatch.so.0.0.0
7a5c981b0000-7a5c981b1000 rw-p 000af000 103:02 20739918                  /usr/lib/x86_64-linux-gnu/libGLdispatch.so.0.0.0
7a5c981b1000-7a5c981b9000 rw-p 00000000 00:00 0 
7a5c981b9000-7a5c981bc000 r--p 00000000 103:02 20739913                  /usr/lib/x86_64-linux-gnu/libGLX.so.0.0.0
7a5c981bc000-7a5c981d7000 r-xp 00003000 103:02 20739913                  /usr/lib/x86_64-linux-gnu/libGLX.so.0.0.0
7a5c981d7000-7a5c981da000 r--p 0001e000 103:02 20739913                  /usr/lib/x86_64-linux-gnu/libGLX.so.0.0.0
7a5c981da000-7a5c981db000 r--p 00021000 103:02 20739913                  /usr/lib/x86_64-linux-gnu/libGLX.so.0.0.0
7a5c981db000-7a5c981dc000 rw-p 00022000 103:02 20739913                  /usr/lib/x86_64-linux-gnu/libGLX.so.0.0.0
7a5c981dc000-7a5c981ec000 rw-p 00000000 00:00 0 
7a5c981ec000-7a5c981ed000 r--p 00000000 103:02 20739930                  /usr/lib/x86_64-linux-gnu/libX11-xcb.so.1.0.0
7a5c981ed000-7a5c981ee000 r-xp 00001000 103:02 20739930                  /usr/lib/x86_64-linux-gnu/libX11-xcb.so.1.0.0
7a5c981ee000-7a5c981ef000 r--p 00002000 103:02 20739930                  /usr/lib/x86_64-linux-gnu/libX11-xcb.so.1.0.0
7a5c981ef000-7a5c981f0000 r--p 00002000 103:02 20739930                  /usr/lib/x86_64-linux-gnu/libX11-xcb.so.1.0.0
7a5c981f0000-7a5c981f1000 rw-p 00003000 103:02 20739930                  /usr/lib/x86_64-linux-gnu/libX11-xcb.so.1.0.0
7a5c981f1000-7a5c981f3000 r--p 00000000 103:02 20739940                  /usr/lib/x86_64-linux-gnu/libXfixes.so.3.1.0
7a5c981f3000-7a5c981f6000 r-xp 00002000 103:02 20739940                  /usr/lib/x86_64-linux-gnu/libXfixes.so.3.1.0
7a5c981f6000-7a5c981f7000 r--p 00005000 103:02 20739940                  /usr/lib/x86_64-linux-gnu/libXfixes.so.3.1.0
7a5c981f7000-7a5c981f8000 r--p 00005000 103:02 20739940                  /usr/lib/x86_64-linux-gnu/libXfixes.so.3.1.0
7a5c981f8000-7a5c981f9000 rw-p 00006000 103:02 20739940                  /usr/lib/x86_64-linux-gnu/libXfixes.so.3.1.0
7a5c981f9000-7a5c981fc000 r--p 00000000 103:02 20739936                  /usr/lib/x86_64-linux-gnu/libXcursor.so.1.0.2
7a5c981fc000-7a5c98202000 r-xp 00003000 103:02 20739936                  /usr/lib/x86_64-linux-gnu/libXcursor.so.1.0.2
7a5c98202000-7a5c98204000 r--p 00009000 103:02 20739936                  /usr/lib/x86_64-linux-gnu/libXcursor.so.1.0.2
7a5c98204000-7a5c98205000 r--p 0000a000 103:02 20739936                  /usr/lib/x86_64-linux-gnu/libXcursor.so.1.0.2
7a5c98205000-7a5c98206000 rw-p 0000b000 103:02 20739936                  /usr/lib/x86_64-linux-gnu/libXcursor.so.1.0.2
7a5c98206000-7a5c98208000 r--p 00000000 103:02 20739949                  /usr/lib/x86_64-linux-gnu/libXrender.so.1.3.0
7a5c98208000-7a5c9820f000 r-xp 00002000 103:02 20739949                  /usr/lib/x86_64-linux-gnu/libXrender.so.1.3.0
7a5c9820f000-7a5c98210000 r--p 00009000 103:02 20739949                  /usr/lib/x86_64-linux-gnu/libXrender.so.1.3.0
7a5c98210000-7a5c98211000 r--p 00009000 103:02 20739949                  /usr/lib/x86_64-linux-gnu/libXrender.so.1.3.0
7a5c98211000-7a5c98212000 rw-p 0000a000 103:02 20739949                  /usr/lib/x86_64-linux-gnu/libXrender.so.1.3.0
7a5c98212000-7a5c98215000 r--p 00000000 103:02 20739943                  /usr/lib/x86_64-linux-gnu/libXi.so.6.1.0
7a5c98215000-7a5c98222000 r-xp 00003000 103:02 20739943                  /usr/lib/x86_64-linux-gnu/libXi.so.6.1.0
7a5c98222000-7a5c98224000 r--p 00010000 103:02 20739943                  /usr/lib/x86_64-linux-gnu/libXi.so.6.1.0
7a5c98224000-7a5c98225000 r--p 00012000 103:02 20739943                  /usr/lib/x86_64-linux-gnu/libXi.so.6.1.0
7a5c98225000-7a5c98226000 rw-p 00013000 103:02 20739943                  /usr/lib/x86_64-linux-gnu/libXi.so.6.1.0
7a5c98226000-7a5c98232000 r--p 00000000 103:02 20740785                  /usr/lib/x86_64-linux-gnu/libxcb.so.1.1.0
7a5c98232000-7a5c98246000 r-xp 0000c000 103:02 20740785                  /usr/lib/x86_64-linux-gnu/libxcb.so.1.1.0
7a5c98246000-7a5c9824f000 r--p 00020000 103:02 20740785                  /usr/lib/x86_64-linux-gnu/libxcb.so.1.1.0
7a5c9824f000-7a5c98250000 r--p 00028000 103:02 20740785                  /usr/lib/x86_64-linux-gnu/libxcb.so.1.1.0
7a5c98250000-7a5c98251000 rw-p 00029000 103:02 20740785                  /usr/lib/x86_64-linux-gnu/libxcb.so.1.1.0
7a5c98251000-7a5c9826a000 r--p 00000000 103:02 20739931                  /usr/lib/x86_64-linux-gnu/libX11.so.6.4.0
7a5c9826a000-7a5c982ff000 r-xp 00019000 103:02 20739931                  /usr/lib/x86_64-linux-gnu/libX11.so.6.4.0
7a5c982ff000-7a5c9838e000 r--p 000ae000 103:02 20739931                  /usr/lib/x86_64-linux-gnu/libX11.so.6.4.0
7a5c9838e000-7a5c9838f000 r--p 0013d000 103:02 20739931                  /usr/lib/x86_64-linux-gnu/libX11.so.6.4.0
7a5c9838f000-7a5c98393000 rw-p 0013e000 103:02 20739931                  /usr/lib/x86_64-linux-gnu/libX11.so.6.4.0
7a5c98393000-7a5c983a1000 r--p 00000000 00:2e 3918                       /tmp/lwjgl_tillman/3.3.3+5/x64/libglfw.so
7a5c983a1000-7a5c983c0000 r-xp 0000e000 00:2e 3918                       /tmp/lwjgl_tillman/3.3.3+5/x64/libglfw.so
7a5c983c0000-7a5c983f3000 r--p 0002d000 00:2e 3918                       /tmp/lwjgl_tillman/3.3.3+5/x64/libglfw.so
7a5c983f3000-7a5c983f4000 ---p 00060000 00:2e 3918                       /tmp/lwjgl_tillman/3.3.3+5/x64/libglfw.so
7a5c983f4000-7a5c983f7000 r--p 00060000 00:2e 3918                       /tmp/lwjgl_tillman/3.3.3+5/x64/libglfw.so
7a5c983f7000-7a5c983fa000 rw-p 00063000 00:2e 3918                       /tmp/lwjgl_tillman/3.3.3+5/x64/libglfw.so
7a5c983fa000-7a5c9841d000 rw-p 00000000 00:00 0 
7a5c9841d000-7a5c98446000 r--p 00000000 00:2e 3917                       /tmp/lwjgl_tillman/3.3.3+5/x64/liblwjgl.so
7a5c98446000-7a5c98478000 r-xp 00029000 00:2e 3917                       /tmp/lwjgl_tillman/3.3.3+5/x64/liblwjgl.so
7a5c98478000-7a5c98491000 r--p 0005b000 00:2e 3917                       /tmp/lwjgl_tillman/3.3.3+5/x64/liblwjgl.so
7a5c98491000-7a5c98492000 r--p 00073000 00:2e 3917                       /tmp/lwjgl_tillman/3.3.3+5/x64/liblwjgl.so
7a5c98492000-7a5c98493000 rw-p 00074000 00:2e 3917                       /tmp/lwjgl_tillman/3.3.3+5/x64/liblwjgl.so
7a5c98493000-7a5c98497000 ---p 00000000 00:00 0 
7a5c98497000-7a5c98593000 rw-p 00000000 00:00 0 
7a5c98593000-7a5c98597000 ---p 00000000 00:00 0 
7a5c98597000-7a5c98693000 rw-p 00000000 00:00 0 
7a5c98693000-7a5c98697000 ---p 00000000 00:00 0 
7a5c98697000-7a5c98793000 rw-p 00000000 00:00 0 
7a5c98793000-7a5c98797000 ---p 00000000 00:00 0 
7a5c98797000-7a5c98893000 rw-p 00000000 00:00 0 
7a5c98893000-7a5c98897000 ---p 00000000 00:00 0 
7a5c98897000-7a5c98993000 rw-p 00000000 00:00 0 
7a5c98993000-7a5c98997000 ---p 00000000 00:00 0 
7a5c98997000-7a5c98a93000 rw-p 00000000 00:00 0 
7a5c98a93000-7a5c98a97000 ---p 00000000 00:00 0 
7a5c98a97000-7a5c98b93000 rw-p 00000000 00:00 0 
7a5c98b93000-7a5c98b97000 ---p 00000000 00:00 0 
7a5c98b97000-7a5c98c93000 rw-p 00000000 00:00 0 
7a5c98c93000-7a5c98c97000 ---p 00000000 00:00 0 
7a5c98c97000-7a5c98d93000 rw-p 00000000 00:00 0 
7a5c98d93000-7a5c98d97000 ---p 00000000 00:00 0 
7a5c98d97000-7a5c98e93000 rw-p 00000000 00:00 0 
7a5c98e93000-7a5c98e97000 ---p 00000000 00:00 0 
7a5c98e97000-7a5c98f93000 rw-p 00000000 00:00 0 
7a5c98f93000-7a5c98f97000 ---p 00000000 00:00 0 
7a5c98f97000-7a5c99093000 rw-p 00000000 00:00 0 
7a5c99093000-7a5c99097000 ---p 00000000 00:00 0 
7a5c99097000-7a5c99193000 rw-p 00000000 00:00 0 
7a5c99193000-7a5c99197000 ---p 00000000 00:00 0 
7a5c99197000-7a5c99293000 rw-p 00000000 00:00 0 
7a5c99293000-7a5c99297000 ---p 00000000 00:00 0 
7a5c99297000-7a5c99393000 rw-p 00000000 00:00 0 
7a5c99393000-7a5c99397000 ---p 00000000 00:00 0 
7a5c99397000-7a5c99493000 rw-p 00000000 00:00 0 
7a5c99493000-7a5c99497000 ---p 00000000 00:00 0 
7a5c99497000-7a5c99593000 rw-p 00000000 00:00 0 
7a5c99593000-7a5c99597000 ---p 00000000 00:00 0 
7a5c99597000-7a5c99693000 rw-p 00000000 00:00 0 
7a5c99693000-7a5c99697000 ---p 00000000 00:00 0 
7a5c99697000-7a5c99793000 rw-p 00000000 00:00 0 
7a5c99793000-7a5c99797000 ---p 00000000 00:00 0 
7a5c99797000-7a5c99893000 rw-p 00000000 00:00 0 
7a5c99893000-7a5c99894000 rw-s 00000000 00:07 1329                       /dev/nvidia0
7a5c99894000-7a5c99895000 rw-s 00000000 00:07 1328                       /dev/nvidiactl
7a5c99895000-7a5c998d5000 rw-s 00000000 00:07 1328                       /dev/nvidiactl
7a5c998d5000-7a5c998f5000 rw-s 00000000 00:07 1328                       /dev/nvidiactl
7a5c998f5000-7a5c9a400000 rw-p 00000000 00:00 0 
7a5c9a400000-7a5c9a404000 ---p 00000000 00:00 0 
7a5c9a404000-7a5c9a500000 rw-p 00000000 00:00 0 
7a5c9a500000-7a5c9a504000 ---p 00000000 00:00 0 
7a5c9a504000-7a5c9a600000 rw-p 00000000 00:00 0 
7a5c9a600000-7a5c9a604000 ---p 00000000 00:00 0 
7a5c9a604000-7a5c9a700000 rw-p 00000000 00:00 0 
7a5c9a700000-7a5c9a704000 ---p 00000000 00:00 0 
7a5c9a704000-7a5c9a800000 rw-p 00000000 00:00 0 
7a5c9a800000-7a5c9a804000 ---p 00000000 00:00 0 
7a5c9a804000-7a5c9a900000 rw-p 00000000 00:00 0 
7a5c9a900000-7a5c9a904000 ---p 00000000 00:00 0 
7a5c9a904000-7a5c9aa00000 rw-p 00000000 00:00 0 
7a5c9aa00000-7a5c9aa04000 ---p 00000000 00:00 0 
7a5c9aa04000-7a5c9ab00000 rw-p 00000000 00:00 0 
7a5c9ab00000-7a5c9ab04000 ---p 00000000 00:00 0 
7a5c9ab04000-7a5c9ac00000 rw-p 00000000 00:00 0 
7a5c9ac00000-7a5c9ac04000 ---p 00000000 00:00 0 
7a5c9ac04000-7a5c9ad00000 rw-p 00000000 00:00 0 
7a5c9ad00000-7a5c9ad04000 ---p 00000000 00:00 0 
7a5c9ad04000-7a5c9ae00000 rw-p 00000000 00:00 0 
7a5c9ae00000-7a5c9ae04000 ---p 00000000 00:00 0 
7a5c9ae04000-7a5c9af00000 rw-p 00000000 00:00 0 
7a5c9af00000-7a5c9af04000 ---p 00000000 00:00 0 
7a5c9af04000-7a5c9b000000 rw-p 00000000 00:00 0 
7a5c9b000000-7a5c9bc9c000 rw-p 00001000 103:02 24784634                  /home/tillman/.mcreator/gradle/jdks/eclipse_adoptium-21-amd64-linux.2/lib/server/classes.jsa
7a5c9bc9c000-7a5c9c000000 ---p 00000000 00:00 0 
7a5c9c000000-7a5c9c020000 rw-p 00000000 00:00 0 
7a5c9c020000-7a5c9c040000 rw-p 00000000 00:00 0 
7a5c9c040000-7a5c9c0c0000 rw-p 00000000 00:00 0 
7a5c9c0c0000-7a5c9c140000 rw-p 00000000 00:00 0 
7a5c9c140000-7a5c9c1e0000 rw-p 00000000 00:00 0 
7a5c9c1e0000-7a5c9c200000 rw-p 00000000 00:00 0 
7a5c9c200000-7a5c9c340000 rw-p 00000000 00:00 0 
7a5c9c340000-7a5c9c360000 rw-p 00000000 00:00 0 
7a5c9c360000-7a5c9c380000 ---p 00000000 00:00 0 
7a5c9c380000-7a5c9c4f0000 rw-p 00000000 00:00 0 
7a5c9c4f0000-7a5cdc000000 ---p 00000000 00:00 0 
7a5cdc000000-7a5cdc021000 rw-p 00000000 00:00 0 
7a5cdc021000-7a5ce0000000 ---p 00000000 00:00 0 
7a5ce0000000-7a5ce0021000 rw-p 00000000 00:00 0 
7a5ce0021000-7a5ce4000000 ---p 00000000 00:00 0 
7a5ce4000000-7a5ce4021000 rw-p 00000000 00:00 0 
7a5ce4021000-7a5ce8000000 ---p 00000000 00:00 0 
7a5ce8000000-7a5ce8021000 rw-p 00000000 00:00 0 
7a5ce8021000-7a5cec000000 ---p 00000000 00:00 0 
7a5cec000000-7a5cec021000 rw-p 00000000 00:00 0 
7a5cec021000-7a5cf0004000 ---p 00000000 00:00 0 
7a5cf0004000-7a5cf0100000 rw-p 00000000 00:00 0 
7a5cf0100000-7a5cf0104000 ---p 00000000 00:00 0 
7a5cf0104000-7a5cf0200000 rw-p 00000000 00:00 0 
7a5cf0200000-7a5cf0204000 ---p 00000000 00:00 0 
7a5cf0204000-7a5cf0300000 rw-p 00000000 00:00 0 
7a5cf0300000-7a5cf0304000 ---p 00000000 00:00 0 
7a5cf0304000-7a5cf0400000 rw-p 00000000 00:00 0 
7a5cf0400000-7a5cf0404000 ---p 00000000 00:00 0 
7a5cf0404000-7a5cf0500000 rw-p 00000000 00:00 0 
7a5cf0500000-7a5cf0504000 ---p 00000000 00:00 0 
7a5cf0504000-7a5cf0600000 rw-p 00000000 00:00 0 
7a5cf0600000-7a5cf0b77000 r--p 00000000 103:02 20710249                  /usr/lib/locale/locale-archive
7a5cf0b77000-7a5cf0b78000 rw-s 00000000 00:07 1329                       /dev/nvidia0
7a5cf0b78000-7a5cf0b79000 r--p 00000000 103:02 20739944                  /usr/lib/x86_64-linux-gnu/libXinerama.so.1.0.0
7a5cf0b79000-7a5cf0b7a000 r-xp 00001000 103:02 20739944                  /usr/lib/x86_64-linux-gnu/libXinerama.so.1.0.0
7a5cf0b7a000-7a5cf0b7b000 r--p 00002000 103:02 20739944                  /usr/lib/x86_64-linux-gnu/libXinerama.so.1.0.0
7a5cf0b7b000-7a5cf0b7c000 r--p 00002000 103:02 20739944                  /usr/lib/x86_64-linux-gnu/libXinerama.so.1.0.0
7a5cf0b7c000-7a5cf0b7d000 rw-p 00003000 103:02 20739944                  /usr/lib/x86_64-linux-gnu/libXinerama.so.1.0.0
7a5cf0b7d000-7a5cf0b7f000 r--p 00000000 103:02 20739948                  /usr/lib/x86_64-linux-gnu/libXrandr.so.2.2.0
7a5cf0b7f000-7a5cf0b86000 r-xp 00002000 103:02 20739948                  /usr/lib/x86_64-linux-gnu/libXrandr.so.2.2.0
7a5cf0b86000-7a5cf0b88000 r--p 00009000 103:02 20739948                  /usr/lib/x86_64-linux-gnu/libXrandr.so.2.2.0
7a5cf0b88000-7a5cf0b89000 r--p 0000a000 103:02 20739948                  /usr/lib/x86_64-linux-gnu/libXrandr.so.2.2.0
7a5cf0b89000-7a5cf0b8a000 rw-p 0000b000 103:02 20739948                  /usr/lib/x86_64-linux-gnu/libXrandr.so.2.2.0
7a5cf0b8a000-7a5cf0b8e000 r--p 00000000 103:02 20739939                  /usr/lib/x86_64-linux-gnu/libXext.so.6.4.0
7a5cf0b8e000-7a5cf0b99000 r-xp 00004000 103:02 20739939                  /usr/lib/x86_64-linux-gnu/libXext.so.6.4.0
7a5cf0b99000-7a5cf0b9c000 r--p 0000f000 103:02 20739939                  /usr/lib/x86_64-linux-gnu/libXext.so.6.4.0
7a5cf0b9c000-7a5cf0b9d000 r--p 00011000 103:02 20739939                  /usr/lib/x86_64-linux-gnu/libXext.so.6.4.0
7a5cf0b9d000-7a5cf0b9e000 rw-p 00012000 103:02 20739939                  /usr/lib/x86_64-linux-gnu/libXext.so.6.4.0
7a5cf0b9e000-7a5cf0c6c000 r-xp 00000000 103:02 24784629                  /home/tillman/.mcreator/gradle/jdks/eclipse_adoptium-21-amd64-linux.2/lib/libjsvml.so
7a5cf0c6c000-7a5cf0c6d000 r--p 000cd000 103:02 24784629                  /home/tillman/.mcreator/gradle/jdks/eclipse_adoptium-21-amd64-linux.2/lib/libjsvml.so
7a5cf0c6d000-7a5cf0c6e000 rw-p 000ce000 103:02 24784629                  /home/tillman/.mcreator/gradle/jdks/eclipse_adoptium-21-amd64-linux.2/lib/libjsvml.so
7a5cf0c6e000-7a5cf0e70000 rw-p 00000000 00:00 0 
7a5cf0e70000-7a5cf0ef1000 rw-p 00000000 00:00 0 
7a5cf0ef1000-7a5cf10f3000 rw-p 00000000 00:00 0 
7a5cf10f3000-7a5cf3e00000 rw-p 00000000 00:00 0 
7a5cf3e00000-7a5cf3e01000 rw-s 00000000 00:07 1328                       /dev/nvidiactl
7a5cf3e01000-7a5cf3e02000 r--p 00000000 103:02 20739954                  /usr/lib/x86_64-linux-gnu/libXxf86vm.so.1.0.0
7a5cf3e02000-7a5cf3e05000 r-xp 00001000 103:02 20739954                  /usr/lib/x86_64-linux-gnu/libXxf86vm.so.1.0.0
7a5cf3e05000-7a5cf3e06000 r--p 00004000 103:02 20739954                  /usr/lib/x86_64-linux-gnu/libXxf86vm.so.1.0.0
7a5cf3e06000-7a5cf3e07000 r--p 00004000 103:02 20739954                  /usr/lib/x86_64-linux-gnu/libXxf86vm.so.1.0.0
7a5cf3e07000-7a5cf3e08000 rw-p 00005000 103:02 20739954                  /usr/lib/x86_64-linux-gnu/libXxf86vm.so.1.0.0
7a5cf3e08000-7a5cf3e0a000 r--p 00000000 103:02 20739938                  /usr/lib/x86_64-linux-gnu/libXdmcp.so.6.0.0
7a5cf3e0a000-7a5cf3e0c000 r-xp 00002000 103:02 20739938                  /usr/lib/x86_64-linux-gnu/libXdmcp.so.6.0.0
7a5cf3e0c000-7a5cf3e0e000 r--p 00004000 103:02 20739938                  /usr/lib/x86_64-linux-gnu/libXdmcp.so.6.0.0
7a5cf3e0e000-7a5cf3e0f000 r--p 00005000 103:02 20739938                  /usr/lib/x86_64-linux-gnu/libXdmcp.so.6.0.0
7a5cf3e0f000-7a5cf3e10000 rw-p 00006000 103:02 20739938                  /usr/lib/x86_64-linux-gnu/libXdmcp.so.6.0.0
7a5cf3e10000-7a5cf3e11000 rw-p 00000000 00:00 0 
7a5cf3e11000-7a5cf3e13000 rw-s 00000000 00:07 1328                       /dev/nvidiactl
7a5cf3e13000-7a5cf3e23000 rw-s 00000000 00:07 1329                       /dev/nvidia0
7a5cf3e23000-7a5cf3e27000 ---p 00000000 00:00 0 
7a5cf3e27000-7a5cf3e45000 rw-p 00000000 00:00 0 
7a5cf3e45000-7a5cf3e52000 r-xp 00000000 103:02 24784640                  /home/tillman/.mcreator/gradle/jdks/eclipse_adoptium-21-amd64-linux.2/lib/libverify.so
7a5cf3e52000-7a5cf3e54000 r--p 0000c000 103:02 24784640                  /home/tillman/.mcreator/gradle/jdks/eclipse_adoptium-21-amd64-linux.2/lib/libverify.so
7a5cf3e54000-7a5cf3e55000 rw-p 0000e000 103:02 24784640                  /home/tillman/.mcreator/gradle/jdks/eclipse_adoptium-21-amd64-linux.2/lib/libverify.so
7a5cf3e55000-7a5cf3e70000 r-xp 00000000 103:02 24784588                  /home/tillman/.mcreator/gradle/jdks/eclipse_adoptium-21-amd64-linux.2/lib/libzip.so
7a5cf3e70000-7a5cf3e71000 r--p 0001a000 103:02 24784588                  /home/tillman/.mcreator/gradle/jdks/eclipse_adoptium-21-amd64-linux.2/lib/libzip.so
7a5cf3e71000-7a5cf3e72000 rw-p 0001b000 103:02 24784588                  /home/tillman/.mcreator/gradle/jdks/eclipse_adoptium-21-amd64-linux.2/lib/libzip.so
7a5cf3e72000-7a5cf3ecd000 rw-p 00000000 00:00 0 
7a5cf3ecd000-7a5cf3fce000 rw-p 00000000 00:00 0 
7a5cf3fce000-7a5cf436e000 rw-p 00000000 00:00 0 
7a5cf436e000-7a5cf475e000 ---p 00000000 00:00 0 
7a5cf475e000-7a5cf476e000 rw-p 00000000 00:00 0 
7a5cf476e000-7a5cfb8ce000 ---p 00000000 00:00 0 
7a5cfb8ce000-7a5cfb952000 rw-p 00000000 00:00 0 
7a5cfb952000-7a5cfb9d0000 ---p 00000000 00:00 0 
7a5cfb9d0000-7a5cfb9d2000 rw-p 00000000 00:00 0 
7a5cfb9d2000-7a5cfc7fe000 ---p 00000000 00:00 0 
7a5cfc7fe000-7a5cfc800000 rw-p 00000000 00:00 0 
7a5cfc800000-7a5cfd450000 rwxp 00000000 00:00 0 
7a5cfd450000-7a5d03c5f000 ---p 00000000 00:00 0 
7a5d03c5f000-7a5d0407f000 rwxp 00000000 00:00 0 
7a5d0407f000-7a5d043a0000 ---p 00000000 00:00 0 
7a5d043a0000-7a5d04800000 rwxp 00000000 00:00 0 
7a5d04800000-7a5d0b800000 ---p 00000000 00:00 0 
7a5d0b800000-7a5d13faa000 r--s 00000000 103:02 24784620                  /home/tillman/.mcreator/gradle/jdks/eclipse_adoptium-21-amd64-linux.2/lib/modules
7a5d13faa000-7a5d13fab000 rw-s 00000000 00:07 1328                       /dev/nvidiactl
7a5d13fab000-7a5d13fac000 r--p 00000000 103:02 20739933                  /usr/lib/x86_64-linux-gnu/libXau.so.6.0.0
7a5d13fac000-7a5d13fae000 r-xp 00001000 103:02 20739933                  /usr/lib/x86_64-linux-gnu/libXau.so.6.0.0
7a5d13fae000-7a5d13faf000 r--p 00003000 103:02 20739933                  /usr/lib/x86_64-linux-gnu/libXau.so.6.0.0
7a5d13faf000-7a5d13fb0000 r--p 00003000 103:02 20739933                  /usr/lib/x86_64-linux-gnu/libXau.so.6.0.0
7a5d13fb0000-7a5d13fb1000 rw-p 00004000 103:02 20739933                  /usr/lib/x86_64-linux-gnu/libXau.so.6.0.0
7a5d13fb1000-7a5d13fbd000 r-xp 00000000 103:02 24784594                  /home/tillman/.mcreator/gradle/jdks/eclipse_adoptium-21-amd64-linux.2/lib/libnet.so
7a5d13fbd000-7a5d13fbe000 r--p 0000b000 103:02 24784594                  /home/tillman/.mcreator/gradle/jdks/eclipse_adoptium-21-amd64-linux.2/lib/libnet.so
7a5d13fbe000-7a5d13fbf000 rw-p 0000c000 103:02 24784594                  /home/tillman/.mcreator/gradle/jdks/eclipse_adoptium-21-amd64-linux.2/lib/libnet.so
7a5d13fbf000-7a5d16022000 rw-p 00000000 00:00 0 
7a5d16022000-7a5d18000000 ---p 00000000 00:00 0 
7a5d18000000-7a5d18001000 rw-s 00000000 00:07 1329                       /dev/nvidia0
7a5d18001000-7a5d18002000 rw-s 00000000 00:07 1328                       /dev/nvidiactl
7a5d18002000-7a5d18004000 r-xp 00000000 103:02 24784618                  /home/tillman/.mcreator/gradle/jdks/eclipse_adoptium-21-amd64-linux.2/lib/libextnet.so
7a5d18004000-7a5d18005000 r--p 00001000 103:02 24784618                  /home/tillman/.mcreator/gradle/jdks/eclipse_adoptium-21-amd64-linux.2/lib/libextnet.so
7a5d18005000-7a5d18006000 rw-p 00002000 103:02 24784618                  /home/tillman/.mcreator/gradle/jdks/eclipse_adoptium-21-amd64-linux.2/lib/libextnet.so
7a5d18006000-7a5d18208000 rw-p 00000000 00:00 0 
7a5d18208000-7a5d18373000 rw-p 00000000 00:00 0 
7a5d18373000-7a5d183f1000 ---p 00000000 00:00 0 
7a5d183f1000-7a5d183f3000 rw-p 00000000 00:00 0 
7a5d183f3000-7a5d1921f000 ---p 00000000 00:00 0 
7a5d1921f000-7a5d19f37000 rw-p 00000000 00:00 0 
7a5d19f37000-7a5d1a017000 ---p 00000000 00:00 0 
7a5d1a017000-7a5d1a030000 rw-p 00000000 00:00 0 
7a5d1a030000-7a5d1a100000 ---p 00000000 00:00 0 
7a5d1a100000-7a5d1a104000 ---p 00000000 00:00 0 
7a5d1a104000-7a5d1a200000 rw-p 00000000 00:00 0 
7a5d1a200000-7a5d1b63a000 r-xp 00000000 103:02 24784633                  /home/tillman/.mcreator/gradle/jdks/eclipse_adoptium-21-amd64-linux.2/lib/server/libjvm.so
7a5d1b63a000-7a5d1b70f000 r--p 01439000 103:02 24784633                  /home/tillman/.mcreator/gradle/jdks/eclipse_adoptium-21-amd64-linux.2/lib/server/libjvm.so
7a5d1b70f000-7a5d1b73f000 rw-p 0150e000 103:02 24784633                  /home/tillman/.mcreator/gradle/jdks/eclipse_adoptium-21-amd64-linux.2/lib/server/libjvm.so
7a5d1b73f000-7a5d1b7a5000 rw-p 00000000 00:00 0 
7a5d1b7a5000-7a5d1b7ab000 r-xp 00000000 103:02 24784600                  /home/tillman/.mcreator/gradle/jdks/eclipse_adoptium-21-amd64-linux.2/lib/libmanagement_ext.so
7a5d1b7ab000-7a5d1b7ac000 r--p 00005000 103:02 24784600                  /home/tillman/.mcreator/gradle/jdks/eclipse_adoptium-21-amd64-linux.2/lib/libmanagement_ext.so
7a5d1b7ac000-7a5d1b7ad000 rw-p 00006000 103:02 24784600                  /home/tillman/.mcreator/gradle/jdks/eclipse_adoptium-21-amd64-linux.2/lib/libmanagement_ext.so
7a5d1b7ad000-7a5d1b7c1000 r-xp 00000000 103:02 24784636                  /home/tillman/.mcreator/gradle/jdks/eclipse_adoptium-21-amd64-linux.2/lib/libnio.so
7a5d1b7c1000-7a5d1b7c2000 r--p 00013000 103:02 24784636                  /home/tillman/.mcreator/gradle/jdks/eclipse_adoptium-21-amd64-linux.2/lib/libnio.so
7a5d1b7c2000-7a5d1b7c3000 rw-p 00014000 103:02 24784636                  /home/tillman/.mcreator/gradle/jdks/eclipse_adoptium-21-amd64-linux.2/lib/libnio.so
7a5d1b7c3000-7a5d1b800000 rw-p 00000000 00:00 0 
7a5d1b800000-7a5d1b828000 r--p 00000000 103:02 20712529                  /usr/lib/x86_64-linux-gnu/libc.so.6
7a5d1b828000-7a5d1b9c0000 r-xp 00028000 103:02 20712529                  /usr/lib/x86_64-linux-gnu/libc.so.6
7a5d1b9c0000-7a5d1ba0e000 r--p 001c0000 103:02 20712529                  /usr/lib/x86_64-linux-gnu/libc.so.6
7a5d1ba0e000-7a5d1ba12000 r--p 0020d000 103:02 20712529                  /usr/lib/x86_64-linux-gnu/libc.so.6
7a5d1ba12000-7a5d1ba14000 rw-p 00211000 103:02 20712529                  /usr/lib/x86_64-linux-gnu/libc.so.6
7a5d1ba14000-7a5d1ba21000 rw-p 00000000 00:00 0 
7a5d1ba21000-7a5d1ba22000 rw-s 00000000 00:07 1328                       /dev/nvidiactl
7a5d1ba22000-7a5d1ba2b000 rw-p 00000000 00:00 0 
7a5d1ba2b000-7a5d1ba31000 ---p 00000000 00:00 0 
7a5d1ba31000-7a5d1ba52000 r-xp 00000000 103:02 24784598                  /home/tillman/.mcreator/gradle/jdks/eclipse_adoptium-21-amd64-linux.2/lib/libjava.so
7a5d1ba52000-7a5d1ba53000 r--p 00020000 103:02 24784598                  /home/tillman/.mcreator/gradle/jdks/eclipse_adoptium-21-amd64-linux.2/lib/libjava.so
7a5d1ba53000-7a5d1ba54000 rw-p 00021000 103:02 24784598                  /home/tillman/.mcreator/gradle/jdks/eclipse_adoptium-21-amd64-linux.2/lib/libjava.so
7a5d1ba54000-7a5d1ba55000 rw-p 00000000 00:00 0 
7a5d1ba55000-7a5d1ba70000 r-xp 00000000 103:02 24784619                  /home/tillman/.mcreator/gradle/jdks/eclipse_adoptium-21-amd64-linux.2/lib/libjimage.so
7a5d1ba70000-7a5d1ba71000 ---p 0001b000 103:02 24784619                  /home/tillman/.mcreator/gradle/jdks/eclipse_adoptium-21-amd64-linux.2/lib/libjimage.so
7a5d1ba71000-7a5d1ba73000 r--p 0001b000 103:02 24784619                  /home/tillman/.mcreator/gradle/jdks/eclipse_adoptium-21-amd64-linux.2/lib/libjimage.so
7a5d1ba73000-7a5d1ba74000 rw-p 0001d000 103:02 24784619                  /home/tillman/.mcreator/gradle/jdks/eclipse_adoptium-21-amd64-linux.2/lib/libjimage.so
7a5d1ba74000-7a5d1ba86000 r--p 00000000 103:02 20712532                  /usr/lib/x86_64-linux-gnu/libm.so.6
7a5d1ba86000-7a5d1bb26000 r-xp 00012000 103:02 20712532                  /usr/lib/x86_64-linux-gnu/libm.so.6
7a5d1bb26000-7a5d1bb98000 r--p 000b2000 103:02 20712532                  /usr/lib/x86_64-linux-gnu/libm.so.6
7a5d1bb98000-7a5d1bb99000 r--p 00123000 103:02 20712532                  /usr/lib/x86_64-linux-gnu/libm.so.6
7a5d1bb99000-7a5d1bb9a000 rw-p 00124000 103:02 20712532                  /usr/lib/x86_64-linux-gnu/libm.so.6
7a5d1bb9a000-7a5d1bb9b000 r--p 00000000 103:02 20712543                  /usr/lib/x86_64-linux-gnu/librt.so.1
7a5d1bb9b000-7a5d1bb9c000 r-xp 00001000 103:02 20712543                  /usr/lib/x86_64-linux-gnu/librt.so.1
7a5d1bb9c000-7a5d1bb9d000 r--p 00002000 103:02 20712543                  /usr/lib/x86_64-linux-gnu/librt.so.1
7a5d1bb9d000-7a5d1bb9e000 r--p 00002000 103:02 20712543                  /usr/lib/x86_64-linux-gnu/librt.so.1
7a5d1bb9e000-7a5d1bb9f000 rw-p 00003000 103:02 20712543                  /usr/lib/x86_64-linux-gnu/librt.so.1
7a5d1bb9f000-7a5d1bba1000 rw-p 00000000 00:00 0 
7a5d1bba1000-7a5d1bba2000 r--p 00000000 103:02 20712531                  /usr/lib/x86_64-linux-gnu/libdl.so.2
7a5d1bba2000-7a5d1bba3000 r-xp 00001000 103:02 20712531                  /usr/lib/x86_64-linux-gnu/libdl.so.2
7a5d1bba3000-7a5d1bba4000 r--p 00002000 103:02 20712531                  /usr/lib/x86_64-linux-gnu/libdl.so.2
7a5d1bba4000-7a5d1bba5000 r--p 00002000 103:02 20712531                  /usr/lib/x86_64-linux-gnu/libdl.so.2
7a5d1bba5000-7a5d1bba6000 rw-p 00003000 103:02 20712531                  /usr/lib/x86_64-linux-gnu/libdl.so.2
7a5d1bba6000-7a5d1bba7000 r--p 00000000 103:02 20712541                  /usr/lib/x86_64-linux-gnu/libpthread.so.0
7a5d1bba7000-7a5d1bba8000 r-xp 00001000 103:02 20712541                  /usr/lib/x86_64-linux-gnu/libpthread.so.0
7a5d1bba8000-7a5d1bba9000 r--p 00002000 103:02 20712541                  /usr/lib/x86_64-linux-gnu/libpthread.so.0
7a5d1bba9000-7a5d1bbaa000 r--p 00002000 103:02 20712541                  /usr/lib/x86_64-linux-gnu/libpthread.so.0
7a5d1bbaa000-7a5d1bbab000 rw-p 00003000 103:02 20712541                  /usr/lib/x86_64-linux-gnu/libpthread.so.0
7a5d1bbab000-7a5d1bbac000 r--s 00000000 00:07 1328                       /dev/nvidiactl
7a5d1bbac000-7a5d1bbad000 r--p 00000000 00:00 0 
7a5d1bbad000-7a5d1bbb1000 r-xp 00000000 103:02 24784602                  /home/tillman/.mcreator/gradle/jdks/eclipse_adoptium-21-amd64-linux.2/lib/libmanagement.so
7a5d1bbb1000-7a5d1bbb2000 r--p 00003000 103:02 24784602                  /home/tillman/.mcreator/gradle/jdks/eclipse_adoptium-21-amd64-linux.2/lib/libmanagement.so
7a5d1bbb2000-7a5d1bbb3000 rw-p 00004000 103:02 24784602                  /home/tillman/.mcreator/gradle/jdks/eclipse_adoptium-21-amd64-linux.2/lib/libmanagement.so
7a5d1bbb3000-7a5d1bbbb000 rw-s 00000000 00:2e 5665                       /tmp/hsperfdata_tillman/56002
7a5d1bbbb000-7a5d1bbbc000 ---p 00000000 00:00 0 
7a5d1bbbc000-7a5d1bbbd000 r--p 00000000 00:00 0 
7a5d1bbbd000-7a5d1bbbe000 ---p 00000000 00:00 0 
7a5d1bbbe000-7a5d1bbd7000 r-xp 00000000 103:02 24784593                  /home/tillman/.mcreator/gradle/jdks/eclipse_adoptium-21-amd64-linux.2/lib/libjli.so
7a5d1bbd7000-7a5d1bbd8000 r--p 00018000 103:02 24784593                  /home/tillman/.mcreator/gradle/jdks/eclipse_adoptium-21-amd64-linux.2/lib/libjli.so
7a5d1bbd8000-7a5d1bbd9000 rw-p 00019000 103:02 24784593                  /home/tillman/.mcreator/gradle/jdks/eclipse_adoptium-21-amd64-linux.2/lib/libjli.so
7a5d1bbd9000-7a5d1bbdb000 rw-p 00000000 00:00 0 
7a5d1bbdb000-7a5d1bbdf000 r--p 00000000 00:00 0                          [vvar]
7a5d1bbdf000-7a5d1bbe1000 r--p 00000000 00:00 0                          [vvar_vclock]
7a5d1bbe1000-7a5d1bbe3000 r-xp 00000000 00:00 0                          [vdso]
7a5d1bbe3000-7a5d1bbe4000 r--p 00000000 103:02 20712526                  /usr/lib/x86_64-linux-gnu/ld-linux-x86-64.so.2
7a5d1bbe4000-7a5d1bc13000 r-xp 00001000 103:02 20712526                  /usr/lib/x86_64-linux-gnu/ld-linux-x86-64.so.2
7a5d1bc13000-7a5d1bc1e000 r--p 00030000 103:02 20712526                  /usr/lib/x86_64-linux-gnu/ld-linux-x86-64.so.2
7a5d1bc1e000-7a5d1bc20000 r--p 0003b000 103:02 20712526                  /usr/lib/x86_64-linux-gnu/ld-linux-x86-64.so.2
7a5d1bc20000-7a5d1bc21000 rw-p 0003d000 103:02 20712526                  /usr/lib/x86_64-linux-gnu/ld-linux-x86-64.so.2
7a5d1bc21000-7a5d1bc22000 rw-p 00000000 00:00 0 
7fff0ef8d000-7fff0efb2000 rw-p 00000000 00:00 0                          [stack]
ffffffffff600000-ffffffffff601000 --xp 00000000 00:00 0                  [vsyscall]
Total number of mappings: 658

JVMTI agents: none


VM Arguments:
jvm_args: -Dfml.modFolders=mcreator%%/home/tillman/Desktop/programmieren/minecraft/MODS/playerTracker/build/classes/java/main:mcreator%%/home/tillman/Desktop/programmieren/minecraft/MODS/playerTracker/build/resources/main --module-path=/home/tillman/.mcreator/gradle/caches/modules-2/files-2.1/cpw.mods/bootstraplauncher/2.0.2/1a2d076cbc33b0520cbacd591224427b2a20047d/bootstraplauncher-2.0.2.jar:/home/tillman/.mcreator/gradle/caches/modules-2/files-2.1/cpw.mods/securejarhandler/3.0.8/c0ef95cecd8699a0449053ac7d9c160748d902cd/securejarhandler-3.0.8.jar:/home/tillman/.mcreator/gradle/caches/modules-2/files-2.1/org.ow2.asm/asm-commons/9.8/36e4d212970388e5bd2c5180292012502df461bb/asm-commons-9.8.jar:/home/tillman/.mcreator/gradle/caches/modules-2/files-2.1/org.ow2.asm/asm-util/9.8/395f1c1f035258511f27bc9b2583d76e4b143f59/asm-util-9.8.jar:/home/tillman/.mcreator/gradle/caches/modules-2/files-2.1/org.ow2.asm/asm-analysis/9.8/b9747a320844b6cb1eacd90d8ecfd260a16c01d3/asm-analysis-9.8.jar:/home/tillman/.mcreator/gradle/caches/modules-2/files-2.1/org.ow2.asm/asm-tree/9.8/18419ca5b77a2f81097c741e7872e6ab8d2f40d/asm-tree-9.8.jar:/home/tillman/.mcreator/gradle/caches/modules-2/files-2.1/org.ow2.asm/asm/9.8/dc19ecb3f7889b7860697215cae99c0f9b6f6b4b/asm-9.8.jar:/home/tillman/.mcreator/gradle/caches/modules-2/files-2.1/net.neoforged/JarJarFileSystems/0.4.1/78f59f89defcd032ed788b151ca6a0d40ace796a/JarJarFileSystems-0.4.1.jar --add-modules=ALL-MODULE-PATH --add-opens=java.base/java.util.jar=cpw.mods.securejarhandler --add-opens=java.base/java.lang.invoke=cpw.mods.securejarhandler --add-exports=java.base/sun.security.util=cpw.mods.securejarhandler --add-exports=jdk.naming.dns/com.sun.jndi.dns=java.naming -Dcom.sun.management.jmxremote.port=1099 -Dcom.sun.management.jmxremote.local.only=true -Dcom.sun.management.jmxremote.ssl=false -Dcom.sun.management.jmxremote.authenticate=false -Dlog4j2.configurationFile=/home/tillman/Desktop/programmieren/minecraft/MODS/playerTracker/build/moddev/clientLog4j2.xml -Djava.net.preferIPv6Addresses=system -DignoreList=mixinextras-neoforge-0.5.3.jar,client-extra,neoforge- -DlegacyClassPath.file=/home/tillman/Desktop/programmieren/minecraft/MODS/playerTracker/build/moddev/clientLegacyClasspath.txt -Dneoforge.enableGameTest=true -Dforge.logging.markers=REGISTRIES -Dfile.encoding=UTF-8 -Duser.country=US -Duser.language=en -Duser.variant 
java_command: net.neoforged.devlaunch.Main @/home/tillman/Desktop/programmieren/minecraft/MODS/playerTracker/build/moddev/clientRunProgramArgs.txt
java_class_path (initial): /home/tillman/Desktop/programmieren/minecraft/MODS/playerTracker/build/classes/java/main:/home/tillman/Desktop/programmieren/minecraft/MODS/playerTracker/build/resources/main:/home/tillman/Desktop/programmieren/minecraft/MODS/playerTracker/build/moddev/artifacts/neoforge-21.1.232.jar:/home/tillman/Desktop/programmieren/minecraft/MODS/playerTracker/build/moddev/artifacts/neoforge-21.1.232-client-extra-aka-minecraft-resources.jar:/home/tillman/.mcreator/gradle/caches/modules-2/files-2.1/net.neoforged/DevLaunch/1.0.2/2e0e9a67793d5bfdedee4f9ea00934dbf3f2e22d/DevLaunch-1.0.2.jar:/home/tillman/.mcreator/gradle/caches/modules-2/files-2.1/net.neoforged.fancymodloader/earlydisplay/4.0.42/46555dbfff14e9e052f1f693aed14d542a74e111/earlydisplay-4.0.42.jar:/home/tillman/.mcreator/gradle/caches/modules-2/files-2.1/net.neoforged.fancymodloader/loader/4.0.42/76e15f98bf676fb44b36c5e776f52a55581ec43a/loader-4.0.42.jar:/home/tillman/.mcreator/gradle/caches/modules-2/files-2.1/net.neoforged.accesstransformers/at-modlauncher/10.0.1/5aba50202aceead086bc09fbc2751c9f05cb4890/at-modlauncher-10.0.1.jar:/home/tillman/.mcreator/gradle/caches/modules-2/files-2.1/net.neoforged/accesstransformers/10.0.1/fd83b5725f76eae9115e9355fa1c456a6a441400/accesstransformers-10.0.1.jar:/home/tillman/.mcreator/gradle/caches/modules-2/files-2.1/net.neoforged/bus/8.0.5/5b2d33285ab5d1554e9798ad98c40d6ea3868bd5/bus-8.0.5.jar:/home/tillman/.mcreator/gradle/caches/modules-2/files-2.1/net.neoforged/coremods/7.0.3/9147e6f638b4272b3bd5fc8f92ad37802512c6c/coremods-7.0.3.jar:/home/tillman/.mcreator/gradle/caches/modules-2/files-2.1/cpw.mods/modlauncher/11.0.5/b8f0d49294f733fdb6173931b263553e943dc950/modlauncher-11.0.5.jar:/home/tillman/.mcreator/gradle/caches/modules-2/files-2.1/net.neoforged/mergetool/2.0.0/52fe1949be64e3303aabaaa21e315f551db9c9f4/mergetool-2.0.0-api.jar:/home/tillman/.mcreator/gradle/caches/modules-2/files-2.1/com.electronwill.night-config/toml/3.8.3/90b2fd6efcb4a7d5b9810cf78f9d824994d717f2/toml-3.8.3.jar:/home/tillman/.mcreator/gradle/caches/modules-2/files-2.1/com.electronwill.night-config/core/3.8.3/b442a95f09e349927f5a945ecb594455870fcf4f/core-3.8.3.jar:/home/tillman/.mcreator/gradle/caches/modules-2/files-2.1/net.neoforged/JarJarSelector/0.4.1/fb3cc7a58af22ad2880adb98af6d518128c47dae/JarJarSelector-0.4.1.jar:/home/tillman/.mcreator/gradle/caches/modules-2/files-2.1/net.neoforged/JarJarMetadata/0.4.1/f8da03683dc81694556dc3e177c5e3bb77ae6fcb/JarJarMetadata-0.4.1.jar:/home/tillman/.mcreator/gradle/caches/modules-2/files-2.1/org.apache.maven/maven-artifact/3.8.5/4433f50c07debefaed0553bd0068f4f48d449313/maven-artifact-3.8.5.jar:/home/tillman/.mcreator/gradle/caches/modules-2/files-2.1/net.jodah/typetools/0.6.3/a01aaa6ddaea9ec07ec4f209487b7a46a526283a/typetools-0.6.3.jar:/home/tillman/.mcreator/gradle/caches/modules-2/files-2.1/net.minecrell/terminalconsoleappender/1.3.0/b562e9bb61235c9520e26282cdee71f8f802d1fc/terminalconsoleappender-1.3.0.jar:/home/tillman/.mcreator/gradle/caches/modules-2/files-2.1/net.fabricmc/sponge-mixin/0.15.2+mixin.0.8.7/2af2f021d8e02a0220dc27a7a72b4666d66d44ca/sponge-mixin-0.15.2+mixin.0.8.7.jar:/home/tillman/.mcreator/gradle/caches/modules-2/files-2.1/org.openjdk.nashorn/nashorn-core/15.4/f67f5ffaa5f5130cf6fb9b133da00c7df3b532a5/nashorn-core-15.4.jar:/home/tillman/.mcreator/gradle/caches/modules-2/files-2.1/org.apache.commons/commons-lang3/3.14.0/1ed471194b02f2c6cb734a0cd6f6f107c673afae/commons-lang3-3.14.0.jar:/home/tillman/.mcreator/gradle/caches/modules-2/files-2.1/cpw.mods/bootstraplauncher/2.0.2/1a2d076cbc33b0520cbacd591224427b2a20047d/bootstraplauncher-2.0.2.jar:/home/tillman/.mcreator/gradle/caches/modules-2/files-2.1/cpw.mods/securejarhandler/3.0.8/c0ef95cecd8699a0449053ac7d9c160748d902cd/securejarhandler-3.0.8.jar:/home/tillman/.mcreator/gradle/caches/modules-2/files-2.1/org.ow2.asm/asm-commons/9.8/36e4d212970388e5bd2c5180292012502df461bb/asm-commons-9.8.jar:/home/tillman/.mcreator/gradle/caches/modules-2/files-2.1/org.ow2.asm/asm-util/9.8/395f1c1f035258511f27bc9b2583d76e4b143f59/asm-util-9.8.jar:/home/tillman/.mcreator/gradle/caches/modules-2/files-2.1/org.ow2.asm/asm-analysis/9.8/b9747a320844b6cb1eacd90d8ecfd260a16c01d3/asm-analysis-9.8.jar:/home/tillman/.mcreator/gradle/caches/modules-2/files-2.1/org.ow2.asm/asm-tree/9.8/18419ca5b77a2f81097c741e7872e6ab8d2f40d/asm-tree-9.8.jar:/home/tillman/.mcreator/gradle/caches/modules-2/files-2.1/org.ow2.asm/asm/9.8/dc19ecb3f7889b7860697215cae99c0f9b6f6b4b/asm-9.8.jar:/home/tillman/.mcreator/gradle/caches/modules-2/files-2.1/net.neoforged/JarJarFileSystems/0.4.1/78f59f89defcd032ed788b151ca6a0d40ace796a/JarJarFileSystems-0.4.1.jar:/home/tillman/.mcreator/gradle/caches/modules-2/files-2.1/net.sf.jopt-simple/jopt-simple/5.0.4/4fdac2fbe92dfad86aa6e9301736f6b4342a3f5c/jopt-simple-5.0.4.jar:/home/tillman/.mcreator/gradle/caches/modules-2/files-2.1/commons-io/commons-io/2.15.1/f11560da189ab563a5c8e351941415430e9304ea/commons-io-2.15.1.jar:/home/tillman/.mcreator/gradle/caches/modules-2/files-2.1/com.mojang/logging/1.2.7/24cb95ffb0e3433fd6e844c04e68009e504ca1c0/logging-1.2.7.jar:/home/tillman/.mcreator/gradle/caches/modules-2/files-2.1/org.apache.logging.log4j/log4j-slf4j2-impl/2.22.1/d7e6693c2606cb7e7335047d7bb96dec52db5665/log4j-slf4j2-impl-2.22.1.jar:/home/tillman/.mcreator/gradle/caches/modules-2/files-2.1/org.apache.logging.log4j/log4j-core/2.22.1/7183a25510a02ad00cc6a95d3b3d2a7d3c5a8dc4/log4j-core-2.22.1.jar:/home/tillman/.mcreator/gradle/caches/modules-2/files-2.1/org.apache.logging.log4j/log4j-api/2.22.1/bea6fede6328fabafd7e68363161a7ea6605abd1/log4j-api-2.22.1.jar:/home/tillman/.mcreator/gradle/caches/modules-2/files-2.1/com.google.guava/guava/32.1.2-jre/5e64ec7e056456bef3a4bc4c6fdaef71e8ab6318/guava-32.1.2-jre.jar:/home/tillman/.mcreator/gradle/caches/modules-2/files-2.1/com.google.code.gson/gson/2.10.1/b3add478d4382b78ea20b1671390a858002feb6c/gson-2.10.1.jar:/home/tillman/.mcreator/gradle/caches/modules-2/files-2.1/org.slf4j/slf4j-api/2.0.9/7cf2726fdcfbc8610f9a71fb3ed639871f315340/slf4j-api-2.0.9.jar:/home/tillman/.mcreator/gradle/caches/modules-2/files-2.1/org.antlr/antlr4-runtime/4.13.1/17125bae1d965624e265ef49552f6465a2bfa307/antlr4-runtime-4.13.1.jar:/home/tillman/.mcreator/gradle/caches/modules-2/files-2.1/net.minecraftforge/srgutils/0.4.15/ca408b131759478f164e010fae0d73997e125fb5/srgutils-0.4.15.jar:/home/tillman/.mcreator/gradle/caches/modules-2/files-2.1/org.codehaus.plexus/plexus-utils/3.3.0/cf43b5391de623b36fe066a21127baef82c64022/plexus-utils-3.3.0.jar:/home/tillman/.mcreator/gradle/caches/modules-2/files-2.1/org.jline/jline-reader/3.20.0/8f15415b022a25b473e8e16c28ae913186ffb9c4/jline-reader-3.20.0.jar:/home/tillman/.mcreator/gradle/caches/modules-2/files-2.1/com.machinezoo.noexception/noexception/1.7.1/b65330c98e38a1f915fa54a6e5eca496505e3f0a/noexception-1.7.1.jar:/home/tillman/.mcreator/gradle/caches/modules-2/files-2.1/com.google.guava/failureaccess/1.0.1/1dcf1de382a0bf95a3d8b0849546c88bac1292c9/failureaccess-1.0.1.jar:/home/tillman/.mcreator/gradle/caches/modules-2/files-2.1/com.google.guava/listenablefuture/9999.0-empty-to-avoid-conflict-with-guava/b421526c5f297295adef1c886e5246c39d4ac629/listenablefuture-9999.0-empty-to-avoid-conflict-with-guava.jar:/home/tillman/.mcreator/gradle/caches/modules-2/files-2.1/com.google.code.findbugs/jsr305/3.0.2/25ea2e8b0c338a877313bd4672d3fe056ea78f0d/jsr305-3.0.2.jar:/home/tillman/.mcreator/gradle/caches/modules-2/files-2.1/org.checkerframework/checker-qual/3.33.0/de2b60b62da487644fc11f734e73c8b0b431238f/checker-qual-3.33.0.jar:/home/tillman/.mcreator/gradle/caches/modules-2/files-2.1/com.google.errorprone/error_prone_annotations/2.18.0/89b684257096f548fa39a7df9fdaa409d4d4df91/error_prone_annotations-2.18.0.jar:/home/tillman/.mcreator/gradle/caches/modules-2/files-2.1/com.google.j2objc/j2objc-annotations/2.8/c85270e307e7b822f1086b93689124b89768e273/j2objc-annotations-2.8.jar:/home/tillman/.mcreator/gradle/caches/modules-2/files-2.1/org.jline/jline-terminal/3.20.0/d0ddcc708ddf527a3454c941b7b9225cc83a15ff/jline-terminal-3.20.0.jar:/home/tillman/.mcreator/gradle/caches/modules-2/files-2.1/com.github.oshi/oshi-core/6.4.10/b1d8ab82d11d92fd639b56d639f8f46f739dd5fa/oshi-core-6.4.10.jar:/home/tillman/.mcreator/gradle/caches/modules-2/files-2.1/com.ibm.icu/icu4j/73.2/61ad4ef7f9131fcf6d25c34b817f90d6da06c9e9/icu4j-73.2.jar:/home/tillman/.mcreator/gradle/caches/modules-2/files-2.1/com.mojang/authlib/6.0.54/de8bc95660e1b2fe8793fd427a7a10dcec5b3ea7/authlib-6.0.54.jar:/home/tillman/.mcreator/gradle/caches/modules-2/files-2.1/com.mojang/blocklist/1.0.10/5c685c5ffa94c4cd39496c7184c1d122e515ecef/blocklist-1.0.10.jar:/home/tillman/.mcreator/gradle/caches/modules-2/files-2.1/com.mojang/brigadier/1.3.10/d15b53a14cf20fdcaa98f731af5dda654452c010/brigadier-1.3.10.jar:/home/tillman/.mcreator/gradle/caches/modules-2/files-2.1/com.mojang/datafixerupper/8.0.16/67d4de6d7f95d89bcf5862995fb854ebaec02a34/datafixerupper-8.0.16.jar:/home/tillman/.mcreator/gradle/caches/modules-2/files-2.1/com.mojang/patchy/2.2.10/da05971b07cbb379d002cf7eaec6a2048211fefc/patchy-2.2.10.jar:/home/tillman/.mcreator/gradle/caches/modules-2/files-2.1/com.mojang/text2speech/1.17.9/3cad216e3a7f0c19b4b394388bc9ffc446f13b14/text2speech-1.17.9.jar:/home/tillman/.mcreator/gradle/caches/modules-2/files-2.1/commons-codec/commons-codec/1.16.0/4e3eb3d79888d76b54e28b350915b5dc3919c9de/commons-codec-1.16.0.jar:/home/tillman/.mcreator/gradle/caches/modules-2/files-2.1/commons-logging/commons-logging/1.2/4bfc12adfe4842bf07b657f0369c4cb522955686/commons-logging-1.2.jar:/home/tillman/.mcreator/gradle/caches/modules-2/files-2.1/io.netty/netty-buffer/4.1.97.Final/f8f3d8644afa5e6e1a40a3a6aeb9d9aa970ecb4f/netty-buffer-4.1.97.Final.jar:/home/tillman/.mcreator/gradle/caches/modules-2/files-2.1/io.netty/netty-codec/4.1.97.Final/384ba4d75670befbedb45c4d3b497a93639c206d/netty-codec-4.1.97.Final.jar:/home/tillman/.mcreator/gradle/caches/modules-2/files-2.1/io.netty/netty-common/4.1.97.Final/7cceacaf11df8dc63f23d0fb58e9d4640fc88404/netty-common-4.1.97.Final.jar:/home/tillman/.mcreator/gradle/caches/modules-2/files-2.1/io.netty/netty-handler/4.1.97.Final/abb86c6906bf512bf2b797a41cd7d2e8d3cd7c36/netty-handler-4.1.97.Final.jar:/home/tillman/.mcreator/gradle/caches/modules-2/files-2.1/io.netty/netty-resolver/4.1.97.Final/cec8348108dc76c47cf87c669d514be52c922144/netty-resolver-4.1.97.Final.jar:/home/tillman/.mcreator/gradle/caches/modules-2/files-2.1/io.netty/netty-transport-classes-epoll/4.1.97.Final/795da37ded759e862457a82d9d92c4d39ce8ecee/netty-transport-classes-epoll-4.1.97.Final.jar:/home/tillman/.mcreator/gradle/caches/modules-2/files-2.1/io.netty/netty-transport-native-unix-common/4.1.97.Final/d469d84265ab70095b01b40886cabdd433b6e664/netty-transport-native-unix-common-4.1.97.Final.jar:/home/tillman/.mcreator/gradle/caches/modules-2/files-2.1/io.netty/netty-transport/4.1.97.Final/f37380d23c9bb079bc702910833b2fd532c9abd0/netty-transport-4.1.97.Final.jar:/home/tillman/.mcreator/gradle/caches/modules-2/files-2.1/it.unimi.dsi/fastutil/8.5.12/c24946d46824bd528054bface3231d2ecb7e95e8/fastutil-8.5.12.jar:/home/tillman/.mcreator/gradle/caches/modules-2/files-2.1/net.java.dev.jna/jna-platform/5.14.0/28934d48aed814f11e4c584da55c49fa7032b31b/jna-platform-5.14.0.jar:/home/tillman/.mcreator/gradle/caches/modules-2/files-2.1/net.java.dev.jna/jna/5.14.0/67bf3eaea4f0718cb376a181a629e5f88fa1c9dd/jna-5.14.0.jar:/home/tillman/.mcreator/gradle/caches/modules-2/files-2.1/org.apache.commons/commons-compress/1.26.0/659feffdd12280201c8aacb8f7be94f9a883c824/commons-compress-1.26.0.jar:/home/tillman/.mcreator/gradle/caches/modules-2/files-2.1/org.apache.httpcomponents/httpclient/4.5.13/e5f6cae5ca7ecaac1ec2827a9e2d65ae2869cada/httpclient-4.5.13.jar:/home/tillman/.mcreator/gradle/caches/modules-2/files-2.1/org.apache.httpcomponents/httpcore/4.4.16/51cf043c87253c9f58b539c9f7e44c8894223850/httpcore-4.4.16.jar:/home/tillman/.mcreator/gradle/caches/modules-2/files-2.1/org.jcraft/jorbis/0.0.17/8872d22b293e8f5d7d56ff92be966e6dc28ebdc6/jorbis-0.0.17.jar:/home/tillman/.mcreator/gradle/caches/modules-2/files-2.1/org.joml/joml/1.10.5/22566d58af70ad3d72308bab63b8339906deb649/joml-1.10.5.jar:/home/tillman/.mcreator/gradle/caches/modules-2/files-2.1/org.lwjgl/lwjgl-freetype/3.3.3/a0db6c84a8becc8ca05f9dbfa985edc348a824c7/lwjgl-freetype-3.3.3.jar:/home/tillman/.mcreator/gradle/caches/modules-2/files-2.1/org.lwjgl/lwjgl-freetype/3.3.3/149070a5480900347071b7074779531f25a6e3dc/lwjgl-freetype-3.3.3-natives-linux.jar:/home/tillman/.mcreator/gradle/caches/modules-2/files-2.1/org.lwjgl/lwjgl-glfw/3.3.3/efa1eb78c5ccd840e9f329717109b5e892d72f8e/lwjgl-glfw-3.3.3.jar:/home/tillman/.mcreator/gradle/caches/modules-2/files-2.1/org.lwjgl/lwjgl-glfw/3.3.3/a03684c5e4b1b1dbbe0d29dbbdc27b985b6840f2/lwjgl-glfw-3.3.3-natives-linux.jar:/home/tillman/.mcreator/gradle/caches/modules-2/files-2.1/org.lwjgl/lwjgl-jemalloc/3.3.3/b543467b7ff3c6920539a88ee602d34098628be5/lwjgl-jemalloc-3.3.3.jar:/home/tillman/.mcreator/gradle/caches/modules-2/files-2.1/org.lwjgl/lwjgl-jemalloc/3.3.3/4f86728bf449b1dd61251c4e0ac01df1389cb51e/lwjgl-jemalloc-3.3.3-natives-linux.jar:/home/tillman/.mcreator/gradle/caches/modules-2/files-2.1/org.lwjgl/lwjgl-openal/3.3.3/daada81ceb5fc0c291fbfdd4433cb8d9423577f2/lwjgl-openal-3.3.3.jar:/home/tillman/.mcreator/gradle/caches/modules-2/files-2.1/org.lwjgl/lwjgl-openal/3.3.3/3037360cc4595079bea240af250b6d1a527e0905/lwjgl-openal-3.3.3-natives-linux.jar:/home/tillman/.mcreator/gradle/caches/modules-2/files-2.1/org.lwjgl/lwjgl-opengl/3.3.3/2f6b0147078396a58979125a4c947664e98293a/lwjgl-opengl-3.3.3.jar:/home/tillman/.mcreator/gradle/caches/modules-2/files-2.1/org.lwjgl/lwjgl-opengl/3.3.3/62c70a4b00ca5391882b0f4b787c1588d24f1c86/lwjgl-opengl-3.3.3-natives-linux.jar:/home/tillman/.mcreator/gradle/caches/modules-2/files-2.1/org.lwjgl/lwjgl-stb/3.3.3/25dd6161988d7e65f71d5065c99902402ee32746/lwjgl-stb-3.3.3.jar:/home/tillman/.mcreator/gradle/caches/modules-2/files-2.1/org.lwjgl/lwjgl-stb/3.3.3/fd1271ccd9d85eff2fa31f3fd543e02ccfaf5041/lwjgl-stb-3.3.3-natives-linux.jar:/home/tillman/.mcreator/gradle/caches/modules-2/files-2.1/org.lwjgl/lwjgl-tinyfd/3.3.3/82d755ca94b102e9ca77283b9e2dc46d1b15fbe5/lwjgl-tinyfd-3.3.3.jar:/home/tillman/.mcreator/gradle/caches/modules-2/files-2.1/org.lwjgl/lwjgl-tinyfd/3.3.3/d8d58daa0c3e5fd906fee96f5fddbcbc07cc308b/lwjgl-tinyfd-3.3.3-natives-linux.jar:/home/tillman/.mcreator/gradle/caches/modules-2/files-2.1/org.lwjgl/lwjgl/3.3.3/29589b5f87ed335a6c7e7ee6a5775f81f97ecb84/lwjgl-3.3.3.jar:/home/tillman/.mcreator/gradle/caches/modules-2/files-2.1/org.lwjgl/lwjgl/3.3.3/1713758e3660ba66e1e954396fd18126038b33c0/lwjgl-3.3.3-natives-linux.jar:/home/tillman/.mcreator/gradle/caches/modules-2/files-2.1/org.lz4/lz4-java/1.8.0/4b986a99445e49ea5fbf5d149c4b63f6ed6c6780/lz4-java-1.8.0.jar:/home/tillman/.mcreator/gradle/caches/modules-2/files-2.1/io.netty/netty-transport-native-epoll/4.1.97.Final/5514744c588190ffda076b35a9b8c9f24946a960/netty-transport-native-epoll-4.1.97.Final-linux-aarch_64.jar:/home/tillman/.mcreator/gradle/caches/modules-2/files-2.1/io.netty/netty-transport-native-epoll/4.1.97.Final/54188f271e388e7f313aea995e82f58ce2cdb809/netty-transport-native-epoll-4.1.97.Final-linux-x86_64.jar
Launcher Type: SUN_STANDARD

[Global flags]
     intx CICompilerCount                          = 12                                        {product} {ergonomic}
     uint ConcGCThreads                            = 3                                         {product} {ergonomic}
     uint G1ConcRefinementThreads                  = 13                                        {product} {ergonomic}
   size_t G1HeapRegionSize                         = 4194304                                   {product} {ergonomic}
    uintx GCDrainStackTargetSize                   = 64                                        {product} {ergonomic}
   size_t InitialHeapSize                          = 511705088                                 {product} {ergonomic}
     bool ManagementServer                         = true                                      {product} {command line}
   size_t MarkStackSize                            = 4194304                                   {product} {ergonomic}
   size_t MaxHeapSize                              = 8124366848                                {product} {ergonomic}
   size_t MaxNewSize                               = 4873781248                                {product} {ergonomic}
   size_t MinHeapDeltaBytes                        = 4194304                                   {product} {ergonomic}
   size_t MinHeapSize                              = 8388608                                   {product} {ergonomic}
    uintx NonNMethodCodeHeapSize                   = 7602480                                {pd product} {ergonomic}
    uintx NonProfiledCodeHeapSize                  = 122027880                              {pd product} {ergonomic}
    uintx ProfiledCodeHeapSize                     = 122027880                              {pd product} {ergonomic}
    uintx ReservedCodeCacheSize                    = 251658240                              {pd product} {ergonomic}
     bool SegmentedCodeCache                       = true                                      {product} {ergonomic}
   size_t SoftMaxHeapSize                          = 8124366848                             {manageable} {ergonomic}
     bool UseCompressedOops                        = true                           {product lp64_product} {ergonomic}
     bool UseG1GC                                  = true                                      {product} {ergonomic}

Logging:
Log output configuration:
 #0: stdout all=warning uptime,level,tags foldmultilines=false
 #1: stderr all=off uptime,level,tags foldmultilines=false

Release file:
IMPLEMENTOR="Eclipse Adoptium"
IMPLEMENTOR_VERSION="Temurin-21.0.12+8"
JAVA_RUNTIME_VERSION="21.0.12+8-LTS"
JAVA_VERSION="21.0.12"
JAVA_VERSION_DATE="2026-07-21"
LIBC="gnu"
MODULES="java.base java.compiler java.datatransfer java.xml java.prefs java.desktop java.instrument java.logging java.management java.security.sasl java.naming java.rmi java.management.rmi java.net.http java.scripting java.security.jgss java.transaction.xa java.sql java.sql.rowset java.xml.crypto java.se java.smartcardio jdk.accessibility jdk.internal.jvmstat jdk.attach jdk.charsets jdk.internal.opt jdk.zipfs jdk.compiler jdk.crypto.ec jdk.crypto.cryptoki jdk.dynalink jdk.internal.ed jdk.editpad jdk.hotspot.agent jdk.httpserver jdk.incubator.vector jdk.internal.le jdk.internal.vm.ci jdk.internal.vm.compiler jdk.internal.vm.compiler.management jdk.jartool jdk.javadoc jdk.jcmd jdk.management jdk.management.agent jdk.jconsole jdk.jdeps jdk.jdwp.agent jdk.jdi jdk.jfr jdk.jlink jdk.jpackage jdk.jshell jdk.jsobject jdk.jstatd jdk.localedata jdk.management.jfr jdk.naming.dns jdk.naming.rmi jdk.net jdk.nio.mapmode jdk.random jdk.sctp jdk.security.auth jdk.security.jgss jdk.unsupported jdk.unsupported.desktop jdk.xml.dom"
OS_ARCH="x86_64"
OS_NAME="Linux"
SOURCE=".:git:04806bcb1d50"
BUILD_SOURCE="git:e6ba7dec3d07654074559310376a3ae89da5f4ac"
BUILD_SOURCE_REPO="https://github.com/adoptium/temurin-build.git"
SOURCE_REPO="https://github.com/adoptium/jdk21u.git"
FULL_VERSION="21.0.12+8-LTS"
SEMANTIC_VERSION="21.0.12+8"
BUILD_INFO="OS: Linux Version: 6.8.0-1062-azure"
JVM_VARIANT="Hotspot"
JVM_VERSION="21.0.12+8-LTS"
IMAGE_TYPE="JDK"

Environment Variables:
JAVA_HOME=/home/tillman/snap/MCreator20262/jdk
PATH=/usr/local/sbin:/usr/local/bin:/usr/sbin:/usr/bin:/sbin:/bin:/usr/games:/usr/local/games:/snap/bin:/snap/bin
USERNAME=tillman
SHELL=/bin/bash
DISPLAY=:0
WAYLAND_DISPLAY=wayland-0
LANG=en_US.UTF-8
TERM=xterm-256color

Active Locale:
LC_ALL=en_US.UTF-8
LC_COLLATE=en_US.UTF-8
LC_CTYPE=en_US.UTF-8
LC_MESSAGES=en_US.UTF-8
LC_MONETARY=en_US.UTF-8
LC_NUMERIC=en_US.UTF-8
LC_TIME=en_US.UTF-8

Signal Handlers:
   SIGSEGV: crash_handler in libjvm.so, mask=11100100010111111101111111111110, flags=SA_RESTART|SA_SIGINFO, unblocked
    SIGBUS: crash_handler in libjvm.so, mask=11100100010111111101111111111110, flags=SA_RESTART|SA_SIGINFO, unblocked
    SIGFPE: crash_handler in libjvm.so, mask=11100100010111111101111111111110, flags=SA_RESTART|SA_SIGINFO, unblocked
   SIGPIPE: javaSignalHandler in libjvm.so, mask=11100100010111111101111111111110, flags=SA_RESTART|SA_SIGINFO, blocked
   SIGXFSZ: javaSignalHandler in libjvm.so, mask=11100100010111111101111111111110, flags=SA_RESTART|SA_SIGINFO, blocked
    SIGILL: crash_handler in libjvm.so, mask=11100100010111111101111111111110, flags=SA_RESTART|SA_SIGINFO, unblocked
   SIGUSR2: SR_handler in libjvm.so, mask=00000000000000000000000000000000, flags=SA_RESTART|SA_SIGINFO, blocked
    SIGHUP: UserHandler in libjvm.so, mask=11100100010111111101111111111110, flags=SA_RESTART|SA_SIGINFO, blocked
    SIGINT: UserHandler in libjvm.so, mask=11100100010111111101111111111110, flags=SA_RESTART|SA_SIGINFO, blocked
   SIGTERM: UserHandler in libjvm.so, mask=11100100010111111101111111111110, flags=SA_RESTART|SA_SIGINFO, blocked
   SIGQUIT: UserHandler in libjvm.so, mask=11100100010111111101111111111110, flags=SA_RESTART|SA_SIGINFO, blocked
   SIGTRAP: crash_handler in libjvm.so, mask=11100100010111111101111111111110, flags=SA_RESTART|SA_SIGINFO, unblocked


Periodic native trim disabled

---------------  S Y S T E M  ---------------

OS:
DISTRIB_ID=Ubuntu
DISTRIB_RELEASE=26.04
DISTRIB_CODENAME=resolute
DISTRIB_DESCRIPTION="Ubuntu 26.04 LTS"
uname: Linux 7.0.0-29-generic #29-Ubuntu SMP PREEMPT_DYNAMIC Fri Jul 17 20:52:35 UTC 2026 x86_64
OS uptime: 0 days 6:12 hours
libc: glibc 2.43 NPTL 2.43 
rlimit (soft/hard): STACK 8192k/infinity , CORE 0k/infinity , NPROC 123788/123788 , NOFILE 524288/524288 , AS infinity/infinity , CPU infinity/infinity , DATA infinity/infinity , FSIZE infinity/infinity , MEMLOCK 8192k/8192k
load average: 3.24 2.72 2.63

/proc/meminfo:
MemTotal:       31734884 kB
MemFree:         6888112 kB
MemAvailable:   16732928 kB
Buffers:           75316 kB
Cached:          9966260 kB
SwapCached:            0 kB
Active:         16601328 kB
Inactive:        5790324 kB
Active(anon):   12890268 kB
Inactive(anon):        0 kB
Active(file):    3711060 kB
Inactive(file):  5790324 kB
Unevictable:         576 kB
Mlocked:             576 kB
SwapTotal:       8388604 kB
SwapFree:        8388604 kB
Zswap:                 0 kB
Zswapped:              0 kB
Dirty:             13380 kB
Writeback:             0 kB
AnonPages:      12351452 kB
Mapped:          2590292 kB
Shmem:            540480 kB
KReclaimable:     804728 kB
Slab:             827740 kB
SReclaimable:     458212 kB
SUnreclaim:       369528 kB
KernelStack:       38464 kB
PageTables:       123284 kB
SecPageTables:      5460 kB
NFS_Unstable:          0 kB
Bounce:                0 kB
WritebackTmp:          0 kB
CommitLimit:    24256044 kB
Committed_AS:   48435072 kB
VmallocTotal:   34359738367 kB
VmallocUsed:      139940 kB
VmallocChunk:          0 kB
Percpu:            24128 kB
HardwareCorrupted:     0 kB
AnonHugePages:         0 kB
ShmemHugePages:        0 kB
ShmemPmdMapped:        0 kB
FileHugePages:    331776 kB
FilePmdMapped:      2048 kB
CmaTotal:              0 kB
CmaFree:               0 kB
Unaccepted:            0 kB
Balloon:               0 kB
HugePages_Total:       0
HugePages_Free:        0
HugePages_Rsvd:        0
HugePages_Surp:        0
Hugepagesize:       2048 kB
Hugetlb:               0 kB
DirectMap4k:     1515720 kB
DirectMap2M:    22528000 kB
DirectMap1G:     9437184 kB

/sys/kernel/mm/transparent_hugepage/enabled: always [madvise] never
/sys/kernel/mm/transparent_hugepage/hpage_pmd_size: 2097152
/sys/kernel/mm/transparent_hugepage/defrag (defrag/compaction efforts parameter): always defer defer+madvise [madvise] never

Process Memory:
Virtual Size: 14717696K (peak: 14783204K)
Resident Set Size: 693200K (peak: 716560K) (anon: 612404K, file: 78816K, shmem: 1980K)
Swapped out: 0K
C-Heap outstanding allocations: 230597K, retained: 92546K
glibc malloc tunables: (default)

/proc/sys/kernel/threads-max (system-wide limit on the number of threads): 247577
/proc/sys/vm/max_map_count (maximum number of memory map areas a process may have): 1048576
/proc/sys/vm/swappiness (control to define how aggressively the kernel swaps out anonymous memory): 60
/proc/sys/kernel/pid_max (system-wide limit on number of process identifiers): 4194304

container information not found.
Steal ticks since vm start: 0
Steal ticks percentage since vm start:  0.000

CPU: total 16 (initial active 16) (16 cores per cpu, 2 threads per core) family 23 model 113 stepping 0 microcode 0x8701034, cx8, cmov, fxsr, ht, mmx, 3dnowpref, sse, sse2, sse3, ssse3, sse4a, sse4.1, sse4.2, popcnt, lzcnt, tsc, tscinvbit, avx, avx2, aes, clmul, bmi1, bmi2, adx, sha, fma, vzeroupper, clflush, clflushopt, rdtscp, rdpid, f16c
CPU Model and flags from /proc/cpuinfo:
model name	: AMD Ryzen 7 3800X 8-Core Processor
flags		: fpu vme de pse tsc msr pae mce cx8 apic sep mtrr pge mca cmov pat pse36 clflush mmx fxsr sse sse2 ht syscall nx mmxext fxsr_opt pdpe1gb rdtscp lm constant_tsc rep_good nopl xtopology nonstop_tsc cpuid extd_apicid aperfmperf rapl pni pclmulqdq monitor ssse3 fma cx16 sse4_1 sse4_2 movbe popcnt aes xsave avx f16c rdrand lahf_lm cmp_legacy extapic cr8_legacy abm sse4a misalignsse 3dnowprefetch osvw ibs skinit wdt tce topoext perfctr_core perfctr_nb bpext perfctr_llc mwaitx cpb cat_l3 cdp_l3 hw_pstate ssbd mba ibpb stibp vmmcall fsgsbase bmi1 avx2 smep bmi2 cqm rdt_a rdseed adx smap clflushopt clwb sha_ni xsaveopt xsavec xgetbv1 cqm_llc cqm_occup_llc cqm_mbm_total cqm_mbm_local clzero irperf xsaveerptr rdpru wbnoinvd arat npt lbrv svm_lock nrip_save tsc_scale vmcb_clean flushbyasid decodeassists pausefilter pfthreshold avic v_vmsave_vmload vgif v_spec_ctrl umip rdpid overflow_recov succor smca sev sev_es

Online cpus: 0-15
Offline cpus: 
BIOS frequency limitation: 3900000
Frequency switch latency (ns): 0
Available cpu frequencies: 3900000 2800000 2200000 
Current governor: schedutil
Core performance/turbo boost: 1

Memory: 4k page, physical 31734884k(16732928k free), swap 8388604k(8388604k free)
Page Sizes: 4k

vm_info: OpenJDK 64-Bit Server VM (21.0.12+8-LTS) for linux-amd64 JRE (21.0.12+8-LTS), built on 2026-07-21T00:00:00Z by "admin" with gcc 11.3.0

END.
