#
# A fatal error has been detected by the Java Runtime Environment:
#
#  SIGSEGV (0xb) at pc=0x0000000000000000, pid=54550, tid=54554
#
# JRE version: OpenJDK Runtime Environment Temurin-21.0.12+8 (21.0.12+8) (build 21.0.12+8-LTS)
# Java VM: OpenJDK 64-Bit Server VM Temurin-21.0.12+8 (21.0.12+8-LTS, mixed mode, sharing, tiered, compressed oops, compressed class ptrs, g1 gc, linux-amd64)
# Problematic frame:
# V  [libjvm.so+0x7ea6fe]  void G1CMTask::process_grey_task_entry<true>(G1TaskQueueEntry)+0xce
#
# Core dump will be written. Default location: Determined by the following: "/usr/share/apport/apport -p%p -s%s -c%c -d%d -P%P -u%u -g%g -F%F -- %E" (alternatively, falling back to /home/tillman/Desktop/programmieren/minecraft/MODS/playerTracker/run/core.54550)
#
# If you would like to submit a bug report, please visit:
#   https://github.com/adoptium/adoptium-support/issues
#

---------------  S U M M A R Y ------------

Command Line: -Dfml.modFolders=mcreator%%/home/tillman/Desktop/programmieren/minecraft/MODS/playerTracker/build/classes/java/main:mcreator%%/home/tillman/Desktop/programmieren/minecraft/MODS/playerTracker/build/resources/main --module-path=/home/tillman/.mcreator/gradle/caches/modules-2/files-2.1/cpw.mods/bootstraplauncher/2.0.2/1a2d076cbc33b0520cbacd591224427b2a20047d/bootstraplauncher-2.0.2.jar:/home/tillman/.mcreator/gradle/caches/modules-2/files-2.1/cpw.mods/securejarhandler/3.0.8/c0ef95cecd8699a0449053ac7d9c160748d902cd/securejarhandler-3.0.8.jar:/home/tillman/.mcreator/gradle/caches/modules-2/files-2.1/org.ow2.asm/asm-commons/9.8/36e4d212970388e5bd2c5180292012502df461bb/asm-commons-9.8.jar:/home/tillman/.mcreator/gradle/caches/modules-2/files-2.1/org.ow2.asm/asm-util/9.8/395f1c1f035258511f27bc9b2583d76e4b143f59/asm-util-9.8.jar:/home/tillman/.mcreator/gradle/caches/modules-2/files-2.1/org.ow2.asm/asm-analysis/9.8/b9747a320844b6cb1eacd90d8ecfd260a16c01d3/asm-analysis-9.8.jar:/home/tillman/.mcreator/gradle/caches/modules-2/files-2.1/org.ow2.asm/asm-tree/9.8/18419ca5b77a2f81097c741e7872e6ab8d2f40d/asm-tree-9.8.jar:/home/tillman/.mcreator/gradle/caches/modules-2/files-2.1/org.ow2.asm/asm/9.8/dc19ecb3f7889b7860697215cae99c0f9b6f6b4b/asm-9.8.jar:/home/tillman/.mcreator/gradle/caches/modules-2/files-2.1/net.neoforged/JarJarFileSystems/0.4.1/78f59f89defcd032ed788b151ca6a0d40ace796a/JarJarFileSystems-0.4.1.jar --add-modules=ALL-MODULE-PATH --add-opens=java.base/java.util.jar=cpw.mods.securejarhandler --add-opens=java.base/java.lang.invoke=cpw.mods.securejarhandler --add-exports=java.base/sun.security.util=cpw.mods.securejarhandler --add-exports=jdk.naming.dns/com.sun.jndi.dns=java.naming -Dcom.sun.management.jmxremote.port=1099 -Dcom.sun.management.jmxremote.local.only=true -Dcom.sun.management.jmxremote.ssl=false -Dcom.sun.management.jmxremote.authenticate=false -Dlog4j2.configurationFile=/home/tillman/Desktop/programmieren/minecraft/MODS/playerTracker/build/moddev/clientLog4j2.xml -Djava.net.preferIPv6Addresses=system -DignoreList=mixinextras-neoforge-0.5.3.jar,client-extra,neoforge- -DlegacyClassPath.file=/home/tillman/Desktop/programmieren/minecraft/MODS/playerTracker/build/moddev/clientLegacyClasspath.txt -Dneoforge.enableGameTest=true -Dforge.logging.markers=REGISTRIES -Dfile.encoding=UTF-8 -Duser.country=US -Duser.language=en -Duser.variant net.neoforged.devlaunch.Main @/home/tillman/Desktop/programmieren/minecraft/MODS/playerTracker/build/moddev/clientRunProgramArgs.txt

Host: AMD Ryzen 7 3800X 8-Core Processor, 16 cores, 30G, Ubuntu 26.04 LTS
Time: Wed Aug  5 15:30:07 2026 CEST elapsed time: 5.177488 seconds (0d 0h 0m 5s)

---------------  T H R E A D  ---------------

Current thread (0x000076760006e710):  WorkerThread "G1 Conc#0"      [id=54554, stack(0x00007675deca9000,0x00007675deda9000) (1024K)]

Stack: [0x00007675deca9000,0x00007675deda9000],  sp=0x00007675deda7c40,  free space=1019k
Native frames: (J=compiled Java code, j=interpreted, Vv=VM code, C=native code)
V  [libjvm.so+0x7ea6fe]  void G1CMTask::process_grey_task_entry<true>(G1TaskQueueEntry)+0xce
V  [libjvm.so+0x7e68a0]  G1CMTask::do_marking_step(double, bool, bool)+0x3a0
V  [libjvm.so+0x7eb99d]  G1CMConcurrentMarkingTask::work(unsigned int)+0xdd
V  [libjvm.so+0x105d520]  WorkerThread::run()+0x80
V  [libjvm.so+0xfa1c88]  Thread::call_run()+0xa8
V  [libjvm.so+0xd1385a]  thread_native_entry(Thread*)+0xda
C  [libc.so.6+0xa407a]

siginfo: si_signo: 11 (SIGSEGV), si_code: 1 (SEGV_MAPERR), si_addr: 0x0000000000000000

Registers:
RAX=0x0000767606553680, RBX=0x0000767600073e20, RCX=0x0000000000000411, RDX=0x000076757f011604
RSP=0x00007675deda7c38, RBP=0x00007675deda7c70, RSI=0x0000000623d8b860, RDI=0x00007675deda7cd0
R8 =0x0000000623d8b860, R9 =0x0001000000022001, R10=0x0000000000000000, R11=0x000000061bc00000
R12=0x0000000623d8b860, R13=0x0000000000000000, R14=0x000076757f011604, R15=0x00007675deda7cd0
RIP=0x0000000000000000, EFLAGS=0x0000000000010257, CSGSFS=0x002b000000000033, ERR=0x0000000000000014
  TRAPNO=0x000000000000000e

XMM[0]=0x0000000000000000 0x401874bc6a7ef9e0
XMM[1]=0x0000000000000000 0x0000000000000000
XMM[2]=0x0000000000000000 0x3fe17c7abfb9beec
XMM[3]=0x0000000000000000 0x4022a24669057d16
XMM[4]=0x0000000000000000 0x3fe0000000000000
XMM[5]=0x407859cf55de58eb 0x4047f51eb851eb88
XMM[6]=0x0000000000000000 0x0000767600073e20
XMM[7]=0x000076760650e380 0x0000000000000004
XMM[8]=0xcafebabecafebabe 0xcafebabecafebabe
XMM[9]=0x0020202020202020 0x2000202020202020
XMM[10]=0x3f3f3f3f3f3f3f3f 0x3f3f3f3f3f3f3f3f
XMM[11]=0x9999999999999999 0x9999999999999999
XMM[12]=0x2020202020202020 0x2020202020202020
XMM[13]=0x0000000000000000 0x0000000000000000
XMM[14]=0x0000000000000000 0x0000000000000000
XMM[15]=0xcafebabecafebabe 0xcafebabecafebabe
  MXCSR=0x00001fa2


Register to memory mapping:

RAX=0x0000767606553680: <offset 0x0000000001553680> in /home/tillman/.mcreator/gradle/jdks/eclipse_adoptium-21-amd64-linux.2/lib/server/libjvm.so at 0x0000767605000000
RBX=0x0000767600073e20 points into unknown readable memory: 0x00007676064465e8 | e8 65 44 06 76 76 00 00
RCX=0x0000000000000411 is an unknown value
RDX=0x000076757f011604 is pointing into metadata
RSP=0x00007675deda7c38 points into unknown readable memory: 0x00007676057ea6fe | fe a6 7e 05 76 76 00 00
RBP=0x00007675deda7c70 points into unknown readable memory: 0x00007675deda7d30 | 30 7d da de 75 76 00 00
RSI=
[timeout occurred during error reporting in step "printing register info"] after 30 s.
[stop reattempt (printing register info, attempt 2) reason: Step time limit reached]
Top of Stack: (sp=0x00007675deda7c38)
0x00007675deda7c38:   00007676057ea6fe 000000000000000e   ..~.vv..........
0x00007675deda7c48:   000000000103170c 0000767600073e20   ........ >..vv..
0x00007675deda7c58:   0000000001075930 000076760005da50   0Y......P...vv..
0x00007675deda7c68:   0000000623d8b860 00007675deda7d30   `..#....0}..uv..
0x00007675deda7c78:   00007676057e68a0 3fceeff6c2c18f5e   .h~.vv..^......?
0x00007675deda7c88:   0000000100073e20 3fe0000000000000    >.............?
0x00007675deda7c98:   0000000001d1f68b 0000767600073f58   ........X?..vv..
0x00007675deda7ca8:   0000767600073e20 0000000000000000    >..vv..........
0x00007675deda7cb8:   00000000000003ff 000076760005da40   ........@...vv..
0x00007675deda7cc8:   0000767600073e20 00007676064462f8    >..vv...bD.vv..
0x00007675deda7cd8:   0000767600136e40 0000767500000003   @n..vv......uv..
0x00007675deda7ce8:   0000767600045370 0000767600073e20   pS..vv.. >..vv..
0x00007675deda7cf8:   00007675deea8b40 00007676065735f8   @...uv...5W.vv..
0x00007675deda7d08:   00007675deea8b40 000076760657dea8   @...uv....W.vv..
0x00007675deda7d18:   000076760006eac0 0000767606514f38   ....vv..8OQ.vv..
0x00007675deda7d28:   0000767600073e20 00007675deda7db0    >..vv...}..uv..
0x00007675deda7d38:   00007676057eb99d 000076760006eb00   ..~.vv......vv..
0x00007675deda7d48:   000076760006eb10 00000000000003d8   ....vv..........
0x00007675deda7d58:   000076760006eee8 00000001deea8bd0   ....vv..........
0x00007675deda7d68:   000076760006eb10 000076760006eb00   ....vv......vv..
0x00007675deda7d78:   3fa03dff3f0fe048 00007675deda7dcc   H..?.=.?.}..uv..
0x00007675deda7d88:   000076760006e6b8 00007675deda7dcc   ....vv...}..uv..
0x00007675deda7d98:   000076760006e710 0000000000000001   ....vv..........
0x00007675deda7da8:   0000000000000001 00007675deda7e00   .........~..uv..
0x00007675deda7db8:   000076760605d520 00007675deda7e00    ...vv...~..uv..
0x00007675deda7dc8:   ffffffff05d116d3 23636e6f43203147   ........G1 Conc#
0x00007675deda7dd8:   000076760006f3a0 000076760006e710   ....vv......vv..
0x00007675deda7de8:   00007675deca9000 0000000000100000   ....uv..........
0x00007675deda7df8:   0000767606936687 00007675deda7e60   .f..vv..`~..uv..
0x00007675deda7e08:   0000767605fa1c88 000076760006e710   ....vv......vv..
0x00007675deda7e18:   000076760006f470 0000000000000000   p...vv..........
0x00007675deda7e28:   000076760006e710 00007675deda7e60   ....vv..`~..uv..

Instructions: (pc=0x00007676057ea6fe)
0x00007676057ea5fe:   9e fa ff ff 48 63 33 4c 01 f6 e9 40 fe ff ff 48
0x00007676057ea60e:   8d 05 5c 99 d2 00 be 86 00 00 00 48 8d 3d 08 a6
0x00007676057ea61e:   98 00 48 8b 00 c6 00 58 e8 35 59 ed ff 0f 1f 44
0x00007676057ea62e:   00 00 55 48 89 e5 41 57 41 56 41 55 41 54 49 89
0x00007676057ea63e:   f4 53 48 89 fb 48 83 ec 08 83 e6 01 74 5c 4c 89
0x00007676057ea64e:   e6 48 8d 7f 08 48 83 e6 fe e8 d4 22 00 00 48 03
0x00007676057ea65e:   83 a0 00 00 00 48 89 83 a0 00 00 00 48 39 83 a8
0x00007676057ea66e:   00 00 00 76 10 48 8b 83 c0 00 00 00 48 39 83 b8
0x00007676057ea67e:   00 00 00 72 13 48 89 df e8 65 89 ff ff 84 c0 75
0x00007676057ea68e:   07 c6 83 d0 00 00 00 01 48 83 c4 08 5b 41 5c 41
0x00007676057ea69e:   5d 41 5e 41 5f 5d c3 0f 1f 00 4c 8d 2d 59 b0 d2
0x00007676057ea6ae:   00 41 80 7d 00 00 74 5a 48 8d 05 e3 97 d2 00 45
0x00007676057ea6be:   8b 74 24 08 8b 48 08 49 d3 e6 4c 03 30 41 83 7e
0x00007676057ea6ce:   0c 06 74 4a 4c 8b bb 80 00 00 00 4c 89 f6 4c 89
0x00007676057ea6de:   e7 e8 fc e6 ff ff 49 63 4e 0c 4c 89 f2 4c 89 e6
0x00007676057ea6ee:   49 89 c5 48 8d 05 88 8f d6 00 4c 89 ff ff 14 c8
0x00007676057ea6fe:   48 8b 83 a0 00 00 00 4c 01 e8 e9 56 ff ff ff 0f
0x00007676057ea70e:   1f 00 4d 8b 74 24 08 41 83 7e 0c 06 75 b6 4c 89
0x00007676057ea71e:   e7 e8 fc 2c ff ff 48 3d ff 0f 00 00 77 2c 41 80
0x00007676057ea72e:   7d 00 00 4c 8b bb 80 00 00 00 74 36 48 8d 15 5f
0x00007676057ea73e:   97 d2 00 41 8b 44 24 08 8b 4a 08 48 d3 e0 48 03
0x00007676057ea74e:   02 49 89 c6 eb 85 0f 1f 40 00 48 8d 7b 08 4c 89
0x00007676057ea75e:   e6 e8 ac 1f 00 00 48 03 83 a0 00 00 00 e9 f3 fe
0x00007676057ea76e:   ff ff 4d 8b 74 24 08 e9 5f ff ff ff 66 0f 1f 44
0x00007676057ea77e:   00 00 55 49 89 fa 48 89 e5 48 81 ec d0 00 00 00
0x00007676057ea78e:   48 89 b5 58 ff ff ff 48 89 95 60 ff ff ff 48 89
0x00007676057ea79e:   8d 68 ff ff ff 4c 89 85 70 ff ff ff 4c 89 8d 78
0x00007676057ea7ae:   ff ff ff 84 c0 74 20 0f 29 45 80 0f 29 4d 90 0f
0x00007676057ea7be:   29 55 a0 0f 29 5d b0 0f 29 65 c0 0f 29 6d d0 0f
0x00007676057ea7ce:   29 75 e0 0f 29 7d f0 48 8d 45 10 48 8d 8d 38 ff
0x00007676057ea7de:   ff ff 4c 89 d2 be 03 00 00 00 48 89 85 40 ff ff
0x00007676057ea7ee:   ff 48 8d 3d 2a 3d d5 00 48 8d 85 50 ff ff ff c7


Stack slot to memory mapping:

stack at sp + 0 slots: 0x000000000000000e is an unknown value
stack at sp + 1 slots: 0x000000000103170c is an unknown value
stack at sp + 2 slots: 0x0000767600073e20 points into unknown readable memory: 0x00007676064465e8 | e8 65 44 06 76 76 00 00
stack at sp + 3 slots: 0x0000000001075930 is an unknown value
stack at sp + 4 slots: 0x000076760005da50 points into unknown readable memory: 0x0000767606446658 | 58 66 44 06 76 76 00 00
stack at sp + 5 slots: 
[timeout occurred during error reporting in step "inspecting top of stack"] after 30 s.
[stop reattempt (inspecting top of stack, attempt 2) reason: Step time limit reached]

---------------  P R O C E S S  ---------------

Threads class SMR info:
_java_thread_list=0x00007674a401efd0, length=41, elements={
0x0000767600031eb0, 0x0000767600142c10, 0x0000767600144180, 0x0000767600145910,
0x0000767600146f50, 0x00007676001484f0, 0x000076760014a0b0, 0x000076760014b770,
0x00007675540572d0, 0x0000767600162eb0, 0x00007676001a71f0, 0x00007675580babd0,
0x000076760062f940, 0x0000767600639980, 0x00007676006507f0, 0x000076752c001310,
0x00007674f8005210, 0x00007675380013c0, 0x00007674f0010e50, 0x000076760070d6c0,
0x00007674e8000f60, 0x00007674e80021c0, 0x00007674dc000f60, 0x00007674e8003350,
0x00007674e0000f60, 0x00007674e80044f0, 0x00007674d4000f60, 0x00007674d8000f60,
0x00007674e00021c0, 0x00007674cc000f60, 0x00007674d0000f60, 0x00007674d40021f0,
0x00007674c4000f60, 0x00007674d8002200, 0x0000767600abaf60, 0x0000767600c6f320,
0x0000767601627ba0, 0x000076760162a960, 0x000076760162b700, 0x0000767601ccb5a0,
0x0000767601d68140
}

Java Threads: ( => current thread )
  0x0000767600031eb0 JavaThread "main"                              [_thread_blocked, id=54551, stack(0x000076760683a000,0x000076760693a000) (1024K)]
  0x0000767600142c10 JavaThread "Reference Handler"          daemon [_thread_blocked, id=54559, stack(0x00007675cf300000,0x00007675cf400000) (1024K)]
  0x0000767600144180 JavaThread "Finalizer"                  daemon [_thread_blocked, id=54560, stack(0x00007675cf200000,0x00007675cf300000) (1024K)]
  0x0000767600145910 JavaThread "Signal Dispatcher"          daemon [_thread_blocked, id=54561, stack(0x00007675cf100000,0x00007675cf200000) (1024K)]
  0x0000767600146f50 JavaThread "Service Thread"             daemon [_thread_blocked, id=54562, stack(0x00007675cf000000,0x00007675cf100000) (1024K)]
  0x00007676001484f0 JavaThread "Monitor Deflation Thread"   daemon [_thread_blocked, id=54563, stack(0x00007675cef00000,0x00007675cf000000) (1024K)]
  0x000076760014a0b0 JavaThread "C2 CompilerThread0"         daemon [_thread_blocked, id=54564, stack(0x00007675cee00000,0x00007675cef00000) (1024K)]
  0x000076760014b770 JavaThread "C1 CompilerThread0"         daemon [_thread_blocked, id=54565, stack(0x00007675ced00000,0x00007675cee00000) (1024K)]
  0x00007675540572d0 JavaThread "C1 CompilerThread1"         daemon [_thread_blocked, id=54566, stack(0x00007675ceb30000,0x00007675cec30000) (1024K)]
  0x0000767600162eb0 JavaThread "Common-Cleaner"             daemon [_thread_blocked, id=54567, stack(0x00007675cea30000,0x00007675ceb30000) (1024K)]
  0x00007676001a71f0 JavaThread "Notification Thread"        daemon [_thread_blocked, id=54569, stack(0x00007675ce830000,0x00007675ce930000) (1024K)]
  0x00007675580babd0 JavaThread "C1 CompilerThread2"         daemon [_thread_blocked, id=54573, stack(0x00007675ce430000,0x00007675ce530000) (1024K)]
  0x000076760062f940 JavaThread "RMI TCP Accept-0"           daemon [_thread_blocked, id=54574, stack(0x00007675ce1c7000,0x00007675ce2c7000) (1024K)]
  0x0000767600639980 JavaThread "RMI TCP Accept-1099"        daemon [_thread_in_native, id=54575, stack(0x00007675ce330000,0x00007675ce430000) (1024K)]
  0x00007676006507f0 JavaThread "RMI TCP Accept-0"           daemon [_thread_in_native, id=54576, stack(0x00007675ce0c7000,0x00007675ce1c7000) (1024K)]
  0x000076752c001310 JavaThread "RMI TCP Connection(1)-127.0.0.1" daemon [_thread_blocked, id=54590, stack(0x00007675cce09000,0x00007675ccf09000) (1024K)]
  0x00007674f8005210 JavaThread "RMI Scheduler(0)"           daemon [_thread_blocked, id=54593, stack(0x00007675ccfa2000,0x00007675cd0a2000) (1024K)]
  0x00007675380013c0 JavaThread "RMI TCP Connection(2)-127.0.0.1" daemon [_thread_blocked, id=54594, stack(0x00007675ccd09000,0x00007675cce09000) (1024K)]
  0x00007674f0010e50 JavaThread "JMX server connection timeout 45" daemon [_thread_blocked, id=54595, stack(0x00007675ccc09000,0x00007675ccd09000) (1024K)]
  0x000076760070d6c0 JavaThread "ForkJoinPool.commonPool-worker-1" daemon [_thread_blocked, id=54597, stack(0x00007675cd15a000,0x00007675cd25a000) (1024K)]
  0x00007674e8000f60 JavaThread "ForkJoinPool.commonPool-worker-2" daemon [_thread_blocked, id=54598, stack(0x00007675ccb09000,0x00007675ccc09000) (1024K)]
  0x00007674e80021c0 JavaThread "ForkJoinPool.commonPool-worker-3" daemon [_thread_blocked, id=54599, stack(0x00007675cca09000,0x00007675ccb09000) (1024K)]
  0x00007674dc000f60 JavaThread "ForkJoinPool.commonPool-worker-4" daemon [_thread_blocked, id=54600, stack(0x00007675cc909000,0x00007675cca09000) (1024K)]
  0x00007674e8003350 JavaThread "ForkJoinPool.commonPool-worker-5" daemon [_thread_blocked, id=54601, stack(0x00007675cc809000,0x00007675cc909000) (1024K)]
  0x00007674e0000f60 JavaThread "ForkJoinPool.commonPool-worker-6" daemon [_thread_blocked, id=54602, stack(0x00007675cc709000,0x00007675cc809000) (1024K)]
  0x00007674e80044f0 JavaThread "ForkJoinPool.commonPool-worker-8" daemon [_thread_blocked, id=54603, stack(0x00007675cc609000,0x00007675cc709000) (1024K)]
  0x00007674d4000f60 JavaThread "ForkJoinPool.commonPool-worker-7" daemon [_thread_blocked, id=54604, stack(0x00007675cc509000,0x00007675cc609000) (1024K)]
  0x00007674d8000f60 JavaThread "ForkJoinPool.commonPool-worker-9" daemon [_thread_blocked, id=54605, stack(0x00007675cc409000,0x00007675cc509000) (1024K)]
  0x00007674e00021c0 JavaThread "ForkJoinPool.commonPool-worker-10" daemon [_thread_blocked, id=54606, stack(0x00007675cc309000,0x00007675cc409000) (1024K)]
  0x00007674cc000f60 JavaThread "ForkJoinPool.commonPool-worker-11" daemon [_thread_blocked, id=54607, stack(0x00007675cc209000,0x00007675cc309000) (1024K)]
  0x00007674d0000f60 JavaThread "ForkJoinPool.commonPool-worker-12" daemon [_thread_blocked, id=54608, stack(0x00007675cc109000,0x00007675cc209000) (1024K)]
  0x00007674d40021f0 JavaThread "ForkJoinPool.commonPool-worker-13" daemon [_thread_blocked, id=54609, stack(0x00007675cc009000,0x00007675cc109000) (1024K)]
  0x00007674c4000f60 JavaThread "ForkJoinPool.commonPool-worker-14" daemon [_thread_blocked, id=54610, stack(0x000076757af00000,0x000076757b000000) (1024K)]
  0x00007674d8002200 JavaThread "ForkJoinPool.commonPool-worker-15" daemon [_thread_blocked, id=54611, stack(0x000076757ae00000,0x000076757af00000) (1024K)]
  0x0000767600abaf60 JavaThread "process reaper"             daemon [_thread_blocked, id=54614, stack(0x00007675dc025000,0x00007675dc047000) (136K)]
  0x0000767600c6f320 JavaThread "pool-2-thread-1"            daemon [_thread_blocked, id=54617, stack(0x000076757ac00000,0x000076757ad00000) (1024K)]
  0x0000767601627ba0 JavaThread "background-scan-handler-0"  daemon [_thread_blocked, id=54632, stack(0x00007675ce530000,0x00007675ce630000) (1024K)]
  0x000076760162a960 JavaThread "background-scan-handler-1"  daemon [_thread_blocked, id=54633, stack(0x00007675cd45a000,0x00007675cd55a000) (1024K)]
  0x000076760162b700 JavaThread "background-scan-handler-2"  daemon [_thread_blocked, id=54634, stack(0x00007675cd35a000,0x00007675cd45a000) (1024K)]
  0x0000767601ccb5a0 JavaThread "JNA Cleaner"                daemon [_thread_blocked, id=54642, stack(0x00007674946fe000,0x00007674947fe000) (1024K)]
  0x0000767601d68140 JavaThread "pool-7-thread-1"                   [_thread_blocked, id=54651, stack(0x0000767494aff000,0x0000767494bff000) (1024K)]
Total: 41

Other Threads:
  0x0000767600139800 VMThread "VM Thread"                           [id=54558, stack(0x00007675cf9fb000,0x00007675cfafb000) (1024K)]
  0x0000767600127bd0 WatcherThread "VM Periodic Task Thread"        [id=54557, stack(0x00007675cfafc000,0x00007675cfbfc000) (1024K)]
  0x000076760005cf20 WorkerThread "GC Thread#0"                     [id=54552, stack(0x00007675deeab000,0x00007675defab000) (1024K)]
  0x0000767574008ad0 WorkerThread "GC Thread#1"                     [id=54577, stack(0x00007675cdfc7000,0x00007675ce0c7000) (1024K)]
  0x00007675740095c0 WorkerThread "GC Thread#2"                     [id=54578, stack(0x00007675cdec6000,0x00007675cdfc6000) (1024K)]
  0x000076757400a0b0 WorkerThread "GC Thread#3"                     [id=54579, stack(0x00007675cddc5000,0x00007675cdec5000) (1024K)]
  0x000076757400aba0 WorkerThread "GC Thread#4"                     [id=54580, stack(0x00007675cdcc4000,0x00007675cddc4000) (1024K)]
  0x000076757400b690 WorkerThread "GC Thread#5"                     [id=54581, stack(0x00007675cdbc3000,0x00007675cdcc3000) (1024K)]
  0x000076757400c180 WorkerThread "GC Thread#6"                     [id=54582, stack(0x00007675cdac2000,0x00007675cdbc2000) (1024K)]
  0x000076757400cc70 WorkerThread "GC Thread#7"                     [id=54583, stack(0x00007675cd9c1000,0x00007675cdac1000) (1024K)]
  0x000076757400d760 WorkerThread "GC Thread#8"                     [id=54584, stack(0x00007675cd8c0000,0x00007675cd9c0000) (1024K)]
  0x000076757400e290 WorkerThread "GC Thread#9"                     [id=54585, stack(0x00007675cd7bf000,0x00007675cd8bf000) (1024K)]
  0x000076757400edc0 WorkerThread "GC Thread#10"                    [id=54586, stack(0x00007675cd6be000,0x00007675cd7be000) (1024K)]
  0x0000767574012500 WorkerThread "GC Thread#11"                    [id=54629, stack(0x00007674a0700000,0x00007674a0800000) (1024K)]
  0x0000767574015f50 WorkerThread "GC Thread#12"                    [id=54639, stack(0x00007674948ff000,0x00007674949ff000) (1024K)]
  0x000076760006d770 ConcurrentGCThread "G1 Main Marker"            [id=54553, stack(0x00007675dedaa000,0x00007675deeaa000) (1024K)]
=>0x000076760006e710 WorkerThread "G1 Conc#0"                       [id=54554, stack(0x00007675deca9000,0x00007675deda9000) (1024K)]
  0x00007675d0000d00 WorkerThread "G1 Conc#1"                       [id=54627, stack(0x00007675cd564000,0x00007675cd664000) (1024K)]
  0x00007675d00015e0 WorkerThread "G1 Conc#2"                       [id=54628, stack(0x00007674a0c5d000,0x00007674a0d5d000) (1024K)]
  0x00007676001154b0 ConcurrentGCThread "G1 Refine#0"               [id=54555, stack(0x00007675cfcfe000,0x00007675cfdfe000) (1024K)]
  0x0000767600116470 ConcurrentGCThread "G1 Service"                [id=54556, stack(0x00007675cfbfd000,0x00007675cfcfd000) (1024K)]
Total: 21

Threads with active compile tasks:
C1 CompilerThread0  65375 9761       3       java.util.stream.SortedOps$AbstractRefSortingSink::cancellationRequested (7 bytes)
C1 CompilerThread1  65375 9748       3       net.neoforged.fml.earlydisplay.RenderElement$Renderer::then (14 bytes)
C1 CompilerThread2  65375 9759   !   3       java.io.ObjectOutputStream::defaultWriteFields (288 bytes)
Total: 3

VM state: not at safepoint (normal execution)

VM Mutex/Monitor currently owned by a thread:  ([mutex/lock_event])
[0x0000767606570df8] Heap_lock - owner thread: 0x0000767601d68140

Heap address: 0x000000061bc00000, size: 7748 MB, Compressed Oops mode: Zero based, Oop shift amount: 3

CDS archive(s) mapped at: [0x000076757f000000-0x000076757fc9c000-0x000076757fc9c000), size 13221888, SharedBaseAddress: 0x000076757f000000, ArchiveRelocationMode: 1.
Compressed class space mapped at: 0x0000767580000000-0x00007675c0000000, reserved size: 1073741824
Narrow klass base: 0x000076757f000000, Narrow klass shift: 0, Narrow klass range: 0x100000000

GC Precious Log:
 CardTable entry size: 512
 Card Set container configuration: InlinePtr #cards 4 size 8 Array Of Cards #cards 32 size 80 Howl #buckets 8 coarsen threshold 7372 Howl Bitmap #cards 1024 size 144 coarsen threshold 921 Card regions per heap region 1 cards per card region 8192
 CPUs: 16 total, 16 available
 Memory: 30991M
 Large Page Support: Disabled
 NUMA Support: Disabled
 Compressed Oops: Enabled (Zero based)
 Heap Region Size: 4M
 Heap Min Capacity: 8M
 Heap Initial Capacity: 488M
 Heap Max Capacity: 7748M
 Pre-touch: Disabled
 Parallel Workers: 13
 Concurrent Workers: 3
 Concurrent Refinement Workers: 13
 Periodic GC: Disabled

Heap:
 garbage-first heap   total 466944K, used 158193K [0x000000061bc00000, 0x0000000800000000)
  region size 4096K, 8 young (32768K), 4 survivors (16384K)
 Metaspace       used 60944K, committed 61696K, reserved 1114112K
  class space    used 8669K, committed 9024K, reserved 1048576K

Heap Regions: E=young(eden), S=young(survivor), O=old, HS=humongous(starts), HC=humongous(continues), CS=collection set, F=free, TAMS=top-at-mark-start, PB=parsable bottom
|   0|0x000000061bc00000, 0x000000061c000000, 0x000000061c000000|100%| O|  |TAMS 0x000000061c000000| PB 0x000000061bc00000| Untracked 
|   1|0x000000061c000000, 0x000000061c400000, 0x000000061c400000|100%| O|  |TAMS 0x000000061c400000| PB 0x000000061c000000| Untracked 
|   2|0x000000061c400000, 0x000000061c6cfb60, 0x000000061c800000| 70%| O|  |TAMS 0x000000061c6cfb60| PB 0x000000061c400000| Untracked 
|   3|0x000000061c800000, 0x000000061cc00000, 0x000000061cc00000|100%| O|  |TAMS 0x000000061cc00000| PB 0x000000061c800000| Untracked 
|   4|0x000000061cc00000, 0x000000061d000000, 0x000000061d000000|100%| O|  |TAMS 0x000000061d000000| PB 0x000000061cc00000| Untracked 
|   5|0x000000061d000000, 0x000000061d400000, 0x000000061d400000|100%| O|  |TAMS 0x000000061d400000| PB 0x000000061d000000| Untracked 
|   6|0x000000061d400000, 0x000000061d800000, 0x000000061d800000|100%| O|  |TAMS 0x000000061d800000| PB 0x000000061d400000| Untracked 
|   7|0x000000061d800000, 0x000000061dc00000, 0x000000061dc00000|100%| O|  |TAMS 0x000000061dc00000| PB 0x000000061d800000| Untracked 
|   8|0x000000061dc00000, 0x000000061e000000, 0x000000061e000000|100%| O|  |TAMS 0x000000061e000000| PB 0x000000061dc00000| Untracked 
|   9|0x000000061e000000, 0x000000061e400000, 0x000000061e400000|100%| O|  |TAMS 0x000000061e400000| PB 0x000000061e000000| Untracked 
|  10|0x000000061e400000, 0x000000061e800000, 0x000000061e800000|100%| O|  |TAMS 0x000000061e800000| PB 0x000000061e400000| Untracked 
|  11|0x000000061e800000, 0x000000061ec00000, 0x000000061ec00000|100%| O|  |TAMS 0x000000061ec00000| PB 0x000000061e800000| Untracked 
|  12|0x000000061ec00000, 0x000000061f000000, 0x000000061f000000|100%| O|  |TAMS 0x000000061f000000| PB 0x000000061ec00000| Untracked 
|  13|0x000000061f000000, 0x000000061f400000, 0x000000061f400000|100%| O|  |TAMS 0x000000061f400000| PB 0x000000061f000000| Untracked 
|  14|0x000000061f400000, 0x000000061f800000, 0x000000061f800000|100%| O|  |TAMS 0x000000061f800000| PB 0x000000061f400000| Untracked 
|  15|0x000000061f800000, 0x000000061fc00000, 0x000000061fc00000|100%| O|  |TAMS 0x000000061fc00000| PB 0x000000061f800000| Untracked 
|  16|0x000000061fc00000, 0x0000000620000000, 0x0000000620000000|100%|HS|  |TAMS 0x0000000620000000| PB 0x000000061fc00000| Complete 
|  17|0x0000000620000000, 0x0000000620400000, 0x0000000620400000|100%|HC|  |TAMS 0x0000000620400000| PB 0x0000000620000000| Complete 
|  18|0x0000000620400000, 0x0000000620800000, 0x0000000620800000|100%|HC|  |TAMS 0x0000000620800000| PB 0x0000000620400000| Complete 
|  19|0x0000000620800000, 0x0000000620c00000, 0x0000000620c00000|100%| O|  |TAMS 0x0000000620c00000| PB 0x0000000620800000| Untracked 
|  20|0x0000000620c00000, 0x0000000621000000, 0x0000000621000000|100%| O|  |TAMS 0x0000000621000000| PB 0x0000000620c00000| Untracked 
|  21|0x0000000621000000, 0x0000000621400000, 0x0000000621400000|100%| O|  |TAMS 0x0000000621400000| PB 0x0000000621000000| Untracked 
|  22|0x0000000621400000, 0x0000000621800000, 0x0000000621800000|100%| O|  |TAMS 0x0000000621800000| PB 0x0000000621400000| Untracked 
|  23|0x0000000621800000, 0x0000000621c00000, 0x0000000621c00000|100%| O|  |TAMS 0x0000000621c00000| PB 0x0000000621800000| Untracked 
|  24|0x0000000621c00000, 0x0000000622000000, 0x0000000622000000|100%| O|  |TAMS 0x0000000622000000| PB 0x0000000621c00000| Untracked 
|  25|0x0000000622000000, 0x0000000622400000, 0x0000000622400000|100%| O|  |TAMS 0x0000000622400000| PB 0x0000000622000000| Untracked 
|  26|0x0000000622400000, 0x0000000622800000, 0x0000000622800000|100%| O|  |TAMS 0x0000000622800000| PB 0x0000000622400000| Untracked 
|  27|0x0000000622800000, 0x0000000622c00000, 0x0000000622c00000|100%| O|  |TAMS 0x0000000622c00000| PB 0x0000000622800000| Untracked 
|  28|0x0000000622c00000, 0x0000000622c00000, 0x0000000623000000|  0%| F|  |TAMS 0x0000000622c00000| PB 0x0000000622c00000| Untracked 
|  29|0x0000000623000000, 0x0000000623000000, 0x0000000623400000|  0%| F|  |TAMS 0x0000000623000000| PB 0x0000000623000000| Untracked 
|  30|0x0000000623400000, 0x0000000623400000, 0x0000000623800000|  0%| F|  |TAMS 0x0000000623400000| PB 0x0000000623400000| Untracked 
|  31|0x0000000623800000, 0x0000000623c00000, 0x0000000623c00000|100%| O|  |TAMS 0x0000000623c00000| PB 0x0000000623800000| Untracked 
|  32|0x0000000623c00000, 0x0000000623fac980, 0x0000000624000000| 91%| O|  |TAMS 0x0000000623fac980| PB 0x0000000623c00000| Untracked 
|  33|0x0000000624000000, 0x0000000624000000, 0x0000000624400000|  0%| F|  |TAMS 0x0000000624000000| PB 0x0000000624000000| Untracked 
|  34|0x0000000624400000, 0x0000000624400000, 0x0000000624800000|  0%| F|  |TAMS 0x0000000624400000| PB 0x0000000624400000| Untracked 
|  35|0x0000000624800000, 0x0000000624800000, 0x0000000624c00000|  0%| F|  |TAMS 0x0000000624800000| PB 0x0000000624800000| Untracked 
|  36|0x0000000624c00000, 0x0000000624c00000, 0x0000000625000000|  0%| F|  |TAMS 0x0000000624c00000| PB 0x0000000624c00000| Untracked 
|  37|0x0000000625000000, 0x0000000625000000, 0x0000000625400000|  0%| F|  |TAMS 0x0000000625000000| PB 0x0000000625000000| Untracked 
|  38|0x0000000625400000, 0x0000000625400000, 0x0000000625800000|  0%| F|  |TAMS 0x0000000625400000| PB 0x0000000625400000| Untracked 
|  39|0x0000000625800000, 0x0000000625800000, 0x0000000625c00000|  0%| F|  |TAMS 0x0000000625800000| PB 0x0000000625800000| Untracked 
|  40|0x0000000625c00000, 0x0000000625c00000, 0x0000000626000000|  0%| F|  |TAMS 0x0000000625c00000| PB 0x0000000625c00000| Untracked 
|  41|0x0000000626000000, 0x0000000626000000, 0x0000000626400000|  0%| F|  |TAMS 0x0000000626000000| PB 0x0000000626000000| Untracked 
|  42|0x0000000626400000, 0x0000000626400000, 0x0000000626800000|  0%| F|  |TAMS 0x0000000626400000| PB 0x0000000626400000| Untracked 
|  43|0x0000000626800000, 0x0000000626800000, 0x0000000626c00000|  0%| F|  |TAMS 0x0000000626800000| PB 0x0000000626800000| Untracked 
|  44|0x0000000626c00000, 0x0000000626c00000, 0x0000000627000000|  0%| F|  |TAMS 0x0000000626c00000| PB 0x0000000626c00000| Untracked 
|  45|0x0000000627000000, 0x0000000627000000, 0x0000000627400000|  0%| F|  |TAMS 0x0000000627000000| PB 0x0000000627000000| Untracked 
|  46|0x0000000627400000, 0x0000000627400000, 0x0000000627800000|  0%| F|  |TAMS 0x0000000627400000| PB 0x0000000627400000| Untracked 
|  47|0x0000000627800000, 0x0000000627800000, 0x0000000627c00000|  0%| F|  |TAMS 0x0000000627800000| PB 0x0000000627800000| Untracked 
|  48|0x0000000627c00000, 0x0000000627c00000, 0x0000000628000000|  0%| F|  |TAMS 0x0000000627c00000| PB 0x0000000627c00000| Untracked 
|  49|0x0000000628000000, 0x0000000628000000, 0x0000000628400000|  0%| F|  |TAMS 0x0000000628000000| PB 0x0000000628000000| Untracked 
|  50|0x0000000628400000, 0x0000000628400000, 0x0000000628800000|  0%| F|  |TAMS 0x0000000628400000| PB 0x0000000628400000| Untracked 
|  51|0x0000000628800000, 0x0000000628800000, 0x0000000628c00000|  0%| F|  |TAMS 0x0000000628800000| PB 0x0000000628800000| Untracked 
|  52|0x0000000628c00000, 0x0000000628c00000, 0x0000000629000000|  0%| F|  |TAMS 0x0000000628c00000| PB 0x0000000628c00000| Untracked 
|  53|0x0000000629000000, 0x0000000629000000, 0x0000000629400000|  0%| F|  |TAMS 0x0000000629000000| PB 0x0000000629000000| Untracked 
|  54|0x0000000629400000, 0x0000000629400000, 0x0000000629800000|  0%| F|  |TAMS 0x0000000629400000| PB 0x0000000629400000| Untracked 
|  55|0x0000000629800000, 0x0000000629800000, 0x0000000629c00000|  0%| F|  |TAMS 0x0000000629800000| PB 0x0000000629800000| Untracked 
|  56|0x0000000629c00000, 0x0000000629c00000, 0x000000062a000000|  0%| F|  |TAMS 0x0000000629c00000| PB 0x0000000629c00000| Untracked 
|  57|0x000000062a000000, 0x000000062a000000, 0x000000062a400000|  0%| F|  |TAMS 0x000000062a000000| PB 0x000000062a000000| Untracked 
|  58|0x000000062a400000, 0x000000062a400000, 0x000000062a800000|  0%| F|  |TAMS 0x000000062a400000| PB 0x000000062a400000| Untracked 
|  59|0x000000062a800000, 0x000000062a800000, 0x000000062ac00000|  0%| F|  |TAMS 0x000000062a800000| PB 0x000000062a800000| Untracked 
|  60|0x000000062ac00000, 0x000000062ac00000, 0x000000062b000000|  0%| F|  |TAMS 0x000000062ac00000| PB 0x000000062ac00000| Untracked 
|  61|0x000000062b000000, 0x000000062b000000, 0x000000062b400000|  0%| F|  |TAMS 0x000000062b000000| PB 0x000000062b000000| Untracked 
|  62|0x000000062b400000, 0x000000062b400000, 0x000000062b800000|  0%| F|  |TAMS 0x000000062b400000| PB 0x000000062b400000| Untracked 
|  63|0x000000062b800000, 0x000000062b800000, 0x000000062bc00000|  0%| F|  |TAMS 0x000000062b800000| PB 0x000000062b800000| Untracked 
|  64|0x000000062bc00000, 0x000000062bc00000, 0x000000062c000000|  0%| F|  |TAMS 0x000000062bc00000| PB 0x000000062bc00000| Untracked 
|  65|0x000000062c000000, 0x000000062c000000, 0x000000062c400000|  0%| F|  |TAMS 0x000000062c000000| PB 0x000000062c000000| Untracked 
|  66|0x000000062c400000, 0x000000062c400000, 0x000000062c800000|  0%| F|  |TAMS 0x000000062c400000| PB 0x000000062c400000| Untracked 
|  67|0x000000062c800000, 0x000000062c800000, 0x000000062cc00000|  0%| F|  |TAMS 0x000000062c800000| PB 0x000000062c800000| Untracked 
|  68|0x000000062cc00000, 0x000000062cc00000, 0x000000062d000000|  0%| F|  |TAMS 0x000000062cc00000| PB 0x000000062cc00000| Untracked 
|  69|0x000000062d000000, 0x000000062d000000, 0x000000062d400000|  0%| F|  |TAMS 0x000000062d000000| PB 0x000000062d000000| Untracked 
|  70|0x000000062d400000, 0x000000062d400000, 0x000000062d800000|  0%| F|  |TAMS 0x000000062d400000| PB 0x000000062d400000| Untracked 
|  71|0x000000062d800000, 0x000000062d800000, 0x000000062dc00000|  0%| F|  |TAMS 0x000000062d800000| PB 0x000000062d800000| Untracked 
|  72|0x000000062dc00000, 0x000000062dc00000, 0x000000062e000000|  0%| F|  |TAMS 0x000000062dc00000| PB 0x000000062dc00000| Untracked 
|  73|0x000000062e000000, 0x000000062e000000, 0x000000062e400000|  0%| F|  |TAMS 0x000000062e000000| PB 0x000000062e000000| Untracked 
|  74|0x000000062e400000, 0x000000062e800000, 0x000000062e800000|100%| S|CS|TAMS 0x000000062e400000| PB 0x000000062e400000| Complete 
|  75|0x000000062e800000, 0x000000062ec00000, 0x000000062ec00000|100%| S|CS|TAMS 0x000000062e800000| PB 0x000000062e800000| Complete 
|  76|0x000000062ec00000, 0x000000062f000000, 0x000000062f000000|100%| S|CS|TAMS 0x000000062ec00000| PB 0x000000062ec00000| Complete 
|  77|0x000000062f000000, 0x000000062f400000, 0x000000062f400000|100%| S|CS|TAMS 0x000000062f000000| PB 0x000000062f000000| Complete 
|  78|0x000000062f400000, 0x000000062f400000, 0x000000062f800000|  0%| F|  |TAMS 0x000000062f400000| PB 0x000000062f400000| Untracked 
|  79|0x000000062f800000, 0x000000062f800000, 0x000000062fc00000|  0%| F|  |TAMS 0x000000062f800000| PB 0x000000062f800000| Untracked 
|  80|0x000000062fc00000, 0x000000062fc00000, 0x0000000630000000|  0%| F|  |TAMS 0x000000062fc00000| PB 0x000000062fc00000| Untracked 
|  81|0x0000000630000000, 0x0000000630000000, 0x0000000630400000|  0%| F|  |TAMS 0x0000000630000000| PB 0x0000000630000000| Untracked 
|  82|0x0000000630400000, 0x0000000630400000, 0x0000000630800000|  0%| F|  |TAMS 0x0000000630400000| PB 0x0000000630400000| Untracked 
|  83|0x0000000630800000, 0x0000000630800000, 0x0000000630c00000|  0%| F|  |TAMS 0x0000000630800000| PB 0x0000000630800000| Untracked 
|  84|0x0000000630c00000, 0x0000000630c00000, 0x0000000631000000|  0%| F|  |TAMS 0x0000000630c00000| PB 0x0000000630c00000| Untracked 
|  85|0x0000000631000000, 0x0000000631000000, 0x0000000631400000|  0%| F|  |TAMS 0x0000000631000000| PB 0x0000000631000000| Untracked 
|  86|0x0000000631400000, 0x0000000631400000, 0x0000000631800000|  0%| F|  |TAMS 0x0000000631400000| PB 0x0000000631400000| Untracked 
|  87|0x0000000631800000, 0x0000000631800000, 0x0000000631c00000|  0%| F|  |TAMS 0x0000000631800000| PB 0x0000000631800000| Untracked 
|  88|0x0000000631c00000, 0x0000000631c00000, 0x0000000632000000|  0%| F|  |TAMS 0x0000000631c00000| PB 0x0000000631c00000| Untracked 
|  89|0x0000000632000000, 0x0000000632000000, 0x0000000632400000|  0%| F|  |TAMS 0x0000000632000000| PB 0x0000000632000000| Untracked 
|  90|0x0000000632400000, 0x0000000632400000, 0x0000000632800000|  0%| F|  |TAMS 0x0000000632400000| PB 0x0000000632400000| Untracked 
|  91|0x0000000632800000, 0x0000000632800000, 0x0000000632c00000|  0%| F|  |TAMS 0x0000000632800000| PB 0x0000000632800000| Untracked 
|  92|0x0000000632c00000, 0x0000000632c00000, 0x0000000633000000|  0%| F|  |TAMS 0x0000000632c00000| PB 0x0000000632c00000| Untracked 
|  93|0x0000000633000000, 0x0000000633000000, 0x0000000633400000|  0%| F|  |TAMS 0x0000000633000000| PB 0x0000000633000000| Untracked 
|  94|0x0000000633400000, 0x0000000633400000, 0x0000000633800000|  0%| F|  |TAMS 0x0000000633400000| PB 0x0000000633400000| Untracked 
|  95|0x0000000633800000, 0x0000000633800000, 0x0000000633c00000|  0%| F|  |TAMS 0x0000000633800000| PB 0x0000000633800000| Untracked 
|  96|0x0000000633c00000, 0x0000000633c00000, 0x0000000634000000|  0%| F|  |TAMS 0x0000000633c00000| PB 0x0000000633c00000| Untracked 
|  97|0x0000000634000000, 0x0000000634000000, 0x0000000634400000|  0%| F|  |TAMS 0x0000000634000000| PB 0x0000000634000000| Untracked 
|  98|0x0000000634400000, 0x0000000634400000, 0x0000000634800000|  0%| F|  |TAMS 0x0000000634400000| PB 0x0000000634400000| Untracked 
|  99|0x0000000634800000, 0x0000000634800000, 0x0000000634c00000|  0%| F|  |TAMS 0x0000000634800000| PB 0x0000000634800000| Untracked 
| 100|0x0000000634c00000, 0x0000000634c00000, 0x0000000635000000|  0%| F|  |TAMS 0x0000000634c00000| PB 0x0000000634c00000| Untracked 
| 101|0x0000000635000000, 0x0000000635000000, 0x0000000635400000|  0%| F|  |TAMS 0x0000000635000000| PB 0x0000000635000000| Untracked 
| 102|0x0000000635400000, 0x0000000635400000, 0x0000000635800000|  0%| F|  |TAMS 0x0000000635400000| PB 0x0000000635400000| Untracked 
| 103|0x0000000635800000, 0x0000000635800000, 0x0000000635c00000|  0%| F|  |TAMS 0x0000000635800000| PB 0x0000000635800000| Untracked 
| 104|0x0000000635c00000, 0x0000000635c00000, 0x0000000636000000|  0%| F|  |TAMS 0x0000000635c00000| PB 0x0000000635c00000| Untracked 
| 105|0x0000000636000000, 0x0000000636000000, 0x0000000636400000|  0%| F|  |TAMS 0x0000000636000000| PB 0x0000000636000000| Untracked 
| 106|0x0000000636400000, 0x0000000636400000, 0x0000000636800000|  0%| F|  |TAMS 0x0000000636400000| PB 0x0000000636400000| Untracked 
| 107|0x0000000636800000, 0x0000000636800000, 0x0000000636c00000|  0%| F|  |TAMS 0x0000000636800000| PB 0x0000000636800000| Untracked 
| 108|0x0000000636c00000, 0x0000000637000000, 0x0000000637000000|100%| E|  |TAMS 0x0000000636c00000| PB 0x0000000636c00000| Complete 
| 109|0x0000000637000000, 0x0000000637400000, 0x0000000637400000|100%| E|CS|TAMS 0x0000000637000000| PB 0x0000000637000000| Complete 
| 121|0x000000063a000000, 0x000000063a400000, 0x000000063a400000|100%| E|CS|TAMS 0x000000063a000000| PB 0x000000063a000000| Complete 
|1934|0x00000007ff400000, 0x00000007ff800000, 0x00000007ff800000|100%| O|  |TAMS 0x00000007ff800000| PB 0x00000007ff400000| Untracked 
|1935|0x00000007ff800000, 0x00000007ffc00000, 0x00000007ffc00000|100%| O|  |TAMS 0x00000007ffc00000| PB 0x00000007ff800000| Untracked 
|1936|0x00000007ffc00000, 0x0000000800000000, 0x0000000800000000|100%| E|CS|TAMS 0x00000007ffc00000| PB 0x00000007ffc00000| Complete 

Card table byte_map: [0x00007675e68bb000,0x00007675e77dd000] _byte_map_base: 0x00007675e37dd000

Marking Bits: (CMBitMap*) 0x000076760005da50
 Bits: [0x00007675defab000, 0x00007675e68bb000)

Polling page: 0x000076760695b000

Metaspace:

Usage:
  Non-class:     51.05 MB used.
      Class:      8.47 MB used.
       Both:     59.52 MB used.

Virtual space:
  Non-class space:       64.00 MB reserved,      51.44 MB ( 80%) committed,  1 nodes.
      Class space:        1.00 GB reserved,       8.81 MB ( <1%) committed,  1 nodes.
             Both:        1.06 GB reserved,      60.25 MB (  6%) committed. 

Chunk freelists:
   Non-Class:  11.75 MB
       Class:  7.02 MB
        Both:  18.77 MB

MaxMetaspaceSize: unlimited
CompressedClassSpaceSize: 1.00 GB
Initial GC threshold: 21.00 MB
Current GC threshold: 60.25 MB
CDS: on
 - commit_granule_bytes: 65536.
 - commit_granule_words: 8192.
 - virtual_space_node_default_size: 8388608.
 - enlarge_chunks_in_place: 1.
 - use_allocation_guard: 0.


Internal statistics:

num_allocs_failed_limit: 34.
num_arena_births: 1178.
num_arena_deaths: 0.
num_vsnodes_births: 2.
num_vsnodes_deaths: 0.
num_space_committed: 958.
num_space_uncommitted: 0.
num_chunks_returned_to_freelist: 34.
num_chunks_taken_from_freelist: 3497.
num_chunk_merges: 23.
num_chunk_splits: 2298.
num_chunks_enlarged: 1505.
num_inconsistent_stats: 0.

CodeHeap 'non-profiled nmethods': size=119168Kb used=8563Kb max_used=8563Kb free=110604Kb
 bounds [0x00007675f03a0000, 0x00007675f0c00000, 0x00007675f7800000]
CodeHeap 'profiled nmethods': size=119164Kb used=17092Kb max_used=17092Kb free=102071Kb
 bounds [0x00007675e8800000, 0x00007675e98c0000, 0x00007675efc5f000]
CodeHeap 'non-nmethods': size=7428Kb used=3740Kb max_used=4370Kb free=3687Kb
 bounds [0x00007675efc5f000, 0x00007675f00bf000, 0x00007675f03a0000]
CodeCache: size=245760Kb, used=29395Kb, max_used=30025Kb, free=216362Kb
 total_blobs=10599, nmethods=9064, adapters=1438, full_count=0
Compilation: enabled, stopped_count=0, restarted_count=0

Compilation events (20 events):
Event: 5.070 Thread 0x000076760014b770 9727       3       cpw.mods.modlauncher.TransformTargetLabel::<init> (11 bytes)
Event: 5.070 Thread 0x000076760014b770 nmethod 9727 0x00007675e98a6290 code [0x00007675e98a6440, 0x00007675e98a6588]
Event: 5.071 Thread 0x000076755425cf60 nmethod 9726 0x00007675e98a6690 code [0x00007675e98a68a0, 0x00007675e98a7020]
Event: 5.076 Thread 0x0000767550600900 nmethod 9725 0x00007675f0bbcf10 code [0x00007675f0bbd0e0, 0x00007675f0bbd938]
Event: 5.076 Thread 0x0000767550600900 9728       4       java.lang.invoke.LambdaForm$MH/0x0000767580008000::invoke (45 bytes)
Event: 5.077 Thread 0x0000767550600900 nmethod 9728 0x00007675f0bbdc90 code [0x00007675f0bbde40, 0x00007675f0bbe030]
Event: 5.077 Thread 0x0000767550600900 9729       4       java.lang.ClassLoader::preDefineClass (118 bytes)
Event: 5.078 Thread 0x00007674a401e370 9730       4       java.lang.ClassLoader::postDefineClass (39 bytes)
Event: 5.081 Thread 0x000076755425cf60 9732       3       java.util.concurrent.ScheduledThreadPoolExecutor$ScheduledFutureTask::getDelay (16 bytes)
Event: 5.081 Thread 0x000076755425cf60 nmethod 9732 0x00007675e98a7290 code [0x00007675e98a7440, 0x00007675e98a75d0]
Event: 5.085 Thread 0x000076755425cf60 9733       3       net.minecraft.world.entity.EntityAttachment$Fallback$$Lambda/0x00007675808375a0::create (6 bytes)
Event: 5.085 Thread 0x00007675580babd0 9734       3       net.minecraft.world.entity.EntityAttachment$Fallback::lambda$static$1 (15 bytes)
Event: 5.086 Thread 0x000076755425cf60 nmethod 9733 0x00007675e98a7690 code [0x00007675e98a7840, 0x00007675e98a7978]
Event: 5.086 Thread 0x00007675580babd0 nmethod 9734 0x00007675e98a7a10 code [0x00007675e98a7c00, 0x00007675e98a81e8]
Event: 5.086 Thread 0x00007675580babd0 9735       3       com.mojang.datafixers.types.Type::findChoiceType (4 bytes)
Event: 5.086 Thread 0x00007675580babd0 nmethod 9735 0x00007675e98a8410 code [0x00007675e98a85a0, 0x00007675e98a8708]
Event: 5.098 Thread 0x0000767550600900 nmethod 9729 0x00007675f0bbe290 code [0x00007675f0bbe4a0, 0x00007675f0bbf0c8]
Event: 5.098 Thread 0x0000767550600900 9731       4       java.lang.ClassLoader::getNamedPackage (73 bytes)
Event: 5.099 Thread 0x00007674a401e370 nmethod 9730 0x00007675f0bbf890 code [0x00007675f0bbfb20, 0x00007675f0bc06e8]
Event: 5.100 Thread 0x00007674a401e370 9736       4       java.net.URLStreamHandler::parseURL (1124 bytes)

GC Heap History (20 events):
Event: 2.296 GC heap before
{Heap before GC invocations=10 (full 0):
 garbage-first heap   total 233472K, used 182861K [0x000000061bc00000, 0x0000000800000000)
  region size 4096K, 34 young (139264K), 2 survivors (8192K)
 Metaspace       used 31709K, committed 32320K, reserved 1114112K
  class space    used 3757K, committed 4032K, reserved 1048576K
}
Event: 2.299 GC heap after
{Heap after GC invocations=11 (full 0):
 garbage-first heap   total 307200K, used 52680K [0x000000061bc00000, 0x0000000800000000)
  region size 4096K, 2 young (8192K), 2 survivors (8192K)
 Metaspace       used 31709K, committed 32320K, reserved 1114112K
  class space    used 3757K, committed 4032K, reserved 1048576K
}
Event: 2.453 GC heap before
{Heap before GC invocations=11 (full 0):
 garbage-first heap   total 307200K, used 224712K [0x000000061bc00000, 0x0000000800000000)
  region size 4096K, 45 young (184320K), 2 survivors (8192K)
 Metaspace       used 34678K, committed 35392K, reserved 1114112K
  class space    used 4127K, committed 4416K, reserved 1048576K
}
Event: 2.455 GC heap after
{Heap after GC invocations=12 (full 0):
 garbage-first heap   total 307200K, used 54591K [0x000000061bc00000, 0x0000000800000000)
  region size 4096K, 2 young (8192K), 2 survivors (8192K)
 Metaspace       used 34678K, committed 35392K, reserved 1114112K
  class space    used 4127K, committed 4416K, reserved 1048576K
}
Event: 2.544 GC heap before
{Heap before GC invocations=12 (full 0):
 garbage-first heap   total 307200K, used 152895K [0x000000061bc00000, 0x0000000800000000)
  region size 4096K, 27 young (110592K), 2 survivors (8192K)
 Metaspace       used 35572K, committed 36224K, reserved 1114112K
  class space    used 4232K, committed 4480K, reserved 1048576K
}
Event: 2.547 GC heap after
{Heap after GC invocations=13 (full 0):
 garbage-first heap   total 307200K, used 56566K [0x000000061bc00000, 0x0000000800000000)
  region size 4096K, 3 young (12288K), 3 survivors (12288K)
 Metaspace       used 35572K, committed 36224K, reserved 1114112K
  class space    used 4232K, committed 4480K, reserved 1048576K
}
Event: 2.679 GC heap before
{Heap before GC invocations=14 (full 0):
 garbage-first heap   total 204800K, used 199926K [0x000000061bc00000, 0x0000000800000000)
  region size 4096K, 38 young (155648K), 3 survivors (12288K)
 Metaspace       used 35930K, committed 36672K, reserved 1114112K
  class space    used 4309K, committed 4608K, reserved 1048576K
}
Event: 2.688 GC heap after
{Heap after GC invocations=15 (full 0):
 garbage-first heap   total 229376K, used 68235K [0x000000061bc00000, 0x0000000800000000)
  region size 4096K, 6 young (24576K), 6 survivors (24576K)
 Metaspace       used 35930K, committed 36672K, reserved 1114112K
  class space    used 4309K, committed 4608K, reserved 1048576K
}
Event: 2.775 GC heap before
{Heap before GC invocations=15 (full 0):
 garbage-first heap   total 229376K, used 178827K [0x000000061bc00000, 0x0000000800000000)
  region size 4096K, 33 young (135168K), 6 survivors (24576K)
 Metaspace       used 36753K, committed 37504K, reserved 1114112K
  class space    used 4437K, committed 4800K, reserved 1048576K
}
Event: 2.784 GC heap after
{Heap after GC invocations=16 (full 0):
 garbage-first heap   total 229376K, used 70508K [0x000000061bc00000, 0x0000000800000000)
  region size 4096K, 2 young (8192K), 2 survivors (8192K)
 Metaspace       used 36753K, committed 37504K, reserved 1114112K
  class space    used 4437K, committed 4800K, reserved 1048576K
}
Event: 3.259 GC heap before
{Heap before GC invocations=16 (full 0):
 garbage-first heap   total 229376K, used 209772K [0x000000061bc00000, 0x0000000800000000)
  region size 4096K, 33 young (135168K), 2 survivors (8192K)
 Metaspace       used 39868K, committed 40576K, reserved 1114112K
  class space    used 4926K, committed 5248K, reserved 1048576K
}
Event: 3.268 GC heap after
{Heap after GC invocations=17 (full 0):
 garbage-first heap   total 372736K, used 96067K [0x000000061bc00000, 0x0000000800000000)
  region size 4096K, 5 young (20480K), 5 survivors (20480K)
 Metaspace       used 39868K, committed 40576K, reserved 1114112K
  class space    used 4926K, committed 5248K, reserved 1048576K
}
Event: 3.929 GC heap before
{Heap before GC invocations=17 (full 0):
 garbage-first heap   total 372736K, used 296771K [0x000000061bc00000, 0x0000000800000000)
  region size 4096K, 54 young (221184K), 5 survivors (20480K)
 Metaspace       used 49384K, committed 50112K, reserved 1114112K
  class space    used 6444K, committed 6784K, reserved 1048576K
}
Event: 3.942 GC heap after
{Heap after GC invocations=18 (full 0):
 garbage-first heap   total 372736K, used 107890K [0x000000061bc00000, 0x0000000800000000)
  region size 4096K, 7 young (28672K), 7 survivors (28672K)
 Metaspace       used 49384K, committed 50112K, reserved 1114112K
  class space    used 6444K, committed 6784K, reserved 1048576K
}
Event: 4.287 GC heap before
{Heap before GC invocations=18 (full 0):
 garbage-first heap   total 372736K, used 300402K [0x000000061bc00000, 0x0000000800000000)
  region size 4096K, 54 young (221184K), 7 survivors (28672K)
 Metaspace       used 51176K, committed 51968K, reserved 1114112K
  class space    used 6793K, committed 7104K, reserved 1048576K
}
Event: 4.304 GC heap after
{Heap after GC invocations=19 (full 0):
 garbage-first heap   total 372736K, used 127061K [0x000000061bc00000, 0x0000000800000000)
  region size 4096K, 7 young (28672K), 7 survivors (28672K)
 Metaspace       used 51176K, committed 51968K, reserved 1114112K
  class space    used 6793K, committed 7104K, reserved 1048576K
}
Event: 4.829 GC heap before
{Heap before GC invocations=19 (full 0):
 garbage-first heap   total 372736K, used 319573K [0x000000061bc00000, 0x0000000800000000)
  region size 4096K, 54 young (221184K), 7 survivors (28672K)
 Metaspace       used 55512K, committed 56320K, reserved 1114112K
  class space    used 7344K, committed 7680K, reserved 1048576K
}
Event: 4.846 GC heap after
{Heap after GC invocations=20 (full 0):
 garbage-first heap   total 372736K, used 145112K [0x000000061bc00000, 0x0000000800000000)
  region size 4096K, 4 young (16384K), 4 survivors (16384K)
 Metaspace       used 55512K, committed 56320K, reserved 1114112K
  class space    used 7344K, committed 7680K, reserved 1048576K
}
Event: 5.040 GC heap before
{Heap before GC invocations=20 (full 0):
 garbage-first heap   total 372736K, used 186072K [0x000000061bc00000, 0x0000000800000000)
  region size 4096K, 15 young (61440K), 4 survivors (16384K)
 Metaspace       used 59638K, committed 60416K, reserved 1114112K
  class space    used 8277K, committed 8640K, reserved 1048576K
}
Event: 5.049 GC heap after
{Heap after GC invocations=21 (full 0):
 garbage-first heap   total 466944K, used 145905K [0x000000061bc00000, 0x0000000800000000)
  region size 4096K, 4 young (16384K), 4 survivors (16384K)
 Metaspace       used 59638K, committed 60416K, reserved 1114112K
  class space    used 8277K, committed 8640K, reserved 1048576K
}

Dll operation events (20 events):
Event: 0.069 Attempting to load shared library /home/tillman/.mcreator/gradle/jdks/eclipse_adoptium-21-amd64-linux.2/lib/libjimage.so
Event: 0.069 Loaded shared library /home/tillman/.mcreator/gradle/jdks/eclipse_adoptium-21-amd64-linux.2/lib/libjimage.so
Event: 0.105 Attempting to load shared library /home/tillman/.mcreator/gradle/jdks/eclipse_adoptium-21-amd64-linux.2/lib/libmanagement.so
Event: 0.105 Loaded shared library /home/tillman/.mcreator/gradle/jdks/eclipse_adoptium-21-amd64-linux.2/lib/libmanagement.so
Event: 0.111 Attempting to load shared library /home/tillman/.mcreator/gradle/jdks/eclipse_adoptium-21-amd64-linux.2/lib/libmanagement_ext.so
Event: 0.111 Loaded shared library /home/tillman/.mcreator/gradle/jdks/eclipse_adoptium-21-amd64-linux.2/lib/libmanagement_ext.so
Event: 0.132 Attempting to load shared library /home/tillman/.mcreator/gradle/jdks/eclipse_adoptium-21-amd64-linux.2/lib/libnet.so
Event: 0.132 Loaded shared library /home/tillman/.mcreator/gradle/jdks/eclipse_adoptium-21-amd64-linux.2/lib/libnet.so
Event: 0.233 Attempting to load shared library /home/tillman/.mcreator/gradle/jdks/eclipse_adoptium-21-amd64-linux.2/lib/libextnet.so
Event: 0.233 Loaded shared library /home/tillman/.mcreator/gradle/jdks/eclipse_adoptium-21-amd64-linux.2/lib/libextnet.so
Event: 0.319 Attempting to load shared library /home/tillman/.mcreator/gradle/jdks/eclipse_adoptium-21-amd64-linux.2/lib/libverify.so
Event: 0.319 Loaded shared library /home/tillman/.mcreator/gradle/jdks/eclipse_adoptium-21-amd64-linux.2/lib/libverify.so
Event: 1.156 Attempting to load shared library /tmp/lwjgl_tillman/3.3.3+5/x64/liblwjgl.so
Event: 1.156 Loaded shared library /tmp/lwjgl_tillman/3.3.3+5/x64/liblwjgl.so
Event: 1.344 Attempting to load shared library /tmp/lwjgl_tillman/3.3.3+5/x64/liblwjgl_stb.so
Event: 1.344 Loaded shared library /tmp/lwjgl_tillman/3.3.3+5/x64/liblwjgl_stb.so
Event: 1.422 Attempting to load shared library /tmp/lwjgl_tillman/3.3.3+5/x64/liblwjgl_opengl.so
Event: 1.422 Loaded shared library /tmp/lwjgl_tillman/3.3.3+5/x64/liblwjgl_opengl.so
Event: 2.891 Attempting to load shared library /home/tillman/.cache/JNA/temp/jna2788141009844694561.tmp
Event: 2.891 Loaded shared library /home/tillman/.cache/JNA/temp/jna2788141009844694561.tmp

Deoptimization events (20 events):
Event: 4.931 Thread 0x0000767601d68140 Uncommon trap: trap_request=0xffffff45 fr.pc=0x00007675f09cdff0 relative=0x0000000000000590
Event: 4.931 Thread 0x0000767601d68140 Uncommon trap: reason=unstable_if action=reinterpret pc=0x00007675f09cdff0 method=it.unimi.dsi.fastutil.objects.Reference2ObjectArrayMap.put(Ljava/lang/Object;Ljava/lang/Object;)Ljava/lang/Object; @ 38 c2
Event: 4.931 Thread 0x0000767601d68140 DEOPT PACKING pc=0x00007675f09cdff0 sp=0x0000767494bfb520
Event: 4.931 Thread 0x0000767601d68140 DEOPT UNPACKING pc=0x00007675efcb2f99 sp=0x0000767494bfb4d8 mode 2
Event: 5.004 Thread 0x0000767601d68140 Uncommon trap: trap_request=0xffffffc6 fr.pc=0x00007675f0baff10 relative=0x0000000000000af0
Event: 5.004 Thread 0x0000767601d68140 Uncommon trap: reason=bimorphic_or_optimized_type_check action=maybe_recompile pc=0x00007675f0baff10 method=java.util.Map.computeIfAbsent(Ljava/lang/Object;Ljava/util/function/Function;)Ljava/lang/Object; @ 19 c2
Event: 5.004 Thread 0x0000767601d68140 DEOPT PACKING pc=0x00007675f0baff10 sp=0x0000767494bfb5a0
Event: 5.004 Thread 0x0000767601d68140 DEOPT UNPACKING pc=0x00007675efcb2f99 sp=0x0000767494bfb578 mode 2
Event: 5.016 Thread 0x0000767601d68140 Uncommon trap: trap_request=0xffffffc6 fr.pc=0x00007675f0baff10 relative=0x0000000000000af0
Event: 5.016 Thread 0x0000767601d68140 Uncommon trap: reason=bimorphic_or_optimized_type_check action=maybe_recompile pc=0x00007675f0baff10 method=java.util.Map.computeIfAbsent(Ljava/lang/Object;Ljava/util/function/Function;)Ljava/lang/Object; @ 19 c2
Event: 5.016 Thread 0x0000767601d68140 DEOPT PACKING pc=0x00007675f0baff10 sp=0x0000767494bfb600
Event: 5.016 Thread 0x0000767601d68140 DEOPT UNPACKING pc=0x00007675efcb2f99 sp=0x0000767494bfb5d8 mode 2
Event: 5.024 Thread 0x0000767601d68140 Uncommon trap: trap_request=0xffffffc6 fr.pc=0x00007675f0baff10 relative=0x0000000000000af0
Event: 5.024 Thread 0x0000767601d68140 Uncommon trap: reason=bimorphic_or_optimized_type_check action=maybe_recompile pc=0x00007675f0baff10 method=java.util.Map.computeIfAbsent(Ljava/lang/Object;Ljava/util/function/Function;)Ljava/lang/Object; @ 19 c2
Event: 5.024 Thread 0x0000767601d68140 DEOPT PACKING pc=0x00007675f0baff10 sp=0x0000767494bfb600
Event: 5.024 Thread 0x0000767601d68140 DEOPT UNPACKING pc=0x00007675efcb2f99 sp=0x0000767494bfb5d8 mode 2
Event: 5.025 Thread 0x0000767601d68140 Uncommon trap: trap_request=0xffffffc6 fr.pc=0x00007675f0baff10 relative=0x0000000000000af0
Event: 5.025 Thread 0x0000767601d68140 Uncommon trap: reason=bimorphic_or_optimized_type_check action=maybe_recompile pc=0x00007675f0baff10 method=java.util.Map.computeIfAbsent(Ljava/lang/Object;Ljava/util/function/Function;)Ljava/lang/Object; @ 19 c2
Event: 5.025 Thread 0x0000767601d68140 DEOPT PACKING pc=0x00007675f0baff10 sp=0x0000767494bfb680
Event: 5.025 Thread 0x0000767601d68140 DEOPT UNPACKING pc=0x00007675efcb2f99 sp=0x0000767494bfb658 mode 2

Classes loaded (20 events):
Event: 3.272 Loading class java/lang/annotation/Repeatable
Event: 3.272 Loading class java/lang/annotation/Repeatable done
Event: 3.275 Loading class java/lang/ClassFormatError
Event: 3.275 Loading class java/lang/ClassFormatError done
Event: 3.419 Loading class java/util/function/DoublePredicate
Event: 3.419 Loading class java/util/function/DoublePredicate done
Event: 3.419 Loading class java/util/function/DoubleUnaryOperator
Event: 3.419 Loading class java/util/function/DoubleUnaryOperator done
Event: 3.419 Loading class java/util/PrimitiveIterator$OfDouble
Event: 3.419 Loading class java/util/PrimitiveIterator$OfDouble done
Event: 3.496 Loading class java/util/EnumMap$EntrySet
Event: 3.496 Loading class java/util/EnumMap$EntrySet done
Event: 3.496 Loading class java/util/EnumMap$EntryIterator
Event: 3.496 Loading class java/util/EnumMap$EntryIterator done
Event: 3.496 Loading class java/util/EnumMap$EntryIterator$Entry
Event: 3.496 Loading class java/util/EnumMap$EntryIterator$Entry done
Event: 4.421 Loading class java/util/concurrent/CancellationException
Event: 4.421 Loading class java/util/concurrent/CancellationException done
Event: 4.827 Loading class sun/misc/VM
Event: 4.827 Loading class sun/misc/VM done

Classes unloaded (0 events):
No events

Classes redefined (0 events):
No events

Internal exceptions (20 events):
Event: 4.695 Thread 0x00007675380013c0 Exception <a 'sun/nio/fs/UnixException'{0x00000006284016b8}> (0x00000006284016b8) 
thrown [src/hotspot/share/prims/jni.cpp, line 520]
Event: 4.695 Thread 0x00007675380013c0 Exception <a 'sun/nio/fs/UnixException'{0x00000006284025a8}> (0x00000006284025a8) 
thrown [src/hotspot/share/prims/jni.cpp, line 520]
Event: 4.695 Thread 0x00007675380013c0 Exception <a 'sun/nio/fs/UnixException'{0x0000000628403498}> (0x0000000628403498) 
thrown [src/hotspot/share/prims/jni.cpp, line 520]
Event: 4.695 Thread 0x00007675380013c0 Exception <a 'sun/nio/fs/UnixException'{0x0000000628404398}> (0x0000000628404398) 
thrown [src/hotspot/share/prims/jni.cpp, line 520]
Event: 4.695 Thread 0x00007675380013c0 Exception <a 'sun/nio/fs/UnixException'{0x0000000628405298}> (0x0000000628405298) 
thrown [src/hotspot/share/prims/jni.cpp, line 520]
Event: 4.851 Thread 0x0000767601d68140 Exception <a 'java/lang/IncompatibleClassChangeError'{0x00000007ffce8a38}: Found class java.lang.Object, but interface was expected> (0x00000007ffce8a38) 
thrown [src/hotspot/share/interpreter/linkResolver.cpp, line 840]
Event: 4.852 Thread 0x0000767601d68140 Exception <a 'java/lang/IncompatibleClassChangeError'{0x00000007ffd069d8}: Found class java.lang.Object, but interface was expected> (0x00000007ffd069d8) 
thrown [src/hotspot/share/interpreter/linkResolver.cpp, line 840]
Event: 4.863 Thread 0x0000767601d68140 Exception <a 'java/lang/NoSuchMethodError'{0x00000007ffedfcf8}: 'java.lang.Object java.lang.invoke.DirectMethodHandle$Holder.newInvokeSpecial(java.lang.Object, float)'> (0x00000007ffedfcf8) 
thrown [src/hotspot/share/interpreter/linkResolver.cpp, line 772]
Event: 4.864 Thread 0x0000767601d68140 Exception <a 'java/lang/NoSuchMethodError'{0x00000007ffee5cc0}: 'float java.lang.invoke.DirectMethodHandle$Holder.invokeSpecial(java.lang.Object, java.lang.Object)'> (0x00000007ffee5cc0) 
thrown [src/hotspot/share/interpreter/linkResolver.cpp, line 772]
Event: 4.882 Thread 0x0000767601d68140 Exception <a 'java/lang/NoSuchMethodError'{0x000000063a214178}: 'java.lang.Object java.lang.invoke.DirectMethodHandle$Holder.newInvokeSpecial(java.lang.Object, java.lang.Object, float)'> (0x000000063a214178) 
thrown [src/hotspot/share/interpreter/linkResolver.cpp, line 772]
Event: 4.883 Thread 0x0000767601d68140 Exception <a 'java/lang/IncompatibleClassChangeError'{0x000000063a240df8}: Found class java.lang.Object, but interface was expected> (0x000000063a240df8) 
thrown [src/hotspot/share/interpreter/linkResolver.cpp, line 840]
Event: 4.899 Thread 0x0000767601d68140 Exception <a 'java/lang/NoSuchMethodError'{0x0000000632d32d30}: 'java.lang.Object java.lang.invoke.DirectMethodHandle$Holder.newInvokeSpecial(java.lang.Object, java.lang.Object, java.lang.Object, int, java.lang.Object, int)'> (0x0000000632d32d30) 
thrown [src/hotspot/share/interpreter/linkResolver.cpp, line 772]
Event: 4.899 Thread 0x0000767601d68140 Exception <a 'java/lang/IncompatibleClassChangeError'{0x0000000632d39df8}: Found class java.lang.Object, but interface was expected> (0x0000000632d39df8) 
thrown [src/hotspot/share/interpreter/linkResolver.cpp, line 840]
Event: 4.905 Thread 0x0000767601d68140 Exception <a 'java/lang/NoSuchMethodError'{0x0000000632e60578}: 'java.lang.Object java.lang.invoke.DirectMethodHandle$Holder.newInvokeSpecial(java.lang.Object, java.lang.Object, int, float)'> (0x0000000632e60578) 
thrown [src/hotspot/share/interpreter/linkResolver.cpp, line 772]
Event: 4.979 Thread 0x0000767601d68140 Exception <a 'java/lang/NoSuchMethodError'{0x00000006305dd3b8}: 'java.lang.Object java.lang.invoke.DirectMethodHandle$Holder.invokeStaticInit(java.lang.Object, float, float)'> (0x00000006305dd3b8) 
thrown [src/hotspot/share/interpreter/linkResolver.cpp, line 772]
Event: 5.080 Thread 0x0000767600c6f320 Exception <a 'sun/nio/fs/UnixException'{0x00000006370047d8}> (0x00000006370047d8) 
thrown [src/hotspot/share/prims/jni.cpp, line 520]
Event: 5.080 Thread 0x0000767600c6f320 Exception <a 'sun/nio/fs/UnixException'{0x0000000637005168}> (0x0000000637005168) 
thrown [src/hotspot/share/prims/jni.cpp, line 520]
Event: 5.080 Thread 0x0000767600c6f320 Exception <a 'sun/nio/fs/UnixException'{0x0000000637005d40}> (0x0000000637005d40) 
thrown [src/hotspot/share/prims/jni.cpp, line 520]
Event: 5.080 Thread 0x0000767600c6f320 Exception <a 'sun/nio/fs/UnixException'{0x00000006370066e0}> (0x00000006370066e0) 
thrown [src/hotspot/share/prims/jni.cpp, line 520]
Event: 5.080 Thread 0x0000767600c6f320 Exception <a 'sun/nio/fs/UnixException'{0x00000006370072e0}> (0x00000006370072e0) 
thrown [src/hotspot/share/prims/jni.cpp, line 520]

ZGC Phase Switch (0 events):
No events

VM Operations (20 events):
Event: 4.488 Executing non-safepoint VM operation: HandshakeAllThreads (Deoptimize)
Event: 4.489 Executing non-safepoint VM operation: HandshakeAllThreads (Deoptimize) done
Event: 4.489 Executing safepoint VM operation: ICBufferFull
Event: 4.490 Executing safepoint VM operation: ICBufferFull done
Event: 4.575 Executing safepoint VM operation: ICBufferFull
Event: 4.575 Executing safepoint VM operation: ICBufferFull done
Event: 4.803 Executing non-safepoint VM operation: HandshakeAllThreads (Deoptimize)
Event: 4.803 Executing non-safepoint VM operation: HandshakeAllThreads (Deoptimize) done
Event: 4.829 Executing safepoint VM operation: G1CollectForAllocation (G1 Evacuation Pause)
Event: 4.846 Executing safepoint VM operation: G1CollectForAllocation (G1 Evacuation Pause) done
Event: 4.854 Executing non-safepoint VM operation: HandshakeAllThreads (Deoptimize)
Event: 4.854 Executing non-safepoint VM operation: HandshakeAllThreads (Deoptimize) done
Event: 5.040 Executing safepoint VM operation: CollectForMetadataAllocation (Metadata GC Threshold)
Event: 5.049 Executing safepoint VM operation: CollectForMetadataAllocation (Metadata GC Threshold) done
Event: 5.063 Executing safepoint VM operation: CollectForMetadataAllocation (Metadata GC Threshold)
Event: 5.064 Executing safepoint VM operation: CollectForMetadataAllocation (Metadata GC Threshold) done
Event: 5.078 Executing safepoint VM operation: CollectForMetadataAllocation (Metadata GC Threshold)
Event: 5.079 Executing safepoint VM operation: CollectForMetadataAllocation (Metadata GC Threshold) done
Event: 5.094 Executing safepoint VM operation: CollectForMetadataAllocation (Metadata GC Threshold)
Event: 5.094 Executing safepoint VM operation: CollectForMetadataAllocation (Metadata GC Threshold) done

Memory protections (20 events):
Event: 1.009 Protecting memory [0x000076760694c000,0x000076760694d000] with protection modes 1
Event: 1.015 Protecting memory [0x00007675dc025000,0x00007675dc029000] with protection modes 0
Event: 1.044 Protecting memory [0x000076757ac00000,0x000076757ac04000] with protection modes 0
Event: 1.048 Protecting memory [0x000076757ac00000,0x000076757ac04000] with protection modes 0
Event: 1.197 Protecting memory [0x000076757ac00000,0x000076757ac04000] with protection modes 0
Event: 1.346 Protecting memory [0x00007675ce930000,0x00007675ce934000] with protection modes 0
Event: 1.426 Protecting memory [0x00007675ce730000,0x00007675ce734000] with protection modes 0
Event: 1.438 Protecting memory [0x00007675ce630000,0x00007675ce634000] with protection modes 0
Event: 1.768 Protecting memory [0x00007675ce530000,0x00007675ce534000] with protection modes 0
Event: 1.769 Protecting memory [0x00007675cd45a000,0x00007675cd45e000] with protection modes 0
Event: 1.769 Protecting memory [0x00007675cd35a000,0x00007675cd35e000] with protection modes 0
Event: 1.773 Protecting memory [0x00007675cd25a000,0x00007675cd25e000] with protection modes 0
Event: 1.774 Protecting memory [0x0000767495e00000,0x0000767495e04000] with protection modes 0
Event: 1.776 Protecting memory [0x0000767494aff000,0x0000767494b03000] with protection modes 0
Event: 1.779 Protecting memory [0x00007674949ff000,0x0000767494a03000] with protection modes 0
Event: 2.865 Protecting memory [0x00007674947fe000,0x0000767494802000] with protection modes 0
Event: 2.909 Protecting memory [0x00007674946fe000,0x0000767494702000] with protection modes 0
Event: 3.249 Protecting memory [0x0000767494aff000,0x0000767494b03000] with protection modes 0
Event: 3.756 Protecting memory [0x00007674947fe000,0x0000767494802000] with protection modes 0
Event: 3.762 Protecting memory [0x00007674949ff000,0x0000767494a03000] with protection modes 0

Nmethod flushes (20 events):
Event: 2.567 Thread 0x0000767600139800 flushing  nmethod 0x00007675e8b93d90
Event: 2.567 Thread 0x0000767600139800 flushing  nmethod 0x00007675e8b94a90
Event: 2.567 Thread 0x0000767600139800 flushing  nmethod 0x00007675e8b96090
Event: 2.567 Thread 0x0000767600139800 flushing  nmethod 0x00007675e8bb6810
Event: 2.567 Thread 0x0000767600139800 flushing  nmethod 0x00007675e8bc1810
Event: 2.567 Thread 0x0000767600139800 flushing  nmethod 0x00007675e8bc6290
Event: 2.567 Thread 0x0000767600139800 flushing  nmethod 0x00007675e8c44790
Event: 2.567 Thread 0x0000767600139800 flushing  nmethod 0x00007675e8c47210
Event: 2.567 Thread 0x0000767600139800 flushing  nmethod 0x00007675e8c50490
Event: 2.567 Thread 0x0000767600139800 flushing  nmethod 0x00007675e8c7e290
Event: 2.567 Thread 0x0000767600139800 flushing  nmethod 0x00007675e8c7e890
Event: 2.567 Thread 0x0000767600139800 flushing  nmethod 0x00007675e8ca4e10
Event: 2.567 Thread 0x0000767600139800 flushing  nmethod 0x00007675e8d04c90
Event: 2.567 Thread 0x0000767600139800 flushing  nmethod 0x00007675e8d05190
Event: 2.567 Thread 0x0000767600139800 flushing  nmethod 0x00007675e8d05c10
Event: 2.567 Thread 0x0000767600139800 flushing  nmethod 0x00007675e8d08d10
Event: 2.567 Thread 0x0000767600139800 flushing  nmethod 0x00007675e8d2cf10
Event: 2.567 Thread 0x0000767600139800 flushing  nmethod 0x00007675e8e77210
Event: 2.567 Thread 0x0000767600139800 flushing  nmethod 0x00007675e8ed4390
Event: 2.567 Thread 0x0000767600139800 flushing  nmethod 0x00007675e8ee2e90

Events (20 events):
Event: 1.346 Thread 0x000076760014b770 Thread added: 0x00007675541ce0b0
Event: 1.426 Thread 0x000076760014b770 Thread added: 0x0000767554269c20
Event: 1.438 Thread 0x00007675541ce0b0 Thread added: 0x0000767550600900
Event: 1.768 Thread 0x0000767600031eb0 Thread added: 0x0000767601627ba0
Event: 1.769 Thread 0x0000767600031eb0 Thread added: 0x000076760162a960
Event: 1.769 Thread 0x0000767600031eb0 Thread added: 0x000076760162b700
Event: 1.773 Thread 0x000076755425cf60 Thread added: 0x00007674a401e370
Event: 1.774 Thread 0x00007675540572d0 Thread added: 0x00007675582946a0
Event: 1.776 Thread 0x00007675580babd0 Thread added: 0x00007675341b8660
Event: 1.779 Thread 0x00007675580babd0 Thread added: 0x00007675341b9d80
Event: 2.865 Thread 0x0000767600031eb0 Thread added: 0x0000767601cd7370
Event: 2.909 Thread 0x0000767600031eb0 Thread added: 0x0000767601ccb5a0
Event: 3.179 Thread 0x00007675341b9d80 Thread exited: 0x00007675341b9d80
Event: 3.179 Thread 0x00007675341b8660 Thread exited: 0x00007675341b8660
Event: 3.249 Thread 0x0000767600031eb0 Thread added: 0x0000767601d68140
Event: 3.269 Thread 0x0000767601cd7370 Thread exited: 0x0000767601cd7370
Event: 3.756 Thread 0x0000767554269c20 Thread added: 0x000076753c869c10
Event: 3.762 Thread 0x000076753c869c10 Thread added: 0x000076746c05ff80
Event: 4.919 Thread 0x000076746c05ff80 Thread exited: 0x000076746c05ff80
Event: 4.984 Thread 0x000076753c869c10 Thread exited: 0x000076753c869c10


Dynamic libraries:
40b49000-40b4b000 r-xs 00000000 00:01 35879                              /memfd:/.glXXXXXX (deleted)
40f37000-40fe6000 rw-p 00000000 00:00 0 
61bc00000-637400000 rw-p 00000000 00:00 0 
637400000-63a000000 ---p 00000000 00:00 0 
63a000000-63a400000 rw-p 00000000 00:00 0 
63a400000-7ff400000 ---p 00000000 00:00 0 
7ff400000-7ffc00000 rw-p 00000000 00:00 0 
7ffc00000-7ffd0d000 rw-p 00cdb000 103:02 24784634                        /home/tillman/.mcreator/gradle/jdks/eclipse_adoptium-21-amd64-linux.2/lib/server/classes.jsa
7ffd0d000-800000000 rw-p 00000000 00:00 0 
5645c3a2f000-5645c3a30000 r-xp 00000000 103:02 24784125                  /home/tillman/.mcreator/gradle/jdks/eclipse_adoptium-21-amd64-linux.2/bin/java
5645c3a31000-5645c3a32000 r--p 00001000 103:02 24784125                  /home/tillman/.mcreator/gradle/jdks/eclipse_adoptium-21-amd64-linux.2/bin/java
5645c3a32000-5645c3a33000 rw-p 00002000 103:02 24784125                  /home/tillman/.mcreator/gradle/jdks/eclipse_adoptium-21-amd64-linux.2/bin/java
5645feadd000-5645feb28000 rw-p 00000000 00:00 0                          [heap]
767460000000-767460021000 rw-p 00000000 00:00 0 
767460021000-767464000000 ---p 00000000 00:00 0 
767468000000-767468021000 rw-p 00000000 00:00 0 
767468021000-76746c000000 ---p 00000000 00:00 0 
76746c000000-76746cbe9000 rw-p 00000000 00:00 0 
76746cbe9000-767470000000 ---p 00000000 00:00 0 
767470000000-767470db9000 rw-p 00000000 00:00 0 
767470db9000-767474000000 ---p 00000000 00:00 0 
767474000000-767474d87000 rw-p 00000000 00:00 0 
767474d87000-767478000000 ---p 00000000 00:00 0 
767478000000-767478d17000 rw-p 00000000 00:00 0 
767478d17000-76747c000000 ---p 00000000 00:00 0 
76747c000000-76747d246000 rw-p 00000000 00:00 0 
76747d246000-767480000000 ---p 00000000 00:00 0 
767480000000-767480021000 rw-p 00000000 00:00 0 
767480021000-767484000000 ---p 00000000 00:00 0 
767484000000-767484057000 rw-p 00000000 00:00 0 
767484057000-767488000000 ---p 00000000 00:00 0 
767488000000-767488187000 rw-p 00000000 00:00 0 
767488187000-76748c000000 ---p 00000000 00:00 0 
76748c000000-76748c026000 rw-p 00000000 00:00 0 
76748c026000-767490000000 ---p 00000000 00:00 0 
767490000000-767490232000 rw-p 00000000 00:00 0 
767490232000-767494000000 ---p 00000000 00:00 0 
767494400000-76749441e000 r-xp 00000000 103:02 23868985                  /home/tillman/.cache/JNA/temp/jna2788141009844694561.tmp (deleted)
76749441e000-76749461d000 ---p 0001e000 103:02 23868985                  /home/tillman/.cache/JNA/temp/jna2788141009844694561.tmp (deleted)
76749461d000-76749461e000 rw-p 0001d000 103:02 23868985                  /home/tillman/.cache/JNA/temp/jna2788141009844694561.tmp (deleted)
76749461e000-76749461f000 rw-p 00000000 00:00 0 
7674946fe000-767494702000 ---p 00000000 00:00 0 
767494702000-7674947fe000 rw-p 00000000 00:00 0 
7674947fe000-767494802000 ---p 00000000 00:00 0 
767494802000-7674949ff000 rw-p 00000000 00:00 0 
7674949ff000-767494a03000 ---p 00000000 00:00 0 
767494a03000-767494aff000 rw-p 00000000 00:00 0 
767494aff000-767494b03000 ---p 00000000 00:00 0 
767494b03000-767495400000 rw-p 00000000 00:00 0 
767495400000-767495800000 rw-s 00000000 00:07 1328                       /dev/nvidiactl
767495800000-767495e00000 rw-p 00000000 00:00 0 
767495e00000-767495e04000 ---p 00000000 00:00 0 
767495e04000-767495f00000 rw-p 00000000 00:00 0 
767495f00000-767496400000 rw-p 00000000 00:00 0 
767496400000-767496714000 r--p 00000000 103:02 20711707                  /usr/lib/x86_64-linux-gnu/libnvidia-gpucomp.so.595.84
767496714000-76749a642000 r-xp 00314000 103:02 20711707                  /usr/lib/x86_64-linux-gnu/libnvidia-gpucomp.so.595.84
76749a642000-76749ba71000 r--p 04242000 103:02 20711707                  /usr/lib/x86_64-linux-gnu/libnvidia-gpucomp.so.595.84
76749ba71000-76749ba72000 ---p 05671000 103:02 20711707                  /usr/lib/x86_64-linux-gnu/libnvidia-gpucomp.so.595.84
76749ba72000-76749bc7e000 r--p 05671000 103:02 20711707                  /usr/lib/x86_64-linux-gnu/libnvidia-gpucomp.so.595.84
76749bc7e000-76749bdb8000 rw-p 0587d000 103:02 20711707                  /usr/lib/x86_64-linux-gnu/libnvidia-gpucomp.so.595.84
76749bdb8000-76749be64000 rw-p 00000000 00:00 0 
76749bf00000-76749c000000 rw-s 00000000 00:07 1328                       /dev/nvidiactl
76749c000000-76749c21e000 rw-p 00000000 00:00 0 
76749c21e000-7674a0000000 ---p 00000000 00:00 0 
7674a00ff000-7674a02ff000 rw-s 00000000 00:07 1328                       /dev/nvidiactl
7674a02ff000-7674a04ff000 rw-s 00000000 00:07 1328                       /dev/nvidiactl
7674a04ff000-7674a06ff000 rw-s 00000000 00:07 1328                       /dev/nvidiactl
7674a06ff000-7674a0800000 rw-p 00000000 00:00 0 
7674a0800000-7674a0c00000 rw-p 00000000 00:00 0 
7674a0c15000-7674a0c1d000 r--p 00000000 103:02 20740706                  /usr/lib/x86_64-linux-gnu/libudev.so.1.7.12
7674a0c1d000-7674a0c44000 r-xp 00008000 103:02 20740706                  /usr/lib/x86_64-linux-gnu/libudev.so.1.7.12
7674a0c44000-7674a0c56000 r--p 0002f000 103:02 20740706                  /usr/lib/x86_64-linux-gnu/libudev.so.1.7.12
7674a0c56000-7674a0c5b000 r--p 00041000 103:02 20740706                  /usr/lib/x86_64-linux-gnu/libudev.so.1.7.12
7674a0c5b000-7674a0c5c000 rw-p 00046000 103:02 20740706                  /usr/lib/x86_64-linux-gnu/libudev.so.1.7.12
7674a0c5c000-7674a0d5d000 rw-p 00000000 00:00 0 
7674a0d6a000-7674a0d7d000 rw-s 00000000 00:07 1328                       /dev/nvidiactl
7674a0d7d000-7674a0dbd000 rw-s 00000000 00:07 1328                       /dev/nvidiactl
7674a0dbd000-7674a0ddd000 rw-s 00000000 00:07 1328                       /dev/nvidiactl
7674a0ddd000-7674a0e1d000 rw-s 00000000 00:07 1328                       /dev/nvidiactl
7674a0e1d000-7674a0e5d000 rw-s 00000000 00:07 1328                       /dev/nvidiactl
7674a0e5d000-7674a0e9d000 rw-s 00000000 00:07 1328                       /dev/nvidiactl
7674a0e9d000-7674a0edd000 rw-s 00000000 00:07 1328                       /dev/nvidiactl
7674a0edd000-7674a16de000 rw-p 00000000 00:00 0 
7674a16de000-7674a2000000 rw-p 00000000 00:00 0 
7674a2000000-7674a2800000 rw-p 00000000 00:00 0 
7674a2806000-7674a2826000 rw-s 00000000 00:07 1328                       /dev/nvidiactl
7674a2826000-7674a2846000 rw-s 00000000 00:07 1328                       /dev/nvidiactl
7674a2846000-7674a2886000 rw-s 00000000 00:07 1328                       /dev/nvidiactl
7674a2886000-7674a28a6000 rw-s 00000000 00:07 1328                       /dev/nvidiactl
7674a28a6000-7674a28ad000 r--p 00000000 00:2e 3920                       /tmp/lwjgl_tillman/3.3.3+5/x64/liblwjgl_stb.so
7674a28ad000-7674a2910000 r-xp 00007000 00:2e 3920                       /tmp/lwjgl_tillman/3.3.3+5/x64/liblwjgl_stb.so
7674a2910000-7674a291c000 r--p 0006a000 00:2e 3920                       /tmp/lwjgl_tillman/3.3.3+5/x64/liblwjgl_stb.so
7674a291c000-7674a291d000 r--p 00075000 00:2e 3920                       /tmp/lwjgl_tillman/3.3.3+5/x64/liblwjgl_stb.so
7674a291d000-7674a291e000 rw-p 00076000 00:2e 3920                       /tmp/lwjgl_tillman/3.3.3+5/x64/liblwjgl_stb.so
7674a291e000-7674a2926000 r--p 00000000 00:2e 3919                       /tmp/lwjgl_tillman/3.3.3+5/x64/libjemalloc.so
7674a2926000-7674a297b000 r-xp 00008000 00:2e 3919                       /tmp/lwjgl_tillman/3.3.3+5/x64/libjemalloc.so
7674a297b000-7674a298b000 r--p 0005d000 00:2e 3919                       /tmp/lwjgl_tillman/3.3.3+5/x64/libjemalloc.so
7674a298b000-7674a298c000 ---p 0006d000 00:2e 3919                       /tmp/lwjgl_tillman/3.3.3+5/x64/libjemalloc.so
7674a298c000-7674a2992000 r--p 0006d000 00:2e 3919                       /tmp/lwjgl_tillman/3.3.3+5/x64/libjemalloc.so
7674a2992000-7674a2993000 rw-p 00073000 00:2e 3919                       /tmp/lwjgl_tillman/3.3.3+5/x64/libjemalloc.so
7674a2993000-7674a2b9d000 rw-p 00000000 00:00 0 
7674a2b9d000-7674a2c1d000 rw-s 00000000 00:07 1328                       /dev/nvidiactl
7674a2c1d000-7674a2d1d000 rw-s 00000000 00:07 1328                       /dev/nvidiactl
7674a2d1d000-7674a2d9d000 rw-s 00000000 00:07 1328                       /dev/nvidiactl
7674a2d9d000-7674a2ddd000 rw-s 00000000 00:07 1328                       /dev/nvidiactl
7674a2ddd000-7674a2dfd000 rw-s 00000000 00:07 1328                       /dev/nvidiactl
7674a2dfd000-7674a2e3d000 rw-s 00000000 00:07 1328                       /dev/nvidiactl
7674a2e3d000-7674a2e5d000 rw-s 00000000 00:07 1328                       /dev/nvidiactl
7674a2e5d000-7674a2edd000 rw-s 00000000 00:07 1329                       /dev/nvidia0
7674a2edd000-7674a37ff000 rw-p 00000000 00:00 0 
7674a37ff000-7674a4000000 rw-p 00000000 00:00 0 
7674a4000000-7674a416e000 rw-p 00000000 00:00 0 
7674a416e000-7674a8000000 ---p 00000000 00:00 0 
7674a8000000-7674a8021000 rw-p 00000000 00:00 0 
7674a8021000-7674ac000000 ---p 00000000 00:00 0 
7674ac000000-7674ac021000 rw-p 00000000 00:00 0 
7674ac021000-7674b0000000 ---p 00000000 00:00 0 
7674b0000000-7674b0021000 rw-p 00000000 00:00 0 
7674b0021000-7674b4000000 ---p 00000000 00:00 0 
7674b4000000-7674b4021000 rw-p 00000000 00:00 0 
7674b4021000-7674b8000000 ---p 00000000 00:00 0 
7674b8000000-7674b8021000 rw-p 00000000 00:00 0 
7674b8021000-7674bc000000 ---p 00000000 00:00 0 
7674bc000000-7674bc021000 rw-p 00000000 00:00 0 
7674bc021000-7674c0000000 ---p 00000000 00:00 0 
7674c0000000-7674c0021000 rw-p 00000000 00:00 0 
7674c0021000-7674c4000000 ---p 00000000 00:00 0 
7674c4000000-7674c4021000 rw-p 00000000 00:00 0 
7674c4021000-7674c8000000 ---p 00000000 00:00 0 
7674c8000000-7674c8021000 rw-p 00000000 00:00 0 
7674c8021000-7674cc000000 ---p 00000000 00:00 0 
7674cc000000-7674cc048000 rw-p 00000000 00:00 0 
7674cc048000-7674d0000000 ---p 00000000 00:00 0 
7674d0000000-7674d0021000 rw-p 00000000 00:00 0 
7674d0021000-7674d4000000 ---p 00000000 00:00 0 
7674d4000000-7674d4021000 rw-p 00000000 00:00 0 
7674d4021000-7674d8000000 ---p 00000000 00:00 0 
7674d8000000-7674d8021000 rw-p 00000000 00:00 0 
7674d8021000-7674dc000000 ---p 00000000 00:00 0 
7674dc000000-7674dc021000 rw-p 00000000 00:00 0 
7674dc021000-7674e0000000 ---p 00000000 00:00 0 
7674e0000000-7674e0021000 rw-p 00000000 00:00 0 
7674e0021000-7674e4000000 ---p 00000000 00:00 0 
7674e4000000-7674e4021000 rw-p 00000000 00:00 0 
7674e4021000-7674e8000000 ---p 00000000 00:00 0 
7674e8000000-7674e8021000 rw-p 00000000 00:00 0 
7674e8021000-7674ec000000 ---p 00000000 00:00 0 
7674ec000000-7674ec021000 rw-p 00000000 00:00 0 
7674ec021000-7674f0000000 ---p 00000000 00:00 0 
7674f0000000-7674f0031000 rw-p 00000000 00:00 0 
7674f0031000-7674f4000000 ---p 00000000 00:00 0 
7674f4000000-7674f4cc5000 rw-p 00000000 00:00 0 
7674f4cc5000-7674f8000000 ---p 00000000 00:00 0 
7674f8000000-7674f8021000 rw-p 00000000 00:00 0 
7674f8021000-7674fc000000 ---p 00000000 00:00 0 
7674fc000000-7674fc89c000 rw-p 00000000 00:00 0 
7674fc89c000-767500000000 ---p 00000000 00:00 0 
767500000000-767500981000 rw-p 00000000 00:00 0 
767500981000-767504000000 ---p 00000000 00:00 0 
767504000000-767504021000 rw-p 00000000 00:00 0 
767504021000-767508000000 ---p 00000000 00:00 0 
767508000000-767508021000 rw-p 00000000 00:00 0 
767508021000-76750c000000 ---p 00000000 00:00 0 
76750c000000-76750c021000 rw-p 00000000 00:00 0 
76750c021000-767510000000 ---p 00000000 00:00 0 
767510000000-767510021000 rw-p 00000000 00:00 0 
767510021000-767514000000 ---p 00000000 00:00 0 
767514000000-767514021000 rw-p 00000000 00:00 0 
767514021000-767518000000 ---p 00000000 00:00 0 
767518000000-767518021000 rw-p 00000000 00:00 0 
767518021000-76751c000000 ---p 00000000 00:00 0 
76751c000000-76751c021000 rw-p 00000000 00:00 0 
76751c021000-767520000000 ---p 00000000 00:00 0 
767520000000-767520021000 rw-p 00000000 00:00 0 
767520021000-767524000000 ---p 00000000 00:00 0 
767524000000-767524021000 rw-p 00000000 00:00 0 
767524021000-767528000000 ---p 00000000 00:00 0 
767528000000-767528021000 rw-p 00000000 00:00 0 
767528021000-76752c000000 ---p 00000000 00:00 0 
76752c000000-76752c021000 rw-p 00000000 00:00 0 
76752c021000-767530000000 ---p 00000000 00:00 0 
767530000000-767530021000 rw-p 00000000 00:00 0 
767530021000-767534000000 ---p 00000000 00:00 0 
767534000000-76753440d000 rw-p 00000000 00:00 0 
76753440d000-767538000000 ---p 00000000 00:00 0 
767538000000-767538021000 rw-p 00000000 00:00 0 
767538021000-76753c000000 ---p 00000000 00:00 0 
76753c000000-76753d25c000 rw-p 00000000 00:00 0 
76753d25c000-767540000000 ---p 00000000 00:00 0 
767540000000-767541d99000 rw-p 00000000 00:00 0 
767541d99000-767544000000 ---p 00000000 00:00 0 
767544000000-767544021000 rw-p 00000000 00:00 0 
767544021000-767548000000 ---p 00000000 00:00 0 
767548000000-767548cc0000 rw-p 00000000 00:00 0 
767548cc0000-76754c000000 ---p 00000000 00:00 0 
76754c000000-76754c021000 rw-p 00000000 00:00 0 
76754c021000-767550000000 ---p 00000000 00:00 0 
767550000000-767551810000 rw-p 00000000 00:00 0 
767551810000-767554000000 ---p 00000000 00:00 0 
767554000000-767554395000 rw-p 00000000 00:00 0 
767554395000-767558000000 ---p 00000000 00:00 0 
767558000000-76755838c000 rw-p 00000000 00:00 0 
76755838c000-76755c000000 ---p 00000000 00:00 0 
76755c000000-76755c021000 rw-p 00000000 00:00 0 
76755c021000-767560000000 ---p 00000000 00:00 0 
767560000000-7675619a2000 rw-p 00000000 00:00 0 
7675619a2000-767564000000 ---p 00000000 00:00 0 
767564000000-767564021000 rw-p 00000000 00:00 0 
767564021000-767568000000 ---p 00000000 00:00 0 
767568000000-767568021000 rw-p 00000000 00:00 0 
767568021000-76756c000000 ---p 00000000 00:00 0 
76756c000000-76756c021000 rw-p 00000000 00:00 0 
76756c021000-767570000000 ---p 00000000 00:00 0 
767570000000-767570021000 rw-p 00000000 00:00 0 
767570021000-767574000000 ---p 00000000 00:00 0 
767574000000-767574022000 rw-p 00000000 00:00 0 
767574022000-767578000000 ---p 00000000 00:00 0 
767578010000-767578050000 rw-s 00000000 00:07 1328                       /dev/nvidiactl
767578050000-767578070000 rw-s 00000000 00:07 1328                       /dev/nvidiactl
767578070000-767578074000 r--p 00000000 103:02 20711679                  /usr/lib/x86_64-linux-gnu/libnvidia-allocator.so.595.84
767578074000-76757808d000 r-xp 00004000 103:02 20711679                  /usr/lib/x86_64-linux-gnu/libnvidia-allocator.so.595.84
76757808d000-767578098000 r--p 0001d000 103:02 20711679                  /usr/lib/x86_64-linux-gnu/libnvidia-allocator.so.595.84
767578098000-767578099000 r--p 00027000 103:02 20711679                  /usr/lib/x86_64-linux-gnu/libnvidia-allocator.so.595.84
767578099000-76757809a000 rw-p 00028000 103:02 20711679                  /usr/lib/x86_64-linux-gnu/libnvidia-allocator.so.595.84
76757809a000-76757809c000 rw-p 00000000 00:00 0 
76757809c000-7675780b5000 r--p 00000000 103:02 20740670                  /usr/lib/x86_64-linux-gnu/libsystemd.so.0.42.0
7675780b5000-76757816c000 r-xp 00019000 103:02 20740670                  /usr/lib/x86_64-linux-gnu/libsystemd.so.0.42.0
76757816c000-7675781a6000 r--p 000d0000 103:02 20740670                  /usr/lib/x86_64-linux-gnu/libsystemd.so.0.42.0
7675781a6000-7675781ae000 r--p 0010a000 103:02 20740670                  /usr/lib/x86_64-linux-gnu/libsystemd.so.0.42.0
7675781ae000-7675781af000 rw-p 00112000 103:02 20740670                  /usr/lib/x86_64-linux-gnu/libsystemd.so.0.42.0
7675781af000-7675781b0000 rw-p 00000000 00:00 0 
7675781b0000-7675781bc000 r--p 00000000 103:02 20740155                  /usr/lib/x86_64-linux-gnu/libdbus-1.so.3.38.3
7675781bc000-7675781ed000 r-xp 0000c000 103:02 20740155                  /usr/lib/x86_64-linux-gnu/libdbus-1.so.3.38.3
7675781ed000-7675781fe000 r--p 0003d000 103:02 20740155                  /usr/lib/x86_64-linux-gnu/libdbus-1.so.3.38.3
7675781fe000-7675781ff000 r--p 0004d000 103:02 20740155                  /usr/lib/x86_64-linux-gnu/libdbus-1.so.3.38.3
7675781ff000-767578200000 rw-p 0004e000 103:02 20740155                  /usr/lib/x86_64-linux-gnu/libdbus-1.so.3.38.3
767578200000-767578450000 r-xp 00000000 103:02 20711704                  /usr/lib/x86_64-linux-gnu/libnvidia-glcore.so.595.84
767578450000-767578471000 rwxp 00250000 103:02 20711704                  /usr/lib/x86_64-linux-gnu/libnvidia-glcore.so.595.84
767578471000-767578600000 r-xp 00271000 103:02 20711704                  /usr/lib/x86_64-linux-gnu/libnvidia-glcore.so.595.84
767578600000-767579200000 r-xp 00400000 103:02 20711704                  /usr/lib/x86_64-linux-gnu/libnvidia-glcore.so.595.84
767579200000-76757a627000 r-xp 01000000 103:02 20711704                  /usr/lib/x86_64-linux-gnu/libnvidia-glcore.so.595.84
76757a627000-76757a79e000 r--p 02426000 103:02 20711704                  /usr/lib/x86_64-linux-gnu/libnvidia-glcore.so.595.84
76757a79e000-76757a801000 rw-p 0259d000 103:02 20711704                  /usr/lib/x86_64-linux-gnu/libnvidia-glcore.so.595.84
76757a801000-76757a820000 rw-p 00000000 00:00 0 
76757a82b000-76757a83e000 rw-s 00000000 00:07 1328                       /dev/nvidiactl
76757a83e000-76757a84e000 r--p 00000000 103:02 20711705                  /usr/lib/x86_64-linux-gnu/libnvidia-glsi.so.595.84
76757a84e000-76757a8ae000 r-xp 00010000 103:02 20711705                  /usr/lib/x86_64-linux-gnu/libnvidia-glsi.so.595.84
76757a8ae000-76757a8cb000 r--p 00070000 103:02 20711705                  /usr/lib/x86_64-linux-gnu/libnvidia-glsi.so.595.84
76757a8cb000-76757a8d1000 r--p 0008c000 103:02 20711705                  /usr/lib/x86_64-linux-gnu/libnvidia-glsi.so.595.84
76757a8d1000-76757a8d2000 rw-p 00092000 103:02 20711705                  /usr/lib/x86_64-linux-gnu/libnvidia-glsi.so.595.84
76757a8d2000-76757a8da000 rw-p 00000000 00:00 0 
76757a8da000-76757a92b000 r--p 00000000 103:02 20711692                  /usr/lib/x86_64-linux-gnu/libGLX_nvidia.so.595.84
76757a92b000-76757a988000 r-xp 00051000 103:02 20711692                  /usr/lib/x86_64-linux-gnu/libGLX_nvidia.so.595.84
76757a988000-76757a9bd000 rwxp 000ae000 103:02 20711692                  /usr/lib/x86_64-linux-gnu/libGLX_nvidia.so.595.84
76757a9bd000-76757a9be000 r-xp 000e3000 103:02 20711692                  /usr/lib/x86_64-linux-gnu/libGLX_nvidia.so.595.84
76757a9be000-76757a9de000 r--p 000e4000 103:02 20711692                  /usr/lib/x86_64-linux-gnu/libGLX_nvidia.so.595.84
76757a9de000-76757a9fe000 r--p 00103000 103:02 20711692                  /usr/lib/x86_64-linux-gnu/libGLX_nvidia.so.595.84
76757a9fe000-76757aa03000 rw-p 00123000 103:02 20711692                  /usr/lib/x86_64-linux-gnu/libGLX_nvidia.so.595.84
76757aa03000-76757aa05000 rw-p 00000000 00:00 0 
76757aa05000-76757aa46000 r--p 00000000 103:02 20739918                  /usr/lib/x86_64-linux-gnu/libGLdispatch.so.0.0.0
76757aa46000-76757aa49000 r-xp 00041000 103:02 20739918                  /usr/lib/x86_64-linux-gnu/libGLdispatch.so.0.0.0
76757aa49000-76757aa84000 r-xp 00044000 103:02 20739918                  /usr/lib/x86_64-linux-gnu/libGLdispatch.so.0.0.0
76757aa84000-76757aa85000 r-xp 0007f000 103:02 20739918                  /usr/lib/x86_64-linux-gnu/libGLdispatch.so.0.0.0
76757aa85000-76757aa99000 r--p 00080000 103:02 20739918                  /usr/lib/x86_64-linux-gnu/libGLdispatch.so.0.0.0
76757aa99000-76757aab5000 r--p 00093000 103:02 20739918                  /usr/lib/x86_64-linux-gnu/libGLdispatch.so.0.0.0
76757aab5000-76757aab6000 rw-p 000af000 103:02 20739918                  /usr/lib/x86_64-linux-gnu/libGLdispatch.so.0.0.0
76757aab6000-76757aabe000 rw-p 00000000 00:00 0 
76757aabe000-76757aad7000 r--p 00000000 103:02 20739931                  /usr/lib/x86_64-linux-gnu/libX11.so.6.4.0
76757aad7000-76757ab6c000 r-xp 00019000 103:02 20739931                  /usr/lib/x86_64-linux-gnu/libX11.so.6.4.0
76757ab6c000-76757abfb000 r--p 000ae000 103:02 20739931                  /usr/lib/x86_64-linux-gnu/libX11.so.6.4.0
76757abfb000-76757abfc000 r--p 0013d000 103:02 20739931                  /usr/lib/x86_64-linux-gnu/libX11.so.6.4.0
76757abfc000-76757ac00000 rw-p 0013e000 103:02 20739931                  /usr/lib/x86_64-linux-gnu/libX11.so.6.4.0
76757ac00000-76757ac04000 ---p 00000000 00:00 0 
76757ac04000-76757ad00000 rw-p 00000000 00:00 0 
76757ad00000-76757ad04000 ---p 00000000 00:00 0 
76757ad04000-76757ae00000 rw-p 00000000 00:00 0 
76757ae00000-76757ae04000 ---p 00000000 00:00 0 
76757ae04000-76757af00000 rw-p 00000000 00:00 0 
76757af00000-76757af04000 ---p 00000000 00:00 0 
76757af04000-76757b000000 rw-p 00000000 00:00 0 
76757b000000-76757b400000 rw-p 00000000 00:00 0 
76757b400000-76757b480000 rw-p 00000000 00:00 0 
76757b480000-76757b500000 rw-p 00000000 00:00 0 
76757b500000-76757b700000 rw-p 00000000 00:00 0 
76757b700000-76757b900000 rw-p 00000000 00:00 0 
76757b900000-76757ba00000 rw-p 00000000 00:00 0 
76757ba00000-76757bd00000 rw-p 00000000 00:00 0 
76757bd00000-76757bdc0000 rw-p 00000000 00:00 0 
76757bdc0000-76757be00000 rw-p 00000000 00:00 0 
76757be00000-76757bf80000 rw-p 00000000 00:00 0 
76757bf80000-76757c000000 rw-p 00000000 00:00 0 
76757c000000-76757c200000 rw-p 00000000 00:00 0 
76757c200000-76757c280000 rw-p 00000000 00:00 0 
76757c280000-76757c400000 rw-p 00000000 00:00 0 
76757c400000-76757cb80000 rw-p 00000000 00:00 0 
76757cb80000-76757cc00000 rw-p 00000000 00:00 0 
76757cc00000-76757cf00000 rw-p 00000000 00:00 0 
76757cf00000-76757d300000 rw-p 00000000 00:00 0 
76757d300000-76757d330000 rw-p 00000000 00:00 0 
76757d330000-76757d400000 ---p 00000000 00:00 0 
76757d400000-76757df20000 rw-p 00000000 00:00 0 
76757df20000-76757e440000 rw-p 00000000 00:00 0 
76757e440000-76757f000000 ---p 00000000 00:00 0 
76757f000000-76757fc9c000 rw-p 00001000 103:02 24784634                  /home/tillman/.mcreator/gradle/jdks/eclipse_adoptium-21-amd64-linux.2/lib/server/classes.jsa
76757fc9c000-767580000000 ---p 00000000 00:00 0 
767580000000-767580020000 rw-p 00000000 00:00 0 
767580020000-767580040000 rw-p 00000000 00:00 0 
767580040000-7675800c0000 rw-p 00000000 00:00 0 
7675800c0000-767580140000 rw-p 00000000 00:00 0 
767580140000-767580180000 rw-p 00000000 00:00 0 
767580180000-767580200000 rw-p 00000000 00:00 0 
767580200000-7675804c0000 rw-p 00000000 00:00 0 
7675804c0000-7675804d0000 rw-p 00000000 00:00 0 
7675804d0000-767580500000 ---p 00000000 00:00 0 
767580500000-767580900000 rw-p 00000000 00:00 0 
767580900000-7675c0000000 ---p 00000000 00:00 0 
7675c0000000-7675c0021000 rw-p 00000000 00:00 0 
7675c0021000-7675c4000000 ---p 00000000 00:00 0 
7675c4000000-7675c4021000 rw-p 00000000 00:00 0 
7675c4021000-7675c8000000 ---p 00000000 00:00 0 
7675c8000000-7675c8021000 rw-p 00000000 00:00 0 
7675c8021000-7675cc000000 ---p 00000000 00:00 0 
7675cc001000-7675cc008000 r--s 00000000 103:02 20712525                  /usr/lib/x86_64-linux-gnu/gconv/gconv-modules.cache
7675cc008000-7675cc009000 rw-p 00000000 00:00 0 
7675cc009000-7675cc00d000 ---p 00000000 00:00 0 
7675cc00d000-7675cc109000 rw-p 00000000 00:00 0 
7675cc109000-7675cc10d000 ---p 00000000 00:00 0 
7675cc10d000-7675cc209000 rw-p 00000000 00:00 0 
7675cc209000-7675cc20d000 ---p 00000000 00:00 0 
7675cc20d000-7675cc309000 rw-p 00000000 00:00 0 
7675cc309000-7675cc30d000 ---p 00000000 00:00 0 
7675cc30d000-7675cc409000 rw-p 00000000 00:00 0 
7675cc409000-7675cc40d000 ---p 00000000 00:00 0 
7675cc40d000-7675cc509000 rw-p 00000000 00:00 0 
7675cc509000-7675cc50d000 ---p 00000000 00:00 0 
7675cc50d000-7675cc609000 rw-p 00000000 00:00 0 
7675cc609000-7675cc60d000 ---p 00000000 00:00 0 
7675cc60d000-7675cc709000 rw-p 00000000 00:00 0 
7675cc709000-7675cc70d000 ---p 00000000 00:00 0 
7675cc70d000-7675cc809000 rw-p 00000000 00:00 0 
7675cc809000-7675cc80d000 ---p 00000000 00:00 0 
7675cc80d000-7675cc909000 rw-p 00000000 00:00 0 
7675cc909000-7675cc90d000 ---p 00000000 00:00 0 
7675cc90d000-7675cca09000 rw-p 00000000 00:00 0 
7675cca09000-7675cca0d000 ---p 00000000 00:00 0 
7675cca0d000-7675ccb09000 rw-p 00000000 00:00 0 
7675ccb09000-7675ccb0d000 ---p 00000000 00:00 0 
7675ccb0d000-7675ccc09000 rw-p 00000000 00:00 0 
7675ccc09000-7675ccc0d000 ---p 00000000 00:00 0 
7675ccc0d000-7675ccd09000 rw-p 00000000 00:00 0 
7675ccd09000-7675ccd0d000 ---p 00000000 00:00 0 
7675ccd0d000-7675cce09000 rw-p 00000000 00:00 0 
7675cce09000-7675cce0d000 ---p 00000000 00:00 0 
7675cce0d000-7675ccf09000 rw-p 00000000 00:00 0 
7675ccf09000-7675ccf0a000 rw-s 00000000 00:07 1328                       /dev/nvidiactl
7675ccf0a000-7675ccf0e000 rw-s 00000000 00:07 1328                       /dev/nvidiactl
7675ccf0e000-7675ccf0f000 rw-s 00000000 00:07 1329                       /dev/nvidia0
7675ccf0f000-7675ccf11000 rw-s 00000000 00:07 1328                       /dev/nvidiactl
7675ccf11000-7675ccf12000 rw-s 00000000 00:07 1328                       /dev/nvidiactl
7675ccf12000-7675ccf16000 rw-s 00000000 00:07 1328                       /dev/nvidiactl
7675ccf16000-7675ccf1b000 r--p 00000000 103:02 20740178                  /usr/lib/x86_64-linux-gnu/libdrm.so.2.131.0
7675ccf1b000-7675ccf27000 r-xp 00005000 103:02 20740178                  /usr/lib/x86_64-linux-gnu/libdrm.so.2.131.0
7675ccf27000-7675ccf2b000 r--p 00011000 103:02 20740178                  /usr/lib/x86_64-linux-gnu/libdrm.so.2.131.0
7675ccf2b000-7675ccf2c000 r--p 00015000 103:02 20740178                  /usr/lib/x86_64-linux-gnu/libdrm.so.2.131.0
7675ccf2c000-7675ccf2d000 rw-p 00016000 103:02 20740178                  /usr/lib/x86_64-linux-gnu/libdrm.so.2.131.0
7675ccf2d000-7675ccf40000 rw-s 00000000 00:07 1328                       /dev/nvidiactl
7675ccf40000-7675ccf43000 r--p 00000000 103:02 20740784                  /usr/lib/x86_64-linux-gnu/libxcb-xfixes.so.0.0.0
7675ccf43000-7675ccf46000 r-xp 00003000 103:02 20740784                  /usr/lib/x86_64-linux-gnu/libxcb-xfixes.so.0.0.0
7675ccf46000-7675ccf48000 r--p 00006000 103:02 20740784                  /usr/lib/x86_64-linux-gnu/libxcb-xfixes.so.0.0.0
7675ccf48000-7675ccf49000 r--p 00007000 103:02 20740784                  /usr/lib/x86_64-linux-gnu/libxcb-xfixes.so.0.0.0
7675ccf49000-7675ccf4a000 rw-p 00008000 103:02 20740784                  /usr/lib/x86_64-linux-gnu/libxcb-xfixes.so.0.0.0
7675ccf4a000-7675ccf4d000 r--p 00000000 103:02 20740782                  /usr/lib/x86_64-linux-gnu/libxcb-sync.so.1.0.0
7675ccf4d000-7675ccf50000 r-xp 00003000 103:02 20740782                  /usr/lib/x86_64-linux-gnu/libxcb-sync.so.1.0.0
7675ccf50000-7675ccf51000 r--p 00006000 103:02 20740782                  /usr/lib/x86_64-linux-gnu/libxcb-sync.so.1.0.0
7675ccf51000-7675ccf52000 r--p 00007000 103:02 20740782                  /usr/lib/x86_64-linux-gnu/libxcb-sync.so.1.0.0
7675ccf52000-7675ccf53000 rw-p 00008000 103:02 20740782                  /usr/lib/x86_64-linux-gnu/libxcb-sync.so.1.0.0
7675ccf53000-7675ccf5e000 r--p 00000000 103:02 20740775                  /usr/lib/x86_64-linux-gnu/libxcb-glx.so.0.0.0
7675ccf5e000-7675ccf67000 r-xp 0000b000 103:02 20740775                  /usr/lib/x86_64-linux-gnu/libxcb-glx.so.0.0.0
7675ccf67000-7675ccf6c000 r--p 00014000 103:02 20740775                  /usr/lib/x86_64-linux-gnu/libxcb-glx.so.0.0.0
7675ccf6c000-7675ccf6e000 r--p 00019000 103:02 20740775                  /usr/lib/x86_64-linux-gnu/libxcb-glx.so.0.0.0
7675ccf6e000-7675ccf6f000 rw-p 0001b000 103:02 20740775                  /usr/lib/x86_64-linux-gnu/libxcb-glx.so.0.0.0
7675ccf6f000-7675ccf72000 r--p 00000000 103:02 20739913                  /usr/lib/x86_64-linux-gnu/libGLX.so.0.0.0
7675ccf72000-7675ccf8d000 r-xp 00003000 103:02 20739913                  /usr/lib/x86_64-linux-gnu/libGLX.so.0.0.0
7675ccf8d000-7675ccf90000 r--p 0001e000 103:02 20739913                  /usr/lib/x86_64-linux-gnu/libGLX.so.0.0.0
7675ccf90000-7675ccf91000 r--p 00021000 103:02 20739913                  /usr/lib/x86_64-linux-gnu/libGLX.so.0.0.0
7675ccf91000-7675ccf92000 rw-p 00022000 103:02 20739913                  /usr/lib/x86_64-linux-gnu/libGLX.so.0.0.0
7675ccf92000-7675ccfa2000 rw-p 00000000 00:00 0 
7675ccfa2000-7675ccfa6000 ---p 00000000 00:00 0 
7675ccfa6000-7675cd0a2000 rw-p 00000000 00:00 0 
7675cd0a2000-7675cd0a3000 rw-p 00000000 00:00 0 
7675cd0a3000-7675cd0a4000 r-xp 00059000 00:2e 3917                       /tmp/lwjgl_tillman/3.3.3+5/x64/liblwjgl.so
7675cd0a4000-7675cd0a5000 rw-p 00000000 00:00 0 
7675cd0a5000-7675cd0a7000 r--p 00000000 103:02 20740774                  /usr/lib/x86_64-linux-gnu/libxcb-dri3.so.0.1.0
7675cd0a7000-7675cd0a9000 r-xp 00002000 103:02 20740774                  /usr/lib/x86_64-linux-gnu/libxcb-dri3.so.0.1.0
7675cd0a9000-7675cd0aa000 r--p 00004000 103:02 20740774                  /usr/lib/x86_64-linux-gnu/libxcb-dri3.so.0.1.0
7675cd0aa000-7675cd0ab000 r--p 00004000 103:02 20740774                  /usr/lib/x86_64-linux-gnu/libxcb-dri3.so.0.1.0
7675cd0ab000-7675cd0ac000 rw-p 00005000 103:02 20740774                  /usr/lib/x86_64-linux-gnu/libxcb-dri3.so.0.1.0
7675cd0ac000-7675cd0b3000 r--p 00000000 103:02 20740777                  /usr/lib/x86_64-linux-gnu/libxcb-randr.so.0.1.0
7675cd0b3000-7675cd0b8000 r-xp 00007000 103:02 20740777                  /usr/lib/x86_64-linux-gnu/libxcb-randr.so.0.1.0
7675cd0b8000-7675cd0bb000 r--p 0000c000 103:02 20740777                  /usr/lib/x86_64-linux-gnu/libxcb-randr.so.0.1.0
7675cd0bb000-7675cd0bc000 r--p 0000f000 103:02 20740777                  /usr/lib/x86_64-linux-gnu/libxcb-randr.so.0.1.0
7675cd0bc000-7675cd0bd000 rw-p 00010000 103:02 20740777                  /usr/lib/x86_64-linux-gnu/libxcb-randr.so.0.1.0
7675cd0bd000-7675cd0be000 r--p 00000000 103:02 20711711                  /usr/lib/x86_64-linux-gnu/libnvidia-tls.so.595.84
7675cd0be000-7675cd0c0000 r-xp 00001000 103:02 20711711                  /usr/lib/x86_64-linux-gnu/libnvidia-tls.so.595.84
7675cd0c0000-7675cd0c1000 r--p 00003000 103:02 20711711                  /usr/lib/x86_64-linux-gnu/libnvidia-tls.so.595.84
7675cd0c1000-7675cd0c2000 r--p 00003000 103:02 20711711                  /usr/lib/x86_64-linux-gnu/libnvidia-tls.so.595.84
7675cd0c2000-7675cd0c3000 rw-p 00004000 103:02 20711711                  /usr/lib/x86_64-linux-gnu/libnvidia-tls.so.595.84
7675cd0c3000-7675cd0c6000 r--p 00000000 103:02 20739936                  /usr/lib/x86_64-linux-gnu/libXcursor.so.1.0.2
7675cd0c6000-7675cd0cc000 r-xp 00003000 103:02 20739936                  /usr/lib/x86_64-linux-gnu/libXcursor.so.1.0.2
7675cd0cc000-7675cd0ce000 r--p 00009000 103:02 20739936                  /usr/lib/x86_64-linux-gnu/libXcursor.so.1.0.2
7675cd0ce000-7675cd0cf000 r--p 0000a000 103:02 20739936                  /usr/lib/x86_64-linux-gnu/libXcursor.so.1.0.2
7675cd0cf000-7675cd0d0000 rw-p 0000b000 103:02 20739936                  /usr/lib/x86_64-linux-gnu/libXcursor.so.1.0.2
7675cd0d0000-7675cd0de000 r--p 00000000 00:2e 3918                       /tmp/lwjgl_tillman/3.3.3+5/x64/libglfw.so
7675cd0de000-7675cd0fd000 r-xp 0000e000 00:2e 3918                       /tmp/lwjgl_tillman/3.3.3+5/x64/libglfw.so
7675cd0fd000-7675cd130000 r--p 0002d000 00:2e 3918                       /tmp/lwjgl_tillman/3.3.3+5/x64/libglfw.so
7675cd130000-7675cd131000 ---p 00060000 00:2e 3918                       /tmp/lwjgl_tillman/3.3.3+5/x64/libglfw.so
7675cd131000-7675cd134000 r--p 00060000 00:2e 3918                       /tmp/lwjgl_tillman/3.3.3+5/x64/libglfw.so
7675cd134000-7675cd137000 rw-p 00063000 00:2e 3918                       /tmp/lwjgl_tillman/3.3.3+5/x64/libglfw.so
7675cd137000-7675cd15a000 rw-p 00000000 00:00 0 
7675cd15a000-7675cd15e000 ---p 00000000 00:00 0 
7675cd15e000-7675cd25a000 rw-p 00000000 00:00 0 
7675cd25a000-7675cd25e000 ---p 00000000 00:00 0 
7675cd25e000-7675cd35a000 rw-p 00000000 00:00 0 
7675cd35a000-7675cd35e000 ---p 00000000 00:00 0 
7675cd35e000-7675cd45a000 rw-p 00000000 00:00 0 
7675cd45a000-7675cd45e000 ---p 00000000 00:00 0 
7675cd45e000-7675cd55a000 rw-p 00000000 00:00 0 
7675cd55a000-7675cd55b000 rw-p 00000000 00:00 0 
7675cd55b000-7675cd55f000 rw-s 00000000 00:07 1328                       /dev/nvidiactl
7675cd55f000-7675cd560000 rw-s 00000000 00:07 1329                       /dev/nvidia0
7675cd560000-7675cd562000 rw-s 00000000 00:07 1328                       /dev/nvidiactl
7675cd562000-7675cd563000 rw-s 00000000 00:07 1328                       /dev/nvidiactl
7675cd563000-7675cd664000 rw-p 00000000 00:00 0 
7675cd664000-7675cd697000 r--p 00000000 00:2e 3921                       /tmp/lwjgl_tillman/3.3.3+5/x64/liblwjgl_opengl.so
7675cd697000-7675cd6ab000 r-xp 00033000 00:2e 3921                       /tmp/lwjgl_tillman/3.3.3+5/x64/liblwjgl_opengl.so
7675cd6ab000-7675cd6bb000 r--p 00047000 00:2e 3921                       /tmp/lwjgl_tillman/3.3.3+5/x64/liblwjgl_opengl.so
7675cd6bb000-7675cd6bc000 r--p 00056000 00:2e 3921                       /tmp/lwjgl_tillman/3.3.3+5/x64/liblwjgl_opengl.so
7675cd6bc000-7675cd6bd000 rw-p 00057000 00:2e 3921                       /tmp/lwjgl_tillman/3.3.3+5/x64/liblwjgl_opengl.so
7675cd6bd000-7675ce0c7000 rw-p 00000000 00:00 0 
7675ce0c7000-7675ce0cb000 ---p 00000000 00:00 0 
7675ce0cb000-7675ce1c7000 rw-p 00000000 00:00 0 
7675ce1c7000-7675ce1cb000 ---p 00000000 00:00 0 
7675ce1cb000-7675ce2c7000 rw-p 00000000 00:00 0 
7675ce2c7000-7675ce2c8000 r--p 00000000 103:02 20740776                  /usr/lib/x86_64-linux-gnu/libxcb-present.so.0.0.0
7675ce2c8000-7675ce2c9000 r-xp 00001000 103:02 20740776                  /usr/lib/x86_64-linux-gnu/libxcb-present.so.0.0.0
7675ce2c9000-7675ce2ca000 r--p 00002000 103:02 20740776                  /usr/lib/x86_64-linux-gnu/libxcb-present.so.0.0.0
7675ce2ca000-7675ce2cb000 r--p 00002000 103:02 20740776                  /usr/lib/x86_64-linux-gnu/libxcb-present.so.0.0.0
7675ce2cb000-7675ce2cc000 rw-p 00003000 103:02 20740776                  /usr/lib/x86_64-linux-gnu/libxcb-present.so.0.0.0
7675ce2cc000-7675ce2cd000 r--p 00000000 103:02 20739930                  /usr/lib/x86_64-linux-gnu/libX11-xcb.so.1.0.0
7675ce2cd000-7675ce2ce000 r-xp 00001000 103:02 20739930                  /usr/lib/x86_64-linux-gnu/libX11-xcb.so.1.0.0
7675ce2ce000-7675ce2cf000 r--p 00002000 103:02 20739930                  /usr/lib/x86_64-linux-gnu/libX11-xcb.so.1.0.0
7675ce2cf000-7675ce2d0000 r--p 00002000 103:02 20739930                  /usr/lib/x86_64-linux-gnu/libX11-xcb.so.1.0.0
7675ce2d0000-7675ce2d1000 rw-p 00003000 103:02 20739930                  /usr/lib/x86_64-linux-gnu/libX11-xcb.so.1.0.0
7675ce2d1000-7675ce2d3000 r--p 00000000 103:02 20739949                  /usr/lib/x86_64-linux-gnu/libXrender.so.1.3.0
7675ce2d3000-7675ce2da000 r-xp 00002000 103:02 20739949                  /usr/lib/x86_64-linux-gnu/libXrender.so.1.3.0
7675ce2da000-7675ce2db000 r--p 00009000 103:02 20739949                  /usr/lib/x86_64-linux-gnu/libXrender.so.1.3.0
7675ce2db000-7675ce2dc000 r--p 00009000 103:02 20739949                  /usr/lib/x86_64-linux-gnu/libXrender.so.1.3.0
7675ce2dc000-7675ce2dd000 rw-p 0000a000 103:02 20739949                  /usr/lib/x86_64-linux-gnu/libXrender.so.1.3.0
7675ce2dd000-7675ce2e0000 r--p 00000000 103:02 20739943                  /usr/lib/x86_64-linux-gnu/libXi.so.6.1.0
7675ce2e0000-7675ce2ed000 r-xp 00003000 103:02 20739943                  /usr/lib/x86_64-linux-gnu/libXi.so.6.1.0
7675ce2ed000-7675ce2ef000 r--p 00010000 103:02 20739943                  /usr/lib/x86_64-linux-gnu/libXi.so.6.1.0
7675ce2ef000-7675ce2f0000 r--p 00012000 103:02 20739943                  /usr/lib/x86_64-linux-gnu/libXi.so.6.1.0
7675ce2f0000-7675ce2f1000 rw-p 00013000 103:02 20739943                  /usr/lib/x86_64-linux-gnu/libXi.so.6.1.0
7675ce2f1000-7675ce2f5000 r--p 00000000 103:02 20739939                  /usr/lib/x86_64-linux-gnu/libXext.so.6.4.0
7675ce2f5000-7675ce300000 r-xp 00004000 103:02 20739939                  /usr/lib/x86_64-linux-gnu/libXext.so.6.4.0
7675ce300000-7675ce303000 r--p 0000f000 103:02 20739939                  /usr/lib/x86_64-linux-gnu/libXext.so.6.4.0
7675ce303000-7675ce304000 r--p 00011000 103:02 20739939                  /usr/lib/x86_64-linux-gnu/libXext.so.6.4.0
7675ce304000-7675ce305000 rw-p 00012000 103:02 20739939                  /usr/lib/x86_64-linux-gnu/libXext.so.6.4.0
7675ce305000-7675ce311000 r--p 00000000 103:02 20740785                  /usr/lib/x86_64-linux-gnu/libxcb.so.1.1.0
7675ce311000-7675ce325000 r-xp 0000c000 103:02 20740785                  /usr/lib/x86_64-linux-gnu/libxcb.so.1.1.0
7675ce325000-7675ce32e000 r--p 00020000 103:02 20740785                  /usr/lib/x86_64-linux-gnu/libxcb.so.1.1.0
7675ce32e000-7675ce32f000 r--p 00028000 103:02 20740785                  /usr/lib/x86_64-linux-gnu/libxcb.so.1.1.0
7675ce32f000-7675ce330000 rw-p 00029000 103:02 20740785                  /usr/lib/x86_64-linux-gnu/libxcb.so.1.1.0
7675ce330000-7675ce334000 ---p 00000000 00:00 0 
7675ce334000-7675ce430000 rw-p 00000000 00:00 0 
7675ce430000-7675ce434000 ---p 00000000 00:00 0 
7675ce434000-7675ce530000 rw-p 00000000 00:00 0 
7675ce530000-7675ce534000 ---p 00000000 00:00 0 
7675ce534000-7675ce630000 rw-p 00000000 00:00 0 
7675ce630000-7675ce634000 ---p 00000000 00:00 0 
7675ce634000-7675ce730000 rw-p 00000000 00:00 0 
7675ce730000-7675ce734000 ---p 00000000 00:00 0 
7675ce734000-7675ce830000 rw-p 00000000 00:00 0 
7675ce830000-7675ce834000 ---p 00000000 00:00 0 
7675ce834000-7675ce930000 rw-p 00000000 00:00 0 
7675ce930000-7675ce934000 ---p 00000000 00:00 0 
7675ce934000-7675cea30000 rw-p 00000000 00:00 0 
7675cea30000-7675cea34000 ---p 00000000 00:00 0 
7675cea34000-7675ceb30000 rw-p 00000000 00:00 0 
7675ceb30000-7675ceb34000 ---p 00000000 00:00 0 
7675ceb34000-7675cec30000 rw-p 00000000 00:00 0 
7675cec30000-7675cecfe000 r-xp 00000000 103:02 24784629                  /home/tillman/.mcreator/gradle/jdks/eclipse_adoptium-21-amd64-linux.2/lib/libjsvml.so
7675cecfe000-7675cecff000 r--p 000cd000 103:02 24784629                  /home/tillman/.mcreator/gradle/jdks/eclipse_adoptium-21-amd64-linux.2/lib/libjsvml.so
7675cecff000-7675ced00000 rw-p 000ce000 103:02 24784629                  /home/tillman/.mcreator/gradle/jdks/eclipse_adoptium-21-amd64-linux.2/lib/libjsvml.so
7675ced00000-7675ced04000 ---p 00000000 00:00 0 
7675ced04000-7675cee00000 rw-p 00000000 00:00 0 
7675cee00000-7675cee04000 ---p 00000000 00:00 0 
7675cee04000-7675cef00000 rw-p 00000000 00:00 0 
7675cef00000-7675cef04000 ---p 00000000 00:00 0 
7675cef04000-7675cf000000 rw-p 00000000 00:00 0 
7675cf000000-7675cf004000 ---p 00000000 00:00 0 
7675cf004000-7675cf100000 rw-p 00000000 00:00 0 
7675cf100000-7675cf104000 ---p 00000000 00:00 0 
7675cf104000-7675cf200000 rw-p 00000000 00:00 0 
7675cf200000-7675cf204000 ---p 00000000 00:00 0 
7675cf204000-7675cf300000 rw-p 00000000 00:00 0 
7675cf300000-7675cf304000 ---p 00000000 00:00 0 
7675cf304000-7675cf400000 rw-p 00000000 00:00 0 
7675cf400000-7675cf977000 r--p 00000000 103:02 20710249                  /usr/lib/locale/locale-archive
7675cf977000-7675cf979000 r--p 00000000 103:02 20739948                  /usr/lib/x86_64-linux-gnu/libXrandr.so.2.2.0
7675cf979000-7675cf980000 r-xp 00002000 103:02 20739948                  /usr/lib/x86_64-linux-gnu/libXrandr.so.2.2.0
7675cf980000-7675cf982000 r--p 00009000 103:02 20739948                  /usr/lib/x86_64-linux-gnu/libXrandr.so.2.2.0
7675cf982000-7675cf983000 r--p 0000a000 103:02 20739948                  /usr/lib/x86_64-linux-gnu/libXrandr.so.2.2.0
7675cf983000-7675cf984000 rw-p 0000b000 103:02 20739948                  /usr/lib/x86_64-linux-gnu/libXrandr.so.2.2.0
7675cf984000-7675cf9ad000 r--p 00000000 00:2e 3917                       /tmp/lwjgl_tillman/3.3.3+5/x64/liblwjgl.so
7675cf9ad000-7675cf9df000 r-xp 00029000 00:2e 3917                       /tmp/lwjgl_tillman/3.3.3+5/x64/liblwjgl.so
7675cf9df000-7675cf9f8000 r--p 0005b000 00:2e 3917                       /tmp/lwjgl_tillman/3.3.3+5/x64/liblwjgl.so
7675cf9f8000-7675cf9f9000 r--p 00073000 00:2e 3917                       /tmp/lwjgl_tillman/3.3.3+5/x64/liblwjgl.so
7675cf9f9000-7675cf9fa000 rw-p 00074000 00:2e 3917                       /tmp/lwjgl_tillman/3.3.3+5/x64/liblwjgl.so
7675cf9fa000-7675cfdfe000 rw-p 00000000 00:00 0 
7675cfdfe000-7675d0021000 rw-p 00000000 00:00 0 
7675d0021000-7675d4000000 ---p 00000000 00:00 0 
7675d4000000-7675d4494000 rw-p 00000000 00:00 0 
7675d4494000-7675d8000000 ---p 00000000 00:00 0 
7675d8000000-7675d8021000 rw-p 00000000 00:00 0 
7675d8021000-7675dc000000 ---p 00000000 00:00 0 
7675dc000000-7675dc003000 rw-s 00000000 00:07 1328                       /dev/nvidiactl
7675dc003000-7675dc005000 r--p 00000000 103:02 20739940                  /usr/lib/x86_64-linux-gnu/libXfixes.so.3.1.0
7675dc005000-7675dc008000 r-xp 00002000 103:02 20739940                  /usr/lib/x86_64-linux-gnu/libXfixes.so.3.1.0
7675dc008000-7675dc009000 r--p 00005000 103:02 20739940                  /usr/lib/x86_64-linux-gnu/libXfixes.so.3.1.0
7675dc009000-7675dc00a000 r--p 00005000 103:02 20739940                  /usr/lib/x86_64-linux-gnu/libXfixes.so.3.1.0
7675dc00a000-7675dc00b000 rw-p 00006000 103:02 20739940                  /usr/lib/x86_64-linux-gnu/libXfixes.so.3.1.0
7675dc00b000-7675dc00c000 r--p 00000000 103:02 20739954                  /usr/lib/x86_64-linux-gnu/libXxf86vm.so.1.0.0
7675dc00c000-7675dc00f000 r-xp 00001000 103:02 20739954                  /usr/lib/x86_64-linux-gnu/libXxf86vm.so.1.0.0
7675dc00f000-7675dc010000 r--p 00004000 103:02 20739954                  /usr/lib/x86_64-linux-gnu/libXxf86vm.so.1.0.0
7675dc010000-7675dc011000 r--p 00004000 103:02 20739954                  /usr/lib/x86_64-linux-gnu/libXxf86vm.so.1.0.0
7675dc011000-7675dc012000 rw-p 00005000 103:02 20739954                  /usr/lib/x86_64-linux-gnu/libXxf86vm.so.1.0.0
7675dc012000-7675dc014000 rw-s 00000000 00:01 35879                      /memfd:/.glXXXXXX (deleted)
7675dc014000-7675dc015000 rw-s 00000000 00:07 1328                       /dev/nvidiactl
7675dc015000-7675dc025000 rw-s 00000000 00:07 1329                       /dev/nvidia0
7675dc025000-7675dc029000 ---p 00000000 00:00 0 
7675dc029000-7675dc047000 rw-p 00000000 00:00 0 
7675dc047000-7675dc054000 r-xp 00000000 103:02 24784640                  /home/tillman/.mcreator/gradle/jdks/eclipse_adoptium-21-amd64-linux.2/lib/libverify.so
7675dc054000-7675dc056000 r--p 0000c000 103:02 24784640                  /home/tillman/.mcreator/gradle/jdks/eclipse_adoptium-21-amd64-linux.2/lib/libverify.so
7675dc056000-7675dc057000 rw-p 0000e000 103:02 24784640                  /home/tillman/.mcreator/gradle/jdks/eclipse_adoptium-21-amd64-linux.2/lib/libverify.so
7675dc057000-7675dc072000 r-xp 00000000 103:02 24784588                  /home/tillman/.mcreator/gradle/jdks/eclipse_adoptium-21-amd64-linux.2/lib/libzip.so
7675dc072000-7675dc073000 r--p 0001a000 103:02 24784588                  /home/tillman/.mcreator/gradle/jdks/eclipse_adoptium-21-amd64-linux.2/lib/libzip.so
7675dc073000-7675dc074000 rw-p 0001b000 103:02 24784588                  /home/tillman/.mcreator/gradle/jdks/eclipse_adoptium-21-amd64-linux.2/lib/libzip.so
7675dc074000-7675dec00000 rw-p 00000000 00:00 0 
7675dec00000-7675dec04000 rw-s 00000000 00:07 1328                       /dev/nvidiactl
7675dec04000-7675dec06000 r--p 00000000 103:02 20739938                  /usr/lib/x86_64-linux-gnu/libXdmcp.so.6.0.0
7675dec06000-7675dec08000 r-xp 00002000 103:02 20739938                  /usr/lib/x86_64-linux-gnu/libXdmcp.so.6.0.0
7675dec08000-7675dec0a000 r--p 00004000 103:02 20739938                  /usr/lib/x86_64-linux-gnu/libXdmcp.so.6.0.0
7675dec0a000-7675dec0b000 r--p 00005000 103:02 20739938                  /usr/lib/x86_64-linux-gnu/libXdmcp.so.6.0.0
7675dec0b000-7675dec0c000 rw-p 00006000 103:02 20739938                  /usr/lib/x86_64-linux-gnu/libXdmcp.so.6.0.0
7675dec0c000-7675deca8000 rw-p 00000000 00:00 0 
7675deca8000-7675defab000 rw-p 00000000 00:00 0 
7675defab000-7675df68b000 rw-p 00000000 00:00 0 
7675df68b000-7675df73b000 ---p 00000000 00:00 0 
7675df73b000-7675df74b000 rw-p 00000000 00:00 0 
7675df74b000-7675e688b000 ---p 00000000 00:00 0 
7675e688b000-7675e6997000 rw-p 00000000 00:00 0 
7675e6997000-7675e69ad000 ---p 00000000 00:00 0 
7675e69ad000-7675e69af000 rw-p 00000000 00:00 0 
7675e69af000-7675e77d7000 ---p 00000000 00:00 0 
7675e77d7000-7675e78b9000 rw-p 00000000 00:00 0 
7675e78b9000-7675e78cf000 ---p 00000000 00:00 0 
7675e78cf000-7675e78d1000 rw-p 00000000 00:00 0 
7675e78d1000-7675e86f9000 ---p 00000000 00:00 0 
7675e86f9000-7675e8800000 rw-p 00000000 00:00 0 
7675e8800000-7675e98c0000 rwxp 00000000 00:00 0 
7675e98c0000-7675efc5f000 ---p 00000000 00:00 0 
7675efc5f000-7675f00bf000 rwxp 00000000 00:00 0 
7675f00bf000-7675f03a0000 ---p 00000000 00:00 0 
7675f03a0000-7675f0c00000 rwxp 00000000 00:00 0 
7675f0c00000-7675f7800000 ---p 00000000 00:00 0 
7675f7800000-7675fffaa000 r--s 00000000 103:02 24784620                  /home/tillman/.mcreator/gradle/jdks/eclipse_adoptium-21-amd64-linux.2/lib/modules
7675fffaa000-7675fffab000 r--p 00000000 103:02 20739944                  /usr/lib/x86_64-linux-gnu/libXinerama.so.1.0.0
7675fffab000-7675fffac000 r-xp 00001000 103:02 20739944                  /usr/lib/x86_64-linux-gnu/libXinerama.so.1.0.0
7675fffac000-7675fffad000 r--p 00002000 103:02 20739944                  /usr/lib/x86_64-linux-gnu/libXinerama.so.1.0.0
7675fffad000-7675fffae000 r--p 00002000 103:02 20739944                  /usr/lib/x86_64-linux-gnu/libXinerama.so.1.0.0
7675fffae000-7675fffaf000 rw-p 00003000 103:02 20739944                  /usr/lib/x86_64-linux-gnu/libXinerama.so.1.0.0
7675fffaf000-7675fffb0000 r--p 00000000 103:02 20739933                  /usr/lib/x86_64-linux-gnu/libXau.so.6.0.0
7675fffb0000-7675fffb2000 r-xp 00001000 103:02 20739933                  /usr/lib/x86_64-linux-gnu/libXau.so.6.0.0
7675fffb2000-7675fffb3000 r--p 00003000 103:02 20739933                  /usr/lib/x86_64-linux-gnu/libXau.so.6.0.0
7675fffb3000-7675fffb4000 r--p 00003000 103:02 20739933                  /usr/lib/x86_64-linux-gnu/libXau.so.6.0.0
7675fffb4000-7675fffb5000 rw-p 00004000 103:02 20739933                  /usr/lib/x86_64-linux-gnu/libXau.so.6.0.0
7675fffb5000-7675fffc1000 r-xp 00000000 103:02 24784594                  /home/tillman/.mcreator/gradle/jdks/eclipse_adoptium-21-amd64-linux.2/lib/libnet.so
7675fffc1000-7675fffc2000 r--p 0000b000 103:02 24784594                  /home/tillman/.mcreator/gradle/jdks/eclipse_adoptium-21-amd64-linux.2/lib/libnet.so
7675fffc2000-7675fffc3000 rw-p 0000c000 103:02 24784594                  /home/tillman/.mcreator/gradle/jdks/eclipse_adoptium-21-amd64-linux.2/lib/libnet.so
7675fffc3000-767601d83000 rw-p 00000000 00:00 0 
767601d83000-767604000000 ---p 00000000 00:00 0 
767604000000-767604001000 rw-s 00000000 00:07 1329                       /dev/nvidia0
767604001000-767604003000 r-xp 00000000 103:02 24784618                  /home/tillman/.mcreator/gradle/jdks/eclipse_adoptium-21-amd64-linux.2/lib/libextnet.so
767604003000-767604004000 r--p 00001000 103:02 24784618                  /home/tillman/.mcreator/gradle/jdks/eclipse_adoptium-21-amd64-linux.2/lib/libextnet.so
767604004000-767604005000 rw-p 00002000 103:02 24784618                  /home/tillman/.mcreator/gradle/jdks/eclipse_adoptium-21-amd64-linux.2/lib/libextnet.so
767604005000-767604d19000 rw-p 00000000 00:00 0 
767604d19000-767604df1000 ---p 00000000 00:00 0 
767604df1000-767604e13000 rw-p 00000000 00:00 0 
767604e13000-767604eda000 ---p 00000000 00:00 0 
767604eda000-767604eec000 r--p 00000000 103:02 20712532                  /usr/lib/x86_64-linux-gnu/libm.so.6
767604eec000-767604f8c000 r-xp 00012000 103:02 20712532                  /usr/lib/x86_64-linux-gnu/libm.so.6
767604f8c000-767604ffe000 r--p 000b2000 103:02 20712532                  /usr/lib/x86_64-linux-gnu/libm.so.6
767604ffe000-767604fff000 r--p 00123000 103:02 20712532                  /usr/lib/x86_64-linux-gnu/libm.so.6
767604fff000-767605000000 rw-p 00124000 103:02 20712532                  /usr/lib/x86_64-linux-gnu/libm.so.6
767605000000-76760643a000 r-xp 00000000 103:02 24784633                  /home/tillman/.mcreator/gradle/jdks/eclipse_adoptium-21-amd64-linux.2/lib/server/libjvm.so
76760643a000-76760650f000 r--p 01439000 103:02 24784633                  /home/tillman/.mcreator/gradle/jdks/eclipse_adoptium-21-amd64-linux.2/lib/server/libjvm.so
76760650f000-76760653f000 rw-p 0150e000 103:02 24784633                  /home/tillman/.mcreator/gradle/jdks/eclipse_adoptium-21-amd64-linux.2/lib/server/libjvm.so
76760653f000-7676065a5000 rw-p 00000000 00:00 0 
7676065a5000-7676065a7000 rw-s 00000000 00:07 1328                       /dev/nvidiactl
7676065a7000-7676065bb000 r-xp 00000000 103:02 24784636                  /home/tillman/.mcreator/gradle/jdks/eclipse_adoptium-21-amd64-linux.2/lib/libnio.so
7676065bb000-7676065bc000 r--p 00013000 103:02 24784636                  /home/tillman/.mcreator/gradle/jdks/eclipse_adoptium-21-amd64-linux.2/lib/libnio.so
7676065bc000-7676065bd000 rw-p 00014000 103:02 24784636                  /home/tillman/.mcreator/gradle/jdks/eclipse_adoptium-21-amd64-linux.2/lib/libnio.so
7676065bd000-7676065de000 r-xp 00000000 103:02 24784598                  /home/tillman/.mcreator/gradle/jdks/eclipse_adoptium-21-amd64-linux.2/lib/libjava.so
7676065de000-7676065df000 r--p 00020000 103:02 24784598                  /home/tillman/.mcreator/gradle/jdks/eclipse_adoptium-21-amd64-linux.2/lib/libjava.so
7676065df000-7676065e0000 rw-p 00021000 103:02 24784598                  /home/tillman/.mcreator/gradle/jdks/eclipse_adoptium-21-amd64-linux.2/lib/libjava.so
7676065e0000-7676065e1000 rw-p 00000000 00:00 0 
7676065e1000-7676065fc000 r-xp 00000000 103:02 24784619                  /home/tillman/.mcreator/gradle/jdks/eclipse_adoptium-21-amd64-linux.2/lib/libjimage.so
7676065fc000-7676065fd000 ---p 0001b000 103:02 24784619                  /home/tillman/.mcreator/gradle/jdks/eclipse_adoptium-21-amd64-linux.2/lib/libjimage.so
7676065fd000-7676065ff000 r--p 0001b000 103:02 24784619                  /home/tillman/.mcreator/gradle/jdks/eclipse_adoptium-21-amd64-linux.2/lib/libjimage.so
7676065ff000-767606600000 rw-p 0001d000 103:02 24784619                  /home/tillman/.mcreator/gradle/jdks/eclipse_adoptium-21-amd64-linux.2/lib/libjimage.so
767606600000-767606628000 r--p 00000000 103:02 20712529                  /usr/lib/x86_64-linux-gnu/libc.so.6
767606628000-7676067c0000 r-xp 00028000 103:02 20712529                  /usr/lib/x86_64-linux-gnu/libc.so.6
7676067c0000-76760680e000 r--p 001c0000 103:02 20712529                  /usr/lib/x86_64-linux-gnu/libc.so.6
76760680e000-767606812000 r--p 0020d000 103:02 20712529                  /usr/lib/x86_64-linux-gnu/libc.so.6
767606812000-767606814000 rw-p 00211000 103:02 20712529                  /usr/lib/x86_64-linux-gnu/libc.so.6
767606814000-767606821000 rw-p 00000000 00:00 0 
767606821000-767606822000 rw-s 00000000 00:07 1328                       /dev/nvidiactl
767606822000-767606823000 rw-s 00000000 00:07 1328                       /dev/nvidiactl
767606823000-767606829000 r-xp 00000000 103:02 24784600                  /home/tillman/.mcreator/gradle/jdks/eclipse_adoptium-21-amd64-linux.2/lib/libmanagement_ext.so
767606829000-76760682a000 r--p 00005000 103:02 24784600                  /home/tillman/.mcreator/gradle/jdks/eclipse_adoptium-21-amd64-linux.2/lib/libmanagement_ext.so
76760682a000-76760682b000 rw-p 00006000 103:02 24784600                  /home/tillman/.mcreator/gradle/jdks/eclipse_adoptium-21-amd64-linux.2/lib/libmanagement_ext.so
76760682b000-767606834000 rw-p 00000000 00:00 0 
767606834000-76760683a000 ---p 00000000 00:00 0 
76760683a000-76760683e000 ---p 00000000 00:00 0 
76760683e000-76760693a000 rw-p 00000000 00:00 0 
76760693a000-76760693b000 r--p 00000000 103:02 20712543                  /usr/lib/x86_64-linux-gnu/librt.so.1
76760693b000-76760693c000 r-xp 00001000 103:02 20712543                  /usr/lib/x86_64-linux-gnu/librt.so.1
76760693c000-76760693d000 r--p 00002000 103:02 20712543                  /usr/lib/x86_64-linux-gnu/librt.so.1
76760693d000-76760693e000 r--p 00002000 103:02 20712543                  /usr/lib/x86_64-linux-gnu/librt.so.1
76760693e000-76760693f000 rw-p 00003000 103:02 20712543                  /usr/lib/x86_64-linux-gnu/librt.so.1
76760693f000-767606941000 rw-p 00000000 00:00 0 
767606941000-767606942000 r--p 00000000 103:02 20712531                  /usr/lib/x86_64-linux-gnu/libdl.so.2
767606942000-767606943000 r-xp 00001000 103:02 20712531                  /usr/lib/x86_64-linux-gnu/libdl.so.2
767606943000-767606944000 r--p 00002000 103:02 20712531                  /usr/lib/x86_64-linux-gnu/libdl.so.2
767606944000-767606945000 r--p 00002000 103:02 20712531                  /usr/lib/x86_64-linux-gnu/libdl.so.2
767606945000-767606946000 rw-p 00003000 103:02 20712531                  /usr/lib/x86_64-linux-gnu/libdl.so.2
767606946000-767606947000 r--p 00000000 103:02 20712541                  /usr/lib/x86_64-linux-gnu/libpthread.so.0
767606947000-767606948000 r-xp 00001000 103:02 20712541                  /usr/lib/x86_64-linux-gnu/libpthread.so.0
767606948000-767606949000 r--p 00002000 103:02 20712541                  /usr/lib/x86_64-linux-gnu/libpthread.so.0
767606949000-76760694a000 r--p 00002000 103:02 20712541                  /usr/lib/x86_64-linux-gnu/libpthread.so.0
76760694a000-76760694b000 rw-p 00003000 103:02 20712541                  /usr/lib/x86_64-linux-gnu/libpthread.so.0
76760694b000-76760694c000 r--s 00000000 00:07 1328                       /dev/nvidiactl
76760694c000-76760694d000 r--p 00000000 00:00 0 
76760694d000-767606951000 r-xp 00000000 103:02 24784602                  /home/tillman/.mcreator/gradle/jdks/eclipse_adoptium-21-amd64-linux.2/lib/libmanagement.so
767606951000-767606952000 r--p 00003000 103:02 24784602                  /home/tillman/.mcreator/gradle/jdks/eclipse_adoptium-21-amd64-linux.2/lib/libmanagement.so
767606952000-767606953000 rw-p 00004000 103:02 24784602                  /home/tillman/.mcreator/gradle/jdks/eclipse_adoptium-21-amd64-linux.2/lib/libmanagement.so
767606953000-76760695b000 rw-s 00000000 00:2e 5637                       /tmp/hsperfdata_tillman/54550
76760695b000-76760695c000 ---p 00000000 00:00 0 
76760695c000-76760695d000 r--p 00000000 00:00 0 
76760695d000-76760695e000 ---p 00000000 00:00 0 
76760695e000-767606977000 r-xp 00000000 103:02 24784593                  /home/tillman/.mcreator/gradle/jdks/eclipse_adoptium-21-amd64-linux.2/lib/libjli.so
767606977000-767606978000 r--p 00018000 103:02 24784593                  /home/tillman/.mcreator/gradle/jdks/eclipse_adoptium-21-amd64-linux.2/lib/libjli.so
767606978000-767606979000 rw-p 00019000 103:02 24784593                  /home/tillman/.mcreator/gradle/jdks/eclipse_adoptium-21-amd64-linux.2/lib/libjli.so
767606979000-76760697b000 rw-p 00000000 00:00 0 
76760697b000-76760697f000 r--p 00000000 00:00 0                          [vvar]
76760697f000-767606981000 r--p 00000000 00:00 0                          [vvar_vclock]
767606981000-767606983000 r-xp 00000000 00:00 0                          [vdso]
767606983000-767606984000 r--p 00000000 103:02 20712526                  /usr/lib/x86_64-linux-gnu/ld-linux-x86-64.so.2
767606984000-7676069b3000 r-xp 00001000 103:02 20712526                  /usr/lib/x86_64-linux-gnu/ld-linux-x86-64.so.2
7676069b3000-7676069be000 r--p 00030000 103:02 20712526                  /usr/lib/x86_64-linux-gnu/ld-linux-x86-64.so.2
7676069be000-7676069c0000 r--p 0003b000 103:02 20712526                  /usr/lib/x86_64-linux-gnu/ld-linux-x86-64.so.2
7676069c0000-7676069c1000 rw-p 0003d000 103:02 20712526                  /usr/lib/x86_64-linux-gnu/ld-linux-x86-64.so.2
7676069c1000-7676069c2000 rw-p 00000000 00:00 0 
7fff09122000-7fff09147000 rw-p 00000000 00:00 0                          [stack]
ffffffffff600000-ffffffffff601000 --xp 00000000 00:00 0                  [vsyscall]
Total number of mappings: 676

JVMTI agents: none


VM Arguments:
jvm_args: -Dfml.modFolders=mcreator%%/home/tillman/Desktop/programmieren/minecraft/MODS/playerTracker/build/classes/java/main:mcreator%%/home/tillman/Desktop/programmieren/minecraft/MODS/playerTracker/build/resources/main --module-path=/home/tillman/.mcreator/gradle/caches/modules-2/files-2.1/cpw.mods/bootstraplauncher/2.0.2/1a2d076cbc33b0520cbacd591224427b2a20047d/bootstraplauncher-2.0.2.jar:/home/tillman/.mcreator/gradle/caches/modules-2/files-2.1/cpw.mods/securejarhandler/3.0.8/c0ef95cecd8699a0449053ac7d9c160748d902cd/securejarhandler-3.0.8.jar:/home/tillman/.mcreator/gradle/caches/modules-2/files-2.1/org.ow2.asm/asm-commons/9.8/36e4d212970388e5bd2c5180292012502df461bb/asm-commons-9.8.jar:/home/tillman/.mcreator/gradle/caches/modules-2/files-2.1/org.ow2.asm/asm-util/9.8/395f1c1f035258511f27bc9b2583d76e4b143f59/asm-util-9.8.jar:/home/tillman/.mcreator/gradle/caches/modules-2/files-2.1/org.ow2.asm/asm-analysis/9.8/b9747a320844b6cb1eacd90d8ecfd260a16c01d3/asm-analysis-9.8.jar:/home/tillman/.mcreator/gradle/caches/modules-2/files-2.1/org.ow2.asm/asm-tree/9.8/18419ca5b77a2f81097c741e7872e6ab8d2f40d/asm-tree-9.8.jar:/home/tillman/.mcreator/gradle/caches/modules-2/files-2.1/org.ow2.asm/asm/9.8/dc19ecb3f7889b7860697215cae99c0f9b6f6b4b/asm-9.8.jar:/home/tillman/.mcreator/gradle/caches/modules-2/files-2.1/net.neoforged/JarJarFileSystems/0.4.1/78f59f89defcd032ed788b151ca6a0d40ace796a/JarJarFileSystems-0.4.1.jar --add-modules=ALL-MODULE-PATH --add-opens=java.base/java.util.jar=cpw.mods.securejarhandler --add-opens=java.base/java.lang.invoke=cpw.mods.securejarhandler --add-exports=java.base/sun.security.util=cpw.mods.securejarhandler --add-exports=jdk.naming.dns/com.sun.jndi.dns=java.naming -Dcom.sun.management.jmxremote.port=1099 -Dcom.sun.management.jmxremote.local.only=true -Dcom.sun.management.jmxremote.ssl=false -Dcom.sun.management.jmxremote.authenticate=false -Dlog4j2.configurationFile=/home/tillman/Desktop/programmieren/minecraft/MODS/playerTracker/build/moddev/clientLog4j2.xml -Djava.net.preferIPv6Addresses=system -DignoreList=mixinextras-neoforge-0.5.3.jar,client-extra,neoforge- -DlegacyClassPath.file=/home/tillman/Desktop/programmieren/minecraft/MODS/playerTracker/build/moddev/clientLegacyClasspath.txt -Dneoforge.enableGameTest=true -Dforge.logging.markers=REGISTRIES -Dfile.encoding=UTF-8 -Duser.country=US -Duser.language=en -Duser.variant 
java_command: net.neoforged.devlaunch.Main @/home/tillman/Desktop/programmieren/minecraft/MODS/playerTracker/build/moddev/clientRunProgramArgs.txt
java_class_path (initial): /home/tillman/Desktop/programmieren/minecraft/MODS/playerTracker/build/classes/java/main:/home/tillman/Desktop/programmieren/minecraft/MODS/playerTracker/build/resources/main:/home/tillman/Desktop/programmieren/minecraft/MODS/playerTracker/build/moddev/artifacts/neoforge-21.1.232.jar:/home/tillman/Desktop/programmieren/minecraft/MODS/playerTracker/build/moddev/artifacts/neoforge-21.1.232-client-extra-aka-minecraft-resources.jar:/home/tillman/.mcreator/gradle/caches/modules-2/files-2.1/net.neoforged/DevLaunch/1.0.2/2e0e9a67793d5bfdedee4f9ea00934dbf3f2e22d/DevLaunch-1.0.2.jar:/home/tillman/.mcreator/gradle/caches/modules-2/files-2.1/net.neoforged.fancymodloader/earlydisplay/4.0.42/46555dbfff14e9e052f1f693aed14d542a74e111/earlydisplay-4.0.42.jar:/home/tillman/.mcreator/gradle/caches/modules-2/files-2.1/net.neoforged.fancymodloader/loader/4.0.42/76e15f98bf676fb44b36c5e776f52a55581ec43a/loader-4.0.42.jar:/home/tillman/.mcreator/gradle/caches/modules-2/files-2.1/net.neoforged.accesstransformers/at-modlauncher/10.0.1/5aba50202aceead086bc09fbc2751c9f05cb4890/at-modlauncher-10.0.1.jar:/home/tillman/.mcreator/gradle/caches/modules-2/files-2.1/net.neoforged/accesstransformers/10.0.1/fd83b5725f76eae9115e9355fa1c456a6a441400/accesstransformers-10.0.1.jar:/home/tillman/.mcreator/gradle/caches/modules-2/files-2.1/net.neoforged/bus/8.0.5/5b2d33285ab5d1554e9798ad98c40d6ea3868bd5/bus-8.0.5.jar:/home/tillman/.mcreator/gradle/caches/modules-2/files-2.1/net.neoforged/coremods/7.0.3/9147e6f638b4272b3bd5fc8f92ad37802512c6c/coremods-7.0.3.jar:/home/tillman/.mcreator/gradle/caches/modules-2/files-2.1/cpw.mods/modlauncher/11.0.5/b8f0d49294f733fdb6173931b263553e943dc950/modlauncher-11.0.5.jar:/home/tillman/.mcreator/gradle/caches/modules-2/files-2.1/net.neoforged/mergetool/2.0.0/52fe1949be64e3303aabaaa21e315f551db9c9f4/mergetool-2.0.0-api.jar:/home/tillman/.mcreator/gradle/caches/modules-2/files-2.1/com.electronwill.night-config/toml/3.8.3/90b2fd6efcb4a7d5b9810cf78f9d824994d717f2/toml-3.8.3.jar:/home/tillman/.mcreator/gradle/caches/modules-2/files-2.1/com.electronwill.night-config/core/3.8.3/b442a95f09e349927f5a945ecb594455870fcf4f/core-3.8.3.jar:/home/tillman/.mcreator/gradle/caches/modules-2/files-2.1/net.neoforged/JarJarSelector/0.4.1/fb3cc7a58af22ad2880adb98af6d518128c47dae/JarJarSelector-0.4.1.jar:/home/tillman/.mcreator/gradle/caches/modules-2/files-2.1/net.neoforged/JarJarMetadata/0.4.1/f8da03683dc81694556dc3e177c5e3bb77ae6fcb/JarJarMetadata-0.4.1.jar:/home/tillman/.mcreator/gradle/caches/modules-2/files-2.1/org.apache.maven/maven-artifact/3.8.5/4433f50c07debefaed0553bd0068f4f48d449313/maven-artifact-3.8.5.jar:/home/tillman/.mcreator/gradle/caches/modules-2/files-2.1/net.jodah/typetools/0.6.3/a01aaa6ddaea9ec07ec4f209487b7a46a526283a/typetools-0.6.3.jar:/home/tillman/.mcreator/gradle/caches/modules-2/files-2.1/net.minecrell/terminalconsoleappender/1.3.0/b562e9bb61235c9520e26282cdee71f8f802d1fc/terminalconsoleappender-1.3.0.jar:/home/tillman/.mcreator/gradle/caches/modules-2/files-2.1/net.fabricmc/sponge-mixin/0.15.2+mixin.0.8.7/2af2f021d8e02a0220dc27a7a72b4666d66d44ca/sponge-mixin-0.15.2+mixin.0.8.7.jar:/home/tillman/.mcreator/gradle/caches/modules-2/files-2.1/org.openjdk.nashorn/nashorn-core/15.4/f67f5ffaa5f5130cf6fb9b133da00c7df3b532a5/nashorn-core-15.4.jar:/home/tillman/.mcreator/gradle/caches/modules-2/files-2.1/org.apache.commons/commons-lang3/3.14.0/1ed471194b02f2c6cb734a0cd6f6f107c673afae/commons-lang3-3.14.0.jar:/home/tillman/.mcreator/gradle/caches/modules-2/files-2.1/cpw.mods/bootstraplauncher/2.0.2/1a2d076cbc33b0520cbacd591224427b2a20047d/bootstraplauncher-2.0.2.jar:/home/tillman/.mcreator/gradle/caches/modules-2/files-2.1/cpw.mods/securejarhandler/3.0.8/c0ef95cecd8699a0449053ac7d9c160748d902cd/securejarhandler-3.0.8.jar:/home/tillman/.mcreator/gradle/caches/modules-2/files-2.1/org.ow2.asm/asm-commons/9.8/36e4d212970388e5bd2c5180292012502df461bb/asm-commons-9.8.jar:/home/tillman/.mcreator/gradle/caches/modules-2/files-2.1/org.ow2.asm/asm-util/9.8/395f1c1f035258511f27bc9b2583d76e4b143f59/asm-util-9.8.jar:/home/tillman/.mcreator/gradle/caches/modules-2/files-2.1/org.ow2.asm/asm-analysis/9.8/b9747a320844b6cb1eacd90d8ecfd260a16c01d3/asm-analysis-9.8.jar:/home/tillman/.mcreator/gradle/caches/modules-2/files-2.1/org.ow2.asm/asm-tree/9.8/18419ca5b77a2f81097c741e7872e6ab8d2f40d/asm-tree-9.8.jar:/home/tillman/.mcreator/gradle/caches/modules-2/files-2.1/org.ow2.asm/asm/9.8/dc19ecb3f7889b7860697215cae99c0f9b6f6b4b/asm-9.8.jar:/home/tillman/.mcreator/gradle/caches/modules-2/files-2.1/net.neoforged/JarJarFileSystems/0.4.1/78f59f89defcd032ed788b151ca6a0d40ace796a/JarJarFileSystems-0.4.1.jar:/home/tillman/.mcreator/gradle/caches/modules-2/files-2.1/net.sf.jopt-simple/jopt-simple/5.0.4/4fdac2fbe92dfad86aa6e9301736f6b4342a3f5c/jopt-simple-5.0.4.jar:/home/tillman/.mcreator/gradle/caches/modules-2/files-2.1/commons-io/commons-io/2.15.1/f11560da189ab563a5c8e351941415430e9304ea/commons-io-2.15.1.jar:/home/tillman/.mcreator/gradle/caches/modules-2/files-2.1/com.mojang/logging/1.2.7/24cb95ffb0e3433fd6e844c04e68009e504ca1c0/logging-1.2.7.jar:/home/tillman/.mcreator/gradle/caches/modules-2/files-2.1/org.apache.logging.log4j/log4j-slf4j2-impl/2.22.1/d7e6693c2606cb7e7335047d7bb96dec52db5665/log4j-slf4j2-impl-2.22.1.jar:/home/tillman/.mcreator/gradle/caches/modules-2/files-2.1/org.apache.logging.log4j/log4j-core/2.22.1/7183a25510a02ad00cc6a95d3b3d2a7d3c5a8dc4/log4j-core-2.22.1.jar:/home/tillman/.mcreator/gradle/caches/modules-2/files-2.1/org.apache.logging.log4j/log4j-api/2.22.1/bea6fede6328fabafd7e68363161a7ea6605abd1/log4j-api-2.22.1.jar:/home/tillman/.mcreator/gradle/caches/modules-2/files-2.1/com.google.guava/guava/32.1.2-jre/5e64ec7e056456bef3a4bc4c6fdaef71e8ab6318/guava-32.1.2-jre.jar:/home/tillman/.mcreator/gradle/caches/modules-2/files-2.1/com.google.code.gson/gson/2.10.1/b3add478d4382b78ea20b1671390a858002feb6c/gson-2.10.1.jar:/home/tillman/.mcreator/gradle/caches/modules-2/files-2.1/org.slf4j/slf4j-api/2.0.9/7cf2726fdcfbc8610f9a71fb3ed639871f315340/slf4j-api-2.0.9.jar:/home/tillman/.mcreator/gradle/caches/modules-2/files-2.1/org.antlr/antlr4-runtime/4.13.1/17125bae1d965624e265ef49552f6465a2bfa307/antlr4-runtime-4.13.1.jar:/home/tillman/.mcreator/gradle/caches/modules-2/files-2.1/net.minecraftforge/srgutils/0.4.15/ca408b131759478f164e010fae0d73997e125fb5/srgutils-0.4.15.jar:/home/tillman/.mcreator/gradle/caches/modules-2/files-2.1/org.codehaus.plexus/plexus-utils/3.3.0/cf43b5391de623b36fe066a21127baef82c64022/plexus-utils-3.3.0.jar:/home/tillman/.mcreator/gradle/caches/modules-2/files-2.1/org.jline/jline-reader/3.20.0/8f15415b022a25b473e8e16c28ae913186ffb9c4/jline-reader-3.20.0.jar:/home/tillman/.mcreator/gradle/caches/modules-2/files-2.1/com.machinezoo.noexception/noexception/1.7.1/b65330c98e38a1f915fa54a6e5eca496505e3f0a/noexception-1.7.1.jar:/home/tillman/.mcreator/gradle/caches/modules-2/files-2.1/com.google.guava/failureaccess/1.0.1/1dcf1de382a0bf95a3d8b0849546c88bac1292c9/failureaccess-1.0.1.jar:/home/tillman/.mcreator/gradle/caches/modules-2/files-2.1/com.google.guava/listenablefuture/9999.0-empty-to-avoid-conflict-with-guava/b421526c5f297295adef1c886e5246c39d4ac629/listenablefuture-9999.0-empty-to-avoid-conflict-with-guava.jar:/home/tillman/.mcreator/gradle/caches/modules-2/files-2.1/com.google.code.findbugs/jsr305/3.0.2/25ea2e8b0c338a877313bd4672d3fe056ea78f0d/jsr305-3.0.2.jar:/home/tillman/.mcreator/gradle/caches/modules-2/files-2.1/org.checkerframework/checker-qual/3.33.0/de2b60b62da487644fc11f734e73c8b0b431238f/checker-qual-3.33.0.jar:/home/tillman/.mcreator/gradle/caches/modules-2/files-2.1/com.google.errorprone/error_prone_annotations/2.18.0/89b684257096f548fa39a7df9fdaa409d4d4df91/error_prone_annotations-2.18.0.jar:/home/tillman/.mcreator/gradle/caches/modules-2/files-2.1/com.google.j2objc/j2objc-annotations/2.8/c85270e307e7b822f1086b93689124b89768e273/j2objc-annotations-2.8.jar:/home/tillman/.mcreator/gradle/caches/modules-2/files-2.1/org.jline/jline-terminal/3.20.0/d0ddcc708ddf527a3454c941b7b9225cc83a15ff/jline-terminal-3.20.0.jar:/home/tillman/.mcreator/gradle/caches/modules-2/files-2.1/com.github.oshi/oshi-core/6.4.10/b1d8ab82d11d92fd639b56d639f8f46f739dd5fa/oshi-core-6.4.10.jar:/home/tillman/.mcreator/gradle/caches/modules-2/files-2.1/com.ibm.icu/icu4j/73.2/61ad4ef7f9131fcf6d25c34b817f90d6da06c9e9/icu4j-73.2.jar:/home/tillman/.mcreator/gradle/caches/modules-2/files-2.1/com.mojang/authlib/6.0.54/de8bc95660e1b2fe8793fd427a7a10dcec5b3ea7/authlib-6.0.54.jar:/home/tillman/.mcreator/gradle/caches/modules-2/files-2.1/com.mojang/blocklist/1.0.10/5c685c5ffa94c4cd39496c7184c1d122e515ecef/blocklist-1.0.10.jar:/home/tillman/.mcreator/gradle/caches/modules-2/files-2.1/com.mojang/brigadier/1.3.10/d15b53a14cf20fdcaa98f731af5dda654452c010/brigadier-1.3.10.jar:/home/tillman/.mcreator/gradle/caches/modules-2/files-2.1/com.mojang/datafixerupper/8.0.16/67d4de6d7f95d89bcf5862995fb854ebaec02a34/datafixerupper-8.0.16.jar:/home/tillman/.mcreator/gradle/caches/modules-2/files-2.1/com.mojang/patchy/2.2.10/da05971b07cbb379d002cf7eaec6a2048211fefc/patchy-2.2.10.jar:/home/tillman/.mcreator/gradle/caches/modules-2/files-2.1/com.mojang/text2speech/1.17.9/3cad216e3a7f0c19b4b394388bc9ffc446f13b14/text2speech-1.17.9.jar:/home/tillman/.mcreator/gradle/caches/modules-2/files-2.1/commons-codec/commons-codec/1.16.0/4e3eb3d79888d76b54e28b350915b5dc3919c9de/commons-codec-1.16.0.jar:/home/tillman/.mcreator/gradle/caches/modules-2/files-2.1/commons-logging/commons-logging/1.2/4bfc12adfe4842bf07b657f0369c4cb522955686/commons-logging-1.2.jar:/home/tillman/.mcreator/gradle/caches/modules-2/files-2.1/io.netty/netty-buffer/4.1.97.Final/f8f3d8644afa5e6e1a40a3a6aeb9d9aa970ecb4f/netty-buffer-4.1.97.Final.jar:/home/tillman/.mcreator/gradle/caches/modules-2/files-2.1/io.netty/netty-codec/4.1.97.Final/384ba4d75670befbedb45c4d3b497a93639c206d/netty-codec-4.1.97.Final.jar:/home/tillman/.mcreator/gradle/caches/modules-2/files-2.1/io.netty/netty-common/4.1.97.Final/7cceacaf11df8dc63f23d0fb58e9d4640fc88404/netty-common-4.1.97.Final.jar:/home/tillman/.mcreator/gradle/caches/modules-2/files-2.1/io.netty/netty-handler/4.1.97.Final/abb86c6906bf512bf2b797a41cd7d2e8d3cd7c36/netty-handler-4.1.97.Final.jar:/home/tillman/.mcreator/gradle/caches/modules-2/files-2.1/io.netty/netty-resolver/4.1.97.Final/cec8348108dc76c47cf87c669d514be52c922144/netty-resolver-4.1.97.Final.jar:/home/tillman/.mcreator/gradle/caches/modules-2/files-2.1/io.netty/netty-transport-classes-epoll/4.1.97.Final/795da37ded759e862457a82d9d92c4d39ce8ecee/netty-transport-classes-epoll-4.1.97.Final.jar:/home/tillman/.mcreator/gradle/caches/modules-2/files-2.1/io.netty/netty-transport-native-unix-common/4.1.97.Final/d469d84265ab70095b01b40886cabdd433b6e664/netty-transport-native-unix-common-4.1.97.Final.jar:/home/tillman/.mcreator/gradle/caches/modules-2/files-2.1/io.netty/netty-transport/4.1.97.Final/f37380d23c9bb079bc702910833b2fd532c9abd0/netty-transport-4.1.97.Final.jar:/home/tillman/.mcreator/gradle/caches/modules-2/files-2.1/it.unimi.dsi/fastutil/8.5.12/c24946d46824bd528054bface3231d2ecb7e95e8/fastutil-8.5.12.jar:/home/tillman/.mcreator/gradle/caches/modules-2/files-2.1/net.java.dev.jna/jna-platform/5.14.0/28934d48aed814f11e4c584da55c49fa7032b31b/jna-platform-5.14.0.jar:/home/tillman/.mcreator/gradle/caches/modules-2/files-2.1/net.java.dev.jna/jna/5.14.0/67bf3eaea4f0718cb376a181a629e5f88fa1c9dd/jna-5.14.0.jar:/home/tillman/.mcreator/gradle/caches/modules-2/files-2.1/org.apache.commons/commons-compress/1.26.0/659feffdd12280201c8aacb8f7be94f9a883c824/commons-compress-1.26.0.jar:/home/tillman/.mcreator/gradle/caches/modules-2/files-2.1/org.apache.httpcomponents/httpclient/4.5.13/e5f6cae5ca7ecaac1ec2827a9e2d65ae2869cada/httpclient-4.5.13.jar:/home/tillman/.mcreator/gradle/caches/modules-2/files-2.1/org.apache.httpcomponents/httpcore/4.4.16/51cf043c87253c9f58b539c9f7e44c8894223850/httpcore-4.4.16.jar:/home/tillman/.mcreator/gradle/caches/modules-2/files-2.1/org.jcraft/jorbis/0.0.17/8872d22b293e8f5d7d56ff92be966e6dc28ebdc6/jorbis-0.0.17.jar:/home/tillman/.mcreator/gradle/caches/modules-2/files-2.1/org.joml/joml/1.10.5/22566d58af70ad3d72308bab63b8339906deb649/joml-1.10.5.jar:/home/tillman/.mcreator/gradle/caches/modules-2/files-2.1/org.lwjgl/lwjgl-freetype/3.3.3/a0db6c84a8becc8ca05f9dbfa985edc348a824c7/lwjgl-freetype-3.3.3.jar:/home/tillman/.mcreator/gradle/caches/modules-2/files-2.1/org.lwjgl/lwjgl-freetype/3.3.3/149070a5480900347071b7074779531f25a6e3dc/lwjgl-freetype-3.3.3-natives-linux.jar:/home/tillman/.mcreator/gradle/caches/modules-2/files-2.1/org.lwjgl/lwjgl-glfw/3.3.3/efa1eb78c5ccd840e9f329717109b5e892d72f8e/lwjgl-glfw-3.3.3.jar:/home/tillman/.mcreator/gradle/caches/modules-2/files-2.1/org.lwjgl/lwjgl-glfw/3.3.3/a03684c5e4b1b1dbbe0d29dbbdc27b985b6840f2/lwjgl-glfw-3.3.3-natives-linux.jar:/home/tillman/.mcreator/gradle/caches/modules-2/files-2.1/org.lwjgl/lwjgl-jemalloc/3.3.3/b543467b7ff3c6920539a88ee602d34098628be5/lwjgl-jemalloc-3.3.3.jar:/home/tillman/.mcreator/gradle/caches/modules-2/files-2.1/org.lwjgl/lwjgl-jemalloc/3.3.3/4f86728bf449b1dd61251c4e0ac01df1389cb51e/lwjgl-jemalloc-3.3.3-natives-linux.jar:/home/tillman/.mcreator/gradle/caches/modules-2/files-2.1/org.lwjgl/lwjgl-openal/3.3.3/daada81ceb5fc0c291fbfdd4433cb8d9423577f2/lwjgl-openal-3.3.3.jar:/home/tillman/.mcreator/gradle/caches/modules-2/files-2.1/org.lwjgl/lwjgl-openal/3.3.3/3037360cc4595079bea240af250b6d1a527e0905/lwjgl-openal-3.3.3-natives-linux.jar:/home/tillman/.mcreator/gradle/caches/modules-2/files-2.1/org.lwjgl/lwjgl-opengl/3.3.3/2f6b0147078396a58979125a4c947664e98293a/lwjgl-opengl-3.3.3.jar:/home/tillman/.mcreator/gradle/caches/modules-2/files-2.1/org.lwjgl/lwjgl-opengl/3.3.3/62c70a4b00ca5391882b0f4b787c1588d24f1c86/lwjgl-opengl-3.3.3-natives-linux.jar:/home/tillman/.mcreator/gradle/caches/modules-2/files-2.1/org.lwjgl/lwjgl-stb/3.3.3/25dd6161988d7e65f71d5065c99902402ee32746/lwjgl-stb-3.3.3.jar:/home/tillman/.mcreator/gradle/caches/modules-2/files-2.1/org.lwjgl/lwjgl-stb/3.3.3/fd1271ccd9d85eff2fa31f3fd543e02ccfaf5041/lwjgl-stb-3.3.3-natives-linux.jar:/home/tillman/.mcreator/gradle/caches/modules-2/files-2.1/org.lwjgl/lwjgl-tinyfd/3.3.3/82d755ca94b102e9ca77283b9e2dc46d1b15fbe5/lwjgl-tinyfd-3.3.3.jar:/home/tillman/.mcreator/gradle/caches/modules-2/files-2.1/org.lwjgl/lwjgl-tinyfd/3.3.3/d8d58daa0c3e5fd906fee96f5fddbcbc07cc308b/lwjgl-tinyfd-3.3.3-natives-linux.jar:/home/tillman/.mcreator/gradle/caches/modules-2/files-2.1/org.lwjgl/lwjgl/3.3.3/29589b5f87ed335a6c7e7ee6a5775f81f97ecb84/lwjgl-3.3.3.jar:/home/tillman/.mcreator/gradle/caches/modules-2/files-2.1/org.lwjgl/lwjgl/3.3.3/1713758e3660ba66e1e954396fd18126038b33c0/lwjgl-3.3.3-natives-linux.jar:/home/tillman/.mcreator/gradle/caches/modules-2/files-2.1/org.lz4/lz4-java/1.8.0/4b986a99445e49ea5fbf5d149c4b63f6ed6c6780/lz4-java-1.8.0.jar:/home/tillman/.mcreator/gradle/caches/modules-2/files-2.1/io.netty/netty-transport-native-epoll/4.1.97.Final/5514744c588190ffda076b35a9b8c9f24946a960/netty-transport-native-epoll-4.1.97.Final-linux-aarch_64.jar:/home/tillman/.mcreator/gradle/caches/modules-2/files-2.1/io.netty/netty-transport-native-epoll/4.1.97.Final/54188f271e388e7f313aea995e82f58ce2cdb809/netty-transport-native-epoll-4.1.97.Final-linux-x86_64.jar
Launcher Type: SUN_STANDARD

[Global flags]
     intx CICompilerCount                          = 12                                        {product} {ergonomic}
     uint ConcGCThreads                            = 3                                         {product} {ergonomic}
     uint G1ConcRefinementThreads                  = 13                                        {product} {ergonomic}
   size_t G1HeapRegionSize                         = 4194304                                   {product} {ergonomic}
    uintx GCDrainStackTargetSize                   = 64                                        {product} {ergonomic}
   size_t InitialHeapSize                          = 511705088                                 {product} {ergonomic}
     bool ManagementServer                         = true                                      {product} {command line}
   size_t MarkStackSize                            = 4194304                                   {product} {ergonomic}
   size_t MaxHeapSize                              = 8124366848                                {product} {ergonomic}
   size_t MaxNewSize                               = 4873781248                                {product} {ergonomic}
   size_t MinHeapDeltaBytes                        = 4194304                                   {product} {ergonomic}
   size_t MinHeapSize                              = 8388608                                   {product} {ergonomic}
    uintx NonNMethodCodeHeapSize                   = 7602480                                {pd product} {ergonomic}
    uintx NonProfiledCodeHeapSize                  = 122027880                              {pd product} {ergonomic}
    uintx ProfiledCodeHeapSize                     = 122027880                              {pd product} {ergonomic}
    uintx ReservedCodeCacheSize                    = 251658240                              {pd product} {ergonomic}
     bool SegmentedCodeCache                       = true                                      {product} {ergonomic}
   size_t SoftMaxHeapSize                          = 8124366848                             {manageable} {ergonomic}
     bool UseCompressedOops                        = true                           {product lp64_product} {ergonomic}
     bool UseG1GC                                  = true                                      {product} {ergonomic}

Logging:
Log output configuration:
 #0: stdout all=warning uptime,level,tags foldmultilines=false
 #1: stderr all=off uptime,level,tags foldmultilines=false

Release file:
IMPLEMENTOR="Eclipse Adoptium"
IMPLEMENTOR_VERSION="Temurin-21.0.12+8"
JAVA_RUNTIME_VERSION="21.0.12+8-LTS"
JAVA_VERSION="21.0.12"
JAVA_VERSION_DATE="2026-07-21"
LIBC="gnu"
MODULES="java.base java.compiler java.datatransfer java.xml java.prefs java.desktop java.instrument java.logging java.management java.security.sasl java.naming java.rmi java.management.rmi java.net.http java.scripting java.security.jgss java.transaction.xa java.sql java.sql.rowset java.xml.crypto java.se java.smartcardio jdk.accessibility jdk.internal.jvmstat jdk.attach jdk.charsets jdk.internal.opt jdk.zipfs jdk.compiler jdk.crypto.ec jdk.crypto.cryptoki jdk.dynalink jdk.internal.ed jdk.editpad jdk.hotspot.agent jdk.httpserver jdk.incubator.vector jdk.internal.le jdk.internal.vm.ci jdk.internal.vm.compiler jdk.internal.vm.compiler.management jdk.jartool jdk.javadoc jdk.jcmd jdk.management jdk.management.agent jdk.jconsole jdk.jdeps jdk.jdwp.agent jdk.jdi jdk.jfr jdk.jlink jdk.jpackage jdk.jshell jdk.jsobject jdk.jstatd jdk.localedata jdk.management.jfr jdk.naming.dns jdk.naming.rmi jdk.net jdk.nio.mapmode jdk.random jdk.sctp jdk.security.auth jdk.security.jgss jdk.unsupported jdk.unsupported.desktop jdk.xml.dom"
OS_ARCH="x86_64"
OS_NAME="Linux"
SOURCE=".:git:04806bcb1d50"
BUILD_SOURCE="git:e6ba7dec3d07654074559310376a3ae89da5f4ac"
BUILD_SOURCE_REPO="https://github.com/adoptium/temurin-build.git"
SOURCE_REPO="https://github.com/adoptium/jdk21u.git"
FULL_VERSION="21.0.12+8-LTS"
SEMANTIC_VERSION="21.0.12+8"
BUILD_INFO="OS: Linux Version: 6.8.0-1062-azure"
JVM_VARIANT="Hotspot"
JVM_VERSION="21.0.12+8-LTS"
IMAGE_TYPE="JDK"

Environment Variables:
JAVA_HOME=/home/tillman/snap/MCreator20262/jdk
PATH=/usr/local/sbin:/usr/local/bin:/usr/sbin:/usr/bin:/sbin:/bin:/usr/games:/usr/local/games:/snap/bin:/snap/bin
USERNAME=tillman
SHELL=/bin/bash
DISPLAY=:0
WAYLAND_DISPLAY=wayland-0
LANG=en_US.UTF-8
TERM=xterm-256color

Active Locale:
LC_ALL=en_US.UTF-8
LC_COLLATE=en_US.UTF-8
LC_CTYPE=en_US.UTF-8
LC_MESSAGES=en_US.UTF-8
LC_MONETARY=en_US.UTF-8
LC_NUMERIC=en_US.UTF-8
LC_TIME=en_US.UTF-8

Signal Handlers:
   SIGSEGV: crash_handler in libjvm.so, mask=11100100010111111101111111111110, flags=SA_RESTART|SA_SIGINFO, unblocked
    SIGBUS: crash_handler in libjvm.so, mask=11100100010111111101111111111110, flags=SA_RESTART|SA_SIGINFO, unblocked
    SIGFPE: crash_handler in libjvm.so, mask=11100100010111111101111111111110, flags=SA_RESTART|SA_SIGINFO, unblocked
   SIGPIPE: javaSignalHandler in libjvm.so, mask=11100100010111111101111111111110, flags=SA_RESTART|SA_SIGINFO, blocked
   SIGXFSZ: javaSignalHandler in libjvm.so, mask=11100100010111111101111111111110, flags=SA_RESTART|SA_SIGINFO, blocked
    SIGILL: crash_handler in libjvm.so, mask=11100100010111111101111111111110, flags=SA_RESTART|SA_SIGINFO, unblocked
   SIGUSR2: SR_handler in libjvm.so, mask=00000000000000000000000000000000, flags=SA_RESTART|SA_SIGINFO, blocked
    SIGHUP: UserHandler in libjvm.so, mask=11100100010111111101111111111110, flags=SA_RESTART|SA_SIGINFO, blocked
    SIGINT: UserHandler in libjvm.so, mask=11100100010111111101111111111110, flags=SA_RESTART|SA_SIGINFO, blocked
   SIGTERM: UserHandler in libjvm.so, mask=11100100010111111101111111111110, flags=SA_RESTART|SA_SIGINFO, blocked
   SIGQUIT: UserHandler in libjvm.so, mask=11100100010111111101111111111110, flags=SA_RESTART|SA_SIGINFO, blocked
   SIGTRAP: crash_handler in libjvm.so, mask=11100100010111111101111111111110, flags=SA_RESTART|SA_SIGINFO, unblocked


Periodic native trim disabled

---------------  S Y S T E M  ---------------

OS:
DISTRIB_ID=Ubuntu
DISTRIB_RELEASE=26.04
DISTRIB_CODENAME=resolute
DISTRIB_DESCRIPTION="Ubuntu 26.04 LTS"
uname: Linux 7.0.0-29-generic #29-Ubuntu SMP PREEMPT_DYNAMIC Fri Jul 17 20:52:35 UTC 2026 x86_64
OS uptime: 0 days 6:07 hours
libc: glibc 2.43 NPTL 2.43 
rlimit (soft/hard): STACK 8192k/infinity , CORE 0k/infinity , NPROC 123788/123788 , NOFILE 524288/524288 , AS infinity/infinity , CPU infinity/infinity , DATA infinity/infinity , FSIZE infinity/infinity , MEMLOCK 8192k/8192k
load average: 1.94 2.29 2.57

/proc/meminfo:
MemTotal:       31734884 kB
MemFree:         7070056 kB
MemAvailable:   16906396 kB
Buffers:           73236 kB
Cached:          9958808 kB
SwapCached:            0 kB
Active:         16536244 kB
Inactive:        5782536 kB
Active(anon):   12825716 kB
Inactive(anon):        0 kB
Active(file):    3710528 kB
Inactive(file):  5782536 kB
Unevictable:         168 kB
Mlocked:             168 kB
SwapTotal:       8388604 kB
SwapFree:        8388604 kB
Zswap:                 0 kB
Zswapped:              0 kB
Dirty:              4208 kB
Writeback:             0 kB
AnonPages:      12287164 kB
Mapped:          2586640 kB
Shmem:            539248 kB
KReclaimable:     804572 kB
Slab:             827392 kB
SReclaimable:     458056 kB
SUnreclaim:       369336 kB
KernelStack:       38080 kB
PageTables:       123428 kB
SecPageTables:      5464 kB
NFS_Unstable:          0 kB
Bounce:                0 kB
WritebackTmp:          0 kB
CommitLimit:    24256044 kB
Committed_AS:   48599700 kB
VmallocTotal:   34359738367 kB
VmallocUsed:      139700 kB
VmallocChunk:          0 kB
Percpu:            24128 kB
HardwareCorrupted:     0 kB
AnonHugePages:         0 kB
ShmemHugePages:        0 kB
ShmemPmdMapped:        0 kB
FileHugePages:    331776 kB
FilePmdMapped:      2048 kB
CmaTotal:              0 kB
CmaFree:               0 kB
Unaccepted:            0 kB
Balloon:               0 kB
HugePages_Total:       0
HugePages_Free:        0
HugePages_Rsvd:        0
HugePages_Surp:        0
Hugepagesize:       2048 kB
Hugetlb:               0 kB
DirectMap4k:     1515720 kB
DirectMap2M:    22528000 kB
DirectMap1G:     9437184 kB

/sys/kernel/mm/transparent_hugepage/enabled: always [madvise] never
/sys/kernel/mm/transparent_hugepage/hpage_pmd_size: 2097152
/sys/kernel/mm/transparent_hugepage/defrag (defrag/compaction efforts parameter): always defer defer+madvise [madvise] never

Process Memory:
Virtual Size: 14786720K (peak: 14852220K)
Resident Set Size: 840620K (peak: 840620K) (anon: 759356K, file: 79244K, shmem: 2020K)
Swapped out: 0K
C-Heap outstanding allocations: 185300K, retained: 108859K
glibc malloc tunables: (default)

/proc/sys/kernel/threads-max (system-wide limit on the number of threads): 247577
/proc/sys/vm/max_map_count (maximum number of memory map areas a process may have): 1048576
/proc/sys/vm/swappiness (control to define how aggressively the kernel swaps out anonymous memory): 60
/proc/sys/kernel/pid_max (system-wide limit on number of process identifiers): 4194304

container information not found.
Steal ticks since vm start: 0
Steal ticks percentage since vm start:  0.000

CPU: total 16 (initial active 16) (16 cores per cpu, 2 threads per core) family 23 model 113 stepping 0 microcode 0x8701034, cx8, cmov, fxsr, ht, mmx, 3dnowpref, sse, sse2, sse3, ssse3, sse4a, sse4.1, sse4.2, popcnt, lzcnt, tsc, tscinvbit, avx, avx2, aes, clmul, bmi1, bmi2, adx, sha, fma, vzeroupper, clflush, clflushopt, rdtscp, rdpid, f16c
CPU Model and flags from /proc/cpuinfo:
model name	: AMD Ryzen 7 3800X 8-Core Processor
flags		: fpu vme de pse tsc msr pae mce cx8 apic sep mtrr pge mca cmov pat pse36 clflush mmx fxsr sse sse2 ht syscall nx mmxext fxsr_opt pdpe1gb rdtscp lm constant_tsc rep_good nopl xtopology nonstop_tsc cpuid extd_apicid aperfmperf rapl pni pclmulqdq monitor ssse3 fma cx16 sse4_1 sse4_2 movbe popcnt aes xsave avx f16c rdrand lahf_lm cmp_legacy extapic cr8_legacy abm sse4a misalignsse 3dnowprefetch osvw ibs skinit wdt tce topoext perfctr_core perfctr_nb bpext perfctr_llc mwaitx cpb cat_l3 cdp_l3 hw_pstate ssbd mba ibpb stibp vmmcall fsgsbase bmi1 avx2 smep bmi2 cqm rdt_a rdseed adx smap clflushopt clwb sha_ni xsaveopt xsavec xgetbv1 cqm_llc cqm_occup_llc cqm_mbm_total cqm_mbm_local clzero irperf xsaveerptr rdpru wbnoinvd arat npt lbrv svm_lock nrip_save tsc_scale vmcb_clean flushbyasid decodeassists pausefilter pfthreshold avic v_vmsave_vmload vgif v_spec_ctrl umip rdpid overflow_recov succor smca sev sev_es

Online cpus: 0-15
Offline cpus: 
BIOS frequency limitation: 3900000
Frequency switch latency (ns): 0
Available cpu frequencies: 3900000 2800000 2200000 
Current governor: schedutil
Core performance/turbo boost: 1

Memory: 4k page, physical 31734884k(16906396k free), swap 8388604k(8388604k free)
Page Sizes: 4k

vm_info: OpenJDK 64-Bit Server VM (21.0.12+8-LTS) for linux-amd64 JRE (21.0.12+8-LTS), built on 2026-07-21T00:00:00Z by "admin" with gcc 11.3.0

END.
